timestamp_ist,open,high,low,close,volume
1995-01-05 00:00:00,157.5,157.5,157.5,157.5,400
1995-01-06 00:00:00,160,160,159.5,159.5,300
1995-01-09 00:00:00,155,155,155,155,300
1995-01-10 00:00:00,155,155,155,155,400
1995-01-11 00:00:00,151,151,151,151,100
1995-01-17 00:00:00,152,152,152,152,200
1995-01-23 00:00:00,147,147,147,147,300
1995-01-24 00:00:00,148,150.25,148,148,500
1995-01-25 00:00:00,150,154.75,150,154.75,300
1995-01-30 00:00:00,149,150,149,150,300
1995-01-31 00:00:00,149,149,145,145,1200
1995-02-01 00:00:00,150,150,150,150,1000
1995-02-02 00:00:00,146,146,146,146,200
1995-02-03 00:00:00,153,153,152,152,1300
1995-02-06 00:00:00,150,150,150,150,500
1995-02-07 00:00:00,150,151,150,150.75,500
1995-02-08 00:00:00,150,150,150,150,100
1995-02-09 00:00:00,150,150,150,150,100
1995-02-10 00:00:00,150,150,150,150,2400
1995-02-13 00:00:00,145,145,145,145,100
1995-02-14 00:00:00,146.5,152,146,148.35,900
1995-02-15 00:00:00,150,150,145.5,145.5,1000
1995-02-16 00:00:00,140,144,140,144,600
1995-02-20 00:00:00,140,140,138,140,900
1995-02-22 00:00:00,135,135,133,133,800
1995-02-23 00:00:00,136,145,136,141,2000
1995-02-28 00:00:00,147.5,157.5,147.5,156.25,1200
1995-03-01 00:00:00,150,150,148,148,700
1995-03-02 00:00:00,150,153.25,149,149.65,1100
1995-03-06 00:00:00,150,150,150,150,100
1995-03-07 00:00:00,145,147,145,145.5,1400
1995-03-09 00:00:00,145.25,145.25,145,145,200
1995-03-10 00:00:00,147.5,148,147.5,148,200
1995-03-15 00:00:00,148,148,148,148,100
1995-03-16 00:00:00,148,148,148,148,100
1995-03-17 00:00:00,148,148,148,148,100
1995-03-20 00:00:00,140.1,142,140.1,142,500
1995-03-21 00:00:00,144.9,145,140.25,142.65,500
1995-03-22 00:00:00,140,143,140,143,300
1995-03-23 00:00:00,143,146,143,146,500
1995-03-24 00:00:00,143,150,143,150,400
1995-03-27 00:00:00,144,145,144,145,300
1995-03-28 00:00:00,147,147,145,145,1700
1995-03-29 00:00:00,147.5,149,147.5,149,800
1995-03-30 00:00:00,149,150,149,150,1800
1995-03-31 00:00:00,145,147.5,145,147.5,1100
1995-04-03 00:00:00,145,145,145,145,200
1995-04-04 00:00:00,145,145,145,145,1600
1995-04-05 00:00:00,145,145.5,145,145.5,2300
1995-04-06 00:00:00,145,150,145,150,3300
1995-04-07 00:00:00,147,147,147,147,100
1995-04-10 00:00:00,146.25,146.25,145,146,400
1995-04-11 00:00:00,147.5,147.5,147,147,500
1995-04-12 00:00:00,145.25,147,145.25,146.4,1000
1995-04-17 00:00:00,145,147.5,145,147.5,300
1995-04-18 00:00:00,145,145,145,145,900
1995-04-19 00:00:00,145,145,145,145,3000
1995-04-20 00:00:00,142.5,142.5,141,141,1600
1995-04-21 00:00:00,141.5,142.5,135,137.5,2100
1995-04-24 00:00:00,137.5,140,135,135,900
1995-04-25 00:00:00,137.5,137.5,135,135,1400
1995-04-26 00:00:00,138.75,138.75,135,135,700
1995-04-27 00:00:00,130,130,125,125,400
1995-04-28 00:00:00,125,130,125,128,600
1995-05-02 00:00:00,125,125,124,125,1200
1995-05-03 00:00:00,125,125,118,123,3100
1995-05-04 00:00:00,125,127,123.05,125,12900
1995-05-05 00:00:00,128,135,127,132.75,4100
1995-05-08 00:00:00,127,132.5,127,131,1100
1995-05-09 00:00:00,130,131.5,130,130.05,2800
1995-05-10 00:00:00,135.25,136.25,135,135,600
1995-05-12 00:00:00,132,132,130,130,1200
1995-05-15 00:00:00,125,134.25,125,134.25,1400
1995-05-16 00:00:00,132,132,127.5,128,1300
1995-05-17 00:00:00,130,130,130,130,500
1995-05-18 00:00:00,131,132.5,127.5,127.5,3300
1995-05-19 00:00:00,130,130.95,128,129.35,400
1995-05-22 00:00:00,127.95,129.35,127.95,129.35,1100
1995-05-23 00:00:00,128,129,128,129,600
1995-05-24 00:00:00,128,130,127.5,130,1700
1995-05-25 00:00:00,130,130,127.25,127.25,400
1995-05-26 00:00:00,130,130,129.5,130,700
1995-05-29 00:00:00,125,128,125,127.5,500
1995-05-30 00:00:00,129.75,130,129,129,300
1995-05-31 00:00:00,130,130,129,129,400
1995-06-01 00:00:00,129.5,131,129.05,131,4200
1995-06-02 00:00:00,134,140.05,134,135,900
1995-06-05 00:00:00,133,138,133,135.05,1900
1995-06-06 00:00:00,137,137,135.5,135.5,600
1995-06-07 00:00:00,133,140,133,140,500
1995-06-08 00:00:00,139,139,138,138,3500
1995-06-09 00:00:00,135,137.75,134,137.75,500
1995-06-12 00:00:00,137.5,138.75,137.5,138.75,2000
1995-06-13 00:00:00,138,140,137.25,140,900
1995-06-14 00:00:00,141,141,138.1,138.1,500
1995-06-15 00:00:00,135,139.4,135,138.95,1200
1995-06-16 00:00:00,138.1,140.5,137.5,140.5,1400
1995-06-19 00:00:00,137,139,137,138,1200
1995-06-20 00:00:00,140,140.5,138,140.4,45900
1995-06-21 00:00:00,141.5,143,139.1,142,1700
1995-06-22 00:00:00,140.25,142,140,141.6,11200
1995-06-23 00:00:00,139,141,138,140,4100
1995-06-26 00:00:00,136,137,135,135,400
1995-06-28 00:00:00,125,128,125,128,300
1995-06-29 00:00:00,128,130.3,126,130.3,2000
1995-06-30 00:00:00,128,128,128,128,300
1995-07-03 00:00:00,126,128,125,128,1400
1995-07-04 00:00:00,128,128,125,125,1100
1995-07-05 00:00:00,125,125,125,125,400
1995-07-06 00:00:00,122,125,122,125,800
1995-07-07 00:00:00,126,129,125,128.2,2000
1995-07-10 00:00:00,126,128,126,128,200
1995-07-11 00:00:00,127.5,130,127.5,130,500
1995-07-12 00:00:00,130,132,130,132,500
1995-07-13 00:00:00,135.05,138,135.05,138,600
1995-07-14 00:00:00,138,138,137.8,138,1000
1995-07-17 00:00:00,139,150,139,141,1500
1995-07-18 00:00:00,142,145.5,142,145.5,11500
1995-07-19 00:00:00,142.5,145,142,143,700
1995-07-20 00:00:00,146,151,146,148,6000
1995-07-21 00:00:00,150,153,147,147,2700
1995-07-24 00:00:00,150,152,149,150.9,6500
1995-07-25 00:00:00,160,160,150,156,1200
1995-07-26 00:00:00,162,170,162,166,2500
1995-07-27 00:00:00,167,167,156.25,158.95,300
1995-07-28 00:00:00,150.5,157,150.5,152.9,4200
1995-07-31 00:00:00,155,164,149,158.1,3600
1995-08-01 00:00:00,157,160,157,160,700
1995-08-02 00:00:00,156,159,155.5,158,1000
1995-08-03 00:00:00,156,156.5,156,156.5,1000
1995-08-04 00:00:00,156,156,152.05,154,500
1995-08-07 00:00:00,154.05,156,154,154,900
1995-08-08 00:00:00,155,155,153,153,1000
1995-08-09 00:00:00,152.5,154,152.5,153.05,400
1995-08-11 00:00:00,151.85,152.95,151.8,151.8,1200
1995-08-14 00:00:00,151,152.9,150.55,150.8,1900
1995-08-16 00:00:00,150.95,152.5,150.95,152.5,500
1995-08-17 00:00:00,147,148,146,146,1400
1995-08-21 00:00:00,147,147,145.25,145.5,300
1995-08-22 00:00:00,147,148,146.1,146.1,2100
1995-08-23 00:00:00,151,151,151,151,600
1995-08-24 00:00:00,145.5,148,145.5,147,600
1995-08-25 00:00:00,140,143.5,140,140,400
1995-08-28 00:00:00,133,133,133,133,100
1995-08-30 00:00:00,134,138,134,138,700
1995-08-31 00:00:00,140,140,140,140,100
1995-09-01 00:00:00,136.5,137.75,136.5,137,1000
1995-09-04 00:00:00,131,131.5,130.5,130.5,500
1995-09-05 00:00:00,131,134,131,134,800
1995-09-07 00:00:00,134.95,135,133,133.25,400
1995-09-08 00:00:00,135.05,135.05,135.05,135.05,200
1995-09-11 00:00:00,137.25,140,137.25,139,6200
1995-09-12 00:00:00,138.75,142,138.75,140.25,700
1995-09-13 00:00:00,140,140,134,134.05,7100
1995-09-14 00:00:00,134,136.5,134,136.5,200
1995-09-15 00:00:00,138,139,135,135,600
1995-09-18 00:00:00,136,136,134,135,1000
1995-09-19 00:00:00,135.1,144.95,135.1,140.9,1500
1995-09-20 00:00:00,137,139,137,139,500
1995-09-21 00:00:00,136,137.5,136,137.5,500
1995-09-22 00:00:00,139,140,138,140,700
1995-09-25 00:00:00,135,140,135,139,1800
1995-09-26 00:00:00,140,142,139.1,140.4,2200
1995-09-27 00:00:00,142.05,144.3,142.05,144.3,1100
1995-09-28 00:00:00,136,141,132,141,900
1995-09-29 00:00:00,140,141,139.05,139.95,500
1995-10-04 00:00:00,139,141,139,140.5,400
1995-10-05 00:00:00,144.75,145,143.1,144.85,1600
1995-10-06 00:00:00,150,150,146,147,800
1995-10-09 00:00:00,147,147,146,146,500
1995-10-10 00:00:00,141.05,146.5,141.05,146,1300
1995-10-11 00:00:00,143,145,142,142.5,500
1995-10-12 00:00:00,141,142.25,141,141.7,900
1995-10-13 00:00:00,141.7,144.5,141.7,144.5,500
1995-10-16 00:00:00,144.5,145,140.3,140.3,900
1995-10-17 00:00:00,140.3,141.5,139.25,139.25,900
1995-10-18 00:00:00,139.25,142.25,139,142.25,1100
1995-10-19 00:00:00,142.25,142.25,138,138.95,1900
1995-10-20 00:00:00,137.75,139,137,137,1500
1995-10-23 00:00:00,137,137,136,136.35,300
1995-10-24 00:00:00,139,139.05,139,139,800
1995-10-26 00:00:00,137,137,135.5,135.5,300
1995-10-27 00:00:00,135.5,135.5,132.5,133,700
1995-10-30 00:00:00,135,135,133.75,133.9,500
1995-10-31 00:00:00,135,136,135,136,500
1995-11-01 00:00:00,136,137,134,136,900
1995-11-02 00:00:00,136,139,135,135.05,1100
1995-11-03 00:00:00,135.05,141,135.05,141,1200
1995-11-06 00:00:00,141,141,137.5,137.5,1900
1995-11-07 00:00:00,140,140,137.7,140,1900
1995-11-08 00:00:00,139,141,139,141,2400
1995-11-09 00:00:00,141,141,137,137.55,1400
1995-11-10 00:00:00,135.25,135.5,131,131.9,5600
1995-11-13 00:00:00,131.1,131.1,123,123,2600
1995-11-14 00:00:00,123,123,118.1,120.05,3000
1995-11-15 00:00:00,120,126,120,125.5,1800
1995-11-16 00:00:00,125.5,127,125,126.5,700
1995-11-17 00:00:00,126.5,126.5,120.05,120.05,600
1995-11-20 00:00:00,123,124,122.95,124,1000
1995-11-21 00:00:00,122,123,120,120,5800
1995-11-22 00:00:00,110,110,108,108.05,7500
1995-11-23 00:00:00,108.05,108.05,98,103,15700
1995-11-24 00:00:00,103,106.5,101,106.25,5900
1995-11-27 00:00:00,106.25,107,105,106,2200
1995-11-28 00:00:00,106,111.95,105,110.35,3600
1995-11-29 00:00:00,110.35,110.35,104.05,107,1900
1995-11-30 00:00:00,106.5,108,105.25,108,1700
1995-12-01 00:00:00,108,110,107.5,109.05,1000
1995-12-04 00:00:00,109,112.75,109,112.75,2500
1995-12-05 00:00:00,112.75,125.15,112,125.15,3500
1995-12-06 00:00:00,125.15,127,118.3,119.15,5800
1995-12-07 00:00:00,119.15,121,118.2,120.05,6200
1995-12-08 00:00:00,121,122.95,119,119,1800
1995-12-11 00:00:00,119,119,116,116.3,2300
1995-12-12 00:00:00,116.3,119,115,116,21800
1995-12-13 00:00:00,116,120,116,118.5,1300
1995-12-14 00:00:00,118,119.75,118,119.5,1400
1995-12-15 00:00:00,118,118,117,117.5,900
1995-12-18 00:00:00,117.5,118,117,118,1000
1995-12-19 00:00:00,118,118.55,117,118.55,1400
1995-12-20 00:00:00,117,117,116.1,116.1,1100
1995-12-21 00:00:00,116.5,117.75,116.5,117.75,1900
1995-12-22 00:00:00,118,118,116.5,117,2000
1995-12-26 00:00:00,115.55,118.25,115.55,118.25,1600
1995-12-27 00:00:00,118.25,120,116.6,119.05,2500
1995-12-28 00:00:00,118,118,117.05,117.2,700
1995-12-29 00:00:00,116,116,115.25,115.25,1400
1996-01-01 00:00:00,116,116,115,115,200
1996-01-02 00:00:00,116,117,114,115.05,1200
1996-01-03 00:00:00,115.05,115.05,113,114,1100
1996-01-04 00:00:00,113,113,111,112.15,2300
1996-01-05 00:00:00,110,111,109,109.1,1000
1996-01-08 00:00:00,109.1,109.1,108,108,1200
1996-01-09 00:00:00,105,108,105,107.95,2300
1996-01-10 00:00:00,107.95,109,106,109,500
1996-01-11 00:00:00,108,110,108,110,700
1996-01-12 00:00:00,110,116.5,110,113,2700
1996-01-15 00:00:00,109,109,108.05,108.55,500
1996-01-16 00:00:00,108.55,115,108.55,114.2,1700
1996-01-17 00:00:00,114.2,114.2,109.3,109.3,300
1996-01-18 00:00:00,107.5,110,106.55,110,2400
1996-01-19 00:00:00,106.5,108.45,106,108.3,2300
1996-01-22 00:00:00,108.3,110,107,110,15100
1996-01-23 00:00:00,110,110,101,101.75,1600
1996-01-24 00:00:00,101.75,106.45,101.75,106.45,900
1996-01-25 00:00:00,106.45,106.45,100,100,1700
1996-01-29 00:00:00,100,102.5,100,102.5,2600
1996-01-30 00:00:00,102.5,104.95,102.5,104.5,2900
1996-01-31 00:00:00,105,108,104,106.55,2200
1996-02-01 00:00:00,105,110,105,109,1500
1996-02-02 00:00:00,115,115.5,113.05,115,2200
1996-02-05 00:00:00,115,118.95,114.05,114.15,1300
1996-02-06 00:00:00,114.5,117,112,114.5,2300
1996-02-07 00:00:00,114.5,114.5,108,110.2,2400
1996-02-08 00:00:00,113,113.5,110.55,110.9,2200
1996-02-09 00:00:00,115,122.5,115,122.5,6900
1996-02-12 00:00:00,122.5,131,122,128.1,10200
1996-02-13 00:00:00,126.05,128.95,125.05,126,7500
1996-02-14 00:00:00,126,133.85,126,133.35,6300
1996-02-15 00:00:00,133.35,133.35,127.55,132.6,129100
1996-02-16 00:00:00,132.6,132.6,125.25,131.55,277900
1996-02-19 00:00:00,131.55,131.55,125.05,125.1,2000
1996-02-20 00:00:00,125.1,125.75,124.1,125,7100
1996-02-22 00:00:00,125,126,124.5,124.5,1300
1996-02-23 00:00:00,124.1,124.1,122,122,1000
1996-02-26 00:00:00,124,125,122.1,124.25,2400
1996-02-27 00:00:00,124.25,124.25,120,122,1600
1996-02-28 00:00:00,122,123,120,120,700
1996-02-29 00:00:00,120,120,118.5,120,1400
1996-03-01 00:00:00,120,120.9,117.5,120.05,2300
1996-03-04 00:00:00,120.05,120.05,117.55,117.6,1600
1996-03-06 00:00:00,118,118,115.05,116.5,1900
1996-03-07 00:00:00,116.5,116.5,113,115,1300
1996-03-08 00:00:00,115,117.4,109.9,117.1,3800
1996-03-11 00:00:00,117.1,117.1,113.35,116,2900
1996-03-12 00:00:00,116,116,113,113.2,2700
1996-03-13 00:00:00,113.2,117,113.2,116.2,2300
1996-03-14 00:00:00,116.2,118.75,115.5,117.9,800
1996-03-15 00:00:00,117.9,119,117,117,3000
1996-03-18 00:00:00,112,115,112,115,3300
1996-03-19 00:00:00,115,116,114,114.8,2500
1996-03-21 00:00:00,114.8,118,114.8,117,1900
1996-03-22 00:00:00,117,117,114.2,114.2,1600
1996-03-25 00:00:00,114,114.5,114,114.5,200
1996-03-26 00:00:00,111.05,112.5,111,111.1,2400
1996-03-27 00:00:00,111.1,115,111,112.05,2400
1996-03-28 00:00:00,112.05,115,112,113.8,1700
1996-03-29 00:00:00,113.8,119,113.8,116.65,4100
1996-04-01 00:00:00,118.95,118.95,114.9,114.9,900
1996-04-02 00:00:00,115,115,113,113.85,900
1996-04-03 00:00:00,113.85,115.5,113.85,115.5,800
1996-04-04 00:00:00,115.5,116,115.2,115.2,1100
1996-04-08 00:00:00,115.2,115.9,113.25,114.05,2900
1996-04-09 00:00:00,115.05,116,115,115.25,2000
1996-04-10 00:00:00,116.8,116.95,115.25,116.5,1900
1996-04-11 00:00:00,115,116.45,115,115.15,1400
1996-04-12 00:00:00,115.15,116.5,114.35,115,31800
1996-04-15 00:00:00,115,115.15,113.25,114,4200
1996-04-16 00:00:00,114,116.5,114,115.75,15600
1996-04-17 00:00:00,116.75,118.75,116.25,118.3,1400
1996-04-18 00:00:00,122,123.9,118.75,119.35,4200
1996-04-19 00:00:00,119.35,122.45,119.35,122,11000
1996-04-22 00:00:00,122,125.5,121.75,122.1,15500
1996-04-23 00:00:00,122.1,124,120.05,123.25,5600
1996-04-24 00:00:00,125,127.5,123.5,125.25,5600
1996-04-25 00:00:00,125.25,126.5,123.25,123.35,3700
1996-04-26 00:00:00,123.35,124,119.05,120.95,900
1996-04-29 00:00:00,120.95,121.7,118.55,120,1300
1996-04-30 00:00:00,120,120,117,117.6,1500
1996-05-01 00:00:00,120,120,117.2,117.25,1600
1996-05-02 00:00:00,117,117.25,115.25,116.3,1800
1996-05-03 00:00:00,116.3,118,115.25,117.2,2200
1996-05-06 00:00:00,117.2,117.2,114.5,115,2500
1996-05-07 00:00:00,115,115.85,112.5,113.3,2100
1996-05-08 00:00:00,114,115,113.8,115,1200
1996-05-09 00:00:00,115,115,113,113.5,700
1996-05-10 00:00:00,113.5,113.5,109.5,110,900
1996-05-13 00:00:00,110,111.5,108.05,108.2,2400
1996-05-14 00:00:00,108.2,109.5,108,109.35,2600
1996-05-15 00:00:00,109.35,111.7,109.35,110.05,900
1996-05-16 00:00:00,110.05,115,110.05,113.25,1800
1996-05-17 00:00:00,111.5,112.5,111.5,112,2000
1996-05-20 00:00:00,112,112,108.6,108.6,1200
1996-05-21 00:00:00,107,107,103.9,105,3400
1996-05-22 00:00:00,105,105,102.05,104.05,1500
1996-05-23 00:00:00,104.05,105.25,104.05,104.05,600
1996-05-24 00:00:00,104.05,105.4,104,104.75,1300
1996-05-27 00:00:00,104.75,105,96,102.5,1200
1996-05-28 00:00:00,102.5,102.5,98.5,100.55,1600
1996-05-29 00:00:00,100.55,107,100.55,105.7,3300
1996-05-30 00:00:00,105.7,106.5,102.55,103.7,1800
1996-05-31 00:00:00,103.7,106.75,103.7,105.1,1700
1996-06-03 00:00:00,105.1,110,102,106.05,124600
1996-06-04 00:00:00,106.05,108.9,106.05,108.05,3900
1996-06-05 00:00:00,105.3,106.4,105,105.65,2100
1996-06-06 00:00:00,108.95,110,108,110,3400
1996-06-07 00:00:00,108.1,109.5,108.05,109.5,1400
1996-06-10 00:00:00,107.5,111,107.25,110.9,5300
1996-06-11 00:00:00,107.6,111,107.6,109.85,4600
1996-06-12 00:00:00,108.5,114,108.5,112.55,3800
1996-06-13 00:00:00,115,115.5,110.55,115,6100
1996-06-14 00:00:00,115.5,126,115.5,124.15,15900
1996-06-17 00:00:00,126,132,122,122.75,17600
1996-06-18 00:00:00,125,125,119.35,120.05,33100
1996-06-19 00:00:00,130.05,132.7,130.05,132.7,14600
1996-06-20 00:00:00,133.95,133.95,125.5,129.45,26500
1996-06-21 00:00:00,130,130,127.5,128.05,9000
1996-06-24 00:00:00,127,127,124,124.85,11800
1996-06-25 00:00:00,125.75,127,124.35,126,10700
1996-06-26 00:00:00,115,127,115,126.8,21700
1996-06-27 00:00:00,124,131,124,130.15,45900
1996-06-28 00:00:00,129,130.65,128.35,129.7,19600
1996-07-01 00:00:00,127.1,130.25,127.1,130,28000
1996-07-02 00:00:00,129.35,132,128.7,130.35,24000
1996-07-03 00:00:00,128.05,130,128.05,129.5,17700
1996-07-04 00:00:00,128,132,127.1,131.35,34700
1996-07-05 00:00:00,129.4,132,129.4,131.7,21300
1996-07-08 00:00:00,130.15,133.5,130.15,133.4,12500
1996-07-09 00:00:00,132.05,135.95,131.8,135.15,34000
1996-07-10 00:00:00,132.05,134.35,132.05,133.9,16100
1996-07-11 00:00:00,135.5,137,135,136.7,19300
1996-07-12 00:00:00,133.45,138.4,133.45,137.7,12500
1996-07-15 00:00:00,136,137.2,135.55,136.95,9900
1996-07-16 00:00:00,137.5,138.8,134,138.05,28000
1996-07-17 00:00:00,136.35,138.05,136.3,137.75,12600
1996-07-18 00:00:00,138,143.75,138,141.45,23400
1996-07-19 00:00:00,144,156.3,144,156.3,52200
1996-07-22 00:00:00,160,172.75,158.5,161.85,60900
1996-07-23 00:00:00,160.1,166,158.3,161.4,21600
1996-07-24 00:00:00,159,172.5,156,166.2,133600
1996-07-25 00:00:00,153,153,149,149,1100
1996-07-26 00:00:00,139.1,139.5,135,135.9,12500
1996-07-27 00:00:00,132,132.25,125,132,29700
1996-07-29 00:00:00,138,138,131.05,132,3400
1996-07-30 00:00:00,127,136,126.2,133.9,7600
1996-07-31 00:00:00,129.5,139.5,128.5,138.55,17000
1996-08-01 00:00:00,144,153,142,147.65,16400
1996-08-02 00:00:00,147.45,147.5,139.05,140.6,18900
1996-08-05 00:00:00,144.25,144.25,136,136.5,5900
1996-08-06 00:00:00,138,139.35,134.25,136.3,8000
1996-08-07 00:00:00,136,138.8,135,136,2300
1996-08-08 00:00:00,139.75,140,135,135.6,2200
1996-08-09 00:00:00,135.9,136.5,135.4,135.8,700
1996-08-12 00:00:00,135,135,131.5,131.7,2400
1996-08-13 00:00:00,119,129.5,119,125,3100
1996-08-14 00:00:00,125,126.95,125,125.75,1600
1996-08-16 00:00:00,125.05,125.5,121.05,122.3,1700
1996-08-19 00:00:00,118.75,118.75,114,114,1600
1996-08-20 00:00:00,115,117.75,114,116.7,4500
1996-08-21 00:00:00,119.95,119.95,116,117,2100
1996-08-22 00:00:00,117.5,120.75,117,118.75,5800
1996-08-23 00:00:00,120,120,117.05,117.55,22500
1996-08-26 00:00:00,118,118.5,117.25,117.25,1400
1996-08-27 00:00:00,116.5,116.75,114,114.7,3800
1996-08-28 00:00:00,118,118.25,116.55,118.05,1300
1996-08-29 00:00:00,118.5,121,118,119.95,5200
1996-08-30 00:00:00,121.5,122,120.5,120.85,2900
1996-09-02 00:00:00,119.05,121.75,119,120.55,3300
1996-09-03 00:00:00,120,121,114.25,115.15,4000
1996-09-04 00:00:00,117,122.5,117,121,7400
1996-09-05 00:00:00,122,122.55,121.05,122.55,2300
1996-09-06 00:00:00,121.35,121.35,120,120,1500
1996-09-09 00:00:00,120.25,120.25,118,119.5,2800
1996-09-10 00:00:00,118,120.75,118,119.3,6000
1996-09-11 00:00:00,118.1,118.7,118.1,118.35,2100
1996-09-12 00:00:00,116,120,116,119.35,3300
1996-09-13 00:00:00,118.1,120,118.1,119.8,1900
1996-09-16 00:00:00,116,118,116,116,3800
1996-09-17 00:00:00,116,116.3,114,116.2,1900
1996-09-18 00:00:00,114.5,117.5,114.5,117.5,2000
1996-09-19 00:00:00,117,119.25,116.25,117.65,2400
1996-09-20 00:00:00,117,117.5,117,117.3,2800
1996-09-23 00:00:00,115.3,116.5,113,116.35,3700
1996-09-24 00:00:00,116,119.9,116,116.25,2900
1996-09-25 00:00:00,117,117,115.1,115.1,1000
1996-09-26 00:00:00,114,114,110,110.15,800
1996-09-27 00:00:00,106.25,107,102.5,102.5,1200
1996-09-30 00:00:00,100,102.95,98.25,102.95,4600
1996-10-01 00:00:00,102,104.5,102,103.6,2800
1996-10-03 00:00:00,104,104,102,102,1700
1996-10-04 00:00:00,100.25,102,100,100.15,4100
1996-10-07 00:00:00,99,99.75,93.5,96.5,2100
1996-10-08 00:00:00,94.5,103.25,93,102.5,8800
1996-10-09 00:00:00,101,101,99.5,99.55,700
1996-10-10 00:00:00,100,105.25,100,105,3900
1996-10-11 00:00:00,106,106.5,104.05,105.25,2600
1996-10-14 00:00:00,101.5,105,101.5,102.9,5500
1996-10-15 00:00:00,101,107.5,101,107.05,4000
1996-10-16 00:00:00,110,110,106.05,107,2500
1996-10-17 00:00:00,106,107,105.1,105.65,1200
1996-10-18 00:00:00,106.85,106.85,104,106.4,1200
1996-10-22 00:00:00,104.75,113.75,104.75,109.95,2500
1996-10-23 00:00:00,115,115.5,113,115.25,2000
1996-10-24 00:00:00,116,116,110,110,2600
1996-10-25 00:00:00,107,113,106.6,106.6,1900
1996-10-28 00:00:00,110.9,111,107.35,108.5,2200
1996-10-29 00:00:00,107,109.5,103.05,105.05,2600
1996-10-31 00:00:00,103.05,105,102.5,104.85,4800
1996-11-01 00:00:00,105,105.45,104.25,104.25,1600
1996-11-04 00:00:00,104,104,101,103.75,1400
1996-11-05 00:00:00,105.5,105.5,102.05,103.25,2100
1996-11-06 00:00:00,101,103,101,103,700
1996-11-07 00:00:00,103,103.9,103,103.85,800
1996-11-08 00:00:00,104,105.85,103.75,104.1,1500
1996-11-10 00:00:00,105,107,104,107,1100
1996-11-11 00:00:00,104.75,105.95,102.15,105.2,1000
1996-11-13 00:00:00,106,106,102.5,105,900
1996-11-14 00:00:00,106,106,104.5,105.55,1400
1996-11-15 00:00:00,104.55,107.95,104.5,107,4700
1996-11-18 00:00:00,104,104,100,103.2,5100
1996-11-19 00:00:00,98,101.35,96,96,4900
1996-11-20 00:00:00,91,91,89.3,89.3,800
1996-11-21 00:00:00,85,85,83.05,83.05,1100
1996-11-22 00:00:00,82.5,83,78.5,80.05,6500
1996-11-25 00:00:00,78,79.5,77,78.9,1400
1996-11-26 00:00:00,79,79,77,77,2600
1996-11-27 00:00:00,73.65,74,73.5,73.5,600
1996-11-28 00:00:00,73.5,73.5,72.1,72.9,1100
1996-11-29 00:00:00,73.5,74,73.1,73.75,1100
1996-12-02 00:00:00,74,75,73.5,74.2,2000
1996-12-03 00:00:00,71.8,73,71,72.35,1700
1996-12-04 00:00:00,70,70.95,68.55,69.95,2100
1996-12-05 00:00:00,71,73.95,71,72.8,1200
1996-12-06 00:00:00,73,74,72.6,73.4,1700
1996-12-09 00:00:00,75,75,73.5,74.25,1100
1996-12-10 00:00:00,74.25,77.95,73.55,75.25,2400
1996-12-11 00:00:00,75,80.45,75,80.45,3400
1996-12-12 00:00:00,79.75,79.75,77,77.75,2200
1996-12-13 00:00:00,77.4,77.4,77.25,77.25,300
1996-12-16 00:00:00,79.75,79.75,78,79.65,1200
1996-12-17 00:00:00,78.5,85,78.5,83,31300
1996-12-18 00:00:00,84.9,85,82.6,83.25,2100
1996-12-19 00:00:00,78.5,83.95,78.5,83.95,1300
1996-12-20 00:00:00,81.35,87,81.35,86.7,2500
1996-12-23 00:00:00,84.5,85.9,84.25,85.9,600
1996-12-24 00:00:00,84,84,81.1,82,1300
1996-12-26 00:00:00,77,87.5,77,84.5,9300
1996-12-31 00:00:00,82.6,90.1,82.6,88.85,12300
1997-01-01 00:00:00,90,92.5,89.5,92.5,2100
1997-01-02 00:00:00,92.5,95.1,92,93.2,5200
1997-01-03 00:00:00,94.6,94.6,90.05,90.3,2100
1997-01-06 00:00:00,92.9,92.95,90,91.25,600
1997-01-07 00:00:00,90,90,86.1,86.85,2500
1997-01-08 00:00:00,89.95,90.7,89,90.7,1600
1997-01-09 00:00:00,90.95,93,87.3,88.45,7300
1997-01-10 00:00:00,91.4,91.5,88.4,90,5300
1997-01-13 00:00:00,90,91,88.05,88.05,700
1997-01-14 00:00:00,88.5,90.75,88,90.2,5000
1997-01-15 00:00:00,91.25,92.95,90,90.4,12700
1997-01-16 00:00:00,91.25,91.35,85,87.05,7300
1997-01-17 00:00:00,85.5,85.5,81,81.95,5400
1997-01-20 00:00:00,81,82.45,77,77,4100
1997-01-21 00:00:00,75.5,77.25,72.75,73.8,4200
1997-01-22 00:00:00,76.95,77,75,76.15,3000
1997-01-24 00:00:00,76,76.65,73.25,73.6,24000
1997-01-27 00:00:00,74,74.7,73.25,73.8,7300
1997-01-28 00:00:00,74,74.5,73,73.75,12500
1997-01-29 00:00:00,75,77.85,75,75.45,5100
1997-01-30 00:00:00,75,75.4,74,74.75,1400
1997-01-31 00:00:00,74,74.05,72.75,72.75,1700
1997-02-03 00:00:00,71.55,72,71,71.75,4800
1997-02-04 00:00:00,71,74.75,71,71.4,3500
1997-02-05 00:00:00,71.8,73.9,71.8,73.6,1900
1997-02-06 00:00:00,73.7,73.7,72,72.5,7200
1997-02-07 00:00:00,74.5,74.5,71,71,29300
1997-02-10 00:00:00,72.55,72.55,71.25,72,1100
1997-02-11 00:00:00,71.75,72.9,71.75,71.8,2700
1997-02-12 00:00:00,72,73.5,72,73,1300
1997-02-13 00:00:00,72.05,72.25,71.4,71.55,1500
1997-02-14 00:00:00,71.75,72,71.55,72,500
1997-02-17 00:00:00,72.5,72.75,71,71,2400
1997-02-18 00:00:00,71,71.5,68,69.4,3200
1997-02-19 00:00:00,69.5,71.75,69.5,71.75,2200
1997-02-20 00:00:00,70.55,72,70.55,71.15,1300
1997-02-21 00:00:00,70.6,71,70.4,70.6,10200
1997-02-24 00:00:00,70.15,70.5,69.5,70.05,12500
1997-02-25 00:00:00,69.95,70.5,69.5,70.05,14700
1997-02-26 00:00:00,70.2,70.2,69.3,69.95,21900
1997-02-27 00:00:00,70.05,70.1,69,69,2000
1997-02-28 00:00:00,70,70.25,69,69.4,3200
1997-03-01 00:00:00,73.25,74.25,73,74.15,7700
1997-03-02 00:00:00,76.5,79,72,75.05,18000
1997-03-03 00:00:00,77.5,80.3,73,76.85,33800
1997-03-04 00:00:00,77,77.05,71.5,71.9,12400
1997-03-05 00:00:00,76,76,70.3,70.95,42700
1997-03-06 00:00:00,70.95,70.95,66.5,67.45,19300
1997-03-10 00:00:00,66.1,66.1,64.25,64.9,10100
1997-03-11 00:00:00,67,67,60.5,60.7,11400
1997-03-12 00:00:00,64.75,64.9,60,60.4,23200
1997-03-13 00:00:00,62.5,62.5,59.6,60,29900
1997-03-14 00:00:00,60.7,62.5,59.6,60.05,17600
1997-03-17 00:00:00,61.35,61.4,58.5,59.05,18000
1997-03-18 00:00:00,59,59.7,57.4,58.4,15800
1997-03-19 00:00:00,60.5,60.5,58.5,59.1,7300
1997-03-20 00:00:00,59,60.45,58.3,60.1,6000
1997-03-21 00:00:00,60.55,64.35,60.55,64.35,11100
1997-03-25 00:00:00,65.65,66.25,61,62.2,17200
1997-03-26 00:00:00,62.75,63.9,62.15,62.75,6400
1997-03-27 00:00:00,62.25,64.35,62,63.85,8400
1997-03-31 00:00:00,60,63.1,59.4,60.3,18000
1997-04-01 00:00:00,60.3,63.2,59.5,62.95,11000
1997-04-02 00:00:00,66,66.9,62.5,62.85,18600
1997-04-03 00:00:00,63.5,63.5,62.05,63.15,8700
1997-04-04 00:00:00,62.8,62.85,61.75,62.4,29400
1997-04-07 00:00:00,61,61,59.4,60.4,10100
1997-04-09 00:00:00,63,63,62,62,3800
1997-04-10 00:00:00,61.75,62.5,60,60.95,3100
1997-04-11 00:00:00,60,61.55,60,61.5,4400
1997-04-12 00:00:00,61,61,60,60.85,1700
1997-04-15 00:00:00,61.8,62.75,61.5,62.3,5800
1997-04-17 00:00:00,62,63.25,62,62.4,8100
1997-04-21 00:00:00,63.5,64,62.2,62.8,5400
1997-04-22 00:00:00,63.15,63.15,62,62.65,5100
1997-04-23 00:00:00,63.5,63.5,62,62.55,8300
1997-04-24 00:00:00,63,63,61.75,62.3,4200
1997-04-25 00:00:00,61.05,62.5,61.05,62.35,4200
1997-04-28 00:00:00,61.9,62,61.05,61.7,7200
1997-04-29 00:00:00,60.15,60.3,59.5,59.5,3800
1997-04-30 00:00:00,61.75,61.95,61.1,61.5,2700
1997-05-02 00:00:00,61,61.5,60,61.5,3100
1997-05-05 00:00:00,60,60.5,58.75,59.8,4800
1997-05-06 00:00:00,60.5,61.85,60.5,61.6,4800
1997-05-07 00:00:00,60.25,63,60.25,62,5100
1997-05-08 00:00:00,61.3,62.7,61.25,62.6,5300
1997-05-09 00:00:00,61.5,65,61.5,62.85,9200
1997-05-12 00:00:00,63.9,65.5,62.55,63.35,26300
1997-05-13 00:00:00,63.5,65.8,63.5,65.15,18400
1997-05-14 00:00:00,68.85,69.75,68.2,69.35,51800
1997-05-15 00:00:00,73,73,68.2,68.85,19100
1997-05-16 00:00:00,68,68.25,67.05,67.9,7700
1997-05-19 00:00:00,68.9,69,65.15,65.75,7900
1997-05-20 00:00:00,65,65,61.25,62.45,15000
1997-05-21 00:00:00,65.85,65.85,62.25,64.35,2500
1997-05-22 00:00:00,64,64,62.3,63,2300
1997-05-23 00:00:00,63.05,65,63.05,64.3,4300
1997-05-26 00:00:00,64,64,63,63.75,3100
1997-05-27 00:00:00,63,63,61.5,62.4,5500
1997-05-28 00:00:00,63,63.15,62.55,62.75,2500
1997-05-29 00:00:00,65.7,65.7,62.05,63.45,1400
1997-05-30 00:00:00,63.6,64,63.35,63.95,3800
1997-06-02 00:00:00,65.5,65.5,63,63.35,1900
1997-06-03 00:00:00,63.6,64.5,59.1,59.95,6700
1997-06-04 00:00:00,60.9,62,60.5,61.5,4800
1997-06-05 00:00:00,62.8,65.85,60.15,65.85,16900
1997-06-06 00:00:00,65,69.4,65,69.15,30000
1997-06-09 00:00:00,68.25,68.25,65,66,8600
1997-06-10 00:00:00,66.7,67,65,65.7,11700
1997-06-11 00:00:00,66,67.25,66,66.7,2700
1997-06-12 00:00:00,67,67,65.7,66.25,5100
1997-06-13 00:00:00,66.95,68.2,66,67.35,4600
1997-06-16 00:00:00,65.05,66.65,65.05,66,2600
1997-06-17 00:00:00,65.25,67.85,65.2,67.55,5800
1997-06-18 00:00:00,66.5,68.2,66.25,66.95,7400
1997-06-19 00:00:00,67,67,66.05,66.55,2800
1997-06-20 00:00:00,65.55,67,65.55,66.6,3200
1997-06-23 00:00:00,66.75,67,65.6,66,4200
1997-06-24 00:00:00,64,65.5,61.6,62.25,19900
1997-06-25 00:00:00,62.7,63.5,61.9,62.35,7700
1997-06-26 00:00:00,61.5,66.55,61.5,63.9,5000
1997-06-27 00:00:00,63.9,65,62.6,63.35,5100
1997-06-30 00:00:00,63.5,63.5,62.75,62.95,9000
1997-07-01 00:00:00,63.7,64.5,62.25,62.9,8900
1997-07-02 00:00:00,63,64.85,62.6,64.05,16900
1997-07-03 00:00:00,64,64.15,62.6,62.8,10800
1997-07-04 00:00:00,62.6,63.5,62.55,63.5,4200
1997-07-07 00:00:00,62.9,64,62.9,63.05,6100
1997-07-08 00:00:00,63.45,63.45,62.05,63,15000
1997-07-09 00:00:00,63,67.4,63,67.1,10700
1997-07-10 00:00:00,71.4,71.4,68,68.95,19000
1997-07-11 00:00:00,68.55,70.9,67.1,68.05,10200
1997-07-14 00:00:00,69,70.05,68,69.85,16600
1997-07-15 00:00:00,68.75,71,67.5,70.45,16900
1997-07-16 00:00:00,72,74.9,71.6,72,12700
1997-07-17 00:00:00,72.05,73.2,70,71.95,38100
1997-07-21 00:00:00,69.5,72.5,67.8,70.3,20400
1997-07-22 00:00:00,71.8,73.9,70.3,72.75,32200
1997-07-23 00:00:00,77,77.85,76.2,77.85,20700
1997-07-24 00:00:00,81,81,75.8,76.6,17600
1997-07-25 00:00:00,75.25,75.75,74.55,74.9,9100
1997-07-28 00:00:00,74,75.5,74,75.1,4800
1997-07-29 00:00:00,76.8,80.25,74.5,80.25,49000
1997-07-30 00:00:00,80,82.5,78.6,79.2,27600
1997-07-31 00:00:00,79.9,79.9,78.1,79.4,12300
1997-08-01 00:00:00,80,85,79.35,84.9,111200
1997-08-04 00:00:00,85.25,85.95,83.1,84.15,19800
1997-08-05 00:00:00,85,85,83.15,83.95,13400
1997-08-06 00:00:00,84.6,86,83.5,84.95,21200
1997-08-07 00:00:00,82.6,83.4,80.5,81.5,15000
1997-08-08 00:00:00,80.2,80.8,80,80.15,10300
1997-08-11 00:00:00,79.75,80,78.7,79.8,8000
1997-08-12 00:00:00,80,81.5,79.1,80.85,21500
1997-08-13 00:00:00,79.65,80,79.25,79.45,8100
1997-08-14 00:00:00,79.25,79.5,79,79.15,10200
1997-08-18 00:00:00,79.05,79.7,76.5,78,9700
1997-08-19 00:00:00,78.5,78.5,75,75.85,38000
1997-08-20 00:00:00,75.55,76,73,75.95,3600
1997-08-21 00:00:00,74.55,75,74.55,75,2400
1997-08-22 00:00:00,73.75,75,73.75,74.65,6700
1997-08-25 00:00:00,74.05,74.5,73,73.5,2100
1997-08-26 00:00:00,74,75.5,73.3,75.35,6000
1997-08-27 00:00:00,75.85,76.2,74.3,75.85,3000
1997-08-28 00:00:00,77.25,77.25,74.5,76,4500
1997-08-29 00:00:00,74.5,76.5,73.6,76.25,7800
1997-09-01 00:00:00,74.1,77.25,74,77.25,5700
1997-09-02 00:00:00,77,78,76.5,77.75,3900
1997-09-03 00:00:00,78,82,77.5,79.25,29300
1997-09-04 00:00:00,80,80,78.4,78.5,1300
1997-09-05 00:00:00,78.35,79.8,78.05,79.25,1200
1997-09-08 00:00:00,79,81,78,79,3700
1997-09-09 00:00:00,81.75,81.75,79.5,80.25,7300
1997-09-10 00:00:00,79.55,80.5,79.55,80.4,53300
1997-09-11 00:00:00,80.45,80.45,79.25,79.85,5800
1997-09-12 00:00:00,78.6,80.7,78.6,80,18600
1997-09-15 00:00:00,78.5,80.25,78.5,80,5100
1997-09-16 00:00:00,79.75,80.8,79.55,80.7,7700
1997-09-17 00:00:00,79.5,80.8,79.5,80.55,2100
1997-09-18 00:00:00,79.9,80,78,78.15,5000
1997-09-19 00:00:00,78,78.25,77.5,77.85,5900
1997-09-22 00:00:00,78.15,78.15,74.9,75.25,4400
1997-09-23 00:00:00,75,75,72.55,73.25,8800
1997-09-24 00:00:00,75.1,77.5,75.1,75.5,1600
1997-09-25 00:00:00,72.5,76,72.5,74.5,4700
1997-09-26 00:00:00,73.8,75.75,73.8,75,2200
1997-09-29 00:00:00,76.95,76.95,74.55,75.25,3900
1997-09-30 00:00:00,74,77.5,74,76.55,6600
1997-10-01 00:00:00,77.1,77.1,75.3,75.4,2100
1997-10-09 00:00:00,75.5,77,75.5,76.75,5400
1997-10-10 00:00:00,76.5,76.5,75.1,76.25,3400
1997-10-13 00:00:00,76.5,78.5,76.5,78,4600
1997-10-14 00:00:00,77.3,77.5,76.25,77.25,3000
1997-10-15 00:00:00,76.5,76.5,75.5,75.75,1800
1997-10-16 00:00:00,75.7,77,75.7,77,2400
1997-10-17 00:00:00,77.1,78,77,77.8,2500
1997-10-20 00:00:00,77.55,78,77,77.25,2700
1997-10-21 00:00:00,75.15,77,75.15,75.5,3600
1997-10-22 00:00:00,75,76,74.75,75.35,1900
1997-10-23 00:00:00,75,78,75,76.05,4600
1997-10-24 00:00:00,74.05,76.5,74.05,76.5,2500
1997-10-27 00:00:00,76,76,74.55,76,9500
1997-10-28 00:00:00,75,75,70,70.5,6700
1997-10-29 00:00:00,72.05,75.45,72.05,74.3,800
1997-10-30 00:00:00,74.3,75.95,73.1,75.95,1800
1997-11-03 00:00:00,74.05,75.2,74.05,74.4,3800
1997-11-04 00:00:00,74.15,76,74,74.15,3800
1997-11-05 00:00:00,74.05,75,74,74.25,20800
1997-11-06 00:00:00,74.5,75.25,73.1,73.1,11400
1997-11-07 00:00:00,72.5,74.25,72.5,73.8,13200
1997-11-10 00:00:00,74.5,74.5,73.25,74,2300
1997-11-11 00:00:00,73.55,75.5,73.55,74.65,5300
1997-11-12 00:00:00,74.1,74.3,73.25,73.75,6300
1997-11-13 00:00:00,72.05,73.5,72.05,73,3700
1997-11-17 00:00:00,70.95,70.95,69.2,69.5,4700
1997-11-18 00:00:00,69.5,70.2,69.5,69.95,2000
1997-11-19 00:00:00,69,69.5,68.25,68.8,1500
1997-11-20 00:00:00,69,69,68.55,69,500
1997-11-21 00:00:00,70,70,69.55,69.6,1200
1997-11-24 00:00:00,69.1,71,69,69.1,1600
1997-11-25 00:00:00,68.5,69.45,68,68.5,800
1997-11-26 00:00:00,69.5,69.95,69,69.55,1300
1997-11-27 00:00:00,70,70,70,70,1100
1997-11-28 00:00:00,69.15,69.15,69.15,69.15,100
1997-12-01 00:00:00,69.5,70,67.85,67.85,700
1997-12-02 00:00:00,70,70.15,67.85,69.5,3400
1997-12-03 00:00:00,70,70,69.6,69.6,300
1997-12-04 00:00:00,70,70,68.55,68.55,500
1997-12-05 00:00:00,69,70.25,69,70,1400
1997-12-08 00:00:00,69.75,70,69.3,69.3,800
1997-12-09 00:00:00,69.95,70,65.75,66.65,5800
1997-12-10 00:00:00,69,69.1,68,69,1500
1997-12-11 00:00:00,68,68,66.15,67.35,3900
1997-12-12 00:00:00,67,67,65.8,66.05,3100
1997-12-15 00:00:00,62,65,62,64.5,1500
1997-12-16 00:00:00,64.5,64.5,62.35,63.5,1400
1997-12-17 00:00:00,64.1,64.2,63.5,64.2,1200
1997-12-18 00:00:00,63.65,64.95,63.65,64.1,700
1997-12-19 00:00:00,63.1,64.1,62.3,63.3,1400
1997-12-22 00:00:00,60.75,64.4,60.75,64.1,6200
1997-12-23 00:00:00,63.95,64.9,63.95,64.9,3100
1997-12-24 00:00:00,63,63,63,63,6300
1997-12-26 00:00:00,64.5,64.5,63,64,8200
1997-12-29 00:00:00,63.5,65.9,63,63.9,8600
1997-12-30 00:00:00,64,64,62.55,63.25,3100
1997-12-31 00:00:00,65.8,66.5,64,65.2,1400
1998-01-01 00:00:00,66,67.9,66,67.9,1800
1998-01-02 00:00:00,69.25,71.2,67.7,68.05,8800
1998-01-05 00:00:00,68,68.9,67.75,67.95,1400
1998-01-06 00:00:00,66.95,68.4,66.95,68.15,3600
1998-01-07 00:00:00,70,70,69.05,69.2,1300
1998-01-08 00:00:00,68.5,68.5,66.7,66.7,1200
1998-01-09 00:00:00,65,65,64.1,65,3800
1998-01-12 00:00:00,63.5,63.5,62,62.75,500
1998-01-13 00:00:00,63.5,64,62.25,62.25,2500
1998-01-14 00:00:00,63,64,62.75,63,1500
1998-01-16 00:00:00,64.5,65.25,64.5,65.05,1000
1998-01-19 00:00:00,64.5,65,64.35,64.35,3700
1998-01-20 00:00:00,65,65.75,64.3,64.5,1500
1998-01-21 00:00:00,64.25,65.7,64.25,64.4,700
1998-01-22 00:00:00,65,65,65,65,200
1998-01-23 00:00:00,65,65,64.5,64.5,800
1998-01-27 00:00:00,62.6,62.6,61.05,61.9,1300
1998-01-28 00:00:00,62,63.5,62,63.5,1200
1998-01-29 00:00:00,62.5,62.5,62.5,62.5,100
1998-01-30 00:00:00,62,62,61,61,800
1998-02-02 00:00:00,60.5,60.5,59,59.35,600
1998-02-03 00:00:00,58.5,58.5,57.1,58.2,1300
1998-02-04 00:00:00,58.25,58.95,58.25,58.75,800
1998-02-05 00:00:00,58.25,59,58.1,59,700
1998-02-06 00:00:00,58.55,59,57.5,57.5,1000
1998-02-09 00:00:00,57.8,58.95,57.75,57.85,2100
1998-02-10 00:00:00,57.5,58.5,57,57.85,2300
1998-02-11 00:00:00,55.25,55.25,54,55,1500
1998-02-12 00:00:00,53.2,53.5,49.65,50.9,3600
1998-02-13 00:00:00,52,52.55,50,51.5,101000
1998-02-17 00:00:00,54,54,52,52.75,2600
1998-02-18 00:00:00,52.25,53,52.25,53,1100
1998-02-19 00:00:00,52.7,54,52.5,52.5,500
1998-02-20 00:00:00,53,53.9,51.5,51.85,2900
1998-02-23 00:00:00,50.05,50.4,47.8,48.55,2800
1998-02-24 00:00:00,47.5,49,43.7,43.7,10100
1998-02-25 00:00:00,41.5,43,39.35,39.35,83300
1998-02-26 00:00:00,39.9,42,39.9,40,44600
1998-02-27 00:00:00,40.85,44,40.7,44,56600
1998-03-02 00:00:00,41.1,48.4,41.1,48.4,59700
1998-03-03 00:00:00,49,49.1,44.1,45.25,33300
1998-03-04 00:00:00,47.55,49.8,47.2,49.8,13900
1998-03-05 00:00:00,50.95,53.5,49.25,49.55,32400
1998-03-06 00:00:00,50,50,46.55,48.65,29600
1998-03-09 00:00:00,44.75,53,44,52.75,36300
1998-03-10 00:00:00,51.5,52,49.4,50.25,19200
1998-03-11 00:00:00,53.5,53.85,49,49.8,26500
1998-03-12 00:00:00,48.5,50.4,48.45,49.65,9700
1998-03-16 00:00:00,51.5,51.5,50.4,50.5,10200
1998-03-17 00:00:00,50.3,50.5,49,49.55,15100
1998-03-18 00:00:00,51.5,52.4,50.7,52.25,16100
1998-03-19 00:00:00,52.5,53,50.35,51.65,16000
1998-03-20 00:00:00,51.4,51.6,50.75,51.2,4500
1998-03-23 00:00:00,50.1,50.9,50.1,50.5,400
1998-03-24 00:00:00,53,53,50.25,50.55,22700
1998-03-25 00:00:00,52.5,55.65,52.5,55.65,22200
1998-03-26 00:00:00,57.05,61.2,57,57.15,51200
1998-03-27 00:00:00,54.25,59.4,54.25,59.05,19600
1998-03-30 00:00:00,59.5,60.7,58,58.05,29000
1998-03-31 00:00:00,58.15,58.15,55.25,55.85,32400
1998-04-01 00:00:00,56.75,60.4,56.75,59.9,12600
1998-04-02 00:00:00,61.95,61.95,58,59,6900
1998-04-03 00:00:00,60.9,60.9,58,58.2,5100
1998-04-06 00:00:00,57.5,59.2,57.5,58.75,14700
1998-04-07 00:00:00,58,61.9,57.5,61.25,19400
1998-04-09 00:00:00,68.15,74,68.15,74,23200
1998-04-10 00:00:00,73,75,69,73,29400
1998-04-13 00:00:00,69,73.5,68.9,69.55,31700
1998-04-15 00:00:00,74.95,76.25,73.5,73.95,32400
1998-04-16 00:00:00,74.5,75.75,69.15,69.85,16800
1998-04-17 00:00:00,68,68.8,66.25,68.6,14600
1998-04-20 00:00:00,63,68,62.15,66.4,11500
1998-04-21 00:00:00,67.9,68,66.55,67.05,20400
1998-04-22 00:00:00,71,71,67.75,67.75,15400
1998-04-23 00:00:00,67.5,67.5,62,62.3,10300
1998-04-24 00:00:00,63,63,56.45,58.25,13100
1998-04-27 00:00:00,60.5,61,58.5,59.6,10600
1998-04-28 00:00:00,60.25,60.25,57.2,59.25,7300
1998-04-29 00:00:00,61,61.45,58.25,58.25,25200
1998-04-30 00:00:00,57.1,57.9,55,57.5,8300
1998-05-04 00:00:00,55,60,55,59.85,6600
1998-05-05 00:00:00,59.5,62,58.5,61.2,7500
1998-05-06 00:00:00,64,65,60.05,60.05,4200
1998-05-08 00:00:00,59.45,59.5,59,59,2900
1998-05-11 00:00:00,59.75,60.25,59.15,60.25,2700
1998-05-12 00:00:00,57,59.75,55.1,58.35,7200
1998-05-13 00:00:00,55.05,58,55,55.6,13300
1998-05-14 00:00:00,57,57.45,54,57.45,13200
1998-05-15 00:00:00,58.4,58.9,56.8,58.2,3100
1998-05-18 00:00:00,59.9,59.9,57.75,58,3200
1998-05-19 00:00:00,58.7,60,58.15,58.85,11000
1998-05-20 00:00:00,61.5,64,60,63,8800
1998-05-21 00:00:00,63.5,63.5,61.5,61.85,14100
1998-05-22 00:00:00,61.85,62.5,61.05,61.25,3400
1998-05-25 00:00:00,60.25,62.45,60.25,61,2200
1998-05-26 00:00:00,60.3,60.55,58.3,58.55,5900
1998-05-27 00:00:00,60,60,57.85,59.45,1900
1998-05-28 00:00:00,59.15,59.15,57.7,57.7,400
1998-05-29 00:00:00,56,57.95,54,57.95,1200
1998-06-01 00:00:00,60,60,55,56.3,10000
1998-06-02 00:00:00,55,55.95,52.65,52.75,3200
1998-06-03 00:00:00,54,55,53,55,2200
1998-06-04 00:00:00,55.4,55.4,53.9,53.9,2600
1998-06-05 00:00:00,50,53.4,48.75,48.75,5900
1998-06-08 00:00:00,51,52,45.15,46.5,6700
1998-06-09 00:00:00,46.5,48.95,45,48.1,5600
1998-06-10 00:00:00,50.7,50.7,43.5,45.45,12900
1998-06-11 00:00:00,43.25,44.5,42,42.8,8300
1998-06-12 00:00:00,43.75,44.5,42.65,43,14700
1998-06-15 00:00:00,42.5,43.4,42,42.25,5100
1998-06-16 00:00:00,38.3,42.9,38.3,41.7,10400
1998-06-17 00:00:00,43.9,43.9,40.75,41.2,41000
1998-06-18 00:00:00,41,43,41,41.5,21600
1998-06-19 00:00:00,41.9,42.4,39.8,41.8,9300
1998-06-22 00:00:00,40,41,40,40.6,8900
1998-06-23 00:00:00,38.6,40.5,38.5,38.65,12000
1998-06-24 00:00:00,41.95,42.4,40.55,42.4,2000
1998-06-25 00:00:00,42.4,45,42.4,42.9,11300
1998-06-26 00:00:00,41,41.75,40,40.15,10800
1998-06-29 00:00:00,39.05,41,39.05,41,4600
1998-06-30 00:00:00,40.9,41.5,40.05,40.45,3700
1998-07-01 00:00:00,38.05,40.4,38.05,40,6300
1998-07-02 00:00:00,39.4,40,39,39,4600
1998-07-03 00:00:00,39,39.5,37.5,38,5700
1998-07-06 00:00:00,40.2,40.25,37.6,37.95,4000
1998-07-07 00:00:00,38.75,41,37.05,39.4,4900
1998-07-08 00:00:00,40,40.4,39.25,39.25,6100
1998-07-09 00:00:00,41,42.4,41,42.4,8300
1998-07-10 00:00:00,44,44,42,43.45,11900
1998-07-13 00:00:00,44,46.9,44,45.45,22300
1998-07-14 00:00:00,45.4,46.5,44.15,44.9,16300
1998-07-15 00:00:00,47.9,48.5,44.5,44.9,66900
1998-07-16 00:00:00,44.55,46,44.05,44.15,19000
1998-07-17 00:00:00,45,45.5,44,44.2,11600
1998-07-20 00:00:00,42.5,42.75,42.25,42.45,4800
1998-07-21 00:00:00,42.1,44,42.1,42.5,11800
1998-07-22 00:00:00,43,43,40.55,40.8,13300
1998-07-23 00:00:00,39.5,39.9,38.7,39.05,6600
1998-07-24 00:00:00,38.6,39.5,38.6,38.9,10400
1998-07-27 00:00:00,39.9,39.9,38.15,38.75,4600
1998-07-28 00:00:00,38.05,39.75,37.75,38.4,14600
1998-07-29 00:00:00,39.5,39.5,38.75,39.05,2700
1998-07-30 00:00:00,39.25,39.75,39,39.35,4100
1998-07-31 00:00:00,39.5,39.5,39,39.1,2300
1998-08-03 00:00:00,38.5,38.5,37.5,38.15,4100
1998-08-04 00:00:00,38.9,39,37.65,38.8,6900
1998-08-05 00:00:00,38.8,38.9,38.3,38.5,1800
1998-08-06 00:00:00,38.5,39,38.5,38.7,2500
1998-08-07 00:00:00,38.5,38.5,37.85,38.05,4000
1998-08-10 00:00:00,38,38,37,37.4,5700
1998-08-11 00:00:00,37.5,38,37,37.1,7300
1998-08-12 00:00:00,36.6,37.4,35,35.45,18600
1998-08-13 00:00:00,35.1,36.75,34.75,36.4,21100
1998-08-14 00:00:00,36.3,36.6,36,36.1,9000
1998-08-17 00:00:00,36.15,36.15,35,35.1,13100
1998-08-18 00:00:00,34.6,34.6,32.3,32.35,28800
1998-08-19 00:00:00,33.8,34.4,33.5,33.7,6400
1998-08-20 00:00:00,35,36,34.2,35.95,4700
1998-08-21 00:00:00,35.5,36.05,35,36,5800
1998-08-24 00:00:00,36,37.4,35.5,37.4,2400
1998-08-25 00:00:00,37.75,38.2,37.2,37.95,3300
1998-08-27 00:00:00,38,39.5,37.9,39.5,9200
1998-08-28 00:00:00,39.25,39.4,39,39.25,6300
1998-08-31 00:00:00,37.05,39.5,37.05,39.2,6500
1998-09-01 00:00:00,39,39.25,38.4,38.8,8100
1998-09-02 00:00:00,39,39.5,38,38.95,4600
1998-09-03 00:00:00,39.2,39.2,38.2,38.2,1800
1998-09-04 00:00:00,37.5,38.3,37.5,37.9,2500
1998-09-07 00:00:00,38.95,40.95,38.5,40.55,6000
1998-09-08 00:00:00,41,42.5,39.8,40.25,6600
1998-09-09 00:00:00,40,42.5,40,41.4,7400
1998-09-10 00:00:00,41.4,41.8,40.75,40.8,3900
1998-09-11 00:00:00,39,40.6,39,40.05,4600
1998-09-14 00:00:00,40.4,42.5,40.1,42.35,5100
1998-09-15 00:00:00,42.95,45.75,42.5,45.75,16500
1998-09-16 00:00:00,48.75,49.45,47.55,47.9,36100
1998-09-17 00:00:00,47,48.4,45.15,45.2,10700
1998-09-18 00:00:00,44,48.65,44,48.25,17000
1998-09-21 00:00:00,49,49,46.05,46.25,5400
1998-09-22 00:00:00,47.2,48,46,47.1,21800
1998-09-23 00:00:00,47.8,48.7,46.7,47.75,15700
1998-09-24 00:00:00,48.2,51.6,47.4,51.6,16900
1998-09-25 00:00:00,51.1,54,51,53.85,15800
1998-09-28 00:00:00,54.75,57.8,54.5,57.3,28900
1998-09-29 00:00:00,61.9,61.9,57.5,58.15,26000
1998-09-30 00:00:00,58,60,54,55.9,25900
1998-10-05 00:00:00,52,53.75,51.45,51.45,7500
1998-10-06 00:00:00,53.75,53.75,49,50.65,20100
1998-10-07 00:00:00,54.25,54.7,53.15,54.7,39700
1998-10-08 00:00:00,55.05,59,53,53.95,13500
1998-10-09 00:00:00,55.95,55.95,53.25,54.15,11200
1998-10-12 00:00:00,55.95,55.95,52.1,54,13400
1998-10-13 00:00:00,54,54.5,50.1,50.55,17900
1998-10-14 00:00:00,54.5,54.5,50.9,52,14300
1998-10-15 00:00:00,52.95,52.95,50.5,50.95,6600
1998-10-16 00:00:00,50.25,50.9,49.5,49.9,3000
1998-10-19 00:00:00,50,50.6,49.1,50.15,2200
1998-10-20 00:00:00,50.5,50.5,46.15,47.1,11300
1998-10-22 00:00:00,50,50,46.6,47.95,5200
1998-10-23 00:00:00,50.95,50.95,48.7,49.05,2900
1998-10-26 00:00:00,49.95,52.95,49.95,51.85,15000
1998-10-27 00:00:00,51.05,51.7,50.5,51.05,8900
1998-10-28 00:00:00,53.8,53.8,51,51.15,7900
1998-10-29 00:00:00,52.6,52.6,51,51.3,6400
1998-10-30 00:00:00,51,53,51,51.9,9300
1998-10-31 00:00:00,52.5,52.5,52.5,52.5,100
1998-11-02 00:00:00,51.4,51.4,50.5,50.5,4400
1998-11-03 00:00:00,51.9,51.9,49,49.95,9000
1998-11-05 00:00:00,51,51,48.3,49,2100
1998-11-06 00:00:00,49.8,52.5,49.3,49.55,4400
1998-11-09 00:00:00,50.25,51.4,50.2,50.8,6200
1998-11-10 00:00:00,51.25,52.5,50.7,52.35,8500
1998-11-11 00:00:00,52.15,54.5,52.05,52.85,11800
1998-11-12 00:00:00,52,52.25,50.6,51.4,3400
1998-11-13 00:00:00,52,52.8,52,52.4,3200
1998-11-16 00:00:00,50,52.1,49.55,51.3,2900
1998-11-17 00:00:00,52,52,50.8,51.25,9800
1998-11-18 00:00:00,51.55,52.2,51.55,52.2,2700
1998-11-19 00:00:00,52.75,52.75,51.8,52.25,5300
1998-11-20 00:00:00,52,52.45,51.8,51.8,10900
1998-11-21 00:00:00,51.25,52,50.75,52,1800
1998-11-23 00:00:00,51.8,52,51,51.8,6400
1998-11-24 00:00:00,51.5,54.45,50.3,50.3,31100
1998-11-26 00:00:00,49.85,49.85,46,46.05,8200
1998-11-27 00:00:00,46.5,46.5,45,45.75,4500
1998-11-28 00:00:00,45.05,46.25,44.7,45,3500
1998-11-30 00:00:00,44.05,45,44,44.95,1400
1998-12-01 00:00:00,44,48.3,44,46.75,5700
1998-12-02 00:00:00,47.55,50,47.2,49.95,9100
1998-12-03 00:00:00,50,52.15,48.2,48.85,8000
1998-12-04 00:00:00,48.65,52.25,48.55,52.2,54800
1998-12-07 00:00:00,52.8,53.9,51.3,53,46100
1998-12-08 00:00:00,52.8,54.95,52.6,53.85,16300
1998-12-09 00:00:00,56.85,56.85,53.15,53.4,7300
1998-12-10 00:00:00,55,55,53,54.6,10300
1998-12-11 00:00:00,55,59,55,59,27300
1998-12-14 00:00:00,60.95,63.65,60,61.1,68100
1998-12-15 00:00:00,60.25,61.9,59.2,60.6,28600
1998-12-16 00:00:00,61.5,65.45,60.1,65.45,47100
1998-12-17 00:00:00,63.5,70.7,62,65.7,100100
1998-12-18 00:00:00,65.3,71,65.3,71,90400
1998-12-21 00:00:00,73,76.7,72.15,76.7,102200
1998-12-22 00:00:00,79,80.9,75,78,102900
1998-12-23 00:00:00,81.7,84,79,79.95,160500
1998-12-24 00:00:00,79,85.25,77.55,85.2,152400
1998-12-28 00:00:00,87.9,92.05,87,92.05,132000
1998-12-29 00:00:00,93,99.45,91.05,98,160100
1998-12-30 00:00:00,103,105.5,102.05,103.6,216400
1998-12-31 00:00:00,104.85,104.85,95.35,95.35,78200
1999-01-01 00:00:00,95.35,95.35,87.75,87.75,56000
1999-01-04 00:00:00,86.3,94.8,85.3,94.8,65900
1999-01-05 00:00:00,96.5,96.85,87.25,89.2,127100
1999-01-06 00:00:00,91.2,95,88.15,88.8,91100
1999-01-07 00:00:00,88.1,93,87.5,87.8,38100
1999-01-08 00:00:00,88.5,88.6,83,87.5,35100
1999-01-11 00:00:00,88.2,89.4,85.05,85.5,43100
1999-01-12 00:00:00,83.25,92.3,83.25,88,85100
1999-01-13 00:00:00,90.75,95.05,90.7,95.05,99500
1999-01-14 00:00:00,94.25,101.9,92.25,101.9,247900
1999-01-15 00:00:00,104.9,104.9,93.75,93.75,63300
1999-01-18 00:00:00,93,93,86.25,86.25,37900
1999-01-19 00:00:00,84.05,86.5,80.35,84,100800
1999-01-21 00:00:00,87,88.45,81.65,84.25,44300
1999-01-22 00:00:00,85,86,79.5,81,21000
1999-01-25 00:00:00,78.1,87.5,78.1,87.4,71000
1999-01-27 00:00:00,89.7,94.4,85.15,86,70700
1999-01-28 00:00:00,86,86.5,81,81.55,25800
1999-01-29 00:00:00,81,83.2,79,80,31800
1999-02-01 00:00:00,76.5,79,75,75,17900
1999-02-02 00:00:00,72.5,81,72.5,81,64200
1999-02-03 00:00:00,84.75,86,82.15,84.5,80300
1999-02-04 00:00:00,85.9,85.9,78.15,79.8,40300
1999-02-05 00:00:00,76,78.95,76,76.5,25900
1999-02-08 00:00:00,77.9,77.9,73.55,74.5,20700
1999-02-09 00:00:00,73.85,75,69,73,53400
1999-02-10 00:00:00,74.45,78.85,73.15,78.85,42100
1999-02-11 00:00:00,81.95,84.25,81.05,83.5,48300
1999-02-12 00:00:00,82.6,84.25,81.55,83,20500
1999-02-15 00:00:00,84,84.5,81,81,26800
1999-02-16 00:00:00,78.3,87.5,78.3,87.5,65600
1999-02-17 00:00:00,89.5,94.5,87,91.4,157600
1999-02-18 00:00:00,92.6,92.95,84.15,86.5,69400
1999-02-19 00:00:00,85,88,80.1,81,29100
1999-02-22 00:00:00,80.6,82.5,75,77.35,34500
1999-02-23 00:00:00,75.1,78,74.05,76.15,43200
1999-02-24 00:00:00,76.9,81,75.25,80.3,20100
1999-02-25 00:00:00,79.6,82,79,79.75,18200
1999-02-26 00:00:00,80.4,80.4,75.25,77.5,13000
1999-02-27 00:00:00,78,82.75,77,82,22500
1999-03-01 00:00:00,83,83,77.4,80.4,41900
1999-03-03 00:00:00,85,85,79.3,81.55,25400
1999-03-04 00:00:00,81.2,81.2,77.35,78.15,29500
1999-03-05 00:00:00,77.2,80,77.2,78.05,50700
1999-03-08 00:00:00,78.25,79,77,78.15,31000
1999-03-09 00:00:00,78,82,77.25,80.6,35400
1999-03-10 00:00:00,82.9,87,79,87,45700
1999-03-11 00:00:00,86.9,91.9,80.1,80.1,30100
1999-03-12 00:00:00,81,81,77.5,79.65,16300
1999-03-15 00:00:00,78.1,83.5,78.1,83,24300
1999-03-16 00:00:00,81.8,87,80.1,86.75,40200
1999-03-17 00:00:00,84.05,88.5,82.15,86.75,49500
1999-03-18 00:00:00,86.4,88,85,87.9,24900
1999-03-19 00:00:00,89.8,89.8,84.35,84.85,17600
1999-03-22 00:00:00,85.55,91.7,85.1,90.8,37500
1999-03-23 00:00:00,90.25,93,86,87.15,62900
1999-03-24 00:00:00,90.45,90.45,82.5,83.3,25500
1999-03-25 00:00:00,80.1,85,80.1,84.1,7200
1999-03-26 00:00:00,83.25,83.5,77.4,79.8,18200
1999-03-30 00:00:00,78.5,78.9,74.75,77.1,24500
1999-03-31 00:00:00,78.9,83,78.65,79,20000
1999-04-01 00:00:00,80,80,78,78.35,14000
1999-04-05 00:00:00,76,77.25,72.1,72.1,15000
1999-04-06 00:00:00,68,77.8,68,77.65,19100
1999-04-07 00:00:00,75.5,82.9,72.8,73.8,70400
1999-04-08 00:00:00,75,75,72.5,72.5,8000
1999-04-09 00:00:00,70.8,71.75,67,67.25,10700
1999-04-12 00:00:00,62.05,67,62.05,67,7700
1999-04-13 00:00:00,63.55,65.5,62.5,64.95,15600
1999-04-15 00:00:00,60,63.65,60,60.2,14100
1999-04-16 00:00:00,60.85,65.05,60.05,65.05,17400
1999-04-17 00:00:00,69.5,70,59.85,59.85,27400
1999-04-19 00:00:00,60,64.2,59.1,64.15,10000
1999-04-20 00:00:00,65,67,64,67,14400
1999-04-21 00:00:00,67,67,64,64,9000
1999-04-22 00:00:00,65.5,65.5,64,64.7,17600
1999-04-23 00:00:00,65.5,65.5,64,64.95,7000
1999-04-26 00:00:00,61,65,61,64,17400
1999-04-28 00:00:00,62.5,64.1,62.5,64,23000
1999-04-29 00:00:00,64.7,65.5,64,64,52100
1999-04-30 00:00:00,64.9,64.9,64.05,64.4,10000
1999-05-03 00:00:00,65,65.5,64.5,65.05,40600
1999-05-04 00:00:00,64.15,67,64.15,67,8700
1999-05-05 00:00:00,68,68.5,65.5,67.5,307500
1999-05-06 00:00:00,69.2,72.9,67.3,72.9,26000
1999-05-07 00:00:00,74,76.85,73,75.75,52200
1999-05-10 00:00:00,77.75,81.85,77.5,81.55,127800
1999-05-11 00:00:00,82.7,83,77,77.35,122500
1999-05-12 00:00:00,80.9,81.9,72.05,74.45,46300
1999-05-13 00:00:00,75.9,77.6,74,77.4,31300
1999-05-14 00:00:00,78.5,78.75,76.5,77.5,31800
1999-05-17 00:00:00,78,79.9,77,77.6,39800
1999-05-18 00:00:00,77.6,78.25,77.2,78.15,35500
1999-05-19 00:00:00,77.4,82.25,77.4,81.85,41100
1999-05-20 00:00:00,83.8,83.8,77.6,78.75,42200
1999-05-21 00:00:00,77,78.5,76.3,77.65,35700
1999-05-24 00:00:00,76.25,78,75.35,77.5,24700
1999-05-25 00:00:00,75.55,78.95,75.55,78.3,27400
1999-05-26 00:00:00,79.55,80.5,76.35,77.5,20200
1999-05-27 00:00:00,75.55,77.75,75.15,75.15,9400
1999-05-28 00:00:00,71,73.4,71,73.35,51000
1999-05-31 00:00:00,74.5,77,74.5,77,4200
1999-06-01 00:00:00,79.95,80.2,76,80.1,30800
1999-06-02 00:00:00,80.75,81,78.3,80.2,11300
1999-06-03 00:00:00,80,82,79.1,81.35,14500
1999-06-04 00:00:00,83.2,83.5,81,82.6,17300
1999-06-07 00:00:00,81.05,87,79.4,84.05,38400
1999-06-08 00:00:00,82,84.25,82,82.65,25700
1999-06-09 00:00:00,84.5,84.8,82.1,83.85,10000
1999-06-10 00:00:00,84.05,84.7,81.05,82.15,4200
1999-06-11 00:00:00,81.15,81.2,78.55,79.95,5600
1999-06-14 00:00:00,78.1,78.95,77,77.8,9200
1999-06-15 00:00:00,77.1,80,77,79.2,37600
1999-06-16 00:00:00,78.5,80.6,78.05,80.15,10800
1999-06-17 00:00:00,79.9,82.5,79.9,81.4,7400
1999-06-18 00:00:00,84,84,80.9,81.9,10800
1999-06-21 00:00:00,80.25,84,80,83.6,10700
1999-06-22 00:00:00,83.25,84.5,82.1,84.15,12500
1999-06-23 00:00:00,82,85,81.5,83.5,13500
1999-06-24 00:00:00,83,84.5,83,84.05,8400
1999-06-25 00:00:00,83,84.25,83,83.8,26500
1999-06-28 00:00:00,83.75,88,83.75,86.15,19300
1999-06-29 00:00:00,87.5,89,86.55,88.05,20000
1999-06-30 00:00:00,89,89,85.1,87.75,13100
1999-07-01 00:00:00,86,87.9,82,83.2,4700
1999-07-02 00:00:00,83.4,84.4,83.05,83.5,6800
1999-07-05 00:00:00,84,87.5,82.75,85.85,18800
1999-07-06 00:00:00,86.5,87.4,85,85.95,13800
1999-07-07 00:00:00,85.5,92.85,85.5,92.15,60300
1999-07-08 00:00:00,94.5,95.55,91,93.75,45400
1999-07-09 00:00:00,94.9,100.75,92.1,99,52900
1999-07-12 00:00:00,100,104.5,99,101.4,46700
1999-07-13 00:00:00,102.8,102.9,95,95.5,40200
1999-07-14 00:00:00,97,97,92.1,94.45,20300
1999-07-15 00:00:00,95.5,96.8,89,89,15200
1999-07-16 00:00:00,90,91.65,88,90.8,15800
1999-07-19 00:00:00,93.5,97.45,90,95.95,33700
1999-07-20 00:00:00,95.05,97.75,92.6,96.7,37600
1999-07-21 00:00:00,97.9,104.45,97.9,104.45,67700
1999-07-22 00:00:00,106.3,106.3,99.25,101.55,36400
1999-07-23 00:00:00,102.9,109.15,102,107.85,173800
1999-07-26 00:00:00,108.7,108.7,99.25,102.25,110000
1999-07-27 00:00:00,102,108.9,100.35,106.15,124900
1999-07-28 00:00:00,111,111.85,108,110.4,175200
1999-07-29 00:00:00,114,114.85,109.25,110.25,75900
1999-07-30 00:00:00,111.4,112.85,103.65,104.45,172400
1999-08-02 00:00:00,101.55,101.55,96.1,96.1,33800
1999-08-03 00:00:00,89.4,91,88.45,89.1,127500
1999-08-04 00:00:00,87,92.6,85.65,88.65,77300
1999-08-05 00:00:00,88,91.4,86.7,87.65,42100
1999-08-06 00:00:00,87.1,89.2,86.5,88.8,27200
1999-08-09 00:00:00,85,89.9,82,85,44200
1999-08-10 00:00:00,86,86.7,84.1,85.2,27900
1999-08-11 00:00:00,83.05,87.75,83.05,85.9,25700
1999-08-12 00:00:00,86.3,92,86.3,90.95,65200
1999-08-13 00:00:00,91.25,91.35,87.5,88,38700
1999-08-16 00:00:00,90,90.5,88.5,89.1,23600
1999-08-17 00:00:00,89.75,89.75,88,88.85,31000
1999-08-18 00:00:00,90.85,92.8,89.05,92,52700
1999-08-19 00:00:00,91,92.2,89,89.55,21800
1999-08-20 00:00:00,90,95.5,90,94.1,81300
1999-08-23 00:00:00,99,101,93.5,100.25,162900
1999-08-24 00:00:00,98.95,99,92.25,94.75,158700
1999-08-25 00:00:00,98,99,87.35,92.1,50400
1999-08-26 00:00:00,96,96,93,94.2,35200
1999-08-27 00:00:00,94.7,94.7,90.6,91.2,29100
1999-08-30 00:00:00,92,92.5,91.55,92.05,17600
1999-08-31 00:00:00,90,91,89,90.3,38700
1999-09-01 00:00:00,90.05,91,87.3,88.25,11900
1999-09-02 00:00:00,85.1,87.8,85.1,87.35,8800
1999-09-03 00:00:00,87,90.85,87,90.1,15300
1999-09-06 00:00:00,90.1,93,89.25,91.85,17600
1999-09-07 00:00:00,90,92.8,89.5,90.5,22900
1999-09-08 00:00:00,91.05,94,91.05,92.8,17300
1999-09-09 00:00:00,93.75,100.25,93.75,98.15,50100
1999-09-10 00:00:00,99,99.2,92.3,92.85,28100
1999-09-14 00:00:00,92.5,99.85,90.5,98.6,64400
1999-09-15 00:00:00,103.85,106.5,102,104.6,100800
1999-09-16 00:00:00,102,105,98.1,103.45,68700
1999-09-17 00:00:00,105,111.75,105,109.15,182200
1999-09-20 00:00:00,109.95,109.95,100.45,100.45,68200
1999-09-21 00:00:00,102,104,98.2,100.55,136600
1999-09-22 00:00:00,105,108.6,102,105.6,103700
1999-09-23 00:00:00,107.4,108.35,104.5,105,49600
1999-09-24 00:00:00,104.5,104.9,100.1,101.5,39800
1999-09-27 00:00:00,101.9,102.5,100,100.4,56100
1999-09-28 00:00:00,100,105,92.5,98.35,68900
1999-09-29 00:00:00,102,103.5,99.5,100.2,39200
1999-09-30 00:00:00,100,103,97.95,100.45,24000
1999-10-01 00:00:00,99.5,99.5,94,97.2,20000
1999-10-04 00:00:00,96,96,90,94.85,20200
1999-10-05 00:00:00,94.1,101,94.1,99.9,43800
1999-10-06 00:00:00,102.5,102.7,97,101.85,18900
1999-10-07 00:00:00,102.75,110,102,109.75,55700
1999-10-08 00:00:00,108.3,118.55,105.1,115.6,127600
1999-10-11 00:00:00,119,124.85,112,123.15,97200
1999-10-12 00:00:00,124.7,131,118,127.5,111400
1999-10-13 00:00:00,121,130,120.05,121.55,68300
1999-10-14 00:00:00,120.5,122.1,114.5,116,44500
1999-10-15 00:00:00,112.05,114.7,106.75,107.65,41000
1999-10-18 00:00:00,111,111.95,105.05,106.75,53400
1999-10-20 00:00:00,114.55,115,111,111.2,27100
1999-10-21 00:00:00,111,113,105.6,108.2,11000
1999-10-22 00:00:00,108,108.75,104,104.85,30000
1999-10-23 00:00:00,105,108.75,103.05,106.15,2100
1999-10-25 00:00:00,107,111.6,103.1,103.85,15200
1999-10-26 00:00:00,98.5,104.9,98.15,101.45,35900
1999-10-27 00:00:00,105.95,105.95,100,101.3,19000
1999-10-28 00:00:00,100,103.25,96.15,96.85,8800
1999-10-29 00:00:00,94.1,97.75,89.1,94.25,27300
1999-11-01 00:00:00,92.5,96.8,90.1,96,38600
1999-11-02 00:00:00,97.5,103.7,95,103.7,25600
1999-11-03 00:00:00,108,112,97.55,100.9,41100
1999-11-04 00:00:00,101.5,102.95,100,101.85,19400
1999-11-05 00:00:00,102,105.1,101.5,104.7,21900
1999-11-08 00:00:00,105,105,101.1,102.45,4700
1999-11-09 00:00:00,102.1,107.95,100.1,102.85,19600
1999-11-10 00:00:00,102.5,103,101.15,102.5,8800
1999-11-11 00:00:00,102.95,102.95,99.6,99.8,8500
1999-11-12 00:00:00,98,101.5,98,101,4900
1999-11-15 00:00:00,101.45,101.5,98,99.6,7800
1999-11-16 00:00:00,96.3,99.95,96.3,98.2,17600
1999-11-17 00:00:00,100.1,103.05,99.05,102,47400
1999-11-18 00:00:00,101.95,106.8,101.95,105.15,38200
1999-11-19 00:00:00,100.1,113.6,100.1,113.6,39100
1999-11-22 00:00:00,117.9,122.7,112.15,122.7,45900
1999-11-24 00:00:00,131.7,132.55,121,125.8,166500
1999-11-25 00:00:00,125,127,119.5,123,72700
1999-11-26 00:00:00,123.5,132.85,123.2,132.85,91000
1999-11-29 00:00:00,125,143.5,125,142.2,191800
1999-11-30 00:00:00,142,142,135.5,137.95,61200
1999-12-01 00:00:00,140.1,140.5,131,132.2,31700
1999-12-02 00:00:00,132,132,124,130.2,25100
1999-12-03 00:00:00,132,133.95,130,130.75,25800
1999-12-06 00:00:00,130,138,129.1,134.8,36900
1999-12-07 00:00:00,138.5,138.5,130.85,132.25,37100
1999-12-08 00:00:00,135,142.6,132,133.8,105700
1999-12-09 00:00:00,136.75,144.5,134.1,144.25,221900
1999-12-10 00:00:00,147.95,152.4,141.35,149.95,193800
1999-12-13 00:00:00,153.75,154,144,145,112000
1999-12-14 00:00:00,145,145,135,136.8,78100
1999-12-15 00:00:00,141.95,147.75,136.5,147.75,58400
1999-12-16 00:00:00,158.5,159.6,154,159.6,54500
1999-12-17 00:00:00,169.9,172,158.5,160.75,75600
1999-12-20 00:00:00,163,173.65,160,173.65,81300
1999-12-21 00:00:00,174,177.9,161.25,166.2,58800
1999-12-22 00:00:00,165,174.45,160.1,161.8,42600
1999-12-23 00:00:00,154.9,154.9,148.95,149.4,23600
1999-12-24 00:00:00,141,148,141,145.35,28100
1999-12-27 00:00:00,142.15,148,142.15,143.45,26400
1999-12-28 00:00:00,143,153,143,145.9,40300
1999-12-29 00:00:00,149,149,142.3,145.15,8000
1999-12-30 00:00:00,144.3,149.75,143.1,144.95,5600
2000-01-03 00:00:00,7.3,7.8225,7.3,7.785,23000
2000-01-04 00:00:00,7.6,7.6,7.2,7.37,26300
2000-01-05 00:00:00,7.2,7.44,6.8,6.92,20600
2000-01-06 00:00:00,7.1,7.475,7.05,7.475,31600
2000-01-07 00:00:00,7.475,7.65,7.25,7.3175,36600
2000-01-10 00:00:00,7.5,7.5,7.0525,7.245,33100
2000-01-11 00:00:00,6.9,7.335,6.855,7.05,75600
2000-01-12 00:00:00,7.595,7.615,7.275,7.395,19711
2000-01-13 00:00:00,7.575,7.85,7.315,7.4425,62777
2000-01-14 00:00:00,7.5,7.5,7.1525,7.225,14332
2000-01-17 00:00:00,7.15,7.525,7.09,7.1875,7947
2000-01-18 00:00:00,7.1025,7.24,6.7875,6.96,35683
2000-01-19 00:00:00,7.13,7.25,7,7.1075,22876
2000-01-20 00:00:00,7.125,7.125,6.895,7.055,19869
2000-01-21 00:00:00,6.95,7.0475,6.8575,6.9425,13270
2000-01-24 00:00:00,6.955,7.15,6.95,7.0025,10451
2000-01-25 00:00:00,7,7.02,6.835,6.885,8983
2000-01-27 00:00:00,7,7.245,6.825,6.935,4109
2000-01-28 00:00:00,6.75,6.9,6.745,6.81,8399
2000-01-31 00:00:00,6.6,6.895,6.6,6.8025,13556
2000-02-01 00:00:00,6.55,7.1925,6.26,6.7375,6038
2000-02-02 00:00:00,6.8475,6.8475,6.35,6.455,7818
2000-02-03 00:00:00,6.35,6.475,6.25,6.2775,6218
2000-02-04 00:00:00,6.435,6.435,6,6.185,5275
2000-02-07 00:00:00,6.35,6.35,5.69,5.7,7818
2000-02-08 00:00:00,5.35,6,5.35,5.905,9764
2000-02-09 00:00:00,5.995,6.17,5.75,5.875,13661
2000-02-10 00:00:00,5.95,6.045,5.8,5.855,8545
2000-02-11 00:00:00,5.8,5.8,5.4,5.435,15556
2000-02-14 00:00:00,5.22,5.3475,5.1,5.1025,5161
2000-02-15 00:00:00,5.1,5.35,5,5.1025,14364
2000-02-16 00:00:00,5.25,5.39,5.155,5.2,6534
2000-02-17 00:00:00,5.2975,5.54,5.21,5.4975,8806
2000-02-18 00:00:00,5.37,5.5,5.265,5.3375,4141
2000-02-21 00:00:00,5.1,5.485,5.1,5.3225,7977
2000-02-22 00:00:00,5.25,5.4,5.25,5.3625,10745
2000-02-23 00:00:00,5.2525,5.425,5.2525,5.425,2807
2000-02-24 00:00:00,5.25,5.4,5.25,5.3525,1562
2000-02-25 00:00:00,5.3875,5.3875,5,5.13,3021
2000-02-28 00:00:00,5.05,5.15,5.025,5.1475,7728
2000-02-29 00:00:00,5.055,5.4475,5,5.055,4410
2000-03-01 00:00:00,5.13,5.2,5,5.0825,1966
2000-03-02 00:00:00,5.1475,5.25,4.8,4.81,21054
2000-03-03 00:00:00,4.7975,4.7975,4.425,4.47,3765
2000-03-06 00:00:00,4.55,4.71,4.2275,4.38,15524
2000-03-07 00:00:00,4.325,4.45,4.055,4.26,4579
2000-03-08 00:00:00,4.385,4.385,3.925,4,3464
2000-03-09 00:00:00,4,4,3.685,3.7025,3086
2000-03-10 00:00:00,3.5775,3.7975,3.45,3.6225,8192
2000-03-13 00:00:00,3.6,3.75,3.5025,3.725,4465
2000-03-14 00:00:00,3.7525,4.025,3.7525,4.025,5800
2000-03-15 00:00:00,4.3,4.3475,4.25,4.3475,5649
2000-03-16 00:00:00,4.6925,4.6975,4.4025,4.55,20071
2000-03-21 00:00:00,4.6,4.675,4.45,4.52,22436
2000-03-22 00:00:00,4.8475,4.8475,4.575,4.81,8459
2000-03-23 00:00:00,5.015,5.015,4.7525,4.905,8573
2000-03-24 00:00:00,4.8,4.805,4.665,4.725,10338
2000-03-27 00:00:00,4.945,4.945,4.375,4.43,10095
2000-03-28 00:00:00,4.425,4.4975,4.3025,4.4225,10129
2000-03-29 00:00:00,4.5,4.685,4.4,4.405,9654
2000-03-30 00:00:00,4.315,4.5,4.3125,4.4775,13190
2000-03-31 00:00:00,4.205,4.5,4.205,4.495,6741
2000-04-03 00:00:00,4.55,4.5875,4.4125,4.5,6653
2000-04-04 00:00:00,4.4,4.4,4.14,4.2575,19169
2000-04-05 00:00:00,4.25,4.4475,4.15,4.1775,9305
2000-04-06 00:00:00,4.2625,4.2625,3.845,3.8575,10175
2000-04-07 00:00:00,4.095,4.1675,3.925,4.1675,11468
2000-04-10 00:00:00,4.4,4.45,4.055,4.18,21022
2000-04-11 00:00:00,3.875,4.2,3.875,4.19,3735
2000-04-12 00:00:00,4.125,4.245,4.1,4.1175,5339
2000-04-13 00:00:00,3.85,4.2,3.85,4.075,14904
2000-04-17 00:00:00,3.9075,4.175,3.9075,4.1575,6273
2000-04-18 00:00:00,4.15,4.225,4.05,4.0725,5101
2000-04-19 00:00:00,4.15,4.15,4.055,4.0875,2622
2000-04-20 00:00:00,3.9625,4.1,3.9625,4.025,6812
2000-04-24 00:00:00,3.9025,3.9475,3.705,3.76,10235
2000-04-25 00:00:00,3.6,3.7,3.5,3.5375,11868
2000-04-26 00:00:00,3.75,3.82,3.7,3.8,7078
2000-04-27 00:00:00,3.805,3.85,3.65,3.6575,9028
2000-04-28 00:00:00,3.6525,3.6525,3.45,3.4975,10282
2000-05-02 00:00:00,3.475,3.475,3.3,3.41,8326
2000-05-03 00:00:00,3.4,3.55,3.35,3.5,4574
2000-05-04 00:00:00,3.5,3.55,3.45,3.49,5305
2000-05-05 00:00:00,3.5,3.5,3.4,3.4475,6754
2000-05-08 00:00:00,3.45,3.4625,3.25,3.28,12584
2000-05-09 00:00:00,3.25,3.395,3.065,3.275,6344
2000-05-10 00:00:00,3.3975,3.45,3.1,3.125,27496
2000-05-11 00:00:00,3.05,3.1975,3,3.0225,18095
2000-05-12 00:00:00,3.1,3.1275,3.05,3.055,6125
2000-05-15 00:00:00,3.1,3.1,2.9,2.98,6497
2000-05-16 00:00:00,3,3.05,2.95,2.9925,7026
2000-05-17 00:00:00,3.1475,3.225,3.05,3.13,12297
2000-05-18 00:00:00,3.1,3.2,3.1,3.14,5217
2000-05-19 00:00:00,3.1875,3.195,2.95,2.985,11639
2000-05-22 00:00:00,3,3.05,2.8875,2.9925,8156
2000-05-23 00:00:00,3,3.05,2.9625,3.0025,6924
2000-05-24 00:00:00,3.0875,3.195,3.0525,3.15,3779
2000-05-25 00:00:00,3.225,3.3875,3.2,3.315,8511
2000-05-26 00:00:00,3.35,3.425,3.295,3.4,9635
2000-05-29 00:00:00,3.4,3.4975,3.4,3.4525,4900
2000-05-30 00:00:00,3.5,3.625,3.4025,3.5775,5920
2000-05-31 00:00:00,3.75,3.805,3.65,3.6975,16239
2000-06-01 00:00:00,3.6,3.645,3.4025,3.4875,9670
2000-06-02 00:00:00,3.35,3.625,3.35,3.535,4502
2000-06-05 00:00:00,3.45,3.6625,3.45,3.5375,3720
2000-06-06 00:00:00,3.5225,3.54,3.4,3.425,6699
2000-06-07 00:00:00,3.5,3.5,3.405,3.4625,5887
2000-06-08 00:00:00,3.4,3.4925,3.4,3.45,3931
2000-06-09 00:00:00,3.4525,3.5,3.305,3.395,3846
2000-06-12 00:00:00,3.4,3.42,3.2575,3.39,5865
2000-06-13 00:00:00,3.3875,3.3875,3.275,3.3425,3585
2000-06-14 00:00:00,3.45,3.515,3.4275,3.4475,6194
2000-06-15 00:00:00,3.4,3.525,3.38,3.38,4534
2000-06-16 00:00:00,3.4375,3.4375,3.25,3.365,9462
2000-06-19 00:00:00,3.21,3.6225,3.21,3.585,11730
2000-06-20 00:00:00,3.51,3.695,3.51,3.5825,10635
2000-06-21 00:00:00,3.6,3.675,3.45,3.48,8342
2000-06-22 00:00:00,3.545,3.545,3.4,3.4925,4482
2000-06-23 00:00:00,3.4975,3.675,3.415,3.4975,5044
2000-06-26 00:00:00,3.4,3.4875,3.375,3.42,2356
2000-06-27 00:00:00,3.4875,3.5,3.325,3.3625,9438
2000-06-28 00:00:00,3.375,3.4225,3.375,3.3975,2111
2000-06-29 00:00:00,3.445,3.4475,3.3175,3.345,4213
2000-06-30 00:00:00,3.3,3.35,3.2525,3.32,4214
2000-07-03 00:00:00,3.485,3.485,3.25,3.2825,3462
2000-07-04 00:00:00,3.2325,3.3325,3.2325,3.275,3839
2000-07-05 00:00:00,3.45,3.525,3.3125,3.365,7840
2000-07-06 00:00:00,3.3,3.3875,3.3,3.37,1657
2000-07-07 00:00:00,3.415,3.415,3.3025,3.35,4141
2000-07-10 00:00:00,3.33,3.4,3.33,3.345,5050
2000-07-11 00:00:00,3.3125,3.4,3.3025,3.335,17180
2000-07-12 00:00:00,3.45,3.5025,3.425,3.455,9841
2000-07-13 00:00:00,3.4,3.5,3.4,3.4375,5858
2000-07-14 00:00:00,3.42,3.455,3.36,3.385,5959
2000-07-17 00:00:00,3.2575,3.6125,3.2575,3.59,11422
2000-07-18 00:00:00,3.6,3.675,3.5575,3.645,17839
2000-07-19 00:00:00,3.75,3.75,3.515,3.525,7081
2000-07-20 00:00:00,3.365,3.55,3.365,3.45,2437
2000-07-21 00:00:00,3.495,3.5,3.4,3.42,3256
2000-07-24 00:00:00,3.3275,3.4,3.25,3.2725,6254
2000-07-25 00:00:00,3.25,3.4,3.1625,3.3175,8436
2000-07-26 00:00:00,3.325,3.38,3.32,3.325,1469
2000-07-27 00:00:00,3.2525,3.385,3.2525,3.31,981
2000-07-28 00:00:00,3.3,3.3,3.05,3.0675,16621
2000-07-31 00:00:00,3.075,3.075,2.94,2.9475,12982
2000-08-01 00:00:00,2.95,2.95,2.75,2.7975,26550
2000-08-02 00:00:00,2.85,2.89,2.5,2.6225,93127
2000-08-03 00:00:00,2.6325,2.6375,2.425,2.5775,82512
2000-08-04 00:00:00,2.55,2.59,2.525,2.545,19875
2000-08-07 00:00:00,2.5,2.575,2.5,2.5625,9228
2000-08-08 00:00:00,2.545,2.58,2.475,2.495,18060
2000-08-09 00:00:00,2.56,2.67,2.56,2.64,4303
2000-08-10 00:00:00,2.6875,2.6875,2.6,2.6025,5245
2000-08-11 00:00:00,2.5875,2.625,2.575,2.5825,4645
2000-08-14 00:00:00,2.525,2.6,2.525,2.56,3766
2000-08-16 00:00:00,2.6375,2.7375,2.6,2.6475,3029
2000-08-17 00:00:00,2.63,2.695,2.555,2.6425,2524
2000-08-18 00:00:00,2.6425,2.6675,2.6,2.6275,3430
2000-08-21 00:00:00,2.65,2.7,2.6125,2.6675,6920
2000-08-22 00:00:00,2.65,2.715,2.6,2.6625,4381
2000-08-23 00:00:00,2.655,2.825,2.6525,2.7625,8799
2000-08-24 00:00:00,2.655,2.7875,2.655,2.7625,3577
2000-08-25 00:00:00,2.7925,2.8,2.7,2.7375,6612
2000-08-28 00:00:00,2.7875,2.83,2.7875,2.8125,6284
2000-08-29 00:00:00,2.8375,2.8975,2.8025,2.8425,6539
2000-08-30 00:00:00,2.815,2.9425,2.815,2.8625,7084
2000-08-31 00:00:00,2.8925,3.0925,2.8575,3.005,58531
2000-09-04 00:00:00,3,3.005,2.85,2.8925,26374
2000-09-05 00:00:00,2.885,2.96,2.85,2.91,18472
2000-09-06 00:00:00,2.9875,2.9875,2.9,2.9175,10651
2000-09-07 00:00:00,3,3.045,2.9,2.96,16714
2000-09-08 00:00:00,3,3.025,2.9375,2.9975,14671
2000-09-11 00:00:00,3,3.02,2.94,2.96,7362
2000-09-12 00:00:00,2.95,2.97,2.9,2.9275,7088
2000-09-13 00:00:00,3,3,2.8625,2.9,4248
2000-09-14 00:00:00,2.85,2.9,2.805,2.805,6882
2000-09-15 00:00:00,2.8875,2.89,2.75,2.76,7497
2000-09-18 00:00:00,2.6125,2.75,2.6075,2.6825,6006
2000-09-19 00:00:00,2.665,2.73,2.6,2.625,12870
2000-09-20 00:00:00,2.6575,2.7225,2.6575,2.6975,3158
2000-09-21 00:00:00,2.7,2.74,2.665,2.7,3821
2000-09-22 00:00:00,2.695,2.695,2.6125,2.62,6501
2000-09-25 00:00:00,2.65,2.6975,2.6125,2.665,3741
2000-09-26 00:00:00,2.645,2.67,2.605,2.635,2974
2000-09-27 00:00:00,2.65,2.675,2.5775,2.6125,2501
2000-09-28 00:00:00,2.635,2.635,2.535,2.5725,2275
2000-09-29 00:00:00,2.595,2.595,2.5175,2.55,4017
2000-10-03 00:00:00,2.4825,2.63,2.4825,2.575,2830
2000-10-04 00:00:00,2.635,2.695,2.5625,2.6625,2556
2000-10-05 00:00:00,2.65,2.65,2.575,2.58,1753
2000-10-06 00:00:00,2.6,2.65,2.5575,2.62,2647
2000-10-09 00:00:00,2.55,2.625,2.55,2.575,1504
2000-10-10 00:00:00,2.6,2.6,2.48,2.5,5580
2000-10-11 00:00:00,2.5025,2.6,2.5,2.53,3533
2000-10-12 00:00:00,2.5,2.5,2.3375,2.44,7854
2000-10-13 00:00:00,2.4,2.45,2.4,2.4075,5871
2000-10-16 00:00:00,2.4025,2.55,2.4025,2.48,5509
2000-10-17 00:00:00,2.4125,2.495,2.4125,2.46,5230
2000-10-18 00:00:00,2.45,2.545,2.45,2.4925,2823
2000-10-19 00:00:00,2.57,2.57,2.5,2.525,2575
2000-10-20 00:00:00,2.5525,2.6,2.55,2.5875,6330
2000-10-23 00:00:00,2.6,2.7,2.6,2.6,4093
2000-10-24 00:00:00,2.605,2.6475,2.55,2.6,5636
2000-10-25 00:00:00,2.6525,2.67,2.605,2.6425,2104
2000-10-26 00:00:00,2.6725,2.7,2.65,2.69,850
2000-10-27 00:00:00,2.655,2.7,2.63,2.63,450
2000-10-30 00:00:00,2.4825,2.6375,2.4825,2.6225,866
2000-10-31 00:00:00,2.57,2.6225,2.5675,2.5925,2659
2000-11-01 00:00:00,2.605,2.79,2.605,2.7025,6684
2000-11-02 00:00:00,2.775,2.825,2.7375,2.755,5092
2000-11-03 00:00:00,2.8,2.8375,2.7825,2.81,5940
2000-11-06 00:00:00,2.8425,2.9625,2.8,2.885,17397
2000-11-07 00:00:00,2.885,2.975,2.85,2.905,6848
2000-11-08 00:00:00,2.995,2.995,2.885,2.925,4320
2000-11-09 00:00:00,2.895,2.9,2.8,2.86,2471
2000-11-10 00:00:00,2.775,2.8825,2.775,2.8225,1647
2000-11-13 00:00:00,2.75,2.79,2.72,2.7575,1459
2000-11-14 00:00:00,2.75,2.83,2.74,2.7625,6021
2000-11-15 00:00:00,2.8,2.845,2.765,2.765,1483
2000-11-16 00:00:00,2.8,2.83,2.765,2.83,2414
2000-11-17 00:00:00,2.815,2.815,2.71,2.7475,1677
2000-11-20 00:00:00,2.795,2.8225,2.6575,2.775,1544
2000-11-21 00:00:00,2.61,2.8,2.605,2.7675,3841
2000-11-22 00:00:00,2.8375,2.8375,2.725,2.75,1702
2000-11-23 00:00:00,2.77,2.775,2.73,2.7675,1654
2000-11-24 00:00:00,2.755,2.8,2.525,2.55,42281
2000-11-27 00:00:00,2.59,2.8325,2.58,2.805,31088
2000-11-28 00:00:00,2.87,3.245,2.87,3.105,92961
2000-11-29 00:00:00,3.2875,3.35,3.075,3.2025,166959
2000-11-30 00:00:00,3.2475,3.31,3.1,3.125,78113
2000-12-01 00:00:00,3.0875,3.15,2.9025,2.935,49729
2000-12-04 00:00:00,2.905,3.075,2.905,3.045,45794
2000-12-05 00:00:00,3.1025,3.1225,2.97,3,64028
2000-12-06 00:00:00,3.0525,3.345,3.0525,3.195,80230
2000-12-07 00:00:00,3.235,3.505,3.225,3.3375,159982
2000-12-08 00:00:00,3.455,3.7275,3.355,3.655,282473
2000-12-11 00:00:00,3.7425,3.7425,3.4025,3.5,149475
2000-12-12 00:00:00,3.525,3.54,3.36,3.39,103175
2000-12-13 00:00:00,3.45,3.495,3.335,3.4475,36457
2000-12-14 00:00:00,3.4875,3.4875,3.31,3.3575,29293
2000-12-15 00:00:00,3.2575,3.34,3.1,3.145,39195
2000-12-18 00:00:00,3.1125,3.1925,3.025,3.0675,34372
2000-12-19 00:00:00,3.1175,3.14,2.88,2.9325,67279
2000-12-20 00:00:00,2.85,3.095,2.85,3.05,35270
2000-12-21 00:00:00,2.9775,3.03,2.945,2.985,29553
2000-12-22 00:00:00,2.975,3.0475,2.75,2.7825,39378
2000-12-26 00:00:00,2.9,2.9,2.7,2.7325,57562
2000-12-27 00:00:00,2.8,2.875,2.775,2.8125,19546
2000-12-28 00:00:00,2.875,2.8975,2.8325,2.8625,15311
2000-12-29 00:00:00,2.89,3.0625,2.89,3.0375,66792
2001-01-01 00:00:00,3.045,3.15,3.0175,3.0425,54326
2001-01-02 00:00:00,3.055,3.125,3.005,3.0875,44616
2001-01-03 00:00:00,3.125,3.4225,3.125,3.3675,136082
2001-01-04 00:00:00,3.445,3.85,3.445,3.6225,260807
2001-01-05 00:00:00,3.7,3.85,3.545,3.5625,143762
2001-01-08 00:00:00,3.6,3.6,3.4125,3.4375,43473
2001-01-09 00:00:00,3.405,3.645,3.3725,3.5375,90156
2001-01-10 00:00:00,3.7,3.94,3.65,3.7875,206957
2001-01-11 00:00:00,3.825,3.825,3.6,3.6575,88682
2001-01-12 00:00:00,3.525,3.66,3.45,3.485,81480
2001-01-15 00:00:00,3.38,3.57,3.375,3.54,42678
2001-01-16 00:00:00,3.535,3.5625,3.45,3.4775,97727
2001-01-17 00:00:00,3.5375,3.6225,3.48,3.4825,27728
2001-01-18 00:00:00,3.4975,3.535,3.45,3.51,11043
2001-01-19 00:00:00,3.515,3.55,3.425,3.4475,30079
2001-01-22 00:00:00,3.445,3.5,3.4375,3.485,14532
2001-01-23 00:00:00,3.53,3.88,3.5,3.7725,143837
2001-01-24 00:00:00,3.945,3.995,3.65,3.7925,149497
2001-01-25 00:00:00,3.7875,3.7875,3.68,3.7425,42322
2001-01-29 00:00:00,3.675,3.675,3.4725,3.5375,64804
2001-01-30 00:00:00,3.5,3.64,3.5,3.605,45207
2001-01-31 00:00:00,3.65,3.6575,3.465,3.495,59846
2001-02-01 00:00:00,3.425,3.54,3.425,3.4675,15449
2001-02-02 00:00:00,3.4875,3.5,3.4,3.42,20500
2001-02-05 00:00:00,3.3775,3.5,3.3775,3.4825,19669
2001-02-06 00:00:00,3.4025,3.715,3.4025,3.6725,83904
2001-02-07 00:00:00,3.745,4.0625,3.725,3.9125,357060
2001-02-08 00:00:00,3.9475,4.05,3.86,3.9975,147810
2001-02-09 00:00:00,4.0425,4.305,4.025,4.1975,292714
2001-02-12 00:00:00,4.295,4.3125,4.135,4.165,163761
2001-02-13 00:00:00,4.25,4.25,4,4.06,130232
2001-02-14 00:00:00,4.075,4.24,4.0225,4.09,42518
2001-02-15 00:00:00,4.0625,4.225,4.0625,4.155,58104
2001-02-16 00:00:00,4.2225,4.25,3.83,3.905,74853
2001-02-19 00:00:00,3.85,4.075,3.825,4.0525,78154
2001-02-20 00:00:00,4.065,4.0725,3.9,3.9425,89197
2001-02-21 00:00:00,4,4.05,3.85,3.965,20501
2001-02-22 00:00:00,3.975,3.975,3.73,3.8275,35969
2001-02-23 00:00:00,3.8,3.82,3.35,3.3975,56293
2001-02-26 00:00:00,3.405,3.545,3.3275,3.515,25354
2001-02-27 00:00:00,3.54,3.54,3.3,3.35,49268
2001-02-28 00:00:00,3.3175,3.5,3.3175,3.405,62219
2001-03-01 00:00:00,3.49,3.57,3.4275,3.465,24307
2001-03-02 00:00:00,3.585,3.585,2.915,3.025,40414
2001-03-05 00:00:00,3.15,3.15,2.9525,2.9825,67689
2001-03-07 00:00:00,3.2,3.2,2.6225,2.825,56642
2001-03-08 00:00:00,2.8125,2.91,2.68,2.705,58250
2001-03-09 00:00:00,2.605,2.605,2.32,2.5175,95523
2001-03-12 00:00:00,2.55,2.55,2.4025,2.4175,59115
2001-03-13 00:00:00,2.33,2.44,2.165,2.19,72079
2001-03-14 00:00:00,2.3,2.3625,2.23,2.325,89995
2001-03-15 00:00:00,2.25,2.4625,2.25,2.4275,63076
2001-03-16 00:00:00,2.4,2.45,2.275,2.3225,42330
2001-03-19 00:00:00,2.3475,2.365,2.2775,2.3525,12478
2001-03-20 00:00:00,2.36,2.3625,2.2425,2.2675,64874
2001-03-21 00:00:00,2.285,2.3375,2.265,2.275,30093
2001-03-22 00:00:00,2.275,2.31,2.175,2.22,34386
2001-03-23 00:00:00,2.215,2.25,2.15,2.17,50301
2001-03-26 00:00:00,2.2,2.2,2.075,2.09,34205
2001-03-27 00:00:00,2.05,2.175,2.05,2.115,45820
2001-03-28 00:00:00,2.155,2.23,2.155,2.175,20124
2001-03-29 00:00:00,2.1925,2.2,2.105,2.1575,20206
2001-03-30 00:00:00,2.195,2.2,2.025,2.065,46030
2001-04-02 00:00:00,2.0125,2.0725,1.97,2.0675,23189
2001-04-03 00:00:00,2.075,2.09,2,2.0225,35949
2001-04-04 00:00:00,2.0875,2.0925,2,2.0825,11385
2001-04-06 00:00:00,2.025,2.185,2.025,2.16,16659
2001-04-09 00:00:00,2.175,2.295,2.1675,2.215,17866
2001-04-10 00:00:00,2.22,2.235,2.155,2.18,20922
2001-04-11 00:00:00,2.22,2.225,2.1,2.15,18696
2001-04-12 00:00:00,2.1275,2.1275,1.9025,1.975,55473
2001-04-16 00:00:00,2,2,1.9325,1.9525,33180
2001-04-17 00:00:00,1.9825,2.05,1.95,2.0275,38800
2001-04-18 00:00:00,2.13,2.345,2.0875,2.1875,57737
2001-04-19 00:00:00,2.2375,2.285,2.125,2.1825,34692
2001-04-20 00:00:00,2.11,2.1525,2.065,2.0975,16208
2001-04-23 00:00:00,2.1,2.1725,2.1,2.15,16726
2001-04-24 00:00:00,2.1475,2.15,2.1,2.1125,27285
2001-04-25 00:00:00,2.15,2.2,2.1325,2.1725,10444
2001-04-26 00:00:00,2.195,2.225,2.175,2.185,11697
2001-04-27 00:00:00,2.15,2.15,2.05,2.0675,14927
2001-04-30 00:00:00,2.1,2.15,1.9775,2.065,21961
2001-05-02 00:00:00,2.125,2.1525,2.11,2.13,8772
2001-05-03 00:00:00,2.125,2.125,2.055,2.0725,8300
2001-05-04 00:00:00,2.075,2.105,2.0625,2.0675,4430
2001-05-07 00:00:00,2.0875,2.115,2.05,2.06,6203
2001-05-08 00:00:00,2.0325,2.1,2.0325,2.0675,7062
2001-05-09 00:00:00,2.075,2.1625,2.0675,2.1025,6174
2001-05-10 00:00:00,2.0925,2.1125,2.0775,2.0925,4095
2001-05-11 00:00:00,2.1175,2.15,2.05,2.1125,8949
2001-05-14 00:00:00,2.1,2.12,2.0875,2.1025,3920
2001-05-15 00:00:00,2.05,2.075,2.0025,2.055,7989
2001-05-16 00:00:00,1.9875,2.22,1.9875,2.165,12241
2001-05-17 00:00:00,2.22,2.27,2.1625,2.1875,27993
2001-05-18 00:00:00,2.22,2.5225,2.1875,2.3725,94372
2001-05-21 00:00:00,2.4,2.675,2.38,2.625,238142
2001-05-22 00:00:00,2.7,2.9125,2.56,2.8075,115095
2001-05-23 00:00:00,2.9,3.1475,2.82,3.02,377330
2001-05-24 00:00:00,3,3.065,2.73,2.7575,161382
2001-05-25 00:00:00,2.7625,3.0575,2.7625,3,290464
2001-05-28 00:00:00,3.045,3.125,2.975,3.01,199832
2001-05-29 00:00:00,3.05,3.05,2.9,2.9525,137673
2001-05-30 00:00:00,3.035,3.035,2.9,2.935,64894
2001-05-31 00:00:00,2.9,2.97,2.825,2.9,48507
2001-06-01 00:00:00,2.945,3.07,2.825,2.86,231352
2001-06-04 00:00:00,2.9125,2.9325,2.7075,2.7425,82314
2001-06-05 00:00:00,2.6875,2.79,2.58,2.6025,94512
2001-06-06 00:00:00,2.725,2.725,2.505,2.525,64612
2001-06-07 00:00:00,2.5125,2.5125,2.345,2.385,87540
2001-06-08 00:00:00,2.45,2.45,2.3575,2.3875,71118
2001-06-11 00:00:00,2.425,2.6,2.3875,2.55,201719
2001-06-12 00:00:00,2.57,2.655,2.4675,2.4875,170466
2001-06-13 00:00:00,2.525,2.5925,2.48,2.5425,120814
2001-06-14 00:00:00,2.5,2.53,2.41,2.435,69240
2001-06-15 00:00:00,2.4025,2.405,2.28,2.3025,79941
2001-06-18 00:00:00,2.275,2.2825,2.1925,2.255,61075
2001-06-19 00:00:00,2.2675,2.275,2.2025,2.2175,68476
2001-06-20 00:00:00,2.23,2.45,2.15,2.335,128008
2001-06-21 00:00:00,2.3475,2.395,2.25,2.2725,60152
2001-06-22 00:00:00,2.2625,2.285,2.155,2.1725,50309
2001-06-25 00:00:00,2.155,2.345,2.15,2.19,103481
2001-06-26 00:00:00,2.1275,2.275,2.1275,2.2375,77255
2001-06-27 00:00:00,2.225,2.315,2.2,2.2375,54779
2001-06-28 00:00:00,2.25,2.275,2.165,2.1825,59364
2001-06-29 00:00:00,2.2,2.2,2.115,2.14,48760
2001-07-03 00:00:00,2.155,2.1875,2.09,2.095,13447
2001-07-04 00:00:00,2.06,2.15,2.06,2.0975,6273
2001-07-05 00:00:00,2.14,2.14,2.0375,2.05,38752
2001-07-06 00:00:00,2.0975,2.0975,2.0575,2.0825,6405
2001-07-09 00:00:00,2.075,2.1,2.0375,2.0925,6011
2001-07-10 00:00:00,2.1,2.12,2.065,2.0975,13558
2001-07-11 00:00:00,2.0775,2.1025,2.0775,2.0825,43553
2001-07-12 00:00:00,2.085,2.1225,2.0575,2.0625,31545
2001-07-13 00:00:00,2.075,2.08,2.0575,2.06,28487
2001-07-16 00:00:00,2.1375,2.1375,2.0625,2.0725,25360
2001-07-17 00:00:00,2.075,2.0875,2.0425,2.045,11036
2001-07-19 00:00:00,2.0125,2.065,2.0125,2.0325,11876
2001-07-20 00:00:00,2.02,2.07,2.02,2.055,5669
2001-07-23 00:00:00,2.05,2.05,2.0125,2.0125,200
2001-07-24 00:00:00,2.05,2.0525,2.0075,2.05,13225
2001-07-25 00:00:00,2.03,2.04,1.965,1.985,12590
2001-07-26 00:00:00,1.985,2,1.9475,1.95,10709
2001-07-27 00:00:00,1.95,1.9975,1.91,1.9575,19959
2001-07-30 00:00:00,1.925,2.045,1.8575,1.895,130890
2001-07-31 00:00:00,1.85,1.9,1.8275,1.8975,28585
2001-08-01 00:00:00,1.9,1.9,1.88,1.8975,39866
2001-08-02 00:00:00,1.8,1.82,1.7525,1.8125,21500
2001-08-03 00:00:00,1.815,1.8725,1.785,1.8575,19199
2001-08-06 00:00:00,1.85,1.85,1.7875,1.7875,30946
2001-08-07 00:00:00,1.775,1.8125,1.765,1.7675,11879
2001-08-08 00:00:00,1.765,1.7825,1.75,1.76,17623
2001-08-09 00:00:00,1.8,1.8,1.7325,1.7475,18952
2001-08-10 00:00:00,1.7525,1.775,1.73,1.7425,27263
2001-08-13 00:00:00,1.785,1.7875,1.735,1.7425,5274
2001-08-14 00:00:00,1.75,1.75,1.7075,1.7375,8761
2001-08-16 00:00:00,1.75,1.775,1.725,1.765,5050
2001-08-17 00:00:00,1.8125,1.8125,1.74,1.75,13463
2001-08-20 00:00:00,1.7075,1.75,1.7075,1.735,5486
2001-08-21 00:00:00,1.7425,1.7625,1.73,1.74,4102
2001-08-23 00:00:00,1.74,1.755,1.735,1.7425,5585
2001-08-24 00:00:00,1.735,1.76,1.71,1.73,2675
2001-08-27 00:00:00,1.725,1.745,1.7,1.7025,31472
2001-08-28 00:00:00,1.725,1.725,1.6925,1.7,12484
2001-08-29 00:00:00,1.715,1.735,1.6875,1.6875,22122
2001-08-30 00:00:00,1.71,1.71,1.675,1.68,13538
2001-08-31 00:00:00,1.7,1.7,1.6,1.68,10041
2001-09-03 00:00:00,1.7,1.7225,1.675,1.6925,11851
2001-09-04 00:00:00,1.6975,1.7,1.65,1.6925,10463
2001-09-05 00:00:00,1.72,1.725,1.68,1.71,8977
2001-09-06 00:00:00,1.7375,1.825,1.7,1.76,30591
2001-09-07 00:00:00,1.765,1.775,1.715,1.725,14358
2001-09-10 00:00:00,1.77,1.77,1.67,1.705,17369
2001-09-11 00:00:00,1.7,1.71,1.675,1.685,15991
2001-09-12 00:00:00,1.5525,1.675,1.5525,1.62,11944
2001-09-13 00:00:00,1.6825,1.6825,1.6025,1.6175,7145
2001-09-14 00:00:00,1.575,1.575,1.45,1.4775,41701
2001-09-17 00:00:00,1.37,1.465,1.35,1.375,23592
2001-09-18 00:00:00,1.35,1.47,1.35,1.46,16414
2001-09-19 00:00:00,1.5,1.5875,1.5,1.54,13675
2001-09-20 00:00:00,1.5,1.545,1.45,1.485,10544
2001-09-21 00:00:00,1.575,1.575,1.46,1.4975,11551
2001-09-24 00:00:00,1.5725,1.5725,1.4675,1.4775,8768
2001-09-25 00:00:00,1.5625,1.5625,1.4725,1.48,10072
2001-09-26 00:00:00,1.5,1.51,1.4575,1.4675,22271
2001-09-27 00:00:00,1.55,1.55,1.46,1.46,14673
2001-09-28 00:00:00,1.495,1.495,1.4625,1.4725,10890
2001-10-01 00:00:00,1.4625,1.49,1.4425,1.45,12536
2001-10-03 00:00:00,1.4725,1.4725,1.3875,1.395,11636
2001-10-04 00:00:00,1.45,1.45,1.3925,1.4025,9832
2001-10-05 00:00:00,1.44,1.44,1.38,1.3875,27596
2001-10-08 00:00:00,1.4,1.585,1.3775,1.4025,11890
2001-10-09 00:00:00,1.47,1.47,1.3875,1.3925,37357
2001-10-10 00:00:00,1.4425,1.4425,1.385,1.3925,31803
2001-10-11 00:00:00,1.425,1.4875,1.4,1.4475,12522
2001-10-12 00:00:00,1.485,1.54,1.46,1.5175,14343
2001-10-15 00:00:00,1.5,1.5475,1.4825,1.495,14609
2001-10-16 00:00:00,1.525,1.525,1.475,1.4925,10842
2001-10-17 00:00:00,1.5,1.525,1.465,1.48,40312
2001-10-18 00:00:00,1.5,1.51,1.4225,1.435,31478
2001-10-19 00:00:00,1.49,1.49,1.4175,1.435,23839
2001-10-22 00:00:00,1.5,1.5125,1.4475,1.45,62703
2001-10-23 00:00:00,1.475,1.5125,1.4625,1.47,48341
2001-10-24 00:00:00,1.51,1.695,1.5025,1.65,163155
2001-10-25 00:00:00,1.74,1.77,1.5625,1.575,172147
2001-10-29 00:00:00,1.6875,1.6875,1.6,1.615,84997
2001-10-30 00:00:00,1.6175,1.625,1.575,1.5775,30713
2001-10-31 00:00:00,1.575,1.66,1.555,1.6075,71281
2001-11-01 00:00:00,1.5775,1.625,1.5775,1.595,33470
2001-11-02 00:00:00,1.59,1.645,1.5775,1.5975,48783
2001-11-05 00:00:00,1.6,1.695,1.585,1.625,84737
2001-11-06 00:00:00,1.675,1.92,1.6425,1.895,368033
2001-11-07 00:00:00,1.9475,1.9675,1.805,1.8325,189061
2001-11-08 00:00:00,1.8975,1.92,1.825,1.8575,117836
2001-11-09 00:00:00,1.8875,1.93,1.855,1.8625,64693
2001-11-12 00:00:00,1.8575,1.94,1.8575,1.8875,44972
2001-11-13 00:00:00,1.89,1.9,1.7975,1.82,60842
2001-11-14 00:00:00,1.85,1.86,1.825,1.845,18799
2001-11-15 00:00:00,1.875,1.94,1.8325,1.8625,76185
2001-11-19 00:00:00,1.8825,1.925,1.8375,1.8675,78913
2001-11-20 00:00:00,1.8975,2.0625,1.8575,1.9575,204079
2001-11-21 00:00:00,1.945,2.125,1.945,2.11,168124
2001-11-22 00:00:00,2.15,2.225,2.06,2.09,151533
2001-11-23 00:00:00,2.15,2.1725,2,2.02,55352
2001-11-26 00:00:00,2.1,2.1,2.0275,2.04,40533
2001-11-27 00:00:00,2.095,2.095,1.9625,1.98,41467
2001-11-28 00:00:00,1.925,1.9875,1.925,1.955,23869
2001-11-29 00:00:00,1.93,1.95,1.9,1.9275,21729
2001-12-03 00:00:00,1.94,2.12,1.94,2.055,81687
2001-12-04 00:00:00,2.0525,2.095,2.015,2.04,81661
2001-12-05 00:00:00,2.08,2.1175,2.05,2.0775,55489
2001-12-06 00:00:00,2.125,2.125,1.9625,1.9825,47183
2001-12-07 00:00:00,2,2.0375,1.955,1.965,19316
2001-12-10 00:00:00,2.0375,2.345,2.0375,2.1975,164398
2001-12-11 00:00:00,2.2,2.285,2.175,2.215,93546
2001-12-12 00:00:00,2.25,2.265,2.1125,2.135,31580
2001-12-13 00:00:00,2.145,2.175,1.9775,2.0375,86158
2001-12-14 00:00:00,2.01,2.075,1.975,2.0175,33661
2001-12-18 00:00:00,2.0025,2.035,1.95,1.9975,33383
2001-12-19 00:00:00,1.995,1.995,1.86,1.89,40342
2001-12-20 00:00:00,1.8025,1.93,1.7825,1.8875,20591
2001-12-21 00:00:00,1.8525,1.8525,1.8,1.805,29382
2001-12-24 00:00:00,1.67,1.79,1.6625,1.7325,23041
2001-12-26 00:00:00,1.825,1.825,1.725,1.7475,19819
2001-12-27 00:00:00,1.75,1.7875,1.7025,1.7225,12963
2001-12-28 00:00:00,1.75,1.76,1.7,1.7425,24902
2001-12-31 00:00:00,1.8,1.9,1.8,1.855,18140
2002-01-01 00:00:00,1.95,1.95,1.8625,1.8825,17921
2002-01-02 00:00:00,1.895,1.9375,1.865,1.8725,4563
2002-01-03 00:00:00,1.92,1.9425,1.875,1.9075,5810
2002-01-04 00:00:00,1.95,1.95,1.8775,1.91,13674
2002-01-07 00:00:00,1.875,1.9425,1.81,1.825,26588
2002-01-08 00:00:00,1.85,1.85,1.8,1.815,28702
2002-01-09 00:00:00,1.8475,1.8475,1.7625,1.7725,15102
2002-01-10 00:00:00,1.8375,1.8375,1.7625,1.7875,23526
2002-01-11 00:00:00,1.8175,1.845,1.725,1.735,30010
2002-01-14 00:00:00,1.825,1.835,1.7875,1.8025,14035
2002-01-15 00:00:00,1.825,1.825,1.725,1.7325,28940
2002-01-16 00:00:00,1.8,1.8,1.705,1.71,40505
2002-01-17 00:00:00,1.745,1.8,1.735,1.78,13003
2002-01-18 00:00:00,1.8,1.81,1.73,1.735,27599
2002-01-21 00:00:00,1.775,1.7975,1.7525,1.7625,18145
2002-01-22 00:00:00,1.785,1.7925,1.7325,1.7475,11658
2002-01-23 00:00:00,1.7725,1.78,1.7325,1.7425,11228
2002-01-24 00:00:00,1.75,1.775,1.75,1.7625,10300
2002-01-25 00:00:00,1.7825,1.7825,1.75,1.7625,23147
2002-01-28 00:00:00,1.785,1.8,1.77,1.7825,7739
2002-01-29 00:00:00,1.78,1.7925,1.76,1.7875,8285
2002-01-30 00:00:00,1.7575,1.77,1.715,1.7225,14810
2002-01-31 00:00:00,1.745,1.7575,1.7,1.715,15608
2002-02-01 00:00:00,1.9,1.9675,1.855,1.9075,131510
2002-02-04 00:00:00,1.95,2.045,1.9,1.9175,93080
2002-02-05 00:00:00,1.925,1.925,1.81,1.8325,50358
2002-02-06 00:00:00,1.815,1.965,1.8125,1.8925,121638
2002-02-07 00:00:00,1.925,1.975,1.8975,1.9275,95919
2002-02-08 00:00:00,1.88,2.14,1.88,2.0725,301235
2002-02-11 00:00:00,2.4,2.4,2.13,2.245,579995
2002-02-12 00:00:00,2.275,2.35,2.2325,2.26,295697
2002-02-13 00:00:00,2.3125,2.4625,2.275,2.37,504430
2002-02-14 00:00:00,2.4,2.52,2.4,2.435,340899
2002-02-15 00:00:00,2.5,2.52,2.3325,2.3475,132073
2002-02-18 00:00:00,2.355,2.4,2.25,2.27,181300
2002-02-19 00:00:00,2.2525,2.3,2.1775,2.195,69461
2002-02-20 00:00:00,2.1625,2.34,2.1625,2.2825,226845
2002-02-21 00:00:00,2.345,2.475,2.325,2.3475,190476
2002-02-22 00:00:00,2.385,2.3875,2.275,2.3075,106675
2002-02-25 00:00:00,2.3175,2.77,2.23,2.7225,785515
2002-02-26 00:00:00,2.7625,2.88,2.6425,2.665,612578
2002-02-27 00:00:00,2.7,2.725,2.5325,2.5525,174332
2002-02-28 00:00:00,2.5525,2.585,2.35,2.3725,134175
2002-03-01 00:00:00,2.055,2.4625,2.055,2.4325,103282
2002-03-04 00:00:00,2.5,2.6225,2.44,2.5625,140618
2002-03-05 00:00:00,2.585,2.65,2.525,2.5425,151337
2002-03-06 00:00:00,2.56,2.5825,2.4,2.41,94956
2002-03-07 00:00:00,2.4475,2.52,2.3875,2.405,106805
2002-03-08 00:00:00,2.4375,2.4625,2.4,2.415,51601
2002-03-11 00:00:00,2.4425,2.47,2.375,2.405,49246
2002-03-12 00:00:00,2.3275,2.725,2.3275,2.5575,492449
2002-03-13 00:00:00,2.6,2.645,2.5,2.5325,160356
2002-03-14 00:00:00,2.55,2.6325,2.455,2.5025,121686
2002-03-15 00:00:00,2.5,2.735,2.5,2.69,385951
2002-03-18 00:00:00,2.6525,2.87,2.6525,2.75,341031
2002-03-19 00:00:00,2.775,2.8,2.605,2.625,93883
2002-03-20 00:00:00,2.6975,2.6975,2.59,2.61,93667
2002-03-21 00:00:00,2.575,2.8,2.575,2.6875,137036
2002-03-22 00:00:00,2.73,2.7675,2.635,2.675,64778
2002-03-26 00:00:00,2.7,2.74,2.6025,2.615,55225
2002-03-27 00:00:00,2.6425,2.6675,2.5975,2.635,41522
2002-03-28 00:00:00,2.65,2.68,2.555,2.5775,62787
2002-04-01 00:00:00,2.65,2.7425,2.5675,2.7025,124440
2002-04-02 00:00:00,2.795,2.8075,2.7125,2.735,135611
2002-04-03 00:00:00,2.7275,2.95,2.7275,2.845,329795
2002-04-04 00:00:00,2.995,3,2.8525,2.8925,262330
2002-04-05 00:00:00,2.9725,3.1825,2.9325,3.1275,537153
2002-04-08 00:00:00,3.25,3.3225,3.1325,3.1575,384019
2002-04-09 00:00:00,3.155,3.19,3.0375,3.1,173603
2002-04-10 00:00:00,3.15,3.15,2.965,3,98618
2002-04-11 00:00:00,3.05,3.125,3,3.0225,85897
2002-04-12 00:00:00,3.0025,3.2225,3.0025,3.0975,180211
2002-04-15 00:00:00,3.125,3.35,3.125,3.165,344859
2002-04-16 00:00:00,3.2225,3.27,3.0375,3.0625,204251
2002-04-17 00:00:00,3.1,3.16,3.04,3.0525,77064
2002-04-18 00:00:00,3.095,3.1975,3.075,3.145,121284
2002-04-19 00:00:00,3.2,3.325,3.15,3.195,428857
2002-04-22 00:00:00,3.155,3.245,3.075,3.1425,89092
2002-04-23 00:00:00,3.1075,3.175,3.105,3.1475,78470
2002-04-24 00:00:00,3.1875,3.41,3.1775,3.36,328105
2002-04-25 00:00:00,3.395,3.44,3.23,3.2775,189439
2002-04-26 00:00:00,3.325,3.635,3.325,3.4125,369746
2002-04-29 00:00:00,3.4775,3.595,3.45,3.47,182148
2002-04-30 00:00:00,3.5,3.54,3.3525,3.405,91169
2002-05-02 00:00:00,3.475,3.475,3.3025,3.3475,102566
2002-05-03 00:00:00,3.325,3.36,3.2875,3.3025,82568
2002-05-06 00:00:00,3.35,3.3575,3.235,3.245,66666
2002-05-07 00:00:00,3.25,3.2925,3.225,3.2375,82041
2002-05-08 00:00:00,3.2775,3.3925,3.25,3.27,122872
2002-05-09 00:00:00,3.275,3.345,3.13,3.1725,195068
2002-05-10 00:00:00,3.155,3.1975,3.03,3.045,119189
2002-05-13 00:00:00,3.045,3.1,2.9275,2.9425,106650
2002-05-14 00:00:00,2.9,3.15,2.9,3.0725,114930
2002-05-15 00:00:00,3.15,3.235,3.005,3.045,157786
2002-05-16 00:00:00,3.06,3.065,2.91,2.9725,83871
2002-05-17 00:00:00,2.925,2.9425,2.72,2.77,177608
2002-05-20 00:00:00,2.77,2.77,2.575,2.6575,137871
2002-05-21 00:00:00,2.6,2.6375,2.5025,2.545,108299
2002-05-22 00:00:00,2.6,2.775,2.59,2.76,134603
2002-05-23 00:00:00,2.825,2.85,2.63,2.6575,111967
2002-05-24 00:00:00,2.77,2.9425,2.7425,2.92,204111
2002-05-27 00:00:00,3.05,3.095,2.855,2.89,85242
2002-05-28 00:00:00,2.805,2.8825,2.775,2.7975,47361
2002-05-29 00:00:00,2.87,3.065,2.8625,2.995,150077
2002-05-30 00:00:00,3,3.175,2.9275,2.96,196212
2002-05-31 00:00:00,3,3.05,2.875,2.9625,72793
2002-06-03 00:00:00,3.0025,3.075,2.91,2.9325,127455
2002-06-04 00:00:00,2.95,3.015,2.8925,2.9925,158438
2002-06-05 00:00:00,3.05,3.5925,3.0475,3.5925,859229
2002-06-06 00:00:00,3.75,4.1225,3.45,3.88,1842133
2002-06-07 00:00:00,3.84,4.04,3.575,3.6175,1010774
2002-06-10 00:00:00,3.735,3.9775,3.7325,3.825,647504
2002-06-11 00:00:00,3.95,4.1625,3.9,3.9775,993438
2002-06-12 00:00:00,4.0275,4.25,4.0275,4.1375,588403
2002-06-13 00:00:00,4.195,4.21,3.925,3.955,301940
2002-06-14 00:00:00,3.995,4,3.855,3.8975,176877
2002-06-17 00:00:00,4,4.1625,3.865,3.9075,369692
2002-06-18 00:00:00,3.95,3.995,3.845,3.875,124242
2002-06-19 00:00:00,3.935,3.935,3.7025,3.7225,124308
2002-06-20 00:00:00,3.7125,3.9,3.7025,3.8625,160050
2002-06-21 00:00:00,3.775,4.195,3.775,4.115,519540
2002-06-24 00:00:00,4.2,4.3875,4.11,4.27,753524
2002-06-25 00:00:00,4.3,4.335,4.0275,4.055,433120
2002-06-26 00:00:00,4.05,4.1625,3.8275,3.87,447587
2002-06-27 00:00:00,3.895,3.92,3.775,3.8325,288943
2002-06-28 00:00:00,3.9075,3.9775,3.855,3.905,188077
2002-07-01 00:00:00,3.95,4.0475,3.875,3.985,140389
2002-07-02 00:00:00,4,4.05,3.95,4.0125,149220
2002-07-03 00:00:00,4.07,4.1725,3.95,3.9775,160292
2002-07-04 00:00:00,4,4.035,3.9275,3.9475,73703
2002-07-05 00:00:00,3.9875,4.0225,3.93,3.965,91966
2002-07-08 00:00:00,3.9975,4.1,3.825,3.885,170703
2002-07-09 00:00:00,4.025,4.1375,3.885,4.05,438124
2002-07-10 00:00:00,4.145,4.4925,4.075,4.4325,3191273
2002-07-11 00:00:00,4.255,4.35,4.1675,4.2575,887744
2002-07-12 00:00:00,4.285,4.35,4.08,4.1375,338205
2002-07-15 00:00:00,4.135,4.17,3.9,3.96,439254
2002-07-16 00:00:00,4.025,4.1675,4.0025,4.0175,377585
2002-07-17 00:00:00,4,4.07,3.66,3.755,485964
2002-07-18 00:00:00,3.825,3.9225,3.8175,3.8875,213314
2002-07-19 00:00:00,3.905,3.945,3.825,3.89,157709
2002-07-22 00:00:00,3.8125,3.89,3.605,3.655,102433
2002-07-23 00:00:00,3.595,3.75,3.45,3.7275,146234
2002-07-24 00:00:00,3.65,3.7,3.58,3.6075,73629
2002-07-25 00:00:00,3.69,3.82,3.6,3.6425,89264
2002-07-26 00:00:00,3.6175,3.6175,3.2075,3.3225,174803
2002-07-29 00:00:00,3.35,3.375,3.0325,3.195,149656
2002-07-30 00:00:00,3.305,3.3725,2.8675,2.9475,138051
2002-07-31 00:00:00,3.045,3.525,2.7025,3.465,464144
2002-08-01 00:00:00,3.395,3.4675,3.1525,3.195,305354
2002-08-02 00:00:00,3.025,3.3975,3.025,3.325,263100
2002-08-05 00:00:00,3.445,3.45,3.29,3.3375,132411
2002-08-06 00:00:00,3.325,3.55,3.275,3.46,258672
2002-08-07 00:00:00,3.4975,3.555,3.2675,3.3225,184010
2002-08-08 00:00:00,3.385,3.395,3.1025,3.13,171933
2002-08-09 00:00:00,3.2,3.4,3.105,3.365,276603
2002-08-12 00:00:00,3.35,3.445,3.305,3.385,65810
2002-08-13 00:00:00,3.47,3.645,3.35,3.51,308557
2002-08-14 00:00:00,3.5,3.5,3.3825,3.42,140003
2002-08-16 00:00:00,3.45,3.57,3.4175,3.4425,160993
2002-08-19 00:00:00,3.5,3.5,3.385,3.4,40810
2002-08-20 00:00:00,3.45,3.52,3.375,3.44,76774
2002-08-21 00:00:00,3.465,3.51,3.39,3.43,70306
2002-08-22 00:00:00,3.455,3.455,3.335,3.345,46527
2002-08-23 00:00:00,3.335,3.4,3.325,3.35,41408
2002-08-26 00:00:00,3.36,3.4175,3.345,3.375,25319
2002-08-27 00:00:00,3.45,3.45,3.225,3.24,47055
2002-08-28 00:00:00,3.21,3.395,3.21,3.32,125036
2002-08-29 00:00:00,3.2775,3.33,3.25,3.305,51326
2002-08-30 00:00:00,3.3,3.375,3.25,3.33,77252
2002-09-02 00:00:00,3.4,3.475,3.325,3.3625,60883
2002-09-03 00:00:00,3.3525,3.355,3.275,3.295,38793
2002-09-04 00:00:00,3.2525,3.34,3.1775,3.285,38758
2002-09-05 00:00:00,3.265,3.3725,3.245,3.2725,43621
2002-09-06 00:00:00,3.275,3.28,3.1675,3.1825,30209
2002-09-09 00:00:00,3.2,3.255,3.1025,3.125,46509
2002-09-11 00:00:00,3.2,3.23,3.135,3.145,24498
2002-09-12 00:00:00,3.175,3.22,3.1275,3.1375,15148
2002-09-13 00:00:00,3.15,3.315,3.13,3.17,78531
2002-09-16 00:00:00,3.22,3.22,3.1325,3.1425,14894
2002-09-17 00:00:00,3.17,3.185,3.1275,3.17,18483
2002-09-18 00:00:00,3.13,3.25,2.85,3.085,36995
2002-09-19 00:00:00,3.125,3.125,2.855,2.8925,79160
2002-09-20 00:00:00,2.875,3.085,2.85,2.9725,118140
2002-09-23 00:00:00,3.0025,3.0025,2.905,2.915,30659
2002-09-24 00:00:00,2.92,2.9525,2.825,2.835,27385
2002-09-25 00:00:00,2.795,2.875,2.765,2.7775,44931
2002-09-26 00:00:00,2.83,2.905,2.78,2.8475,51778
2002-09-27 00:00:00,2.92,2.92,2.8525,2.9075,23616
2002-09-30 00:00:00,2.875,2.8975,2.84,2.8525,27775
2002-10-01 00:00:00,2.8825,2.8825,2.7825,2.81,26571
2002-10-03 00:00:00,2.8125,2.885,2.775,2.8025,22580
2002-10-04 00:00:00,2.8,2.85,2.8,2.81,14025
2002-10-07 00:00:00,2.875,2.875,2.775,2.79,32877
2002-10-08 00:00:00,2.8,2.97,2.76,2.94,76303
2002-10-09 00:00:00,2.9,3.0775,2.9,2.935,113904
2002-10-10 00:00:00,2.9,2.9625,2.8375,2.895,35970
2002-10-11 00:00:00,2.9175,3,2.9025,2.9325,32961
2002-10-14 00:00:00,2.92,2.97,2.9025,2.9175,16362
2002-10-16 00:00:00,2.995,3,2.7875,2.8,33410
2002-10-17 00:00:00,2.8,2.875,2.75,2.7625,34946
2002-10-18 00:00:00,2.795,2.84,2.7675,2.7825,28533
2002-10-21 00:00:00,2.8,2.815,2.7075,2.73,25167
2002-10-22 00:00:00,2.7975,2.7975,2.7075,2.7175,13576
2002-10-23 00:00:00,2.71,2.725,2.65,2.655,22414
2002-10-24 00:00:00,2.63,2.69,2.6,2.66,26415
2002-10-25 00:00:00,2.65,2.6675,2.575,2.59,29377
2002-10-28 00:00:00,2.5775,2.6,2.575,2.5775,11663
2002-10-29 00:00:00,2.6,2.675,2.575,2.64,20337
2002-10-30 00:00:00,2.675,2.8,2.675,2.6925,51029
2002-10-31 00:00:00,2.6,2.85,2.555,2.7975,80520
2002-11-01 00:00:00,2.8625,3.175,2.8625,3.0725,284629
2002-11-04 00:00:00,3.11,3.175,3.05,3.1575,76903
2002-11-05 00:00:00,3.13,3.15,3.0025,3.0275,47071
2002-11-07 00:00:00,3.145,3.145,2.995,3.015,34442
2002-11-08 00:00:00,3.045,3.045,2.955,2.98,31663
2002-11-11 00:00:00,2.99,3.02,2.9325,2.95,27973
2002-11-12 00:00:00,2.9125,2.945,2.9,2.915,13177
2002-11-13 00:00:00,2.94,2.9725,2.9125,2.9225,13738
2002-11-14 00:00:00,2.9075,2.9875,2.8875,2.9525,24914
2002-11-15 00:00:00,2.95,3.15,2.95,3.07,80741
2002-11-18 00:00:00,3.1,3.1925,3.1,3.165,86121
2002-11-20 00:00:00,3.2,3.29,3.1775,3.24,68113
2002-11-21 00:00:00,3.275,3.2825,3.1625,3.2025,44823
2002-11-22 00:00:00,3.275,3.495,3.25,3.435,179079
2002-11-25 00:00:00,3.4,3.495,3.3775,3.45,75730
2002-11-26 00:00:00,3.475,3.585,3.4525,3.55,60796
2002-11-27 00:00:00,3.55,3.55,3.425,3.475,49454
2002-11-28 00:00:00,3.505,3.565,3.4575,3.475,42141
2002-11-29 00:00:00,3.5225,3.9,3.4625,3.865,203547
2002-12-02 00:00:00,4,4,3.7,3.96,146955
2002-12-03 00:00:00,3.94,3.995,3.7525,3.7975,102260
2002-12-04 00:00:00,3.7475,3.78,3.7,3.73,33159
2002-12-05 00:00:00,3.75,3.975,3.75,3.91,63450
2002-12-06 00:00:00,3.8625,3.9975,3.85,3.87,36487
2002-12-09 00:00:00,3.9125,3.95,3.7,3.7475,35533
2002-12-10 00:00:00,3.7425,3.8,3.615,3.78,31114
2002-12-11 00:00:00,3.805,3.875,3.755,3.8475,29824
2002-12-12 00:00:00,3.83,3.87,3.7125,3.7375,27791
2002-12-13 00:00:00,3.73,3.86,3.73,3.795,34707
2002-12-16 00:00:00,3.9,3.955,3.73,3.75,39405
2002-12-17 00:00:00,3.775,3.7925,3.63,3.6625,31536
2002-12-18 00:00:00,3.705,3.75,3.55,3.6325,30365
2002-12-19 00:00:00,3.6525,4.305,3.65,4.07,887883
2002-12-20 00:00:00,4.105,4.1725,4.0125,4.055,486289
2002-12-23 00:00:00,4.075,4.075,3.855,3.88,112521
2002-12-24 00:00:00,3.9,4.0525,3.83,3.945,196175
2002-12-26 00:00:00,3.9875,4.0625,3.915,3.93,119552
2002-12-27 00:00:00,3.9325,4.0225,3.9025,3.9225,77805
2002-12-30 00:00:00,3.91,3.925,3.855,3.8775,43403
2002-12-31 00:00:00,3.915,4.0375,3.89,3.9075,107541
2003-01-01 00:00:00,3.9125,3.9425,3.855,3.87,31444
2003-01-02 00:00:00,3.875,3.9075,3.775,3.7875,38560
2003-01-03 00:00:00,3.875,3.875,3.67,3.7025,40620
2003-01-06 00:00:00,3.75,3.7625,3.66,3.675,40876
2003-01-07 00:00:00,3.6,3.7,3.6,3.635,52995
2003-01-08 00:00:00,3.65,3.71,3.645,3.6825,29382
2003-01-09 00:00:00,3.7,3.7225,3.675,3.6925,33973
2003-01-10 00:00:00,3.7,3.7125,3.575,3.61,27033
2003-01-13 00:00:00,3.635,3.635,3.405,3.58,40629
2003-01-14 00:00:00,3.625,3.7125,3.6,3.6175,66773
2003-01-15 00:00:00,3.675,3.77,3.63,3.655,41034
2003-01-16 00:00:00,3.675,3.7,3.65,3.68,21082
2003-01-17 00:00:00,3.725,4,3.725,3.8425,289669
2003-01-20 00:00:00,3.885,3.995,3.8075,3.8325,145220
2003-01-21 00:00:00,3.85,3.875,3.71,3.7275,39700
2003-01-22 00:00:00,3.75,3.8875,3.725,3.76,74916
2003-01-23 00:00:00,3.765,3.8425,3.7175,3.7325,46017
2003-01-24 00:00:00,3.805,3.805,3.5125,3.5325,65797
2003-01-27 00:00:00,3.55,3.55,3.0025,3.0925,142321
2003-01-28 00:00:00,3.05,3.3975,2.95,3.315,101093
2003-01-29 00:00:00,3.4,3.475,3.205,3.25,58871
2003-01-30 00:00:00,3.2025,3.31,3.15,3.24,33805
2003-01-31 00:00:00,3.2325,3.2425,3.155,3.1875,21596
2003-02-03 00:00:00,3.1875,3.275,3.185,3.2575,26422
2003-02-04 00:00:00,3.3,3.34,3.225,3.2475,32404
2003-02-05 00:00:00,3.2,3.2425,3.1675,3.1975,12449
2003-02-06 00:00:00,3.2,3.3,3.2,3.26,40187
2003-02-07 00:00:00,3.25,3.325,3.23,3.2625,28929
2003-02-10 00:00:00,3.2125,3.245,3.1325,3.15,11984
2003-02-11 00:00:00,3.195,3.22,3.1125,3.145,12648
2003-02-12 00:00:00,3.1375,3.15,3.0625,3.1025,12822
2003-02-14 00:00:00,2.905,3.0875,2.905,2.9925,23417
2003-02-17 00:00:00,3.145,3.25,3.0275,3.11,57149
2003-02-18 00:00:00,3.15,3.175,3.0775,3.095,35043
2003-02-19 00:00:00,3.1,3.135,3.07,3.0775,25938
2003-02-20 00:00:00,3.03,3.1125,3.025,3.05,36469
2003-02-21 00:00:00,3.03,3.0625,3.03,3.0475,16608
2003-02-24 00:00:00,3.05,3.1075,3.05,3.085,15442
2003-02-25 00:00:00,3.0625,3.095,3.005,3.0225,19185
2003-02-26 00:00:00,3.0625,3.0675,3.005,3.015,13943
2003-02-27 00:00:00,3.1,3.1,2.99,3.005,16373
2003-02-28 00:00:00,3.0875,3.095,2.925,2.9675,67212
2003-03-03 00:00:00,3.02,3.07,2.9875,3.0225,20600
2003-03-04 00:00:00,2.9025,3.025,2.9025,2.955,8476
2003-03-05 00:00:00,3.145,3.145,2.65,2.89,22085
2003-03-06 00:00:00,2.8875,2.975,2.855,2.875,13271
2003-03-07 00:00:00,2.85,2.865,2.7125,2.7475,49501
2003-03-10 00:00:00,2.795,2.82,2.725,2.7425,25991
2003-03-11 00:00:00,2.7375,2.75,2.665,2.745,19441
2003-03-12 00:00:00,2.6525,2.7875,2.6525,2.76,17255
2003-03-13 00:00:00,2.8175,2.8175,2.7175,2.755,16643
2003-03-17 00:00:00,2.655,2.73,2.575,2.7025,14709
2003-03-19 00:00:00,2.725,2.7325,2.6025,2.625,27545
2003-03-20 00:00:00,2.6025,2.825,2.6025,2.745,91831
2003-03-21 00:00:00,2.7625,2.8,2.715,2.785,17545
2003-03-22 00:00:00,2.82,2.8725,2.79,2.865,10790
2003-03-24 00:00:00,2.8,2.85,2.725,2.735,15438
2003-03-25 00:00:00,2.695,2.74,2.665,2.725,23898
2003-03-26 00:00:00,2.7875,2.79,2.69,2.7125,43528
2003-03-27 00:00:00,2.7025,2.715,2.6375,2.6475,16684
2003-03-28 00:00:00,2.6425,2.695,2.595,2.6,22686
2003-03-31 00:00:00,2.575,2.585,2.52,2.535,16630
2003-04-01 00:00:00,2.685,2.685,2.54,2.595,15177
2003-04-02 00:00:00,2.755,2.755,2.615,2.625,17895
2003-04-03 00:00:00,2.6925,2.6925,2.625,2.6325,18796
2003-04-04 00:00:00,2.645,2.6925,2.6275,2.6575,35396
2003-04-07 00:00:00,2.7,2.825,2.6725,2.78,67353
2003-04-08 00:00:00,2.7575,2.865,2.75,2.765,56773
2003-04-09 00:00:00,2.755,2.7875,2.7225,2.735,19643
2003-04-10 00:00:00,2.725,2.75,2.64,2.6525,22001
2003-04-11 00:00:00,2.68,2.725,2.575,2.6425,32560
2003-04-15 00:00:00,2.75,2.785,2.6875,2.74,28455
2003-04-16 00:00:00,2.7675,2.77,2.705,2.7325,19118
2003-04-17 00:00:00,2.75,2.75,2.685,2.7025,10396
2003-04-21 00:00:00,2.7375,2.9,2.68,2.8675,73871
2003-04-22 00:00:00,2.9,3.075,2.8775,3.0325,155235
2003-04-23 00:00:00,3.065,3.145,2.915,2.94,98037
2003-04-24 00:00:00,2.9725,2.985,2.87,2.895,25404
2003-04-25 00:00:00,2.89,2.935,2.845,2.8675,44680
2003-04-28 00:00:00,2.915,2.915,2.8275,2.85,16082
2003-04-29 00:00:00,2.8825,2.8825,2.8075,2.82,14914
2003-04-30 00:00:00,2.8025,2.85,2.8025,2.8375,13636
2003-05-02 00:00:00,2.8275,2.92,2.825,2.885,15879
2003-05-05 00:00:00,2.8875,2.94,2.85,2.8575,23645
2003-05-06 00:00:00,2.88,2.885,2.7325,2.76,60243
2003-05-07 00:00:00,2.775,2.82,2.6,2.615,116557
2003-05-08 00:00:00,2.66,2.725,2.6275,2.695,44128
2003-05-09 00:00:00,2.7,2.7425,2.7,2.71,18004
2003-05-12 00:00:00,2.84,2.84,2.7,2.745,32754
2003-05-13 00:00:00,2.75,2.8975,2.75,2.84,66205
2003-05-14 00:00:00,2.8625,3.02,2.84,2.975,327859
2003-05-15 00:00:00,3.0125,3.2825,3.0125,3.2,644109
2003-05-16 00:00:00,3.25,3.32,3.095,3.1375,254793
2003-05-19 00:00:00,3.1725,3.3125,3.1,3.14,219843
2003-05-20 00:00:00,3.1475,3.2,3.0975,3.1275,124236
2003-05-21 00:00:00,3.1375,3.25,3.05,3.1125,169912
2003-05-22 00:00:00,3.0975,3.15,2.9025,3.06,64845
2003-05-23 00:00:00,3.1,3.13,3.0525,3.06,55753
2003-05-26 00:00:00,3.095,3.3475,3.065,3.31,342058
2003-05-27 00:00:00,3.39,3.45,3.135,3.16,345621
2003-05-28 00:00:00,3.225,3.25,3.175,3.215,124378
2003-05-29 00:00:00,3.2125,3.2825,3.19,3.215,83624
2003-05-30 00:00:00,3.285,3.4625,3.225,3.3125,357551
2003-06-02 00:00:00,3.35,3.3875,3.215,3.235,129715
2003-06-03 00:00:00,3.27,3.27,3.1875,3.2025,44616
2003-06-04 00:00:00,3.2,3.3875,3.2,3.28,153745
2003-06-05 00:00:00,3.3375,3.35,3.1875,3.21,93801
2003-06-06 00:00:00,3.2425,3.2975,3.205,3.2175,45119
2003-06-09 00:00:00,3.28,3.29,3.225,3.2375,70163
2003-06-10 00:00:00,3.2725,3.525,3.245,3.345,473828
2003-06-11 00:00:00,3.3725,3.41,3.2625,3.31,115406
2003-06-12 00:00:00,3.3275,3.41,3.325,3.335,104009
2003-06-13 00:00:00,3.3925,3.45,3.33,3.3425,121664
2003-06-16 00:00:00,3.325,3.3475,3.26,3.2675,60652
2003-06-17 00:00:00,3.3175,3.34,3.26,3.2875,61878
2003-06-18 00:00:00,3.3125,3.39,3.25,3.2775,121178
2003-06-19 00:00:00,3.3,3.305,3.2075,3.2225,50003
2003-06-20 00:00:00,3.245,3.32,3.22,3.235,93864
2003-06-23 00:00:00,3.255,3.42,3.2475,3.3475,281726
2003-06-24 00:00:00,3.375,3.545,3.375,3.5125,594904
2003-06-25 00:00:00,3.5875,3.6225,3.4525,3.4825,486957
2003-06-26 00:00:00,3.4975,3.53,3.37,3.39,209294
2003-06-27 00:00:00,3.465,3.465,3.3325,3.38,147043
2003-06-30 00:00:00,3.335,3.4675,3.3,3.3675,222413
2003-07-01 00:00:00,3.325,3.535,3.255,3.495,384858
2003-07-02 00:00:00,3.64,3.825,3.6125,3.6675,961431
2003-07-03 00:00:00,3.6775,3.74,3.555,3.585,255391
2003-07-04 00:00:00,3.675,3.695,3.46,3.5625,224909
2003-07-07 00:00:00,3.6125,3.7225,3.6125,3.6625,282797
2003-07-08 00:00:00,3.705,3.81,3.61,3.65,475556
2003-07-09 00:00:00,3.65,3.7,3.455,3.48,111980
2003-07-10 00:00:00,3.5075,3.595,3.4675,3.5,112052
2003-07-11 00:00:00,3.55,3.5925,3.5,3.51,101949
2003-07-14 00:00:00,3.5875,3.5875,3.475,3.4925,75995
2003-07-15 00:00:00,3.545,3.55,3.33,3.38,97927
2003-07-16 00:00:00,3.4175,3.44,3.38,3.3975,108004
2003-07-17 00:00:00,3.445,3.45,3.3375,3.36,96476
2003-07-18 00:00:00,3.3275,3.39,3.305,3.3375,54432
2003-07-21 00:00:00,3.37,3.4,3.24,3.2725,81180
2003-07-22 00:00:00,3.235,3.37,3.15,3.2575,148432
2003-07-23 00:00:00,3.32,3.32,3.2,3.2175,78032
2003-07-24 00:00:00,3.21,3.245,3.1675,3.1875,52501
2003-07-25 00:00:00,3.23,3.2875,3.1625,3.2,70527
2003-07-28 00:00:00,3.245,3.495,3.2125,3.35,234650
2003-07-29 00:00:00,3.4,3.415,3.275,3.325,100108
2003-07-30 00:00:00,3.34,3.4175,3.305,3.365,107822
2003-07-31 00:00:00,3.395,3.4,3.325,3.33,60595
2003-08-01 00:00:00,3.3375,3.37,3.3,3.33,49095
2003-08-04 00:00:00,3.325,3.435,3.315,3.3425,177822
2003-08-05 00:00:00,3.3925,3.405,3.25,3.2775,144440
2003-08-06 00:00:00,3.29,3.335,3.2275,3.2525,57919
2003-08-07 00:00:00,3.29,3.3425,3.265,3.29,71623
2003-08-08 00:00:00,3.32,3.4725,3.32,3.42,416534
2003-08-11 00:00:00,3.45,4.105,3.395,3.95,1404137
2003-08-12 00:00:00,4.08,4.12,3.815,3.865,1242933
2003-08-13 00:00:00,3.95,4.095,3.7875,4.0175,660774
2003-08-14 00:00:00,4.0675,4.1,3.81,3.855,367463
2003-08-18 00:00:00,3.8975,4.025,3.8225,3.9625,289658
2003-08-19 00:00:00,3.995,4.05,3.8175,3.84,157823
2003-08-20 00:00:00,3.8875,3.99,3.825,3.8775,198527
2003-08-21 00:00:00,3.92,3.95,3.8,3.83,142140
2003-08-22 00:00:00,3.9,4.17,3.8275,4.015,1057641
2003-08-25 00:00:00,4.09,4.1325,3.605,3.74,770687
2003-08-26 00:00:00,3.785,4.05,3.7825,3.98,490864
2003-08-27 00:00:00,3.9725,4.18,3.95,4.0075,612266
2003-08-28 00:00:00,4.075,4.095,3.9025,3.93,173346
2003-08-29 00:00:00,3.985,4,3.85,3.8775,152958
2003-09-01 00:00:00,3.9,3.9925,3.78,3.8925,314768
2003-09-02 00:00:00,3.9275,4.19,3.8575,4.12,702394
2003-09-03 00:00:00,4.17,4.32,3.9025,3.9425,877348
2003-09-04 00:00:00,3.995,4.09,3.8875,3.91,304385
2003-09-05 00:00:00,4.045,4.08,3.9575,3.9875,202555
2003-09-08 00:00:00,4.04,4.08,3.9275,3.9575,156582
2003-09-09 00:00:00,4,4.0175,3.86,3.8775,154882
2003-09-10 00:00:00,3.97,3.97,3.84,3.88,109690
2003-09-11 00:00:00,3.915,3.98,3.875,3.8875,133570
2003-09-12 00:00:00,4.025,4.17,3.9125,3.945,604588
2003-09-15 00:00:00,3.9,3.975,3.7775,3.7975,144261
2003-09-16 00:00:00,3.8325,3.8325,3.665,3.745,117422
2003-09-17 00:00:00,3.8275,3.925,3.775,3.7925,128514
2003-09-18 00:00:00,3.905,4,3.615,3.6375,107777
2003-09-19 00:00:00,3.7325,3.7325,3.4375,3.5575,126146
2003-09-22 00:00:00,3.575,3.6875,3.51,3.52,109172
2003-09-23 00:00:00,3.645,3.7,3.48,3.495,334291
2003-09-24 00:00:00,3.615,3.625,3.525,3.55,283595
2003-09-25 00:00:00,3.545,3.845,3.5,3.77,417760
2003-09-26 00:00:00,3.8125,3.94,3.8,3.855,359385
2003-09-29 00:00:00,3.89,3.89,3.79,3.8175,152410
2003-09-30 00:00:00,3.8625,3.9275,3.83,3.885,184270
2003-10-01 00:00:00,3.925,4.15,3.925,4.0625,722901
2003-10-03 00:00:00,4.1125,4.22,4.0525,4.185,563310
2003-10-06 00:00:00,4.225,5.01,4.225,4.8325,2817819
2003-10-07 00:00:00,4.9,4.9125,4.5375,4.6175,815139
2003-10-08 00:00:00,4.645,4.845,4.58,4.6675,756003
2003-10-09 00:00:00,4.7,4.825,4.63,4.68,335292
2003-10-10 00:00:00,4.7725,4.7725,4.6,4.6175,260471
2003-10-13 00:00:00,4.65,5.045,4.6,4.81,1190945
2003-10-14 00:00:00,4.8,4.87,4.595,4.615,395763
2003-10-15 00:00:00,4.6375,4.8,4.5925,4.68,427742
2003-10-16 00:00:00,4.715,4.775,4.65,4.6875,233764
2003-10-17 00:00:00,4.7225,5.12,4.6575,4.94,1228553
2003-10-20 00:00:00,4.95,5.91,4.8525,5.7825,3434573
2003-10-21 00:00:00,5.7075,5.885,5.25,5.36,1117044
2003-10-22 00:00:00,5.495,6.0225,5.32,5.4625,2175363
2003-10-23 00:00:00,5.495,5.7375,5.375,5.4425,971791
2003-10-24 00:00:00,5.465,5.615,5.2625,5.5525,780731
2003-10-25 00:00:00,5.68,5.735,5.61,5.6675,266766
2003-10-27 00:00:00,5.6875,5.6975,5.355,5.42,361499
2003-10-28 00:00:00,5.45,5.48,5.075,5.225,551904
2003-10-29 00:00:00,5.3,5.445,5.25,5.36,329263
2003-10-30 00:00:00,5.425,5.675,5.285,5.5525,572360
2003-10-31 00:00:00,5.6,5.985,5.585,5.935,979042
2003-11-03 00:00:00,6.025,6.18,5.9175,5.99,550171
2003-11-04 00:00:00,6.045,6.075,5.775,5.825,282995
2003-11-05 00:00:00,5.85,5.925,5.65,5.7325,334903
2003-11-06 00:00:00,5.78,5.86,5.66,5.735,190428
2003-11-07 00:00:00,5.7925,5.825,5.555,5.6025,175989
2003-11-10 00:00:00,5.6675,5.9,5.475,5.7825,142329
2003-11-11 00:00:00,5.845,5.92,5.65,5.69,218456
2003-11-12 00:00:00,5.745,5.855,5.6525,5.6975,199275
2003-11-13 00:00:00,5.76,5.775,5.4,5.425,247971
2003-11-14 00:00:00,5.45,5.5725,5.27,5.3425,198804
2003-11-15 00:00:00,5.3825,5.625,5.3275,5.5,69359
2003-11-17 00:00:00,5.585,5.85,5.4775,5.72,393461
2003-11-18 00:00:00,5.8025,6.035,5.7,5.8075,664811
2003-11-19 00:00:00,5.845,6.0675,5.625,5.675,575191
2003-11-20 00:00:00,5.7625,5.79,5.425,5.4575,227105
2003-11-21 00:00:00,5.38,5.4975,5.25,5.4175,225365
2003-11-24 00:00:00,5.495,5.6,5.45,5.5375,141681
2003-11-25 00:00:00,5.62,5.695,5.555,5.59,153712
2003-11-27 00:00:00,5.615,5.69,5.51,5.6,149519
2003-11-28 00:00:00,5.625,5.7975,5.5675,5.6475,232214
2003-12-01 00:00:00,5.7,6.25,5.7,6.145,1010615
2003-12-02 00:00:00,6.15,6.22,5.96,6.125,442956
2003-12-03 00:00:00,6.125,6.64,6.125,6.4025,900692
2003-12-04 00:00:00,6.445,6.515,6.2,6.455,366475
2003-12-05 00:00:00,6.48,6.485,5.975,6.095,191325
2003-12-08 00:00:00,6.075,6.35,5.955,6.3075,178228
2003-12-09 00:00:00,6.4125,6.415,6.2,6.365,135717
2003-12-10 00:00:00,6.35,6.66,6.2775,6.3825,234859
2003-12-11 00:00:00,6.4825,6.4825,6.265,6.3525,140945
2003-12-12 00:00:00,6.45,6.4975,6.3025,6.37,98434
2003-12-15 00:00:00,6.425,6.63,6.425,6.455,171943
2003-12-16 00:00:00,6.455,6.87,6.405,6.5675,533660
2003-12-17 00:00:00,6.6375,6.6375,6.3575,6.4,150297
2003-12-18 00:00:00,6.45,6.6875,6.4025,6.525,181374
2003-12-19 00:00:00,6.59,6.85,6.385,6.4275,135271
2003-12-22 00:00:00,6.465,6.65,6.425,6.52,207115
2003-12-23 00:00:00,6.5,7.08,6.4625,6.9825,980107
2003-12-24 00:00:00,7.1,7.195,6.875,6.9025,430527
2003-12-26 00:00:00,6.9675,7.095,6.8,6.8425,195202
2003-12-29 00:00:00,6.935,7,6.825,6.9,178190
2003-12-30 00:00:00,6.9925,6.9925,6.575,6.665,140840
2003-12-31 00:00:00,6.7175,6.75,6.46,6.485,133552
2004-01-01 00:00:00,6.5275,6.7,6.5275,6.6425,77077
2004-01-02 00:00:00,6.7,6.75,6.5625,6.5975,85314
2004-01-05 00:00:00,6.7,6.735,6.3,6.49,96009
2004-01-06 00:00:00,6.25,6.6,6.25,6.34,109432
2004-01-07 00:00:00,6.3,6.45,6.05,6.355,127464
2004-01-08 00:00:00,6.56,6.675,6.405,6.4425,99168
2004-01-09 00:00:00,6.5775,6.75,6.4525,6.6125,323876
2004-01-12 00:00:00,6.625,6.675,6.31,6.375,83593
2004-01-13 00:00:00,6.3975,6.7,6.1,6.6275,287543
2004-01-14 00:00:00,6.705,6.885,6.5575,6.6325,248797
2004-01-15 00:00:00,6.6625,6.75,6.3675,6.4225,133766
2004-01-16 00:00:00,6.4975,6.4975,6.205,6.2675,121376
2004-01-19 00:00:00,6.2625,6.265,5.965,6.2125,109344
2004-01-20 00:00:00,6.265,6.3625,6.205,6.29,136326
2004-01-21 00:00:00,6.2075,6.25,5.5575,5.68,135849
2004-01-22 00:00:00,5.68,5.99,5.4275,5.7125,127412
2004-01-23 00:00:00,5.845,6.0975,5.755,6.0075,86747
2004-01-27 00:00:00,6.15,6.195,5.9525,6.1725,71370
2004-01-28 00:00:00,5.9,6.125,5.8525,5.92,68897
2004-01-29 00:00:00,5.9925,6.19,5.85,6.0125,127183
2004-01-30 00:00:00,5.99,5.99,5.5275,5.6575,199478
2004-02-03 00:00:00,5.75,5.75,5.26,5.39,150570
2004-02-04 00:00:00,5.405,5.405,5.005,5.105,95916
2004-02-05 00:00:00,5.1475,5.225,5.05,5.145,192419
2004-02-06 00:00:00,5.015,5.2125,4.75,4.86,228535
2004-02-09 00:00:00,4.875,4.925,4.855,4.885,102304
2004-02-10 00:00:00,4.9,4.925,4.765,4.8025,93393
2004-02-11 00:00:00,4.85,4.85,4.7,4.72,100881
2004-02-12 00:00:00,4.795,4.8375,4.7,4.7375,171475
2004-02-13 00:00:00,4.75,4.7875,4.715,4.74,204230
2004-02-16 00:00:00,4.7775,4.925,4.725,4.7425,315389
2004-02-17 00:00:00,4.75,5.395,4.715,5.335,1184514
2004-02-18 00:00:00,5.375,5.39,5.115,5.16,399956
2004-02-19 00:00:00,5.2,5.24,4.975,4.9875,230972
2004-02-20 00:00:00,4.9875,5.17,4.825,5.1025,202802
2004-02-23 00:00:00,5.15,5.575,5.105,5.435,677256
2004-02-24 00:00:00,5.45,6.385,5.3,6.19,1114431
2004-02-25 00:00:00,6.175,6.3375,5.8,5.96,760471
2004-02-26 00:00:00,5.95,6.175,5.8525,5.9775,355480
2004-02-27 00:00:00,6.025,6.125,5.985,6.03,223456
2004-03-01 00:00:00,6.075,6.075,5.675,5.91,193681
2004-03-03 00:00:00,5.95,6.265,5.875,6.05,286042
2004-03-04 00:00:00,6.08,6.085,5.9775,6.03,92091
2004-03-05 00:00:00,6.06,6.17,5.855,5.9125,75090
2004-03-08 00:00:00,5.95,6.0225,5.8,5.835,44870
2004-03-09 00:00:00,5.8825,5.8825,5.625,5.68,58130
2004-03-10 00:00:00,5.7375,5.7375,5.495,5.655,52311
2004-03-11 00:00:00,5.65,5.735,5.405,5.54,58286
2004-03-12 00:00:00,5.6,5.6025,5.39,5.44,36614
2004-03-15 00:00:00,5.49,5.735,5.1175,5.2325,154382
2004-03-16 00:00:00,5.285,5.285,5,5.065,62209
2004-03-17 00:00:00,5.1325,5.495,5.035,5.36,112439
2004-03-18 00:00:00,5.585,5.585,5.165,5.2075,52037
2004-03-19 00:00:00,5.2025,5.31,5.12,5.2275,39282
2004-03-22 00:00:00,5.2,5.2,4.905,4.99,34722
2004-03-23 00:00:00,5.07,5.145,4.825,5.045,56176
2004-03-24 00:00:00,5.0625,5.075,4.9075,4.955,39671
2004-03-25 00:00:00,5.005,5.25,5.005,5.165,42046
2004-03-26 00:00:00,5.2175,5.3675,5.11,5.21,78479
2004-03-29 00:00:00,5.2625,5.4,5.25,5.3575,35923
2004-03-30 00:00:00,5.4,5.645,5.35,5.4225,64703
2004-03-31 00:00:00,5.4,5.525,5.24,5.3025,47366
2004-04-01 00:00:00,5.395,5.5975,5.3625,5.5525,69159
2004-04-02 00:00:00,5.6,5.76,5.5525,5.62,90673
2004-04-05 00:00:00,5.695,5.925,5.675,5.8,96360
2004-04-06 00:00:00,5.8,5.875,5.7,5.7675,40129
2004-04-07 00:00:00,5.7675,5.8,5.75,5.7625,20927
2004-04-08 00:00:00,5.7575,5.7975,5.55,5.59,40577
2004-04-12 00:00:00,5.6,5.7,5.55,5.5525,42027
2004-04-13 00:00:00,5.625,5.725,5.585,5.705,18760
2004-04-15 00:00:00,5.775,5.9,5.725,5.8575,52628
2004-04-16 00:00:00,5.895,6.095,5.855,5.905,86989
2004-04-17 00:00:00,5.975,5.9925,5.8,5.8725,11222
2004-04-19 00:00:00,5.9,5.945,5.5525,5.6025,42541
2004-04-20 00:00:00,5.645,5.695,5.5,5.62,26031
2004-04-21 00:00:00,5.6125,5.79,5.6,5.7,28200
2004-04-22 00:00:00,5.74,5.845,5.64,5.7075,17734
2004-04-23 00:00:00,5.75,5.865,5.685,5.8075,70350
2004-04-27 00:00:00,5.865,5.865,5.4075,5.4725,45833
2004-04-28 00:00:00,5.3125,5.55,5.3125,5.4575,30977
2004-04-29 00:00:00,5.45,5.625,5.45,5.4825,18909
2004-04-30 00:00:00,5.4,5.545,5.4,5.4775,11168
2004-05-03 00:00:00,5.45,5.5,5.25,5.4125,40144
2004-05-04 00:00:00,5.69,5.69,5.45,5.4775,9026
2004-05-05 00:00:00,5.65,5.6725,5.3625,5.41,15138
2004-05-06 00:00:00,5.65,5.65,5.55,5.595,29431
2004-05-07 00:00:00,5.65,5.89,5.575,5.71,95309
2004-05-10 00:00:00,5.565,5.675,5.5,5.6375,21022
2004-05-11 00:00:00,5.55,5.55,5.25,5.2975,37705
2004-05-12 00:00:00,5.455,5.55,5.3775,5.4775,25554
2004-05-13 00:00:00,5.0625,5.7,5.0625,5.535,34373
2004-05-14 00:00:00,5.65,5.65,4.9,4.9625,121732
2004-05-17 00:00:00,4.75,4.95,4.05,4.44,45683
2004-05-18 00:00:00,4.6,4.9,4.425,4.6225,74142
2004-05-19 00:00:00,4.75,4.945,4.705,4.765,60591
2004-05-20 00:00:00,4.99,5,4.7025,4.7175,67282
2004-05-21 00:00:00,4.25,4.77,4.25,4.6825,18686
2004-05-24 00:00:00,4.995,4.995,4.765,4.82,43581
2004-05-25 00:00:00,4.8525,4.8825,4.665,4.77,26063
2004-05-26 00:00:00,4.89,4.89,4.81,4.85,44407
2004-05-27 00:00:00,4.8475,4.9,4.8125,4.8325,9468
2004-05-28 00:00:00,4.8,4.825,4.6275,4.68,23410
2004-05-31 00:00:00,4.305,4.7,4.305,4.4875,18454
2004-06-01 00:00:00,4.56,4.65,4.5025,4.5225,13842
2004-06-02 00:00:00,4.68,4.68,4.5,4.54,17565
2004-06-03 00:00:00,4.625,4.63,4.54,4.57,21659
2004-06-04 00:00:00,4.495,4.625,4.4,4.4925,22437
2004-06-07 00:00:00,4.6,4.675,4.525,4.56,21195
2004-06-08 00:00:00,4.5775,4.6,4.475,4.52,17591
2004-06-09 00:00:00,4.5,4.645,4.5,4.6125,22979
2004-06-10 00:00:00,4.6,4.7375,4.51,4.565,34298
2004-06-11 00:00:00,4.7,4.875,4.415,4.4675,184851
2004-06-14 00:00:00,4.525,4.525,4.3275,4.365,40298
2004-06-15 00:00:00,4.35,4.45,4.35,4.3925,20402
2004-06-16 00:00:00,4.4625,4.55,4.39,4.4975,25690
2004-06-17 00:00:00,4.5,4.55,4.475,4.515,27045
2004-06-18 00:00:00,4.405,4.595,4.405,4.5375,29935
2004-06-21 00:00:00,4.5025,4.7225,4.425,4.4825,48461
2004-06-22 00:00:00,4.5,4.525,4.435,4.4925,11159
2004-06-23 00:00:00,4.42,4.5,4.325,4.3575,19223
2004-06-24 00:00:00,4.42,4.63,4.325,4.595,53047
2004-06-25 00:00:00,4.65,5.15,4.55,5.05,182906
2004-06-28 00:00:00,5.1,5.225,4.9,5.02,90789
2004-06-29 00:00:00,5.175,5.35,4.95,5.205,110284
2004-06-30 00:00:00,5.2,5.475,5.2,5.345,80435
2004-07-01 00:00:00,5.3625,5.4925,5.175,5.425,74319
2004-07-02 00:00:00,5.4,5.575,5.3825,5.4475,90722
2004-07-05 00:00:00,5.475,5.475,5.2,5.2575,31415
2004-07-06 00:00:00,5.335,5.545,5.26,5.4825,40016
2004-07-07 00:00:00,5.6125,5.69,4.6275,5.44,72479
2004-07-08 00:00:00,5.45,5.525,4.91,5.0075,67087
2004-07-09 00:00:00,4.89,5.2225,4.89,5.12,63866
2004-07-12 00:00:00,5.25,5.5975,5.16,5.5175,52880
2004-07-13 00:00:00,5.55,5.75,5.5025,5.5325,97934
2004-07-14 00:00:00,5.5025,5.625,5.4525,5.5675,32879
2004-07-15 00:00:00,5.65,5.6975,5.55,5.6575,31071
2004-07-16 00:00:00,5.55,5.7925,5.55,5.7075,72163
2004-07-19 00:00:00,5.74,6.075,5.7175,5.8275,187640
2004-07-20 00:00:00,6,6,5.805,5.8625,68797
2004-07-21 00:00:00,5.925,5.945,5.76,5.8425,41223
2004-07-22 00:00:00,5.9,5.975,5.84,5.8725,68940
2004-07-23 00:00:00,5.9,5.9,5.8375,5.8725,35922
2004-07-26 00:00:00,5.795,5.875,5.5375,5.8,64090
2004-07-27 00:00:00,5.4,5.7625,5.4,5.615,69109
2004-07-28 00:00:00,5.695,5.725,5.4625,5.535,39753
2004-07-29 00:00:00,5.595,5.67,5.425,5.4475,44907
2004-07-30 00:00:00,5.495,5.6,5.4875,5.535,39971
2004-08-02 00:00:00,5.55,5.6,5.5075,5.5325,25997
2004-08-03 00:00:00,5.55,5.6,5.47,5.55,24765
2004-08-04 00:00:00,5.59,6.0625,5.59,5.9675,363113
2004-08-05 00:00:00,6.005,6.195,5.9075,5.9325,212494
2004-08-06 00:00:00,5.9075,5.9625,5.7225,5.76,58012
2004-08-09 00:00:00,5.7,5.9,5.6,5.8475,49126
2004-08-10 00:00:00,5.9125,5.9875,5.79,5.8075,37302
2004-08-11 00:00:00,5.76,5.8725,5.605,5.64,35311
2004-08-12 00:00:00,5.7,5.74,5.6025,5.6275,33761
2004-08-13 00:00:00,5.6975,5.85,5.565,5.78,49657
2004-08-16 00:00:00,5.7,5.8975,5.7,5.79,33680
2004-08-17 00:00:00,5.78,6.95,5.78,6.7125,911728
2004-08-18 00:00:00,6.75,6.75,6.405,6.5,593559
2004-08-19 00:00:00,6.5675,6.62,6.2675,6.33,256399
2004-08-20 00:00:00,6.35,6.75,6.35,6.5425,623117
2004-08-23 00:00:00,6.635,6.65,6.4075,6.4475,222749
2004-08-24 00:00:00,6.4975,6.685,6.4075,6.605,138464
2004-08-25 00:00:00,6.665,7.135,6.63,6.87,870915
2004-08-26 00:00:00,6.8,7.22,6.6325,7.17,982890
2004-08-27 00:00:00,7.2,7.57,7.005,7.5275,1460996
2004-08-30 00:00:00,7.55,7.7225,7.3375,7.58,906505
2004-08-31 00:00:00,7.58,7.58,7.2575,7.3525,294583
2004-09-01 00:00:00,7.325,7.425,7.155,7.18,249924
2004-09-02 00:00:00,7.2,7.3875,7.01,7.085,186791
2004-09-03 00:00:00,7.135,7.1875,7.02,7.06,99630
2004-09-06 00:00:00,7.085,7.295,7.085,7.1775,118283
2004-09-07 00:00:00,7.2,7.3525,7.18,7.225,102834
2004-09-08 00:00:00,7.25,7.35,7.1025,7.1325,104484
2004-09-09 00:00:00,7.185,7.2325,6.8625,6.975,114648
2004-09-10 00:00:00,7,7.05,6.755,6.8775,126302
2004-09-13 00:00:00,6.95,7.1175,6.92,6.96,105841
2004-09-14 00:00:00,7.07,7.07,6.85,6.9,48064
2004-09-15 00:00:00,6.985,7.125,6.805,6.8925,97316
2004-09-16 00:00:00,6.945,7.02,6.8225,6.89,56572
2004-09-17 00:00:00,6.935,7.39,6.91,7.0675,325194
2004-09-20 00:00:00,7.145,7.1825,6.9225,6.9475,78338
2004-09-21 00:00:00,6.9625,7.015,6.7675,6.825,123130
2004-09-22 00:00:00,6.87,7.12,6.865,7.01,167539
2004-09-23 00:00:00,7,7.085,6.88,6.91,83932
2004-09-24 00:00:00,6.935,7.33,6.8875,7.245,302184
2004-09-27 00:00:00,7.25,7.36,7.1075,7.15,127437
2004-09-28 00:00:00,7.185,7.265,7.0525,7.0675,69090
2004-09-29 00:00:00,7.0875,7.2,6.975,7.1475,68765
2004-09-30 00:00:00,7.15,7.245,7.025,7.065,34160
2004-10-01 00:00:00,7.1375,7.17,6.98,7.005,23862
2004-10-04 00:00:00,7.1,7.19,7.0025,7.0225,65026
2004-10-05 00:00:00,7.1,7.1175,7.005,7.0475,30559
2004-10-06 00:00:00,7.115,7.8475,7.1025,7.6425,775180
2004-10-07 00:00:00,7.6975,8.3425,7.65,8.075,1041184
2004-10-08 00:00:00,8.145,8.1725,7.95,8.0575,201008
2004-10-09 00:00:00,8.125,8.125,7.775,7.8975,61434
2004-10-11 00:00:00,8.0175,8.4975,7.95,8.16,429865
2004-10-12 00:00:00,8.195,8.2775,7.935,7.98,210437
2004-10-14 00:00:00,7.95,8.0475,7.76,7.895,104124
2004-10-15 00:00:00,7.185,8.4175,7.185,8.205,429677
2004-10-18 00:00:00,8.2,8.345,7.935,7.9725,128916
2004-10-19 00:00:00,8.025,8.34,8,8.2375,325738
2004-10-20 00:00:00,8.25,8.585,8.135,8.34,625232
2004-10-21 00:00:00,8.275,8.6425,8.275,8.3675,336203
2004-10-25 00:00:00,8.45,8.75,7.955,8.0375,173365
2004-10-26 00:00:00,8.12,8.3,8,8.1,174267
2004-10-27 00:00:00,8.225,8.5,8.175,8.43,177986
2004-10-28 00:00:00,8.5,8.875,8.5,8.795,449447
2004-10-29 00:00:00,8.755,8.87,8.4775,8.52,213674
2004-11-01 00:00:00,8.5975,8.645,8.44,8.555,90093
2004-11-02 00:00:00,8.6275,8.67,8.35,8.51,106470
2004-11-03 00:00:00,8.55,8.7375,8.5,8.575,115586
2004-11-04 00:00:00,8.6225,8.72,8.1875,8.2475,191892
2004-11-05 00:00:00,8.37,8.45,8.2,8.3375,62663
2004-11-08 00:00:00,8.42,8.595,8.375,8.4175,109348
2004-11-09 00:00:00,8.525,8.8,8.43,8.4725,367891
2004-11-10 00:00:00,8.5475,8.68,8.4625,8.4875,271457
2004-11-11 00:00:00,8.595,8.72,8.5,8.5925,234806
2004-11-12 00:00:00,9.05,9.1,8.65,9,474941
2004-11-16 00:00:00,9.1025,9.2175,8.7975,8.835,572579
2004-11-17 00:00:00,8.85,9.045,8.775,8.875,349033
2004-11-18 00:00:00,8.925,9.415,8.875,9.265,616046
2004-11-19 00:00:00,9.26,9.3725,8.88,8.9575,194022
2004-11-22 00:00:00,8.95,9.12,8.7275,9.015,159647
2004-11-23 00:00:00,9.0975,9.39,9.005,9.0375,194323
2004-11-24 00:00:00,9.085,9.16,8.875,8.915,86710
2004-11-25 00:00:00,9.0475,9.19,8.755,8.915,170040
2004-11-29 00:00:00,9,9.125,8.905,8.9725,129574
2004-11-30 00:00:00,9,9.1375,8.6375,8.735,169733
2004-12-01 00:00:00,8.825,8.825,8.25,8.715,159173
2004-12-02 00:00:00,8.79,8.8425,8.55,8.6325,95187
2004-12-06 00:00:00,8.5,8.6,8.45,8.495,86283
2004-12-07 00:00:00,8.545,8.895,8.365,8.7075,176693
2004-12-08 00:00:00,8.725,8.945,8.4675,8.4975,215216
2004-12-09 00:00:00,8.5125,8.6725,8.3575,8.415,103680
2004-12-10 00:00:00,8.455,8.575,8.4,8.43,90111
2004-12-13 00:00:00,8.455,8.67,8.4,8.5875,120166
2004-12-14 00:00:00,8.69,8.7225,8.5,8.545,73108
2004-12-15 00:00:00,8.59,8.8975,8.59,8.71,168286
2004-12-16 00:00:00,8.845,8.945,8.7075,8.745,117767
2004-12-17 00:00:00,8.8,8.82,8.4775,8.5825,91842
2004-12-20 00:00:00,8.7,8.95,8.525,8.8875,169536
2004-12-21 00:00:00,8.925,9.3,8.925,9.2075,390261
2004-12-22 00:00:00,9.225,9.545,9.13,9.205,339191
2004-12-23 00:00:00,9.295,9.3775,9.2025,9.24,104186
2004-12-24 00:00:00,9.3,9.35,9.125,9.1725,71510
2004-12-27 00:00:00,9.25,9.25,8.95,9.0975,95581
2004-12-28 00:00:00,9.1,9.175,9.005,9.07,90227
2004-12-29 00:00:00,9.145,9.25,9.05,9.0825,80891
2004-12-30 00:00:00,9.16,9.225,8.835,8.905,91805
2004-12-31 00:00:00,9.095,9.4,9.005,9.355,184012
2005-01-03 00:00:00,9.4,9.94,9.15,9.7825,454809
2005-01-04 00:00:00,9.85,9.9225,9.59,9.6525,138791
2005-01-05 00:00:00,9.32,9.7175,8.875,9.14,207980
2005-01-06 00:00:00,9.0975,9.395,8.7525,9.015,192180
2005-01-07 00:00:00,9.05,9.34,9.01,9.2125,116323
2005-01-10 00:00:00,9.3675,9.685,9.2,9.3025,139016
2005-01-11 00:00:00,9.3,9.35,8.9825,9.1075,90222
2005-01-12 00:00:00,9.125,9.225,8.43,8.5975,146246
2005-01-13 00:00:00,9.75,9.75,8.7725,8.895,152046
2005-01-14 00:00:00,8.9225,8.975,8.05,8.215,193168
2005-01-17 00:00:00,8.4375,8.5,7.8,8.3,147134
2005-01-18 00:00:00,8.4425,8.5175,8.15,8.225,86493
2005-01-19 00:00:00,8.25,8.3825,8.2,8.245,43323
2005-01-20 00:00:00,8.275,8.39,8.05,8.295,61930
2005-01-24 00:00:00,8.3,8.445,8.15,8.3575,52169
2005-01-25 00:00:00,8.225,8.3425,8.0525,8.2175,50447
2005-01-27 00:00:00,8.22,8.62,8.22,8.425,70230
2005-01-28 00:00:00,8.535,8.7125,8.38,8.6525,70233
2005-01-31 00:00:00,8.8125,8.9925,8.6575,8.9275,98502
2005-02-01 00:00:00,9.15,9.15,8.625,8.8975,154431
2005-02-02 00:00:00,8.91,9.12,8.65,8.685,96427
2005-02-03 00:00:00,8.8,9.3,8.775,9.2,200781
2005-02-04 00:00:00,9.25,9.38,9.0325,9.09,134722
2005-02-07 00:00:00,9.15,9.165,8.9025,9.005,80533
2005-02-08 00:00:00,9.125,9.445,8.96,9.3775,157615
2005-02-09 00:00:00,9.425,11.255,9.25,11.255,1498193
2005-02-10 00:00:00,11.35,11.975,10.2175,10.355,1978128
2005-02-11 00:00:00,10.25,11.595,10.25,11.1425,2043476
2005-02-14 00:00:00,11.22,11.5475,10.95,11.14,956282
2005-02-15 00:00:00,11.22,11.22,10.58,10.6975,425164
2005-02-16 00:00:00,10.7725,11.6475,10.75,11.1875,1336987
2005-02-17 00:00:00,11.24,11.445,11.0275,11.175,674560
2005-02-18 00:00:00,11.2475,11.545,11.2,11.3325,537772
2005-02-21 00:00:00,11.49,11.49,10.76,10.835,203396
2005-02-22 00:00:00,10.875,11.01,10.4525,10.67,357927
2005-02-23 00:00:00,10.74,11.15,10.6,10.835,357687
2005-02-24 00:00:00,10.935,11.15,10.855,10.915,273521
2005-02-25 00:00:00,11.025,11.1,10.5425,10.57,238015
2005-02-28 00:00:00,10.85,10.85,10.265,10.375,222762
2005-03-01 00:00:00,10.35,11.0525,10.1,10.77,482237
2005-03-02 00:00:00,10.8,10.985,10.7125,10.7975,141680
2005-03-03 00:00:00,10.845,10.98,10.8,10.8675,110241
2005-03-04 00:00:00,10.965,10.965,10.7,10.785,104038
2005-03-07 00:00:00,10.8725,11.8225,10.7,11.39,1030870
2005-03-08 00:00:00,11.525,11.67,11.1725,11.275,308748
2005-03-09 00:00:00,11.37,11.37,10.86,11.04,179972
2005-03-10 00:00:00,11.37,12.36,11,11.9625,1582809
2005-03-11 00:00:00,12.045,13.34,11.5,12.7125,3339197
2005-03-14 00:00:00,12.75,13.785,12.65,12.745,2047189
2005-03-15 00:00:00,12.75,13.15,12.265,12.335,1213484
2005-03-16 00:00:00,12.45,12.795,12.265,12.42,867446
2005-03-17 00:00:00,12.445,12.495,11.9025,11.945,291945
2005-03-18 00:00:00,12.0175,12.05,11.41,11.845,474676
2005-03-21 00:00:00,12,12.55,11.95,12.1425,542918
2005-03-22 00:00:00,12.2,12.45,11.65,11.7475,411483
2005-03-23 00:00:00,11.8875,11.96,10.85,10.985,413466
2005-03-24 00:00:00,11.0475,11.25,10.75,10.9175,350754
2005-03-28 00:00:00,11.04,11.4925,10.995,11.25,361881
2005-03-29 00:00:00,11.3,11.375,10.35,10.605,316386
2005-03-30 00:00:00,10.85,10.995,10.5625,10.8425,319882
2005-03-31 00:00:00,10.945,11.835,10.9125,11.585,750324
2005-04-01 00:00:00,11.68,12.23,11.45,12.0825,586122
2005-04-04 00:00:00,11.765,12.545,11.75,12.4,672740
2005-04-05 00:00:00,12.49,12.7375,12.1275,12.24,730489
2005-04-06 00:00:00,12.25,12.475,12.05,12.3375,374125
2005-04-07 00:00:00,12.45,12.845,12.305,12.3825,439383
2005-04-08 00:00:00,12.5,12.555,12,12.0725,210840
2005-04-11 00:00:00,12.12,12.12,11.45,11.56,202813
2005-04-12 00:00:00,11.6,12.115,11.6,12.01,289976
2005-04-13 00:00:00,12.095,12.32,11.88,11.9425,382504
2005-04-15 00:00:00,11.85,11.85,10.87,11.3775,253451
2005-04-18 00:00:00,11.1,11.7475,11,11.6675,456092
2005-04-19 00:00:00,11.8,12.1,11.55,11.65,445637
2005-04-20 00:00:00,11.765,12.325,11.66,12.22,563606
2005-04-21 00:00:00,12.2925,13.62,12.0625,13.32,2883672
2005-04-22 00:00:00,13.375,13.9425,13.275,13.5775,1941773
2005-04-25 00:00:00,13.57,13.8425,13.2625,13.3425,1324120
2005-04-26 00:00:00,13.425,13.7,13.2625,13.3175,755080
2005-04-27 00:00:00,13.34,13.67,12.61,12.765,765707
2005-04-28 00:00:00,12.9,12.98,12.4325,12.5175,537101
2005-04-29 00:00:00,12.495,12.6125,12.065,12.1925,317778
2005-05-02 00:00:00,12.3475,12.425,11.9275,12.1625,260516
2005-05-03 00:00:00,12.235,12.615,12.065,12.3375,483479
2005-05-04 00:00:00,12.4,12.59,12.33,12.495,366871
2005-05-05 00:00:00,12.5,12.8,12.415,12.5125,333393
2005-05-06 00:00:00,12.5975,12.6125,12.275,12.39,191480
2005-05-09 00:00:00,12.53,12.9,12.315,12.7725,502945
2005-05-10 00:00:00,12.8925,13.04,12.63,12.6925,505068
2005-05-11 00:00:00,12.745,12.8,11.605,12.585,185671
2005-05-12 00:00:00,12.685,14.1225,12.6,13.74,2581534
2005-05-13 00:00:00,13.755,14.45,13.755,13.975,2151553
2005-05-16 00:00:00,14.2,14.42,14,14.2875,1243932
2005-05-17 00:00:00,14.35,14.395,13.6325,13.75,663785
2005-05-18 00:00:00,13.725,13.895,13.4125,13.7425,439416
2005-05-19 00:00:00,13.9325,14.885,13.9,14.665,3316018
2005-05-20 00:00:00,14.84,14.885,14.45,14.555,1486686
2005-05-23 00:00:00,14.55,15.0675,14.55,14.6625,1108445
2005-05-24 00:00:00,14.75,14.895,14.61,14.655,702884
2005-05-25 00:00:00,14.7,15.185,14.6675,15.0825,1329734
2005-05-26 00:00:00,15.15,15.32,14.9525,15.085,1174689
2005-05-27 00:00:00,15.075,15.495,15.05,15.17,970725
2005-05-30 00:00:00,15.2,15.325,14.8625,14.9725,690272
2005-05-31 00:00:00,15,15.18,14.85,15.0575,446455
2005-06-01 00:00:00,15.0975,15.9,15.05,15.7175,1527316
2005-06-02 00:00:00,15.89,15.945,15.505,15.6025,879205
2005-06-03 00:00:00,15.625,16.17,15.5675,16.04,1013698
2005-06-04 00:00:00,15.905,16.285,15.9025,16.1975,339438
2005-06-06 00:00:00,16.2,16.59,16.2,16.3775,719445
2005-06-07 00:00:00,16.4,16.645,16.1025,16.2425,666809
2005-06-08 00:00:00,16.305,16.6,16.05,16.1325,1047728
2005-06-09 00:00:00,16.2,16.975,16.1575,16.6325,1508555
2005-06-10 00:00:00,16.75,17.45,16.75,17.3575,1930718
2005-06-13 00:00:00,17.05,18.545,16.8825,18.39,2564757
2005-06-14 00:00:00,18.585,18.7425,18.0575,18.2775,1410227
2005-06-15 00:00:00,18.3,18.54,17.9175,18.3025,820454
2005-06-16 00:00:00,18.35,18.795,18.3,18.6725,1157068
2005-06-17 00:00:00,18.75,18.875,18.0775,18.3125,897495
2005-06-20 00:00:00,18.4925,18.55,17.63,17.82,464590
2005-06-21 00:00:00,16.8125,18.235,16.8125,17.7775,667657
2005-06-22 00:00:00,17.85,18.4,17.8,18.02,555963
2005-06-23 00:00:00,17.73,18.2475,17.73,18.0725,429684
2005-06-24 00:00:00,17.85,18.675,17.755,18.34,342918
2005-06-27 00:00:00,18.45,18.99,18.41,18.585,582008
2005-06-28 00:00:00,18.6,18.72,18.0575,18.1425,239546
2005-06-29 00:00:00,18.25,18.845,17.91,18.7325,702834
2005-06-30 00:00:00,18.825,19.295,18.6,18.945,815792
2005-07-01 00:00:00,19.1225,19.34,18.875,19.2125,433505
2005-07-04 00:00:00,19.735,20,19,19.81,813218
2005-07-05 00:00:00,20.045,20.5375,19.8,20.1875,1000198
2005-07-06 00:00:00,20.2525,20.79,20.2525,20.505,626052
2005-07-07 00:00:00,20.5625,21.485,20.3575,20.7125,1039580
2005-07-08 00:00:00,20.85,22.78,20.85,22.4175,2178528
2005-07-11 00:00:00,22.93,25.23,22.75,24.93,4341927
2005-07-12 00:00:00,25.75,27.585,24.95,27.285,8681480
2005-07-13 00:00:00,27.75,28.6,26.67,26.97,5188848
2005-07-14 00:00:00,27.25,27.405,24.605,24.83,7175334
2005-07-15 00:00:00,24.95,25.48,24.1325,25.2175,5655694
2005-07-18 00:00:00,25.485,26.35,25.195,26.015,2637251
2005-07-19 00:00:00,26.285,26.2925,25.5825,25.7525,1515616
2005-07-20 00:00:00,25.95,26.045,25.205,25.39,1248734
2005-07-21 00:00:00,25.4,25.895,24.4325,24.6325,1337849
2005-07-22 00:00:00,24.785,25.185,24.26,24.9275,1288632
2005-07-25 00:00:00,25.245,25.62,24.68,25.005,1484593
2005-07-26 00:00:00,24.5,25.475,24.5,25.085,1378177
2005-07-27 00:00:00,25.3225,25.45,24.8525,25.0275,590207
2005-07-29 00:00:00,25.025,25.5,24.04,24.3925,1622960
2005-08-01 00:00:00,24.45,25.345,24.15,25.09,1163622
2005-08-02 00:00:00,25.25,27.015,25.25,26.77,2510182
2005-08-03 00:00:00,27.375,27.415,26.31,26.595,2712254
2005-08-04 00:00:00,26.585,26.895,26.125,26.34,1159072
2005-08-05 00:00:00,26.335,26.945,26.25,26.48,1007398
2005-08-08 00:00:00,26.505,26.7425,24.915,25.2,1257089
2005-08-09 00:00:00,25.25,25.59,24.42,24.6925,1401452
2005-08-10 00:00:00,24.9,25.545,24.68,25.3475,1086285
2005-08-11 00:00:00,25.485,25.98,25.1025,25.2775,1024001
2005-08-12 00:00:00,25.38,25.495,24.83,24.9575,553819
2005-08-16 00:00:00,25.195,25.35,24.9,25.01,399393
2005-08-17 00:00:00,25.025,25.685,24.7475,25.245,747028
2005-08-18 00:00:00,25.3,25.5,24.9,25.0475,557893
2005-08-19 00:00:00,25.195,25.425,24.8525,24.9625,359766
2005-08-22 00:00:00,24.9,25.47,24.4575,24.7575,456810
2005-08-23 00:00:00,24.7575,24.9925,22.8625,23.18,1225457
2005-08-24 00:00:00,23.29,24.7,22.2525,24.0775,2168322
2005-08-25 00:00:00,25,25,23.5575,23.6975,1932753
2005-08-26 00:00:00,23.9125,24.7175,23.4125,24.5325,1646023
2005-08-29 00:00:00,24.75,24.8375,23.665,24.01,954480
2005-08-30 00:00:00,24.005,24.65,24.005,24.5175,958959
2005-08-31 00:00:00,24.6,25.37,24.555,24.7775,1680470
2005-09-01 00:00:00,21.2775,24.775,21.2775,24.37,798549
2005-09-02 00:00:00,22.6325,24.62,22.6325,24.1225,361109
2005-09-05 00:00:00,24.1,24.475,23.85,24.0575,273222
2005-09-06 00:00:00,24.0575,24.295,23.81,23.9325,243251
2005-09-08 00:00:00,24.15,24.2,23.855,23.9575,186253
2005-09-09 00:00:00,23.99,24.24,23.65,23.965,292192
2005-09-12 00:00:00,23.95,24.535,23.95,24.265,334587
2005-09-13 00:00:00,24.15,24.425,24.055,24.115,265135
2005-09-14 00:00:00,24.25,24.395,23.575,23.8175,250072
2005-09-15 00:00:00,23.85,24.18,23.56,24.0425,143299
2005-09-16 00:00:00,24,24.54,24,24.225,344038
2005-09-19 00:00:00,24.7,26.335,24.16,26.215,1874384
2005-09-20 00:00:00,26.275,27.245,26,26.23,2094790
2005-09-21 00:00:00,26.2,26.5,24.16,25.29,1737382
2005-09-22 00:00:00,25.3,25.34,22.9,23.3,1121946
2005-09-23 00:00:00,23.25,24.25,22.5,23.695,1106882
2005-09-26 00:00:00,24,25.22,23.6075,24.7825,1147489
2005-09-27 00:00:00,24.935,25.225,24.4,24.575,792296
2005-09-28 00:00:00,24.75,25.1,24.555,24.675,510519
2005-09-29 00:00:00,24.85,25.07,24.115,24.5025,868091
2005-09-30 00:00:00,24.75,24.945,23.8,24.4675,751726
2005-10-03 00:00:00,24.55,25.72,24.06,25.6375,1324086
2005-10-04 00:00:00,25.7,26.295,25.7,25.87,977608
2005-10-05 00:00:00,25.8425,25.945,25.33,25.49,543765
2005-10-06 00:00:00,25.5525,25.5525,24.35,24.72,523758
2005-10-07 00:00:00,24.72,25.15,24.1375,24.6775,625103
2005-10-10 00:00:00,24.92,24.92,22.6325,24.3775,308316
2005-10-11 00:00:00,24.5,24.8225,23.7125,24.7075,493161
2005-10-13 00:00:00,24.65,25.19,24.2,24.3475,457436
2005-10-14 00:00:00,24.3,24.56,23.65,23.8925,410910
2005-10-17 00:00:00,24.075,24.4,23.105,23.58,524014
2005-10-18 00:00:00,23.75,24.92,22.55,23.035,374271
2005-10-19 00:00:00,22.8,22.8,21.265,21.675,619976
2005-10-20 00:00:00,22,22.44,20.25,20.9475,912236
2005-10-21 00:00:00,20.9,22.7,20.42,22.365,1111672
2005-10-24 00:00:00,22.75,22.75,21.1575,21.3125,637720
2005-10-25 00:00:00,21.4,21.9475,20.9325,21.335,717032
2005-10-26 00:00:00,21.49,21.6,20.925,21.1925,629265
2005-10-27 00:00:00,21.35,21.46,19.56,20.025,1044158
2005-10-28 00:00:00,20.025,20.64,19.56,19.7575,1041843
2005-10-31 00:00:00,20.05,25.3325,20.05,24.84,5968806
2005-11-01 00:00:00,25,26.25,25,25.735,2395723
2005-11-02 00:00:00,25.6,25.7,24.63,25.4425,4391276
2005-11-07 00:00:00,25.6575,27.35,25.365,27.155,4000874
2005-11-08 00:00:00,27,28.995,26.765,28.4175,5686825
2005-11-09 00:00:00,28.3,28.95,27.9125,28.51,5099107
2005-11-10 00:00:00,28,29.5325,28,29.26,4053807
2005-11-11 00:00:00,29.25,30.075,29.055,29.8375,3587519
2005-11-14 00:00:00,29.5,30.1975,29.0625,29.3625,3061194
2005-11-16 00:00:00,29.45,29.97,29.1875,29.6325,1997146
2005-11-17 00:00:00,29.75,30.945,29.3125,30.695,4946035
2005-11-18 00:00:00,30.75,31.4,30.5525,30.7825,2482583
2005-11-21 00:00:00,30.7,31.6825,30.405,31.175,3434213
2005-11-22 00:00:00,31.05,32.72,30.81,31.92,5854731
2005-11-23 00:00:00,31.95,32.995,31.9,32.535,3939897
2005-11-24 00:00:00,32.735,33.2225,32.1075,32.28,2966911
2005-11-25 00:00:00,32.5,32.62,32.05,32.25,2028762
2005-11-26 00:00:00,32.55,33.0425,32.3,32.85,1345356
2005-11-28 00:00:00,33.05,33.39,32.925,33.0125,1221755
2005-11-29 00:00:00,33,33.945,30.3275,33.6625,2219142
2005-11-30 00:00:00,33.75,34.67,32.85,33.0475,2760116
2005-12-01 00:00:00,33.25,34.4,33.0275,34.09,2176124
2005-12-02 00:00:00,34.1075,34.6925,33.65,33.835,1527423
2005-12-05 00:00:00,34.925,34.95,33.7025,33.8925,1202733
2005-12-06 00:00:00,34.05,35.435,33.855,35.0275,2774560
2005-12-07 00:00:00,35.35,36.495,35.25,36.0325,1943236
2005-12-08 00:00:00,36.5,41.75,36.1,40.0525,8831047
2005-12-09 00:00:00,40,43.14,40,40.825,9641681
2005-12-12 00:00:00,40.85,42.3925,40.755,41.6825,5223600
2005-12-13 00:00:00,41.55,41.9,40.95,41.3975,2745166
2005-12-14 00:00:00,41.05,41.75,40.21,40.5775,2041684
2005-12-15 00:00:00,40.75,40.75,37.2075,37.6675,4398931
2005-12-16 00:00:00,37.95,39.805,36.8125,39.5025,6263880
2005-12-19 00:00:00,39.75,40.9,39.1,40.015,3425640
2005-12-20 00:00:00,40.25,40.4,39.2025,39.76,2681355
2005-12-21 00:00:00,40,40.375,39.23,39.725,2480843
2005-12-22 00:00:00,40,40.175,39.2525,39.805,1791095
2005-12-23 00:00:00,40,40.15,38.45,38.825,1592059
2005-12-26 00:00:00,38.8,39.12,37.75,38.2775,2490026
2005-12-27 00:00:00,38.175,39.65,37.575,39.3975,2134355
2005-12-28 00:00:00,39.5,41.3875,39.1,40.9075,4098702
2005-12-29 00:00:00,42.755,42.755,40.55,40.705,2514989
2005-12-30 00:00:00,40.75,41.58,40.425,41.1275,2187856
2006-01-02 00:00:00,41.25,41.6,41.0075,41.24,987196
2006-01-03 00:00:00,41.35,41.51,40.9,41.2275,752646
2006-01-04 00:00:00,41.35,42.6825,41.25,42.41,2028154
2006-01-05 00:00:00,42.65,42.755,39.5775,39.8725,4069789
2006-01-06 00:00:00,40,40,37.815,38.3625,3194679
2006-01-09 00:00:00,38.5,39.5,38.215,38.3325,1855411
2006-01-10 00:00:00,38.65,38.75,37.6025,37.86,1302461
2006-01-12 00:00:00,38.1,38.9,37.5,38.1075,1600939
2006-01-13 00:00:00,38.245,38.5,37.5625,37.6925,656685
2006-01-16 00:00:00,37.9,38,36.505,36.66,932618
2006-01-17 00:00:00,36.885,37.245,36.04,36.185,901737
2006-01-18 00:00:00,36.25,36.895,35.3625,36.49,1234481
2006-01-19 00:00:00,36.62,38.275,36.62,37.49,2282353
2006-01-20 00:00:00,37.75,37.95,36.8,37.3275,1025344
2006-01-23 00:00:00,36.75,37.15,35.75,36.0375,1198748
2006-01-24 00:00:00,36.25,36.9,35.315,35.7525,2546236
2006-01-25 00:00:00,36.1,36.375,34.45,34.8625,1724562
2006-01-27 00:00:00,35.255,36.745,35.1,36.38,2031831
2006-01-30 00:00:00,36.755,37,35.725,35.8975,903612
2006-01-31 00:00:00,36.1,36.57,35.8025,36.1025,771593
2006-02-01 00:00:00,36.35,36.35,34.2625,34.49,1244604
2006-02-02 00:00:00,34.9,35,33.525,33.81,1336929
2006-02-03 00:00:00,33.8,34.82,33.25,34.03,1206237
2006-02-06 00:00:00,34.245,36.8175,33.95,36.455,2508384
2006-02-07 00:00:00,36.7,37.35,36.225,36.5775,1547148
2006-02-08 00:00:00,36.5,36.57,35.305,35.8475,858853
2006-02-10 00:00:00,35.95,40.085,35.85,39.8525,5001453
2006-02-13 00:00:00,39.85,41.2325,39.1775,39.51,3975192
2006-02-14 00:00:00,39.75,42.085,39.2725,41.4825,4035759
2006-02-15 00:00:00,41.635,41.74,40.2575,40.8125,2942270
2006-02-16 00:00:00,40.74,41.6,40.665,40.8175,1444021
2006-02-17 00:00:00,41.09,41.15,39.41,39.755,1607175
2006-02-20 00:00:00,39.85,39.9,38.51,39.665,1550119
2006-02-21 00:00:00,39.95,40.85,39.7075,39.9125,1358417
2006-02-22 00:00:00,40.07,40.395,39.36,39.71,1117872
2006-02-23 00:00:00,39.7,40.05,38.405,38.615,1497468
2006-02-24 00:00:00,39,40.3,38.85,39.9825,1788047
2006-02-27 00:00:00,35.2,39.99,35.2,39.02,539116
2006-02-28 00:00:00,39.23,40.19,38.375,39.39,1000148
2006-03-01 00:00:00,39.5,39.985,37.5575,39.6075,553944
2006-03-02 00:00:00,39.795,41.7,39.425,40.9375,1612370
2006-03-03 00:00:00,41,43.75,40.65,43.0975,4323477
2006-03-06 00:00:00,43.25,44.7475,43.155,44.035,2074909
2006-03-07 00:00:00,44.25,44.4,42.9,43.4025,1120438
2006-03-08 00:00:00,43.5,44.0875,41.6,41.775,1187983
2006-03-09 00:00:00,41.9,42.75,40.75,42.1975,1184462
2006-03-10 00:00:00,42.435,43.39,42.405,42.6075,709587
2006-03-13 00:00:00,42.5075,43.325,42.2075,42.435,584943
2006-03-14 00:00:00,42.7,44.09,42.1,42.91,1491705
2006-03-16 00:00:00,43.05,43.745,42.9,43.0775,542044
2006-03-17 00:00:00,43.635,43.6825,42.515,42.6775,407259
2006-03-20 00:00:00,42.935,43.375,42.65,42.9475,384607
2006-03-21 00:00:00,43.2,43.4,41.5,41.9625,391871
2006-03-22 00:00:00,42.1,42.35,41.03,41.4275,414461
2006-03-23 00:00:00,41.735,42.335,40.6,41.505,954365
2006-03-24 00:00:00,41.7,42.315,41.5025,41.725,454431
2006-03-27 00:00:00,42.325,42.325,40.805,41.1575,653294
2006-03-28 00:00:00,41.4,41.6,40.55,40.685,425343
2006-03-29 00:00:00,41.1,41.2,40.555,40.77,283896
2006-03-30 00:00:00,41.1,41.4,38.2775,39.4075,1822090
2006-03-31 00:00:00,39.755,42.6,39.7025,41.82,2604941
2006-04-03 00:00:00,42.4,42.675,41.565,41.965,770066
2006-04-04 00:00:00,42,42.99,41.505,42.2625,1030793
2006-04-05 00:00:00,42.485,42.9,41.75,42.2125,684247
2006-04-07 00:00:00,42.485,43.5625,40.0625,40.535,1785226
2006-04-10 00:00:00,40.6025,40.6025,39.5025,39.7175,595254
2006-04-12 00:00:00,40,40.885,38.0775,38.3225,706883
2006-04-13 00:00:00,38.4,40.6025,37.2,38.375,908021
2006-04-17 00:00:00,39.2125,39.25,38.5075,38.6825,272651
2006-04-18 00:00:00,39.135,40.94,39.135,40.3125,953882
2006-04-19 00:00:00,40.9,40.935,39.265,39.7,555657
2006-04-20 00:00:00,40.2,40.75,39.35,40.04,721880
2006-04-21 00:00:00,40.2,40.375,38.63,38.975,467513
2006-04-24 00:00:00,39,39.335,38.35,38.5375,226417
2006-04-25 00:00:00,38.75,39.35,37.75,37.96,275208
2006-04-26 00:00:00,38.45,38.7,38.0075,38.435,223948
2006-04-27 00:00:00,38.8,38.99,37.25,37.735,812828
2006-04-28 00:00:00,35.005,37.65,34.715,37.345,377029
2006-04-29 00:00:00,37.935,40.19,37.735,39.77,438956
2006-05-02 00:00:00,40.25,40.75,39.655,39.925,530726
2006-05-03 00:00:00,40.25,40.25,38.5,39.9825,339368
2006-05-04 00:00:00,40.15,41.37,39.8075,40.3525,953294
2006-05-05 00:00:00,40.4875,40.835,39.355,39.82,442829
2006-05-08 00:00:00,40.1125,40.44,39.6125,39.7475,339274
2006-05-09 00:00:00,40.2,40.2,39.25,39.655,274885
2006-05-10 00:00:00,39.47,39.8,38.925,39.525,485620
2006-05-11 00:00:00,39.5,39.85,37.92,38.275,222525
2006-05-12 00:00:00,38.25,38.375,37.5,37.5625,177991
2006-05-15 00:00:00,37.6025,38.2,35.555,36.4125,338761
2006-05-16 00:00:00,36.5,38.045,33.25,37.455,644585
2006-05-17 00:00:00,38.25,39.55,38.0575,38.69,302599
2006-05-18 00:00:00,35.1325,38.05,33.56,34.4325,509343
2006-05-19 00:00:00,36,38,31.55,32.35,607982
2006-05-22 00:00:00,32.35,33.75,22.5,28.4525,717767
2006-05-23 00:00:00,28.45,30.85,25.55,30.0425,847482
2006-05-24 00:00:00,30.235,31.6,29.11,30.1175,538040
2006-05-25 00:00:00,29.45,30.3675,28.8,29.165,693413
2006-05-26 00:00:00,29.9925,32.7,29.6,32.095,936845
2006-05-29 00:00:00,32.5,34.1,32.5,33.54,884294
2006-05-30 00:00:00,33.75,36.5,33,35.205,2091848
2006-05-31 00:00:00,34.985,35.935,32.15,34.845,1295005
2006-06-01 00:00:00,34.75,35.6,32.5,33.305,1279055
2006-06-02 00:00:00,33.25,34.59,31.405,33.7825,1081965
2006-06-05 00:00:00,34.715,34.87,31.4,31.7775,715517
2006-06-06 00:00:00,31.25,33.135,30.25,31.1475,1227842
2006-06-07 00:00:00,30.995,31.8,26.45,27.64,1311877
2006-06-08 00:00:00,27.5,29.45,24.3,28.6175,2391971
2006-06-09 00:00:00,28,31.2,27.6,30.825,1187371
2006-06-12 00:00:00,30.55,30.9,28.8,28.9825,843284
2006-06-13 00:00:00,27.5,28.6925,26.75,28.1225,714642
2006-06-14 00:00:00,28.9925,29.65,25.15,25.92,850345
2006-06-15 00:00:00,27,29,26.7,28.3125,768139
2006-06-16 00:00:00,29.5,30.595,28.3,28.94,858276
2006-06-19 00:00:00,28.3375,29.94,28.1,29.575,685019
2006-06-20 00:00:00,29.1125,29.75,28.26,29.015,501141
2006-06-21 00:00:00,28.9,30.5,28.5525,29.9325,732065
2006-06-22 00:00:00,30.5,31.24,29.75,30.1175,465438
2006-06-23 00:00:00,29.35,30.34,29.2,30.155,422248
2006-06-25 00:00:00,30.525,31,30.025,30.3225,75157
2006-06-26 00:00:00,30.39,30.525,28.25,28.6575,525765
2006-06-27 00:00:00,28.4125,28.94,27.2575,28.175,538895
2006-06-28 00:00:00,27.55,28.6,27.495,28.0375,365170
2006-06-29 00:00:00,28.9875,28.9875,27.6025,27.9525,433776
2006-06-30 00:00:00,28.65,30.05,28.65,29.7425,401030
2006-07-03 00:00:00,29.875,31.0475,29.81,30.7375,495383
2006-07-04 00:00:00,31,31.2,30.2525,30.4375,380238
2006-07-05 00:00:00,30.45,31.095,29.2925,30.81,363367
2006-07-06 00:00:00,30.205,32.35,30.15,32,1254460
2006-07-07 00:00:00,32.625,32.7375,29.845,30.2525,913888
2006-07-10 00:00:00,30.1,30.735,29.4,30.04,589912
2006-07-11 00:00:00,30.2,30.4,29.49,29.66,385381
2006-07-12 00:00:00,29.5,30.6375,29,30.325,546920
2006-07-13 00:00:00,30.25,30.995,30,30.43,511829
2006-07-14 00:00:00,29.9,30.3,29.555,30.155,359300
2006-07-17 00:00:00,30.5025,30.86,28.25,29.005,878821
2006-07-18 00:00:00,28.5,28.845,26.915,28.0425,1194349
2006-07-19 00:00:00,28,29,27.25,28.53,966968
2006-07-20 00:00:00,29,29.2475,28.24,28.505,431232
2006-07-21 00:00:00,28.2525,28.55,27.525,27.8125,267280
2006-07-24 00:00:00,27.7,27.995,26.65,27.53,267054
2006-07-25 00:00:00,28.2,28.39,27.61,28.085,288261
2006-07-26 00:00:00,28.44,28.895,27.7775,28.4975,299654
2006-07-27 00:00:00,28.535,31.25,28.4,30.6325,951857
2006-07-28 00:00:00,30.975,32.2,29.75,30.1725,372174
2006-07-31 00:00:00,30.4,30.725,29.755,30.09,202098
2006-08-01 00:00:00,30.05,31.245,29.6,31.0325,643990
2006-08-02 00:00:00,31,31.75,31,31.35,518399
2006-08-03 00:00:00,31.5,32.1925,31.2825,31.7825,459736
2006-08-04 00:00:00,31.87,31.975,31.05,31.22,232019
2006-08-07 00:00:00,31,31.45,30.85,31.1125,115610
2006-08-08 00:00:00,31.25,31.74,31.145,31.4325,117074
2006-08-09 00:00:00,31.3,35.7325,31.2,35.255,1784919
2006-08-10 00:00:00,35.95,37.8,35.315,37.355,2400407
2006-08-11 00:00:00,37.4,38.295,36.76,37.615,1331960
2006-08-14 00:00:00,37.65,38.3,37.275,37.7575,573402
2006-08-16 00:00:00,38.2,38.45,36.74,36.895,882946
2006-08-17 00:00:00,37.45,39.22,37.0625,37.6525,2212746
2006-08-18 00:00:00,37.83,38.84,37.405,38.2,915840
2006-08-21 00:00:00,38.35,38.855,37.8,38.3325,719104
2006-08-22 00:00:00,38.35,39,37.91,38.2575,1057398
2006-08-23 00:00:00,38.085,38.77,37.78,37.9475,474463
2006-08-24 00:00:00,37.885,38.4525,37.255,38.3775,427058
2006-08-25 00:00:00,38.75,38.985,37.7125,37.9475,400973
2006-08-28 00:00:00,37.7,38.245,37.7,38.0525,218791
2006-08-29 00:00:00,38.1825,39.945,38.1825,39.5225,1394575
2006-08-30 00:00:00,39.8,40.42,39.6975,39.9025,959989
2006-08-31 00:00:00,40.2,40.25,38.86,39.175,633943
2006-09-01 00:00:00,39.445,39.785,39.005,39.1575,440538
2006-09-04 00:00:00,39.5,40.72,39.35,40.51,653538
2006-09-05 00:00:00,40.35,40.9,40.055,40.2875,895289
2006-09-06 00:00:00,40.35,40.795,39.645,39.8825,639173
2006-09-07 00:00:00,39.735,40.3,39.3175,40.095,636450
2006-09-08 00:00:00,40.15,40.55,39.805,40.2625,352663
2006-09-11 00:00:00,40.4925,41.1675,37.8075,38.25,1330997
2006-09-12 00:00:00,38.485,39.4975,37.615,39.23,583836
2006-09-13 00:00:00,39.5525,40.23,39.4,39.5825,440145
2006-09-14 00:00:00,39.9675,40.47,39.7,39.8325,325737
2006-09-15 00:00:00,39.9475,39.9475,38.8175,39.5925,319525
2006-09-18 00:00:00,39.685,40.795,39.6575,40.28,514917
2006-09-19 00:00:00,40.4325,40.75,38.55,38.99,438699
2006-09-20 00:00:00,39,39.6475,38.5825,39.505,264514
2006-09-21 00:00:00,39.8975,40.2,39.6,39.73,186665
2006-09-22 00:00:00,39.75,39.75,38.85,39.1225,216561
2006-09-25 00:00:00,42.5,42.5,38.75,38.8625,161904
2006-09-26 00:00:00,39.085,39.9,38.8,39.7375,315866
2006-09-27 00:00:00,39.985,40.485,39.565,39.83,316930
2006-09-28 00:00:00,39.85,40,39.255,39.48,201751
2006-09-29 00:00:00,39.985,40.5,39.65,40.3375,270118
2006-10-03 00:00:00,40.525,40.735,40.025,40.1275,248210
2006-10-04 00:00:00,40.25,40.395,38.75,39.095,205583
2006-10-05 00:00:00,39.9,39.91,39.255,39.5075,101216
2006-10-06 00:00:00,39.75,40.35,39.1,39.7625,211562
2006-10-09 00:00:00,39.6,40.05,39.25,39.6125,101791
2006-10-10 00:00:00,39.95,40.295,39.4575,39.6375,163720
2006-10-11 00:00:00,40,40.005,38.85,39.1075,161901
2006-10-12 00:00:00,39.2,39.975,39.0525,39.8025,177537
2006-10-13 00:00:00,40.24,40.2475,39.5,39.645,117628
2006-10-16 00:00:00,39.645,41.4,39.645,40.8025,508062
2006-10-17 00:00:00,41.4,42.49,41.25,41.8,754399
2006-10-18 00:00:00,41.5,41.99,40.575,40.9825,410794
2006-10-19 00:00:00,41.025,41.025,39.805,39.95,615449
2006-10-20 00:00:00,40.3,40.6975,39.61,40.0125,183385
2006-10-21 00:00:00,40.4,41.25,40.0775,40.1875,71113
2006-10-23 00:00:00,40.35,40.35,39.37,39.49,167242
2006-10-26 00:00:00,39.735,39.75,38.595,39.02,562213
2006-10-27 00:00:00,39.3,39.935,39.205,39.565,238527
2006-10-30 00:00:00,39.95,39.95,39.1175,39.2125,193315
2006-10-31 00:00:00,39.5,39.5,37.89,38.32,378449
2006-11-01 00:00:00,39,39,37.5,37.915,276194
2006-11-02 00:00:00,38.5,38.7525,37.95,38.21,287403
2006-11-03 00:00:00,38.445,38.745,38.0075,38.355,219761
2006-11-06 00:00:00,38.9,38.9,38.3,38.3575,163411
2006-11-07 00:00:00,38.7,39.395,38.1,38.51,395597
2006-11-08 00:00:00,38.55,38.75,36.7,37.1175,324102
2006-11-09 00:00:00,37.9,38.5,37.18,38.1,332743
2006-11-10 00:00:00,38.345,38.975,37.805,38.62,237542
2006-11-13 00:00:00,38.785,39.655,38.75,39.29,303449
2006-11-14 00:00:00,39.7,39.97,38.9,39.0775,271455
2006-11-15 00:00:00,39.285,39.335,38.015,38.34,219752
2006-11-16 00:00:00,38.5,38.6,37.55,37.7125,182166
2006-11-17 00:00:00,38,38.3,36.9,37.3125,195723
2006-11-20 00:00:00,37.32,37.32,35.85,36.86,153212
2006-11-21 00:00:00,37.09,38.45,36.86,38.1025,217768
2006-11-22 00:00:00,38.35,38.85,37.955,38.175,178324
2006-11-23 00:00:00,38.335,38.6,37.755,37.8875,104099
2006-11-24 00:00:00,37.95,39.675,37.7625,39.3475,317408
2006-11-27 00:00:00,39.75,40.4,39,39.33,446800
2006-11-28 00:00:00,39.0625,39.14,38.115,38.565,117614
2006-11-29 00:00:00,38.835,39.5625,38.5,38.6725,147965
2006-11-30 00:00:00,38.92,39,37.75,37.985,326061
2006-12-01 00:00:00,38.5,39.25,38.3175,38.805,224615
2006-12-04 00:00:00,39.3,41.6,39.2475,40.9025,782057
2006-12-05 00:00:00,41.2,41.79,40.3625,40.7125,748946
2006-12-06 00:00:00,40.935,41,39.3275,39.9075,368962
2006-12-07 00:00:00,39.95,40.475,39.4,39.9825,231224
2006-12-08 00:00:00,39.425,40.34,37.6125,38.94,210424
2006-12-11 00:00:00,39.29,39.29,36.25,36.8025,311690
2006-12-12 00:00:00,36.6,37.795,32.8625,34.495,482685
2006-12-13 00:00:00,34.8,35.84,33.1,35.4825,459721
2006-12-14 00:00:00,35.95,38.15,35.7,37.63,303669
2006-12-15 00:00:00,38.495,38.5,37.565,37.99,275405
2006-12-18 00:00:00,38.25,38.3,36.28,37.5375,171033
2006-12-19 00:00:00,38.225,39.5375,36.575,36.975,263913
2006-12-20 00:00:00,37.6,37.62,35.8,37.1175,211565
2006-12-21 00:00:00,37,39.5,36.5,39.1425,399453
2006-12-22 00:00:00,39.25,39.8,38.675,39.045,287993
2006-12-26 00:00:00,39.235,39.8,39.045,39.4575,110719
2006-12-27 00:00:00,39.685,41.04,39.6,40.425,368490
2006-12-28 00:00:00,40.735,40.735,39.55,39.955,184535
2006-12-29 00:00:00,40.01,43.485,38.2825,42.9975,1192569
2007-01-02 00:00:00,43.25,44.825,42.8,43.8825,945462
2007-01-03 00:00:00,44.1,45.245,42.6675,44.77,705915
2007-01-04 00:00:00,45.25,45.695,44,44.5125,827397
2007-01-05 00:00:00,44.35,45.2725,43.6,43.8575,603383
2007-01-08 00:00:00,43.585,44.445,43.115,43.9225,509051
2007-01-09 00:00:00,44.005,44.395,42.5,42.8575,324393
2007-01-10 00:00:00,42.75,43.85,42.3,42.53,253717
2007-01-11 00:00:00,42.75,44.35,41.6675,44.14,331715
2007-01-12 00:00:00,44.5,45.445,43.905,44.755,491312
2007-01-15 00:00:00,44.925,45.97,44.7725,44.95,462991
2007-01-16 00:00:00,45.185,45.645,44.665,45.22,341071
2007-01-17 00:00:00,45.375,46.365,45.0625,45.3675,423492
2007-01-18 00:00:00,45.425,45.9,44,44.635,239945
2007-01-19 00:00:00,42.6175,47.0975,42.6175,46.8025,715250
2007-01-22 00:00:00,47.5,47.5,46.1125,46.86,708928
2007-01-23 00:00:00,46.9,47.45,46.335,46.58,356979
2007-01-24 00:00:00,47.25,47.25,45,45.44,311910
2007-01-25 00:00:00,45.99,47.495,45.1,47.155,602492
2007-01-29 00:00:00,47.75,48.47,46.93,47.8375,552003
2007-01-31 00:00:00,47.635,48.335,47.35,47.9375,531081
2007-02-01 00:00:00,48.05,49.89,46.655,49.4325,933439
2007-02-02 00:00:00,49.5,51.595,49.25,50.52,884821
2007-02-05 00:00:00,50.85,51.575,50.235,51.19,470687
2007-02-06 00:00:00,51.5,51.645,50.06,50.3775,290422
2007-02-07 00:00:00,48.3325,52.505,48.3325,52.0325,548389
2007-02-08 00:00:00,52.135,52.69,50.85,51.3875,293828
2007-02-09 00:00:00,51.65,51.67,50.25,50.4925,222417
2007-02-12 00:00:00,49.55,51.4,47.8175,48.185,567048
2007-02-13 00:00:00,47.2725,49.435,45.76,46.285,423838
2007-02-14 00:00:00,45.89,47.9775,44.195,47.6325,428576
2007-02-15 00:00:00,47.75,50.49,47.75,50.2125,305817
2007-02-19 00:00:00,50.65,50.75,48.8075,49.045,151620
2007-02-20 00:00:00,49.2,49.35,47.4,47.7675,175834
2007-02-21 00:00:00,48.15,49.1,47.0175,47.9475,232477
2007-02-22 00:00:00,48.35,48.7,45.7575,46.2675,324064
2007-02-23 00:00:00,46.6,46.9,44,44.475,280066
2007-02-26 00:00:00,44.55,46.89,42.5,44.515,230297
2007-02-27 00:00:00,44.735,45.3925,43.7025,44.07,184443
2007-02-28 00:00:00,41.75,44.42,39.85,41.37,312576
2007-03-01 00:00:00,41.4,42.7,40.6,42.3875,235574
2007-03-02 00:00:00,42.735,45.8,42.265,43.22,545523
2007-03-05 00:00:00,40.4,42.245,40.05,40.595,352800
2007-03-06 00:00:00,41.135,42.345,38.805,40.5875,518216
2007-03-07 00:00:00,41.385,42.315,38.85,39.5125,390685
2007-03-08 00:00:00,39.885,42.0875,39.505,41.6875,509444
2007-03-09 00:00:00,41.65,42.675,40.25,40.53,345388
2007-03-12 00:00:00,41,41.5,39.8125,40.1675,254720
2007-03-13 00:00:00,40.385,41.55,40.0525,41.3875,257118
2007-03-14 00:00:00,37.8325,40.495,37.8325,39.97,598305
2007-03-15 00:00:00,40.635,41.44,39.65,39.96,256624
2007-03-16 00:00:00,40.05,40.4,38.6075,39.2675,264808
2007-03-19 00:00:00,40,41.45,39.45,41.2425,309721
2007-03-20 00:00:00,41.7,42.15,41.16,41.525,354285
2007-03-21 00:00:00,41.55,42.08,41.225,41.8025,201031
2007-03-22 00:00:00,42,42.595,41.7775,42.29,296752
2007-03-23 00:00:00,42.485,43.29,41.8,42.6325,242312
2007-03-26 00:00:00,42.8,43.2,41.5075,41.995,193434
2007-03-28 00:00:00,41.595,41.72,40.255,40.6075,260140
2007-03-29 00:00:00,40.8,41.7,40.205,41.2925,602938
2007-03-30 00:00:00,41.535,42.55,41.535,42.14,164104
2007-04-02 00:00:00,42.03,42.03,40.405,40.78,249865
2007-04-03 00:00:00,40.9,41.8,40.6275,41.5875,140244
2007-04-04 00:00:00,42.05,44.5925,41.8,43.82,510330
2007-04-05 00:00:00,43.8,45.085,43.5,44.2225,465557
2007-04-09 00:00:00,44.365,46.135,44.365,45.535,307396
2007-04-10 00:00:00,45.5,46.5,45.45,46.155,250711
2007-04-11 00:00:00,46.5,47.55,46.155,47.01,301987
2007-04-12 00:00:00,46.95,48.75,46.25,47.355,473009
2007-04-13 00:00:00,47.735,48.34,47.3,47.5175,299645
2007-04-16 00:00:00,47.75,51.2,47.75,50.83,757616
2007-04-17 00:00:00,50.75,52.145,49.55,50.0775,674785
2007-04-18 00:00:00,50.25,51.5,49.3625,49.7275,431321
2007-04-19 00:00:00,49,49.925,48.51,49.4,630170
2007-04-20 00:00:00,50.935,50.935,49.75,50.5375,242863
2007-04-23 00:00:00,50.05,50.75,46.99,47.6425,327966
2007-04-24 00:00:00,47.2275,48.9925,47.2275,48.265,261555
2007-04-25 00:00:00,48.075,49.4,48.06,48.995,213965
2007-04-26 00:00:00,49.385,49.7525,47.765,48.0625,281034
2007-04-27 00:00:00,47.95,48.9475,47.5775,48.1775,188481
2007-04-30 00:00:00,48.385,49.975,47.4,49.6225,158866
2007-05-03 00:00:00,51.1925,51.1925,49.2625,49.6475,194627
2007-05-04 00:00:00,49.95,50.25,48.6625,48.95,116000
2007-05-07 00:00:00,50.15,50.15,48.475,48.6175,93142
2007-05-08 00:00:00,48.65,49.495,48.3125,48.555,90231
2007-05-09 00:00:00,48.6,48.9,48.14,48.625,63311
2007-05-10 00:00:00,49.1,51.2,49.05,49.9,385661
2007-05-11 00:00:00,48.5775,50.625,48.5775,49.89,205678
2007-05-14 00:00:00,52.385,52.385,49.5175,50.83,140438
2007-05-15 00:00:00,51.25,52.5,51.05,51.715,264386
2007-05-16 00:00:00,52.1675,53.7,51.8,52.94,373498
2007-05-17 00:00:00,53.35,53.9,52.9,53.1775,223455
2007-05-18 00:00:00,53,56.425,52,55.7975,448150
2007-05-21 00:00:00,56.25,56.945,55,55.7025,319260
2007-05-22 00:00:00,55.25,56.85,55.25,56.07,214195
2007-05-23 00:00:00,56.535,56.875,54.6325,55.005,163262
2007-05-24 00:00:00,53.0175,55.6,53.0175,53.3775,210315
2007-05-25 00:00:00,52.5,54.5,52.255,53.6575,326152
2007-05-28 00:00:00,54.5,54.65,53.1125,53.2725,76132
2007-05-29 00:00:00,53.435,55.685,53.4,54.8225,190024
2007-05-30 00:00:00,54.485,56,54.2525,54.4475,139209
2007-05-31 00:00:00,54.97,56.99,54.97,56.2475,240233
2007-06-01 00:00:00,56.95,57.745,56.525,57.2125,234989
2007-06-04 00:00:00,57.75,57.75,55.6,55.87,91205
2007-06-05 00:00:00,55.9,57.25,55.2525,56.9,128752
2007-06-06 00:00:00,56.9,57.35,54.25,54.7125,87059
2007-06-07 00:00:00,53.6,55.15,52.6175,53.185,305360
2007-06-08 00:00:00,53.5,53.5,50.21,50.6525,362375
2007-06-11 00:00:00,51.435,52,50.2775,50.6025,134452
2007-06-12 00:00:00,50.935,51,49.525,50.4175,126308
2007-06-13 00:00:00,50.835,54.2125,50.75,53.685,500754
2007-06-14 00:00:00,54.15,55.3375,53.1,55.1025,300428
2007-06-15 00:00:00,55.15,57.07,55.1,56.3175,215288
2007-06-18 00:00:00,56.9,57.1,55.68,56.065,187956
2007-06-19 00:00:00,56.7,56.99,55.055,56.785,142304
2007-06-20 00:00:00,57.25,60.75,56.5025,59.97,379596
2007-06-21 00:00:00,60.5,60.7225,57.75,58.0825,284407
2007-06-22 00:00:00,58.125,59.495,57.8225,58.7175,147754
2007-06-25 00:00:00,59,60.055,58.405,58.83,201252
2007-06-26 00:00:00,58.735,64.45,58.735,63.95,839909
2007-06-27 00:00:00,63.95,67.635,63.21,66.4275,1154646
2007-06-28 00:00:00,64.05,68.2,64.05,67.2175,759918
2007-06-29 00:00:00,67,67.855,66.45,67.08,270564
2007-07-02 00:00:00,67.25,68.7525,66.65,67.4975,226983
2007-07-03 00:00:00,68,68.6175,66.8075,67.1475,141649
2007-07-04 00:00:00,64.3325,67.695,63.76,64.41,415083
2007-07-05 00:00:00,65.22,67.1,62.3025,66.06,417689
2007-07-06 00:00:00,66.255,66.745,63,64.255,325791
2007-07-09 00:00:00,64.85,65.725,63.775,64.0825,276541
2007-07-10 00:00:00,64.2,64.89,63.15,63.305,230581
2007-07-11 00:00:00,63.3,65.4,62.53,64.09,235172
2007-07-12 00:00:00,64.65,65.845,64.44,64.745,263310
2007-07-13 00:00:00,65.19,65.7525,62.8,63.29,295853
2007-07-16 00:00:00,65,66.275,63.5175,63.83,193220
2007-07-17 00:00:00,64.35,66.4125,64.1575,64.8875,368859
2007-07-18 00:00:00,66.45,66.8825,64.4,65.6325,390909
2007-07-19 00:00:00,65.985,66.9,64.2525,65.025,237489
2007-07-20 00:00:00,65.84,65.85,63.4125,63.685,178257
2007-07-23 00:00:00,63.5525,64.25,63.105,63.55,153760
2007-07-24 00:00:00,63.6,65.17,61.8175,62.36,303915
2007-07-25 00:00:00,61.5,62.45,58.75,60.8475,303196
2007-07-26 00:00:00,61,61.49,58.9,59.3625,474065
2007-07-27 00:00:00,59.35,59.385,55.8125,56.4275,407373
2007-07-30 00:00:00,56.505,57.25,54.355,54.7925,225511
2007-07-31 00:00:00,56,58,54.15,57.6375,510993
2007-08-01 00:00:00,57.055,57.055,54.5025,55.095,395214
2007-08-02 00:00:00,57.095,58.3,55,56.7175,352742
2007-08-03 00:00:00,57.15,58.95,57,57.76,235795
2007-08-06 00:00:00,56.1,58.5,55.125,58.0125,275037
2007-08-07 00:00:00,58.7,60,57.9175,58.5375,225933
2007-08-08 00:00:00,58.6,60.45,58.5,59.66,174071
2007-08-09 00:00:00,60.35,61,56.5675,57.07,246583
2007-08-10 00:00:00,56,56.95,53,56.5925,342720
2007-08-13 00:00:00,57.89,58.25,56.7,57.605,183393
2007-08-14 00:00:00,57.85,59.25,57.35,58.6625,229065
2007-08-16 00:00:00,57,57.45,55.075,56.365,170498
2007-08-17 00:00:00,55.945,57.2475,54.26,56.0875,247374
2007-08-20 00:00:00,57.5,58.465,56.1,56.42,121019
2007-08-21 00:00:00,57.45,57.45,53.8,54.215,159266
2007-08-22 00:00:00,57.22,57.22,52.15,53.4725,264597
2007-08-23 00:00:00,54.8,55.55,52.055,52.4475,213501
2007-08-24 00:00:00,54,54,51.4,52.825,152161
2007-08-27 00:00:00,53.3075,58.4,53.3075,57.7125,380319
2007-08-28 00:00:00,58.49,59.95,57,59.3925,205521
2007-08-29 00:00:00,57.495,61,57,60.6925,204198
2007-08-30 00:00:00,61.4975,62.75,60.0575,61.8325,429645
2007-08-31 00:00:00,61.42,63.245,60.7525,62.0825,145261
2007-09-03 00:00:00,62.585,65.15,62.02,63.8625,227932
2007-09-04 00:00:00,63.75,64.495,62.75,63.35,119339
2007-09-05 00:00:00,63.765,66.25,63.3175,65.15,216135
2007-09-06 00:00:00,64.895,67.085,64.505,66.685,245219
2007-09-07 00:00:00,66.9,68.49,65.005,67.46,233627
2007-09-10 00:00:00,66.745,70.895,66.5,70.51,339823
2007-09-11 00:00:00,71.485,71.6775,69.4075,70.1175,237384
2007-09-12 00:00:00,70.5,71.245,69.8,70.05,150162
2007-09-13 00:00:00,71.5,71.5,70,70.6425,131167
2007-09-14 00:00:00,70.985,71.25,69.79,70.0525,128885
2007-09-17 00:00:00,70.05,75.45,70.05,74.7025,617188
2007-09-18 00:00:00,75.05,76.1075,73.8075,74.9525,290837
2007-09-19 00:00:00,75,77,74.25,75.055,187684
2007-09-20 00:00:00,75.2,76.68,74,74.33,143585
2007-09-21 00:00:00,73.5525,75.5,73.15,73.535,150069
2007-09-24 00:00:00,74.5,74.9,72.1575,72.885,95941
2007-09-25 00:00:00,73.005,76.325,73,73.34,210616
2007-09-26 00:00:00,73.75,74.45,72.255,72.6475,74712
2007-09-27 00:00:00,73.005,74.45,72.08,72.6125,161803
2007-09-28 00:00:00,73.05,75.4,73.05,73.445,188880
2007-10-01 00:00:00,74.75,74.75,72.3175,72.655,64423
2007-10-03 00:00:00,73.25,76.72,71.25,73.14,177250
2007-10-04 00:00:00,73.25,76.25,72.755,75.9075,223294
2007-10-05 00:00:00,76.505,78.35,72.0775,73.1275,217327
2007-10-08 00:00:00,73.05,74.9,70.55,72.3575,164117
2007-10-09 00:00:00,71.75,76.3,70.005,75.925,128026
2007-10-10 00:00:00,75.25,77.925,74.575,75.11,137789
2007-10-11 00:00:00,75.35,77.6,75.35,75.89,67125
2007-10-12 00:00:00,75.25,76.72,72.7775,73.8825,87036
2007-10-15 00:00:00,75.75,76.775,74.005,76.2925,83340
2007-10-16 00:00:00,76.05,82.25,75.255,78.8875,376880
2007-10-17 00:00:00,76.5,77.45,71.05,76.1,86612
2007-10-18 00:00:00,77.5,80.745,75.58,76.995,163949
2007-10-19 00:00:00,75,78.7,72.49,78.1125,105958
2007-10-22 00:00:00,78,78,74.555,76.2875,102906
2007-10-23 00:00:00,78,82.95,76.5625,82.2025,114300
2007-10-24 00:00:00,83.9,85,82.05,82.9475,88462
2007-10-25 00:00:00,84.2,84.9375,81.5,82.35,110424
2007-10-26 00:00:00,83,86.885,82.95,84.765,110159
2007-10-29 00:00:00,86.25,88.7,85.35,87.95,90266
2007-10-30 00:00:00,88.7475,89.495,84.7,85.5475,87346
2007-10-31 00:00:00,86.245,88.0075,85.3325,86.185,66941
2007-11-01 00:00:00,87.9,88.435,80.83,82.125,70467
2007-11-02 00:00:00,82.1,83.85,81,83.3275,62575
2007-11-05 00:00:00,84.7,86.5,82.5,83.3775,32228
2007-11-06 00:00:00,84.95,85.98,81,81.27,30983
2007-11-07 00:00:00,82.5,85.5025,80.765,84.325,114180
2007-11-08 00:00:00,83.055,83.2975,80.25,81.27,40792
2007-11-09 00:00:00,80.9875,82.485,77.75,79.1625,20112
2007-11-12 00:00:00,79,84.22,75.3,78.2,42625
2007-11-13 00:00:00,79,80.6,77.55,79.8025,86657
2007-11-14 00:00:00,82.5,82.5,77.0025,78.355,119862
2007-11-15 00:00:00,79.5,80.5,75.625,76.12,183354
2007-11-16 00:00:00,78.75,78.75,75,75.8475,179965
2007-11-19 00:00:00,76.75,77.5,75.25,75.8225,79743
2007-11-20 00:00:00,75.92,77.25,74.5525,74.99,65770
2007-11-21 00:00:00,74.99,75.995,71.58,72.1775,85039
2007-11-22 00:00:00,72.895,73,67.5575,71.18,81141
2007-11-23 00:00:00,72.485,73.2525,70.4125,72.2175,90690
2007-11-26 00:00:00,73.7,76.7425,73.0125,76.075,101566
2007-11-27 00:00:00,76.75,77.5,74.15,76.525,97245
2007-11-28 00:00:00,78.2,78.25,72.55,73.5675,75056
2007-11-29 00:00:00,74.9,75.4,71.8,73.17,82589
2007-11-30 00:00:00,74.9,77.4,72.5125,76.7125,65730
2007-12-03 00:00:00,76.75,78.245,76.75,77.4325,54969
2007-12-04 00:00:00,78,80.45,78,78.6025,99680
2007-12-05 00:00:00,78.6025,80,78.5025,79.5125,128235
2007-12-06 00:00:00,80.2,81.5,77.85,78.735,164912
2007-12-07 00:00:00,79.5,79.945,75.835,76.75,92268
2007-12-10 00:00:00,76.75,78.05,74.2775,74.5575,113697
2007-12-11 00:00:00,74.06,75.8,74.06,75.3375,104119
2007-12-12 00:00:00,74.9975,76,74.0025,75.395,74699
2007-12-13 00:00:00,75.5,76.1975,73.45,73.7175,67906
2007-12-14 00:00:00,73,76,72.98,73.6725,158231
2007-12-17 00:00:00,72.5,74.45,68.55,69.3025,102277
2007-12-18 00:00:00,70.6,73.45,67.8,73.02,145063
2007-12-19 00:00:00,74.745,77,73.6,74.975,157988
2007-12-20 00:00:00,75.97,75.97,73.5,74.575,30372
2007-12-24 00:00:00,75.4,77.25,75.05,75.6075,78054
2007-12-26 00:00:00,75.75,77.5,73.2825,76.905,61525
2007-12-27 00:00:00,77.5,78.75,72.5,73.8325,271973
2007-12-28 00:00:00,73.815,77.6,73.815,76.82,90826
2007-12-31 00:00:00,77.605,79.25,76.8,78.12,154961
2008-01-01 00:00:00,78.745,78.8,76.55,77.26,30053
2008-01-02 00:00:00,77.945,79.95,77.1525,78.6575,78018
2008-01-03 00:00:00,77.15,78.65,76.4775,77.125,41324
2008-01-04 00:00:00,77.855,78.17,76.5,76.77,36212
2008-01-07 00:00:00,75.26,84.1925,75.26,83.545,173150
2008-01-08 00:00:00,85,86.72,78.75,80.1025,128745
2008-01-09 00:00:00,78.23,85.85,77.755,83.0625,242484
2008-01-10 00:00:00,84.05,85,76.5,77.79,89644
2008-01-11 00:00:00,79.4,79.8,76.805,78.46,59708
2008-01-14 00:00:00,78.785,81.05,76.3125,78.225,52941
2008-01-15 00:00:00,78.75,79.65,75.755,76.29,37639
2008-01-16 00:00:00,76.245,76.245,72.2,74.5275,147710
2008-01-17 00:00:00,74.1125,75.845,73.1,73.6975,45451
2008-01-18 00:00:00,73.15,74.99,69.0575,69.72,62595
2008-01-21 00:00:00,69.75,69.75,55,62.34,97576
2008-01-22 00:00:00,63.8,63.8,34.6,55.125,100640
2008-01-23 00:00:00,64.25,64.5,51.0325,56.6275,98872
2008-01-24 00:00:00,62.245,62.245,50,54.505,71757
2008-01-25 00:00:00,55.35,61.75,55.0475,61.0225,98880
2008-01-28 00:00:00,56.835,61.7,54.25,60.6425,49950
2008-01-29 00:00:00,62.45,63.75,61.255,63.35,40149
2008-01-30 00:00:00,62.5,63.5,57,58.32,41459
2008-01-31 00:00:00,58.4,62.945,50,56.855,261206
2008-02-01 00:00:00,58.25,62.25,56.245,61.3925,90580
2008-02-04 00:00:00,61.755,63.79,61.355,62.5425,54703
2008-02-05 00:00:00,61.75,63.75,61.75,62.335,22911
2008-02-06 00:00:00,60.05,60.25,56.65,57.1925,128132
2008-02-07 00:00:00,57.25,58.75,55.055,56.1325,66286
2008-02-08 00:00:00,57.4425,57.4425,51,53.1175,125489
2008-02-11 00:00:00,53.0875,53.0875,49.6,51.095,70128
2008-02-12 00:00:00,51.9,52.7,48.6575,49.37,138518
2008-02-13 00:00:00,49.5,51.65,48.3525,49.3975,94280
2008-02-14 00:00:00,50.2,55.67,50.2,54.7525,45898
2008-02-15 00:00:00,53.5,59,53.1,58.205,74201
2008-02-18 00:00:00,59.25,59.25,57.305,57.7,32822
2008-02-19 00:00:00,58.5,65.25,58.31,60.6175,216221
2008-02-20 00:00:00,60,60.05,56.25,56.83,58127
2008-02-21 00:00:00,59.945,59.945,57.25,59.085,43317
2008-02-22 00:00:00,58.9975,61.2,56.9,59.86,80503
2008-02-25 00:00:00,59,60,58.05,58.8725,80049
2008-02-26 00:00:00,59.6325,59.6325,57.615,58.1475,43151
2008-02-27 00:00:00,59.995,60,57.4,57.8075,27200
2008-02-28 00:00:00,57.8,58.4975,56.1,56.41,95090
2008-02-29 00:00:00,55.25,56.9,54.255,54.985,38664
2008-03-03 00:00:00,53.35,53.95,50.13,50.905,220618
2008-03-04 00:00:00,51.75,53.25,49.25,52.0075,185329
2008-03-05 00:00:00,52.5,53,51.0325,52.36,30618
2008-03-07 00:00:00,50.435,51.95,49.5625,50.0975,103918
2008-03-10 00:00:00,49.685,51.25,46.8,50.2225,99602
2008-03-11 00:00:00,49.5,52.39,49.5,51.5575,167691
2008-03-12 00:00:00,52.95,54.7275,50.35,52.17,84296
2008-03-13 00:00:00,50.95,52,48.25,48.985,127473
2008-03-14 00:00:00,50,54.2,47.06,53.4575,128291
2008-03-17 00:00:00,50.35,51.75,44.55,46.5775,244927
2008-03-18 00:00:00,47.95,48,45.05,45.765,65908
2008-03-19 00:00:00,48.5,49.7475,45.5,46.0025,97160
2008-03-24 00:00:00,45.0825,48,45.0825,47.1175,137923
2008-03-25 00:00:00,48,52.8,47.8,51.115,154760
2008-03-26 00:00:00,50.05,53.8,50.05,53.0925,71379
2008-03-27 00:00:00,50.9,54.95,50.895,53.7475,118929
2008-03-28 00:00:00,54.5,56.9,53.2525,55.705,104581
2008-03-31 00:00:00,54.75,56.245,51.75,52.85,39115
2008-04-01 00:00:00,54.05,55,51.7,54.0225,28743
2008-04-02 00:00:00,55,57.45,53.125,54.47,63966
2008-04-03 00:00:00,52.05,54.94,50.8,51.55,70687
2008-04-04 00:00:00,52.45,52.95,49,49.12,150928
2008-04-07 00:00:00,49.5,52.1675,48.3025,51.31,66865
2008-04-08 00:00:00,50.6275,52.895,50.3,51.61,52780
2008-04-09 00:00:00,50.6,52.8,50.6,52.3375,114902
2008-04-10 00:00:00,51.95,53.475,51.95,53.2475,40236
2008-04-11 00:00:00,53.9,55.445,51.3025,53,114474
2008-04-15 00:00:00,49.95,57.1,49.95,56.1,86364
2008-04-16 00:00:00,55.09,58.4,54.5,55.0925,90655
2008-04-17 00:00:00,55.735,57.44,55.05,56.32,75144
2008-04-21 00:00:00,56.55,58.85,56.25,57.0275,68001
2008-04-22 00:00:00,56.7625,58.85,55.45,57.1125,83649
2008-04-23 00:00:00,56.65,57.5,54.7525,55.29,196968
2008-04-24 00:00:00,57.4975,57.5,54.25,54.7,69732
2008-04-25 00:00:00,54.505,57,52,55.9425,157790
2008-04-28 00:00:00,57,60,56.5275,59.475,205817
2008-04-29 00:00:00,60,67.25,59.95,64.7925,336469
2008-04-30 00:00:00,66,66.4,61.25,62.1175,145894
2008-05-02 00:00:00,62.1,63.245,60.7775,61.45,210454
2008-05-05 00:00:00,63,63,58,58.5075,296482
2008-05-06 00:00:00,59.7,60.5,58.1,58.66,315007
2008-05-07 00:00:00,59.7,60.345,57.2525,58.255,218288
2008-05-08 00:00:00,57.5175,58.5,55.25,57.16,270391
2008-05-09 00:00:00,56.45,57.135,53.3,54.1175,129952
2008-05-12 00:00:00,53.25,56.72,52.5,55.8625,251426
2008-05-13 00:00:00,56.7,60.9975,56.7,59.7275,501042
2008-05-14 00:00:00,59.85,66.1425,58.3175,64.61,519873
2008-05-15 00:00:00,65,65.95,62.6275,63.8875,187778
2008-05-16 00:00:00,63.75,64.85,63.3,63.9,108242
2008-05-20 00:00:00,63.35,64.195,60.3,60.6075,192282
2008-05-21 00:00:00,60,62.22,59.2575,60.055,203147
2008-05-22 00:00:00,59.5,61.25,58.05,59.8875,232226
2008-05-23 00:00:00,60.595,61.7,60,60.035,114725
2008-05-26 00:00:00,59.1,59.67,57.55,59.2825,105092
2008-05-27 00:00:00,60.2375,61.8,58.25,58.7425,105223
2008-05-28 00:00:00,59.25,60.2525,57.775,60,112889
2008-05-29 00:00:00,61.24,61.24,57.5,58.4025,161593
2008-05-30 00:00:00,58.5125,61.3,57.51,58.965,197373
2008-06-02 00:00:00,59.75,60.745,56.05,56.81,97848
2008-06-03 00:00:00,56,58.25,52.8,57.3525,90680
2008-06-04 00:00:00,57,58.75,57,58.0975,88298
2008-06-05 00:00:00,58.45,58.6,56.5025,57.435,112465
2008-06-06 00:00:00,58.375,58.7,56.85,57.1725,46242
2008-06-09 00:00:00,55,57,54.63,56.5275,59425
2008-06-10 00:00:00,54.6,56,53.3025,54.2475,115651
2008-06-11 00:00:00,54.85,56.7,51.65,53.23,249152
2008-06-12 00:00:00,52.75,53.75,51.5,53.2175,54996
2008-06-13 00:00:00,53.95,54.92,52.265,53.5625,62115
2008-06-16 00:00:00,54.2,54.7475,51.405,52.045,118058
2008-06-17 00:00:00,52.295,55.45,51.56,54.9725,143854
2008-06-18 00:00:00,55.5,56.7,54.0025,54.265,82305
2008-06-19 00:00:00,52.5525,54.2475,52.5525,53.4825,49896
2008-06-20 00:00:00,53.9,54.5,52.6,53.0525,48646
2008-06-23 00:00:00,52.75,53.64,50.5,52.51,265093
2008-06-24 00:00:00,52,53.195,50.365,50.98,255893
2008-06-25 00:00:00,50.55,54,49.6,53.035,105585
2008-06-26 00:00:00,53.5,54.3,52.05,52.7275,57642
2008-06-27 00:00:00,51.39,52.895,50.0525,51.5575,77512
2008-06-30 00:00:00,51.25,52.72,49.0525,49.6175,46705
2008-07-01 00:00:00,50,50.75,47.2,50.0625,100724
2008-07-02 00:00:00,49.5,52.7,49.25,52.23,98839
2008-07-03 00:00:00,51.9,54.5,50.15,52.4975,76224
2008-07-04 00:00:00,51.6,54,50.765,51.2,69610
2008-07-07 00:00:00,52.2475,53.1,51.625,52.5975,32303
2008-07-08 00:00:00,51.65,52.45,50.3,51.8975,41965
2008-07-09 00:00:00,52.5,54.39,52.5,53.5675,26447
2008-07-10 00:00:00,53.1,54.65,53.1,54.0225,24499
2008-07-11 00:00:00,54.2875,54.8975,52.75,53.1425,14686
2008-07-14 00:00:00,52.5,53.99,52.25,53.41,21734
2008-07-15 00:00:00,52.74,53.3475,51.5,52.71,31152
2008-07-16 00:00:00,53.4,53.4,50.5575,51.16,26360
2008-07-17 00:00:00,52.25,52.25,49.6075,50.965,64046
2008-07-18 00:00:00,51.25,51.7,50.3025,51.39,38300
2008-07-21 00:00:00,51.35,51.5,50.45,51.0275,18875
2008-07-22 00:00:00,51.2,54.985,50.75,53.0975,48665
2008-07-23 00:00:00,55.25,59.94,54.55,56.595,44180
2008-07-24 00:00:00,56.1,57.5,54.25,54.8575,18100
2008-07-25 00:00:00,54,56.5,53.95,55.5575,187014
2008-07-28 00:00:00,56.4,56.5,54.7,55.08,11280
2008-07-29 00:00:00,55,55.995,53.75,54.36,25253
2008-07-30 00:00:00,53.25,55.705,53.25,54.89,24312
2008-07-31 00:00:00,54.75,57.3,54.75,56.33,142640
2008-08-01 00:00:00,56.95,59.3,55.5625,58.61,156094
2008-08-04 00:00:00,58.995,64.2,58.995,63.72,159321
2008-08-05 00:00:00,62.45,65.8,62.45,63.1775,161420
2008-08-06 00:00:00,64.68,64.68,60.9,61.1325,82942
2008-08-07 00:00:00,58.75,64.3,57.6725,63.5025,131873
2008-08-08 00:00:00,63.75,65,62.855,63.885,78900
2008-08-11 00:00:00,64.95,65.44,63.01,64.2425,112999
2008-08-12 00:00:00,63.45,65.15,62.4125,62.6575,68707
2008-08-13 00:00:00,62.45,64,61.8,62.31,53108
2008-08-14 00:00:00,65.25,65.25,60.65,61.095,55542
2008-08-18 00:00:00,61,61.48,60.08,60.8625,27205
2008-08-19 00:00:00,60.15,60.5,59.2525,60.015,34686
2008-08-20 00:00:00,60.015,60.695,59.5,59.9825,16666
2008-08-21 00:00:00,60,61.25,58.6275,59.16,118476
2008-08-22 00:00:00,58.3,62.235,58.3,61.87,65762
2008-08-25 00:00:00,63,63.25,61.555,61.8525,43148
2008-08-26 00:00:00,60.2,63.2,60.2,62.455,34325
2008-08-27 00:00:00,62.8,63.7475,61.0275,61.2975,53945
2008-08-28 00:00:00,61.6,62.725,61.2,62.19,91546
2008-08-29 00:00:00,62.54,64.2,62.54,63.5275,98989
2008-09-01 00:00:00,63.4,64.92,63.0025,63.5525,76956
2008-09-02 00:00:00,63.5,64.3,62.6575,63.7875,77479
2008-09-04 00:00:00,63.5,63.5,61.63,62.12,46937
2008-09-05 00:00:00,61,63.1925,60.76,61.425,112971
2008-09-08 00:00:00,63.45,63.45,60.855,61.1225,65141
2008-09-09 00:00:00,61,61.4,58.5675,59.5775,62884
2008-09-10 00:00:00,58.85,60.485,58.1,59.065,29925
2008-09-11 00:00:00,59.385,59.6925,57.0525,58.9275,47112
2008-09-12 00:00:00,59.0525,59.4,58.05,58.325,23089
2008-09-15 00:00:00,61,61,53.165,57.225,49987
2008-09-16 00:00:00,56,57.9725,54.1025,57.1225,20900
2008-09-17 00:00:00,57.5,58.4475,56.1,57.225,40929
2008-09-18 00:00:00,57.5,57.5,53.995,55.305,82228
2008-09-19 00:00:00,57.5,61.125,55.5825,59.8925,110947
2008-09-22 00:00:00,59.95,60.2975,58.1025,58.6325,74314
2008-09-23 00:00:00,59.85,60.4475,57.0025,57.385,177987
2008-09-24 00:00:00,57.5,57.995,55.5075,55.705,107582
2008-09-25 00:00:00,55.39,56.735,54.55,56.0025,95203
2008-09-26 00:00:00,55.5,55.945,53.5525,54.91,91480
2008-09-29 00:00:00,55.75,56.5,52.25,54.2725,68271
2008-09-30 00:00:00,54.2725,56.4,51.6325,55.5775,37417
2008-10-01 00:00:00,56,57.44,53.755,55.9,77611
2008-10-03 00:00:00,54.95,55,53.505,53.9,32771
2008-10-06 00:00:00,51.5525,53.005,47.25,47.695,68733
2008-10-07 00:00:00,47.555,49.5,47.5,48.09,75589
2008-10-08 00:00:00,47,47,37.15,44.55,247051
2008-10-10 00:00:00,41.88,43.5,36.9,41.1075,151164
2008-10-13 00:00:00,43.085,49.495,41.55,47.305,64675
2008-10-14 00:00:00,49.48,51.95,46.105,46.885,77785
2008-10-15 00:00:00,45.95,45.95,39.115,40.155,118821
2008-10-16 00:00:00,37.5,43.25,35.2525,42.9025,167108
2008-10-17 00:00:00,44.245,44.245,40.015,41.9125,130932
2008-10-20 00:00:00,42.2575,43.9,40.5525,42.4925,173000
2008-10-21 00:00:00,43,51.1,43,50.0325,285641
2008-10-22 00:00:00,47.5125,48.75,45.6,46.385,112489
2008-10-23 00:00:00,45.05,50.5,43.8525,48.925,200693
2008-10-24 00:00:00,47.6,48.2375,44.33,44.97,167234
2008-10-27 00:00:00,44.5,46.75,42.3,45.99,162724
2008-10-28 00:00:00,48.995,48.995,46.55,47.31,25094
2008-10-29 00:00:00,48.4,52.95,46.5,50.4625,261219
2008-10-31 00:00:00,51.305,52.7525,48.4,50.41,346134
2008-11-03 00:00:00,51.5,53.25,47.63,49.6075,204819
2008-11-04 00:00:00,49.25,49.645,47.0875,47.66,158786
2008-11-05 00:00:00,48,49.445,40,47.3075,78702
2008-11-06 00:00:00,46,47.405,44.65,45.4125,54089
2008-11-07 00:00:00,44.5,46.5,44.0525,45.955,56172
2008-11-10 00:00:00,46.3,47.4475,46.08,46.8325,66694
2008-11-11 00:00:00,47,47.345,45.05,45.1325,69119
2008-11-12 00:00:00,44.34,46,43.76,44.6675,67559
2008-11-14 00:00:00,45.9,46.3,42.8025,43.135,94395
2008-11-17 00:00:00,43.2525,43.3,40.7,41.8675,47658
2008-11-18 00:00:00,41.49,42.92,40.5575,41.505,95623
2008-11-19 00:00:00,40.7575,43.25,40.7575,42.42,134023
2008-11-20 00:00:00,40.0125,42,40.0125,41.235,80299
2008-11-21 00:00:00,40.995,46.195,40.6125,44.145,93554
2008-11-24 00:00:00,44.95,44.95,41.31,42.755,59779
2008-11-25 00:00:00,47,47,42.58,44.145,94518
2008-11-26 00:00:00,44.3,46,43.1525,45.6375,109336
2008-11-28 00:00:00,45.25,47.5,44.1,46.7575,99486
2008-12-01 00:00:00,47,47.5,42.635,43.1125,128570
2008-12-02 00:00:00,42,42.2,40.275,41.46,173208
2008-12-03 00:00:00,41.1025,43.75,41.1025,43.2375,124465
2008-12-04 00:00:00,43.1175,44.5,41.1025,43.9825,276651
2008-12-05 00:00:00,43.195,44.2,41.1,41.575,146693
2008-12-08 00:00:00,42.255,43.745,41.3025,42.7975,116616
2008-12-10 00:00:00,43,44.25,42.1075,43.7175,139029
2008-12-11 00:00:00,42.6175,43.945,40.9,41.3575,177065
2008-12-12 00:00:00,40.5,44.2475,40.5,43.635,215989
2008-12-15 00:00:00,44.4,45.9375,43.5,44.855,187462
2008-12-16 00:00:00,44.645,46.75,44.2175,46.1825,139239
2008-12-17 00:00:00,46.5975,47.22,45.11,45.675,108643
2008-12-18 00:00:00,45.7,47.995,45.3,47.705,161089
2008-12-19 00:00:00,47.6,49.8475,47.5,49.095,387260
2008-12-22 00:00:00,49.25,51,46.9,50.5125,117908
2008-12-23 00:00:00,50.4,50.4,46.25,46.7175,141939
2008-12-24 00:00:00,46.75,48.5,46.4,47,99115
2008-12-26 00:00:00,47.345,47.685,44.62,45.03,102426
2008-12-29 00:00:00,47.44,47.44,43.1175,45.3475,104942
2008-12-30 00:00:00,46,46.75,45.2025,45.935,94212
2008-12-31 00:00:00,46.3,46.75,45.7525,46.3125,38851
2009-01-01 00:00:00,46.4,47.4475,46.1,46.965,59922
2009-01-02 00:00:00,47.25,48.635,46.8125,47.7575,89188
2009-01-05 00:00:00,48.03,48.95,47.605,48.0375,62344
2009-01-06 00:00:00,47.995,48.345,45.6525,46.1525,125200
2009-01-07 00:00:00,45.925,46.9975,44.2,44.7625,90845
2009-01-09 00:00:00,44.8,45.925,43.1,44.775,116398
2009-01-12 00:00:00,44.3025,44.895,43.6,44.4475,53265
2009-01-13 00:00:00,45.55,45.6,43.3,45.1825,48978
2009-01-14 00:00:00,44.55,47.25,44.55,46.8275,24207
2009-01-15 00:00:00,46.83,47.2,45.0825,46.5775,123207
2009-01-16 00:00:00,46.9,47.37,46.0025,46.5,54757
2009-01-19 00:00:00,46.95,47.9,46.5,47.1675,55065
2009-01-20 00:00:00,47.15,47.395,46.3075,46.6375,53292
2009-01-21 00:00:00,46.1075,46.485,45.6525,45.795,49783
2009-01-22 00:00:00,46.24,46.45,42.6275,44.9125,208372
2009-01-23 00:00:00,44.5,47.44,44,45.97,201395
2009-01-27 00:00:00,46.055,46.7,44.7,45.5425,52128
2009-01-28 00:00:00,46.49,48.2775,43.99,47.275,175793
2009-01-29 00:00:00,47.5,48.695,46.1,47.0925,213120
2009-01-30 00:00:00,45.125,47.15,41.83,45.92,107230
2009-02-02 00:00:00,44.4925,45.45,43.705,44.0825,142420
2009-02-03 00:00:00,44.15,44.745,41.3,42.04,232642
2009-02-04 00:00:00,42.115,42.845,39.8175,40.1975,274486
2009-02-05 00:00:00,40,40.69,38.505,39.23,371503
2009-02-06 00:00:00,39.75,41.115,39.5,40.735,192999
2009-02-09 00:00:00,41.055,43.2325,40.8,42.855,182936
2009-02-10 00:00:00,43,43.85,42.05,42.93,116128
2009-02-11 00:00:00,42.5,43.295,41.25,42.6525,163574
2009-02-12 00:00:00,42.445,43.475,42.1525,42.665,58110
2009-02-13 00:00:00,43.3,43.495,42.4125,42.6375,74185
2009-02-16 00:00:00,42.6375,43.19,41.75,41.9375,50823
2009-02-17 00:00:00,41.5,41.8,39,39.635,102210
2009-02-18 00:00:00,39.3,39.5,37.87,38.19,163096
2009-02-19 00:00:00,38.15,39.095,38,38.465,139966
2009-02-20 00:00:00,37.875,39.1,37.7,38.2825,140279
2009-02-24 00:00:00,37.5,39.85,37.5,39.465,206853
2009-02-25 00:00:00,39.7,40.2,38.535,39.1,278285
2009-02-26 00:00:00,39.24,39.24,37.75,38.1175,161223
2009-02-27 00:00:00,38.25,38.6,37.15,37.675,131622
2009-03-02 00:00:00,36.25,38.95,34.855,38.435,254048
2009-03-03 00:00:00,38,38,35.755,36.0125,213789
2009-03-04 00:00:00,36.1,36.95,35.05,35.12,188704
2009-03-05 00:00:00,35.75,36.2,34.75,35.4625,237398
2009-03-06 00:00:00,34.75,36.6,34.75,36.3775,147286
2009-03-09 00:00:00,36.325,36.325,35.25,35.61,64967
2009-03-12 00:00:00,35.9,36.15,33.33,35.12,295040
2009-03-13 00:00:00,35.7,36.7,35.1,36.04,203825
2009-03-16 00:00:00,36.2475,37.6,36.2475,37.0875,129971
2009-03-17 00:00:00,37.05,37.845,35.935,36.755,156147
2009-03-18 00:00:00,37,37.95,36.7325,37.18,99931
2009-03-19 00:00:00,37.5,37.89,36.105,36.345,77550
2009-03-20 00:00:00,36.5,37.095,36.0575,36.3125,89944
2009-03-23 00:00:00,36.5,37.45,36.5,37.2975,78967
2009-03-24 00:00:00,37.5025,38.22,35.9025,36.4575,109483
2009-03-25 00:00:00,36.5,37.095,36.1,36.8,52509
2009-03-26 00:00:00,37.55,40.5,37.15,38.97,364720
2009-03-27 00:00:00,39,39.695,38.06,38.85,107024
2009-03-30 00:00:00,38.245,40.85,37.8525,39.2025,128847
2009-03-31 00:00:00,39.35,42,38.6775,39.0875,80342
2009-04-01 00:00:00,39,40.0975,38.4,39.2325,50453
2009-04-02 00:00:00,40,41.5925,39.4975,40.7225,172265
2009-04-06 00:00:00,41.35,42.455,40.9525,42.1375,102610
2009-04-08 00:00:00,41.245,46,39.75,45.2075,263004
2009-04-09 00:00:00,45.5,46.9,43.8,44.2575,77875
2009-04-13 00:00:00,44.75,45,40.45,40.88,434211
2009-04-15 00:00:00,40.9,42.3925,39,41.3175,183474
2009-04-16 00:00:00,41.75,43.45,39,39.9775,329338
2009-04-17 00:00:00,40.25,41.2,39.605,40.05,211461
2009-04-20 00:00:00,40.75,42.345,39.76,40.45,286575
2009-04-21 00:00:00,39.815,41.175,39.25,39.4975,252413
2009-04-22 00:00:00,40,40.2375,37.5675,38.165,223702
2009-04-23 00:00:00,38.5,38.895,37.2675,38.1325,235081
2009-04-24 00:00:00,38.65,38.65,37.7525,37.9125,205684
2009-04-27 00:00:00,38.5,38.7,36.2775,36.6525,252284
2009-04-28 00:00:00,36.75,37.5925,36,36.2725,222448
2009-04-29 00:00:00,36.415,37.6,36.4,37.34,256408
2009-05-04 00:00:00,38.75,40.1125,37.8025,39.49,633128
2009-05-05 00:00:00,39.5,40.495,39.4275,39.7425,190355
2009-05-06 00:00:00,39.8,41.25,39.115,40.4575,361193
2009-05-07 00:00:00,40.75,42.2325,40.75,41.97,192366
2009-05-08 00:00:00,42.5,42.9,41.1525,41.58,155547
2009-05-11 00:00:00,41.9,42.4425,41.42,41.97,121956
2009-05-12 00:00:00,40.08,43.35,40.08,43.02,115760
2009-05-13 00:00:00,43.25,44.57,42.3,42.8025,107833
2009-05-14 00:00:00,42,44.2,41,43.5025,77448
2009-05-15 00:00:00,44.44,45.895,43.5675,44.22,187412
2009-05-18 00:00:00,47.5,47.5,45.7525,47.27,360
2009-05-19 00:00:00,47.5,52.75,47.5,49.55,200673
2009-05-20 00:00:00,49.55,54.45,48.75,53.57,132935
2009-05-21 00:00:00,54,56.435,53.0525,53.88,85874
2009-05-22 00:00:00,53.5,53.745,50.765,51.085,78473
2009-05-25 00:00:00,50.055,53.2475,49.2,52.6375,75447
2009-05-26 00:00:00,52.795,53.25,47.45,47.77,77950
2009-05-27 00:00:00,48.4975,50.9,48.4975,50.33,46245
2009-05-28 00:00:00,50,52.055,50,51.5475,47393
2009-05-29 00:00:00,52.325,54.1,51.2525,53.645,114146
2009-06-01 00:00:00,54.25,55.485,54.25,54.675,112298
2009-06-02 00:00:00,54.675,56.25,53.6025,55.63,142700
2009-06-03 00:00:00,55.95,61,55.95,59.9875,101150
2009-06-04 00:00:00,60.105,60.105,57.5,57.8625,80397
2009-06-05 00:00:00,58.65,60.25,58.025,59.3625,44725
2009-06-08 00:00:00,59.75,59.75,57.5,57.6325,49609
2009-06-09 00:00:00,57.55,62.1975,57.05,60.7225,85010
2009-06-10 00:00:00,61.95,63.985,60.38,62.205,114380
2009-06-11 00:00:00,63.4,63.495,59.8375,60.3925,31350
2009-06-12 00:00:00,60.5,63,59.495,60.0325,36386
2009-06-15 00:00:00,59,60.745,58.7525,59.3425,46936
2009-06-16 00:00:00,58,59.495,58,58.96,62971
2009-06-17 00:00:00,59,59.4,58,58.575,27596
2009-06-18 00:00:00,58.65,59.2,57.5,58.3375,21782
2009-06-19 00:00:00,57.55,59.92,57.55,59.13,37914
2009-06-22 00:00:00,58.1525,59.93,56.75,58,16446
2009-06-23 00:00:00,56.9,57.7,54.0025,56.1275,38732
2009-06-24 00:00:00,55.505,57.115,54.3,55.75,42718
2009-06-25 00:00:00,57,58.75,54.75,55.49,110311
2009-06-26 00:00:00,56.005,57.3775,55.25,57.0525,22047
2009-06-29 00:00:00,57.0525,59.8875,57,59.29,62812
2009-06-30 00:00:00,59,59.745,58.1,58.685,59295
2009-07-01 00:00:00,59.5,59.5,58.005,59.04,44227
2009-07-02 00:00:00,59.44,59.75,58.85,59.285,26599
2009-07-03 00:00:00,58.75,61,58.75,60.27,47787
2009-07-06 00:00:00,61.1475,64.9875,59.75,61.67,162521
2009-07-07 00:00:00,62.5,63.2,60.565,61.365,36457
2009-07-08 00:00:00,61,62.05,58.5,60.5275,43289
2009-07-09 00:00:00,61.6,61.6,58.5575,59.26,14372
2009-07-10 00:00:00,60.745,60.745,57.82,58.175,72826
2009-07-13 00:00:00,57.2,58.95,53.555,55.6225,40544
2009-07-14 00:00:00,57.555,58.5,55.65,58.155,23660
2009-07-15 00:00:00,58.25,59.7975,58,58.6925,23107
2009-07-16 00:00:00,59.95,61.5,59,59.93,18804
2009-07-17 00:00:00,61,61,59.33,60.41,15652
2009-07-20 00:00:00,60.6,61.895,60.035,61.5225,18906
2009-07-21 00:00:00,61.25,63,61.25,61.8925,20563
2009-07-22 00:00:00,61.5025,63.75,61.5025,62.82,22970
2009-07-23 00:00:00,63.075,65.75,62.5,65.445,58617
2009-07-24 00:00:00,66,67.25,64.55,65.815,27653
2009-07-27 00:00:00,67,68.6,65.55,66.8225,151195
2009-07-28 00:00:00,66.26,67.7325,65.6,66.3975,36357
2009-07-29 00:00:00,66.0075,66.0075,62.0575,62.8575,47191
2009-07-30 00:00:00,61.0775,62.9,60.06,60.375,51186
2009-07-31 00:00:00,60.75,62.6,60.505,61.2025,71474
2009-08-03 00:00:00,61.3075,62.2325,59.15,60.3125,76209
2009-08-04 00:00:00,60.55,61.7625,59.7825,60.6225,73596
2009-08-05 00:00:00,60,61.25,59.5,60.22,22417
2009-08-06 00:00:00,60.15,61.9,59.005,59.4075,79729
2009-08-07 00:00:00,59,60.135,56.855,57.225,53314
2009-08-10 00:00:00,59.3925,60.3,56.9,57.8675,120086
2009-08-11 00:00:00,58.945,59.505,56.6,58.07,134066
2009-08-12 00:00:00,58,58.4975,56.005,57.57,18811
2009-08-13 00:00:00,58.1,60.745,58.05,59.74,38520
2009-08-14 00:00:00,60.1,61.7,59.5075,60.0275,51902
2009-08-17 00:00:00,60.0275,60.925,58.055,58.49,93395
2009-08-18 00:00:00,58.5,59.7,57.525,58.85,38260
2009-08-19 00:00:00,58.8,59.4,58.0025,58.7725,50290
2009-08-20 00:00:00,59.35,60.42,59.35,59.8975,24709
2009-08-21 00:00:00,60.25,61.65,59.25,60.7575,32386
2009-08-24 00:00:00,61.5,62.6975,60.4,60.79,45679
2009-08-25 00:00:00,60.5,61.34,60.05,60.9625,17843
2009-08-26 00:00:00,61.0025,62.4,60.125,60.5425,17547
2009-08-27 00:00:00,60.5525,64.4,60.5525,62.5375,155396
2009-08-28 00:00:00,63.5,64.4,61.7525,62.175,42539
2009-08-31 00:00:00,62,62.395,61.1575,61.475,11419
2009-09-01 00:00:00,61.4,62.4475,60.2525,61.5675,29819
2009-09-02 00:00:00,61.4,61.75,60.9,61.3475,7396
2009-09-03 00:00:00,61.7425,63.395,61.355,61.665,24910
2009-09-04 00:00:00,62.35,62.945,61.77,62.0975,16588
2009-09-07 00:00:00,62.5,65.15,62.3,64.565,52962
2009-09-08 00:00:00,65,67.5,63.3025,63.955,139061
2009-09-09 00:00:00,64.745,65.69,63.5,63.8775,48513
2009-09-10 00:00:00,64.75,65,61.25,61.615,54584
2009-09-11 00:00:00,61.8,63.405,61.6575,62.8025,48147
2009-09-14 00:00:00,61.94,63.55,61.94,62.5175,19562
2009-09-15 00:00:00,62.9175,63.48,62.485,62.755,13806
2009-09-16 00:00:00,62.855,64.85,62.7125,63.975,40186
2009-09-17 00:00:00,64.25,65.15,63.25,63.92,55887
2009-09-18 00:00:00,63.85,64.34,62.8275,63.305,40665
2009-09-22 00:00:00,62.5,64.245,62.5,62.9275,15277
2009-09-23 00:00:00,63,63.95,62.405,62.715,18126
2009-09-24 00:00:00,62.08,62.93,60.2525,62.495,41396
2009-09-25 00:00:00,61.8425,63.25,61.4025,61.885,16426
2009-09-29 00:00:00,62.5,63.6975,61.6,62.46,20591
2009-09-30 00:00:00,62.1,62.9975,62.1,62.555,14154
2009-10-01 00:00:00,62.6,63,61.75,62.5275,14508
2009-10-05 00:00:00,61.75,62.735,61.75,62.4725,17946
2009-10-06 00:00:00,63.025,64.95,61.3025,63.5425,56087
2009-10-07 00:00:00,64.1,70.1,63.7475,68.125,436570
2009-10-08 00:00:00,68.36,71.05,68.36,68.8875,163206
2009-10-09 00:00:00,69.74,72.495,69.5,71.1575,272499
2009-10-12 00:00:00,72,73.7,71.435,73.4,190378
2009-10-14 00:00:00,73.8,74.42,71.85,72.215,77251
2009-10-15 00:00:00,72.825,73.595,70.4025,70.7675,57850
2009-10-16 00:00:00,70.505,72.6,68.9,70.835,31593
2009-10-17 00:00:00,71.45,72.3,70.5,71,8051
2009-10-20 00:00:00,71.25,72.095,69.01,69.405,25378
2009-10-21 00:00:00,69.65,71.945,68.35,68.865,49876
2009-10-22 00:00:00,69.3475,69.485,65.75,66.3875,32351
2009-10-23 00:00:00,67,69,67,68.0375,36165
2009-10-26 00:00:00,67.2,67.6725,63.4,64.7925,105033
2009-10-27 00:00:00,64.44,64.7,62.1,62.9525,42482
2009-10-28 00:00:00,61.65,64.445,61.2,62.485,47737
2009-10-29 00:00:00,62,62.3375,60.5,61.47,76718
2009-10-30 00:00:00,62.75,64.235,61.7525,62.8,42971
2009-11-03 00:00:00,62.45,64.695,62.31,63.48,29895
2009-11-04 00:00:00,64.9,66.895,63.5675,64.43,55063
2009-11-05 00:00:00,64.55,65.765,63,63.7325,52810
2009-11-06 00:00:00,64.25,66.45,64.015,65.0325,77537
2009-11-09 00:00:00,66.5,67.495,65.15,67.06,79328
2009-11-10 00:00:00,67.31,67.75,66.355,66.7525,34320
2009-11-11 00:00:00,64.1,68.75,62.0825,68.2125,43516
2009-11-12 00:00:00,68.5,71.895,67.8,69.2475,45175
2009-11-13 00:00:00,69.0625,69.24,67.8075,68.5025,19376
2009-11-16 00:00:00,69,70.64,68.5,68.805,33828
2009-11-17 00:00:00,69.5,69.7425,68.5,68.975,12304
2009-11-18 00:00:00,68.975,69.6975,68.5,69.3125,13219
2009-11-19 00:00:00,69.25,70.555,69.05,70.0425,77798
2009-11-20 00:00:00,70,70,66.355,68.08,32634
2009-11-23 00:00:00,68.6,69.245,67.4525,67.665,22992
2009-11-24 00:00:00,68.095,68.6,66.8,67.1075,21008
2009-11-25 00:00:00,67.2825,68.395,66.2575,66.655,10097
2009-11-26 00:00:00,66.75,67.445,63.505,64.0675,26236
2009-11-27 00:00:00,63.735,64.95,62.605,64.1375,34859
2009-11-30 00:00:00,64.5,67.45,64.135,66.9225,28504
2009-12-01 00:00:00,67.25,67.9,66.3,67.0375,14169
2009-12-02 00:00:00,67.8975,67.995,66.25,66.435,8497
2009-12-03 00:00:00,67,67.995,66.5575,67.68,17475
2009-12-04 00:00:00,67.5,68.85,66.605,67.6825,22859
2009-12-07 00:00:00,68,68.25,65.68,67.5575,19197
2009-12-08 00:00:00,68.75,68.75,67.005,67.775,12547
2009-12-09 00:00:00,67.5,67.675,66.675,66.915,8364
2009-12-10 00:00:00,67.25,67.34,65.25,66.71,19953
2009-12-11 00:00:00,66.95,67.89,66.5,66.77,10981
2009-12-14 00:00:00,67.35,68.495,64.5075,64.9,30211
2009-12-15 00:00:00,65,65.35,64.15,64.595,10749
2009-12-16 00:00:00,64.3,64.935,63.1125,63.875,18982
2009-12-17 00:00:00,63.5125,66.65,63.5125,66.3325,40463
2009-12-18 00:00:00,65.305,67.45,64.7575,66.465,44624
2009-12-21 00:00:00,66.465,70.6,66.465,68.895,168102
2009-12-22 00:00:00,68.85,70.3,68.01,68.45,41925
2009-12-23 00:00:00,68.65,69.8425,68.1525,68.69,26917
2009-12-24 00:00:00,68.65,71.65,68.65,70.9775,142443
2009-12-29 00:00:00,71.5,79,71.11,71.8075,65079
2009-12-30 00:00:00,71.25,73.3925,70.1525,72.905,47234
2009-12-31 00:00:00,73,73.8875,70.7675,71.1675,63846
2010-01-04 00:00:00,71.25,72.45,70.36,71.075,24544
2010-01-05 00:00:00,72.45,73.1,71.2,72.5325,64133
2010-01-06 00:00:00,73.55,74.4,73.25,73.7,65925
2010-01-07 00:00:00,73.25,76.65,73.25,75.5325,160917
2010-01-08 00:00:00,76.25,76.25,72.8275,74.835,23912
2010-01-11 00:00:00,76,76,73.945,74.23,20314
2010-01-12 00:00:00,75.245,75.245,73.7,74.04,19693
2010-01-13 00:00:00,74,74.55,73,73.465,26264
2010-01-14 00:00:00,74.225,76.245,73.85,75.865,56431
2010-01-15 00:00:00,76,76.495,74.83,75.7825,32970
2010-01-18 00:00:00,76.45,76.45,74.3,75.29,11959
2010-01-19 00:00:00,73.83,78.4,70.55,76.7075,112559
2010-01-20 00:00:00,77.35,79,76.8,77.7775,127497
2010-01-21 00:00:00,77.825,77.985,75.4,76.205,43412
2010-01-22 00:00:00,74.75,76.445,71.8,76.0325,27865
2010-01-25 00:00:00,75.055,75.675,74.5,75.1325,14343
2010-01-27 00:00:00,73.68,75.7,73.68,74.9375,38845
2010-01-28 00:00:00,73.5,76.95,72.8025,76.2325,75162
2010-01-29 00:00:00,75.75,76.5,73.75,75.045,22107
2010-02-01 00:00:00,76.25,86.35,76.2375,85.425,373420
2010-02-02 00:00:00,85.75,87,82.9,83.5125,158146
2010-02-03 00:00:00,84,88.85,83.9,86.6425,296856
2010-02-04 00:00:00,87.4,88.75,83.855,85.12,196283
2010-02-05 00:00:00,83.5,85.95,82.5225,84.1325,124577
2010-02-06 00:00:00,84.2,85.8,84.2,84.8625,12261
2010-02-08 00:00:00,85.45,86.95,83.8275,85.0175,112866
2010-02-09 00:00:00,85.44,86.185,84.2575,85.065,82786
2010-02-10 00:00:00,85.45,89,85.45,86.1825,203996
2010-02-11 00:00:00,87.02,87.75,85.915,86.86,80234
2010-02-15 00:00:00,86.4475,87.675,85.5675,85.85,34625
2010-02-16 00:00:00,87,87.1,85.605,86.375,23264
2010-02-17 00:00:00,86.95,90.95,86.665,89.8625,213417
2010-02-18 00:00:00,89.75,92.5,89.5025,91.2825,208558
2010-02-19 00:00:00,90,92.35,89.755,90.5775,68911
2010-02-22 00:00:00,91.495,92.6775,87.75,88.155,173619
2010-02-23 00:00:00,87.5,88.7,86.43,87.37,171298
2010-02-24 00:00:00,86.5,88.1,86.25,86.78,41359
2010-02-25 00:00:00,86.25,87.485,85.9,86.1775,52990
2010-02-26 00:00:00,86.89,88.7,85.0775,87.3125,116519
2010-03-02 00:00:00,88.4,90,88.0025,89.5725,54525
2010-03-03 00:00:00,89.87,91.35,89.87,90.71,42772
2010-03-04 00:00:00,90.8,93.895,90.4,93.3675,135134
2010-03-05 00:00:00,94,95.1,91.125,91.525,104248
2010-03-08 00:00:00,92.45,92.95,90.2525,90.51,86205
2010-03-09 00:00:00,90.5,91.745,89.6025,90.72,82861
2010-03-10 00:00:00,90.0525,92.1,89.6025,89.9375,103177
2010-03-11 00:00:00,88.35,91.25,88.35,90.605,52475
2010-03-12 00:00:00,90.895,91.6475,89.815,90.195,81268
2010-03-15 00:00:00,89.85,90.745,89.25,89.5425,48339
2010-03-16 00:00:00,90.5,90.64,89.3275,90.1075,73883
2010-03-17 00:00:00,90.25,92.4,89.8675,90.3725,119386
2010-03-18 00:00:00,91.7,91.7,90.4,90.5975,42566
2010-03-19 00:00:00,91.05,92.375,90.55,91.175,47550
2010-03-22 00:00:00,90,91.25,89.0675,89.3675,41769
2010-03-23 00:00:00,89.87,91,88.6825,89.0425,60985
2010-03-25 00:00:00,88.855,90.3925,88.29,88.7675,125499
2010-03-26 00:00:00,89.25,91.69,89.25,90.835,71067
2010-03-29 00:00:00,91.25,92.6,90.75,92.3675,69728
2010-03-30 00:00:00,93,93.25,91.5,91.625,49592
2010-03-31 00:00:00,91.05,92.65,91.05,92.03,63928
2010-04-01 00:00:00,92,93.95,91.9,93.63,63460
2010-04-05 00:00:00,94.745,94.745,93.05,93.5775,36710
2010-04-06 00:00:00,94,94,92.6,93.5325,20217
2010-04-07 00:00:00,94,94.5,93.25,94.015,104009
2010-04-08 00:00:00,94.24,96.09,93.515,94.3225,84591
2010-04-09 00:00:00,96.5,96.5,94.5025,95.275,29551
2010-04-12 00:00:00,95.45,95.94,94.5,95.31,21046
2010-04-13 00:00:00,95.1,96.65,94.55,95.2975,47752
2010-04-15 00:00:00,95.2975,99,95.2975,98.2225,154407
2010-04-16 00:00:00,98.5,103.435,98.005,102.805,319144
2010-04-19 00:00:00,101.155,103.9175,100.76,102.5625,169899
2010-04-20 00:00:00,103,103.39,101.83,102.485,56811
2010-04-21 00:00:00,102.485,103.7,101.91,102.6175,35578
2010-04-22 00:00:00,101.76,102.75,101.2625,102.3925,35036
2010-04-23 00:00:00,101.76,104.4,101.6,103.2875,82663
2010-04-26 00:00:00,104,104.35,102.35,103.16,37180
2010-04-27 00:00:00,103.245,103.91,102.55,103.425,55297
2010-04-28 00:00:00,102.2625,103.435,101.5,102.4625,69164
2010-04-29 00:00:00,102.8875,106.195,102,105.445,172825
2010-04-30 00:00:00,106.3,107.9,106.08,106.4625,95894
2010-05-03 00:00:00,107.25,110.37,105.5,109.4875,302439
2010-05-04 00:00:00,109.9,109.955,106.55,107.2825,96087
2010-05-05 00:00:00,107,111.4975,104.8,109.74,162344
2010-05-06 00:00:00,109.9,110.4,107.6,108.5775,137715
2010-05-07 00:00:00,108.4,110.1,105.65,107.95,62902
2010-05-10 00:00:00,108.5,110.4975,107.2625,108.8925,55308
2010-05-11 00:00:00,108.5,109.5,106.63,108.4125,45902
2010-05-12 00:00:00,106.18,110.22,105,108.4375,69178
2010-05-13 00:00:00,108.6075,112.7,108.25,111.8025,190042
2010-05-14 00:00:00,112.3,114.7,112,113.9275,130605
2010-05-17 00:00:00,113.1,113.4,110.25,112.51,53817
2010-05-18 00:00:00,113.5,116.36,112.8325,115.2775,101227
2010-05-19 00:00:00,114.5,114.945,112.6275,113.0775,43621
2010-05-20 00:00:00,113.35,114.45,111.4675,112.5775,26674
2010-05-21 00:00:00,111,112.4,108.3025,111.83,32170
2010-05-24 00:00:00,116.9,116.9,110.8,111.435,24701
2010-05-25 00:00:00,110.85,110.9825,107.4,107.815,62626
2010-05-26 00:00:00,109.47,109.89,105.655,106.4525,66535
2010-05-27 00:00:00,109.9,111.8,105.505,109.0625,46903
2010-05-28 00:00:00,110,111.9,108.8025,111.0425,70040
2010-05-31 00:00:00,110.9,111.9,110.05,111.1,31940
2010-06-01 00:00:00,110.8,112.65,109.25,110.71,54508
2010-06-02 00:00:00,111,111.745,108.78,110.2775,42210
2010-06-03 00:00:00,111.1925,112.35,110.5525,111.0025,32829
2010-06-04 00:00:00,112.05,113.4,110.805,112.4425,82903
2010-06-07 00:00:00,111.005,113.4925,110.605,112.4225,66234
2010-06-08 00:00:00,112.9,113,111.265,111.7625,27405
2010-06-09 00:00:00,111.85,113.135,111.0075,111.295,23684
2010-06-10 00:00:00,111.25,112.195,110.6525,111.5775,37934
2010-06-11 00:00:00,112.05,112.645,110.865,111.1175,22864
2010-06-14 00:00:00,112.895,112.895,111.24,111.955,16301
2010-06-15 00:00:00,111.95,112.75,111.5,111.9625,11078
2010-06-16 00:00:00,111.35,113.4,110.7075,111.0775,53700
2010-06-17 00:00:00,111.25,112.195,109.41,110.0275,72145
2010-06-18 00:00:00,111,111.135,109.2525,109.87,25646
2010-06-21 00:00:00,110.25,111.4,109.06,109.8775,67632
2010-06-22 00:00:00,110.425,111,108.25,110.3075,66197
2010-06-23 00:00:00,110.5,111.4,109.6025,110.44,22799
2010-06-24 00:00:00,109.775,113,109.775,112.195,70725
2010-06-25 00:00:00,112.8975,113.9,112.2,113.2,32672
2010-06-28 00:00:00,113.5,117.5,112.75,116.76,63036
2010-06-29 00:00:00,117,119.2,116.25,117.61,97676
2010-06-30 00:00:00,117.05,119.25,116.155,118.5125,37192
2010-07-01 00:00:00,118,118.3875,117.05,117.485,47019
2010-07-02 00:00:00,117.5,118.25,115.825,116.135,20921
2010-07-05 00:00:00,117.245,117.245,115.0775,116.5225,15499
2010-07-06 00:00:00,116.55,120.175,115.65,119.25,46262
2010-07-07 00:00:00,119.5,121.275,118.35,120.3475,191220
2010-07-08 00:00:00,121.19,125.75,120.8,124.5375,127279
2010-07-09 00:00:00,124.75,125.6825,122.6,125.2625,78594
2010-07-12 00:00:00,125.5,126.01,124.25,125.425,41209
2010-07-13 00:00:00,125.425,134.17,124.5525,131.3775,140385
2010-07-14 00:00:00,132.5,136.95,130.5,131.9175,200179
2010-07-15 00:00:00,129.5,137.7475,129.5,134.5825,196325
2010-07-16 00:00:00,134.325,135.885,132.94,133.605,89154
2010-07-19 00:00:00,133.5,134.45,132,132.43,78379
2010-07-20 00:00:00,132.5,134,132.5,133.225,85227
2010-07-21 00:00:00,134.4,134.4,133.3075,133.5775,38798
2010-07-22 00:00:00,133.55,137.5,133.525,137.06,185082
2010-07-23 00:00:00,140.05,140.05,136.95,138.635,120352
2010-07-26 00:00:00,139.9225,140.65,138.575,139.86,119432
2010-07-27 00:00:00,140,143.6475,137.1,141.5125,287846
2010-07-28 00:00:00,143.5,144.4,141.2775,142.14,196739
2010-07-29 00:00:00,141.5,142.395,140.13,140.6275,62358
2010-07-30 00:00:00,141.2,142.75,139.8,140.29,78967
2010-08-02 00:00:00,140.0575,142.5,138.9725,140.8475,45869
2010-08-03 00:00:00,141.85,141.85,140.25,140.89,33974
2010-08-04 00:00:00,141.1,141.25,139.6025,140.4425,18374
2010-08-05 00:00:00,140.05,141.845,138.65,139.3475,98514
2010-08-06 00:00:00,139.25,140.75,139,140.31,90082
2010-08-09 00:00:00,141,141.985,139.55,140.9,40876
2010-08-10 00:00:00,141,141.5,140.25,140.64,35702
2010-08-11 00:00:00,140,141.495,137.555,138.6425,44284
2010-08-12 00:00:00,137.555,142.185,137.1,141.7925,99166
2010-08-13 00:00:00,141.75,151.25,141.0525,149.1925,384137
2010-08-16 00:00:00,150.05,153.945,149.025,150.205,232432
2010-08-17 00:00:00,150.5,151.9975,146.8275,147.2125,138608
2010-08-18 00:00:00,147.97,148.36,142.025,144.6075,233858
2010-08-19 00:00:00,145.5,147.7325,142.57,144.7625,142348
2010-08-20 00:00:00,145,146,142.5075,143.1525,87819
2010-08-23 00:00:00,144.4825,152.75,143.45,151.565,438679
2010-08-24 00:00:00,150.775,153.9,148,151.7975,287251
2010-08-25 00:00:00,151.5,153.745,149.2,150.3075,333931
2010-08-26 00:00:00,151,151.95,148.25,149.0075,265524
2010-08-27 00:00:00,149.25,151.2,148.55,149.1175,116955
2010-08-30 00:00:00,150.5,151.51,149.0175,149.9275,50717
2010-08-31 00:00:00,149.99,150.245,145.885,146.58,149607
2010-09-01 00:00:00,147.8,149.2,147.1,147.8125,86514
2010-09-02 00:00:00,148.8,152.235,147.5625,150.0175,198117
2010-09-03 00:00:00,150.5,152.2375,149.5575,149.9075,96393
2010-09-06 00:00:00,150.5,152.795,149.85,151.51,104805
2010-09-07 00:00:00,152.25,152.25,150.05,150.195,66206
2010-09-08 00:00:00,150,151.5,147.8,148.12,140444
2010-09-09 00:00:00,148.5,149.85,147.25,147.5525,67256
2010-09-13 00:00:00,148,150.35,146.6025,148.8475,89912
2010-09-14 00:00:00,149,156.39,147.955,155.045,481048
2010-09-15 00:00:00,156.5,159.2,155.3025,156.245,434891
2010-09-16 00:00:00,156.955,158.18,155.0575,155.5675,145299
2010-09-17 00:00:00,156.4,160.99,156.3,160.135,313341
2010-09-20 00:00:00,161.2,161.4,158.5,159.0675,114239
2010-09-21 00:00:00,159.95,160.75,157.3575,157.915,83282
2010-09-22 00:00:00,158.5,161.7,158.5,161.16,231433
2010-09-23 00:00:00,161.5,165.335,159.7525,164.5675,305308
2010-09-24 00:00:00,165,168.25,162.5825,167.3775,228754
2010-09-27 00:00:00,167.25,170.9975,165.5,169.84,150504
2010-09-28 00:00:00,170.8,170.9,167.55,168.2175,146505
2010-09-29 00:00:00,169.4,170.145,165.06,165.61,111531
2010-09-30 00:00:00,166.0075,166.8,162.93,163.6975,155770
2010-10-01 00:00:00,164.55,167.7,164.55,165.495,136562
2010-10-04 00:00:00,167,167.75,164.5025,165.255,58140
2010-10-05 00:00:00,166.5,167.75,164.5,165.4275,69198
2010-10-06 00:00:00,166.2125,171.5,165.765,170.7675,260814
2010-10-07 00:00:00,171.255,172.8975,167.25,168.2525,169931
2010-10-08 00:00:00,169.5,169.5,165.65,166.59,65203
2010-10-11 00:00:00,168.15,169.65,167.5,168.5525,48132
2010-10-12 00:00:00,168.7575,168.8,164.05,165.0425,64152
2010-10-13 00:00:00,166.25,167.2175,164.75,165.9425,108379
2010-10-14 00:00:00,166.7,168.09,164.755,166.015,98398
2010-10-15 00:00:00,167.4725,167.7,163.52,164.465,84198
2010-10-18 00:00:00,164,166.2475,159.8,160.8,92349
2010-10-19 00:00:00,161.715,162.935,158.25,159.33,59798
2010-10-20 00:00:00,159.33,160.835,158.15,158.5875,50144
2010-10-21 00:00:00,158.6425,162.85,158.6425,160.725,68886
2010-10-22 00:00:00,161,162.7475,158.75,160.255,50261
2010-10-25 00:00:00,160.95,165.6,160.95,164.495,179763
2010-10-26 00:00:00,165.5,175.725,165.5,174.5525,701576
2010-10-27 00:00:00,174.25,180.24,174.25,179.3975,464403
2010-10-28 00:00:00,179.95,181.99,172.75,174.035,283161
2010-10-29 00:00:00,174,178.2,172.5,177.6075,197495
2010-11-01 00:00:00,178.85,191.45,178.2475,189.625,433334
2010-11-02 00:00:00,191.3975,193.85,189.35,190.935,464243
2010-11-03 00:00:00,192.5,193.3025,190.655,191.6525,161323
2010-11-04 00:00:00,192.5,193,190.565,191.1175,146640
2010-11-05 00:00:00,195,195,191,191.8725,22318
2010-11-08 00:00:00,192.5,192.6,189.65,190.8825,79683
2010-11-09 00:00:00,190.9025,192.4,189.83,191.115,79595
2010-11-10 00:00:00,191.1,209.75,190.8,207.3375,993336
2010-11-11 00:00:00,207.5,212.1,205.1825,206.24,598959
2010-11-12 00:00:00,205.745,207.185,197.06,197.7775,452831
2010-11-15 00:00:00,199,199.295,192.22,195.35,310243
2010-11-16 00:00:00,198,200.5125,188.405,189.5325,581311
2010-11-18 00:00:00,191,193.2975,180.0325,185.9575,600992
2010-11-19 00:00:00,186.995,191.2,182.52,183.6375,485288
2010-11-22 00:00:00,184.9,192,184.9,190.59,299877
2010-11-23 00:00:00,190.6,191.2,182.25,187.83,302906
2010-11-24 00:00:00,188.6925,191.5,184.55,186.0025,274208
2010-11-25 00:00:00,187.5,189.65,182.74,183.6975,230598
2010-11-26 00:00:00,183.65,186.8025,169.6425,178.675,437370
2010-11-29 00:00:00,179.95,185.75,176.05,184.185,278632
2010-11-30 00:00:00,183.15,186.8025,181.1,184.65,348830
2010-12-01 00:00:00,185,191.35,184.135,189.095,331990
2010-12-02 00:00:00,191.435,193.3075,188.57,189.21,193920
2010-12-03 00:00:00,189.25,190.53,183.9,184.8225,186805
2010-12-06 00:00:00,185.7075,189.35,183.9,184.6625,123741
2010-12-07 00:00:00,186,186.335,182.75,184.7,156415
2010-12-08 00:00:00,184.95,184.9975,177.57,178.635,171480
2010-12-09 00:00:00,177.5,179.5,165.1,167.635,503702
2010-12-10 00:00:00,167,173.65,160.5,172.35,493480
2010-12-13 00:00:00,174,176.5,171.25,174.405,224614
2010-12-14 00:00:00,175.5,180.45,174.1125,179.2525,316763
2010-12-15 00:00:00,179.7525,180,168.95,170.8575,268413
2010-12-16 00:00:00,177,177,165,170.3375,368604
2010-12-20 00:00:00,169.75,172.23,167.85,168.985,198203
2010-12-21 00:00:00,170,172.3875,169.505,170.6575,127199
2010-12-22 00:00:00,170.775,172.2,168.55,169.62,132590
2010-12-23 00:00:00,170.3675,170.62,165.805,166.83,159833
2010-12-24 00:00:00,166.7525,175.5,165,173.7975,540075
2010-12-27 00:00:00,174.7475,176.75,173.1775,173.9275,248438
2010-12-28 00:00:00,174.9975,175.13,172.6,173.4425,133784
2010-12-29 00:00:00,174.25,176.4,173.3375,175.8,209754
2010-12-30 00:00:00,176.7475,178.7225,174.825,176.805,302419
2010-12-31 00:00:00,177.24,181.9,176.805,179.7475,329691
2011-01-03 00:00:00,180.85,185.885,180.85,184.3425,286666
2011-01-04 00:00:00,187.4,187.4,182.1025,182.8975,306760
2011-01-05 00:00:00,181.85,184.75,181.145,182.0625,246856
2011-01-06 00:00:00,183,183.7875,177.7575,178.97,264378
2011-01-07 00:00:00,178.865,180,168.5025,170.6125,287087
2011-01-10 00:00:00,170.5,170.58,164.05,164.5975,380374
2011-01-11 00:00:00,165,168.4975,163.31,165.225,341364
2011-01-12 00:00:00,166.7575,179.95,165.62,179.05,432630
2011-01-13 00:00:00,179,179.5,170.15,170.715,398930
2011-01-14 00:00:00,171.4975,176.745,169.0575,170.4825,424536
2011-01-17 00:00:00,170.5,174.45,169.7625,171.2675,256954
2011-01-18 00:00:00,171.3,175.35,171.3,174.1075,234489
2011-01-19 00:00:00,174.95,177.45,171.005,172.735,335448
2011-01-20 00:00:00,172.55,175.275,170.8,174.3575,269652
2011-01-21 00:00:00,174.25,176.475,173.25,175.3175,210314
2011-01-24 00:00:00,175.6475,180.75,175.41,178.4525,317352
2011-01-25 00:00:00,179.25,181.5675,178.555,179.905,288259
2011-01-27 00:00:00,181.7,181.7025,177.1,178.2875,197743
2011-01-28 00:00:00,178.25,180.2,166.25,173.3975,758075
2011-01-31 00:00:00,172.6,181.19,170.35,180.055,573623
2011-02-01 00:00:00,180.55,183.12,178.75,179.86,516189
2011-02-02 00:00:00,181.65,182.1,175.905,176.8,300170
2011-02-03 00:00:00,177,180.5,176.195,179.8875,254483
2011-02-04 00:00:00,180,182.1125,174.5,175.6675,276496
2011-02-07 00:00:00,175.5,176.735,171.605,172.4,221576
2011-02-08 00:00:00,172,173.2,161,161.6175,466074
2011-02-09 00:00:00,161.39,163.99,150.25,154.4,601457
2011-02-10 00:00:00,154,158.95,147.15,154.2275,714084
2011-02-11 00:00:00,155.485,157.235,151.6,155.5725,557571
2011-02-14 00:00:00,157.115,160.25,156.6275,158.975,484539
2011-02-15 00:00:00,159.75,162.395,155.7775,160.6375,480743
2011-02-16 00:00:00,160.5,164.4,158.8325,163.085,391353
2011-02-17 00:00:00,163.37,165.7,161.9,164.715,306168
2011-02-18 00:00:00,165.3375,166.9,160.35,161.0475,390326
2011-02-21 00:00:00,161,169.3,160.155,168.4375,409965
2011-02-22 00:00:00,166.55,174.95,165.55,173.7975,715808
2011-02-23 00:00:00,172.5,173.9975,170.6525,171.8125,357957
2011-02-24 00:00:00,171.74,173.19,162.55,163.55,514577
2011-02-25 00:00:00,164.25,168.195,163.68,167.1675,349938
2011-02-28 00:00:00,167.74,171.7,164.7025,166.3925,296572
2011-03-01 00:00:00,167.5,171,167.2525,170.115,225108
2011-03-03 00:00:00,170.1,174.4975,168.755,172.6425,330041
2011-03-04 00:00:00,173.7525,174.5975,171.7,172.27,192465
2011-03-07 00:00:00,171.79,171.79,167.165,169.945,235820
2011-03-08 00:00:00,170.05,174.2,169.75,172.985,164489
2011-03-09 00:00:00,174.95,175.95,173.0375,174.6475,228054
2011-03-10 00:00:00,173.13,174.25,172.32,173.6875,105990
2011-03-11 00:00:00,172.7,174.45,171.755,172.625,150813
2011-03-14 00:00:00,140,175.3225,140,174.7425,123185
2011-03-15 00:00:00,170,173.745,169.905,172.9825,181863
2011-03-16 00:00:00,173.7575,178.745,173.7575,177.07,222174
2011-03-17 00:00:00,176,179,175.7,178.1925,150359
2011-03-18 00:00:00,179.4475,179.95,172.45,173.0975,343635
2011-03-21 00:00:00,173.5,174.75,167.9,171.3525,151471
2011-03-22 00:00:00,171.8525,174.2525,171.71,172.86,124263
2011-03-23 00:00:00,172.595,174.1,172.005,173.065,119635
2011-03-24 00:00:00,173.8975,175.44,173.5575,174.7175,162329
2011-03-25 00:00:00,174.005,176.86,174.005,175.63,143641
2011-03-28 00:00:00,175,179.9,175,177.3575,238785
2011-03-29 00:00:00,177.5,180.7,177.5,179.4925,222427
2011-03-30 00:00:00,180.2025,193.85,180.2,192.265,1000510
2011-03-31 00:00:00,193.4,197.545,188.8575,190.5725,859211
2011-04-01 00:00:00,190.05,193.8725,189.8875,192.915,288276
2011-04-04 00:00:00,192.9,194.4,191.35,192.955,191380
2011-04-05 00:00:00,193.2525,200.235,192.25,197.77,585368
2011-04-06 00:00:00,198.75,204.35,198.1975,201.7025,586180
2011-04-07 00:00:00,201.75,202.7375,199.05,199.5825,256726
2011-04-08 00:00:00,199.4,201.3,194.28,195.63,320283
2011-04-11 00:00:00,195.625,195.625,189.205,189.8275,262834
2011-04-13 00:00:00,188.75,194.8225,187.51,194.2825,251455
2011-04-15 00:00:00,194.25,196.3425,191.63,194.7725,182942
2011-04-18 00:00:00,195.995,201.7425,193.5,195.025,363141
2011-04-19 00:00:00,194.5,198,193,196.7475,226153
2011-04-20 00:00:00,197.5,203.8,197.5,202.875,395205
2011-04-21 00:00:00,203.505,205.03,200.5,201.25,231090
2011-04-25 00:00:00,201.25,207.2,200.7525,205.8,357726
2011-04-26 00:00:00,205.8275,207.36,202.55,204.925,289635
2011-04-27 00:00:00,208.495,209.95,205.45,206.2125,284494
2011-04-28 00:00:00,207.3475,209,205.1,205.91,311524
2011-04-29 00:00:00,207.4,207.9375,199.335,201.48,361923
2011-05-02 00:00:00,222.45,222.45,194.25,195.89,880697
2011-05-03 00:00:00,195,196.745,187.75,188.625,487545
2011-05-04 00:00:00,189,193.2475,185.9075,191.675,376101
2011-05-05 00:00:00,192.0025,196.7975,191.3575,195.3475,463244
2011-05-06 00:00:00,192.5,198.465,192.5,197.7825,248970
2011-05-09 00:00:00,198.5,198.885,195.94,197.2425,162907
2011-05-10 00:00:00,197.25,197.8725,193.1,194.7675,190747
2011-05-11 00:00:00,195.15,197.7175,194.08,197.16,170098
2011-05-12 00:00:00,196.5,198,194.89,196.615,189451
2011-05-13 00:00:00,196.9,201.2425,196.6375,198.89,255907
2011-05-16 00:00:00,198.25,202,197.625,201.2525,214582
2011-05-17 00:00:00,201.2,215,201.2,205.935,438841
2011-05-18 00:00:00,206.275,207.2325,203.1275,204.0675,314858
2011-05-19 00:00:00,204.9425,206.95,204.505,206.215,144745
2011-05-20 00:00:00,207,208.6,204,207.045,225925
2011-05-23 00:00:00,207,212.4,205.045,211.0325,310940
2011-05-24 00:00:00,211.4975,215.395,211.2525,214.08,287216
2011-05-25 00:00:00,214.25,219.25,213.0025,217.39,377529
2011-05-26 00:00:00,217,217.9275,210.75,211.4125,373017
2011-05-27 00:00:00,212.75,213.5,206.815,208.9375,353762
2011-05-30 00:00:00,208.5,217.1625,208.4975,216.145,328954
2011-05-31 00:00:00,217.15,223.7525,215.765,220.3975,1062332
2011-06-01 00:00:00,219,219.8,213.55,215.4775,351152
2011-06-02 00:00:00,215.25,217.495,213.255,215.6025,262297
2011-06-03 00:00:00,215.25,218.45,214.72,216.605,180555
2011-06-06 00:00:00,213.28,219.2425,213.28,218.4425,177217
2011-06-07 00:00:00,217.5,219.75,217.5,218.945,110346
2011-06-08 00:00:00,218.9,221.6975,218.4975,221.0625,208313
2011-06-09 00:00:00,221.25,228.75,221.065,226.34,326174
2011-06-10 00:00:00,226.5,231.245,226,230.31,403838
2011-06-13 00:00:00,230.405,236.7,227.995,235.73,489674
2011-06-14 00:00:00,236.5,237.7475,226.5775,227.9825,756182
2011-06-15 00:00:00,228,228.63,223.05,223.8675,455592
2011-06-16 00:00:00,222.5,223.7475,209.96,221.3875,527229
2011-06-17 00:00:00,222.75,230.8775,221.6,227.9825,529625
2011-06-20 00:00:00,228.4975,234.25,224.55,231.0625,762107
2011-06-21 00:00:00,232.2875,233.4125,225.5,228.935,527172
2011-06-22 00:00:00,231,231,212.78,214.6225,1079424
2011-06-23 00:00:00,210,234,205,228.9,13873143
2011-06-24 00:00:00,230,234.8,215.1,216.4,10030616
2011-06-27 00:00:00,215,219.9,209.55,212,6899983
2011-06-28 00:00:00,212,216.3,211.15,212.6,6146633
2011-06-29 00:00:00,213.8,214.75,210.85,213.05,4410020
2011-06-30 00:00:00,214,220.85,212.65,214.3,15008952
2011-07-01 00:00:00,215.3,216.2,211.2,213.6,3454172
2011-07-04 00:00:00,216,218.6,212.55,217.9,3642856
2011-07-05 00:00:00,218,220.25,215.3,218.2,3384747
2011-07-06 00:00:00,219.3,225.35,217.65,223.95,6942588
2011-07-07 00:00:00,225,230.6,224.35,229.55,5889804
2011-07-08 00:00:00,229,231.85,225.55,226.15,2589148
2011-07-11 00:00:00,225,230.6,223.6,229,2582413
2011-07-12 00:00:00,228,230.2,220.15,222.35,4322260
2011-07-13 00:00:00,224.9,228,223.15,225.15,2208958
2011-07-14 00:00:00,226,229.2,224.3,227.2,2499289
2011-07-15 00:00:00,228.1,228.9,224.8,226.8,1319742
2011-07-18 00:00:00,227,228.9,226.2,227.8,1025963
2011-07-19 00:00:00,228.5,234.6,227.15,233.3,5025036
2011-07-20 00:00:00,234.5,236.6,231.2,231.75,3149819
2011-07-21 00:00:00,232.4,233.6,223.15,224.35,3845864
2011-07-22 00:00:00,224.1,225.75,215,221.5,5071391
2011-07-25 00:00:00,221.5,224.65,220.95,223.3,2355701
2011-07-26 00:00:00,223.55,226.25,219.45,220.4,3389205
2011-07-27 00:00:00,220.9,225.3,220.25,224.65,2836107
2011-07-28 00:00:00,225,230.3,221.55,227.95,5631997
2011-07-29 00:00:00,227,230,224.9,228.25,5132326
2011-08-01 00:00:00,228.5,230.9,226.25,228.05,1791974
2011-08-02 00:00:00,227.5,229.6,226.75,228.8,1969199
2011-08-03 00:00:00,227.2,228.95,222,225.15,2320358
2011-08-04 00:00:00,225.2,227.4,222.6,223.2,1630570
2011-08-05 00:00:00,218,219.15,205.55,213.95,5267450
2011-08-08 00:00:00,209.85,219.5,205,215.3,4019165
2011-08-09 00:00:00,210,217.15,207.25,214.25,3194671
2011-08-10 00:00:00,219.9,222.3,216.9,220.15,3738849
2011-08-11 00:00:00,218,220.95,214,214.55,3040554
2011-08-12 00:00:00,217.9,217.9,195,211.05,2114169
2011-08-16 00:00:00,213.25,214.95,208,208.7,1554427
2011-08-17 00:00:00,209.05,212.8,208.25,210.4,1631191
2011-08-18 00:00:00,211,214.8,200.25,202.25,3885802
2011-08-19 00:00:00,200,200,192,196.9,4884178
2011-08-22 00:00:00,195.05,204.15,195.05,203.05,4377155
2011-08-23 00:00:00,204.5,211.85,202,208.9,3993609
2011-08-24 00:00:00,208,213.4,206,209.4,2823606
2011-08-25 00:00:00,209.4,212,204,206.1,1887580
2011-08-26 00:00:00,209,209,199.35,201.8,2067944
2011-08-29 00:00:00,204,207.2,203,205.65,1723009
2011-08-30 00:00:00,206,209.8,204.8,205.7,1670949
2011-09-02 00:00:00,206.3,212.3,206,210.9,3564546
2011-09-05 00:00:00,209,221.2,207.7,219.7,5370469
2011-09-06 00:00:00,217.9,223,214.25,216.15,4795953
2011-09-07 00:00:00,217.7,219.95,215.6,217.75,2064342
2011-09-08 00:00:00,218.8,225,216.2,223.45,3667482
2011-09-09 00:00:00,224.9,230.3,223.15,226.85,3852042
2011-09-12 00:00:00,229,229,212.8,214.4,4713601
2011-09-13 00:00:00,220.5,220.5,211.85,212.6,2281746
2011-09-14 00:00:00,212.5,215.4,208.65,212.05,3039238
2011-09-15 00:00:00,213.25,219.7,213.25,219.15,2429570
2011-09-16 00:00:00,221,222.5,217,220.05,2570919
2011-09-19 00:00:00,219,223.5,219,222.35,2186694
2011-09-20 00:00:00,223.9,227.5,223.1,226.9,2270310
2011-09-21 00:00:00,226,237.45,226,235.75,5631468
2011-09-22 00:00:00,233.65,233.65,224.35,225.8,3813840
2011-09-23 00:00:00,224.45,228.5,220,223.65,3203822
2011-09-26 00:00:00,223.85,223.9,205.1,207.25,6890338
2011-09-27 00:00:00,210,214,210,212.65,3740693
2011-09-28 00:00:00,214,216.4,205.1,207.2,4727947
2011-09-29 00:00:00,207,208.15,200.4,205.65,8702869
2011-09-30 00:00:00,208,211.25,205.2,208.95,3498689
2011-10-03 00:00:00,206,207.4,200,204.05,2623896
2011-10-04 00:00:00,205,207.4,195.45,197.35,5658170
2011-10-05 00:00:00,200,200.65,193.55,197.45,5425968
2011-10-07 00:00:00,201,209.6,201,208.4,5109623
2011-10-10 00:00:00,210,212.45,208.1,211.45,2186479
2011-10-11 00:00:00,212.5,215.6,211,212.8,1892546
2011-10-12 00:00:00,213,221,213,220,3301229
2011-10-13 00:00:00,221,224.1,216.3,216.95,2804975
2011-10-14 00:00:00,215,220.5,214.8,217.55,2572195
2011-10-17 00:00:00,224,226.75,217.9,225.6,3577533
2011-10-18 00:00:00,220,223,218.2,221.15,2174255
2011-10-19 00:00:00,222,225.55,220.45,222.5,3034247
2011-10-20 00:00:00,221,221,213.65,216.35,3337512
2011-10-21 00:00:00,218,222.8,216.75,219.9,2950215
2011-10-24 00:00:00,222,227.8,221,226.55,4094220
2011-10-25 00:00:00,223.1,224.8,211.4,215.9,9327099
2011-10-26 00:00:00,224.8,224.8,216.15,217.15,1126953
2011-10-28 00:00:00,219.9,223.15,216.25,217.35,3530742
2011-10-31 00:00:00,217.5,219.4,214.4,217.3,2558727
2011-11-01 00:00:00,214.1,218.2,213,215.05,2079857
2011-11-02 00:00:00,214.45,217.9,213.65,215.3,2004237
2011-11-03 00:00:00,215,217.15,213,215.25,1727485
2011-11-04 00:00:00,216,219.45,216,217,2276907
2011-11-08 00:00:00,217.2,222.4,217.2,221.9,3064297
2011-11-09 00:00:00,222.75,224.3,217.3,218.25,2689688
2011-11-11 00:00:00,217.5,219,212.7,214.8,2603251
2011-11-14 00:00:00,217,218.15,208.4,209.7,1756745
2011-11-15 00:00:00,208,212.4,203.75,206.15,2612245
2011-11-16 00:00:00,207,214.6,205.1,211.8,3178327
2011-11-17 00:00:00,211.9,214.45,184.9,202.4,2803951
2011-11-18 00:00:00,193.1,205.25,193.1,203.9,4217531
2011-11-21 00:00:00,203,203,195.5,198.4,4111409
2011-11-22 00:00:00,199,200,184.1,185.55,8094625
2011-11-23 00:00:00,183.8,191.8,181.2,190.55,5940896
2011-11-24 00:00:00,189.4,191.7,184,189.8,3716192
2011-11-25 00:00:00,189.5,196.85,186.1,189,4865853
2011-11-28 00:00:00,192.5,194.3,189.3,191.25,4575902
2011-11-29 00:00:00,191.9,192.6,184.65,185.3,3393029
2011-11-30 00:00:00,183.4,183.4,174.55,177.65,9865970
2011-12-01 00:00:00,183,188.4,180.25,186,6122090
2011-12-02 00:00:00,183.4,192,183.4,191.45,4299534
2011-12-05 00:00:00,190.9,192.8,185.6,186.8,4115944
2011-12-07 00:00:00,187,189.3,182.6,185.1,3913847
2011-12-08 00:00:00,185,186,180.75,182.8,3684421
2011-12-09 00:00:00,181,187.55,178.8,185.1,3294554
2011-12-12 00:00:00,185.5,187.3,179.2,180,2583396
2011-12-13 00:00:00,180,180.7,170.1,172.05,7121542
2011-12-14 00:00:00,172.5,172.75,166.05,167.15,8812592
2011-12-15 00:00:00,166,166,155.05,163.25,11528044
2011-12-16 00:00:00,164.5,172.35,159.6,161.5,10509505
2011-12-19 00:00:00,161,164.9,157.1,161.45,6590342
2011-12-20 00:00:00,162,163.7,154.2,156.2,5248338
2011-12-21 00:00:00,158,170.35,158,169.1,7941380
2011-12-22 00:00:00,168,178,166.8,175.45,8512579
2011-12-23 00:00:00,178.25,178.5,169.75,171.55,4231255
2011-12-26 00:00:00,171.5,176.9,171.15,173.85,1527823
2011-12-27 00:00:00,173,178.3,172,174.85,2818702
2011-12-28 00:00:00,174,175.9,170.55,173.75,2762884
2011-12-29 00:00:00,172,173.8,170.8,172.4,2198244
2011-12-30 00:00:00,172.05,174.5,168,171,2037386
2012-01-02 00:00:00,171.6,177,171.35,175.15,3717480
2012-01-03 00:00:00,176.5,180.65,176.5,179.55,3552588
2012-01-04 00:00:00,180,184.4,175.6,177.8,3670612
2012-01-05 00:00:00,178.95,181.7,174.05,176.45,2736557
2012-01-06 00:00:00,175.25,176.45,170.5,172.9,2948089
2012-01-07 00:00:00,174.8,175,173,174.3,387771
2012-01-09 00:00:00,173.75,177.45,170.1,175.55,1883781
2012-01-10 00:00:00,177.9,181.75,176.45,180.85,1857788
2012-01-11 00:00:00,181.75,185,181.5,183.8,3209514
2012-01-12 00:00:00,183.2,187.7,181.8,184.2,3779145
2012-01-13 00:00:00,184.2,188.05,180,182.8,2871754
2012-01-16 00:00:00,180,185.5,179.8,184.35,1490712
2012-01-17 00:00:00,185.55,188.85,180.5,184.6,3918713
2012-01-18 00:00:00,185,185.7,181.5,183.85,2892608
2012-01-19 00:00:00,185,187.2,181,182.4,3993713
2012-01-20 00:00:00,184.9,193.45,183.7,191.9,6313381
2012-01-23 00:00:00,191.9,196.5,190.1,191.4,4023061
2012-01-24 00:00:00,192,196.2,191.2,192,3231621
2012-01-25 00:00:00,193,198.8,193,197.9,4886655
2012-01-27 00:00:00,199.35,207.25,198.9,206.45,3706101
2012-01-30 00:00:00,209.5,209.5,200.6,201.45,2938059
2012-01-31 00:00:00,203.3,207.3,198.25,203,5081248
2012-02-01 00:00:00,208,208,193.2,196.2,5161191
2012-02-02 00:00:00,197.5,201,193,194.5,3740675
2012-02-03 00:00:00,192.2,199.8,192.1,196.7,2715560
2012-02-06 00:00:00,197.5,201.8,196.5,198.3,2494513
2012-02-07 00:00:00,199.3,203.75,197.85,200.2,3496444
2012-02-08 00:00:00,203,209.9,201.1,208.75,4347882
2012-02-09 00:00:00,210,212.35,207.5,210.55,2274272
2012-02-10 00:00:00,211,214.4,204.5,206.95,2191340
2012-02-13 00:00:00,208,212.4,206.4,208.85,2307798
2012-02-14 00:00:00,208,211.05,207,209.1,1727649
2012-02-15 00:00:00,210,219.4,210,217.9,2980184
2012-02-16 00:00:00,218,218.45,212.4,215.55,2438166
2012-02-17 00:00:00,217.7,235.8,217.3,231.95,7851560
2012-02-21 00:00:00,233,255,223.3,243.85,13250808
2012-02-22 00:00:00,247,249.75,224.25,226.1,6866142
2012-02-23 00:00:00,225.5,233.4,218.6,225.2,6040973
2012-02-24 00:00:00,226.2,233.9,223,226,3487753
2012-02-27 00:00:00,226.7,226.7,213.65,216.8,2526927
2012-02-28 00:00:00,218.7,229.15,218.4,225.15,2388810
2012-02-29 00:00:00,229,234.75,224.6,228.4,5641347
2012-03-01 00:00:00,227.25,235.9,222.4,228.85,3716887
2012-03-02 00:00:00,230.75,232.95,226,229.5,2124018
2012-03-03 00:00:00,229.5,230,227.75,228.3,97981
2012-03-05 00:00:00,227.9,228.35,222.1,223.95,1524005
2012-03-06 00:00:00,223.1,238.5,220.4,230.8,4078876
2012-03-07 00:00:00,229,234.4,227.4,231.4,2133389
2012-03-09 00:00:00,234.1,241.4,231.2,239.95,3178144
2012-03-12 00:00:00,244.3,247.9,241.2,246.1,2602734
2012-03-13 00:00:00,247.6,250.3,246,247.55,1502182
2012-03-14 00:00:00,249.8,252.5,246.5,247.95,2520051
2012-03-15 00:00:00,252,252,229.5,232.2,2667095
2012-03-16 00:00:00,231.9,237.9,224.7,233.5,6305324
2012-03-19 00:00:00,232,240.4,231.9,234.95,2561306
2012-03-20 00:00:00,234,245.8,233.25,243.8,3175756
2012-03-21 00:00:00,245,246.3,240.4,242.9,2928052
2012-03-22 00:00:00,244,247.85,231.7,233.6,3200367
2012-03-23 00:00:00,234.3,239.55,226.75,232.25,2782447
2012-03-26 00:00:00,232.95,234.8,227.05,228.85,1239931
2012-03-27 00:00:00,230,239.35,230,237.9,2134541
2012-03-28 00:00:00,238,240.9,221.7,223.75,3791615
2012-03-29 00:00:00,223,230.6,215.3,228.5,3106392
2012-03-30 00:00:00,230,232.5,225.25,228.55,1781095
2012-04-02 00:00:00,235.3,265,232.05,242.8,5694452
2012-04-03 00:00:00,244.05,250.8,244.05,247.7,3093349
2012-04-04 00:00:00,245.7,253.8,243.3,249.25,3753999
2012-04-09 00:00:00,245.75,250.5,241.3,242.55,1948251
2012-04-10 00:00:00,244,245.8,239.1,243.8,1877868
2012-04-11 00:00:00,240,246.55,240,241.4,2426290
2012-04-12 00:00:00,241.7,245.4,237.35,238.65,1859654
2012-04-13 00:00:00,241.05,242.65,236.65,238,1189240
2012-04-16 00:00:00,239,240.4,235.4,236.95,1526830
2012-04-17 00:00:00,237.3,237.8,230.2,235.25,2555342
2012-04-18 00:00:00,237,244.8,236.7,239.8,2475782
2012-04-19 00:00:00,242,242.3,234.1,236.75,1668287
2012-04-20 00:00:00,237.5,242.8,235,237.9,2669757
2012-04-23 00:00:00,239,240.8,231.55,234.9,2541790
2012-04-24 00:00:00,235.9,241,235.35,236.9,2309260
2012-04-25 00:00:00,238.75,239.4,228.4,229.85,2105294
2012-04-26 00:00:00,231,235.35,228.05,229.4,1928765
2012-04-27 00:00:00,231,237,228.55,235.2,1603398
2012-04-28 00:00:00,235.5,237.5,234.25,236.4,153116
2012-04-30 00:00:00,237,240,229.95,233,2821520
2012-05-02 00:00:00,236,245.45,236,243.45,5491215
2012-05-03 00:00:00,242.85,247.7,241.5,246.4,3912471
2012-05-04 00:00:00,243,246,235.65,241,3376006
2012-05-07 00:00:00,238,251.05,233.1,248.7,5033737
2012-05-08 00:00:00,249.9,253.7,243.4,245.1,3895430
2012-05-09 00:00:00,243.1,246.25,239.15,244.5,2364261
2012-05-10 00:00:00,244,247.25,242.4,245.85,2033359
2012-05-11 00:00:00,244.9,248.85,240,244.9,1870243
2012-05-14 00:00:00,245.2,247.9,243.05,246.1,1617717
2012-05-15 00:00:00,245.15,245.95,239.75,243.6,2280474
2012-05-16 00:00:00,240.4,242.2,231,233.7,3309258
2012-05-17 00:00:00,234.85,237.9,228.65,229.95,3629172
2012-05-18 00:00:00,226.8,231.6,221.95,229,3004749
2012-05-21 00:00:00,229.2,234.7,227.25,230.45,2073922
2012-05-22 00:00:00,232.8,234.8,228.7,231.2,1808833
2012-05-23 00:00:00,230.9,231.25,222.3,223.95,2235854
2012-05-24 00:00:00,224.25,228,220.55,226.2,2396630
2012-05-25 00:00:00,225.8,225.8,221.5,223.55,1359916
2012-05-28 00:00:00,224,235,224,234.1,1656521
2012-05-29 00:00:00,236.3,236.5,230.7,232.05,1095378
2012-05-30 00:00:00,233,233.85,222.7,223.9,1443295
2012-05-31 00:00:00,222.4,225,217.15,222.7,2037633
2012-06-01 00:00:00,221,226.4,218.9,221.35,1695583
2012-06-04 00:00:00,221.55,221.55,206.1,210.15,4739350
2012-06-05 00:00:00,212,214.45,204.15,207.75,4021947
2012-06-06 00:00:00,210.45,216.95,208.55,215.6,4543229
2012-06-07 00:00:00,217,219.4,210,212.85,4237917
2012-06-08 00:00:00,211.3,213.7,207.5,212.8,5246764
2012-06-11 00:00:00,214.6,219.8,213.5,215.4,3465381
2012-06-12 00:00:00,214.45,221.55,212.45,220.6,3399724
2012-06-13 00:00:00,221,221.95,215.5,218,1772135
2012-06-14 00:00:00,218.5,220.9,211.5,213.6,1593441
2012-06-15 00:00:00,213,218.9,213,218,1045192
2012-06-18 00:00:00,219.45,223.65,215.15,219.8,1967567
2012-06-19 00:00:00,219.95,221.4,217.75,219.85,937377
2012-06-20 00:00:00,220.3,223.45,218,220.9,1269354
2012-06-21 00:00:00,221.5,222.3,213.5,219.75,1962212
2012-06-22 00:00:00,218,222.75,216.05,221,1505899
2012-06-25 00:00:00,221.3,225.45,220.5,221.35,1556788
2012-06-26 00:00:00,221.45,222.3,216.65,218.2,991521
2012-06-27 00:00:00,218.55,219.75,215.25,216.45,1365711
2012-06-28 00:00:00,218,221.2,212,216.05,4860173
2012-06-29 00:00:00,220.9,224.5,218.6,223.4,5313181
2012-07-02 00:00:00,225,227.85,222.65,225.35,1955048
2012-07-03 00:00:00,226.95,239.25,226.95,237.7,4038623
2012-07-04 00:00:00,238.75,238.9,232.3,233.3,1334773
2012-07-05 00:00:00,234.2,236.55,231.3,233.15,803590
2012-07-06 00:00:00,233.15,234.7,228.8,229.8,1006966
2012-07-09 00:00:00,230,230.45,225.4,227.4,1004382
2012-07-10 00:00:00,226.2,231.4,226.2,228.05,2578948
2012-07-11 00:00:00,227.8,232,227.4,228.45,1325058
2012-07-12 00:00:00,227.9,227.9,222.4,223.95,1079221
2012-07-13 00:00:00,223.95,224.8,216.3,216.9,2006897
2012-07-16 00:00:00,218.6,223.25,214.95,220.9,2132458
2012-07-17 00:00:00,222.5,223.55,219.25,222.9,1357179
2012-07-18 00:00:00,223,223.5,218.9,222.6,933492
2012-07-19 00:00:00,224.9,228.25,223.05,226.75,1829191
2012-07-20 00:00:00,228.5,230.75,223.6,228.4,2070361
2012-07-23 00:00:00,227.5,227.5,220.7,223.65,1402329
2012-07-24 00:00:00,224.15,229.8,222.8,229.2,1462013
2012-07-25 00:00:00,229.65,230.85,221.15,222.55,1733955
2012-07-26 00:00:00,223,225.35,219.6,222.9,1091946
2012-07-27 00:00:00,224.8,229.5,224.6,227.25,1740594
2012-07-30 00:00:00,229.5,233.9,227,233,2095849
2012-07-31 00:00:00,235,235.8,219.9,221.95,7046316
2012-08-01 00:00:00,219.5,224.2,218.55,221.75,4794209
2012-08-02 00:00:00,222.15,227.25,222,226.8,2831930
2012-08-03 00:00:00,224.05,229.4,224.05,228.45,1972218
2012-08-06 00:00:00,230,231,227.05,229.3,1512181
2012-08-07 00:00:00,227,229.5,225.75,227.6,1939074
2012-08-08 00:00:00,228,228.4,222.75,224.65,1695844
2012-08-09 00:00:00,226.4,227.15,223.1,224.2,813257
2012-08-10 00:00:00,224.3,224.3,217,217.7,2330101
2012-08-13 00:00:00,217.5,223.5,214.75,223,2053220
2012-08-14 00:00:00,224,225.75,221.1,225.15,935625
2012-08-16 00:00:00,226,226,219,219.95,1542604
2012-08-17 00:00:00,221,223.2,219.2,220.6,1104963
2012-08-21 00:00:00,220.05,223.6,218.75,223.3,1077479
2012-08-22 00:00:00,222.95,225.5,221.55,223.25,925954
2012-08-23 00:00:00,224.3,226.25,221.5,223,1077092
2012-08-24 00:00:00,222,223.75,220.25,222.15,698416
2012-08-27 00:00:00,223.45,224.55,220.1,221.45,825468
2012-08-28 00:00:00,221,222.15,215.75,221.3,1732218
2012-08-29 00:00:00,221,223.4,218.6,221.55,1020946
2012-08-30 00:00:00,220,224.75,218.5,222.05,2435670
2012-08-31 00:00:00,222.7,224.45,219.3,220.35,788757
2012-09-03 00:00:00,220.15,224.5,220.1,223.95,1140557
2012-09-04 00:00:00,223.8,227,221.6,225.65,1323217
2012-09-05 00:00:00,225,226.35,221.55,222.5,747216
2012-09-06 00:00:00,222.05,223.05,219.55,220.2,545508
2012-09-07 00:00:00,221,228.9,221,227.35,1606210
2012-09-08 00:00:00,228,230.15,226.6,229.45,289755
2012-09-10 00:00:00,230,235.8,229,234.95,2103030
2012-09-11 00:00:00,235,237.75,233.25,237.3,1537135
2012-09-12 00:00:00,237.05,239.9,237,238.2,1304050
2012-09-13 00:00:00,239,240.7,236.25,239.2,1219101
2012-09-14 00:00:00,243.2,244.3,239.4,240.55,1149696
2012-09-17 00:00:00,243.95,244.5,237.65,241.8,1523742
2012-09-18 00:00:00,242,244.35,224,240.9,1067532
2012-09-20 00:00:00,238.1,244.65,236.95,242.5,1860107
2012-09-21 00:00:00,243.75,246.5,240.3,241.35,1687327
2012-09-24 00:00:00,240,247.4,239.25,244.25,1815587
2012-09-25 00:00:00,244.25,246.7,242.5,244.95,1143896
2012-09-26 00:00:00,244,248.45,242.65,245.15,752108
2012-09-27 00:00:00,246.5,255.8,243.5,254.25,2438130
2012-09-28 00:00:00,255.95,262.7,255.3,261.15,2200822
2012-10-01 00:00:00,263,264.9,259,262.3,1735926
2012-10-03 00:00:00,264.6,264.6,256.1,258.85,1758801
2012-10-04 00:00:00,259,269.35,258,267.25,1668178
2012-10-05 00:00:00,268.05,271.9,262.75,268.8,1815695
2012-10-08 00:00:00,268.1,272.9,259.1,260.35,1697157
2012-10-09 00:00:00,260,266.8,259,265.15,1095475
2012-10-10 00:00:00,267,270.7,261.15,268.4,1087274
2012-10-11 00:00:00,264,270.45,264,269.1,808242
2012-10-12 00:00:00,268,277.9,268,274.3,1539438
2012-10-15 00:00:00,276,277.05,268.95,270.6,1027804
2012-10-16 00:00:00,271.5,275.3,269.6,272.7,1302338
2012-10-17 00:00:00,273,276.7,271.1,275,1179690
2012-10-18 00:00:00,275,280.35,272.7,278.05,1082562
2012-10-19 00:00:00,279,282.5,277.2,278.8,1290736
2012-10-22 00:00:00,279,280.15,276,278.45,479715
2012-10-23 00:00:00,279.45,279.5,273.3,275.5,1014966
2012-10-25 00:00:00,272.1,278.3,272.1,276.45,735286
2012-10-26 00:00:00,279,279.5,259.8,264.65,1849078
2012-10-29 00:00:00,264,269.5,259.8,266.85,749060
2012-10-30 00:00:00,266.3,267.3,256.8,257.45,1803572
2012-10-31 00:00:00,258,261.15,256.2,259.3,2059093
2012-11-01 00:00:00,259.8,287.35,259.8,285.15,9312449
2012-11-02 00:00:00,285.95,290.4,280.8,289.35,3618368
2012-11-05 00:00:00,285,293.8,284,289.95,2565168
2012-11-06 00:00:00,289.75,293.15,287.25,290.9,1305811
2012-11-07 00:00:00,291.65,296,289.15,292.35,1445657
2012-11-08 00:00:00,290.5,296.7,289.1,293.8,1269965
2012-11-09 00:00:00,292,296.5,287.8,289.4,1157767
2012-11-12 00:00:00,290.9,295.8,289.95,294.4,898860
2012-11-13 00:00:00,294.9,295.95,291.05,291.8,191375
2012-11-15 00:00:00,290.75,301.55,288.3,299.5,2299103
2012-11-16 00:00:00,299,301.5,293.75,295.5,1433790
2012-11-19 00:00:00,294.5,297.2,288.35,289.8,1273190
2012-11-20 00:00:00,291,292.9,285.25,290,968520
2012-11-21 00:00:00,290.5,298.5,288.9,297.3,1421208
2012-11-22 00:00:00,298.5,300.9,292,294,1357997
2012-11-23 00:00:00,294,299,293.85,296.3,689292
2012-11-26 00:00:00,295.85,304.9,295.85,298.8,1612543
2012-11-27 00:00:00,299,306,299,303.25,1384079
2012-11-29 00:00:00,302.5,309.55,301.5,307.3,2048841
2012-11-30 00:00:00,310,313.35,305.75,311.7,1622986
2012-12-03 00:00:00,296.5,313.15,296.5,306,1115935
2012-12-04 00:00:00,306,308.4,302.8,305.5,796657
2012-12-05 00:00:00,305.5,308.5,303.35,305.8,606206
2012-12-06 00:00:00,306.9,310,305.2,308.65,1218209
2012-12-07 00:00:00,307.95,310.9,306.1,307.15,659828
2012-12-10 00:00:00,308,310,294.7,296.3,1974791
2012-12-11 00:00:00,297,301.3,291,295.85,1235137
2012-12-12 00:00:00,296,304.4,295.25,303.35,1441479
2012-12-13 00:00:00,304,304.6,293,294.25,990277
2012-12-14 00:00:00,294.9,294.95,286.75,288.7,1963329
2012-12-17 00:00:00,288,288.8,281.65,283.45,2526956
2012-12-18 00:00:00,282.95,288.95,282.95,287.4,1881852
2012-12-19 00:00:00,288,294.35,288,290,1339342
2012-12-20 00:00:00,288,289.2,284,285.9,1169688
2012-12-21 00:00:00,280.6,284.4,278.3,280,2473869
2012-12-24 00:00:00,281,283.7,279.45,281,1159498
2012-12-26 00:00:00,281,284.85,281,281.8,803896
2012-12-27 00:00:00,282,284,280.05,281.8,2192031
2012-12-28 00:00:00,282.5,282.9,278,281.15,1008311
2012-12-31 00:00:00,281,285,280.2,284.35,1308319
2013-01-01 00:00:00,285,288,285,286.9,1161263
2013-01-02 00:00:00,288,290.65,286,287.8,1252267
2013-01-03 00:00:00,288,289.05,280.45,282.75,1771023
2013-01-04 00:00:00,283,287.7,280,285.45,1275766
2013-01-07 00:00:00,286,288.1,280,281.65,1700272
2013-01-08 00:00:00,282,282,271.25,272.15,3558603
2013-01-09 00:00:00,272.55,274.8,267,268,2966687
2013-01-10 00:00:00,269,271.1,265.55,266.95,2335535
2013-01-11 00:00:00,267.05,273.6,267.05,269.9,2649331
2013-01-14 00:00:00,270,275.95,270,274.55,1613107
2013-01-15 00:00:00,275.7,277.5,273.3,276.3,1506904
2013-01-16 00:00:00,276.3,279.9,273.35,276.55,1481166
2013-01-17 00:00:00,276.65,278.85,274,276.7,1033780
2013-01-18 00:00:00,278,278,272.1,274.25,946065
2013-01-21 00:00:00,274.05,276.95,271.3,276.35,1307695
2013-01-22 00:00:00,274.9,275.9,267.25,269.15,1552415
2013-01-23 00:00:00,269.5,270.95,262.5,266,1115399
2013-01-24 00:00:00,267,270.8,265.05,267.6,1826007
2013-01-25 00:00:00,267.75,275,265.75,274.45,1240471
2013-01-28 00:00:00,275,277.35,268.5,270.5,938601
2013-01-29 00:00:00,270.3,273.5,265.3,269.7,1047787
2013-01-30 00:00:00,271.9,277.7,266.9,275.6,3494736
2013-01-31 00:00:00,277,283.4,273.4,279.35,3139734
2013-02-01 00:00:00,281,287.9,279.75,286.55,1947109
2013-02-04 00:00:00,286.5,290,282.85,285.4,1617439
2013-02-05 00:00:00,285,285.55,275.55,277.35,1566450
2013-02-06 00:00:00,282,282.55,276.35,277.25,1186992
2013-02-07 00:00:00,277,278.6,260.6,263,3994552
2013-02-08 00:00:00,263.5,268.7,260.5,264.55,3954608
2013-02-11 00:00:00,265,269.8,265,267.8,753486
2013-02-12 00:00:00,267.8,271.8,267,271.1,1439194
2013-02-13 00:00:00,272,275,269.5,270.55,1462167
2013-02-14 00:00:00,270.75,271.1,264.4,268.75,1217612
2013-02-15 00:00:00,271.85,271.85,264.75,267.8,791962
2013-02-18 00:00:00,265,269.15,260.6,263.85,1259497
2013-02-19 00:00:00,265.25,266.4,262.15,263.85,788247
2013-02-20 00:00:00,264,265,258.1,259.15,2485347
2013-02-21 00:00:00,259,259.3,253.9,257.7,2860464
2013-02-22 00:00:00,258,259.1,249.7,256.4,2787859
2013-02-25 00:00:00,252.1,259.95,250,252.75,2866727
2013-02-26 00:00:00,253.75,255.7,248.35,250.05,1190290
2013-02-27 00:00:00,250.5,258.8,250.45,255.1,1697059
2013-02-28 00:00:00,255,274,251.05,260.9,5531733
2013-03-01 00:00:00,264.85,277,262.05,274.3,2496026
2013-03-04 00:00:00,271.15,276.5,263.8,265.25,2138080
2013-03-05 00:00:00,266,266.5,257.25,260.15,2996297
2013-03-06 00:00:00,261,263,256.1,257.1,2554592
2013-03-07 00:00:00,259.65,259.65,251.25,253.95,2022967
2013-03-08 00:00:00,254,259.85,253.8,258.05,1836391
2013-03-11 00:00:00,258.5,259,250.35,250.9,1551541
2013-03-12 00:00:00,250.9,252.9,241.2,242.2,3346805
2013-03-13 00:00:00,241.75,242,235.1,236.2,3785852
2013-03-14 00:00:00,235.45,235.45,225,229.15,7270892
2013-03-15 00:00:00,229.5,245.1,229.15,242.15,9743964
2013-03-18 00:00:00,240.9,246.4,239.25,244.75,3181009
2013-03-19 00:00:00,247.5,247.5,239.4,242.6,2116466
2013-03-20 00:00:00,242.3,246.4,236.25,243.75,2253116
2013-03-21 00:00:00,244,257.75,240.55,249,4764707
2013-03-22 00:00:00,249.65,251.4,240.5,243,2171410
2013-03-25 00:00:00,247.9,251.4,243.25,245.85,1944657
2013-03-26 00:00:00,245.85,253.5,241.55,252.05,2365602
2013-03-28 00:00:00,251,260.5,242,256.4,5979551
2013-04-01 00:00:00,252.5,261.2,252,254.75,2821772
2013-04-02 00:00:00,254,261.45,253.45,260.3,1703700
2013-04-03 00:00:00,256,263,251.55,253.5,1639283
2013-04-04 00:00:00,253.5,253.5,246.65,249.2,1842434
2013-04-05 00:00:00,247.25,252.75,242.55,245.1,1917174
2013-04-08 00:00:00,245.45,253.45,240.95,252.5,2437053
2013-04-09 00:00:00,254,255.6,248.05,249.7,1324450
2013-04-10 00:00:00,250,254,246.45,252.75,1204332
2013-04-11 00:00:00,255.25,255.45,250.2,254.25,1137697
2013-04-12 00:00:00,252,253,247,249.6,1335649
2013-04-15 00:00:00,245.8,245.8,236.4,239.35,4050626
2013-04-16 00:00:00,236,247,232.8,244.4,6250477
2013-04-17 00:00:00,244.1,249.6,242.4,246.75,3371434
2013-04-18 00:00:00,244,264.8,240.75,259.25,4481404
2013-04-22 00:00:00,258.05,279.8,258.05,273.6,5693986
2013-04-23 00:00:00,273,274.6,264.6,267.35,1972713
2013-04-25 00:00:00,269.45,270.85,259.45,264.65,3078084
2013-04-26 00:00:00,266.4,269.15,260,264,1261166
2013-04-29 00:00:00,264,276,261.45,273.15,2055992
2013-04-30 00:00:00,274.7,276.1,266.1,270.7,1850978
2013-05-02 00:00:00,268,275,267.05,274.15,1311270
2013-05-03 00:00:00,275,278.7,268.3,270.5,2424516
2013-05-06 00:00:00,272,276.8,269.95,274.55,1718680
2013-05-07 00:00:00,273.1,281.1,272.2,278.35,1523000
2013-05-08 00:00:00,278,279,275,276.3,1049742
2013-05-09 00:00:00,277.7,279.8,275.25,276.25,849268
2013-05-10 00:00:00,277,289,276.25,287.4,2846321
2013-05-11 00:00:00,287.4,289.7,287,288.6,164243
2013-05-13 00:00:00,289.75,291.9,282.9,285.4,2304011
2013-05-14 00:00:00,283,284.95,279.55,282.3,1282073
2013-05-15 00:00:00,283.75,287.95,282.7,284.8,959084
2013-05-16 00:00:00,284,286.3,276.1,280.65,1255654
2013-05-17 00:00:00,278.7,280,273.05,275.3,1571142
2013-05-20 00:00:00,272.55,277.35,269.7,271.25,1437646
2013-05-21 00:00:00,270,276.9,270,275.5,1566972
2013-05-22 00:00:00,276.1,279,272.25,275.25,831266
2013-05-23 00:00:00,274,274,264.2,269.5,762566
2013-05-24 00:00:00,269.25,279.65,265.6,276.5,1057377
2013-05-27 00:00:00,277.9,290.8,277,289,2163083
2013-05-28 00:00:00,288,297.7,286.4,296.7,1844190
2013-05-29 00:00:00,296.7,301.7,294,299.4,1762975
2013-05-30 00:00:00,299.75,302,292.15,301,1729005
2013-05-31 00:00:00,298.55,301.9,292.1,293.55,1240732
2013-06-03 00:00:00,293,295.7,285,289.8,1173694
2013-06-04 00:00:00,288.5,292,278.5,281.55,2085444
2013-06-05 00:00:00,280,283.25,275.2,279.1,2348999
2013-06-06 00:00:00,275,280.75,273,277.2,2438952
2013-06-07 00:00:00,276.5,280.55,271,272.5,1890140
2013-06-10 00:00:00,273.55,274.8,262.75,264.7,1849186
2013-06-11 00:00:00,262.75,263.1,227.7,237.2,6726646
2013-06-12 00:00:00,223.9,223.9,201,204.55,33276611
2013-06-13 00:00:00,201,218.5,201,213.75,12014762
2013-06-14 00:00:00,218.3,228.3,217.85,225.2,7981556
2013-06-17 00:00:00,225.9,232.45,220.05,229.75,5687245
2013-06-18 00:00:00,230.45,231.8,222.5,224.25,6227806
2013-06-19 00:00:00,221.65,233.55,220.65,231.65,5311232
2013-06-20 00:00:00,228,228.5,223.4,225.05,2656131
2013-06-21 00:00:00,224.95,228.85,218.6,223.05,2589148
2013-06-24 00:00:00,223.25,228.7,213.4,222.5,4896292
2013-06-25 00:00:00,225,231.85,219.25,228.65,3322441
2013-06-26 00:00:00,230.05,231.2,223,225.6,3094128
2013-06-27 00:00:00,225.3,230,216.75,222.8,5701743
2013-06-28 00:00:00,229.4,229.4,218.2,223.5,6211503
2013-07-01 00:00:00,225,229.5,218.6,226.95,3319630
2013-07-02 00:00:00,228.1,238.85,226.75,232.05,6587501
2013-07-03 00:00:00,231.95,236.45,221.6,225.6,4495489
2013-07-04 00:00:00,228,232.5,226.6,229.95,2435692
2013-07-05 00:00:00,231,233.8,227.3,232.05,2310155
2013-07-08 00:00:00,230.8,234.95,225.9,233.35,1298841
2013-07-09 00:00:00,235,241.7,234.35,239.15,3119633
2013-07-10 00:00:00,241,252.05,240.25,250.15,4408331
2013-07-11 00:00:00,252.2,254.95,245.4,250.05,2472101
2013-07-12 00:00:00,251.5,251.5,245.25,249.5,1987701
2013-07-15 00:00:00,246.65,254.5,246.4,252.5,1517599
2013-07-16 00:00:00,247.5,252,246.15,250.15,2421264
2013-07-17 00:00:00,250.15,259.85,250.1,258.85,3397005
2013-07-18 00:00:00,260,266,259.2,264.4,1616250
2013-07-19 00:00:00,264.4,264.4,258.65,261.45,1337658
2013-07-22 00:00:00,260.8,263.1,256.15,259.8,1907826
2013-07-23 00:00:00,244.9,276.65,242.65,275,8761771
2013-07-24 00:00:00,274.8,276.4,258.55,261.4,6119862
2013-07-25 00:00:00,258.8,264.75,255.8,260.2,2421560
2013-07-26 00:00:00,260.7,265.4,257.4,261.25,1744776
2013-07-29 00:00:00,260,266,257.55,260.05,1798671
2013-07-30 00:00:00,260.2,263,254.5,259.05,1566563
2013-07-31 00:00:00,259,265,255,263.4,2105464
2013-08-01 00:00:00,266,267.5,255.35,259.4,5597586
2013-08-02 00:00:00,263.7,284.4,263.4,282.5,5689114
2013-08-05 00:00:00,284,288.9,276.55,280.35,1847920
2013-08-06 00:00:00,277.15,278,257.5,259.75,3459362
2013-08-07 00:00:00,261,267,255.4,262.75,2233107
2013-08-08 00:00:00,264.2,269.9,261.1,264.15,1142928
2013-08-12 00:00:00,265.1,269.95,263.15,265.75,1238291
2013-08-13 00:00:00,264.1,269.8,258.1,262.8,2751982
2013-08-14 00:00:00,260,277.25,260,273.35,2936656
2013-08-16 00:00:00,250,250,235.3,240.25,9284021
2013-08-19 00:00:00,236.5,247,230.4,234.5,4081188
2013-08-20 00:00:00,230.95,230.95,217.1,220.3,3755960
2013-08-21 00:00:00,225,228.5,218.85,223.15,3041447
2013-08-22 00:00:00,222,228.7,218.55,225.75,1757405
2013-08-23 00:00:00,226,237,226,228.4,2064686
2013-08-26 00:00:00,229.1,232.7,223.95,228,1114779
2013-08-27 00:00:00,228,231.85,215.2,221.7,3482384
2013-08-28 00:00:00,219,224.7,205.4,212.35,4814864
2013-08-29 00:00:00,217.05,220.95,210,216.9,2763115
2013-08-30 00:00:00,219,227.25,215.1,224.65,2080317
2013-09-02 00:00:00,228.15,232,226,230.6,1280895
2013-09-03 00:00:00,232.05,233.9,212.2,213.75,1698291
2013-09-04 00:00:00,213.8,221.6,211,215.9,2048651
2013-09-05 00:00:00,218.2,233.85,218.2,231.95,2535345
2013-09-06 00:00:00,234.75,235,226.3,227.65,2067197
2013-09-10 00:00:00,233,244.8,228.6,242.45,2645361
2013-09-11 00:00:00,244.9,247.4,234,237.95,2090196
2013-09-12 00:00:00,237.95,242,229,231.5,1454897
2013-09-13 00:00:00,231.5,234.7,224.8,226.1,1690271
2013-09-16 00:00:00,231.5,231.8,219.1,223.95,2026618
2013-09-17 00:00:00,224.5,227,219.1,221.8,1921902
2013-09-18 00:00:00,227,227,220.2,222.75,1787711
2013-09-19 00:00:00,227,233.45,224.2,228.7,3448687
2013-09-20 00:00:00,227,235.3,223,232.7,2489867
2013-09-23 00:00:00,229.8,246.25,229.05,241.85,3876284
2013-09-24 00:00:00,243,249,242,244.35,4774809
2013-09-25 00:00:00,241.95,246.9,239.6,244.4,2575959
2013-09-26 00:00:00,242.1,245.1,239.4,241.25,1139947
2013-09-27 00:00:00,243.3,244.15,234.4,235,944757
2013-09-30 00:00:00,233.55,237.25,231,232.1,1087077
2013-10-01 00:00:00,235,236.6,230.15,234.95,889328
2013-10-03 00:00:00,235,241,235,239.5,2632971
2013-10-04 00:00:00,237,245,237,240.5,1796057
2013-10-07 00:00:00,239,242,235.6,239,779213
2013-10-08 00:00:00,241,243.7,239.75,241,1336698
2013-10-09 00:00:00,238,241.6,235.6,239.95,1586575
2013-10-10 00:00:00,238,242,238,238.9,1232047
2013-10-11 00:00:00,240,241.25,235,237.8,1365826
2013-10-14 00:00:00,238.65,241.55,234.4,237,736661
2013-10-15 00:00:00,237,239.15,232,234.05,938053
2013-10-17 00:00:00,232.05,243.8,232.05,241.5,1344204
2013-10-18 00:00:00,244.6,245.75,240.55,242.4,1498692
2013-10-21 00:00:00,242.4,243.75,235.7,241.05,3129351
2013-10-22 00:00:00,241,244.3,237.55,238.8,1441418
2013-10-23 00:00:00,239,242.55,237.05,239.8,1355688
2013-10-24 00:00:00,240,247.5,240,241.85,2466130
2013-10-25 00:00:00,241,245.4,238.7,244.15,2163383
2013-10-28 00:00:00,245,253.6,244.8,250.8,2748272
2013-10-29 00:00:00,251.55,257.35,251.1,255.15,2516997
2013-10-30 00:00:00,256,257.4,253,256.2,978936
2013-10-31 00:00:00,256,272,251.3,267.2,4134730
2013-11-01 00:00:00,258.5,265,254.25,261.65,4424540
2013-11-03 00:00:00,261.3,264.25,260.65,262.35,272721
2013-11-05 00:00:00,257.55,261.05,254.6,258.65,1232084
2013-11-06 00:00:00,257.1,262.9,248,248.65,2276932
2013-11-07 00:00:00,246.45,248,240.05,242.05,1387970
2013-11-08 00:00:00,240,240,232.8,234.4,1347453
2013-11-11 00:00:00,234.5,236.85,230.3,231.8,1124814
2013-11-12 00:00:00,230,234.7,230,231.8,815462
2013-11-13 00:00:00,230,237.35,230,232.85,792038
2013-11-14 00:00:00,234.1,238.9,233,233.65,755388
2013-11-18 00:00:00,236.1,238.35,234.2,236.25,622302
2013-11-19 00:00:00,235.2,237.85,232.25,234.1,829913
2013-11-20 00:00:00,233,234.5,227,227.8,1325471
2013-11-21 00:00:00,227,227.5,221.3,223.8,1872443
2013-11-22 00:00:00,224.95,230.85,224.9,227.55,1863241
2013-11-25 00:00:00,228.2,232,225.75,228.3,1293958
2013-11-26 00:00:00,228,232.55,221.4,224.5,9704702
2013-11-27 00:00:00,228.05,229.6,223.75,227.8,1384129
2013-11-28 00:00:00,227.25,230.55,225.3,227.25,2026047
2013-11-29 00:00:00,227.4,231,227.35,229.05,708693
2013-12-02 00:00:00,229.4,231.35,226.45,228.45,819519
2013-12-03 00:00:00,227.9,229,225,225.4,836450
2013-12-04 00:00:00,224.05,226.95,223.75,225.05,892761
2013-12-05 00:00:00,228.4,228.4,225.2,226.7,1169289
2013-12-06 00:00:00,227,234.15,225.95,231.05,1958279
2013-12-09 00:00:00,236,236,226.6,229.75,943496
2013-12-10 00:00:00,227.05,232.5,226.2,226.75,842968
2013-12-11 00:00:00,226.5,228.35,224.05,225,1081603
2013-12-12 00:00:00,225.5,225.8,222,222.4,968008
2013-12-13 00:00:00,221.9,222.15,218.2,219.85,1177049
2013-12-16 00:00:00,220.6,226.95,220.6,225.05,1445430
2013-12-17 00:00:00,226.1,233.5,224.05,229.7,1495689
2013-12-18 00:00:00,230.1,237.5,230.1,235.5,2505774
2013-12-19 00:00:00,236.75,237,229.55,232.8,913780
2013-12-20 00:00:00,230.4,235.55,227.8,228.65,1107056
2013-12-23 00:00:00,229.05,233.35,228.6,229.1,918680
2013-12-24 00:00:00,230,231.05,227,228.2,988244
2013-12-26 00:00:00,228.2,232,228.2,229.95,2084229
2013-12-27 00:00:00,231.3,232.5,226.65,229.45,1050933
2013-12-30 00:00:00,231.8,231.9,228.1,228.95,845697
2013-12-31 00:00:00,230.05,230.3,228.2,229.5,486572
2014-01-01 00:00:00,230,232.5,229.35,230.8,538938
2014-01-02 00:00:00,229.5,235.95,225.1,226.35,1570396
2014-01-03 00:00:00,226,228.75,224,227.4,818984
2014-01-06 00:00:00,228,230.3,225.55,227.8,497192
2014-01-07 00:00:00,230,230.9,224.8,226.05,713955
2014-01-08 00:00:00,226.9,226.95,222.1,222.75,878308
2014-01-09 00:00:00,225.15,227.45,221.4,223.85,1126716
2014-01-10 00:00:00,224,227.25,219,220.25,983757
2014-01-13 00:00:00,221,223.4,214.1,221.1,1253786
2014-01-14 00:00:00,221.25,222.4,220,221,364394
2014-01-15 00:00:00,221.15,222.25,216.15,218.05,1060362
2014-01-16 00:00:00,218.05,219.7,216.65,218.2,809129
2014-01-17 00:00:00,216.7,220.75,216.55,217.05,645915
2014-01-20 00:00:00,216.1,217.95,215,216.5,392820
2014-01-21 00:00:00,217,220.3,216.1,217.8,875408
2014-01-22 00:00:00,217.2,219.25,216.25,217.35,656092
2014-01-23 00:00:00,216.75,227.4,216.2,225.35,2570554
2014-01-24 00:00:00,226.4,227.9,218,218.7,2042034
2014-01-27 00:00:00,217,218,212.35,215.85,830741
2014-01-28 00:00:00,216.5,218.6,214.95,217,440878
2014-01-29 00:00:00,218.4,219,212,214.65,1075952
2014-01-30 00:00:00,210,224.4,202.45,222.8,5930481
2014-01-31 00:00:00,222.8,223.5,216.65,221.55,1223691
2014-02-03 00:00:00,220.15,227.5,218.65,219.95,1428280
2014-02-04 00:00:00,218.7,225.9,217.1,221.75,1093372
2014-02-05 00:00:00,221.2,224,219,220.9,545189
2014-02-06 00:00:00,221.9,226.2,219.35,225.55,977396
2014-02-07 00:00:00,226.05,228.6,223.15,225.7,1025574
2014-02-10 00:00:00,225,233.75,223.6,230.95,1757160
2014-02-11 00:00:00,231.25,235.65,230.1,232.3,1510573
2014-02-12 00:00:00,233,233.8,228.6,230.3,714283
2014-02-13 00:00:00,230,232,226.6,229.35,755689
2014-02-14 00:00:00,230,232.6,226.65,231.55,723069
2014-02-17 00:00:00,233.65,236.3,225.15,228.95,2328888
2014-02-18 00:00:00,231,231,225.95,228.65,609396
2014-02-19 00:00:00,228.9,233.9,228.2,232.6,1306199
2014-02-20 00:00:00,233,237.8,231.1,234.15,1303544
2014-02-21 00:00:00,235.2,236.8,232.8,234.05,691017
2014-02-24 00:00:00,234.7,237.5,231.5,235.7,729670
2014-02-25 00:00:00,237.35,244.3,236.5,243.2,2388002
2014-02-26 00:00:00,244.5,247.3,242.5,245.6,1495138
2014-02-28 00:00:00,246.1,246.9,240.05,242.5,716553
2014-03-03 00:00:00,242.5,251.5,239.5,249.25,2029854
2014-03-04 00:00:00,250.5,258.4,250.3,254.8,2544333
2014-03-05 00:00:00,252.55,252.85,244,245.65,1424629
2014-03-06 00:00:00,245.6,250.6,243.15,246.8,1075669
2014-03-07 00:00:00,249.6,256.4,246,255,1893634
2014-03-10 00:00:00,254,258.5,249.3,250.55,1527237
2014-03-11 00:00:00,252.25,254.5,247,248.75,1189688
2014-03-12 00:00:00,248.5,257,248.4,252.25,1350784
2014-03-13 00:00:00,254,258.5,248.4,251.65,1672077
2014-03-14 00:00:00,251.75,254.35,248.5,253.15,653400
2014-03-18 00:00:00,254.95,257,253.15,255.35,1294867
2014-03-19 00:00:00,256,257.25,251.55,254.85,829853
2014-03-20 00:00:00,257,262.45,252,253.4,2161044
2014-03-21 00:00:00,256.4,257.4,253.4,255,948531
2014-03-22 00:00:00,255,256.5,254.05,254.95,52070
2014-03-24 00:00:00,254.3,258.5,251.15,252.9,637996
2014-03-25 00:00:00,253.05,257.3,253.05,255.4,654922
2014-03-26 00:00:00,256,256.9,248.2,248.75,658823
2014-03-27 00:00:00,249.2,254.65,246.1,253.8,1316243
2014-03-28 00:00:00,254.8,256.1,250.4,253.15,674424
2014-03-31 00:00:00,255,268.35,254.1,262.7,2092440
2014-04-01 00:00:00,266.45,268,260.6,265.15,986673
2014-04-02 00:00:00,266.45,267,263,265.35,357890
2014-04-03 00:00:00,266,270.85,263,268,1540496
2014-04-04 00:00:00,270.1,274.3,266,269.8,961371
2014-04-07 00:00:00,269,269,260.1,262.75,856375
2014-04-09 00:00:00,263.1,265.9,261.85,264.25,832258
2014-04-10 00:00:00,263.2,267.9,262.2,262.95,638846
2014-04-11 00:00:00,262,266.4,261.5,262.75,470768
2014-04-15 00:00:00,260.35,265.3,255.45,257.4,667585
2014-04-16 00:00:00,257,262,254.6,255.65,580798
2014-04-17 00:00:00,256,259,255.3,257.2,426231
2014-04-21 00:00:00,255,262.7,254.05,259.45,785424
2014-04-22 00:00:00,259.35,264.75,258.1,261.25,931899
2014-04-23 00:00:00,262,266.5,251.5,255,3942894
2014-04-25 00:00:00,255,259.85,253,258.2,724290
2014-04-28 00:00:00,258,259.8,255.3,258.3,400140
2014-04-29 00:00:00,258.45,262.2,255.7,260,516059
2014-04-30 00:00:00,261,262.85,252.8,254.85,604717
2014-05-02 00:00:00,258,259.7,255,258.05,491561
2014-05-05 00:00:00,258,263,255.75,262.1,695564
2014-05-06 00:00:00,263.95,277.4,257.7,271.2,3380968
2014-05-07 00:00:00,278.5,279.9,271.1,272.45,3860273
2014-05-08 00:00:00,273.25,278.8,269.7,277.45,1584633
2014-05-09 00:00:00,277.5,282.8,275.65,277.5,1505616
2014-05-12 00:00:00,278,287.5,274,285.05,1545871
2014-05-13 00:00:00,286.2,309.6,286.2,296.1,2241102
2014-05-14 00:00:00,298,309.4,291.3,304.7,1663916
2014-05-15 00:00:00,307.9,320,306.45,317.4,3647048
2014-05-16 00:00:00,325,344.75,305.15,307,2831569
2014-05-19 00:00:00,307.1,315,297.65,307.3,1545228
2014-05-20 00:00:00,311.9,322.25,307,314.1,2443570
2014-05-21 00:00:00,317.6,321.95,309.5,310.45,1064527
2014-05-22 00:00:00,341.45,353.1,330.1,331.4,6665571
2014-05-23 00:00:00,335,335.7,324.55,325.35,2001146
2014-05-26 00:00:00,327.8,328.8,313.4,321.25,1183200
2014-05-27 00:00:00,322.9,322.9,315,319,577127
2014-05-28 00:00:00,321.7,325,313.1,315.1,904132
2014-05-29 00:00:00,315.95,321.4,312.4,313.85,1251206
2014-05-30 00:00:00,315,316.9,308.8,310,776871
2014-06-02 00:00:00,307.1,318.2,307.1,315.15,656591
2014-06-03 00:00:00,316,322.55,314.1,320.25,1463591
2014-06-04 00:00:00,323.45,328.4,318.05,320.2,1421190
2014-06-05 00:00:00,323,325.9,320.2,323.35,1024094
2014-06-06 00:00:00,325.9,328.5,316,327.25,1220841
2014-06-09 00:00:00,326.1,332.5,325.1,326.6,1552181
2014-06-10 00:00:00,325.3,343,323,341.4,2957655
2014-06-11 00:00:00,344.95,347,326.1,328.9,3146759
2014-06-12 00:00:00,328.75,332.95,323.15,328.65,854622
2014-06-13 00:00:00,330.5,333.9,302.75,319.9,1264687
2014-06-16 00:00:00,318,326.1,312.45,322.6,1186910
2014-06-17 00:00:00,319.5,324.35,317.65,322.45,1189474
2014-06-18 00:00:00,322.9,327.9,311.85,314.35,1361754
2014-06-19 00:00:00,319,323.45,313.3,320.45,908802
2014-06-20 00:00:00,326,335.75,323.15,333.85,2824583
2014-06-23 00:00:00,336.9,338.8,323.9,326.05,1682795
2014-06-24 00:00:00,324.5,339,324.5,337.75,1532090
2014-06-25 00:00:00,339.6,344.85,335.9,342.7,2113727
2014-06-26 00:00:00,344.4,351.5,338,346.8,3835909
2014-06-27 00:00:00,347.25,356.85,346.85,353.15,2008738
2014-06-30 00:00:00,354.2,360.8,350.2,353.05,1515387
2014-07-01 00:00:00,352.9,358.9,351,355.8,796331
2014-07-02 00:00:00,358,361.85,353.3,359.5,1073593
2014-07-03 00:00:00,361.8,362.3,356,360.8,848205
2014-07-04 00:00:00,361,361.65,352.3,357.2,662164
2014-07-07 00:00:00,358.9,362.7,354.45,357.4,732610
2014-07-08 00:00:00,360.1,362.1,337.4,341.5,1169214
2014-07-09 00:00:00,336.2,350.45,335.75,347.95,1197600
2014-07-10 00:00:00,350,352,323.6,327.2,1909597
2014-07-11 00:00:00,323.9,337.7,323.25,330.4,1219953
2014-07-14 00:00:00,327,327,318.1,322,988868
2014-07-15 00:00:00,320.75,329,320.75,327.75,1104243
2014-07-16 00:00:00,325.5,328.95,324.4,327.9,549883
2014-07-17 00:00:00,325.15,336.8,324.4,334.5,868312
2014-07-18 00:00:00,338,338.5,327.6,329.95,794164
2014-07-21 00:00:00,328.2,333,326.1,330.95,550719
2014-07-22 00:00:00,330.35,339.8,330.35,337.75,850103
2014-07-23 00:00:00,340,342.5,335.3,340.65,886420
2014-07-24 00:00:00,341.05,342.85,334,336.1,590907
2014-07-25 00:00:00,333.5,335,329.4,332.15,560747
2014-07-28 00:00:00,330.35,337.4,329.6,334.5,601788
2014-07-30 00:00:00,334.5,344.5,334.5,342.65,900812
2014-07-31 00:00:00,343.1,345.15,338.75,341.05,579077
2014-08-01 00:00:00,340,343.6,321,326.65,1289216
2014-08-04 00:00:00,326,343.6,325,342.2,1307913
2014-08-05 00:00:00,342.3,346.9,337.55,344.35,674392
2014-08-06 00:00:00,341.3,349.5,340.85,344.25,607470
2014-08-07 00:00:00,343,350.5,339,347.3,815348
2014-08-08 00:00:00,343.5,347.6,339.45,341.95,619376
2014-08-11 00:00:00,341.95,347.55,339.55,341.75,362845
2014-08-12 00:00:00,342.1,351,342.1,349.1,884613
2014-08-13 00:00:00,348,349,341,343.55,514353
2014-08-14 00:00:00,344,353,343.55,350.95,471884
2014-08-18 00:00:00,353.7,353.7,347.3,350.35,656367
2014-08-19 00:00:00,352,352.5,345.1,348.4,554803
2014-08-20 00:00:00,349.7,349.7,345.3,346.4,391322
2014-08-21 00:00:00,350.25,370.4,350.25,366.95,3764955
2014-08-22 00:00:00,369.85,369.9,360.75,363.25,1194939
2014-08-25 00:00:00,360.7,367.4,357.6,361.7,713235
2014-08-26 00:00:00,358.1,363.9,357.3,361.65,413628
2014-08-27 00:00:00,368,368.7,361.3,363.6,725852
2014-08-28 00:00:00,365.4,367.9,356.8,363.4,792201
2014-09-01 00:00:00,365.1,374.9,364.2,371.9,1027263
2014-09-02 00:00:00,372.7,387.15,371.05,385.35,1469921
2014-09-03 00:00:00,387.1,391.8,381.1,383.45,1185735
2014-09-04 00:00:00,384,391,373.25,387.9,1055883
2014-09-05 00:00:00,388.95,393.5,385.4,387.65,906203
2014-09-08 00:00:00,390.5,390.5,383.35,385.8,335773
2014-09-09 00:00:00,386.4,397.95,376.05,397.05,1150656
2014-09-10 00:00:00,396.85,397.3,383.55,385.1,1317752
2014-09-11 00:00:00,388,390,380.1,381.95,816264
2014-09-12 00:00:00,384,392.7,384,388,1336992
2014-09-15 00:00:00,387.7,390.45,380.9,381.95,556149
2014-09-16 00:00:00,381.1,385.5,372.2,376.35,716336
2014-09-17 00:00:00,377.1,380.1,366,370.25,780290
2014-09-18 00:00:00,368.6,389,363.25,387.6,895759
2014-09-19 00:00:00,389.75,392.5,382,388.55,676624
2014-09-22 00:00:00,386.5,402.65,384.05,396.95,1615446
2014-09-23 00:00:00,399.75,407.5,387.8,390.85,1824990
2014-09-24 00:00:00,392.45,398,386,393.15,895327
2014-09-25 00:00:00,396.75,396.8,386.25,389,1052692
2014-09-26 00:00:00,387.2,391,382,389.2,586630
2014-09-29 00:00:00,390.8,404,388,397.95,837730
2014-09-30 00:00:00,400.7,409.95,398.1,407.95,1228189
2014-10-01 00:00:00,410,413.15,401.9,404.85,665343
2014-10-07 00:00:00,401,407.5,394.1,397.25,531345
2014-10-08 00:00:00,397.8,407.7,392.15,402.45,1057046
2014-10-09 00:00:00,404.5,406.7,397.65,401.15,672435
2014-10-10 00:00:00,399.7,406,394.25,397.9,885256
2014-10-13 00:00:00,395.9,397.8,391.05,394.6,482988
2014-10-14 00:00:00,396,400.35,384.3,388.35,822882
2014-10-16 00:00:00,387.8,391,365.2,369.05,841426
2014-10-17 00:00:00,371.05,383.55,369.05,380.5,917551
2014-10-20 00:00:00,385,386.95,380,382.8,565000
2014-10-21 00:00:00,385,395.5,384.05,389.95,1000173
2014-10-22 00:00:00,393,396.6,391.65,394.9,536847
2014-10-23 00:00:00,396,398,390.75,395.65,151675
2014-10-27 00:00:00,398,402.4,391.3,400.8,653478
2014-10-28 00:00:00,401.3,407,396.3,405.75,614736
2014-10-29 00:00:00,407,414.2,403.45,411.7,946094
2014-10-30 00:00:00,412.25,425,412.05,419.4,2646890
2014-10-31 00:00:00,409.9,409.9,390.55,393.5,5608680
2014-11-03 00:00:00,394.9,395.75,381.25,382.65,2085945
2014-11-05 00:00:00,385.95,387.65,373.2,375.2,1702698
2014-11-07 00:00:00,371,381.7,371,378.85,1232526
2014-11-10 00:00:00,381.5,384.5,375.3,378.95,1052143
2014-11-11 00:00:00,380.35,381.2,372.05,372.95,1059635
2014-11-12 00:00:00,374,379.5,371.25,378.45,1924734
2014-11-13 00:00:00,383.25,383.3,375,376.5,1003914
2014-11-14 00:00:00,373.2,378.5,372.75,374.65,697374
2014-11-17 00:00:00,371.15,379.85,371.15,377.6,789089
2014-11-18 00:00:00,376.15,377,371.6,373.45,1051506
2014-11-19 00:00:00,370.2,374.4,365.05,366.4,996890
2014-11-20 00:00:00,365,366.5,353.5,361.8,1185308
2014-11-21 00:00:00,362.5,369.2,361.45,367.35,684300
2014-11-24 00:00:00,368,373.5,365.15,371.7,705101
2014-11-25 00:00:00,371.7,375,364.15,370.3,1024933
2014-11-26 00:00:00,367.3,372.5,365.5,370.7,746341
2014-11-27 00:00:00,368,370.7,361.1,364.3,1215317
2014-11-28 00:00:00,365,372.8,365,370.85,760299
2014-12-01 00:00:00,400.5,400.5,380.2,390.2,4537297
2014-12-02 00:00:00,391,391.5,383.9,388.3,733564
2014-12-03 00:00:00,390.6,391.85,384.6,386.45,529851
2014-12-04 00:00:00,387.4,389.8,380.05,385.6,560011
2014-12-05 00:00:00,385.6,390.7,383.3,387,858237
2014-12-08 00:00:00,388,388.9,379.25,381.15,567529
2014-12-09 00:00:00,380,380.95,370.1,370.95,632742
2014-12-10 00:00:00,368.3,386.8,368.3,385.6,1033149
2014-12-11 00:00:00,386,389.5,377,385.35,626629
2014-12-12 00:00:00,383.65,387.7,370.6,373.9,552232
2014-12-15 00:00:00,370.8,373,363,366.55,577805
2014-12-16 00:00:00,364,365.65,354.7,360,723484
2014-12-17 00:00:00,357.25,360.6,345,355,737187
2014-12-18 00:00:00,372,381.7,364.7,377.25,1135786
2014-12-19 00:00:00,383,385.4,374.1,376.6,637858
2014-12-22 00:00:00,375,384.2,373,381.95,589095
2014-12-23 00:00:00,383,384,373.1,374.85,492420
2014-12-24 00:00:00,376,377.7,368,368.75,675773
2014-12-26 00:00:00,371,371.95,364.4,367.25,387835
2014-12-29 00:00:00,369,376.25,367.5,373.95,351585
2014-12-30 00:00:00,375,379.4,372.7,377.1,340255
2014-12-31 00:00:00,376.4,384.35,374.45,381.65,575804
2015-01-01 00:00:00,381.3,382.55,377.8,379.8,269753
2015-01-02 00:00:00,379.8,388.5,379.8,382.8,623981
2015-01-05 00:00:00,384,389.6,382.8,385.9,551576
2015-01-06 00:00:00,382.2,383.4,369.2,372.7,519159
2015-01-07 00:00:00,372.9,377.4,370,374.6,397373
2015-01-08 00:00:00,380,380,368.75,372.9,672501
2015-01-09 00:00:00,376,376.9,369.4,372.9,985975
2015-01-12 00:00:00,373.25,378.5,370.6,376.8,344364
2015-01-13 00:00:00,375.85,384,370.8,372.2,715002
2015-01-14 00:00:00,373.05,376.95,369,371.6,404068
2015-01-15 00:00:00,373.7,379,369.7,375.9,648144
2015-01-16 00:00:00,380,394,376.95,387.2,1387070
2015-01-19 00:00:00,389.2,395.5,389.2,394.5,913385
2015-01-20 00:00:00,397,398.9,390.45,393.6,603286
2015-01-21 00:00:00,394.6,408.55,390.45,406.95,1885665
2015-01-22 00:00:00,407,409.2,393.1,399.75,785747
2015-01-23 00:00:00,403.15,405.45,394,398.85,709214
2015-01-27 00:00:00,399,407,393.25,400.65,1306898
2015-01-28 00:00:00,409.4,437.8,404,433.25,6282139
2015-01-29 00:00:00,427.8,444,425.65,441.8,3488597
2015-01-30 00:00:00,441.95,442.85,428.75,430.6,970722
2015-02-02 00:00:00,430,437.8,427.35,433.2,1106879
2015-02-03 00:00:00,435.9,448.4,430.55,432.3,2245302
2015-02-04 00:00:00,434.5,443.95,427,430.05,1392064
2015-02-05 00:00:00,431.9,431.9,413.35,417.8,1040089
2015-02-06 00:00:00,425.9,427,409.1,416.7,1116247
2015-02-09 00:00:00,409.1,421.6,409.1,412.25,813004
2015-02-10 00:00:00,409.85,430.6,409.8,425.2,1092699
2015-02-11 00:00:00,428.3,433.75,423.1,426.25,1113419
2015-02-12 00:00:00,429,433.9,423.5,425.75,1131467
2015-02-13 00:00:00,427.5,432,423.65,426.7,935029
2015-02-16 00:00:00,432.4,432.4,414.95,417.5,842771
2015-02-18 00:00:00,419.15,432.5,416.3,429.75,1093702
2015-02-19 00:00:00,434.85,442.7,430.8,432.75,1517003
2015-02-20 00:00:00,434,439,422.5,435.35,1033950
2015-02-23 00:00:00,435.3,435.35,418,419.75,1004925
2015-02-24 00:00:00,421.25,426.45,418,422.45,748836
2015-02-25 00:00:00,424.4,428,418.5,422.25,788068
2015-02-26 00:00:00,423.9,426,416.1,423.6,726024
2015-02-27 00:00:00,425.1,436.75,421.3,435.35,826541
2015-02-28 00:00:00,440.95,444.4,410.15,421.4,2179103
2015-03-02 00:00:00,420.7,420.75,408.15,412.5,1124323
2015-03-03 00:00:00,412.6,421.8,410.45,415.9,719506
2015-03-04 00:00:00,424.7,424.7,409.5,411.4,655400
2015-03-05 00:00:00,412,415.65,400.3,405.75,959120
2015-03-09 00:00:00,404,405.7,395.2,399.7,648441
2015-03-10 00:00:00,402.4,407.3,399.7,405.4,657218
2015-03-11 00:00:00,408.7,408.7,398,399.85,410728
2015-03-12 00:00:00,401.5,406.7,400.25,404.6,349974
2015-03-13 00:00:00,406,407.55,397.2,398.75,428548
2015-03-16 00:00:00,399.8,400,391.7,397.6,399268
2015-03-17 00:00:00,399,405.75,395.8,404.45,562431
2015-03-18 00:00:00,406.95,406.95,400,401.8,309016
2015-03-19 00:00:00,403.95,414.7,400.2,404.8,1023111
2015-03-20 00:00:00,405.6,407.8,390.8,392.7,461698
2015-03-23 00:00:00,394.5,396.6,385,390.85,498876
2015-03-24 00:00:00,391.05,396,385.55,387.25,408226
2015-03-25 00:00:00,388.1,393.95,385,390.45,636108
2015-03-26 00:00:00,390,393.7,385,389.75,1419196
2015-03-27 00:00:00,389.65,395.6,385,392.85,670005
2015-03-30 00:00:00,395,397.45,387.15,391.35,420532
2015-03-31 00:00:00,392.85,397.95,390.55,391.6,438421
2015-04-01 00:00:00,391.4,394.25,387.35,390.4,452828
2015-04-06 00:00:00,395,404.4,391,403.6,904638
2015-04-07 00:00:00,404.5,410.7,401.5,406.6,636179
2015-04-08 00:00:00,407.6,411.4,404.5,407.45,534912
2015-04-09 00:00:00,410,410,398.15,399.95,756901
2015-04-10 00:00:00,399.7,406.55,399.05,400.55,969396
2015-04-13 00:00:00,401,418.45,401,414.85,1399618
2015-04-15 00:00:00,415,422.6,406.1,411.35,947070
2015-04-16 00:00:00,411.35,417.5,396.65,406.25,884632
2015-04-17 00:00:00,403,407.95,393.25,395.05,603542
2015-04-20 00:00:00,396,403.8,392.05,394.95,934634
2015-04-21 00:00:00,401,401.4,388.75,392.25,657263
2015-04-22 00:00:00,393.4,397.5,389.2,396.1,517359
2015-04-23 00:00:00,398.1,404.65,392,403.45,743194
2015-04-24 00:00:00,405,405.5,390,395.9,738949
2015-04-27 00:00:00,398.7,398.7,383,386.5,947654
2015-04-28 00:00:00,386,390.55,382,386.15,612828
2015-04-29 00:00:00,387.9,388.6,380,381.85,866439
2015-04-30 00:00:00,380.4,386.85,379.95,382.8,2267714
2015-05-04 00:00:00,384.8,394.25,382.25,385.25,462963
2015-05-05 00:00:00,386.1,388.7,380.25,384.4,593407
2015-05-06 00:00:00,382.65,386,368,383.4,1719756
2015-05-07 00:00:00,383.9,385.8,365.25,369.55,1729099
2015-05-08 00:00:00,340,357.7,334.35,353.6,5691342
2015-05-11 00:00:00,352,371.4,346.2,367.65,1343524
2015-05-12 00:00:00,369.45,369.45,356,362.75,901977
2015-05-13 00:00:00,362.2,369,357.95,367.4,837838
2015-05-14 00:00:00,363.55,366,360.1,362.9,527009
2015-05-15 00:00:00,363.1,371,363.1,367.95,557137
2015-05-18 00:00:00,367.75,379.9,365.05,378.75,796620
2015-05-19 00:00:00,378.75,381.9,373.6,379.55,711652
2015-05-20 00:00:00,381,383.8,375,376.15,476821
2015-05-21 00:00:00,372.6,381,372.6,376,351909
2015-05-22 00:00:00,374.15,378.45,369,370.45,438670
2015-05-25 00:00:00,367.05,372.5,364.65,371,406302
2015-05-26 00:00:00,373,373.6,366.5,370.6,251010
2015-05-27 00:00:00,368.05,375.5,366.9,372.2,215459
2015-05-28 00:00:00,375,385.8,365.5,380.25,1467589
2015-05-29 00:00:00,381,381,372.2,378.3,312544
2015-06-01 00:00:00,375.1,379.6,373.05,376.3,232939
2015-06-02 00:00:00,378.45,378.45,367.2,368.95,322834
2015-06-03 00:00:00,369.9,370.95,355.5,367.65,407702
2015-06-04 00:00:00,365.85,366.6,355.9,361.5,331402
2015-06-05 00:00:00,357.55,370.85,354.25,363.75,513150
2015-06-08 00:00:00,364.5,366.3,351.2,352.95,275247
2015-06-09 00:00:00,350.05,360.9,350.05,359.55,400693
2015-06-10 00:00:00,359.25,366.5,359,364.7,423122
2015-06-11 00:00:00,365.3,368,351.95,353.7,402824
2015-06-12 00:00:00,353.45,356,345.1,347.95,306206
2015-06-15 00:00:00,345,352.35,343,344.25,502073
2015-06-16 00:00:00,346,349.65,337.5,347.15,794358
2015-06-17 00:00:00,349.9,355.5,345.2,353.95,554088
2015-06-18 00:00:00,353.15,360.5,350.1,358.8,375925
2015-06-19 00:00:00,360.65,361.2,352.2,358.2,499477
2015-06-22 00:00:00,357.35,368.9,356,366.25,503127
2015-06-23 00:00:00,367.8,368,355.85,357.25,581280
2015-06-24 00:00:00,357.6,361.9,354.05,356.6,1036071
2015-06-25 00:00:00,353,355.95,348.95,352.85,2374867
2015-06-26 00:00:00,352.9,361.5,350.25,360.15,972326
2015-06-29 00:00:00,354.65,360,350.15,358.85,521388
2015-06-30 00:00:00,358.85,370.25,355.1,366.3,928099
2015-07-01 00:00:00,365,366.95,360.55,361.9,581426
2015-07-02 00:00:00,362.25,363.25,352.35,355.25,1301446
2015-07-03 00:00:00,349.5,359.5,349.5,357.3,640953
2015-07-06 00:00:00,352.05,357.95,352,355.85,606970
2015-07-07 00:00:00,356,362.95,355.6,361.05,622813
2015-07-08 00:00:00,356.1,360,351.25,354.95,743184
2015-07-09 00:00:00,355.45,361.9,354,359.7,492767
2015-07-10 00:00:00,360.2,364.45,354.45,355.8,675678
2015-07-13 00:00:00,356.5,358.5,352.4,357.3,349986
2015-07-14 00:00:00,357.8,363.65,356,359.85,483292
2015-07-15 00:00:00,358.7,358.7,348.35,350.75,597184
2015-07-16 00:00:00,350,353.85,348.5,350.65,330307
2015-07-17 00:00:00,348.5,353.6,347.1,348.95,557575
2015-07-20 00:00:00,349,351.3,344,345.15,808216
2015-07-21 00:00:00,346,346.9,338.05,339.75,475068
2015-07-22 00:00:00,339,340,333.35,338,810073
2015-07-23 00:00:00,339,345,335.3,337.05,672679
2015-07-24 00:00:00,337,343.9,335.35,340.1,709976
2015-07-27 00:00:00,339.5,341.35,331.2,335.9,487372
2015-07-28 00:00:00,336.5,344.9,336.5,341.1,1107079
2015-07-29 00:00:00,342.85,343.75,333.3,338.55,801921
2015-07-30 00:00:00,338.5,345.25,336,338.8,1117699
2015-07-31 00:00:00,339,341.6,320.35,323.65,3631818
2015-08-03 00:00:00,323,324,315.45,317.25,2457661
2015-08-04 00:00:00,317.7,319.4,314.5,315.95,1300131
2015-08-05 00:00:00,316.95,322.85,316.05,320.5,1990552
2015-08-06 00:00:00,324.45,328.75,321,327.75,1355010
2015-08-07 00:00:00,328,335.15,324.5,334,1020332
2015-08-10 00:00:00,334.45,334.5,328,329.35,527219
2015-08-11 00:00:00,330.5,338,323.1,328.4,1135585
2015-08-12 00:00:00,327.9,334,323.2,330.1,628727
2015-08-13 00:00:00,331.2,338.6,320.6,328.15,1800158
2015-08-14 00:00:00,331.9,337,326,335.05,349444
2015-08-17 00:00:00,336.1,340,330.15,336.6,590909
2015-08-18 00:00:00,338,338.6,331.6,336.15,219001
2015-08-19 00:00:00,335.85,342.9,334.25,340.45,336368
2015-08-20 00:00:00,344.6,345.8,338.35,341.2,758875
2015-08-21 00:00:00,338.1,345.5,334.1,344.3,603152
2015-08-24 00:00:00,334.5,338.85,328.55,332.6,802619
2015-08-25 00:00:00,335.05,337.7,321.5,327,635497
2015-08-26 00:00:00,328,333.1,320.5,324.75,795875
2015-08-27 00:00:00,320,353.1,320,347.05,3735076
2015-08-28 00:00:00,346.1,348,338.4,341.6,742569
2015-08-31 00:00:00,341.9,345,336.15,337.8,561975
2015-09-01 00:00:00,335.75,339.3,328,334.95,423225
2015-09-02 00:00:00,336,336,321.1,323.1,909066
2015-09-03 00:00:00,324.85,330,323,327.2,351699
2015-09-04 00:00:00,327.75,334.4,318.35,332.95,854711
2015-09-07 00:00:00,333,337.7,329.1,332.4,366587
2015-09-08 00:00:00,333.1,334.95,316.05,322,842521
2015-09-09 00:00:00,325.25,332.5,324.35,330.55,903800
2015-09-10 00:00:00,326.35,329.8,321.25,325.95,756925
2015-09-11 00:00:00,326.25,331,325.15,326.45,481787
2015-09-14 00:00:00,329.9,331,325.2,329,324466
2015-09-15 00:00:00,331,331,323,326.35,231855
2015-09-16 00:00:00,330.1,331.25,326.4,327.75,179163
2015-09-18 00:00:00,326.3,329.8,319.65,321.9,1000353
2015-09-21 00:00:00,320,323.4,317.3,318.7,430092
2015-09-22 00:00:00,319.5,323.65,316.3,318.85,457865
2015-09-23 00:00:00,317,321.5,311.2,319.9,635557
2015-09-24 00:00:00,319.45,326.9,318,324.85,1692883
2015-09-28 00:00:00,324.95,328.7,321.2,326.1,484788
2015-09-29 00:00:00,323.8,324.95,318.5,321.2,589238
2015-09-30 00:00:00,323,324.6,316.4,317.85,697606
2015-10-01 00:00:00,314,329.7,302.75,327.25,1842510
2015-10-05 00:00:00,331.9,334.45,325.8,330.85,473457
2015-10-06 00:00:00,333.2,349.95,329.45,348.5,1592362
2015-10-07 00:00:00,344,347.7,342.4,345.15,398156
2015-10-08 00:00:00,345.05,349.1,340,341.05,353672
2015-10-09 00:00:00,342.75,347.25,340.35,343.2,521299
2015-10-12 00:00:00,340.7,349.45,340.7,342.65,731079
2015-10-13 00:00:00,342.5,346.1,342.3,343.45,222643
2015-10-14 00:00:00,345,351.8,341.95,348.45,775139
2015-10-15 00:00:00,350.2,355,343.3,352.95,830753
2015-10-16 00:00:00,354.65,355.8,350.8,354.2,592163
2015-10-19 00:00:00,346,356.75,346,350.95,535865
2015-10-20 00:00:00,351.3,357.95,349.75,352.1,440519
2015-10-21 00:00:00,353.6,354,343.7,347.8,397954
2015-10-23 00:00:00,355.65,355.65,342.7,343.7,336286
2015-10-26 00:00:00,344.4,349,343.1,344.8,475118
2015-10-27 00:00:00,344.8,346.25,338.25,340.4,265056
2015-10-28 00:00:00,341,355.5,340.95,350.8,670732
2015-10-29 00:00:00,351.3,356.5,348.2,352.3,880195
2015-10-30 00:00:00,346,355,342.9,349.95,1191629
2015-11-02 00:00:00,335,358.9,329.35,356.6,4413018
2015-11-03 00:00:00,354.9,364.5,347.6,348.4,1697686
2015-11-04 00:00:00,349.1,354.55,346.95,348,774920
2015-11-05 00:00:00,347.05,354,346,348.75,476785
2015-11-06 00:00:00,348.95,353,346.15,350.05,495582
2015-11-09 00:00:00,340.5,361,340.5,354.4,714356
2015-11-10 00:00:00,354,358,348.85,352.8,347269
2015-11-11 00:00:00,356.9,356.9,352,353.2,70820
2015-11-13 00:00:00,351.7,359,350.2,354.65,567501
2015-11-16 00:00:00,351.05,362.6,351.05,359.7,655262
2015-11-17 00:00:00,360.2,361.25,356,358.4,506095
2015-11-18 00:00:00,356.2,364.8,356.2,360.8,409990
2015-11-19 00:00:00,363.7,372,358.8,369.9,802938
2015-11-20 00:00:00,372.15,374.45,366.65,371.7,724817
2015-11-23 00:00:00,371.7,382.9,370.2,380.3,869178
2015-11-24 00:00:00,384,384.3,376.35,378.05,813490
2015-11-26 00:00:00,376.1,392.4,376.1,388.55,2068604
2015-11-27 00:00:00,389.75,389.75,378.65,379.9,638174
2015-11-30 00:00:00,378,385.9,377.75,381.8,315528
2015-12-01 00:00:00,382.15,382.5,376.65,377.9,400194
2015-12-02 00:00:00,378.05,383.95,375.35,376.7,377398
2015-12-03 00:00:00,373.5,379,370.05,372,411070
2015-12-04 00:00:00,370.15,375.6,365.75,366.75,263031
2015-12-07 00:00:00,368.2,372.75,364.5,367.85,463510
2015-12-08 00:00:00,366,371.25,363.9,365.8,414619
2015-12-09 00:00:00,365.7,368,358.7,359.8,419161
2015-12-10 00:00:00,360.9,364.25,358.15,362.75,236817
2015-12-11 00:00:00,370.85,378.35,349.7,352.55,3053855
2015-12-14 00:00:00,348.8,358.3,348.05,353.2,1503832
2015-12-15 00:00:00,353.95,365.4,350,364.05,1385795
2015-12-16 00:00:00,364.45,365.95,352.4,355.45,1158158
2015-12-17 00:00:00,356.15,356.85,350,353.15,1160421
2015-12-18 00:00:00,352.9,363,350.5,361.8,2133764
2015-12-21 00:00:00,360.95,360.95,352.8,355.1,893057
2015-12-22 00:00:00,356,362.9,354.45,361.35,1122747
2015-12-23 00:00:00,362.2,364.4,355.75,358.2,751759
2015-12-24 00:00:00,360,364.7,343.2,350.65,1477723
2015-12-28 00:00:00,350.65,353.4,349.3,350.5,647834
2015-12-29 00:00:00,349.5,352.5,343.8,351.3,1612905
2015-12-30 00:00:00,351,352.5,348.5,349.85,312305
2015-12-31 00:00:00,350.2,354.85,339.8,347.15,4706175
2016-01-01 00:00:00,347.15,353.8,346.5,352.05,452823
2016-01-04 00:00:00,350,353.5,347.85,351.4,687951
2016-01-05 00:00:00,351.9,355,345.8,347.7,1494306
2016-01-06 00:00:00,347.7,350.9,343.2,347.85,1000140
2016-01-07 00:00:00,346.7,347.7,336.55,344.05,1423390
2016-01-08 00:00:00,347.7,350.5,338.2,348,1341603
2016-01-11 00:00:00,345,350,343.65,345.05,705294
2016-01-12 00:00:00,346.5,349,344.7,346.9,638269
2016-01-13 00:00:00,349.5,351.25,345,349.95,735198
2016-01-14 00:00:00,347,359.95,340,341.7,2007294
2016-01-15 00:00:00,342,342.5,332.55,335.85,1570462
2016-01-18 00:00:00,335,343.8,332.6,334.25,2640407
2016-01-19 00:00:00,334.1,340.45,326.95,339.2,1222626
2016-01-20 00:00:00,335.9,343.9,333.95,340.85,1530254
2016-01-21 00:00:00,343.9,347.6,337.2,343.4,1015243
2016-01-22 00:00:00,346,349,336.8,347.6,1027422
2016-01-25 00:00:00,350.9,357.95,346.55,354.45,801820
2016-01-27 00:00:00,357.85,357.85,345,349.65,866074
2016-01-28 00:00:00,345.8,348.9,336.9,339,1060659
2016-01-29 00:00:00,347,366.7,346.45,363.7,1807418
2016-02-01 00:00:00,364.5,366.25,357.45,359.95,659748
2016-02-02 00:00:00,359.9,362.8,350.7,352,757686
2016-02-03 00:00:00,345,356.5,345,354.05,723244
2016-02-04 00:00:00,356.05,372.9,356.05,362,1519516
2016-02-05 00:00:00,363.65,372,361.1,369.55,1549307
2016-02-08 00:00:00,366.1,376,365,371.6,1047610
2016-02-09 00:00:00,367.5,375.6,365.5,366.85,808046
2016-02-10 00:00:00,365,373.8,364.05,370.4,2059928
2016-02-11 00:00:00,369,370.3,353.95,356.35,1069363
2016-02-12 00:00:00,358.15,360.75,341.1,355.85,2187500
2016-02-15 00:00:00,356.25,364.65,350.5,358.7,775675
2016-02-16 00:00:00,362.95,363.4,346.5,347.55,1720575
2016-02-17 00:00:00,346.3,346.35,323.05,326.85,2744020
2016-02-18 00:00:00,328.1,335.5,320.15,333.65,1744811
2016-02-19 00:00:00,333,340.8,331,334.7,807083
2016-02-22 00:00:00,337.7,339.4,326.3,337.9,873701
2016-02-23 00:00:00,338,338,326.5,329.45,828320
2016-02-24 00:00:00,331,332,324.15,326.95,668565
2016-02-25 00:00:00,328.1,330.75,322.7,323.75,1270824
2016-02-26 00:00:00,328.55,337,324.95,330.15,881692
2016-02-29 00:00:00,331.75,331.75,301.7,316.8,1857767
2016-03-01 00:00:00,312.5,340,310,337.5,1388815
2016-03-02 00:00:00,337.5,338.45,327.5,333.9,1520145
2016-03-03 00:00:00,333,344.5,332.45,342.15,1501530
2016-03-04 00:00:00,341.9,345.4,336,338.45,893896
2016-03-08 00:00:00,338,344,336.2,341.55,2006420
2016-03-09 00:00:00,341.55,341.55,337.2,339.85,914711
2016-03-10 00:00:00,339.7,345.5,337.8,339.05,3429651
2016-03-11 00:00:00,340.05,347.4,337,346,1425552
2016-03-14 00:00:00,347.1,349.5,340.05,341.15,794134
2016-03-15 00:00:00,342.7,345,340.25,343.8,963552
2016-03-16 00:00:00,342.9,343.6,337.05,339.65,804723
2016-03-17 00:00:00,343.5,343.9,337.7,339.5,1527064
2016-03-18 00:00:00,340.1,344.5,336.05,337.8,2523802
2016-03-21 00:00:00,341,344.45,337.25,342.1,1071707
2016-03-22 00:00:00,341.6,361,341.6,358.6,1399074
2016-03-23 00:00:00,358.6,358.9,351.5,352.7,472224
2016-03-28 00:00:00,356.7,357,325,327.4,1417021
2016-03-29 00:00:00,325,331,320.3,329.75,2005734
2016-03-30 00:00:00,331.4,339.55,331.4,338.25,1455310
2016-03-31 00:00:00,338.5,340.15,334.25,339.1,895578
2016-04-01 00:00:00,339,343,335.4,339.45,517494
2016-04-04 00:00:00,338.2,345.85,336.5,344.55,796436
2016-04-05 00:00:00,343.9,348,341.3,345.6,829255
2016-04-06 00:00:00,346.8,350,345.15,348.1,1075449
2016-04-07 00:00:00,346,348.4,338.45,339.3,1433323
2016-04-08 00:00:00,339,339,333.8,335.85,652937
2016-04-11 00:00:00,336.9,347.9,336.85,344.55,676453
2016-04-12 00:00:00,349.65,354,346.05,350.4,1549878
2016-04-13 00:00:00,353,360.3,348.4,352.85,1722232
2016-04-18 00:00:00,352.1,364.45,349.05,361.8,2020524
2016-04-20 00:00:00,365.8,379,363.25,373.8,2840312
2016-04-21 00:00:00,379.95,384.6,366.75,369.35,1769805
2016-04-22 00:00:00,369,374.65,363.6,371.65,748456
2016-04-25 00:00:00,374.9,375,369.25,373.6,751650
2016-04-26 00:00:00,372.5,373.95,366.4,371.85,993569
2016-04-27 00:00:00,371.7,377,367.3,371.5,648977
2016-04-28 00:00:00,371.5,372.9,366.1,369.55,1902333
2016-04-29 00:00:00,366,368.3,355,355.9,1099913
2016-05-02 00:00:00,357.7,368.95,355.95,367.65,966084
2016-05-03 00:00:00,367.1,369,357.4,360.1,963168
2016-05-04 00:00:00,358,364.05,357.25,360.05,1040577
2016-05-05 00:00:00,358.7,364.5,353.2,359.2,1448922
2016-05-06 00:00:00,357.6,368.1,353.8,365.45,1508866
2016-05-09 00:00:00,354.2,369.55,354.2,365.5,4231513
2016-05-10 00:00:00,362.7,372.65,361,371.85,1693745
2016-05-11 00:00:00,367.5,374.15,366.95,372,3445883
2016-05-12 00:00:00,372,378.45,370.6,374,1198216
2016-05-13 00:00:00,375.1,384.85,363.65,364.7,2542678
2016-05-16 00:00:00,366,369,363.5,364.85,2146484
2016-05-17 00:00:00,367,371.4,363.25,364.75,1457307
2016-05-18 00:00:00,364.1,368.75,362.1,365.25,1500718
2016-05-19 00:00:00,365.75,368.3,362.8,363.95,1203562
2016-05-20 00:00:00,366.95,369.45,363.8,366.05,1829681
2016-05-23 00:00:00,366.4,368.85,361,362.6,791265
2016-05-24 00:00:00,364.9,367.5,358.7,362.6,2006771
2016-05-25 00:00:00,363.15,366.4,358.65,364.55,1152110
2016-05-26 00:00:00,363.25,366.95,359,361.9,1578440
2016-05-27 00:00:00,363.9,363.9,359.1,360.45,804692
2016-05-30 00:00:00,361.1,365.6,354.25,363.55,2101717
2016-05-31 00:00:00,372.5,381.95,355.35,360.5,27065544
2016-06-01 00:00:00,359,364.25,356.4,359.25,1519865
2016-06-02 00:00:00,358.75,363,354.6,358.05,1144323
2016-06-03 00:00:00,359.4,361.65,353.2,355.35,1126862
2016-06-06 00:00:00,354.9,357.05,351.7,353,908115
2016-06-07 00:00:00,354.3,361.8,353.95,360.6,1181754
2016-06-08 00:00:00,361.75,365.5,357.5,362.05,1176799
2016-06-09 00:00:00,363,366.45,361.5,364.65,394763
2016-06-10 00:00:00,364.2,366.65,360.6,362,422023
2016-06-13 00:00:00,360,367,358.25,364.2,603739
2016-06-14 00:00:00,364.7,368.85,363.6,367.05,452856
2016-06-15 00:00:00,368.05,369.9,364.25,366.85,736622
2016-06-16 00:00:00,366,372.55,364.5,371.5,850822
2016-06-17 00:00:00,372.35,378,372,376.35,1834207
2016-06-20 00:00:00,375,378.3,371.1,376.6,1358070
2016-06-21 00:00:00,376.9,377.4,373.2,375.45,453254
2016-06-22 00:00:00,375.95,380.9,375.5,379.3,887946
2016-06-23 00:00:00,378.8,389.7,377.55,388.15,1066962
2016-06-24 00:00:00,382,400.5,378.05,390.45,2567589
2016-06-27 00:00:00,392,395.8,388.45,391.5,963785
2016-06-28 00:00:00,395,396,388.1,389.9,451122
2016-06-29 00:00:00,389,398,387.7,396.5,972222
2016-06-30 00:00:00,398,410.15,396,406.25,3607558
2016-07-01 00:00:00,413.8,413.8,404.15,405.85,881009
2016-07-04 00:00:00,408,409.9,404.3,405.25,359798
2016-07-05 00:00:00,398,407,398,401.9,608931
2016-07-07 00:00:00,402.9,404.7,401.2,402.85,442528
2016-07-08 00:00:00,402.1,405.9,397.75,401.45,332694
2016-07-11 00:00:00,405.2,407,401.6,402.65,896345
2016-07-12 00:00:00,404.15,408.45,398,406.05,602537
2016-07-13 00:00:00,406.15,407.4,401,404.8,996482
2016-07-14 00:00:00,408,416.8,406.3,414.9,1007303
2016-07-15 00:00:00,426.5,435,415.05,417.75,2849329
2016-07-18 00:00:00,422,422,391.5,413.8,613955
2016-07-19 00:00:00,413.9,415.35,409.5,413.25,614051
2016-07-20 00:00:00,409,417.4,407.2,412.1,537315
2016-07-21 00:00:00,412,414.3,406.25,409.2,316459
2016-07-22 00:00:00,410,412.15,405.7,409.7,562267
2016-07-25 00:00:00,411,416.5,409,412.75,704244
2016-07-26 00:00:00,414.5,419.35,411.2,414,675183
2016-07-27 00:00:00,414.3,416.4,407.2,411.7,529343
2016-07-28 00:00:00,411.7,432.5,410.55,426.6,1930303
2016-07-29 00:00:00,425.1,427.5,419.5,421.4,524658
2016-08-01 00:00:00,423.1,426,416.5,422.3,527565
2016-08-02 00:00:00,422.95,429,421.65,423.45,737731
2016-08-03 00:00:00,424.7,427,395.3,414.75,3494599
2016-08-04 00:00:00,410,411.65,398.1,408.2,1763216
2016-08-05 00:00:00,410,418.15,404.5,416.45,1055018
2016-08-08 00:00:00,420,422.2,415,419.7,616890
2016-08-09 00:00:00,405,421.75,405,420.1,813302
2016-08-10 00:00:00,420.1,420.1,402.35,403.95,915542
2016-08-11 00:00:00,404.8,405.95,398.45,400.35,1784058
2016-08-12 00:00:00,401.2,407.8,399.6,401.95,1055193
2016-08-16 00:00:00,402.15,407.9,392.5,404.55,985377
2016-08-17 00:00:00,404.85,409.9,401.1,404.65,902574
2016-08-18 00:00:00,405,407.8,397.1,398.15,745822
2016-08-19 00:00:00,400,403.35,394.15,402,1115131
2016-08-22 00:00:00,402.5,406.5,399.15,402.95,618307
2016-08-23 00:00:00,403,407.5,401.6,406.75,1353924
2016-08-24 00:00:00,406.9,410.35,401.6,404.15,568052
2016-08-25 00:00:00,405.45,408.1,392,395.1,1667694
2016-08-26 00:00:00,398.4,407.3,398.05,405.75,586830
2016-08-29 00:00:00,405.75,405.85,400.25,403.2,232134
2016-08-30 00:00:00,403.95,410.5,402.1,407.6,866952
2016-08-31 00:00:00,408,420.25,408,418.5,1679311
2016-09-01 00:00:00,419,424.2,411.25,413.5,771295
2016-09-02 00:00:00,415.8,420.1,415,418.35,653097
2016-09-06 00:00:00,419.15,440,419,437.45,1339453
2016-09-07 00:00:00,444,444.5,423.3,425.3,1104546
2016-09-08 00:00:00,425.4,434.9,423.35,432.85,990006
2016-09-09 00:00:00,434.2,434.2,422.1,423.95,975257
2016-09-12 00:00:00,420,420,410,411.3,994629
2016-09-14 00:00:00,414,418,406,414.55,1555042
2016-09-15 00:00:00,417.9,417.9,404.4,406.4,1551475
2016-09-16 00:00:00,408.5,410.8,403.2,407.6,1324334
2016-09-19 00:00:00,406,409.5,401.5,402.85,860013
2016-09-20 00:00:00,401,406.5,399.7,402.85,515849
2016-09-21 00:00:00,405.7,409.9,402.25,406.45,1052732
2016-09-22 00:00:00,409.85,417,408.55,414.4,1140943
2016-09-23 00:00:00,414,419,407.3,409,834603
2016-09-26 00:00:00,408.5,410.85,401.5,404.75,555483
2016-09-27 00:00:00,402,406.75,402,405.35,599703
2016-09-28 00:00:00,405,410.9,402,409.7,1071066
2016-09-29 00:00:00,413,413.95,391.05,393.15,1437151
2016-09-30 00:00:00,393.05,399.2,383.2,395.1,1517886
2016-10-03 00:00:00,398,408.55,395.1,406.6,1133074
2016-10-04 00:00:00,407.35,408.2,400.6,406.55,784343
2016-10-05 00:00:00,406.7,408.85,400.7,405.9,734681
2016-10-06 00:00:00,406.5,408.9,395.1,398.85,903119
2016-10-07 00:00:00,399.9,400.95,392.3,395.3,1412940
2016-10-10 00:00:00,395.3,408.6,395,403.7,1317724
2016-10-13 00:00:00,403.5,404.05,385.5,388.2,4769967
2016-10-14 00:00:00,392.4,392.4,380.15,385.25,3113531
2016-10-17 00:00:00,385.25,389,380.3,386.1,1651931
2016-10-18 00:00:00,389.9,390.9,385,390.1,864701
2016-10-19 00:00:00,391.1,393.35,385.95,388.4,1428598
2016-10-20 00:00:00,388.9,394,387.65,389.6,1130359
2016-10-21 00:00:00,390.1,392.9,377.15,379.4,997847
2016-10-24 00:00:00,381.65,381.65,372.65,377.55,1511482
2016-10-25 00:00:00,375,375.5,367.5,373.3,1613924
2016-10-26 00:00:00,372.1,380.45,367.35,375.55,1874976
2016-10-27 00:00:00,373,375.7,361.1,369.2,1476366
2016-10-28 00:00:00,370.45,376.7,368.55,373.55,1479061
2016-10-30 00:00:00,377.45,383.8,376,382.25,290336
2016-11-01 00:00:00,379.5,381.1,370.55,372.7,2554087
2016-11-02 00:00:00,371.5,384.3,369.15,377.6,2464297
2016-11-03 00:00:00,377.45,383.5,373.8,377.2,1629999
2016-11-04 00:00:00,377.2,378,360.05,369.05,5181261
2016-11-07 00:00:00,372.6,383.5,368,370.5,1702175
2016-11-08 00:00:00,372,374.6,364.8,371.15,725837
2016-11-09 00:00:00,334.05,356.25,315.5,348.8,6105180
2016-11-10 00:00:00,355.4,359.8,347.5,349.35,3548040
2016-11-11 00:00:00,342,343.2,323.85,334.95,2165568
2016-11-15 00:00:00,332,333.65,301.65,329.4,4023810
2016-11-16 00:00:00,333.5,338.1,313.15,320.3,1715484
2016-11-17 00:00:00,319.95,322,308.3,315.9,1965715
2016-11-18 00:00:00,319.3,319.5,299,303.3,5298478
2016-11-21 00:00:00,304,306.3,296.15,304.1,3322407
2016-11-22 00:00:00,306,311.7,300.65,306.9,1945517
2016-11-23 00:00:00,309,314,306.25,312.5,1250719
2016-11-24 00:00:00,311,314.7,306,307.55,2751768
2016-11-25 00:00:00,310.9,319.2,306.3,316.15,1285140
2016-11-28 00:00:00,316.95,318,303.75,306.55,1676934
2016-11-29 00:00:00,306,316.25,305.25,313.85,1450559
2016-11-30 00:00:00,314.45,328.55,311.45,323.5,3265106
2016-12-01 00:00:00,323,333.4,317.25,324.9,2650987
2016-12-02 00:00:00,320,328.2,307.15,313.2,2033226
2016-12-05 00:00:00,314.8,328.5,308,325.85,2844583
2016-12-06 00:00:00,325.8,327.25,321.05,323.5,1159353
2016-12-07 00:00:00,324.85,327.9,321.65,324.2,903190
2016-12-08 00:00:00,325.55,335.5,324.35,326.6,1684964
2016-12-09 00:00:00,326.2,330.7,322.7,326.55,648772
2016-12-12 00:00:00,325.3,330.85,317.2,321.7,819985
2016-12-13 00:00:00,322,327.9,318.4,320.05,894222
2016-12-14 00:00:00,318.9,325.2,318.3,322.15,1104507
2016-12-15 00:00:00,320.7,323.8,314.1,315.35,1010984
2016-12-16 00:00:00,316,322.8,315.2,321.7,1225800
2016-12-19 00:00:00,320.7,321.5,316.1,316.85,563223
2016-12-20 00:00:00,318,322.45,316.1,317.95,572858
2016-12-21 00:00:00,319.7,327.9,313,319.7,1494083
2016-12-22 00:00:00,318.7,322.9,308.4,309.8,2326292
2016-12-23 00:00:00,310.9,315.5,308.5,314.3,966581
2016-12-26 00:00:00,313,314.4,307.1,307.85,672698
2016-12-27 00:00:00,311,317,308.1,316.35,722421
2016-12-28 00:00:00,312.8,317.95,312.8,314.25,949474
2016-12-29 00:00:00,314.95,323.4,312.35,320.95,1462224
2016-12-30 00:00:00,322.6,328,321.7,326.8,498203
2017-01-02 00:00:00,328.95,336.3,325.5,333.95,656084
2017-01-03 00:00:00,341,354.6,339.15,348.15,2773103
2017-01-04 00:00:00,350.4,361.95,349.2,359.65,2371009
2017-01-05 00:00:00,360.5,361.5,355.45,358.05,1187872
2017-01-06 00:00:00,359,363,352.6,355.2,1089982
2017-01-09 00:00:00,355.95,357.35,351.6,354.6,388058
2017-01-10 00:00:00,355.25,363.45,354,361.45,680201
2017-01-11 00:00:00,363.5,365.45,359.1,360.75,1059399
2017-01-12 00:00:00,360.95,365.8,359.5,363.7,1138752
2017-01-13 00:00:00,363.35,366.45,355,358.35,701469
2017-01-16 00:00:00,358.4,364.6,357.05,362.85,577654
2017-01-17 00:00:00,362.85,364.5,358.3,359.95,1393756
2017-01-18 00:00:00,360.3,370.65,359.05,367,865079
2017-01-19 00:00:00,365.1,374.9,365.1,372.7,1091633
2017-01-20 00:00:00,371,371,358.25,360.7,829787
2017-01-23 00:00:00,356.9,364.95,356.9,363.95,768682
2017-01-24 00:00:00,369.5,369.9,361.8,364.35,883274
2017-01-25 00:00:00,366,378.45,361.75,372.15,2920137
2017-01-27 00:00:00,372,375.65,366.55,372.8,386491
2017-01-30 00:00:00,370,374,368.1,371.45,361868
2017-01-31 00:00:00,370.9,370.9,359.35,362.05,788682
2017-02-01 00:00:00,363.75,372.25,359,369.95,931350
2017-02-02 00:00:00,370.95,394.4,369,389.3,1863055
2017-02-03 00:00:00,389,389,377.5,379.75,719064
2017-02-06 00:00:00,385,397,383.15,391.05,1765785
2017-02-07 00:00:00,393.95,397,386.65,393.45,2246432
2017-02-08 00:00:00,410,431.55,406.35,425.6,12272324
2017-02-09 00:00:00,422.4,429.5,418.65,427,1899826
2017-02-10 00:00:00,427,435.4,423.75,432,1554723
2017-02-13 00:00:00,432,432,422.6,428.35,725350
2017-02-14 00:00:00,429.7,431.85,420.6,428.35,860400
2017-02-15 00:00:00,429.95,431.4,410.5,412.45,1647015
2017-02-16 00:00:00,408.55,426,408.55,424,1360235
2017-02-17 00:00:00,424,433.8,421.4,431.5,1184805
2017-02-20 00:00:00,431.9,438.4,426.45,434.45,1216989
2017-02-21 00:00:00,433.95,458.5,430.1,457.3,2381361
2017-02-22 00:00:00,457.2,458,438.5,440,2543124
2017-02-23 00:00:00,440.4,441.6,431,432.95,3737985
2017-02-27 00:00:00,433,438.55,425.75,435.35,891399
2017-02-28 00:00:00,434.95,439.9,432.65,437.2,995271
2017-03-01 00:00:00,438.1,442.6,435.65,438.15,602504
2017-03-02 00:00:00,441,446,428,430.45,1145833
2017-03-03 00:00:00,430.45,441,428.8,439.85,853988
2017-03-06 00:00:00,440.7,444,436.2,438.05,767048
2017-03-07 00:00:00,440,444.85,434.6,439.55,1118365
2017-03-08 00:00:00,439,443.7,435.25,440.95,727813
2017-03-09 00:00:00,442,447.5,438.05,442.25,998661
2017-03-10 00:00:00,441.25,447.25,440.25,445.3,798924
2017-03-14 00:00:00,450.05,463.7,447.4,462.2,1865638
2017-03-15 00:00:00,465,467,460.5,462.05,1372111
2017-03-16 00:00:00,463,470.6,462.6,465.8,885731
2017-03-17 00:00:00,465.95,467.8,459,463.5,1047995
2017-03-20 00:00:00,465.95,470,461.8,465.55,464420
2017-03-21 00:00:00,466.9,466.9,459.6,463.7,907074
2017-03-22 00:00:00,460,460,441.9,445.75,2027879
2017-03-23 00:00:00,449.6,454,446.15,452,1420121
2017-03-24 00:00:00,453.1,457.75,446.95,447.95,854519
2017-03-27 00:00:00,446,451,440.75,447.95,505757
2017-03-28 00:00:00,450,456,447.85,453.65,1419986
2017-03-29 00:00:00,455,456.55,451.1,455,502071
2017-03-30 00:00:00,455,462,453.6,457.3,1328990
2017-03-31 00:00:00,457.3,466.8,452.55,462.75,942301
2017-04-03 00:00:00,459.5,461.25,455.8,459.35,563933
2017-04-05 00:00:00,478,495.55,471,491.75,4809506
2017-04-06 00:00:00,490,490.9,483.05,487.4,1996260
2017-04-07 00:00:00,489,492.35,483.6,485.4,1100640
2017-04-10 00:00:00,484.75,490,483.05,485.75,1439403
2017-04-11 00:00:00,487,489.2,482.3,486.75,1020639
2017-04-12 00:00:00,485,491.15,473.6,479.8,2040706
2017-04-13 00:00:00,478,485.95,475.05,484.15,410747
2017-04-17 00:00:00,484.4,495.45,476.35,481.25,1888968
2017-04-18 00:00:00,477.4,484.65,468.05,471.2,921112
2017-04-19 00:00:00,473.3,474.9,469.05,472.25,737073
2017-04-20 00:00:00,474.4,482.25,468.4,479.5,1055041
2017-04-21 00:00:00,481,486.25,476.55,479.4,685339
2017-04-24 00:00:00,476,485.25,475.25,482.35,831740
2017-04-25 00:00:00,483.5,485.3,477.15,483.65,1815460
2017-04-26 00:00:00,484.2,490,475,479.8,1227056
2017-04-27 00:00:00,479.3,483.55,477.15,478.3,986347
2017-04-28 00:00:00,478.6,481.75,468.2,470.25,681325
2017-05-02 00:00:00,471.45,486.6,470.5,485.1,1181816
2017-05-03 00:00:00,485,490.5,480.6,483.4,1510792
2017-05-04 00:00:00,483,496.45,480.5,492.65,1070973
2017-05-05 00:00:00,496.5,504.8,489.35,491.2,1348432
2017-05-08 00:00:00,490.1,495.5,482.95,484.55,635599
2017-05-09 00:00:00,481.9,485,464.3,467.15,1883022
2017-05-10 00:00:00,468.5,484,465.35,482.4,1731571
2017-05-11 00:00:00,482.15,503,478.1,501.15,1951787
2017-05-12 00:00:00,504.7,506.15,491.2,495,1383268
2017-05-15 00:00:00,489.65,490,472.4,483.65,3897357
2017-05-16 00:00:00,486,491,480.8,488.3,1308863
2017-05-17 00:00:00,490,490.1,477.3,481.75,859054
2017-05-18 00:00:00,479,482.6,470.05,471.65,811219
2017-05-19 00:00:00,475,479.5,460.35,471.15,1022479
2017-05-22 00:00:00,474,483.75,472.2,481.4,1725108
2017-05-23 00:00:00,478.65,485.6,472.95,478.35,1651642
2017-05-24 00:00:00,474.25,478.95,460.1,469.2,1477366
2017-05-25 00:00:00,471.1,471.85,461,463.9,974154
2017-05-26 00:00:00,464.8,477.95,462.9,473.45,1594613
2017-05-29 00:00:00,471.8,494.15,469,470.65,2314193
2017-05-30 00:00:00,470,471,462.45,469.8,1496350
2017-05-31 00:00:00,469.4,480,467.55,474.9,1366115
2017-06-01 00:00:00,475.95,476.45,465.3,470.7,715073
2017-06-02 00:00:00,472.7,474.6,467,471.75,596655
2017-06-05 00:00:00,511,569.2,505,551.85,27100101
2017-06-06 00:00:00,547,547.1,521.4,527.15,9844354
2017-06-07 00:00:00,528,547,528,536.2,4874204
2017-06-08 00:00:00,535,536.2,524.1,529.1,1883423
2017-06-09 00:00:00,529.95,529.95,521.95,525.45,1164090
2017-06-12 00:00:00,541.9,541.9,513.3,515.8,4546833
2017-06-13 00:00:00,516.1,524.8,511.4,520.55,2382953
2017-06-14 00:00:00,520.5,524.1,514,521.9,1167358
2017-06-15 00:00:00,520,524,516.2,517.65,855133
2017-06-16 00:00:00,516,520.8,511.8,516.4,667200
2017-06-19 00:00:00,515.25,518,511.2,515.2,782349
2017-06-20 00:00:00,514,530.85,512.05,526.7,2299154
2017-06-21 00:00:00,526.4,529.85,518.65,523.1,1357751
2017-06-22 00:00:00,523,528.8,516.45,519.9,1005512
2017-06-23 00:00:00,520.85,521,507.65,513.3,1392507
2017-06-27 00:00:00,510.1,520.2,506.5,516,1386743
2017-06-28 00:00:00,516.4,516.6,500.6,507.3,1545428
2017-06-29 00:00:00,510,518.6,507.7,509.6,1911111
2017-06-30 00:00:00,508.95,525.6,503.25,524.45,1156474
2017-07-03 00:00:00,536.05,537,527.5,532.4,1304851
2017-07-04 00:00:00,533.5,539,526,535.55,1624088
2017-07-05 00:00:00,539.25,540,530.2,531.8,894627
2017-07-06 00:00:00,532,536.5,528.1,533.95,1428440
2017-07-07 00:00:00,533.95,538.9,529,532.5,1724825
2017-07-10 00:00:00,540.05,540.05,523.2,536.75,511607
2017-07-11 00:00:00,537,537.9,526.3,528.7,960330
2017-07-12 00:00:00,532,534.85,528.25,530.8,855127
2017-07-13 00:00:00,525.4,537,525,534.15,1059461
2017-07-14 00:00:00,538,541.9,532.1,533.65,1131348
2017-07-17 00:00:00,535.5,538.75,531.25,533.75,1312136
2017-07-18 00:00:00,530,536.8,526.7,527.75,1387108
2017-07-19 00:00:00,528.8,535.15,527.5,533.05,841355
2017-07-20 00:00:00,531,535.65,528.4,529.8,590904
2017-07-21 00:00:00,531.7,545.5,530.3,543.2,1146931
2017-07-24 00:00:00,545.3,546.95,535.6,538.15,1120371
2017-07-25 00:00:00,540,542.7,534.55,536.15,722277
2017-07-26 00:00:00,535.2,541,533.2,537.9,817433
2017-07-27 00:00:00,537.9,539.7,524.4,527.45,1803847
2017-07-28 00:00:00,527,535,525.85,533.15,678345
2017-07-31 00:00:00,533.8,546.6,528.85,544.25,1113439
2017-08-01 00:00:00,546.5,549.9,538.1,539.35,1346764
2017-08-02 00:00:00,541.9,555.55,538.5,552.8,1469268
2017-08-03 00:00:00,555.8,565.4,546.65,558.05,4333554
2017-08-04 00:00:00,565.05,616.35,564.8,611.2,14943128
2017-08-07 00:00:00,608,618.4,602.1,614.85,2467527
2017-08-08 00:00:00,607.25,615.8,604,609.4,1891037
2017-08-09 00:00:00,611,627.4,606,619.15,4440491
2017-08-10 00:00:00,616.9,618.85,601.6,610.35,1378763
2017-08-11 00:00:00,604,617.5,601.9,607,1482422
2017-08-14 00:00:00,611,636.65,611,630.4,2945005
2017-08-16 00:00:00,633.5,638.3,618.85,627.7,2075867
2017-08-17 00:00:00,629.6,631.55,619.2,621.5,938044
2017-08-18 00:00:00,621.5,630.4,616.6,623.5,1401428
2017-08-21 00:00:00,623.65,630,613,615.5,1009586
2017-08-22 00:00:00,617.1,627.25,610.1,615.1,1367266
2017-08-23 00:00:00,619.95,620.2,602.2,607.5,2030608
2017-08-24 00:00:00,609.05,614.25,603.5,606.8,1115671
2017-08-28 00:00:00,603.7,614.85,600.05,612.25,1284579
2017-08-29 00:00:00,610,613.8,598.65,600.45,1078030
2017-08-30 00:00:00,608.45,614.85,604,611.6,977962
2017-08-31 00:00:00,610,621,607.95,617.1,1816689
2017-09-01 00:00:00,618.9,619.95,610.2,613.5,517606
2017-09-04 00:00:00,610,620,606.5,612.25,539333
2017-09-05 00:00:00,613,642,609.7,638.85,3636744
2017-09-06 00:00:00,636.9,651,635.05,640.8,3288264
2017-09-07 00:00:00,641.9,645.2,629.25,637,1507721
2017-09-08 00:00:00,645,646,631,633.4,1688468
2017-09-11 00:00:00,637,638.6,631.9,632.95,738301
2017-09-12 00:00:00,634.9,640.75,632.25,637.9,1102076
2017-09-13 00:00:00,638,648.3,627.7,630.3,1346590
2017-09-14 00:00:00,630.5,636.95,628.35,633.55,703116
2017-09-15 00:00:00,629.9,633.2,622.65,632.15,1067596
2017-09-18 00:00:00,635.1,650.5,627.95,646.1,1409213
2017-09-19 00:00:00,654.05,654.2,640,641.55,1232251
2017-09-20 00:00:00,640,645.9,628.35,630.8,1305505
2017-09-21 00:00:00,631.6,638.2,615.9,618.55,1388073
2017-09-22 00:00:00,617.55,617.55,600,602.3,982598
2017-09-25 00:00:00,603.7,611.45,584.8,602.15,1003871
2017-09-26 00:00:00,606.9,606.9,588.05,592.25,824136
2017-09-27 00:00:00,602.3,603,586.05,590,1073002
2017-09-28 00:00:00,591,591,571,575.65,1802129
2017-09-29 00:00:00,581.85,587.15,563.65,584.55,3138820
2017-10-03 00:00:00,588,601.8,588,600.05,1797702
2017-10-04 00:00:00,603.45,608.5,598.65,600.9,1262109
2017-10-05 00:00:00,602.9,603.75,594.3,595.75,656926
2017-10-06 00:00:00,599.95,604.95,594.9,596.6,911164
2017-10-09 00:00:00,620,630.4,612.55,616.15,2467158
2017-10-10 00:00:00,619.75,621.3,613.7,615.85,784162
2017-10-11 00:00:00,619.35,623.7,607.6,610.6,1166347
2017-10-12 00:00:00,615,626.5,607.85,623.45,2285154
2017-10-13 00:00:00,625,633.5,621,625.15,1652696
2017-10-16 00:00:00,622.05,631,622.05,627.45,730725
2017-10-17 00:00:00,630.9,631.95,624,625.75,707951
2017-10-18 00:00:00,625.8,626.7,611,612.9,789926
2017-10-19 00:00:00,614,614.9,601,606.95,162721
2017-10-23 00:00:00,601.5,607.95,594.9,604.05,930435
2017-10-24 00:00:00,604,611.45,600.1,606.05,538189
2017-10-25 00:00:00,610,613.25,589.35,590.75,1096069
2017-10-26 00:00:00,587,598.55,582.1,584.65,1708870
2017-10-27 00:00:00,586.1,592.1,583.6,590.05,1201819
2017-10-30 00:00:00,589.2,622,589.2,618.3,1375701
2017-10-31 00:00:00,624,639.5,621.3,635.25,1884635
2017-11-01 00:00:00,640,643.15,634.5,637.45,966894
2017-11-02 00:00:00,635.05,661.8,635.05,655.15,1680690
2017-11-03 00:00:00,664,668,652,659.75,2416963
2017-11-06 00:00:00,725.7,824.65,725.7,783.7,21820434
2017-11-07 00:00:00,778,779.8,748.5,753.8,5830428
2017-11-08 00:00:00,757.55,761.45,738.95,743.3,2994196
2017-11-09 00:00:00,740.2,779.7,740.2,777.9,5216016
2017-11-10 00:00:00,769.15,791.9,766.6,782.05,3225337
2017-11-13 00:00:00,780,790.55,762.3,765.1,1082635
2017-11-14 00:00:00,765,783.45,757.65,774.3,1514814
2017-11-15 00:00:00,745,778.5,745,771.05,1512882
2017-11-16 00:00:00,771.2,777.65,765.9,768.3,794968
2017-11-17 00:00:00,778.4,798,774.5,786.3,2404092
2017-11-20 00:00:00,791.1,793.4,778,783.95,1244897
2017-11-21 00:00:00,789,819.45,788.25,815.45,4969028
2017-11-22 00:00:00,820,827,810.15,813.15,4216518
2017-11-23 00:00:00,815,820.5,794.45,805.9,1689989
2017-11-24 00:00:00,806.95,831.8,796.75,829.3,2744733
2017-11-27 00:00:00,838.9,838.9,825.3,832.6,3544024
2017-11-28 00:00:00,832,833,815,818.1,1748906
2017-11-29 00:00:00,820,828.45,813,818.1,1660305
2017-11-30 00:00:00,812,822.9,808.1,818.9,2808579
2017-12-01 00:00:00,821,825.7,798.5,805.25,1562677
2017-12-04 00:00:00,805.15,813.85,798,804.55,1291369
2017-12-05 00:00:00,808.75,810,786.6,792.6,1136767
2017-12-06 00:00:00,790.95,795.35,770,773.6,1742133
2017-12-07 00:00:00,775,807,773.6,800.6,2085106
2017-12-08 00:00:00,795.25,821.35,795.25,810.95,2844071
2017-12-11 00:00:00,813,824.95,811,820.6,1788914
2017-12-12 00:00:00,820.25,831.6,814.2,822.4,2325014
2017-12-13 00:00:00,821.5,844.25,811.85,818.95,3127944
2017-12-14 00:00:00,820,828,805.1,816.25,3020320
2017-12-15 00:00:00,826.25,836,818.5,832.85,2015120
2017-12-18 00:00:00,830,846.35,802,840.1,1698653
2017-12-19 00:00:00,845,871,843.1,868.35,3308280
2017-12-20 00:00:00,869.35,872,861.3,862.95,1105619
2017-12-21 00:00:00,862.9,866.45,854.95,858.45,897152
2017-12-22 00:00:00,859,868.6,853.9,856.85,1381784
2017-12-26 00:00:00,857,863.9,852.55,854.8,1467917
2017-12-27 00:00:00,856.4,860.2,842,849.05,735296
2017-12-28 00:00:00,849.85,856.35,840.6,851.7,980277
2017-12-29 00:00:00,854.5,863.75,851.4,858.15,1245513
2018-01-01 00:00:00,857.7,862.05,851.05,852.45,472607
2018-01-02 00:00:00,854.1,858.45,840.6,845.15,1181949
2018-01-03 00:00:00,863.9,869.4,853,856.3,2606556
2018-01-04 00:00:00,864.4,897.45,853.1,892.9,3028931
2018-01-05 00:00:00,895,913.95,893.5,909.7,4036882
2018-01-08 00:00:00,911,930,906.75,926.1,2112170
2018-01-09 00:00:00,925,938.5,917.25,932.95,2419079
2018-01-10 00:00:00,932.5,935.4,911.9,917.6,1605433
2018-01-11 00:00:00,916.9,917.7,903.3,906.9,1597329
2018-01-12 00:00:00,906,917.4,892.45,903.8,1874518
2018-01-15 00:00:00,909,921.9,897.7,918.25,2195562
2018-01-16 00:00:00,927,927.5,882.6,889.4,2383484
2018-01-17 00:00:00,892.8,895.55,862.5,893.1,2553841
2018-01-18 00:00:00,897.75,903.6,875,885.85,1285534
2018-01-19 00:00:00,879.1,897.55,879.1,891.45,1483177
2018-01-22 00:00:00,890,912,887.1,909.75,1495629
2018-01-23 00:00:00,910.7,914.7,898.3,905.7,1747166
2018-01-24 00:00:00,905.7,909.25,881,886.9,1109233
2018-01-25 00:00:00,882,905.3,876.75,884.1,3104669
2018-01-29 00:00:00,887.4,901.5,880.5,896.2,1151570
2018-01-30 00:00:00,899.25,911.6,878.35,884.15,2101888
2018-01-31 00:00:00,883,884.95,859.4,869.55,1431670
2018-02-01 00:00:00,877.5,879.1,812.75,831,6097492
2018-02-02 00:00:00,810,849.75,784.15,822.2,8088986
2018-02-05 00:00:00,810,816.75,795.2,802.3,3079541
2018-02-06 00:00:00,765,788.4,752.7,782.65,3188895
2018-02-07 00:00:00,785,801,780,783.65,2686877
2018-02-08 00:00:00,785.1,808.9,780.8,800.75,2219546
2018-02-09 00:00:00,790.1,804,783.05,796.8,1564899
2018-02-12 00:00:00,803,812.8,796.55,809.05,2067452
2018-02-14 00:00:00,814,825.9,809.1,813.7,2154852
2018-02-15 00:00:00,822.7,823.3,800,814.85,2225089
2018-02-16 00:00:00,820,826.9,798.65,803.2,1698333
2018-02-19 00:00:00,805,809,790,803.95,1699508
2018-02-20 00:00:00,803.95,837.9,797.65,832.25,3881439
2018-02-21 00:00:00,837.95,841.5,818.75,822.9,2067029
2018-02-22 00:00:00,825,836,814.05,817.5,3244314
2018-02-23 00:00:00,822.2,823.6,810.25,814.2,2446637
2018-02-26 00:00:00,819.95,823.35,805,819.7,2438241
2018-02-27 00:00:00,825,835.7,819.25,822.6,2089446
2018-02-28 00:00:00,819.8,825.9,810.4,816.15,1583674
2018-03-01 00:00:00,814,822.3,808,810.2,975986
2018-03-05 00:00:00,810,814.85,801,808.9,1262568
2018-03-06 00:00:00,812.5,823.2,799.05,807.65,1358775
2018-03-07 00:00:00,806,820.1,800.2,814.85,1826249
2018-03-08 00:00:00,820,822.3,808.05,817.7,1109489
2018-03-09 00:00:00,820,827.6,815.5,819.1,1061685
2018-03-12 00:00:00,824,831.6,822.4,829.1,1033715
2018-03-13 00:00:00,836,860,830,851.95,2754435
2018-03-14 00:00:00,851,867.85,849.95,865,1889040
2018-03-15 00:00:00,864.9,875.75,860,872.5,2486538
2018-03-16 00:00:00,879,883.4,862.1,879.25,2538310
2018-03-19 00:00:00,879.7,891.85,864,869,2536517
2018-03-20 00:00:00,867,880,860.1,871.75,1985478
2018-03-21 00:00:00,875,884.7,869.6,872.25,1859947
2018-03-22 00:00:00,873,892,872.25,887.55,3186401
2018-03-23 00:00:00,874.1,900,872.85,895.05,4132765
2018-03-26 00:00:00,896.45,949.8,896.45,939.05,5918775
2018-03-27 00:00:00,948.45,949.5,932.35,942.4,2756923
2018-03-28 00:00:00,938.2,964,918,942.3,11431588
2018-04-02 00:00:00,943.1,948.5,926.3,944.1,2764385
2018-04-03 00:00:00,944.9,951.7,924.55,931.95,2454365
2018-04-04 00:00:00,939.7,939.7,902,904.35,2930774
2018-04-05 00:00:00,915,924,902.65,920.05,4148653
2018-04-06 00:00:00,922,946,908.05,940.3,2819200
2018-04-09 00:00:00,950,971.8,947.05,960.65,5116819
2018-04-10 00:00:00,964.85,968.9,953.1,962.25,2434826
2018-04-11 00:00:00,967,981.4,958.1,979.95,3452488
2018-04-12 00:00:00,982.25,993,971.35,976.05,4379096
2018-04-13 00:00:00,986.05,994.8,980.5,987.15,3311755
2018-04-16 00:00:00,986,991.9,973.3,980.5,2247785
2018-04-17 00:00:00,985,999,974.1,997.6,2983704
2018-04-18 00:00:00,999.7,999.7,975.1,977.1,2621345
2018-04-19 00:00:00,978.5,983,949.2,952.75,3347181
2018-04-20 00:00:00,950,965.4,947.05,956.55,2201052
2018-04-23 00:00:00,960,973.2,948.6,962.95,2295872
2018-04-24 00:00:00,966,971.3,954.25,961.95,1473491
2018-04-25 00:00:00,961.75,968,955.1,960.85,1385599
2018-04-26 00:00:00,963.5,972.45,955,969.5,1859223
2018-04-27 00:00:00,972,978,963.6,970,1049687
2018-04-30 00:00:00,970.5,984.9,968,981.8,1083840
2018-05-02 00:00:00,981.95,985.45,960.4,964.5,1027474
2018-05-04 00:00:00,961,966,952.35,958.1,958663
2018-05-07 00:00:00,962,980.9,957.3,968.95,1987395
2018-05-08 00:00:00,978.95,978.95,963,968.1,1979745
2018-05-09 00:00:00,974.9,995.6,971,985.7,4201827
2018-05-10 00:00:00,991.4,993.85,965.55,973.1,3434978
2018-05-11 00:00:00,990,991.85,952,956.05,5712581
2018-05-14 00:00:00,960,962,917.05,920,3754208
2018-05-15 00:00:00,925,944.45,909.25,931,3154028
2018-05-16 00:00:00,928,939.5,915.85,931.15,1923381
2018-05-17 00:00:00,935.85,949,927.7,936.5,2895005
2018-05-18 00:00:00,937,945.85,930.3,939.95,2574768
2018-05-21 00:00:00,940.6,944.5,912.75,915.25,1233987
2018-05-22 00:00:00,915,930.85,904.05,914.2,2086584
2018-05-23 00:00:00,914.2,923,908.1,920.1,1938630
2018-05-24 00:00:00,923,926.8,913.95,921.3,1209456
2018-05-25 00:00:00,923.35,938.6,915.1,924.4,1700500
2018-05-28 00:00:00,928,935.6,917.5,928.9,1139544
2018-05-29 00:00:00,929,930.5,912,914.5,999806
2018-05-30 00:00:00,906,919,897.2,913.6,1911011
2018-05-31 00:00:00,918.7,924,890.15,900.1,4903734
2018-06-01 00:00:00,907.5,912.35,898,900,1392273
2018-06-04 00:00:00,906,907.95,881.6,885.35,1529852
2018-06-05 00:00:00,885,886.45,858.2,863.95,2948255
2018-06-06 00:00:00,860.1,904,853.3,899.45,2854320
2018-06-07 00:00:00,902.1,906.7,884.2,887.15,2875636
2018-06-08 00:00:00,887.15,898,880.4,896,1672490
2018-06-11 00:00:00,897,914,896,903.35,2032601
2018-06-12 00:00:00,903.45,911,901.1,904.7,1426736
2018-06-13 00:00:00,906.7,926.8,905,918.15,2933810
2018-06-14 00:00:00,918.15,921.35,903.25,905.25,2004165
2018-06-15 00:00:00,910.8,916.9,898.5,903.45,2364375
2018-06-18 00:00:00,904,905.25,891.7,897.7,1309586
2018-06-19 00:00:00,896,896.45,886,889,1833168
2018-06-20 00:00:00,892,897,880.5,888.35,1850681
2018-06-21 00:00:00,894,894.8,866,868.4,1274479
2018-06-22 00:00:00,870.7,881.75,859,877.55,2183928
2018-06-25 00:00:00,878,885.3,862,864,1217765
2018-06-26 00:00:00,863.9,874.5,862,872.15,1801638
2018-06-27 00:00:00,872,879.5,867,869.65,2037781
2018-06-28 00:00:00,868,868,830,836.35,9824968
2018-06-29 00:00:00,826.05,881.8,826.05,878.5,4960179
2018-07-02 00:00:00,883.1,906.9,870.15,897.4,3353006
2018-07-03 00:00:00,890.2,902.8,883.8,893.2,2770123
2018-07-04 00:00:00,893.25,899.35,882.5,886.55,1104449
2018-07-05 00:00:00,869.6,870.75,833.25,838,6128988
2018-07-06 00:00:00,838,848.5,813,829.65,6884175
2018-07-09 00:00:00,834.9,836.3,817.65,821.8,4098360
2018-07-10 00:00:00,823,840,822.4,832.85,2670508
2018-07-11 00:00:00,833.15,833.15,805.6,809.5,2909483
2018-07-12 00:00:00,816.35,823.25,804,808.45,2832418
2018-07-13 00:00:00,813,842,799.65,838.7,4995028
2018-07-16 00:00:00,839,844.1,816.1,831.2,3256321
2018-07-17 00:00:00,831.4,855.2,826,845.15,2849218
2018-07-18 00:00:00,848,856.1,838.1,846.2,2660188
2018-07-19 00:00:00,851.9,874.8,847.05,869.85,3924410
2018-07-20 00:00:00,869,876.6,857.4,860.4,2048572
2018-07-23 00:00:00,859,866,845.2,858.75,1334621
2018-07-24 00:00:00,859,870.9,851.5,861.65,2015425
2018-07-25 00:00:00,868,871.6,853,865.9,1453640
2018-07-26 00:00:00,869.95,869.95,850.5,854.5,1167616
2018-07-27 00:00:00,859.95,894.5,852.2,884.1,3210162
2018-07-30 00:00:00,882.8,903,880.8,892.05,2418684
2018-07-31 00:00:00,893,914,886.4,912.35,2165312
2018-08-01 00:00:00,915,920.5,905.3,917.35,1818993
2018-08-02 00:00:00,915,933.6,909.25,921.5,2313020
2018-08-03 00:00:00,930,942,902.2,919.2,9358677
2018-08-06 00:00:00,928.7,939.1,896.75,901.65,3763151
2018-08-07 00:00:00,904.65,931.9,898.7,927.25,4450697
2018-08-08 00:00:00,929.1,936.5,921,935,2163746
2018-08-09 00:00:00,934.8,934.8,909.3,915.3,2536080
2018-08-10 00:00:00,915,932,913,920.1,2105317
2018-08-13 00:00:00,915,924,910.55,913.65,1316517
2018-08-14 00:00:00,914.2,927,914.05,925.6,1404450
2018-08-16 00:00:00,924,929,917,919.45,1196749
2018-08-17 00:00:00,924.9,945,921.55,941.55,2697290
2018-08-20 00:00:00,942,943.5,914.15,921.7,2529831
2018-08-21 00:00:00,924.65,927.95,905.8,916.3,2531200
2018-08-23 00:00:00,925,926.4,907.1,911.9,1571386
2018-08-24 00:00:00,912.4,915.9,882.5,885.35,3218302
2018-08-27 00:00:00,894,900,887.1,890.9,1789147
2018-08-28 00:00:00,895,897.75,871.55,888.3,3563757
2018-08-29 00:00:00,888,895.6,876.5,882.8,1863018
2018-08-30 00:00:00,884.45,891,876,878.35,1758855
2018-08-31 00:00:00,881,894.8,877.1,891.9,1677232
2018-09-03 00:00:00,896.85,921.35,891.15,912.75,4972521
2018-09-04 00:00:00,917,928.4,877.1,880.9,3880086
2018-09-05 00:00:00,875.1,882.4,851.65,863.9,2990706
2018-09-06 00:00:00,871,883.5,858.1,867.15,2399973
2018-09-07 00:00:00,871,876,861.05,867.45,1297983
2018-09-10 00:00:00,864,868,850,857.55,1576682
2018-09-11 00:00:00,860,860.9,815.8,820.75,4918816
2018-09-12 00:00:00,817,838.35,790.15,826.45,6728840
2018-09-14 00:00:00,838,852,829.25,842.6,3329172
2018-09-17 00:00:00,834.8,838,816.7,823.45,2843632
2018-09-18 00:00:00,819,843.95,818.65,824.9,3331397
2018-09-19 00:00:00,812.5,829.8,786.1,823.6,5347338
2018-09-21 00:00:00,834.2,836.65,779.2,800.6,4259892
2018-09-24 00:00:00,801.8,805,773.35,791.1,3244812
2018-09-25 00:00:00,791,814.3,778.15,796.85,3150095
2018-09-26 00:00:00,812,820,802.15,814.7,4080359
2018-09-27 00:00:00,833.6,843.65,815.5,821.45,7668506
2018-09-28 00:00:00,823.1,831.15,794.35,805.6,3145969
2018-10-01 00:00:00,800,814.4,782,809.75,2445752
2018-10-03 00:00:00,811.5,813,791.2,794.5,3478716
2018-10-04 00:00:00,785,797.5,760.3,776.7,4579535
2018-10-05 00:00:00,788.25,815.7,784,792.1,7398167
2018-10-08 00:00:00,792,819,774.7,813.55,3961739
2018-10-09 00:00:00,818.95,820.95,732.3,749.5,8683946
2018-10-10 00:00:00,746,796.35,740,788.55,7285084
2018-10-11 00:00:00,764,798,754.55,778.9,3766505
2018-10-12 00:00:00,784,809.75,777.1,805.15,4322158
2018-10-15 00:00:00,805.2,812,788.75,807.2,2234430
2018-10-16 00:00:00,811,819.65,808,810.6,2347048
2018-10-17 00:00:00,817.1,823.3,792.55,800.1,2975579
2018-10-19 00:00:00,810,810,782.5,788.7,2892515
2018-10-22 00:00:00,793.4,795.9,773.2,774.8,2766247
2018-10-23 00:00:00,771.9,787,766.15,778.2,2239883
2018-10-24 00:00:00,785.35,794.8,772.25,791.6,2060580
2018-10-25 00:00:00,785,796,777.8,791.25,1681346
2018-10-26 00:00:00,790,820,786.65,806.9,3738778
2018-10-29 00:00:00,813,834.45,807.65,829.75,2473393
2018-10-30 00:00:00,829,841.4,819.4,830.5,1876874
2018-10-31 00:00:00,837.5,847.9,818.5,844.6,2435865
2018-11-01 00:00:00,844.6,862.9,834.4,854.45,2485725
2018-11-02 00:00:00,860,884,857.9,871,3078543
2018-11-05 00:00:00,870,872.4,856.55,863.7,1903690
2018-11-06 00:00:00,869,877.6,840.2,846.25,2504504
2018-11-07 00:00:00,855,855.95,847.6,850.15,331169
2018-11-09 00:00:00,855,865,844,847.65,3528039
2018-11-12 00:00:00,857,901.5,843.2,894.75,13985301
2018-11-13 00:00:00,889.2,899.65,879.1,897.5,4432001
2018-11-14 00:00:00,897.05,897.5,883,892.2,2606605
2018-11-15 00:00:00,892.25,924,889,920.8,4711756
2018-11-16 00:00:00,921,928.7,912.7,921.35,2769698
2018-11-19 00:00:00,922,927,915.05,920.55,2104102
2018-11-20 00:00:00,919,925.2,908.85,915.45,1540046
2018-11-21 00:00:00,917.5,929.9,909.55,926.55,1855760
2018-11-22 00:00:00,929,933.4,911.8,915.75,1617491
2018-11-26 00:00:00,913.1,920.5,892.6,916.4,2116814
2018-11-27 00:00:00,914,918,906,914.3,1126278
2018-11-28 00:00:00,916,931,915,922.95,2434110
2018-11-29 00:00:00,929.05,933.9,913,931.4,1991914
2018-11-30 00:00:00,929.95,931,918,927.1,2738673
2018-12-03 00:00:00,932.55,939.8,920.5,936.25,2044427
2018-12-04 00:00:00,935,940.15,921.5,923.8,1424621
2018-12-05 00:00:00,921,925.65,901.55,920.25,3020688
2018-12-06 00:00:00,913,920,902,905.75,1425935
2018-12-07 00:00:00,911,921.45,893.3,916.6,2750589
2018-12-10 00:00:00,905,916,898,907.1,1508069
2018-12-11 00:00:00,899,936.95,894.15,933.15,2792386
2018-12-12 00:00:00,937.5,938.1,921,929.95,3256275
2018-12-13 00:00:00,932.1,961.25,924.25,944.15,4821052
2018-12-14 00:00:00,943.65,951.7,928.45,931.5,2558651
2018-12-17 00:00:00,931.75,937.2,925.4,935.3,2284630
2018-12-18 00:00:00,932.5,938.75,930.8,933,2222788
2018-12-19 00:00:00,933.1,941.55,927.5,929.2,2237859
2018-12-20 00:00:00,928,933,922.2,926.75,1630740
2018-12-21 00:00:00,927.85,927.85,897.25,900.05,2972085
2018-12-24 00:00:00,900.1,902.8,874,879.85,2554749
2018-12-26 00:00:00,879,900,868.2,889.15,3840772
2018-12-27 00:00:00,896,897.8,881.5,887.65,2160188
2018-12-28 00:00:00,904,925.75,898.8,922.7,8067914
2018-12-31 00:00:00,926,939.5,920.35,931,4917511
2019-01-01 00:00:00,931.75,934.2,923,928,2064502
2019-01-02 00:00:00,923.3,937,923.3,932.15,2672587
2019-01-03 00:00:00,936,944.95,928,931.2,3292918
2019-01-04 00:00:00,934,938.9,920.2,928.45,2340304
2019-01-07 00:00:00,950,964,934.1,944.05,5337211
2019-01-08 00:00:00,944.2,950,938.55,946.15,2039160
2019-01-09 00:00:00,949,955.35,945.35,952.95,2115974
2019-01-10 00:00:00,950.4,969.4,948.55,966.7,2450895
2019-01-11 00:00:00,965.25,969.5,956.8,959.3,1535995
2019-01-14 00:00:00,958,961.35,949,957.5,864306
2019-01-15 00:00:00,956,970.7,955.1,968.3,1452136
2019-01-16 00:00:00,965.3,970.4,959.3,961.2,1118736
2019-01-17 00:00:00,961.35,965,951.55,961.55,1303576
2019-01-18 00:00:00,961.55,965,954.05,960.95,1168989
2019-01-21 00:00:00,960.1,965.8,957,962.75,1035360
2019-01-22 00:00:00,962.15,986.4,958.7,982.65,2797244
2019-01-23 00:00:00,987.4,987.4,957.6,962.15,1574247
2019-01-24 00:00:00,960.2,972.3,955.9,969.65,1246903
2019-01-25 00:00:00,972,984,969.15,978,1985833
2019-01-28 00:00:00,978,981.2,955.2,958.65,1499181
2019-01-29 00:00:00,955.2,970,945,966.1,1411027
2019-01-30 00:00:00,966.1,974.95,960.05,968.9,1468812
2019-01-31 00:00:00,968.2,1000,966.5,995.8,2306391
2019-02-01 00:00:00,1003,1005,985.1,991.55,3424938
2019-02-04 00:00:00,1025,1050,1009.05,1025.75,9556052
2019-02-05 00:00:00,1026.95,1074,1020,1066.7,7144200
2019-02-06 00:00:00,1066,1072,1050.5,1059.05,2449722
2019-02-07 00:00:00,1059.8,1067.05,1050,1056.8,1293109
2019-02-08 00:00:00,1058.5,1076.85,1047.6,1053.25,2576054
2019-02-11 00:00:00,1059,1063.5,1045.2,1056.4,1057548
2019-02-12 00:00:00,1058,1073.95,1050.1,1066.25,3075801
2019-02-13 00:00:00,1068.3,1071.25,1047.8,1050.95,1185932
2019-02-14 00:00:00,1063.95,1063.95,1030.5,1042.25,2182379
2019-02-15 00:00:00,1035,1052,1016.8,1039,2566210
2019-02-18 00:00:00,1040.1,1040.65,1021.3,1027.35,1023065
2019-02-19 00:00:00,1030.45,1049.8,1025.3,1028.8,1551617
2019-02-20 00:00:00,1030,1044.4,1027.5,1032.75,1506583
2019-02-21 00:00:00,1039.9,1045,1031.25,1042.5,1220939
2019-02-22 00:00:00,1035.5,1044,1030.3,1041.6,1298608
2019-02-25 00:00:00,1038,1055,1035.6,1043,1691809
2019-02-26 00:00:00,1039,1041.9,1016.05,1038.35,1906268
2019-02-27 00:00:00,1042.9,1047.15,1013.95,1016.25,1897310
2019-02-28 00:00:00,1018,1033.8,1002.05,1025.2,5080712
2019-03-01 00:00:00,1031.9,1036,1017.1,1021.35,1967656
2019-03-05 00:00:00,1023.6,1039.95,1016.2,1035,1577329
2019-03-06 00:00:00,1038,1060.9,1028.3,1055.95,2758056
2019-03-07 00:00:00,1069,1069,1039,1043.3,2584721
2019-03-08 00:00:00,1044.75,1059.55,1037,1053.2,2179863
2019-03-11 00:00:00,1058,1074.6,1057.6,1069.2,2837644
2019-03-12 00:00:00,1074.95,1095.95,1072,1086.45,3418782
2019-03-13 00:00:00,1087.4,1093.9,1065.1,1078.3,2024554
2019-03-14 00:00:00,1078.9,1089,1063.15,1086.35,1193296
2019-03-15 00:00:00,1087,1113.8,1082,1097.25,5318660
2019-03-18 00:00:00,1105,1108.9,1092.1,1101.3,1856664
2019-03-19 00:00:00,1102,1112,1098.6,1109.05,1376594
2019-03-20 00:00:00,1111,1115,1098,1102.35,1295061
2019-03-22 00:00:00,1103.6,1124.4,1093.7,1102.55,2486418
2019-03-25 00:00:00,1102,1106.5,1090.4,1100.1,909855
2019-03-26 00:00:00,1105,1120,1088.35,1115.75,1851505
2019-03-27 00:00:00,1125,1125,1106,1116.5,1668427
2019-03-28 00:00:00,1120,1139.55,1111.45,1134.25,2292966
2019-03-29 00:00:00,1134.05,1152,1112,1141.85,2767754
2019-04-01 00:00:00,1140,1148,1116.8,1120.35,1703651
2019-04-02 00:00:00,1125,1131.15,1108.4,1111.9,1469173
2019-04-03 00:00:00,1117,1127.2,1098.05,1100.5,1553200
2019-04-04 00:00:00,1112.7,1122.6,1094.3,1106.1,2463998
2019-04-05 00:00:00,1123,1129.7,1101.45,1106.4,4108366
2019-04-08 00:00:00,1109,1115,1092,1104.4,1672293
2019-04-09 00:00:00,1109,1109.95,1091.5,1098.55,1288739
2019-04-10 00:00:00,1099.4,1105,1083.5,1100.2,1612236
2019-04-11 00:00:00,1106.95,1106.95,1090.1,1105.05,1412462
2019-04-12 00:00:00,1107,1107.95,1094,1097,1499571
2019-04-15 00:00:00,1102,1102,1088,1090.15,1116346
2019-04-16 00:00:00,1093.1,1124.75,1092.4,1120.05,2144260
2019-04-18 00:00:00,1125.95,1129.5,1113.5,1125.4,1609911
2019-04-22 00:00:00,1125,1132,1119.1,1123.7,1307412
2019-04-23 00:00:00,1124,1136.7,1120.05,1129.55,1237289
2019-04-24 00:00:00,1128,1152,1125.55,1149.15,1809133
2019-04-25 00:00:00,1155,1165,1135.4,1141.3,3579153
2019-04-26 00:00:00,1146.7,1149.5,1131,1137.5,846570
2019-04-30 00:00:00,1140,1161.75,1133.5,1158.55,1469889
2019-05-02 00:00:00,1159,1160,1135.6,1138.15,1517989
2019-05-03 00:00:00,1145,1154.8,1135.05,1145.05,1146869
2019-05-06 00:00:00,1142.8,1142.8,1075.1,1082.85,4064781
2019-05-07 00:00:00,1097.8,1105,1083,1086.5,2605643
2019-05-08 00:00:00,1090,1100,1067.85,1088.7,3336769
2019-05-09 00:00:00,1100,1110,1088.7,1104.45,4362293
2019-05-10 00:00:00,1108,1137.85,1094.3,1132.1,3032624
2019-05-13 00:00:00,1125.3,1152.8,1124.05,1144.7,2695155
2019-05-14 00:00:00,1140,1163,1122.95,1154.75,2894382
2019-05-15 00:00:00,1160,1167.5,1152.35,1163,2476357
2019-05-16 00:00:00,1162.7,1195,1159.95,1186.45,2948769
2019-05-17 00:00:00,1184,1203,1180,1190.5,3265842
2019-05-20 00:00:00,1214,1238,1205,1231.65,2881354
2019-05-21 00:00:00,1239,1251.65,1233.35,1244.4,3218291
2019-05-22 00:00:00,1245.95,1250.9,1226.35,1241.1,1972398
2019-05-23 00:00:00,1259.25,1262.8,1216.25,1220.25,2494025
2019-05-24 00:00:00,1221,1229.95,1194.45,1219.9,2423569
2019-05-27 00:00:00,1226.5,1243.5,1203.5,1240.95,1380441
2019-05-28 00:00:00,1243,1244.9,1222.7,1231.55,1811869
2019-05-29 00:00:00,1232,1237.7,1224.2,1234.65,918488
2019-05-30 00:00:00,1234,1249.8,1225,1240.6,1081863
2019-05-31 00:00:00,1248,1250.65,1227,1235.75,1213810
2019-06-03 00:00:00,1239,1269,1227.5,1266.25,1627758
2019-06-04 00:00:00,1267,1276.85,1243.8,1248,1378780
2019-06-06 00:00:00,1255,1273.65,1244.65,1269.45,2345134
2019-06-07 00:00:00,1274.95,1274.95,1254,1268.95,1381956
2019-06-10 00:00:00,1274.65,1289.2,1270,1277,1516266
2019-06-11 00:00:00,1278,1288,1266.8,1284.95,1782094
2019-06-12 00:00:00,1284.95,1292.7,1277.55,1288.85,1456438
2019-06-13 00:00:00,1283,1298.25,1276.4,1295.45,1734153
2019-06-14 00:00:00,1296.05,1297.95,1277.1,1281.9,874483
2019-06-17 00:00:00,1286,1292.55,1248.5,1256.05,2057502
2019-06-18 00:00:00,1256.05,1261,1235,1257.5,1845151
2019-06-19 00:00:00,1280,1288,1257.65,1275.1,1650715
2019-06-20 00:00:00,1274.5,1308.95,1266.05,1306.6,1693438
2019-06-21 00:00:00,1306,1317,1288.25,1292.35,2640376
2019-06-24 00:00:00,1302,1307.4,1291.05,1300.05,1419605
2019-06-25 00:00:00,1309,1320.85,1296.05,1318.15,1955640
2019-06-26 00:00:00,1312.6,1322.9,1306.65,1309.05,1335984
2019-06-27 00:00:00,1309.1,1332.7,1306.75,1329.2,1841074
2019-06-28 00:00:00,1325,1337.05,1318,1334.7,1345592
2019-07-01 00:00:00,1330.1,1340.9,1321.15,1323.2,1554897
2019-07-02 00:00:00,1325,1332.2,1310.5,1324,1397406
2019-07-03 00:00:00,1329.55,1333.5,1316.5,1328.45,1351543
2019-07-04 00:00:00,1321.8,1321.8,1286,1290.35,2901447
2019-07-05 00:00:00,1283.5,1300.55,1249.7,1278.1,3015054
2019-07-08 00:00:00,1260,1270.9,1245.7,1252.45,2308725
2019-07-09 00:00:00,1175,1175,1073,1098.95,22143587
2019-07-10 00:00:00,1103,1125,1088.35,1101.2,6366343
2019-07-11 00:00:00,1109,1115.65,1071.4,1097,5179244
2019-07-12 00:00:00,1104,1129,1090,1101.2,4845853
2019-07-15 00:00:00,1110,1110.05,1077.35,1089.4,2563929
2019-07-16 00:00:00,1092,1118,1082.55,1114.75,2457767
2019-07-17 00:00:00,1110.25,1118,1105.3,1109.9,2538956
2019-07-18 00:00:00,1105,1106.5,1056.2,1080,3482208
2019-07-19 00:00:00,1090,1103,1077.95,1091.05,3302082
2019-07-22 00:00:00,1087.9,1092,1062.1,1085.55,2341863
2019-07-23 00:00:00,1090,1109.9,1086.4,1099.15,2527679
2019-07-24 00:00:00,1101,1110,1081.25,1087.4,1732174
2019-07-25 00:00:00,1093.9,1100.7,1084.6,1090.45,1770220
2019-07-26 00:00:00,1085.8,1112.2,1083,1106.4,1128870
2019-07-29 00:00:00,1106.9,1109,1071.9,1078.9,1661014
2019-07-30 00:00:00,1080,1093.6,1072.1,1079.2,2335907
2019-07-31 00:00:00,1079.15,1079.15,1041,1056.35,3050699
2019-08-01 00:00:00,1052.1,1069.35,1041.4,1057.3,2321381
2019-08-02 00:00:00,1062,1075.4,1046.05,1064.7,1789229
2019-08-05 00:00:00,1059.5,1059.5,1026.6,1036.8,1962260
2019-08-06 00:00:00,1027,1070,1021.25,1046.7,5738839
2019-08-07 00:00:00,1022,1040.9,998,1028.45,8983860
2019-08-08 00:00:00,1036,1059.8,1011.65,1041.1,2553976
2019-08-09 00:00:00,1050,1077,1041.5,1067,2944544
2019-08-13 00:00:00,1070,1088.5,1056.1,1063.85,3293100
2019-08-14 00:00:00,1054.1,1090.85,1051.05,1084,1834669
2019-08-16 00:00:00,1075,1084.3,1070.2,1075.8,1366746
2019-08-19 00:00:00,1104.7,1104.7,1080.15,1088.95,1467603
2019-08-20 00:00:00,1090.9,1095.75,1075.55,1092.35,1584464
2019-08-21 00:00:00,1090.5,1097,1060.3,1065.3,1344715
2019-08-22 00:00:00,1065.8,1070,1048.05,1061.75,1182766
2019-08-23 00:00:00,1062.3,1082.9,1040,1073.5,1925420
2019-08-26 00:00:00,1094.7,1106.8,1061.65,1102.45,2601437
2019-08-27 00:00:00,1108,1130.15,1099.2,1123.7,2825727
2019-08-28 00:00:00,1129,1131.5,1107.5,1110.95,1599333
2019-08-29 00:00:00,1111.5,1115,1096.55,1101.8,1204392
2019-08-30 00:00:00,1107.05,1113,1095,1105.1,1454803
2019-09-03 00:00:00,1098,1098.3,1052.95,1059.65,1858383
2019-09-04 00:00:00,1060,1069,1025.5,1037.2,2881072
2019-09-05 00:00:00,1037,1052.9,1036.25,1048.65,1587469
2019-09-06 00:00:00,1054,1070.95,1042.45,1068.7,1443212
2019-09-09 00:00:00,1065,1091.95,1058.4,1088.35,1272456
2019-09-11 00:00:00,1095.95,1103.5,1083.05,1101.05,1432923
2019-09-12 00:00:00,1110.7,1114.6,1083.75,1086.1,1792647
2019-09-13 00:00:00,1088.1,1126.5,1088.1,1123.4,3428008
2019-09-16 00:00:00,1123.9,1152,1115.4,1148.55,3645849
2019-09-17 00:00:00,1155,1176.2,1154.05,1158.25,3120692
2019-09-18 00:00:00,1163,1168,1150.55,1160.7,1434623
2019-09-19 00:00:00,1164,1167.65,1148.45,1153.2,1255713
2019-09-20 00:00:00,1160,1334.4,1153,1263.55,7588909
2019-09-23 00:00:00,1275.2,1345,1275,1311.8,5902008
2019-09-24 00:00:00,1317,1324.25,1282,1292.65,2642955
2019-09-25 00:00:00,1296.15,1314.9,1262.8,1268.9,3928117
2019-09-26 00:00:00,1273,1292.55,1272,1288.3,2277616
2019-09-27 00:00:00,1291,1293.95,1265.15,1284.05,1847785
2019-09-30 00:00:00,1290.5,1295.85,1266.5,1273.05,2142791
2019-10-01 00:00:00,1282,1297.8,1267.55,1280.6,1454512
2019-10-03 00:00:00,1279.4,1298,1268.75,1295.5,1449986
2019-10-04 00:00:00,1303,1306.7,1240.1,1250.9,2383219
2019-10-07 00:00:00,1255.1,1265.8,1241.3,1259,1100794
2019-10-09 00:00:00,1200,1236.25,1177.05,1230.3,8327469
2019-10-10 00:00:00,1231.2,1242.45,1220,1234.7,1479753
2019-10-11 00:00:00,1242.05,1249,1215,1243.6,2182903
2019-10-14 00:00:00,1239.8,1258,1233.5,1248.95,1241231
2019-10-15 00:00:00,1254,1275.15,1253,1272.1,1379017
2019-10-16 00:00:00,1274.8,1277.7,1256.05,1274.55,1223194
2019-10-17 00:00:00,1285,1285.55,1271.1,1277.05,1500556
2019-10-18 00:00:00,1278,1305,1274.05,1300.6,1135957
2019-10-22 00:00:00,1300.45,1336.8,1294.5,1329.45,2138284
2019-10-23 00:00:00,1331.95,1366.35,1327.05,1348.65,3148288
2019-10-24 00:00:00,1364,1379,1350.65,1374.55,1791699
2019-10-25 00:00:00,1378.9,1389.95,1331.15,1335,3934315
2019-10-27 00:00:00,1338.95,1341.8,1315.7,1319.9,470394
2019-10-29 00:00:00,1320,1340,1293.2,1332.6,2030358
2019-10-30 00:00:00,1347,1347,1312,1316.15,1681593
2019-10-31 00:00:00,1322,1336,1319.65,1331.2,1533763
2019-11-01 00:00:00,1331.8,1333.35,1287.05,1301.9,2491686
2019-11-04 00:00:00,1311,1311,1282.1,1298.8,1706003
2019-11-05 00:00:00,1295,1306.25,1277.5,1283.8,2881634
2019-11-06 00:00:00,1165,1199,1150,1156.1,18294122
2019-11-07 00:00:00,1161,1179,1156.45,1167.2,6500446
2019-11-08 00:00:00,1167.2,1172.95,1154,1156.75,2796511
2019-11-11 00:00:00,1156.75,1163.75,1137.65,1155.7,2357413
2019-11-13 00:00:00,1155.7,1167,1150.1,1159.05,2336007
2019-11-14 00:00:00,1164,1176.3,1162,1169.1,2571355
2019-11-15 00:00:00,1173,1174.8,1155.9,1158.45,1506407
2019-11-18 00:00:00,1160.15,1164.5,1152.8,1158.8,1132129
2019-11-19 00:00:00,1158.8,1167.8,1153.1,1163.2,1109428
2019-11-20 00:00:00,1166,1167.5,1156.4,1162.85,920219
2019-11-21 00:00:00,1163,1170,1144,1148.25,1417102
2019-11-22 00:00:00,1148,1150.7,1123.2,1135.6,2320184
2019-11-25 00:00:00,1149.9,1166.95,1143.1,1163.6,2270744
2019-11-26 00:00:00,1166.9,1184.75,1162.2,1166.1,4025257
2019-11-27 00:00:00,1170,1182.5,1161,1167.15,1587451
2019-11-28 00:00:00,1172,1172,1160.35,1169.5,1031591
2019-11-29 00:00:00,1173,1178.55,1155,1159.7,1244953
2019-12-02 00:00:00,1160,1161,1142.5,1153.8,1016807
2019-12-03 00:00:00,1155,1170,1150.1,1158.15,1315825
2019-12-04 00:00:00,1154.7,1178,1153,1174.65,1388528
2019-12-05 00:00:00,1180,1204.6,1175,1184.25,3637705
2019-12-06 00:00:00,1189.8,1189.8,1168.9,1172,1026657
2019-12-09 00:00:00,1173,1186,1165.85,1178.05,1092070
2019-12-10 00:00:00,1175.1,1192.1,1172.9,1179.3,1641867
2019-12-11 00:00:00,1178.1,1189,1175.75,1179.55,1005638
2019-12-12 00:00:00,1182.1,1192,1177.5,1188,1065673
2019-12-13 00:00:00,1193,1203.5,1182.6,1186.15,1624478
2019-12-16 00:00:00,1188.55,1192.25,1162.85,1165.65,1239589
2019-12-17 00:00:00,1171,1171,1152,1157.35,1706196
2019-12-18 00:00:00,1164,1167.35,1150.35,1159.1,1391631
2019-12-19 00:00:00,1159,1162.5,1153,1159.05,1338696
2019-12-20 00:00:00,1160,1206.45,1160,1201.9,6754831
2019-12-23 00:00:00,1206.1,1229,1201.1,1209.1,3980835
2019-12-24 00:00:00,1206.05,1222,1200.65,1204.1,2236779
2019-12-26 00:00:00,1209.95,1213.75,1190.6,1192.5,1800229
2019-12-27 00:00:00,1196.45,1199.2,1184.85,1191.45,1332568
2019-12-30 00:00:00,1195,1198,1183.1,1193.75,1109808
2019-12-31 00:00:00,1195,1203.7,1184.2,1187.95,1753530
2020-01-01 00:00:00,1194.45,1199,1152.2,1154.75,3137636
2020-01-02 00:00:00,1157,1159.9,1140,1155.6,3286436
2020-01-03 00:00:00,1156,1156,1132,1139.7,2695237
2020-01-06 00:00:00,1162,1171.4,1150.1,1158.6,4494752
2020-01-07 00:00:00,1170.95,1173.85,1152.05,1159.95,2363578
2020-01-08 00:00:00,1145,1156.3,1138,1143.3,2370166
2020-01-09 00:00:00,1155,1168,1148.5,1163.45,1764131
2020-01-10 00:00:00,1167,1170.7,1150.75,1154.05,1517311
2020-01-13 00:00:00,1155,1162.45,1148.5,1158.95,1135936
2020-01-14 00:00:00,1162,1168.65,1157.15,1167.1,1324743
2020-01-15 00:00:00,1173.5,1191.5,1170.6,1184.85,2665214
2020-01-16 00:00:00,1184.85,1195.5,1174.1,1192.9,1644541
2020-01-17 00:00:00,1194.8,1196.85,1184,1188.75,1034774
2020-01-20 00:00:00,1190,1195,1179.1,1187.85,1139858
2020-01-21 00:00:00,1183.45,1183.9,1161,1176.2,925998
2020-01-22 00:00:00,1181.8,1185.95,1172,1177.65,902471
2020-01-23 00:00:00,1176,1206.65,1175,1204.1,2101116
2020-01-24 00:00:00,1208.9,1230,1206.05,1227.85,2841654
2020-01-27 00:00:00,1228,1240.35,1208.85,1213.8,2332864
2020-01-28 00:00:00,1215,1223.5,1188.3,1195,1703068
2020-01-29 00:00:00,1198.5,1207.9,1181.6,1186.2,1380266
2020-01-30 00:00:00,1191,1191.5,1176.2,1179.25,1859283
2020-01-31 00:00:00,1185.5,1194.8,1180,1187.75,1809101
2020-02-01 00:00:00,1186.85,1218,1165.6,1173.25,1557085
2020-02-03 00:00:00,1170,1192.3,1162.55,1186.4,3595537
2020-02-04 00:00:00,1195,1287.8,1185,1275.8,7875930
2020-02-05 00:00:00,1284.75,1297.7,1255,1279.85,5459816
2020-02-06 00:00:00,1284.95,1294.2,1252.05,1259.3,2463971
2020-02-07 00:00:00,1264.05,1279.5,1258.4,1275,2277867
2020-02-10 00:00:00,1270.9,1275,1253.35,1257.2,1021943
2020-02-11 00:00:00,1263,1278.9,1258.55,1270.7,1351413
2020-02-12 00:00:00,1276.95,1288.95,1265.85,1269,1195516
2020-02-13 00:00:00,1270,1308,1270,1298.1,4458645
2020-02-14 00:00:00,1306.95,1310.7,1290,1293.45,1416212
2020-02-17 00:00:00,1293.05,1321.6,1288.35,1316.05,2347399
2020-02-18 00:00:00,1314,1318.9,1301.25,1311,1761012
2020-02-19 00:00:00,1317,1332.9,1312.05,1329.6,1445826
2020-02-20 00:00:00,1330,1341.05,1320,1322.85,1513648
2020-02-24 00:00:00,1310,1317.8,1273.85,1279.9,1341317
2020-02-25 00:00:00,1285,1286.75,1256.8,1260.1,1358874
2020-02-26 00:00:00,1256,1267,1245.1,1255.1,1506693
2020-02-27 00:00:00,1250,1286,1250,1277.9,4569014
2020-02-28 00:00:00,1255,1270.7,1235.65,1254.5,2728105
2020-03-02 00:00:00,1275,1294,1228,1244.15,2773593
2020-03-03 00:00:00,1248.2,1272,1225,1247,2660100
2020-03-04 00:00:00,1251.95,1265.65,1217.3,1250.95,3007393
2020-03-05 00:00:00,1253.5,1265.15,1242.2,1259.15,1555538
2020-03-06 00:00:00,1229,1246.95,1219.7,1242.6,1678642
2020-03-09 00:00:00,1225,1241.85,1175,1203.45,2285790
2020-03-11 00:00:00,1197.95,1213.35,1177.55,1187.65,2314388
2020-03-12 00:00:00,1150,1153.95,1064.65,1076.75,3609158
2020-03-13 00:00:00,1055.6,1134.7,946.05,1084.35,4337351
2020-03-16 00:00:00,1049.95,1049.95,983,1011.35,3443945
2020-03-17 00:00:00,1005,1038,977.8,1001,2985174
2020-03-18 00:00:00,1028,1028,921,930.75,5508581
2020-03-19 00:00:00,879.95,924.4,839.75,903.5,4838553
2020-03-20 00:00:00,906.1,934,866,904.9,4407659
2020-03-23 00:00:00,839.65,841.05,771.25,800.95,4960949
2020-03-24 00:00:00,805.25,857.85,720.9,816.1,5404961
2020-03-25 00:00:00,799,897.7,784.8,880.8,3564864
2020-03-26 00:00:00,895,947.8,872.3,928.3,3635282
2020-03-27 00:00:00,960,965,896,937.05,2999839
2020-03-30 00:00:00,861,959,861,943.65,2901443
2020-03-31 00:00:00,967,971.7,923.75,933.7,3811980
2020-04-01 00:00:00,929.7,950,902,936.05,2935941
2020-04-03 00:00:00,930,930.05,855.95,862.8,4951957
2020-04-07 00:00:00,900.1,954.95,892.3,947.45,4186589
2020-04-08 00:00:00,935,966.4,893.4,913.45,5506041
2020-04-09 00:00:00,931.65,1044,917.35,1013.85,8532888
2020-04-13 00:00:00,1014.5,1014.5,943.2,966.85,4399276
2020-04-15 00:00:00,990,990,937.2,952.05,5502744
2020-04-16 00:00:00,929,999,915,985.25,6251881
2020-04-17 00:00:00,1001.1,1017.7,956.3,975.5,5761685
2020-04-20 00:00:00,975.5,982.2,957,975.5,2557331
2020-04-21 00:00:00,958,962.2,932.45,936.7,3717573
2020-04-22 00:00:00,936.7,955.25,922.55,951.4,2779272
2020-04-23 00:00:00,922.25,935.5,905,912.6,7009198
2020-04-24 00:00:00,910,926.9,893.1,906.05,4693092
2020-04-27 00:00:00,914.2,938,912.05,927.75,3816089
2020-04-28 00:00:00,930.35,940,917,932.85,2548183
2020-04-29 00:00:00,932,933.6,918,925.4,2514936
2020-04-30 00:00:00,935.2,978.95,929,970.05,4336428
2020-05-04 00:00:00,928.5,929,886,891.85,4201102
2020-05-05 00:00:00,905,908.85,877,886.95,5214901
2020-05-06 00:00:00,887,891.95,861.25,876.45,3713855
2020-05-07 00:00:00,878.5,878.5,846.4,849.1,4744736
2020-05-08 00:00:00,857,862.5,830.3,832.85,4751920
2020-05-11 00:00:00,848.45,851.4,824,829.6,3704305
2020-05-12 00:00:00,827,851,822.25,846.45,5287713
2020-05-13 00:00:00,874.95,883.95,856,860.45,3599379
2020-05-14 00:00:00,855,856,841.25,846,2161537
2020-05-15 00:00:00,846,859.8,842,845.6,2131038
2020-05-18 00:00:00,841.5,845,810,817.3,4634794
2020-05-19 00:00:00,827.3,844.15,818.15,826.8,3072505
2020-05-20 00:00:00,824,854,818.6,848.7,3403474
2020-05-21 00:00:00,854,860,843.9,849.85,2217566
2020-05-22 00:00:00,844.9,855.95,837.9,849.65,1955678
2020-05-26 00:00:00,856,896.95,855.15,892.75,5625238
2020-05-27 00:00:00,884.9,890.75,868.5,885.85,3925289
2020-05-28 00:00:00,885.85,904.1,875,899.45,3441163
2020-05-29 00:00:00,895.45,898,875,890,4140190
2020-06-01 00:00:00,898.5,979,898.5,958.9,9822939
2020-06-02 00:00:00,958.9,984,946.35,976.15,4518777
2020-06-03 00:00:00,989,1005,979.7,984.35,4194259
2020-06-04 00:00:00,970.1,977.45,942.35,971.25,5293712
2020-06-05 00:00:00,977,995,967,990.95,3136141
2020-06-08 00:00:00,1009,1050,1006.05,1025,7033697
2020-06-09 00:00:00,1037,1047,989.25,997.1,17284462
2020-06-10 00:00:00,997.1,1008.95,970.85,977.25,5972031
2020-06-11 00:00:00,976,976,949.1,951.25,4955843
2020-06-12 00:00:00,910.05,984.8,901,977.7,6968388
2020-06-15 00:00:00,979.95,986.55,945,948.4,3823675
2020-06-16 00:00:00,965,970,933.65,958.05,2976380
2020-06-17 00:00:00,955,972.85,945.75,963,2373042
2020-06-18 00:00:00,958.1,980.5,953.65,976,2118941
2020-06-19 00:00:00,980,994.95,973,975.85,2817654
2020-06-22 00:00:00,979,988,968.55,979.5,1840327
2020-06-23 00:00:00,981.5,1008,981.5,999.25,2929967
2020-06-24 00:00:00,1010,1026,985.15,988.2,3451727
2020-06-25 00:00:00,985,994,973.55,977.6,2214885
2020-06-26 00:00:00,988,989.9,961.9,966.2,2514115
2020-06-29 00:00:00,964.9,971.6,935,957.45,3422997
2020-06-30 00:00:00,965,971.95,946.4,949.85,1947535
2020-07-01 00:00:00,950,968.5,945,948.2,3043356
2020-07-02 00:00:00,956.95,994,953.1,986.4,3845200
2020-07-03 00:00:00,992,1008,986.3,1003.5,3073826
2020-07-06 00:00:00,1007,1019.8,995.65,1014.2,2509472
2020-07-07 00:00:00,1015,1029,1007,1016.25,3538559
2020-07-08 00:00:00,1026,1029,987.05,991.15,4272857
2020-07-09 00:00:00,995,1002.5,978.35,991.6,3585898
2020-07-10 00:00:00,985.05,987,957.4,961.85,3691698
2020-07-13 00:00:00,973.95,973.95,959,966.35,2760626
2020-07-14 00:00:00,960,977.9,955,973.8,3642982
2020-07-15 00:00:00,979,985.8,963.4,967.95,2366688
2020-07-16 00:00:00,968.5,972.95,941.8,961.35,2914312
2020-07-17 00:00:00,960,1000,956.45,997.85,3843669
2020-07-20 00:00:00,1000,1012.5,986,1001.7,3349881
2020-07-21 00:00:00,1004,1017.4,999.25,1015.15,2491482
2020-07-22 00:00:00,1020.25,1065.95,1015.6,1057.7,7642563
2020-07-23 00:00:00,1067.95,1083,1051.1,1070.2,6785686
2020-07-24 00:00:00,1064.8,1066,1032.7,1057.6,4407076
2020-07-27 00:00:00,1057,1072.5,1039.35,1042.1,2783448
2020-07-28 00:00:00,1045,1054.95,1028.55,1052.7,3130786
2020-07-29 00:00:00,1056.8,1066.75,1036.2,1040.45,2332468
2020-07-30 00:00:00,1042,1057.7,1039.95,1041.85,2297979
2020-07-31 00:00:00,1045.5,1051.1,1032.7,1043.25,1786574
2020-08-03 00:00:00,1047,1094.65,1043,1077.35,7646653
2020-08-04 00:00:00,1088.95,1089.2,1065.25,1075.2,3357492
2020-08-05 00:00:00,1083,1114.45,1078,1105.45,5465903
2020-08-06 00:00:00,1105.45,1125,1091.25,1120.15,4499103
2020-08-07 00:00:00,1114.95,1131.4,1086.05,1091.05,4553674
2020-08-10 00:00:00,1093,1114.6,1084,1107.55,5186001
2020-08-11 00:00:00,1074,1087.7,1048.6,1066.25,11189335
2020-08-12 00:00:00,1068,1076.9,1048.55,1056.35,6260237
2020-08-13 00:00:00,1064.05,1103.15,1062,1097.65,5476731
2020-08-14 00:00:00,1097.65,1119,1090.05,1104.15,4149226
2020-08-17 00:00:00,1113,1126.2,1106,1123.85,3033449
2020-08-18 00:00:00,1128.95,1151.8,1125.1,1145.55,4134683
2020-08-19 00:00:00,1158.85,1159,1145,1148.4,2570066
2020-08-20 00:00:00,1130.05,1138.4,1118.8,1125.7,2727310
2020-08-21 00:00:00,1137.7,1143.8,1129.1,1138.1,2181343
2020-08-24 00:00:00,1140,1146.75,1124,1126.65,2122417
2020-08-25 00:00:00,1131,1139,1122.9,1136.5,1465877
2020-08-26 00:00:00,1139.7,1150,1127.15,1134.2,2009966
2020-08-27 00:00:00,1140,1148.5,1127,1137.65,1459161
2020-08-28 00:00:00,1148.25,1148.25,1131.6,1134.1,1628959
2020-08-31 00:00:00,1131,1153,1086,1100.5,3373649
2020-09-01 00:00:00,1105,1129.65,1095.65,1120.05,2043957
2020-09-02 00:00:00,1116.95,1124.65,1102.6,1121.3,1919880
2020-09-03 00:00:00,1121.3,1191.6,1121.3,1185.3,5945368
2020-09-04 00:00:00,1161.6,1198.05,1155,1159.25,3490982
2020-09-07 00:00:00,1164,1176.45,1149.3,1167.7,2166347
2020-09-08 00:00:00,1167.7,1174.1,1154.6,1162.55,1994073
2020-09-09 00:00:00,1156.9,1171.8,1148.3,1161.1,1918428
2020-09-10 00:00:00,1165,1165.85,1138.75,1155.25,1841230
2020-09-11 00:00:00,1156,1194,1155,1167.75,5572098
2020-09-14 00:00:00,1168.5,1191.6,1167.95,1188,2019325
2020-09-15 00:00:00,1194.8,1220,1170.15,1174.55,5204283
2020-09-16 00:00:00,1180,1189,1164.7,1181.7,2463735
2020-09-17 00:00:00,1174.95,1191.55,1168.05,1182.4,2019300
2020-09-18 00:00:00,1185,1201.5,1157.35,1163.6,2575064
2020-09-21 00:00:00,1163.6,1171.8,1115.05,1119.9,2666123
2020-09-22 00:00:00,1120,1127.5,1093.15,1104.45,2000953
2020-09-23 00:00:00,1107.5,1121.95,1103,1117.2,2068202
2020-09-24 00:00:00,1113,1113.9,1076,1096.15,2356300
2020-09-25 00:00:00,1097.55,1115,1081.25,1109.35,2275745
2020-09-28 00:00:00,1119,1143.95,1108.35,1138.75,2509616
2020-09-29 00:00:00,1145,1174.15,1139.35,1167.3,3586548
2020-09-30 00:00:00,1173,1205,1163.25,1201.35,3635997
2020-10-01 00:00:00,1203.6,1211,1182,1198.65,2990243
2020-10-05 00:00:00,1201,1216,1188.7,1194.35,2151235
2020-10-06 00:00:00,1204,1215.95,1192,1199.95,2087273
2020-10-07 00:00:00,1205,1268,1200.45,1254,9411160
2020-10-08 00:00:00,1257,1262.55,1233.6,1254.15,3144920
2020-10-09 00:00:00,1254.15,1269,1247.5,1255.2,1873196
2020-10-12 00:00:00,1260.2,1261.35,1236,1256.75,2009418
2020-10-13 00:00:00,1257.55,1281.9,1223.65,1228.85,4735316
2020-10-14 00:00:00,1224.35,1248.95,1218.55,1223.45,4096716
2020-10-15 00:00:00,1222.9,1237.55,1210,1213.6,2727329
2020-10-16 00:00:00,1216.05,1240.05,1216,1223.15,2772602
2020-10-19 00:00:00,1225.1,1234.6,1213.1,1228.8,1606979
2020-10-20 00:00:00,1230,1245.55,1217.1,1233.5,2841242
2020-10-21 00:00:00,1241,1256.55,1229,1244.7,2687528
2020-10-22 00:00:00,1240.15,1253,1220,1229.45,1973527
2020-10-23 00:00:00,1235,1247.8,1231.2,1241.7,1527141
2020-10-26 00:00:00,1250,1250,1210.5,1215.5,1425518
2020-10-27 00:00:00,1219,1237,1213.55,1231.8,1778358
2020-10-28 00:00:00,1231.8,1241,1185.35,1217,4810354
2020-10-29 00:00:00,1201,1201,1155.55,1178.2,5274145
2020-10-30 00:00:00,1176.4,1187.8,1159.1,1165.75,2275595
2020-11-02 00:00:00,1167.5,1182,1154,1168.5,2502801
2020-11-03 00:00:00,1178,1205.3,1174.8,1199.95,2079628
2020-11-04 00:00:00,1199.95,1217.9,1192.7,1215.65,2043263
2020-11-05 00:00:00,1224.15,1253.85,1210.25,1242.1,2215527
2020-11-06 00:00:00,1242.1,1265.85,1239,1253.5,2546487
2020-11-09 00:00:00,1265.4,1287.7,1252.45,1285.05,1840061
2020-11-10 00:00:00,1286,1312,1274.35,1305.4,2898878
2020-11-11 00:00:00,1309.9,1318.7,1263.7,1274.7,2872916
2020-11-12 00:00:00,1286.95,1296,1267,1278.1,3650248
2020-11-13 00:00:00,1297,1304,1278.45,1288.45,3107920
2020-11-14 00:00:00,1295,1297.9,1279.1,1286.8,288198
2020-11-17 00:00:00,1297,1304.8,1277.3,1301.95,2185705
2020-11-18 00:00:00,1301.95,1303,1267,1280.1,2934467
2020-11-19 00:00:00,1278.55,1345.6,1270.05,1292.45,6942825
2020-11-20 00:00:00,1295.95,1371.3,1295.6,1365.15,10421957
2020-11-23 00:00:00,1375,1375,1332,1347.6,2995116
2020-11-24 00:00:00,1347.6,1364.45,1323.25,1327.15,2876893
2020-11-25 00:00:00,1331,1345,1300.35,1306.95,3417818
2020-11-26 00:00:00,1316.95,1333,1308.15,1327.4,2819881
2020-11-27 00:00:00,1333,1368.4,1313.55,1361.2,5497388
2020-12-01 00:00:00,1383,1386.4,1335,1341.1,2881906
2020-12-02 00:00:00,1347.95,1392.05,1343.5,1389,2969071
2020-12-03 00:00:00,1398.9,1424,1386.05,1418.5,3939085
2020-12-04 00:00:00,1418.5,1440.55,1413.7,1437.15,2229459
2020-12-07 00:00:00,1436,1436,1418,1425.3,1430365
2020-12-08 00:00:00,1425.3,1435.65,1412.35,1427.85,1666175
2020-12-09 00:00:00,1430,1435,1417.55,1426.15,1579066
2020-12-10 00:00:00,1428,1445,1415.55,1424.2,2588422
2020-12-11 00:00:00,1427.5,1449.85,1423,1442.4,1398271
2020-12-14 00:00:00,1451,1469.5,1445,1463.45,2453825
2020-12-15 00:00:00,1460.5,1476,1449.3,1468.75,2035503
2020-12-16 00:00:00,1477,1510,1469.2,1504.45,2638988
2020-12-17 00:00:00,1495.15,1520,1492.3,1501.95,1951230
2020-12-18 00:00:00,1502,1525,1497.1,1519.35,3299825
2020-12-21 00:00:00,1514.2,1528.55,1451,1471.65,2298069
2020-12-22 00:00:00,1466,1510,1451.2,1498.8,3305444
2020-12-23 00:00:00,1504.7,1519.8,1478.05,1490.85,2847742
2020-12-24 00:00:00,1520,1520,1486,1495.9,1947894
2020-12-28 00:00:00,1503.3,1547.65,1496.15,1543.55,2497242
2020-12-29 00:00:00,1554,1556.85,1528.45,1540.1,2081338
2020-12-30 00:00:00,1548,1555.7,1533.3,1552.6,1151230
2020-12-31 00:00:00,1549,1571,1544.2,1567.15,2031709
2021-01-01 00:00:00,1562.1,1573,1555.95,1558.6,1003018
2021-01-04 00:00:00,1566,1567,1538,1550.9,1383979
2021-01-05 00:00:00,1545,1576.85,1541.5,1570.95,1351709
2021-01-06 00:00:00,1578,1621.35,1561.85,1572.6,3312171
2021-01-07 00:00:00,1570,1570,1535,1542.35,2820445
2021-01-08 00:00:00,1547.9,1555.3,1521.5,1548.6,3478504
2021-01-11 00:00:00,1560,1572,1545.7,1563.9,1425529
2021-01-12 00:00:00,1560,1560.8,1524,1527.1,2550741
2021-01-13 00:00:00,1530,1536,1495,1505.8,3527208
2021-01-14 00:00:00,1508,1517.85,1480.05,1489.95,2814477
2021-01-15 00:00:00,1489.95,1509,1471.3,1477.25,1725346
2021-01-18 00:00:00,1467,1509,1460,1503.55,2302268
2021-01-19 00:00:00,1518,1524,1501,1519.9,2279346
2021-01-20 00:00:00,1519.9,1541,1519.9,1531.3,1838240
2021-01-21 00:00:00,1533.1,1549.85,1512.05,1517.3,1558030
2021-01-22 00:00:00,1522,1534.7,1487,1491.2,1364197
2021-01-25 00:00:00,1505.05,1512.8,1478.75,1499.85,1604484
2021-01-27 00:00:00,1505,1505,1432,1440.7,2021747
2021-01-28 00:00:00,1420,1454.45,1415.65,1450.1,1850239
2021-01-29 00:00:00,1456,1469.25,1415.25,1420.3,2435997
2021-02-01 00:00:00,1437.8,1508.55,1423.65,1501.55,2215933
2021-02-02 00:00:00,1515,1536,1482,1485.45,1974202
2021-02-03 00:00:00,1492,1529,1492,1525.15,1853072
2021-02-04 00:00:00,1530,1540,1488.1,1513.6,2728965
2021-02-05 00:00:00,1518.55,1538.95,1504.5,1509.45,1344007
2021-02-08 00:00:00,1514,1564.85,1510.05,1541.7,2683198
2021-02-09 00:00:00,1548,1584.65,1543.05,1559.9,2364475
2021-02-10 00:00:00,1575.4,1588,1526,1563.15,2125469
2021-02-11 00:00:00,1552,1575.9,1511.25,1524.7,5970196
2021-02-12 00:00:00,1536.7,1536.7,1491,1494.2,3284441
2021-02-15 00:00:00,1506,1518.5,1476.75,1484.75,3156535
2021-02-16 00:00:00,1492.15,1505,1461,1471.85,3090249
2021-02-17 00:00:00,1469.4,1483,1449.5,1460.4,2096959
2021-02-18 00:00:00,1465.1,1471.9,1429,1433,2686046
2021-02-19 00:00:00,1434,1444.9,1412.8,1425.55,2543997
2021-02-22 00:00:00,1425,1433.1,1396,1405.25,1931189
2021-02-23 00:00:00,1415,1436.95,1400.15,1424.05,1871135
2021-02-24 00:00:00,1424.05,1474,1424.05,1451.85,1143204
2021-02-25 00:00:00,1460,1462.95,1430.5,1434.45,1967386
2021-02-26 00:00:00,1420,1431.95,1403.1,1406.9,2715597
2021-03-01 00:00:00,1421.5,1466,1416.6,1452.15,1962042
2021-03-02 00:00:00,1469,1474,1450,1471.15,1293306
2021-03-03 00:00:00,1472,1481.65,1466.15,1474.6,1227772
2021-03-04 00:00:00,1452,1487.65,1450.55,1470.5,1822476
2021-03-05 00:00:00,1465,1493,1462.2,1474.2,1954113
2021-03-08 00:00:00,1475,1481.25,1451,1456.75,1060584
2021-03-09 00:00:00,1470,1478.9,1445,1456.9,941590
2021-03-10 00:00:00,1470,1481,1463,1471.25,1257628
2021-03-12 00:00:00,1480,1507.8,1478.5,1482.5,2631081
2021-03-15 00:00:00,1496.9,1496.9,1471,1492.2,1482288
2021-03-16 00:00:00,1505,1531,1496.9,1500.95,3191850
2021-03-17 00:00:00,1494.25,1499.55,1470.05,1472.55,1195023
2021-03-18 00:00:00,1485.6,1492.9,1463,1468.2,1242978
2021-03-19 00:00:00,1450,1470.85,1432.05,1465.45,2360672
2021-03-22 00:00:00,1465,1468.65,1448,1460.3,1331121
2021-03-23 00:00:00,1460.3,1514.8,1454,1495.35,2534795
2021-03-24 00:00:00,1486,1508.8,1476.45,1488.15,1871092
2021-03-25 00:00:00,1484.1,1498.5,1447.75,1450.85,1609996
2021-03-26 00:00:00,1459.9,1512.4,1457,1505.85,1922278
2021-03-30 00:00:00,1510,1563,1510,1552.2,3466049
2021-03-31 00:00:00,1549.9,1567.4,1536.75,1558.05,1431746
2021-04-01 00:00:00,1560,1593.3,1551.55,1559.35,1343989
2021-04-05 00:00:00,1541.1,1559,1500,1535,1376233
2021-04-06 00:00:00,1529.5,1548,1509,1525.5,1400544
2021-04-07 00:00:00,1522.1,1561.45,1508,1514.1,2592185
2021-04-08 00:00:00,1529.25,1579,1525.5,1571.3,2085919
2021-04-09 00:00:00,1569.9,1618,1561.3,1592,3569146
2021-04-12 00:00:00,1571,1572.65,1502.25,1510.45,1889829
2021-04-13 00:00:00,1528.6,1553.3,1516.65,1530.6,1880575
2021-04-15 00:00:00,1545,1554.5,1515.55,1538.55,1313429
2021-04-16 00:00:00,1529.8,1559.8,1529.8,1549.05,1501276
2021-04-19 00:00:00,1525,1532.45,1500.1,1518.7,1439975
2021-04-20 00:00:00,1524.2,1560,1510,1522.9,1789104
2021-04-22 00:00:00,1530,1530,1473.15,1480.85,2200432
2021-04-23 00:00:00,1478,1496.9,1451.6,1461.45,1726070
2021-04-26 00:00:00,1470,1489.75,1465.15,1479.85,1020499
2021-04-27 00:00:00,1485,1503.55,1482,1495.1,1145908
2021-04-28 00:00:00,1505,1514.9,1491.7,1508.85,1037771
2021-04-29 00:00:00,1524,1527.5,1497,1506.8,1927546
2021-04-30 00:00:00,1500,1516.55,1471,1491.65,3691399
2021-05-03 00:00:00,1477,1477,1421,1423.95,3945733
2021-05-04 00:00:00,1434,1434,1400.05,1402.9,3194977
2021-05-05 00:00:00,1406,1431.9,1403.4,1428.4,1819256
2021-05-06 00:00:00,1435.8,1448.45,1431,1444.4,1464006
2021-05-07 00:00:00,1449,1459.25,1439.9,1446.5,1190019
2021-05-10 00:00:00,1454.4,1469.75,1445,1455.15,1322561
2021-05-11 00:00:00,1439.1,1457.95,1432,1435.25,1582827
2021-05-12 00:00:00,1431,1460,1425.85,1454.95,1358169
2021-05-14 00:00:00,1469,1477.8,1433,1455.85,1876873
2021-05-17 00:00:00,1462,1470.8,1438,1468.3,2218758
2021-05-18 00:00:00,1480,1547.1,1476.25,1539.25,3075596
2021-05-19 00:00:00,1522.25,1553.9,1516.8,1521.15,1504440
2021-05-20 00:00:00,1523,1566.25,1522.5,1531.35,3032029
2021-05-21 00:00:00,1552.2,1552.85,1533.55,1538.35,1158893
2021-05-24 00:00:00,1532.15,1535,1505.45,1520.75,1126532
2021-05-25 00:00:00,1536,1574.9,1535,1569.15,2530758
2021-05-26 00:00:00,1580,1614,1576.65,1582.95,3839248
2021-05-27 00:00:00,1590.7,1606.95,1567.35,1594.25,2810155
2021-05-28 00:00:00,1595,1612.25,1570.55,1577,1028675
2021-05-31 00:00:00,1570.65,1608.25,1569,1596.25,1525715
2021-06-01 00:00:00,1608,1612,1589.3,1591.4,1111933
2021-06-02 00:00:00,1581,1596.75,1564.2,1585.7,1859258
2021-06-03 00:00:00,1601,1702.3,1588.55,1691.2,7221910
2021-06-04 00:00:00,1713.8,1713.8,1665.5,1679.5,2952017
2021-06-07 00:00:00,1685.85,1713.85,1676,1685.1,1471576
2021-06-08 00:00:00,1686,1726,1674.2,1712.5,1743285
2021-06-09 00:00:00,1714.95,1739.9,1696.15,1730.75,2551140
2021-06-10 00:00:00,1741.4,1745.85,1722.2,1738.65,1850763
2021-06-11 00:00:00,1736.55,1743,1724.55,1728.45,761647
2021-06-14 00:00:00,1728.45,1740,1713,1734.8,887780
2021-06-15 00:00:00,1748,1748.95,1719.6,1723.4,868275
2021-06-16 00:00:00,1724,1729,1706.5,1714.95,1116772
2021-06-17 00:00:00,1706,1722,1701.4,1711.4,546515
2021-06-18 00:00:00,1700.1,1725,1686,1711.3,2018319
2021-06-21 00:00:00,1699,1747.55,1690.75,1742.85,925811
2021-06-22 00:00:00,1750.1,1770.8,1748,1757,2083172
2021-06-23 00:00:00,1757,1786,1755.05,1782.55,1608518
2021-06-24 00:00:00,1785,1792.95,1767.6,1780.85,1271298
2021-06-25 00:00:00,1785,1792,1742,1753.85,1378327
2021-06-28 00:00:00,1768.5,1768.5,1719.75,1728.05,1339433
2021-06-29 00:00:00,1735.8,1746,1721.25,1731.6,1236704
2021-06-30 00:00:00,1738,1755.35,1728.15,1732.5,803926
2021-07-01 00:00:00,1729,1746.4,1725.75,1740.3,567971
2021-07-02 00:00:00,1755,1767.85,1740.2,1754.75,1259675
2021-07-05 00:00:00,1760,1762.9,1743,1749.9,632904
2021-07-06 00:00:00,1750,1774,1746.05,1762.8,960973
2021-07-07 00:00:00,1762.8,1783.4,1718,1727.25,2188364
2021-07-08 00:00:00,1730,1746,1721.25,1726.35,1167637
2021-07-09 00:00:00,1724,1739.95,1718,1720.6,831213
2021-07-12 00:00:00,1730,1739.2,1711.9,1719.85,792602
2021-07-13 00:00:00,1730,1735,1717.45,1724.25,797913
2021-07-14 00:00:00,1726,1728.6,1705,1710.35,891780
2021-07-15 00:00:00,1705.5,1716.75,1694.5,1701.55,943422
2021-07-16 00:00:00,1706.9,1710,1688.65,1695.35,907734
2021-07-19 00:00:00,1694.35,1709.25,1674.9,1680.35,831260
2021-07-20 00:00:00,1680.35,1691.45,1662.5,1671.4,819793
2021-07-22 00:00:00,1695,1714.65,1682.2,1701.75,1146821
2021-07-23 00:00:00,1714.65,1725.95,1697,1700.95,1053239
2021-07-26 00:00:00,1700.9,1736.85,1700,1722.85,1435514
2021-07-27 00:00:00,1733,1742.4,1713.35,1729.05,1075244
2021-07-28 00:00:00,1730,1749.2,1715.6,1723.55,1714957
2021-07-29 00:00:00,1739,1756.3,1727.8,1739.15,1346162
2021-07-30 00:00:00,1742,1747.9,1711.2,1714.55,1199644
2021-08-02 00:00:00,1728,1776,1725,1771.55,1718511
2021-08-03 00:00:00,1780,1854.95,1777.15,1840.2,5956344
2021-08-04 00:00:00,1857.2,1858.65,1795,1799.6,2040687
2021-08-05 00:00:00,1820.05,1821.2,1763.2,1799.3,2301814
2021-08-06 00:00:00,1796,1796.35,1778,1787.75,877876
2021-08-09 00:00:00,1787.75,1831.6,1777.75,1799.15,1770502
2021-08-10 00:00:00,1810,1822,1793.35,1799.2,862746
2021-08-11 00:00:00,1805,1815,1773.55,1789.4,748179
2021-08-12 00:00:00,1798,1829.6,1781,1823.6,889082
2021-08-13 00:00:00,1830,1841,1818.75,1837.9,1194666
2021-08-16 00:00:00,1828,1847.05,1817,1837.2,461655
2021-08-17 00:00:00,1840,1878.35,1828.65,1874.45,1917077
2021-08-18 00:00:00,1887.8,1890.65,1860,1880.3,1029077
2021-08-20 00:00:00,1859.4,1892.3,1857.95,1876.8,1070166
2021-08-23 00:00:00,1889,1895,1847.85,1870.35,1092285
2021-08-24 00:00:00,1883,1887.3,1852.6,1869.6,1003905
2021-08-25 00:00:00,1860,1869.7,1820,1822.65,1280400
2021-08-26 00:00:00,1822.65,1834.6,1805.25,1815.35,1059290
2021-08-27 00:00:00,1824,1830,1797,1822.55,1020589
2021-08-30 00:00:00,1835,1886.95,1831.8,1878.45,1670309
2021-08-31 00:00:00,1878.45,1925,1875.55,1921.6,1816071
2021-09-01 00:00:00,1925.2,1953.95,1915,1939.4,1247432
2021-09-02 00:00:00,1958.5,1979.5,1946.85,1967.1,1167157
2021-09-03 00:00:00,1970.1,2024.4,1970.1,2019.3,1548784
2021-09-06 00:00:00,2025,2032.85,2006.15,2020.65,679133
2021-09-07 00:00:00,2014,2039.9,2012.7,2033.9,773091
2021-09-08 00:00:00,2033.95,2067,2015.05,2055.95,796813
2021-09-09 00:00:00,2052,2060,2021.05,2034.3,653397
2021-09-13 00:00:00,2037,2043.45,2021.15,2030.65,786459
2021-09-14 00:00:00,2038.9,2061.5,2032.05,2055.7,888765
2021-09-15 00:00:00,2060,2133,2060,2119.85,2795995
2021-09-16 00:00:00,2132.95,2132.95,2095.05,2108.7,725123
2021-09-17 00:00:00,2113.95,2150,2080,2095.6,1727410
2021-09-20 00:00:00,2088,2096,2070.55,2077.35,411738
2021-09-21 00:00:00,2075,2097.5,2062.1,2085.85,539788
2021-09-22 00:00:00,2096.8,2110.95,2073.4,2081.05,1057480
2021-09-23 00:00:00,2090,2113.75,2076.6,2105.05,711634
2021-09-24 00:00:00,2105,2115,2085,2092.9,540771
2021-09-27 00:00:00,2099,2107.35,2077.2,2090.25,507550
2021-09-28 00:00:00,2083.2,2138,2083.05,2129.3,923489
2021-09-29 00:00:00,2129,2167.9,2110.05,2147.5,912912
2021-09-30 00:00:00,2149.9,2185,2136.3,2161.85,1374265
2021-10-01 00:00:00,2157,2175,2122.65,2163.75,626710
2021-10-04 00:00:00,2160,2174.3,2138,2155.3,870878
2021-10-05 00:00:00,2155.3,2206.65,2130,2192.65,1329784
2021-10-06 00:00:00,2194,2204.7,2135.1,2147.65,895210
2021-10-07 00:00:00,2255,2384.25,2250,2375.35,8361061
2021-10-08 00:00:00,2420,2420,2353,2358.2,1845797
2021-10-11 00:00:00,2377,2406.1,2357.55,2362.4,1056932
2021-10-12 00:00:00,2365,2507.8,2342.65,2492.6,3517011
2021-10-13 00:00:00,2539.9,2608.95,2490,2537.2,4023645
2021-10-14 00:00:00,2575.3,2584,2532.35,2564.05,1546459
2021-10-18 00:00:00,2620,2677.9,2575.5,2588.8,2572741
2021-10-19 00:00:00,2638,2638,2468.75,2484.9,3546129
2021-10-20 00:00:00,2487.1,2505.55,2403,2411.4,2868983
2021-10-21 00:00:00,2433.9,2435.95,2380.05,2395.7,2303014
2021-10-22 00:00:00,2417.4,2494.95,2398,2412,3063724
2021-10-25 00:00:00,2405,2412,2340,2379.15,1446182
2021-10-26 00:00:00,2390,2468.45,2371,2454.75,2567357
2021-10-27 00:00:00,2468,2482.35,2452.2,2460.1,2082690
2021-10-28 00:00:00,2470,2470,2360,2375.15,3330380
2021-10-29 00:00:00,2400,2404,2346.55,2383.55,1450019
2021-11-01 00:00:00,2441.45,2441.45,2390.35,2406.3,1276469
2021-11-02 00:00:00,2422.8,2464.8,2421.05,2453.95,1546219
2021-11-03 00:00:00,2462,2471.65,2406.05,2417.95,1554405
2021-11-04 00:00:00,2439,2444.8,2422,2431.75,181506
2021-11-08 00:00:00,2477.9,2548.7,2448.3,2536.75,3449086
2021-11-09 00:00:00,2528.95,2543.8,2491.15,2512.1,1097405
2021-11-10 00:00:00,2505,2526.85,2472.2,2484.6,911235
2021-11-11 00:00:00,2484,2542.8,2476.3,2528.1,1726010
2021-11-12 00:00:00,2547.85,2561.75,2523,2539.5,1673817
2021-11-15 00:00:00,2551,2572.7,2531.7,2539.4,846885
2021-11-16 00:00:00,2550.1,2551.35,2520.15,2531.75,1133767
2021-11-17 00:00:00,2522.9,2539,2491.1,2499.35,892518
2021-11-18 00:00:00,2492,2520,2456.5,2478.2,739912
2021-11-22 00:00:00,2492.4,2492.4,2353,2391.3,1361329
2021-11-23 00:00:00,2380,2410.95,2365.05,2387.7,1247942
2021-11-24 00:00:00,2400,2405.25,2365,2375.85,614145
2021-11-25 00:00:00,2360,2403.2,2355.15,2397.8,662071
2021-11-26 00:00:00,2377.8,2385.1,2285.05,2292.3,1289322
2021-11-29 00:00:00,2290,2334.4,2231.4,2324.2,1094276
2021-11-30 00:00:00,2336.4,2390,2336.4,2375.5,2675375
2021-12-01 00:00:00,2409.8,2441.95,2347.4,2360.2,2177426
2021-12-02 00:00:00,2369,2422.5,2360.05,2386.5,1682636
2021-12-03 00:00:00,2405,2405.45,2355.05,2369.25,1062389
2021-12-06 00:00:00,2361.35,2379.85,2318.4,2325.3,547641
2021-12-07 00:00:00,2336.5,2385.85,2325.35,2380.55,904175
2021-12-08 00:00:00,2385,2418,2377.1,2405.55,926476
2021-12-09 00:00:00,2424,2424,2355.85,2373.15,1250492
2021-12-10 00:00:00,2385.4,2385.4,2296.3,2339.35,2288164
2021-12-13 00:00:00,2352.6,2386,2340.1,2350.5,992852
2021-12-14 00:00:00,2342.7,2371.25,2318.75,2354.85,765269
2021-12-15 00:00:00,2355.1,2368.25,2317.45,2323.15,567271
2021-12-16 00:00:00,2344.1,2364.8,2325.25,2357.25,998086
2021-12-17 00:00:00,2336,2339.3,2257.1,2280.4,1591893
2021-12-20 00:00:00,2259.7,2263.15,2205,2239.35,1063366
2021-12-21 00:00:00,2251.3,2310,2251.3,2287.65,883858
2021-12-22 00:00:00,2306.3,2308.1,2282.35,2299.75,643034
2021-12-23 00:00:00,2320,2337.55,2310,2329.9,613686
2021-12-24 00:00:00,2340.1,2341.9,2310,2319.45,534065
2021-12-27 00:00:00,2306.15,2344,2286.3,2331.3,537545
2021-12-28 00:00:00,2340.1,2384.95,2327.5,2379.85,871453
2021-12-29 00:00:00,2379,2416.45,2370.35,2402.15,764644
2021-12-30 00:00:00,2393.8,2448,2390.7,2437.3,1152684
2021-12-31 00:00:00,2447.3,2535,2444.6,2522.4,2225749
2022-01-03 00:00:00,2510,2546,2502.3,2523.85,921729
2022-01-04 00:00:00,2525,2594.95,2524.4,2583,1037293
2022-01-05 00:00:00,2576,2608,2560.1,2576.15,1244568
2022-01-06 00:00:00,2540,2601.35,2538.45,2595.9,1130508
2022-01-07 00:00:00,2630,2687.25,2562.35,2572.7,4625230
2022-01-10 00:00:00,2585,2663.55,2571,2657.5,1894316
2022-01-11 00:00:00,2650,2678.75,2634.3,2653.35,1123968
2022-01-12 00:00:00,2641,2672,2608,2612.95,1293999
2022-01-13 00:00:00,2611,2628.9,2588,2619.25,1023670
2022-01-14 00:00:00,2626,2639,2588.85,2592.75,1166457
2022-01-17 00:00:00,2592.75,2604.3,2550.4,2597.55,1172956
2022-01-18 00:00:00,2598,2635,2587,2600.6,1221314
2022-01-19 00:00:00,2598,2617.8,2571.1,2588.9,629040
2022-01-20 00:00:00,2597,2610,2550,2564.3,1215237
2022-01-21 00:00:00,2548,2561.9,2505,2528.15,1457884
2022-01-24 00:00:00,2520,2522.55,2376,2403.05,1411443
2022-01-25 00:00:00,2386,2407.75,2330.4,2376.5,2849686
2022-01-27 00:00:00,2327,2360.4,2260,2310.05,2460051
2022-01-28 00:00:00,2313,2377.8,2308,2315.6,1317407
2022-01-31 00:00:00,2353,2380,2336.35,2360.3,900510
2022-02-01 00:00:00,2378.8,2442.1,2358.95,2431.8,1246431
2022-02-02 00:00:00,2451,2477.9,2441.75,2464,1144427
2022-02-03 00:00:00,2480.5,2506.55,2417,2474.95,3883564
2022-02-04 00:00:00,2510,2520,2430,2471.15,2718069
2022-02-07 00:00:00,2480,2498.15,2388,2409.2,1119632
2022-02-08 00:00:00,2418.4,2465,2400.9,2443.65,1524580
2022-02-09 00:00:00,2465,2495,2456.05,2484.8,826261
2022-02-10 00:00:00,2499.95,2503.95,2465.55,2491.85,788689
2022-02-11 00:00:00,2480,2480,2421.25,2442.25,1030760
2022-02-14 00:00:00,2380,2423,2351.25,2398,816491
2022-02-15 00:00:00,2421.95,2499.8,2399,2495.9,1293933
2022-02-16 00:00:00,2510,2519.9,2460.25,2488.05,1008929
2022-02-17 00:00:00,2509.5,2537.5,2487,2493.2,960885
2022-02-18 00:00:00,2479.3,2499.5,2460.8,2488.95,654373
2022-02-21 00:00:00,2488,2488,2411.05,2454.35,788568
2022-02-22 00:00:00,2377,2457,2377,2450.1,874150
2022-02-23 00:00:00,2452,2525,2452,2495.7,2096198
2022-02-24 00:00:00,2402,2466,2395,2406.6,1875086
2022-02-25 00:00:00,2423.5,2474,2423.5,2468.45,1284338
2022-02-28 00:00:00,2430,2563.65,2430,2546.55,2355891
2022-03-02 00:00:00,2550,2604.8,2524.35,2592.65,3536974
2022-03-03 00:00:00,2620,2639.8,2560,2574.25,2153478
2022-03-04 00:00:00,2565,2565,2430,2441,2652474
2022-03-07 00:00:00,2414.8,2419.95,2330,2389.7,1545686
2022-03-08 00:00:00,2400,2419.5,2325.6,2371.25,1467595
2022-03-09 00:00:00,2393,2460.5,2375,2433.65,1581979
2022-03-10 00:00:00,2498,2504.75,2444.85,2467.8,1051744
2022-03-11 00:00:00,2478,2498.2,2448.85,2493.6,812330
2022-03-14 00:00:00,2490,2545,2475,2539,1004492
2022-03-15 00:00:00,2559,2579,2543.2,2556.95,1571483
2022-03-16 00:00:00,2577.8,2593.5,2566,2587.3,757197
2022-03-17 00:00:00,2600.1,2721.65,2600.1,2703,3336088
2022-03-21 00:00:00,2740,2768,2700,2707.25,1889261
2022-03-22 00:00:00,2716.25,2718.8,2646.45,2712.75,1279904
2022-03-23 00:00:00,2730,2742.95,2677.85,2690,1281815
2022-03-24 00:00:00,2694,2694,2612.55,2618.5,1835380
2022-03-25 00:00:00,2631,2634,2518,2523.9,2863040
2022-03-28 00:00:00,2536.5,2545.55,2483,2535.9,1316800
2022-03-29 00:00:00,2550,2559,2525.3,2538.8,908172
2022-03-30 00:00:00,2556.3,2565.75,2510,2523.15,866666
2022-03-31 00:00:00,2525.25,2545.4,2519.95,2536.15,910316
2022-04-01 00:00:00,2538,2550,2491.85,2520.85,1208002
2022-04-04 00:00:00,2540.35,2562,2508.75,2517,1424995
2022-04-05 00:00:00,2532,2577.8,2520.05,2549.2,1586304
2022-04-06 00:00:00,2547,2564.9,2523.3,2540.05,1349078
2022-04-07 00:00:00,2502.3,2544.45,2452,2458.35,2785215
2022-04-08 00:00:00,2468.35,2532.65,2465,2509.95,1217812
2022-04-11 00:00:00,2503,2509.95,2477.4,2489.85,660112
2022-04-12 00:00:00,2480,2508.5,2440.25,2488.2,1182427
2022-04-13 00:00:00,2492.2,2495.95,2441.1,2461.35,1165453
2022-04-18 00:00:00,2435,2500,2410,2493.45,1109814
2022-04-19 00:00:00,2509.4,2520.6,2441,2452.6,929834
2022-04-20 00:00:00,2453.05,2505,2442.7,2482.7,639190
2022-04-21 00:00:00,2482.7,2524.95,2466,2521,880723
2022-04-22 00:00:00,2515,2526.45,2476.5,2512.7,878780
2022-04-25 00:00:00,2471,2489,2447.05,2453.9,682383
2022-04-26 00:00:00,2460,2552.15,2459,2548.2,1232557
2022-04-27 00:00:00,2528.65,2537.8,2488.25,2492.35,801135
2022-04-28 00:00:00,2529.9,2531,2477,2513.2,933881
2022-04-29 00:00:00,2521,2532,2450,2458.2,1496781
2022-05-02 00:00:00,2435,2437,2372.35,2386.55,1287401
2022-05-04 00:00:00,2356,2407,2275,2289.95,2357806
2022-05-05 00:00:00,2309,2309,2252.15,2262,2118580
2022-05-06 00:00:00,2240,2240,2195.45,2208.75,1465638
2022-05-09 00:00:00,2195,2213.35,2171,2183.2,968069
2022-05-10 00:00:00,2180,2186,2125,2137.35,1092429
2022-05-11 00:00:00,2127.2,2138,2095.75,2114.7,1472911
2022-05-12 00:00:00,2102,2103.9,2035.55,2048.55,1362031
2022-05-13 00:00:00,2056.15,2154,2056.15,2091.7,2580348
2022-05-16 00:00:00,2118,2152,2096.7,2109.6,1370151
2022-05-17 00:00:00,2145,2185,2111,2176.35,1256142
2022-05-18 00:00:00,2187,2194.3,2161,2166.75,1188772
2022-05-19 00:00:00,2125,2156.1,2055.1,2111.95,981115
2022-05-20 00:00:00,2139.9,2155.55,2129.2,2137.05,1017542
2022-05-23 00:00:00,2160,2200,2138,2151.3,1346294
2022-05-24 00:00:00,2151.65,2165,2121.35,2140.25,1150314
2022-05-25 00:00:00,2160,2181,2106,2113.4,1125068
2022-05-26 00:00:00,2132,2150.85,2075.5,2141.95,1382368
2022-05-27 00:00:00,2155,2159.95,2123.4,2149.2,865917
2022-05-30 00:00:00,2164,2260,2164,2255.9,1691435
2022-05-31 00:00:00,2254.9,2300,2176.6,2216,7005071
2022-06-01 00:00:00,2255,2304.9,2180,2197.6,2126105
2022-06-02 00:00:00,2176.6,2225.35,2176.6,2220.95,966727
2022-06-03 00:00:00,2231.65,2244.95,2197.75,2204.4,1228695
2022-06-06 00:00:00,2204.4,2208.95,2165.95,2198.55,1285097
2022-06-07 00:00:00,2173.55,2179.45,2088,2100.8,3255286
2022-06-08 00:00:00,2106.05,2133,2096.55,2128.85,1775344
2022-06-09 00:00:00,2106,2154,2103,2139.7,1035771
2022-06-10 00:00:00,2108,2166,2108,2142.25,927889
2022-06-13 00:00:00,2108,2124.45,2076.2,2102.4,928411
2022-06-14 00:00:00,2100,2116.9,2072.65,2102,893733
2022-06-15 00:00:00,2104,2127.5,2090,2105.05,783714
2022-06-16 00:00:00,2126.4,2145,2042.05,2060.95,1265289
2022-06-17 00:00:00,2041,2051.65,1910.55,1936.45,6066708
2022-06-20 00:00:00,1938,1973.45,1905.45,1961.7,1967950
2022-06-21 00:00:00,1979.9,2093.75,1966.5,2078.1,3289922
2022-06-22 00:00:00,2070,2070.95,2007,2031.2,1507811
2022-06-23 00:00:00,2040,2047.8,1997.15,2041.4,1632845
2022-06-24 00:00:00,2053.55,2076.4,2033.95,2045.6,854618
2022-06-27 00:00:00,2082,2083.65,2025,2040.3,1067849
2022-06-28 00:00:00,2020,2022,1960,1968.05,3397585
2022-06-29 00:00:00,1950,1954.3,1923,1936.15,2375427
2022-06-30 00:00:00,1950,1965.75,1926,1941.25,2489709
2022-07-01 00:00:00,1895,1954.35,1825.05,1946.2,4064801
2022-07-04 00:00:00,1954,1966.6,1928,1962.5,1023678
2022-07-05 00:00:00,1967,1989.1,1940.55,1954.25,1555345
2022-07-06 00:00:00,1958,2025.5,1941.35,2013.55,1952701
2022-07-07 00:00:00,2130,2171.6,2102.55,2127.5,5915740
2022-07-08 00:00:00,2140,2154,2110.5,2144.35,2039331
2022-07-11 00:00:00,2153,2173.85,2126.6,2163.6,1219508
2022-07-12 00:00:00,2132,2142,2114.45,2130,1096542
2022-07-13 00:00:00,2130,2141.8,2107.45,2111.4,1169721
2022-07-14 00:00:00,2132,2140,2113,2127.45,767221
2022-07-15 00:00:00,2135,2193.15,2132.2,2189.7,1742573
2022-07-18 00:00:00,2196,2247.3,2194.05,2237.45,2016386
2022-07-19 00:00:00,2232.5,2253,2216.7,2241.2,867223
2022-07-20 00:00:00,2280,2298,2261.1,2271.2,1620332
2022-07-21 00:00:00,2285,2298,2264,2288.6,1117118
2022-07-22 00:00:00,2299,2329.95,2283.1,2325,1185176
2022-07-25 00:00:00,2339.3,2348.8,2313,2328.85,1248393
2022-07-26 00:00:00,2334.95,2334.95,2286.55,2293.2,1142159
2022-07-27 00:00:00,2285.1,2311,2266.55,2303.55,1456382
2022-07-28 00:00:00,2321,2341.5,2305.05,2334.65,1126799
2022-07-29 00:00:00,2355,2392.5,2339.05,2352.05,1239445
2022-08-01 00:00:00,2364.8,2381.05,2339,2376.25,581266
2022-08-02 00:00:00,2370,2397.8,2357.05,2384.95,777687
2022-08-03 00:00:00,2395,2425.9,2355,2416.4,1207016
2022-08-04 00:00:00,2429.95,2430.45,2370.95,2423.65,1015590
2022-08-05 00:00:00,2425.2,2472.4,2417.35,2432.8,2443597
2022-08-08 00:00:00,2460,2474.7,2433.15,2446.95,1576547
2022-08-10 00:00:00,2469.9,2469.9,2417.1,2433.6,1065998
2022-08-11 00:00:00,2446.2,2486,2446.2,2472.35,1127878
2022-08-12 00:00:00,2472,2493,2461.9,2471.95,761420
2022-08-16 00:00:00,2461.1,2499.5,2435,2493.85,1035928
2022-08-17 00:00:00,2495,2523.15,2480.65,2492.2,863500
2022-08-18 00:00:00,2492.2,2503.9,2467.3,2478.7,827663
2022-08-19 00:00:00,2498.95,2498.95,2430.9,2440.6,751505
2022-08-22 00:00:00,2440,2458,2408,2417.6,947292
2022-08-23 00:00:00,2407,2501.95,2400,2480.2,1417877
2022-08-24 00:00:00,2495,2495,2441.05,2460.7,672569
2022-08-25 00:00:00,2473,2501.6,2456.7,2466.45,732577
2022-08-26 00:00:00,2483.05,2556,2481.55,2532.9,2398253
2022-08-29 00:00:00,2457.25,2540.9,2457.25,2531.7,1149676
2022-08-30 00:00:00,2545,2623.1,2543,2604.65,1794736
2022-09-01 00:00:00,2592.95,2647.15,2565.65,2622,1438313
2022-09-02 00:00:00,2631,2645,2607.05,2612.6,800453
2022-09-05 00:00:00,2625,2640,2610.85,2627.35,733481
2022-09-06 00:00:00,2631.7,2646.9,2611,2631.65,680071
2022-09-07 00:00:00,2607,2641.4,2600.4,2637.75,438635
2022-09-08 00:00:00,2649,2659.9,2616,2626.7,754150
2022-09-09 00:00:00,2652,2652.15,2593,2603.45,777186
2022-09-12 00:00:00,2616.8,2669.7,2610,2661.15,808360
2022-09-13 00:00:00,2680,2723,2672,2705.55,1536444
2022-09-14 00:00:00,2645,2712,2645,2700.6,915281
2022-09-15 00:00:00,2714.15,2717,2648,2656.15,753648
2022-09-16 00:00:00,2648,2677.65,2604.25,2611.8,1425731
2022-09-19 00:00:00,2611.75,2632,2552.55,2619.8,808421
2022-09-20 00:00:00,2642.2,2693.55,2635.1,2684,844553
2022-09-21 00:00:00,2688,2700,2656.65,2666.65,1052572
2022-09-22 00:00:00,2660,2744.95,2650,2737.6,1352472
2022-09-23 00:00:00,2737.6,2755.7,2667,2672.45,1226889
2022-09-26 00:00:00,2666,2677.95,2563.55,2655.5,1371409
2022-09-27 00:00:00,2669.95,2679.55,2585.55,2600.35,1246270
2022-09-28 00:00:00,2587.5,2634.5,2564.5,2576.95,1419969
2022-09-29 00:00:00,2594.85,2606.05,2517.35,2531.5,1177076
2022-09-30 00:00:00,2538,2637.4,2522.6,2606.95,1453944
2022-10-03 00:00:00,2625,2625,2555.6,2574.2,1049142
2022-10-04 00:00:00,2629,2629,2571.65,2585.1,1291070
2022-10-06 00:00:00,2598.05,2620,2581.6,2592.85,1409852
2022-10-07 00:00:00,2690,2745,2675,2730.5,5284814
2022-10-10 00:00:00,2710,2727.9,2658,2680.1,1290447
2022-10-11 00:00:00,2693,2694,2616.4,2624.5,1067626
2022-10-12 00:00:00,2630,2644.9,2606,2621.35,1131702
2022-10-13 00:00:00,2610,2628,2591,2598.65,1038687
2022-10-14 00:00:00,2640,2663.6,2607.75,2617.8,1326916
2022-10-17 00:00:00,2613.9,2634.9,2602.55,2625,1111199
2022-10-18 00:00:00,2638.15,2664.7,2623.15,2641.1,771852
2022-10-19 00:00:00,2654.35,2677,2640,2644.55,1001916
2022-10-20 00:00:00,2640,2644,2581.35,2631.5,1022636
2022-10-21 00:00:00,2650,2679.65,2640.05,2665.65,986521
2022-10-24 00:00:00,2697,2699.9,2679.15,2683.9,184595
2022-10-25 00:00:00,2697.35,2697.35,2662,2670.3,505759
2022-10-27 00:00:00,2700,2765,2680,2703.8,2117791
2022-10-28 00:00:00,2708.95,2738.9,2693.25,2736.4,1003160
2022-10-31 00:00:00,2750,2791,2738.25,2761.5,1144647
2022-11-01 00:00:00,2770.15,2784,2741,2754.95,890107
2022-11-02 00:00:00,2745,2747.35,2703,2728.45,1704942
2022-11-03 00:00:00,2705,2779,2705,2763.65,1227960
2022-11-04 00:00:00,2774.9,2781.45,2746.6,2769.7,1172058
2022-11-07 00:00:00,2772,2772,2706.3,2741.55,1825529
2022-11-09 00:00:00,2769,2769,2710,2718.1,1184702
2022-11-10 00:00:00,2710,2711.1,2628,2641,1198585
2022-11-11 00:00:00,2671,2694.4,2641.55,2651.8,833729
2022-11-14 00:00:00,2658,2665,2623.2,2629.8,565428
2022-11-15 00:00:00,2642.95,2669.15,2621.05,2656.65,1033296
2022-11-16 00:00:00,2659,2678.2,2630,2644.3,835064
2022-11-17 00:00:00,2638,2645,2576,2582,1265647
2022-11-18 00:00:00,2580,2583.4,2545,2565.8,1038751
2022-11-21 00:00:00,2552,2578.95,2539.65,2573.35,629040
2022-11-22 00:00:00,2580,2609,2561,2606.2,912070
2022-11-23 00:00:00,2614.95,2632.5,2590.8,2601.75,992873
2022-11-24 00:00:00,2611,2618.3,2592.5,2610.2,752066
2022-11-25 00:00:00,2620,2620,2586,2595.4,633047
2022-11-28 00:00:00,2584.4,2608.5,2579,2592.25,665149
2022-11-29 00:00:00,2597.15,2640,2595.05,2613.75,866621
2022-11-30 00:00:00,2613.75,2665,2604.2,2653,1569918
2022-12-01 00:00:00,2662,2665,2630,2638.7,539844
2022-12-02 00:00:00,2648,2651.4,2605,2617.9,731396
2022-12-05 00:00:00,2629,2629.95,2589.25,2615.65,747114
2022-12-06 00:00:00,2619.8,2624,2591.3,2617,706596
2022-12-07 00:00:00,2616.3,2623.75,2586.7,2596.85,712914
2022-12-08 00:00:00,2596.85,2613.9,2578.75,2583.5,648288
2022-12-09 00:00:00,2597,2629.9,2567.95,2615.45,935047
2022-12-12 00:00:00,2613.5,2613.5,2571,2584.65,726330
2022-12-13 00:00:00,2597.4,2600,2565,2575.9,832740
2022-12-14 00:00:00,2574.85,2596,2571.15,2591.1,767737
2022-12-15 00:00:00,2585,2588.65,2514.55,2522.7,1225728
2022-12-16 00:00:00,2500,2520,2480,2482.85,1177053
2022-12-19 00:00:00,2483.2,2525.25,2468.7,2521.8,572224
2022-12-20 00:00:00,2516.8,2517.6,2482.1,2508.15,597902
2022-12-21 00:00:00,2515,2528,2481,2489.6,519326
2022-12-22 00:00:00,2491.8,2509.2,2465,2483,557608
2022-12-23 00:00:00,2467.65,2505,2455,2483.05,1310439
2022-12-26 00:00:00,2487.75,2512.4,2470.25,2481.1,1076808
2022-12-27 00:00:00,2498,2519.9,2485.6,2503.55,791283
2022-12-28 00:00:00,2502.8,2596,2497.5,2580.15,2443430
2022-12-29 00:00:00,2555,2588.85,2542.2,2553.25,1583143
2022-12-30 00:00:00,2564,2610,2553.05,2597.5,1057182
2023-01-02 00:00:00,2607,2616,2556.8,2565.75,697408
2023-01-03 00:00:00,2568,2619,2555.05,2613.6,852511
2023-01-04 00:00:00,2618.8,2626.25,2585.6,2597.55,832054
2023-01-05 00:00:00,2591,2620,2543.65,2562.1,1544601
2023-01-06 00:00:00,2560,2584.4,2517,2538.1,879019
2023-01-09 00:00:00,2529.95,2529.95,2467.8,2484.65,2324487
2023-01-10 00:00:00,2495,2498.7,2456,2468.2,948787
2023-01-11 00:00:00,2473,2488.6,2431,2437.4,1000412
2023-01-12 00:00:00,2450,2475,2432,2446.6,874520
2023-01-13 00:00:00,2456.9,2456.9,2400,2417.2,1416869
2023-01-16 00:00:00,2428,2434.8,2392,2405.85,737012
2023-01-17 00:00:00,2405,2417.9,2386,2407.95,926137
2023-01-18 00:00:00,2418,2429.85,2412.8,2424.1,601233
2023-01-19 00:00:00,2392.5,2411.8,2367.2,2385.05,1116874
2023-01-20 00:00:00,2389.95,2396.95,2353,2371.3,1229902
2023-01-23 00:00:00,2383.95,2384.3,2355.6,2364.7,932554
2023-01-24 00:00:00,2372.5,2390.6,2364,2370.75,714000
2023-01-25 00:00:00,2370,2370,2333.55,2356.6,650664
2023-01-27 00:00:00,2368.4,2368.4,2302.6,2331.25,1238620
2023-01-30 00:00:00,2332,2342.85,2287.05,2335.55,1401847
2023-01-31 00:00:00,2347,2386.45,2335.65,2377.15,1252600
2023-02-01 00:00:00,2408.55,2409.8,2300.05,2345.9,1521514
2023-02-02 00:00:00,2341.05,2385,2269.6,2308.1,1788381
2023-02-03 00:00:00,2320.1,2470,2320.1,2463.1,3693638
2023-02-06 00:00:00,2474.85,2479.95,2447.6,2458,1049075
2023-02-07 00:00:00,2456.3,2459.75,2432.1,2446.9,563195
2023-02-08 00:00:00,2447,2480,2447,2466.75,539085
2023-02-09 00:00:00,2467,2475.65,2451.6,2462.55,464715
2023-02-10 00:00:00,2452,2472,2442.05,2468.5,597337
2023-02-13 00:00:00,2480,2523.95,2476.15,2519.05,1856317
2023-02-14 00:00:00,2528.95,2528.95,2480,2506.9,843477
2023-02-15 00:00:00,2503.45,2528.25,2483.3,2524.3,707224
2023-02-16 00:00:00,2530,2545.65,2518.1,2522.4,704946
2023-02-17 00:00:00,2515,2545.85,2496,2500.3,607239
2023-02-20 00:00:00,2500,2507.25,2466.3,2474.15,460090
2023-02-21 00:00:00,2485.95,2485.95,2450.5,2463.6,750272
2023-02-22 00:00:00,2451.95,2462.8,2414.4,2431.55,1098118
2023-02-23 00:00:00,2432.5,2432.5,2380,2394.5,1602078
2023-02-24 00:00:00,2400,2413.75,2377.95,2399.1,1145691
2023-02-27 00:00:00,2399.1,2412,2373.6,2401,862629
2023-02-28 00:00:00,2401.1,2425,2363.6,2372.8,1430349
2023-03-01 00:00:00,2370,2396.05,2366.35,2382.4,479935
2023-03-02 00:00:00,2382.35,2394.3,2351.75,2358.95,529609
2023-03-03 00:00:00,2370,2402,2358.3,2396.1,710845
2023-03-06 00:00:00,2412.55,2426.4,2392.6,2403.45,682556
2023-03-08 00:00:00,2396.4,2401.2,2372.25,2397.1,858496
2023-03-09 00:00:00,2400.8,2407.95,2365,2368.25,601071
2023-03-10 00:00:00,2354.85,2379.95,2338,2375.5,543004
2023-03-13 00:00:00,2372.75,2376.95,2321,2332,631722
2023-03-14 00:00:00,2336.95,2391.85,2328.85,2355.6,1470817
2023-03-15 00:00:00,2380,2413.85,2379.95,2399.1,1656307
2023-03-16 00:00:00,2413.5,2482,2413,2450.35,2317115
2023-03-17 00:00:00,2467.15,2474,2447.4,2455.65,1625905
2023-03-20 00:00:00,2462,2474.95,2441.55,2459.95,918922
2023-03-21 00:00:00,2475,2521.55,2468.05,2514.05,1652107
2023-03-22 00:00:00,2517.95,2524,2495,2508.15,754732
2023-03-23 00:00:00,2510,2528,2494.05,2519.05,610778
2023-03-24 00:00:00,2516.8,2519.7,2474.95,2493.35,838919
2023-03-27 00:00:00,2480,2510,2466.8,2494.4,728727
2023-03-28 00:00:00,2502.9,2507.15,2493.9,2500.3,599191
2023-03-29 00:00:00,2500.3,2525,2494,2515.05,710603
2023-03-31 00:00:00,2526.95,2536.75,2500,2514.9,848456
2023-04-03 00:00:00,2525.9,2544.65,2513.3,2537.4,701713
2023-04-05 00:00:00,2560,2581.5,2550.1,2572.7,1438377
2023-04-06 00:00:00,2583,2584,2545,2548.45,1192271
2023-04-10 00:00:00,2568,2602,2561.05,2583.7,1497452
2023-04-11 00:00:00,2583.7,2603.5,2576,2580.05,820568
2023-04-12 00:00:00,2580.05,2593.45,2564.15,2587.9,553807
2023-04-13 00:00:00,2588,2599.95,2577.3,2585.65,481459
2023-04-17 00:00:00,2600,2612.25,2582.3,2605.6,1044487
2023-04-18 00:00:00,2603.05,2607.65,2560.1,2577.7,674756
2023-04-19 00:00:00,2580.05,2595.95,2562,2569.3,687292
2023-04-20 00:00:00,2577.65,2619,2570.5,2579.25,995472
2023-04-21 00:00:00,2593.6,2594.55,2559.25,2568.3,409932
2023-04-24 00:00:00,2571.1,2636.4,2570,2629.55,1026391
2023-04-25 00:00:00,2634.85,2637,2614.95,2633.2,630987
2023-04-26 00:00:00,2633,2647.65,2625.65,2641,631279
2023-04-27 00:00:00,2641,2674,2631.5,2663.45,620037
2023-04-28 00:00:00,2672.45,2679.3,2619.5,2641.85,1567472
2023-05-02 00:00:00,2657,2674,2633.4,2663.85,726439
2023-05-03 00:00:00,2675,2679.5,2643.1,2654.05,808211
2023-05-04 00:00:00,2679.7,2694.25,2656.55,2670.4,1936641
2023-05-05 00:00:00,2670.6,2766,2666.3,2732.9,2190777
2023-05-08 00:00:00,2732.95,2770,2732.9,2751.25,848638
2023-05-09 00:00:00,2753.3,2790,2738.45,2748.4,893686
2023-05-10 00:00:00,2760,2767.7,2736.2,2745.45,522149
2023-05-11 00:00:00,2758,2765,2744.05,2757.85,621067
2023-05-12 00:00:00,2760.8,2784.5,2756.85,2773.2,705516
2023-05-15 00:00:00,2774,2802.1,2764.25,2779.55,772914
2023-05-16 00:00:00,2785,2800.8,2774.55,2790.25,548885
2023-05-17 00:00:00,2785,2790,2750.05,2762.4,539547
2023-05-18 00:00:00,2782,2782,2716.1,2721.85,612441
2023-05-19 00:00:00,2719.95,2719.95,2683.05,2701.65,846419
2023-05-22 00:00:00,2701.6,2734,2701.1,2712.55,559506
2023-05-23 00:00:00,2719.95,2726.4,2677.3,2683.45,713749
2023-05-24 00:00:00,2675,2722,2670,2707.25,814553
2023-05-25 00:00:00,2714.45,2720,2682,2707.95,651488
2023-05-26 00:00:00,2707.95,2759.7,2699.15,2742.15,811400
2023-05-29 00:00:00,2745,2821.8,2745,2812.25,1107678
2023-05-30 00:00:00,2829.5,2841.9,2797.7,2802.5,1263691
2023-05-31 00:00:00,2802.5,2832.1,2790.1,2823.25,1394580
2023-06-01 00:00:00,2823.25,2837.65,2814.7,2827.25,538550
2023-06-02 00:00:00,2830,2871,2826.45,2861.65,1116501
2023-06-05 00:00:00,2875,2875,2840,2855.7,724102
2023-06-06 00:00:00,2860.95,2893,2858.3,2881.45,1148132
2023-06-07 00:00:00,2895,2910,2870,2906.95,862821
2023-06-08 00:00:00,2906.9,2921.85,2871.05,2877,560514
2023-06-09 00:00:00,2890,2919.95,2863.25,2876.25,727880
2023-06-12 00:00:00,2884.95,2885.45,2833.25,2852.6,1112274
2023-06-13 00:00:00,2859.9,2918,2855.1,2912.5,776313
2023-06-14 00:00:00,2920,2928.2,2897,2907.05,617700
2023-06-15 00:00:00,2911.05,2924.65,2900,2908,564711
2023-06-16 00:00:00,2911.8,2960,2911.8,2954.3,1022389
2023-06-19 00:00:00,2967,3024.4,2963.35,2968.6,1382633
2023-06-20 00:00:00,2972.7,2986.35,2948.3,2974,672298
2023-06-21 00:00:00,2974,2985,2958.15,2971.1,509602
2023-06-22 00:00:00,2975,2984.75,2955.8,2970.25,496441
2023-06-23 00:00:00,2972.5,2981,2932,2939.15,869340
2023-06-26 00:00:00,2940,2981,2940,2972.6,839713
2023-06-27 00:00:00,2973,2989.2,2940.7,2975.7,913730
2023-06-28 00:00:00,2995,3044.4,2985.05,3028.1,1525117
2023-06-30 00:00:00,3046,3067.95,3029.15,3047.65,946112
2023-07-03 00:00:00,3050.1,3054,3026.3,3038.3,429100
2023-07-04 00:00:00,3041.5,3090,3039,3074.65,1291238
2023-07-05 00:00:00,3075,3113.9,3063,3099.85,643663
2023-07-06 00:00:00,3100,3111.85,3081.4,3106.4,976956
2023-07-07 00:00:00,3140,3210,3126.4,3144,3630808
2023-07-10 00:00:00,3155,3155,3030.25,3045.55,1777220
2023-07-11 00:00:00,3062.85,3098,3044.8,3087.6,1141925
2023-07-12 00:00:00,3114,3124,3087.65,3096.5,1300168
2023-07-13 00:00:00,3113.95,3114.6,3079.3,3084.75,932018
2023-07-14 00:00:00,3093.65,3097.35,3042.6,3055.55,721349
2023-07-17 00:00:00,3070,3072.95,3020,3033.45,866575
2023-07-18 00:00:00,3033.45,3039.95,2963.4,2996.45,1359863
2023-07-19 00:00:00,3010.1,3017.4,2985.05,2995.65,568891
2023-07-20 00:00:00,3002.25,3016.6,2966,2989.3,1021556
2023-07-21 00:00:00,2990.75,3005,2970,2976.3,599594
2023-07-24 00:00:00,2978,2992.9,2951.25,2979.2,523141
2023-07-25 00:00:00,2980,3032.9,2972.75,3029,874788
2023-07-26 00:00:00,3044.9,3044.9,2995,3008.35,588487
2023-07-27 00:00:00,3013.95,3024.1,2983.65,3002.1,595544
2023-07-28 00:00:00,3008.15,3010,2951.7,2987,837051
2023-07-31 00:00:00,2950,3017.95,2950,3004.05,656048
2023-08-01 00:00:00,3024.85,3027.5,2987.7,3001.9,602288
2023-08-02 00:00:00,3005.65,3005.7,2960,2977.15,1152335
2023-08-03 00:00:00,2937.95,2986.95,2883,2902.1,3319847
2023-08-04 00:00:00,2919.95,2935.8,2898,2904.4,709334
2023-08-07 00:00:00,2919.95,2919.95,2882.45,2904.6,580359
2023-08-08 00:00:00,2918,2932,2904.6,2921.25,474417
2023-08-09 00:00:00,2924,2962,2918.15,2955.9,600081
2023-08-10 00:00:00,2958,2995.5,2917,2988.55,970990
2023-08-11 00:00:00,2988.5,3067.45,2980,3017.25,1823274
2023-08-14 00:00:00,3020.35,3020.35,2988.35,3010.65,542561
2023-08-16 00:00:00,3005,3015.9,2978.05,3011.1,544441
2023-08-17 00:00:00,3018,3079.45,3012,3071.75,1699758
2023-08-18 00:00:00,3070.6,3079.5,3035,3050.45,860782
2023-08-21 00:00:00,3051,3082.5,3050,3078.3,706621
2023-08-22 00:00:00,3084.95,3091,3040.1,3075.6,714220
2023-08-23 00:00:00,3075.6,3085,3056.3,3070,602197
2023-08-24 00:00:00,3075.7,3099.9,3056.25,3061.2,618626
2023-08-25 00:00:00,3055,3074.75,3037.55,3067.2,648003
2023-08-28 00:00:00,3074,3079.95,3040.7,3048.55,471698
2023-08-29 00:00:00,3051.95,3090,3044,3079.4,482639
2023-08-30 00:00:00,3080,3111,3067,3082.2,582766
2023-08-31 00:00:00,3090.85,3118.95,3082.2,3104.45,1420498
2023-09-01 00:00:00,3111.95,3124.9,3100,3116.8,423739
2023-09-04 00:00:00,3116.95,3124.95,3086.3,3100.3,539813
2023-09-05 00:00:00,3120,3157.5,3115,3136.15,721199
2023-09-06 00:00:00,3136.15,3180.55,3120.85,3176.05,1163154
2023-09-07 00:00:00,3173,3182.95,3152,3172.8,805295
2023-09-08 00:00:00,3182,3205,3172.8,3199.1,700158
2023-09-11 00:00:00,3209.95,3221.55,3186.6,3213.3,544452
2023-09-12 00:00:00,3216.05,3221.15,3177.6,3185.8,591509
2023-09-13 00:00:00,3178.05,3270,3178.05,3263.2,1370306
2023-09-14 00:00:00,3277.55,3302.45,3240,3261.35,1264935
2023-09-15 00:00:00,3261.6,3264,3239,3248.6,1397407
2023-09-18 00:00:00,3257,3352,3246.8,3339.5,1423507
2023-09-20 00:00:00,3314,3349,3300.05,3306.65,1201025
2023-09-21 00:00:00,3300,3322.5,3285.8,3304.5,1091384
2023-09-22 00:00:00,3298.8,3298.8,3261.7,3274.5,1019051
2023-09-25 00:00:00,3274.5,3314.9,3261.35,3283.95,623515
2023-09-26 00:00:00,3294,3308,3255,3262.6,1054827
2023-09-27 00:00:00,3246.8,3266.95,3186,3214.55,1464192
2023-09-28 00:00:00,3217.5,3224.9,3141.75,3157.25,1214383
2023-09-29 00:00:00,3160.05,3176.45,3143.05,3148.8,697564
2023-10-03 00:00:00,3148.8,3212.5,3114.4,3196.25,1007308
2023-10-04 00:00:00,3186,3205,3151,3166.65,486969
2023-10-05 00:00:00,3173.9,3231,3165,3216.5,1109881
2023-10-06 00:00:00,3230,3319.8,3221.1,3309.75,1102120
2023-10-09 00:00:00,3294.7,3296,3249.05,3267.5,822467
2023-10-10 00:00:00,3295,3299.2,3259.3,3269.2,633934
2023-10-11 00:00:00,3289.7,3296,3264,3280.5,546575
2023-10-12 00:00:00,3292,3295.05,3262.6,3285,429096
2023-10-13 00:00:00,3285,3307,3266.55,3283.75,920545
2023-10-16 00:00:00,3284,3329,3275,3301.4,778014
2023-10-17 00:00:00,3317.95,3328.45,3304.1,3308.45,584625
2023-10-18 00:00:00,3309.2,3324.15,3277.5,3282.75,324535
2023-10-19 00:00:00,3270,3300.95,3239,3284.65,698767
2023-10-20 00:00:00,3272.65,3291.5,3244,3266.2,657550
2023-10-23 00:00:00,3246.2,3274.95,3209.7,3219.75,566920
2023-10-25 00:00:00,3216,3236.3,3179,3187.85,762466
2023-10-26 00:00:00,3160.35,3189.9,3092.05,3100.8,1124281
2023-10-27 00:00:00,3095.1,3138.75,3087.25,3120.7,1050608
2023-10-30 00:00:00,3105,3121.95,3075,3116.45,802316
2023-10-31 00:00:00,3119.6,3205.8,3087.85,3189.65,1235478
2023-11-01 00:00:00,3193.85,3212.9,3168.35,3173.4,756820
2023-11-02 00:00:00,3200,3228.5,3180,3201.5,774180
2023-11-03 00:00:00,3205.15,3288,3205.05,3274.5,1355614
2023-11-06 00:00:00,3310,3310,3245.3,3267.05,1137606
2023-11-07 00:00:00,3274,3286.45,3250.2,3270.2,433992
2023-11-08 00:00:00,3289,3323.8,3272.2,3311.85,632305
2023-11-09 00:00:00,3320.95,3320.95,3274.65,3283.75,1317398
2023-11-10 00:00:00,3263.05,3274.95,3223,3256.35,1170763
2023-11-12 00:00:00,3300,3320,3265,3280.6,204514
2023-11-13 00:00:00,3275,3278.35,3250.6,3264.75,275538
2023-11-15 00:00:00,3275.25,3300.9,3260.75,3295.95,747863
2023-11-16 00:00:00,3295.4,3358,3259.25,3335.95,1055389
2023-11-17 00:00:00,3339,3366,3326.7,3338.85,633405
2023-11-20 00:00:00,3338,3353.95,3312.25,3345.85,497379
2023-11-21 00:00:00,3365,3401.75,3355.1,3394.45,1038863
2023-11-22 00:00:00,3400,3435,3396.05,3429.85,980779
2023-11-23 00:00:00,3433.9,3441.95,3396.3,3408.4,517362
2023-11-24 00:00:00,3406,3419.1,3382.55,3396.95,589530
2023-11-28 00:00:00,3417.95,3445.95,3397.35,3442.4,733524
2023-11-29 00:00:00,3473.85,3473.85,3424,3429.3,819200
2023-11-30 00:00:00,3431.1,3500,3422.25,3490.6,1480088
2023-12-01 00:00:00,3499,3500,3470,3489.5,655263
2023-12-04 00:00:00,3550,3550,3478.05,3488.4,808838
2023-12-05 00:00:00,3488.4,3550,3479,3545.3,713651
2023-12-06 00:00:00,3550,3573.95,3522.1,3546.9,474140
2023-12-07 00:00:00,3546.9,3595,3519.05,3585.4,820214
2023-12-08 00:00:00,3575,3646.95,3575,3634.65,1562141
2023-12-11 00:00:00,3634.55,3644.6,3598.3,3630.5,620604
2023-12-12 00:00:00,3637,3644.5,3563.25,3571.4,1075941
2023-12-13 00:00:00,3585,3609.75,3552.75,3602.35,717618
2023-12-14 00:00:00,3647,3647,3584.35,3591.4,992762
2023-12-15 00:00:00,3615,3615,3584.8,3600.55,906271
2023-12-18 00:00:00,3600.7,3667.2,3593.9,3619.6,699850
2023-12-19 00:00:00,3610.65,3627.95,3600.1,3610.45,577926
2023-12-20 00:00:00,3610.45,3651.5,3541,3554.1,849001
2023-12-21 00:00:00,3524.1,3598.95,3518.8,3580,816722
2023-12-22 00:00:00,3580,3638.45,3560.55,3627.35,777099
2023-12-26 00:00:00,3635,3665,3623.45,3656.7,526101
2023-12-27 00:00:00,3668,3695,3645,3689.25,666625
2023-12-28 00:00:00,3699.9,3737,3680.7,3715.1,1033648
2023-12-29 00:00:00,3715.1,3715.1,3660.25,3675.45,709614
2024-01-01 00:00:00,3689,3698,3667.5,3677.15,286683
2024-01-02 00:00:00,3689,3707.85,3642.5,3698.25,453685
2024-01-03 00:00:00,3708,3709.95,3665,3693.05,356757
2024-01-04 00:00:00,3696,3727,3686.65,3719.7,545228
2024-01-05 00:00:00,3719.7,3750,3687.25,3712.55,963628
2024-01-08 00:00:00,3770,3776.85,3695.8,3706.05,1202148
2024-01-09 00:00:00,3736.95,3753.95,3685.15,3694,572612
2024-01-10 00:00:00,3708,3730,3690,3714.45,556311
2024-01-11 00:00:00,3726.9,3742.7,3692.6,3698.6,392818
2024-01-12 00:00:00,3700,3734.3,3647.95,3726,990582
2024-01-15 00:00:00,3740,3775,3736,3758.85,661292
2024-01-16 00:00:00,3758.85,3858,3756,3820.3,1170685
2024-01-17 00:00:00,3818.95,3855,3800,3830.05,723356
2024-01-18 00:00:00,3791.35,3824.65,3718.85,3734.7,1293580
2024-01-19 00:00:00,3742.2,3861.5,3740.7,3810.6,2566367
2024-01-20 00:00:00,3833.95,3834.4,3780,3784.7,238575
2024-01-23 00:00:00,3786,3858,3705.75,3739.65,1053510
2024-01-24 00:00:00,3764,3780,3711.75,3767.85,636988
2024-01-25 00:00:00,3770.4,3796.95,3730.1,3770.2,646135
2024-01-29 00:00:00,3760.6,3875,3760.55,3866.65,699215
2024-01-30 00:00:00,3882,3886.95,3715,3735.75,852445
2024-01-31 00:00:00,3749,3775,3653.25,3697.55,1386754
2024-02-01 00:00:00,3738,3738,3601,3627.45,1408462
2024-02-02 00:00:00,3635,3713.45,3602.45,3612.4,2320153
2024-02-05 00:00:00,3612.95,3624.65,3534.9,3552.05,1771614
2024-02-06 00:00:00,3552.05,3577.95,3531.6,3559.15,1069901
2024-02-07 00:00:00,3578,3620,3555.8,3576.5,900220
2024-02-08 00:00:00,3604.8,3610,3503,3549.1,1011857
2024-02-09 00:00:00,3549.1,3597.9,3532.85,3591.6,838509
2024-02-12 00:00:00,3599,3618.6,3570.05,3585.25,487283
2024-02-13 00:00:00,3607,3608.75,3551.15,3559.95,796060
2024-02-14 00:00:00,3546,3593.85,3503.3,3585.55,1046318
2024-02-15 00:00:00,3595.05,3632,3571,3622.05,759063
2024-02-16 00:00:00,3648,3690,3624.5,3655.4,915502
2024-02-19 00:00:00,3671.95,3709.5,3650,3695.05,528874
2024-02-20 00:00:00,3700,3719.95,3665.5,3686.7,744107
2024-02-21 00:00:00,3652.05,3707.5,3640,3656.35,660426
2024-02-22 00:00:00,3676,3676,3555.35,3652.05,1017437
2024-02-23 00:00:00,3672,3737,3655,3691.95,897831
2024-02-26 00:00:00,3690,3690,3610.85,3622.5,546842
2024-02-27 00:00:00,3630,3675,3621.05,3653.85,673959
2024-02-28 00:00:00,3655,3669,3582.15,3594.7,538608
2024-02-29 00:00:00,3595.2,3654,3585.3,3624.4,1692242
2024-03-01 00:00:00,3630,3774,3626,3765.9,1533727
2024-03-02 00:00:00,3778,3778,3747.35,3764.1,51206
2024-03-04 00:00:00,3761.6,3764.1,3715,3732.4,787542
2024-03-05 00:00:00,3748,3759.15,3708,3750.75,733660
2024-03-06 00:00:00,3748.05,3815,3702.7,3810.75,765602
2024-03-07 00:00:00,3812.05,3824.25,3768.1,3786.9,838514
2024-03-11 00:00:00,3802.9,3808,3742.05,3750.15,597848
2024-03-12 00:00:00,3762,3766,3713.5,3748.8,564569
2024-03-13 00:00:00,3759,3762,3590,3625.7,1027729
2024-03-14 00:00:00,3629.95,3648,3580.15,3640.15,1293906
2024-03-15 00:00:00,3634.7,3655.95,3610,3633.2,1207241
2024-03-18 00:00:00,3619,3620,3565.1,3579.7,785257
2024-03-19 00:00:00,3579,3606.65,3547.05,3583.4,554444
2024-03-20 00:00:00,3583.4,3596.9,3550,3590.5,526882
2024-03-21 00:00:00,3606.95,3637,3590.05,3627.55,767905
2024-03-22 00:00:00,3627.55,3726.9,3621.25,3706.7,1281102
2024-03-26 00:00:00,3665,3729.95,3665,3698.2,1158224
2024-03-27 00:00:00,3699,3784.9,3692.8,3759.4,1315714
2024-03-28 00:00:00,3760,3838.3,3732.55,3801.8,1590738
2024-04-01 00:00:00,3822.95,3832.55,3730.5,3738.4,964052
2024-04-02 00:00:00,3754,3781.45,3734.1,3755.95,677963
2024-04-03 00:00:00,3745.1,3752,3705,3712.5,801601
2024-04-04 00:00:00,3740,3792.3,3679,3782.75,1177617
2024-04-05 00:00:00,3778.4,3801.9,3741,3754.45,623873
2024-04-08 00:00:00,3798.65,3808.3,3720.35,3748.9,849267
2024-04-09 00:00:00,3755,3761,3664.35,3679.35,745285
2024-04-10 00:00:00,3690,3720.35,3681.45,3711.2,567546
2024-04-12 00:00:00,3689.55,3694.8,3609.45,3619.3,1910561
2024-04-15 00:00:00,3607,3639.2,3590,3600.6,854076
2024-04-16 00:00:00,3589,3653.2,3583,3645.9,1116890
2024-04-18 00:00:00,3645.9,3660,3501,3525.1,1677946
2024-04-19 00:00:00,3525.1,3571.2,3478.25,3563.05,1507940
2024-04-22 00:00:00,3567,3615,3552,3596.75,668659
2024-04-23 00:00:00,3619.95,3648,3605.15,3633,769991
2024-04-24 00:00:00,3642,3644.85,3580.05,3609.75,652811
2024-04-25 00:00:00,3595,3602.5,3541,3571.1,1889163
2024-04-26 00:00:00,3588,3593.25,3556.3,3584.8,798783
2024-04-29 00:00:00,3585,3613.45,3573.15,3604.85,703524
2024-04-30 00:00:00,3602.65,3619.5,3580,3589.25,963220
2024-05-02 00:00:00,3585,3598,3546.3,3568.45,1435891
2024-05-03 00:00:00,3595,3599,3492,3533.9,1681592
2024-05-06 00:00:00,3476,3488.8,3257,3280.15,6891728
2024-05-07 00:00:00,3330,3332,3227,3270.9,3111444
2024-05-08 00:00:00,3275.4,3281,3238.45,3259.85,2054981
2024-05-09 00:00:00,3259.85,3322.5,3233,3245.7,1860654
2024-05-10 00:00:00,3258.1,3306.2,3242.75,3289.85,1307103
2024-05-13 00:00:00,3307.5,3308,3230.5,3253.65,1294603
2024-05-14 00:00:00,3250,3308,3250,3288.9,620163
2024-05-15 00:00:00,3304,3306.45,3260,3268.55,657036
2024-05-16 00:00:00,3276.3,3348,3251.3,3333.9,1404971
2024-05-17 00:00:00,3347.95,3368,3308,3361.15,1194228
2024-05-18 00:00:00,3376,3376,3345,3362.55,56642
2024-05-21 00:00:00,3355,3380.3,3351,3377,827674
2024-05-22 00:00:00,3384.75,3403.1,3360,3383.85,626567
2024-05-23 00:00:00,3383,3460.4,3377.75,3452.05,977789
2024-05-24 00:00:00,3452.1,3455.05,3404.2,3412.4,878625
2024-05-27 00:00:00,3423.95,3436.3,3390.3,3403.4,804488
2024-05-28 00:00:00,3404,3423,3392.15,3409.4,548576
2024-05-29 00:00:00,3405.35,3418,3371.1,3380.4,519533
2024-05-30 00:00:00,3365,3365,3254,3271.85,2365535
2024-05-31 00:00:00,3298,3328.8,3216.75,3241.9,2524214
2024-06-03 00:00:00,3310,3332.95,3250,3261.2,1378542
2024-06-04 00:00:00,3261.2,3295.2,3055.65,3238.95,2934800
2024-06-05 00:00:00,3266,3334,3201.05,3317.65,1396386
2024-06-06 00:00:00,3329,3360,3290.75,3321.65,1825503
2024-06-07 00:00:00,3294.4,3456.6,3294.4,3444.05,2084099
2024-06-10 00:00:00,3443,3452,3390,3422.2,1655552
2024-06-11 00:00:00,3418.2,3438.3,3401.9,3410.7,1086157
2024-06-12 00:00:00,3411.35,3418.9,3370.85,3382.3,2054168
2024-06-13 00:00:00,3424.95,3477.1,3390,3472.2,1753028
2024-06-14 00:00:00,3490,3535,3479,3530.05,2346892
2024-06-18 00:00:00,3554.8,3625,3538,3589,1585048
2024-06-19 00:00:00,3595,3595,3456,3462.35,1862394
2024-06-20 00:00:00,3474,3490,3418.1,3435.95,2377432
2024-06-21 00:00:00,3430.7,3473.65,3383.4,3399.75,2707405
2024-06-24 00:00:00,3380.35,3429,3372.3,3412.35,645002
2024-06-25 00:00:00,3412.55,3423.4,3384.9,3402.45,1299560
2024-06-26 00:00:00,3401.5,3401.5,3370,3372.75,1485709
2024-06-27 00:00:00,3370,3392.5,3361.05,3380.6,1462935
2024-06-28 00:00:00,3380.6,3419.9,3366.35,3404.2,1005498
2024-07-01 00:00:00,3382,3435,3381.5,3431.45,1001832
2024-07-02 00:00:00,3446,3450,3385.3,3399.65,878947
2024-07-03 00:00:00,3420.8,3426.95,3341.9,3360.25,980605
2024-07-04 00:00:00,3365,3369.9,3330,3336,741143
2024-07-05 00:00:00,3332,3332,3257,3269.35,2001382
2024-07-08 00:00:00,3204,3204,3126.1,3156.2,5323920
2024-07-09 00:00:00,3170,3222.05,3165,3215.15,2044328
2024-07-10 00:00:00,3217.75,3252.7,3190.5,3225,1437517
2024-07-11 00:00:00,3246.95,3258.75,3230,3248.6,1105185
2024-07-12 00:00:00,3266,3269,3220.05,3229.85,1496692
2024-07-15 00:00:00,3241.75,3252.4,3205.4,3224.2,1243810
2024-07-16 00:00:00,3227.95,3251,3224.1,3234.05,501336
2024-07-18 00:00:00,3232.95,3269.1,3206,3262.1,1086374
2024-07-19 00:00:00,3262.05,3279,3235,3259,1111191
2024-07-22 00:00:00,3250,3273.4,3223.2,3254.45,696255
2024-07-23 00:00:00,3255.1,3490,3232.15,3466.85,7159507
2024-07-24 00:00:00,3470,3552.5,3462.15,3478.4,3862140
2024-07-25 00:00:00,3415,3454.4,3384.45,3405.8,1476422
2024-07-26 00:00:00,3405.8,3501.7,3393,3494.15,1830745
2024-07-29 00:00:00,3495,3499.55,3388,3411.7,2213293
2024-07-30 00:00:00,3424.95,3479,3410.6,3468.25,1316880
2024-07-31 00:00:00,3479.05,3499.9,3446.55,3458.95,1361595
2024-08-01 00:00:00,3475,3492,3442.5,3468.35,879399
2024-08-02 00:00:00,3415,3477.9,3410,3462.35,1168195
2024-08-05 00:00:00,3320.05,3459,3316.5,3375.95,1932064
2024-08-06 00:00:00,3380.95,3416.35,3321.1,3335.1,976535
2024-08-07 00:00:00,3360,3368.85,3317.05,3326.25,1277139
2024-08-08 00:00:00,3337,3359.95,3283.9,3296.5,1280733
2024-08-09 00:00:00,3350,3350,3285.1,3331.7,1019809
2024-08-12 00:00:00,3331.65,3345,3295.35,3320.85,874598
2024-08-13 00:00:00,3330,3404.75,3305.4,3383.55,1314371
2024-08-14 00:00:00,3390,3416.2,3356.85,3402.15,997803
2024-08-16 00:00:00,3410,3450.1,3370.2,3444.75,1161982
2024-08-19 00:00:00,3436.2,3504.2,3436.2,3464.85,1135205
2024-08-20 00:00:00,3480,3483.1,3454.4,3474.9,526591
2024-08-21 00:00:00,3474.9,3582,3454.55,3560.4,1990034
2024-08-22 00:00:00,3574.95,3625,3553.7,3604.4,1531544
2024-08-23 00:00:00,3611.45,3622.85,3544,3570,1173387
2024-08-26 00:00:00,3592,3640,3574.05,3630.2,1156681
2024-08-27 00:00:00,3630.2,3658.8,3530.5,3551.25,1169007
2024-08-28 00:00:00,3559.65,3579.95,3519.9,3527.5,727481
2024-08-29 00:00:00,3537,3553.75,3510,3533.2,927472
2024-08-30 00:00:00,3550,3598,3542.5,3565.15,2116894
2024-09-02 00:00:00,3565.15,3601.95,3552,3587.55,718800
2024-09-03 00:00:00,3587.55,3634.9,3560.15,3621.15,1112614
2024-09-04 00:00:00,3586.1,3617.5,3568.2,3607.7,529856
2024-09-05 00:00:00,3616.6,3753.95,3600.4,3722.85,3437885
2024-09-06 00:00:00,3714.95,3742,3665,3695.5,1408795
2024-09-09 00:00:00,3690.1,3724.45,3653.75,3684.55,923357
2024-09-10 00:00:00,3704,3750,3666,3727.4,1109078
2024-09-11 00:00:00,3731.9,3743.5,3700.1,3711.1,831810
2024-09-12 00:00:00,3736,3774,3711.1,3764.25,1337327
2024-09-13 00:00:00,3777,3799.85,3740,3767,1003355
2024-09-16 00:00:00,3768,3789,3735.4,3740.65,386602
2024-09-17 00:00:00,3759.9,3777,3727.3,3767.4,392339
2024-09-18 00:00:00,3769,3786,3708,3725.35,420638
2024-09-19 00:00:00,3750,3795,3741.1,3780.95,945257
2024-09-20 00:00:00,3793,3819,3740,3797.2,1951755
2024-09-23 00:00:00,3797.2,3829,3781,3820.1,530107
2024-09-24 00:00:00,3818,3839.9,3781.55,3784.9,1281513
2024-09-25 00:00:00,3800,3803.55,3710.05,3737.25,942343
2024-09-26 00:00:00,3738,3777.15,3701.4,3757.55,1863893
2024-09-27 00:00:00,3774,3867,3751.2,3816.7,2164755
2024-09-30 00:00:00,3786,3863.55,3786,3823.95,1068609
2024-10-01 00:00:00,3823.95,3837.95,3757,3775.95,774221
2024-10-03 00:00:00,3689.1,3782,3650.05,3674.95,1597560
2024-10-04 00:00:00,3625,3753.8,3625,3670.1,1542987
2024-10-07 00:00:00,3739.95,3748,3552.3,3589.25,2523321
2024-10-08 00:00:00,3589.25,3595,3480,3493.35,1360120
2024-10-09 00:00:00,3518,3558.8,3486.6,3493.45,1063802
2024-10-10 00:00:00,3510,3531.55,3415.1,3447.25,1488328
2024-10-11 00:00:00,3464,3491,3444.3,3474.4,858463
2024-10-14 00:00:00,3474.4,3525,3452.55,3497.8,593206
2024-10-15 00:00:00,3523.95,3529.45,3477,3508.5,578719
2024-10-16 00:00:00,3508,3510,3440,3471,591644
2024-10-17 00:00:00,3487,3487,3380.1,3403.35,560796
2024-10-18 00:00:00,3395,3422.35,3296.1,3381.45,1249585
2024-10-21 00:00:00,3417.95,3419.85,3335.5,3363.25,714746
2024-10-22 00:00:00,3374.9,3421.5,3319.25,3329.8,882086
2024-10-23 00:00:00,3330,3335,3282.5,3288.6,877837
2024-10-24 00:00:00,3301.05,3342.9,3279.2,3330.9,764369
2024-10-25 00:00:00,3332,3342.35,3232.35,3266.55,805013
2024-10-28 00:00:00,3270,3315,3254.05,3283.05,736462
2024-10-29 00:00:00,3285.8,3298,3227,3283.4,702769
2024-10-30 00:00:00,3261,3321.8,3235.1,3308.45,895278
2024-10-31 00:00:00,3291,3299.9,3253.6,3267.05,1170306
2024-11-01 00:00:00,3304,3317.6,3282.35,3293.7,176636
2024-11-04 00:00:00,3318,3318,3190.1,3222,1122152
2024-11-05 00:00:00,3206,3258.9,3185,3230.25,872402
2024-11-06 00:00:00,3145,3208.95,3114,3177.05,4522923
2024-11-07 00:00:00,3180,3186.05,3108.1,3120.85,1608603
2024-11-08 00:00:00,3121,3192.9,3106,3186.25,1719882
2024-11-11 00:00:00,3191.6,3230.05,3158.25,3206.6,1054929
2024-11-12 00:00:00,3201.65,3239,3185,3198.45,992983
2024-11-13 00:00:00,3175,3221.6,3162.2,3187.85,911537
2024-11-14 00:00:00,3145.05,3195.15,3136,3183.7,1161637
2024-11-18 00:00:00,3183.7,3207.2,3157.5,3172.3,943251
2024-11-19 00:00:00,3192,3283,3172.3,3224.7,1174506
2024-11-21 00:00:00,3225,3233.95,3148.35,3178.45,1582159
2024-11-22 00:00:00,3174.85,3317,3152.15,3308.7,2207527
2024-11-25 00:00:00,3360,3369.85,3298.05,3309.1,1892510
2024-11-26 00:00:00,3310,3343.75,3295.7,3327.5,721345
2024-11-27 00:00:00,3325,3329.9,3280.15,3291.65,732835
2024-11-28 00:00:00,3292,3305,3200.35,3212.35,1701387
2024-11-29 00:00:00,3212.35,3260,3212.35,3249,1139585
2024-12-02 00:00:00,3249,3309.9,3222.05,3306.85,915980
2024-12-03 00:00:00,3290,3338.7,3276.6,3332.75,1162310
2024-12-04 00:00:00,3342,3383,3338,3364.45,1630076
2024-12-05 00:00:00,3374.95,3465.4,3353.6,3441.05,2383630
2024-12-06 00:00:00,3453.95,3499.65,3430,3470.1,1278516
2024-12-09 00:00:00,3467.5,3488.25,3446.9,3468.2,926422
2024-12-10 00:00:00,3470,3516.95,3436.05,3475.75,1063355
2024-12-11 00:00:00,3484.75,3490.75,3460.3,3473.1,554702
2024-12-12 00:00:00,3470.5,3473.1,3412,3445.75,926472
2024-12-13 00:00:00,3420,3518,3380.25,3508.85,1242351
2024-12-16 00:00:00,3505,3511,3429,3438.2,1295227
2024-12-17 00:00:00,3422.05,3449.4,3397.6,3406.1,1005604
2024-12-18 00:00:00,3401.2,3424,3390,3401.9,646145
2024-12-19 00:00:00,3349.6,3399.95,3332,3356.85,732634
2024-12-20 00:00:00,3350,3419,3333.15,3356.25,1235769
2024-12-23 00:00:00,3378.1,3406.3,3336.65,3396.95,691202
2024-12-24 00:00:00,3385.35,3419,3338.2,3353.4,485245
2024-12-26 00:00:00,3365,3371.85,3312.65,3323.05,637094
2024-12-27 00:00:00,3319.85,3345,3301.1,3309.2,568989
2024-12-30 00:00:00,3309.95,3317.95,3247.45,3257.35,941859
2024-12-31 00:00:00,3250,3275.65,3230.8,3253.15,616440
2025-01-01 00:00:00,3248,3269.9,3244.05,3253.85,357376
2025-01-02 00:00:00,3264,3400.95,3251,3388.95,1152493
2025-01-03 00:00:00,3395,3481.95,3377.95,3451.65,1630862
2025-01-06 00:00:00,3490,3528.5,3441.2,3470.4,2145936
2025-01-07 00:00:00,3490,3576.7,3485,3505.1,2389563
2025-01-08 00:00:00,3487.65,3514.5,3391.3,3484.05,1317377
2025-01-09 00:00:00,3485.95,3506.45,3461.55,3487.05,826237
2025-01-10 00:00:00,3462,3488,3428.75,3440.25,570060
2025-01-13 00:00:00,3380,3467,3352.5,3382.75,1282557
2025-01-14 00:00:00,3400,3429,3310,3322.5,1133561
2025-01-15 00:00:00,3322,3340.5,3283,3323.5,1169593
2025-01-16 00:00:00,3327,3338.85,3282,3316.9,1170734
2025-01-17 00:00:00,3319.9,3368,3285.05,3357.4,559153
2025-01-20 00:00:00,3374.1,3407.7,3347.5,3382.25,722342
2025-01-21 00:00:00,3400.95,3412.7,3335.15,3353.35,1016047
2025-01-22 00:00:00,3354.8,3385,3334.65,3356.45,598329
2025-01-23 00:00:00,3356.45,3433,3325.5,3398.55,713603
2025-01-24 00:00:00,3407,3447.65,3380.45,3402.15,564244
2025-01-27 00:00:00,3388,3401.95,3307.25,3319.35,618309
2025-01-28 00:00:00,3319.35,3370.85,3299.55,3325.9,579957
2025-01-29 00:00:00,3339.2,3375,3309.05,3370.75,570137
2025-01-30 00:00:00,3370.65,3390,3345.2,3368.4,688608
2025-01-31 00:00:00,3400,3527.45,3392.4,3490.25,1212261
2025-02-01 00:00:00,3527,3635.15,3408,3552,2186692
2025-02-03 00:00:00,3565,3642.55,3551.75,3580.3,1543897
2025-02-04 00:00:00,3590,3614,3520,3597.7,1279779
2025-02-05 00:00:00,3596,3652,3472.2,3490.9,2165947
2025-02-06 00:00:00,3490.9,3504.25,3397.85,3410.75,1059617
2025-02-07 00:00:00,3414.9,3453.9,3388.2,3424.8,740155
2025-02-10 00:00:00,3415,3425,3311,3327.45,904436
2025-02-11 00:00:00,3334.7,3348,3271.6,3281.8,903965
2025-02-12 00:00:00,3282.75,3317.4,3212.6,3255.45,774619
2025-02-13 00:00:00,3250.25,3277.95,3215.2,3231.5,727243
2025-02-14 00:00:00,3236.3,3253,3186.45,3213.25,587411
2025-02-17 00:00:00,3195.25,3238.5,3176,3233.2,712614
2025-02-18 00:00:00,3234.8,3244,3192.3,3221.85,592636
2025-02-19 00:00:00,3220,3253.65,3191.8,3210.3,521953
2025-02-20 00:00:00,3210,3218.65,3188.15,3191.45,653151
2025-02-21 00:00:00,3191.45,3205.95,3162.25,3179.9,407794
2025-02-21 00:00:00,3191.45,3205.95,3162.25,3179.9,407794
2025-02-24 00:00:00,3131,3187.95,3131,3173,431232
2025-02-25 00:00:00,3140,3211.5,3136.55,3198.8,642281
2025-02-27 00:00:00,3198.8,3228,3176.95,3223.1,604023
2025-02-28 00:00:00,3202,3217.95,3060,3077.25,1322618
2025-03-03 00:00:00,3090,3102.1,3057.75,3082,516171
2025-03-04 00:00:00,3050,3070,3017,3048.5,1186136
2025-03-05 00:00:00,3048.5,3107.45,3035.7,3086.55,579883
2025-03-06 00:00:00,3091.2,3131.65,3047,3121.1,1399483
2025-03-07 00:00:00,3121.1,3124.6,3074.65,3079.35,1020056
2025-03-13 00:00:00,3019.4,3049.5,3000.3,3010.15,785215
2025-03-17 00:00:00,2985.05,3036.4,2985.05,3017.35,632348
2025-03-18 00:00:00,3030.75,3088,3015.4,3081.7,865951
2025-03-19 00:00:00,3088.05,3095,3058.2,3076.3,730983
2025-03-20 00:00:00,3100,3205,3080,3193.1,1542807
2025-03-21 00:00:00,3186.95,3190,3154.95,3162.7,1181974
2025-03-24 00:00:00,3168.2,3175.95,3075,3079.1,1481216
2025-03-25 00:00:00,3085,3099.95,3046,3053.7,1174346
2025-03-26 00:00:00,3068.95,3077.75,3034.55,3057.5,1010449
2025-03-27 00:00:00,3047.55,3097.7,3047.55,3087.65,1635143
2025-03-28 00:00:00,3094,3111.8,3051.05,3063.35,778417
2025-04-01 00:00:00,3053.7,3075.7,2982,2986.95,1068622
2025-04-02 00:00:00,3011,3105,2971.15,3098.45,1674921
2025-04-03 00:00:00,3071,3151,3068,3127.55,1115568
2025-04-04 00:00:00,3099,3114.9,3050,3076.2,901801
2025-04-07 00:00:00,2925,3048,2925,3022.2,1378989
2025-04-08 00:00:00,3149.7,3227.25,3101,3122.3,2830156
2025-04-09 00:00:00,3137.85,3188.25,3090.7,3174.15,1215988
2025-04-11 00:00:00,3222,3242.55,3201.25,3234.9,814920
2025-04-15 00:00:00,3270,3285,3245.1,3273.4,1121769
2025-04-16 00:00:00,3250,3286,3245.1,3272.1,889943
2025-04-17 00:00:00,3250,3334.8,3211.2,3327.5,1083612
2025-04-21 00:00:00,3314,3353.5,3290,3336.1,672129
2025-04-22 00:00:00,3336.1,3358.8,3320.1,3337.4,609213
2025-04-23 00:00:00,3357,3373.7,3315.5,3357.3,628656
2025-04-24 00:00:00,3356.8,3395,3344,3382.6,901747
2025-04-25 00:00:00,3382.6,3419.5,3316,3365.2,704325
2025-04-28 00:00:00,3356,3397.4,3351,3369.1,384147
2025-04-29 00:00:00,3375.9,3398,3354,3378.6,575435
2025-04-30 00:00:00,3374,3409,3354.3,3379.7,708818
2025-05-02 00:00:00,3362.1,3381.5,3324,3341,668467
2025-05-05 00:00:00,3357.7,3408.5,3307,3321.8,565178
2025-05-06 00:00:00,3321.8,3325.3,3245.5,3299.3,650789
2025-05-07 00:00:00,3280,3381,3260.2,3338.9,1047443
2025-05-08 00:00:00,3349.9,3412.5,3325,3369.3,1597339
2025-05-09 00:00:00,3367,3530,3354.2,3510.3,2863992
2025-05-12 00:00:00,3537.2,3585,3530.3,3562.9,956930
2025-05-13 00:00:00,3562.9,3588.4,3540.1,3563.2,996541
2025-05-14 00:00:00,3555,3610,3550,3587.6,588159
2025-05-15 00:00:00,3597,3665,3553.9,3636.8,1227751
2025-05-16 00:00:00,3654,3655.9,3613.4,3633.7,525064
2025-05-19 00:00:00,3617,3649.5,3611.4,3617.7,376760
2025-05-20 00:00:00,3617.7,3620,3575.1,3580.6,811416
2025-05-21 00:00:00,3570,3623.1,3567.3,3580.5,415016
2025-05-22 00:00:00,3565,3575,3516.1,3541,709846
2025-05-23 00:00:00,3531,3606.3,3523,3579.7,416717
2025-05-26 00:00:00,3576,3640,3570.4,3610.3,525514
2025-05-27 00:00:00,3615,3639,3562.2,3589.4,1019733
2025-05-28 00:00:00,3595,3601.6,3545,3574.7,449324
2025-05-29 00:00:00,3580,3600,3560.1,3588.3,513095
2025-05-30 00:00:00,3580,3605,3542.1,3555,962944
2025-06-02 00:00:00,3525.1,3542,3475.9,3525.5,726392
2025-06-03 00:00:00,3525.5,3580,3503.5,3519.8,676943
2025-06-04 00:00:00,3506.1,3519.8,3486,3499.8,410354
2025-06-05 00:00:00,3498.7,3535,3474.2,3504,608651
2025-06-06 00:00:00,3524,3570.9,3486.2,3559.9,602422
2025-06-09 00:00:00,3564.8,3580,3521.2,3533.9,540262
2025-06-10 00:00:00,3545,3545,3506.1,3524.2,561695
2025-06-11 00:00:00,3525,3549,3505,3541.6,505077
2025-06-12 00:00:00,3548,3559.8,3445.5,3452.7,811822
2025-06-13 00:00:00,3409.7,3440.8,3383,3421.9,821750
2025-06-16 00:00:00,3411,3453.7,3396.2,3438.1,534665
2025-06-17 00:00:00,3428,3437.6,3395.4,3405.7,1000345
2025-06-18 00:00:00,3406,3480,3390,3467.8,972739
2025-06-19 00:00:00,3478.8,3521.6,3467.8,3505.4,1022566
2025-06-20 00:00:00,3500,3545,3489,3519,2941214
2025-06-23 00:00:00,3480.2,3528.5,3473,3505.7,643325
2025-06-24 00:00:00,3523.1,3567,3506.1,3526,968797
2025-06-25 00:00:00,3550,3665,3550,3652.2,2697912
2025-06-26 00:00:00,3655,3700.5,3644,3694.7,1620497
2025-06-27 00:00:00,3700,3709.1,3659.5,3666.2,601285
2025-06-30 00:00:00,3666.2,3698.5,3652,3690.2,921775
2025-07-01 00:00:00,3699,3726.5,3667,3700.5,947173
2025-07-02 00:00:00,3705,3721.9,3689,3708,583514
2025-07-03 00:00:00,3702,3712.9,3672.2,3678.7,528710
2025-07-04 00:00:00,3666,3690.1,3645.1,3686.9,629926
2025-07-07 00:00:00,3675.5,3696,3647.9,3666.1,829472
2025-07-08 00:00:00,3581.8,3581.8,3435,3441.3,3952270
2025-07-09 00:00:00,3441.3,3461.5,3420.6,3432.1,1868271
2025-07-10 00:00:00,3432.1,3445,3414,3419.8,496586
2025-07-11 00:00:00,3408,3422.2,3357,3361.6,856956
2025-07-14 00:00:00,3372,3410,3344,3404.7,755781
2025-07-15 00:00:00,3418,3422,3387.7,3415,686088
2025-07-16 00:00:00,3417,3422.2,3388.5,3417.3,669532
2025-07-17 00:00:00,3418.4,3448,3416.5,3433.3,559482
2025-07-18 00:00:00,3444,3444,3392,3402.9,293360
2025-07-21 00:00:00,3391,3439.1,3365.2,3433,561799
2025-07-22 00:00:00,3450,3490,3430.3,3472.4,1752275
2025-07-23 00:00:00,3472.4,3481.9,3444,3471.4,584590
2025-07-24 00:00:00,3467.4,3489.8,3458,3484.4,630718
2025-07-25 00:00:00,3476.4,3480,3447,3462.8,624410
2025-07-28 00:00:00,3453,3462.6,3382,3393,603916
2025-07-29 00:00:00,3390,3397,3355.6,3379.2,511042
2025-07-30 00:00:00,3380,3393.5,3345.3,3376.5,443735
2025-07-31 00:00:00,3340,3364.5,3315.5,3347.3,553157
2025-08-01 00:00:00,3340,3347.3,3307,3316,422977
2025-08-04 00:00:00,3315,3365,3308.1,3356.3,450434
2025-08-05 00:00:00,3356.3,3443,3348,3418.2,837335
2025-08-06 00:00:00,3437,3462.4,3400,3417.7,635456
2025-08-07 00:00:00,3380,3437,3377.7,3415.7,509599
2025-08-08 00:00:00,3450.1,3489.8,3403.1,3460.2,2184271
2025-08-11 00:00:00,3473,3487.3,3402.8,3467.9,563586
2025-08-12 00:00:00,3467.9,3534,3460.1,3486.8,929276
2025-08-13 00:00:00,3486.8,3494.9,3463.2,3466.8,360474
2025-08-14 00:00:00,3476.5,3505.8,3464.1,3489.4,597987
2025-08-18 00:00:00,3496,3574.8,3493.5,3554.8,1253006
2025-08-19 00:00:00,3555,3577.3,3545,3568.1,537433
2025-08-20 00:00:00,3560,3602.9,3552,3595,517031
2025-08-21 00:00:00,3595,3625,3588.2,3616.3,673486
2025-08-22 00:00:00,3616.3,3641.4,3607.7,3621,691835
2025-08-25 00:00:00,3629.7,3669.6,3615.5,3651.4,700503
2025-08-26 00:00:00,3662.8,3672.8,3589.1,3594,960778
2025-08-28 00:00:00,3552.1,3650.9,3552.1,3637.7,989246
2025-08-29 00:00:00,3637.7,3642,3603.6,3628.8,660956
2025-09-01 00:00:00,3631,3653.4,3610.4,3618.6,297533
2025-09-02 00:00:00,3614,3655.8,3606.1,3620.6,536300
2025-09-03 00:00:00,3605,3697.9,3590,3690.6,791874
2025-09-04 00:00:00,3740,3740,3676.8,3691.1,635811
2025-09-05 00:00:00,3695,3700,3660,3665.3,454120
2025-09-08 00:00:00,3653,3683.6,3640,3658,548987
2025-09-09 00:00:00,3667.8,3667.8,3619.2,3630.1,428367
2025-09-10 00:00:00,3632,3648.7,3608.2,3620.6,408800
2025-09-11 00:00:00,3620,3644,3580,3584.2,495417
2025-09-12 00:00:00,3589.9,3598.2,3563.9,3571.9,275049
2025-09-15 00:00:00,3556,3576.5,3515,3534.1,362285
2025-09-16 00:00:00,3525,3570.3,3502,3556.8,724742
2025-09-17 00:00:00,3561.9,3572.7,3513.2,3523,659866
2025-09-18 00:00:00,3530,3546,3503.4,3511.3,829442
2025-09-19 00:00:00,3504,3511.3,3460,3467.2,2337255
2025-09-22 00:00:00,3458.2,3477,3440,3457.5,817833
2025-09-23 00:00:00,3465.2,3465.3,3405,3439.2,1144975
2025-09-24 00:00:00,3430,3437.4,3411,3418.3,690454
2025-09-25 00:00:00,3408,3419.9,3370,3378.5,1139904
2025-09-26 00:00:00,3387.7,3402,3303.1,3327.3,7524068
2025-09-29 00:00:00,3327,3418,3327,3401.2,1452636
2025-09-30 00:00:00,3452,3474.5,3355,3367,1733728
2025-10-01 00:00:00,3370,3414.9,3351,3408.3,798754
2025-10-03 00:00:00,3379.9,3459,3378,3453.3,1655328
2025-10-06 00:00:00,3453.3,3459.3,3401,3425.4,1184781
2025-10-07 00:00:00,3425,3445.9,3411,3418.2,996165
2025-10-08 00:00:00,3474,3580,3460,3565.6,4531362
2025-10-09 00:00:00,3559.8,3561.7,3526.4,3550.6,597739
2025-10-10 00:00:00,3548.9,3571.7,3523.3,3531.9,825274
2025-10-13 00:00:00,3518,3545,3509.5,3533.6,606122
2025-10-14 00:00:00,3533,3549.4,3506.5,3537.4,925998
2025-10-15 00:00:00,3532.9,3561.9,3511,3549,1005045
2025-10-16 00:00:00,3549,3652,3540,3640.3,1528118
2025-10-17 00:00:00,3635,3715,3633,3674.8,1123500
2025-10-20 00:00:00,3680,3749.9,3676.2,3737.2,707974
2025-10-21 00:00:00,3737.2,3746,3719,3729,156306
2025-10-23 00:00:00,3765,3800,3738.3,3772.3,1622402
2025-10-24 00:00:00,3775,3781,3706.1,3714.9,563296
2025-10-27 00:00:00,3714,3753.9,3710,3739.8,856124
2025-10-28 00:00:00,3750,3770,3688.1,3717,1482961
2025-10-29 00:00:00,3734.2,3753.5,3714.2,3748.3,789557
2025-10-30 00:00:00,3745,3773.9,3720.1,3750.7,544151
2025-10-31 00:00:00,3758.9,3783,3739.5,3746.7,900994
2025-11-03 00:00:00,3730,3762,3667.3,3724.5,1119367
2025-11-04 00:00:00,3724.5,3827,3715,3813.5,2524600
2025-11-06 00:00:00,3780,3837.7,3761.6,3774.4,927231
2025-11-07 00:00:00,3766,3792,3736,3769.3,728998
2025-11-10 00:00:00,3788,3815,3769.3,3803,599567
2025-11-11 00:00:00,3810.5,3820,3752.1,3812.4,668789
2025-11-12 00:00:00,3838,3877,3804.2,3851.1,805025
2025-11-13 00:00:00,3860,3867.9,3817,3839.2,668623
2025-11-14 00:00:00,3839.2,3854.7,3800,3829.2,575050
2025-11-17 00:00:00,3848,3874.3,3821.5,3868.6,504928
2025-11-18 00:00:00,3865,3900,3841.6,3879.2,849966
2025-11-19 00:00:00,3882.9,3940.5,3862.4,3933.1,1578123
2025-11-20 00:00:00,3950,3956,3895,3902.4,762391
2025-11-21 00:00:00,3901,3925,3882.1,3904.2,383311
2025-11-24 00:00:00,3915.5,3937.2,3865,3874.3,1258036
2025-11-25 00:00:00,3874.4,3908.4,3845,3855.1,680366
2025-11-26 00:00:00,3845,3914.5,3843.5,3897.7,364592
2025-11-27 00:00:00,3900.6,3927,3875.1,3903.3,542241
2025-11-28 00:00:00,3906.2,3934.9,3896.5,3907.7,574817
2025-12-01 00:00:00,3907.7,3910.7,3861.3,3894.9,603073
2025-12-02 00:00:00,3875,3899.6,3867.5,3885.8,661018
2025-12-03 00:00:00,3870,3880,3785.9,3817.8,770638
2025-12-04 00:00:00,3805,3830,3778,3800.4,776693
2025-12-05 00:00:00,3777,3828,3777,3813.3,508448
2025-12-08 00:00:00,3796.3,3825,3758.1,3767,545864
2025-12-09 00:00:00,3775,3874,3751,3849,1121068
2025-12-10 00:00:00,3831,3858.2,3825.6,3845.7,616248
2025-12-11 00:00:00,3830.4,3855.8,3777,3844.8,669180
2025-12-12 00:00:00,3844.8,3894.8,3831.9,3880.2,547866
2025-12-15 00:00:00,3861.3,3876.4,3850,3866.2,332337
2025-12-16 00:00:00,3850,3937.5,3828,3929.5,1560827
2025-12-17 00:00:00,3930,3935.7,3890,3907.9,601010
2025-12-18 00:00:00,3900,3924,3890.1,3919.3,516547
2025-12-19 00:00:00,3919,3961.9,3913,3930.1,730780
2025-12-22 00:00:00,3940,3950.8,3917.1,3933.8,569521
2025-12-23 00:00:00,3933.8,3956.3,3916.4,3925.8,445656
2025-12-24 00:00:00,3925.8,3935,3900,3909.3,399227
2025-12-26 00:00:00,3908.9,4006.9,3900,3992,1113050
2025-12-29 00:00:00,4010,4031.7,3978,3983.7,1242846
2025-12-30 00:00:00,3982,3993.5,3954.1,3974.1,1169570
2025-12-31 00:00:00,3984,4061.9,3975.1,4051.5,1358731
2026-01-01 00:00:00,4063.7,4068,4035.7,4049.3,444679
2026-01-02 00:00:00,4039,4060,3986.2,4051.7,659997
2026-01-05 00:00:00,4051.7,4094,4046,4079.7,629273
2026-01-06 00:00:00,4079.7,4120.5,4068.5,4111.8,820331
2026-01-07 00:00:00,4225,4312.1,4202,4273.2,3496340
2026-01-08 00:00:00,4273.2,4303.2,4239,4249,1055725
2026-01-09 00:00:00,4231,4279,4183.1,4201.8,883117
2026-01-12 00:00:00,4205,4242,4145,4231.6,514767
2026-01-13 00:00:00,4231.6,4267.6,4210,4239.2,770707
2026-01-14 00:00:00,4241.9,4283,4211,4221.5,998692
2026-01-16 00:00:00,4221.5,4236.4,4181.1,4196.9,686949
2026-01-19 00:00:00,4165.7,4207.4,4129.1,4144.1,365905
2026-01-20 00:00:00,4155,4155,4064.3,4075.5,586156
2026-01-21 00:00:00,4075.5,4109.9,4053.5,4079.2,552760
2026-01-22 00:00:00,4099,4128,3980.8,4018.6,818966
2026-01-23 00:00:00,4025.1,4063.3,3980,4021.8,1015415
2026-01-27 00:00:00,4021.8,4040,3955,3997,1760501
2026-01-28 00:00:00,4002,4025.8,3964.9,3975.2,809022
2026-01-29 00:00:00,3960.8,3968.6,3843.1,3939.7,1145612
2026-01-30 00:00:00,3945,3995,3909.8,3977.4,1427639
2026-02-01 00:00:00,3988,4143.5,3870.4,3985.3,1114181
2026-02-02 00:00:00,4000,4000,3893.3,3953.2,1273196
2026-02-03 00:00:00,4143,4143,4044.1,4068.6,1043274
2026-02-04 00:00:00,4087,4160,4066.2,4144,917279
2026-02-05 00:00:00,4152.3,4152.3,4063.1,4106.7,693622
2026-02-06 00:00:00,4097.6,4154,4065.3,4140.8,888561
2026-02-09 00:00:00,4200.2,4269.4,4155,4267,843529
2026-02-10 00:00:00,4300,4329.6,4239.6,4293.8,1713452
2026-02-11 00:00:00,4350,4378.4,4208,4238,3341889
2026-02-12 00:00:00,4232.4,4286.4,4182.3,4267,998447
2026-02-13 00:00:00,4267.3,4271.8,4164.8,4175,524505
2026-02-16 00:00:00,4155,4196,4128.8,4181.1,500349
2026-02-17 00:00:00,4167.1,4244.9,4155,4236.4,464123
2026-02-18 00:00:00,4251,4257.9,4214.3,4248.6,387328
2026-02-19 00:00:00,4225,4261,4191,4198.2,406232
2026-02-20 00:00:00,4200.5,4252.1,4200.2,4236.4,532169
2026-02-23 00:00:00,4270,4280,4240.1,4272.7,516387
2026-02-24 00:00:00,4240.4,4300,4235,4294.5,491126
2026-02-25 00:00:00,4304,4349,4289.8,4325,586295
2026-02-26 00:00:00,4330,4352.2,4307,4342.6,520985
2026-02-27 00:00:00,4341.6,4352,4311.8,4327.5,1146258
2026-03-02 00:00:00,4288.8,4330,4193,4270.3,770589
2026-03-04 00:00:00,4205,4238.3,4083.5,4204.4,1024050
2026-03-05 00:00:00,4238,4302.5,4173.2,4275.2,691367
2026-03-06 00:00:00,4250,4302,4227,4244.6,580562
2026-03-09 00:00:00,4160,4199.7,4112.7,4159.2,576017
2026-03-10 00:00:00,4175.1,4242.9,4175.1,4220.1,788850
2026-03-11 00:00:00,4192,4234.9,4126.2,4140.3,454575
2026-03-12 00:00:00,4100,4179,4033.8,4129.6,1071366
2026-03-13 00:00:00,4091,4147.2,4046,4073.2,868825
2026-03-16 00:00:00,4057,4125,4002.2,4090.8,1013667
2026-03-17 00:00:00,4090.5,4110,4036.5,4090.5,1126905
2026-03-18 00:00:00,4083.7,4174.8,4077.8,4145.5,751307
2026-03-19 00:00:00,4104.4,4138.1,4017.9,4037.9,567278
2026-03-20 00:00:00,4046.9,4149.9,4040.9,4106.6,1019586
2026-03-23 00:00:00,4056.6,4059,3825,3853.1,1533645
2026-03-24 00:00:00,3950.3,3985,3843,3899.5,1300547
2026-03-25 00:00:00,3950,4097,3940.5,4039.3,1306823
2026-03-27 00:00:00,4000,4032.8,3972,3981.5,1040658
2026-03-30 00:00:00,3942,4007.4,3914.1,3951.4,1488223
2026-04-01 00:00:00,4000,4100,4000,4065.5,781974
2026-04-02 00:00:00,3996,4109.1,3944.7,4097.2,1614868
2026-04-06 00:00:00,4105,4257.9,4105,4246.1,1678285
2026-04-07 00:00:00,4235.3,4243.5,4168.8,4230.6,1274146
2026-04-08 00:00:00,4351.3,4505,4309.1,4492.5,3834533
2026-04-09 00:00:00,4475,4497.4,4414.1,4439.8,1385274
2026-04-10 00:00:00,4430.1,4523.9,4425.1,4505,1565192
2026-04-13 00:00:00,4391.1,4496,4391.1,4439.3,850456
2026-04-15 00:00:00,4490.1,4534,4447.3,4522.2,918513
2026-04-16 00:00:00,4554,4554,4440,4461.4,1283713
2026-04-17 00:00:00,4461.4,4531.8,4330,4525.9,2124034
2026-04-20 00:00:00,4532.1,4549,4467.7,4513,1646815
2026-04-21 00:00:00,4513.5,4544.5,4465,4479.7,656106
2026-04-22 00:00:00,4461.7,4492,4445.2,4454.6,596352
2026-04-23 00:00:00,4411,4474,4393.5,4456.5,680187
2026-04-24 00:00:00,4475.5,4486.6,4361.4,4410,958536
2026-04-27 00:00:00,4438.8,4464,4388.4,4441.8,649222
2026-04-28 00:00:00,4412.3,4475,4395.4,4417,620778
2026-04-29 00:00:00,4419.9,4472.4,4410.2,4439.8,702730
2026-04-30 00:00:00,4438,4438,4358,4385.2,869299
2026-05-04 00:00:00,4407.1,4447.4,4352.7,4363,709160
2026-05-05 00:00:00,4355,4397,4330.3,4373.6,850790
2026-05-06 00:00:00,4397.5,4441.1,4297.1,4359.6,1459870
2026-05-07 00:00:00,4349.9,4359,4261,4307.5,1377631
2026-05-08 00:00:00,4314,4605,4213.4,4509,4777990
2026-05-11 00:00:00,4350.4,4379.5,4150.1,4205.6,5925166
2026-05-12 00:00:00,4160,4213.6,4047,4055.3,1978748
2026-05-13 00:00:00,4030,4110,3985.1,4090.7,2841521
2026-05-14 00:00:00,4115,4147,4059.1,4135.2,1127140
2026-05-15 00:00:00,4155,4194,4142.4,4169.1,901617
2026-05-18 00:00:00,4130.1,4182.7,4065.6,4169.7,851825
2026-05-19 00:00:00,4136.3,4167.9,4095,4102,711398
2026-05-20 00:00:00,4053,4116.7,4053,4106.4,913576
2026-05-21 00:00:00,4120,4136.4,4070,4083.1,863060
2026-05-22 00:00:00,4057.2,4113.8,4054.1,4079.8,768112
2026-05-25 00:00:00,4120.1,4170,4110.4,4159.2,606086
2026-05-26 00:00:00,4151.9,4160,4091,4105.9,766717
2026-05-27 00:00:00,4098.3,4165.1,4091.1,4137.9,474044
2026-05-29 00:00:00,4116.2,4163.3,4059,4074.9,2001419
2026-06-01 00:00:00,4100,4105,4007,4024.6,450200
2026-06-02 00:00:00,4017.4,4088,3986,4078.1,522015
2026-06-03 00:00:00,4057,4103.8,4002,4088.8,959352
2026-06-04 00:00:00,4075,4273.8,4052.3,4231,1761933
2026-06-05 00:00:00,4269,4289,4223.2,4260.2,1390200
2026-06-08 00:00:00,4196.8,4238.1,4180.7,4192.4,666737
2026-06-09 00:00:00,4190.9,4217,4087.2,4104.9,1284964
2026-06-10 00:00:00,4104.9,4119.1,4035,4042.1,613629
2026-06-11 00:00:00,4020.1,4069.7,3962.8,4025.2,767665
2026-06-12 00:00:00,4067.8,4200,4052.7,4184,1122271
2026-06-15 00:00:00,4221,4297,4220.3,4283.5,1076822
2026-06-16 00:00:00,4298.1,4344,4283.5,4338,779706
2026-06-17 00:00:00,4338,4395,4327.5,4380.5,623868
2026-06-18 00:00:00,4380,4410,4333.1,4387.9,562833
2026-06-19 00:00:00,4360,4441.7,4360,4419.9,941346
2026-06-22 00:00:00,4405.3,4414.5,4353,4372.5,390835
2026-06-23 00:00:00,4375,4417.4,4291.1,4305.3,586588
2026-06-24 00:00:00,4302,4340.8,4263.7,4323.8,652078
2026-06-25 00:00:00,4335,4335,4225,4291.3,754050
2026-06-29 00:00:00,4285,4316.3,4266.6,4277.2,569087
2026-06-30 00:00:00,4277.5,4428.4,4275,4404,1243464
2026-07-01 00:00:00,4469,4504.5,4390.1,4398.6,1168751
2026-07-02 00:00:00,4404,4497,4383.1,4481.1,820705
2026-07-03 00:00:00,4495,4507.7,4451,4461.1,542120
2026-07-06 00:00:00,4450,4490.5,4450,4484.4,589165
2026-07-07 00:00:00,4550,4655.9,4505,4604.2,3385946
2026-07-08 00:00:00,4590.4,4630,4561.7,4586.4,1045703
2026-07-09 00:00:00,4614.8,4679.8,4546.1,4555.8,1777107
2026-07-10 00:00:00,4578.6,4602.8,4560.7,4584.4,652646
2026-07-13 00:00:00,4578,4635,4524.4,4601.5,770367
2026-07-14 00:00:00,4579.8,4600,4554,4573.7,631158
2026-07-15 00:00:00,4573.7,4607,4565.1,4579.4,619451
2026-07-16 00:00:00,4585.3,4668.8,4580,4625.8,1136159
2026-07-17 00:00:00,4626,4647.5,4610.1,4638.1,667212
2026-07-20 00:00:00,4638.1,4660,4625.3,4643.4,274158
2026-07-21 00:00:00,4644.2,4691.7,4629.2,4688.7,530094
2026-07-22 00:00:00,4685.7,4733,4675,4711.6,996475
2026-07-23 00:00:00,4700,4709.8,4671.6,4697.3,421185
2026-07-24 00:00:00,4605,4697,4604.1,4677,513858
2026-07-27 00:00:00,4686.9,4749.1,4686.9,4740.1,500721
2026-07-28 00:00:00,4750,4860,4712.9,4849.7,1321587
2026-07-29 00:00:00,4849.7,4866.9,4823.2,4850.2,837059
2026-07-30 00:00:00,4820.9,4869.9,4820.9,4850,777361
2026-07-31 00:00:00,4850,4886,4820.9,4875.2,1003314
2026-08-03 00:00:00,4875.2,5000,4851.8,5000,505420
2026-08-04 00:00:00,4935,4935,4862,4935,1181747
2026-08-05 00:00:00,4910.2,4920.6,4882.3,4912.4,546332
2026-08-06 00:00:00,4883.9,5005,4883.9,4998,1283840
2026-08-07 00:00:00,4978.1,5003,4891.3,4941,1166858
2026-08-10 00:00:00,4932,5122.2,4886.2,5090,3664718
2026-08-11 00:00:00,5090,5168,5090,5128,1664853
2026-08-12 00:00:00,5128,5128,4992,5099,1105157
2026-08-13 00:00:00,5069.5,5071.5,5010,5063.7,533274
2026-08-14 00:00:00,5064,5090.5,5046.4,5056.2,587764
2026-08-17 00:00:00,5056.2,5111,5037.2,5068.5,565258
2026-08-18 00:00:00,5060,5094.9,5042.5,5048.6,354873
2026-08-19 00:00:00,5045,5074.8,5038,5068,412981
2026-08-20 00:00:00,5084.9,5110,5060.1,5068,614435
2026-08-21 00:00:00,5068,5090.4,5011,5086.1,352381
2026-08-24 00:00:00,5086.8,5093.4,5050,5079,256376
2026-08-25 00:00:00,5059.1,5124.8,5052.7,5124.8,347515
2026-08-26 00:00:00,5149.9,5149.9,5091,5100,377617
2026-08-27 00:00:00,5100,5186.7,5069.5,5139.3,1101845
2026-08-28 00:00:00,5155,5169.9,5136,5169.2,547804
2026-08-31 00:00:00,5159,5159,5088,5102.4,630695
2026-09-01 00:00:00,5104,5126.5,5010.5,5050,466855
2026-09-02 00:00:00,4972,5092,4971.5,5074,812660
2026-09-03 00:00:00,5057.5,5072.5,4952,5027,571600
2026-09-04 00:00:00,5010,5022,4980,5020,310845
