timestamp_ist,open,high,low,close,volume
2026-08-04 09:18:59,721.65,721.65,712.15,712.15,130
2026-08-04 09:19:58,714.7,714.7,714.4,714.4,130
2026-08-04 09:21:58,727.95,727.95,726.35,726.35,455
2026-08-04 09:23:58,727,727,727,727,65
2026-08-04 09:24:59,726.05,726.05,724.15,724.15,260
2026-08-04 09:26:59,714.3,715.1,714.3,715.1,260
2026-08-04 09:27:58,717.85,717.85,715.5,715.5,130
2026-08-04 09:28:58,711.95,711.95,711.95,711.95,65
2026-08-04 09:33:58,708.95,708.95,708.5,708.5,130
2026-08-04 09:35:58,702.4,702.4,702.4,702.4,325
2026-08-04 09:37:58,711.25,711.25,711.25,711.25,65
2026-08-04 09:38:58,710.75,710.75,710.75,710.75,65
2026-08-04 09:43:58,727.45,727.45,727.45,727.45,65
2026-08-04 09:45:59,726.4,726.5,720.2,726.5,195
2026-08-04 09:47:58,730,730,724.25,724.25,260
2026-08-04 09:51:58,728,728,728,728,65
2026-08-04 09:54:58,728,728,728,728,65
2026-08-04 10:03:58,728,728,728,728,65
2026-08-04 10:05:58,732.3,732.3,732.3,732.3,65
2026-08-04 10:06:58,726.05,726.05,726.05,726.05,260
2026-08-04 10:07:59,729,729,729,729,65
2026-08-04 10:11:59,722,722,722,722,65
2026-08-04 10:15:59,722,725.2,722,725.2,130
2026-08-04 10:26:59,714.1,714.1,714.1,714.1,65
2026-08-04 10:30:59,711,711,710,710,130
2026-08-04 10:32:58,705.45,705.45,705.45,705.45,65
2026-08-04 10:35:59,705.45,705.45,705,705,130
2026-08-04 10:44:59,705,705,705,705,130
2026-08-04 10:47:58,705.45,705.45,705.45,705.45,130
2026-08-04 10:48:59,706.15,706.15,706.15,706.15,65
2026-08-04 10:52:58,702.4,702.4,702.4,702.4,650
2026-08-04 10:56:59,700,700,700,700,195
2026-08-04 11:05:59,703.4,703.4,703.4,703.4,65
2026-08-04 11:45:59,690,690,689.45,690,325
2026-08-04 11:49:58,670.75,670.75,670.75,670.75,65
2026-08-04 11:50:58,672,672,672,672,65
2026-08-04 11:51:58,672,672,672,672,65
2026-08-04 11:55:58,671.55,671.55,670.95,670.95,260
2026-08-04 11:56:59,671.3,671.3,670.5,670.5,260
2026-08-04 11:57:59,665.95,666.5,665.55,665.55,195
2026-08-04 11:58:58,665.2,665.2,665.2,665.2,65
2026-08-04 12:00:58,650.75,650.75,650.75,650.75,65
2026-08-04 12:01:58,653.2,653.2,653.2,653.2,325
2026-08-04 12:02:59,659.2,660.7,659.2,660.7,130
2026-08-04 12:05:58,663,663,663,663,65
2026-08-04 12:09:59,659,659,659,659,65
2026-08-04 12:11:59,658,658,653,655.2,1040
2026-08-04 12:14:58,660,660,660,660,65
2026-08-04 12:17:58,659.95,660.3,659.95,660.3,325
2026-08-04 12:21:59,662,662,662,662,65
2026-08-04 12:26:59,659.95,659.95,659.95,659.95,65
2026-08-04 12:30:58,659.5,659.5,659.5,659.5,65
2026-08-04 12:34:59,656.15,656.15,656.15,656.15,195
2026-08-04 12:39:59,653,653,653,653,65
2026-08-04 12:41:59,652,652,651.8,651.8,325
2026-08-04 12:42:59,651.8,651.8,647.2,651.3,260
2026-08-04 12:46:58,655.15,655.15,655.15,655.15,65
2026-08-04 12:55:58,650,650,650,650,65
2026-08-04 12:59:59,646.4,646.4,646.4,646.4,65
2026-08-04 13:04:59,647.6,650,647.6,650,130
2026-08-04 13:05:58,648.4,648.4,648.4,648.4,65
2026-08-04 13:06:59,644.4,644.4,644.4,644.4,130
2026-08-04 13:09:58,645.5,645.5,645.5,645.5,65
2026-08-04 13:12:58,648.45,648.45,648.45,648.45,325
2026-08-04 13:13:59,644.65,644.65,641.6,641.6,130
2026-08-04 13:15:58,641.1,641.1,641.05,641.1,130
2026-08-04 13:17:58,640.05,640.05,640.05,640.05,65
2026-08-04 13:20:59,644.05,644.05,644.05,644.05,65
2026-08-04 13:23:58,644.05,647.5,644.05,647.5,325
2026-08-04 13:24:59,648,648,648,648,65
2026-08-04 13:28:59,643.15,643.15,643.15,643.15,65
2026-08-04 13:29:59,640.05,640.05,640,640,195
2026-08-04 13:30:58,640.85,640.85,640.85,640.85,65
2026-08-04 13:33:58,636.95,636.95,636.95,636.95,65
2026-08-04 13:43:59,636.95,636.95,636.95,636.95,195
2026-08-04 13:48:59,636,636,636,636,65
2026-08-04 13:54:59,627.95,627.95,627.95,627.95,130
2026-08-04 13:56:59,627.1,627.25,627.1,627.2,195
2026-08-04 13:57:59,618.15,618.15,618.15,618.15,65
2026-08-04 13:58:59,636.2,636.2,628.05,628.05,780
2026-08-04 14:00:58,617.6,630.5,617.6,628.6,910
2026-08-04 14:01:58,625.5,626.9,625.5,626.9,260
2026-08-04 14:02:58,625.15,625.15,625.15,625.15,390
2026-08-04 14:04:59,627.45,627.45,627.45,627.45,65
2026-08-04 14:07:59,637,637,637,637,65
2026-08-04 14:11:59,631.65,634.35,631.65,634.35,845
2026-08-04 14:12:59,639.1,639.1,636.2,636.2,130
2026-08-04 14:18:58,637.6,637.6,637.6,637.6,65
2026-08-04 14:19:58,644.8,644.8,644.8,644.8,65
2026-08-04 14:21:59,649,649,635.1,635.1,650
2026-08-04 14:26:58,644,644,644,644,650
2026-08-04 14:27:58,643,643,643,643,65
2026-08-04 14:29:59,638.55,638.55,638.55,638.55,65
2026-08-04 14:33:59,636.6,636.6,636.6,636.6,65
2026-08-04 14:36:58,635,640.2,635,640.2,195
2026-08-04 14:37:58,637.1,637.1,637.1,637.1,65
2026-08-04 14:57:58,645,645,645,645,195
2026-08-04 15:00:59,644.85,644.85,644.85,644.85,195
2026-08-04 15:07:58,641.1,641.1,641.1,641.1,65
2026-08-04 15:09:59,638.25,638.25,638.25,638.25,195
2026-08-04 15:10:59,644.5,644.5,638.3,638.3,390
2026-08-04 15:11:59,640.65,640.65,640.65,640.65,65
2026-08-05 09:16:59,749.95,750,736.3,741.55,6825
2026-08-05 09:17:59,755,755,750.1,750.1,2860
2026-08-05 09:18:59,750,765,748.5,756.4,1885
2026-08-05 09:19:59,757.15,757.15,757.15,757.15,1300
2026-08-05 09:20:59,762.8,762.8,752.85,758.25,2730
2026-08-05 09:21:59,756,756,756,756,195
2026-08-05 09:23:58,748.95,750.45,746.25,747.1,910
2026-08-05 09:25:59,742.15,742.15,742.15,742.15,65
2026-08-05 09:29:59,738,738,738,738,325
2026-08-05 09:30:58,739.55,739.55,738.8,738.8,585
2026-08-05 09:31:59,738.55,738.55,735.8,735.8,325
2026-08-05 09:32:59,737.15,737.25,737.15,737.25,130
2026-08-05 09:33:59,742,742,738,738,455
2026-08-05 09:34:58,744.2,744.2,739.15,739.15,195
2026-08-05 09:41:59,746.4,746.4,746.4,746.4,65
2026-08-05 09:44:59,751.5,751.5,744,746.55,845
2026-08-05 09:45:59,753.3,753.3,752.9,752.9,650
2026-08-05 09:46:59,752.5,753,745.9,745.9,4550
2026-08-05 09:47:59,749.65,754,749.65,752,1040
2026-08-05 09:48:58,751.85,753.95,750.9,753.95,1300
2026-08-05 09:49:58,754,754,754,754,260
2026-08-05 09:50:59,753.75,754,751.9,751.9,6110
2026-08-05 09:51:59,752,752,745.45,745.5,2405
2026-08-05 09:52:59,742.4,745.45,740.55,742.1,1950
2026-08-05 09:53:58,742,742,741.2,742,2080
2026-08-05 09:54:58,741.5,741.5,734.95,735.75,2210
2026-08-05 09:55:59,736.45,737.9,728.55,734.05,3640
2026-08-05 09:56:59,732,732,732,732,260
2026-08-05 10:00:59,739,739,739,739,65
2026-08-05 10:01:59,742.05,742.05,742.05,742.05,195
2026-08-05 10:02:59,742.5,742.5,742.5,742.5,390
2026-08-05 10:05:59,742.5,742.5,742.5,742.5,65
2026-08-05 10:07:58,728,728,728,728,65
2026-08-05 10:08:58,734.7,734.7,734.7,734.7,65
2026-08-05 10:09:58,741.1,741.1,741.1,741.1,65
2026-08-05 10:14:59,753.95,753.95,750.4,751.4,9295
2026-08-05 10:15:59,751.4,751.4,746.35,746.35,5655
2026-08-05 10:16:59,744.7,744.7,743.35,743.35,260
2026-08-05 10:17:58,740.9,741.15,739.95,739.95,1690
2026-08-05 10:18:58,742.65,742.65,742.65,742.65,65
2026-08-05 10:19:59,742.65,745,742.65,745,130
2026-08-05 10:21:59,744.05,744.05,744.05,744.05,65
2026-08-05 10:22:59,740.05,740.05,737.55,737.55,325
2026-08-05 10:23:59,742.55,742.55,742.55,742.55,65
2026-08-05 10:24:59,746,746,746,746,65
2026-08-05 10:25:58,740.35,740.35,740.35,740.35,65
2026-08-05 10:26:59,740.2,740.2,738.15,738.15,130
2026-08-05 10:27:58,733.05,734.25,729.55,729.55,260
2026-08-05 10:28:58,726.6,728.65,726.6,728.65,715
2026-08-05 10:29:58,726.45,726.45,726.45,726.45,130
2026-08-05 10:30:59,723.95,723.95,723.95,723.95,65
2026-08-05 10:35:59,724.5,725.55,724.5,724.5,325
2026-08-05 10:42:58,740.5,740.5,736.05,736.05,715
2026-08-05 10:43:59,740,740,740,740,65
2026-08-05 10:44:58,736.35,736.35,736.35,736.35,65
2026-08-05 10:47:59,738.7,738.8,738.7,738.8,195
2026-08-05 10:48:59,742,742,742,742,65
2026-08-05 10:51:59,745.5,745.5,745.5,745.5,65
2026-08-05 10:56:59,760,760,760,760,130
2026-08-05 10:57:59,757.6,757.6,757.6,757.6,65
2026-08-05 10:58:58,765.55,765.55,765.55,765.55,65
2026-08-05 11:00:59,770,770,770,770,65
2026-08-05 11:01:58,773.5,773.5,771.05,771.05,130
2026-08-05 11:04:59,770.4,770.4,770.3,770.3,195
2026-08-05 11:08:58,762.6,762.6,762.6,762.6,65
2026-08-05 11:11:59,755.95,755.95,754.6,754.6,195
2026-08-05 11:13:59,764,764,764,764,130
2026-08-05 11:18:59,755.6,755.6,755.55,755.55,130
2026-08-05 11:19:59,755,755,754.4,754.4,325
2026-08-05 11:22:59,761.1,761.1,761.1,761.1,260
2026-08-05 11:23:59,753.5,753.5,753.5,753.5,195
2026-08-05 11:25:55,751,751,751,751,130
2026-08-05 11:26:58,750,750,744.65,744.65,195
2026-08-05 11:27:59,745.75,745.8,745.75,745.8,130
2026-08-05 11:28:58,745,745,745,745,65
2026-08-05 11:29:58,743,743.05,743,743,195
2026-08-05 11:33:58,734.85,734.85,734.85,734.85,65
2026-08-05 11:34:59,732.4,732.4,732.4,732.4,455
2026-08-05 11:40:59,735,735,735,735,130
2026-08-05 11:41:59,736,736,728.3,728.3,390
2026-08-05 11:44:58,738.15,738.15,735.15,735.15,195
2026-08-05 11:45:59,732.05,732.05,731.6,731.6,130
2026-08-05 11:48:59,728,728,728,728,65
2026-08-05 11:50:59,727,727,727,727,65
2026-08-05 11:52:58,718,718,718,718,130
2026-08-05 11:53:58,723,723,723,723,130
2026-08-05 11:57:59,719.7,719.7,719.7,719.7,65
2026-08-05 12:00:58,719.7,719.7,719.7,719.7,195
2026-08-05 12:02:59,724.55,724.55,724.55,724.55,195
2026-08-05 12:03:58,724,724,724,724,130
2026-08-05 12:06:59,720.2,720.2,720.2,720.2,65
2026-08-05 12:08:59,720.9,720.9,720.9,720.9,195
2026-08-05 12:14:58,718,718,718,718,260
2026-08-05 12:22:59,717.6,717.6,717.6,717.6,65
2026-08-05 12:27:59,717.6,717.6,717.6,717.6,65
2026-08-05 12:32:59,701,708.95,701,708.95,325
2026-08-05 12:34:58,700,700,700,700,130
2026-08-05 12:35:59,700,700,694.65,694.65,195
2026-08-05 12:36:59,696,699,696,699,260
2026-08-05 12:39:58,699,699,699,699,195
2026-08-05 12:49:59,690,690,687.35,689.55,390
2026-08-05 12:57:59,689.3,689.3,689.3,689.3,65
2026-08-05 12:58:59,689.4,689.4,689.4,689.4,130
2026-08-05 12:59:59,685.5,685.5,685.5,685.5,65
2026-08-05 13:02:59,688.45,688.45,688.45,688.45,65
2026-08-05 13:03:59,693.35,693.35,693.35,693.35,65
2026-08-05 13:04:59,693.2,693.2,693.2,693.2,130
2026-08-05 13:06:58,686.25,686.25,686.25,686.25,65
2026-08-05 13:10:59,701.25,701.25,699.9,699.9,195
2026-08-05 13:24:58,698.95,698.95,694.3,694.3,195
2026-08-05 13:25:58,692,693.4,692,693.4,195
2026-08-05 13:26:58,694.2,694.2,694.2,694.2,65
2026-08-05 13:43:58,679.6,679.6,679.6,679.6,65
2026-08-05 13:44:59,675.95,678.65,675.55,678.65,845
2026-08-05 13:55:59,685.15,685.15,685.15,685.15,65
2026-08-05 13:59:58,686.15,686.15,686.15,686.15,65
2026-08-05 14:00:58,688,688,688,688,390
2026-08-05 14:11:59,693.3,693.3,693.3,693.3,65
2026-08-05 14:12:59,690.5,690.5,690.5,690.5,65
2026-08-05 14:14:59,684.15,684.15,684.15,684.15,65
2026-08-05 14:16:58,684.15,684.15,684.15,684.15,65
2026-08-05 14:17:59,683.35,683.35,683.35,683.35,260
2026-08-05 14:18:59,677.55,677.55,677.55,677.55,260
2026-08-05 14:20:59,688.6,688.6,688.6,688.6,65
2026-08-05 14:24:59,680.7,680.7,680.7,680.7,65
2026-08-05 14:39:59,692.1,692.1,692.1,692.1,65
2026-08-05 14:50:58,694,694,694,694,130
2026-08-05 14:54:59,696,696,696,696,65
2026-08-05 15:00:59,696,699.2,696,699.2,260
2026-08-05 15:02:58,699.2,699.2,699.2,699.2,65
2026-08-05 15:07:58,708.75,708.75,708.4,708.4,130
2026-08-05 15:08:59,708.8,708.8,708.8,708.8,65
2026-08-05 15:13:59,713.75,713.75,713.75,713.75,130
2026-08-05 15:14:59,718,721.2,718,721.2,650
2026-08-05 15:15:59,727.15,727.15,694.25,694.25,325
2026-08-05 15:16:59,687.85,687.85,687.85,687.85,130
2026-08-05 15:17:59,712.8,712.8,712.8,712.8,65
2026-08-05 15:18:59,714,714,714,714,65
2026-08-05 15:21:58,717.55,717.75,717.55,717.75,520
2026-08-05 15:23:59,701.15,710.1,701.15,710.1,1365
2026-08-05 15:24:58,705.15,705.15,705.15,705.15,1300
2026-08-05 15:28:59,713.55,713.55,713.55,713.55,65
2026-08-05 15:29:59,713.55,713.55,713.55,713.55,65
2026-08-06 09:22:58,755.35,760,755.35,759.95,2600
2026-08-06 09:27:59,759,760,757,760,390
2026-08-06 09:32:59,756.7,756.7,756.7,756.7,65
2026-08-06 09:33:59,756.7,756.7,756.7,756.7,130
2026-08-06 09:38:58,759.4,759.4,759.4,759.4,65
2026-08-06 09:39:58,757.15,757.15,756,756,2600
2026-08-06 09:40:59,755.75,755.75,755.75,755.75,1300
2026-08-06 09:41:59,762.95,762.95,762.95,762.95,65
2026-08-06 09:45:59,771.75,771.75,771.75,771.75,65
2026-08-06 09:47:59,771.45,771.55,771,771,455
2026-08-06 09:48:59,771.8,775.25,771.8,774.9,780
2026-08-06 09:49:59,767.1,776,767.1,776,1820
2026-08-06 09:50:58,777.6,778.9,777.6,778.9,325
2026-08-06 09:51:58,768.4,778.8,768.4,778.8,3250
2026-08-06 09:53:59,778.8,778.8,778.8,778.8,130
2026-08-06 09:54:58,778,780,778,780,390
2026-08-06 09:55:58,779.6,779.6,779.6,779.6,65
2026-08-06 09:59:58,764,764,764,764,1300
2026-08-06 10:01:58,755,755,752,753.7,2665
2026-08-06 10:02:58,753.7,753.7,750,750,455
2026-08-06 10:03:58,744,744,744,744,260
2026-08-06 10:04:58,747.25,747.25,747.25,747.25,65
2026-08-06 10:05:59,739.9,739.9,739.4,739.4,2600
2026-08-06 10:09:59,749.25,749.25,749.25,749.25,65
2026-08-06 10:11:59,754,754,754,754,130
2026-08-06 10:18:59,752.5,752.5,752.5,752.5,130
2026-08-06 10:35:59,760.2,760.2,760.2,760.2,65
2026-08-06 10:37:59,761.75,761.75,761.75,761.75,65
2026-08-06 10:39:59,763.65,763.65,763.65,763.65,65
2026-08-06 10:42:59,760,760,760,760,65
2026-08-06 10:43:59,761.4,761.4,761.4,761.4,65
2026-08-06 10:47:58,760.95,760.95,760.95,760.95,65
2026-08-06 10:49:58,757.7,758,757.7,758,260
2026-08-06 10:50:59,758,758,758,758,130
2026-08-06 10:51:59,752.5,752.5,752.5,752.5,130
2026-08-06 11:12:57,769.6,771,769.6,770.9,195
2026-08-06 11:15:59,772.05,776.8,772.05,776.8,195
2026-08-06 11:22:59,775.85,775.85,775.85,775.85,325
2026-08-06 11:23:59,778.9,778.9,778.9,778.9,65
2026-08-06 11:29:58,784.7,784.7,784,784,325
2026-08-06 11:32:58,776.1,780.15,776.1,780.15,520
2026-08-06 11:43:58,759.8,759.8,759.8,759.8,130
2026-08-06 11:47:59,759,759,759,759,260
2026-08-06 11:48:59,759,759,759,759,65
2026-08-06 11:58:59,780,780,778.95,778.95,130
2026-08-06 12:07:59,775.5,776.5,775.5,776.5,455
2026-08-06 12:16:59,775.05,775.05,775,775,3965
2026-08-06 12:17:59,775,775,775,775,65
2026-08-06 12:18:58,777,777,777,777,1755
2026-08-06 12:19:59,775,775,775,775,845
2026-08-06 12:24:59,768,768,767.95,767.95,2925
2026-08-06 12:25:58,769,769,769,769,1820
2026-08-06 12:26:59,770,770,770,770,845
2026-08-06 12:31:59,774.05,774.05,774,774,1495
2026-08-06 12:41:59,768.25,768.25,768.25,768.25,65
2026-08-06 12:45:58,775.3,775.3,775.3,775.3,130
2026-08-06 12:59:59,760,760,760,760,650
2026-08-06 13:12:58,763.65,763.65,763.65,763.65,65
2026-08-06 13:13:58,758.4,758.4,758.4,758.4,65
2026-08-06 13:14:59,757.2,757.2,756,756,130
2026-08-06 13:15:59,751,751,751,751,195
2026-08-06 13:18:59,753.4,753.4,753.4,753.4,65
2026-08-06 13:19:58,762.3,762.3,762.3,762.3,65
2026-08-06 13:20:58,768.2,768.2,768.2,768.2,390
2026-08-06 13:21:59,759,759,759,759,130
2026-08-06 13:22:59,753.15,753.15,753.15,753.15,65
2026-08-06 13:24:59,752,752,752,752,65
2026-08-06 13:54:58,757.9,757.9,757.9,757.9,65
2026-08-06 14:08:59,777.4,777.4,777.4,777.4,65
2026-08-06 14:09:58,775,775,775,775,65
2026-08-06 14:12:58,775,775,775,775,65
2026-08-06 14:13:59,773.8,773.8,773.8,773.8,65
2026-08-06 14:17:59,777.7,777.7,777.7,777.7,260
2026-08-06 14:26:59,778,778,778,778,390
2026-08-06 14:27:59,781,781,781,781,390
2026-08-06 14:47:58,766.05,766.05,766.05,766.05,65
2026-08-06 14:52:58,774.15,774.15,774.15,774.15,260
2026-08-06 14:55:58,766.2,766.5,766.2,766.5,325
2026-08-06 15:02:58,772,772,772,772,195
2026-08-06 15:03:59,772,772,768.45,768.45,1365
2026-08-06 15:05:59,768,768,768,768,65
2026-08-06 15:10:59,770.75,770.85,770.75,770.85,390
2026-08-06 15:11:59,773.5,773.5,773.5,773.5,195
2026-08-06 15:17:59,776.4,776.4,776.4,776.4,65
2026-08-06 15:20:58,775,775,772.9,773,195
2026-08-06 15:25:59,778.05,778.05,778,778.05,260
2026-08-06 15:26:59,775.95,775.95,775.95,775.95,65
2026-08-07 09:15:59,731.35,732.45,728.45,728.45,910
2026-08-07 09:17:59,735.4,735.6,734.95,734.95,390
2026-08-07 09:18:58,730,730,730,730,65
2026-08-07 09:19:59,735.4,735.4,735.4,735.4,195
2026-08-07 09:23:58,743.9,743.9,743.9,743.9,65
2026-08-07 09:26:58,743.9,743.9,743.9,743.9,65
2026-08-07 09:30:59,734,734,734,734,65
2026-08-07 09:31:59,732,737.25,732,737.25,130
2026-08-07 09:35:58,737.25,737.25,737.25,737.25,65
2026-08-07 09:44:58,745,745,745,745,65
2026-08-07 09:54:59,749.2,749.2,749.2,749.2,260
2026-08-07 10:02:59,748,748,748,748,65
2026-08-07 10:13:59,735.05,735.05,735,735,130
2026-08-07 10:18:58,727,727,727,727,65
2026-08-07 10:19:58,718.85,718.85,718.85,718.85,65
2026-08-07 10:23:59,718.85,718.85,718.85,718.85,65
2026-08-07 10:31:59,717.85,717.85,717.85,717.85,65
2026-08-07 10:45:59,718,718,718,718,65
2026-08-07 10:49:58,719.3,719.3,719.3,719.3,65
2026-08-07 10:52:59,714.75,714.75,714.75,714.75,65
2026-08-07 11:04:59,708.8,708.8,708.8,708.8,65
2026-08-07 11:05:58,708.05,708.05,708.05,708.05,65
2026-08-07 11:20:59,709.15,709.15,709.15,709.15,65
2026-08-07 11:23:59,712.9,712.9,712.9,712.9,130
2026-08-07 11:51:59,705.75,705.75,705.2,705.25,585
2026-08-07 11:52:58,705.2,705.2,705.15,705.2,390
2026-08-07 11:53:59,706.85,706.85,706.85,706.85,65
2026-08-07 12:05:58,705.5,705.5,705.5,705.5,195
2026-08-07 12:11:59,700,700,700,700,130
2026-08-07 12:14:59,700,700,700,700,65
2026-08-07 12:18:59,699.85,699.85,699.85,699.85,65
2026-08-07 12:28:58,706,706,706,706,130
2026-08-07 12:32:59,706,706,706,706,260
2026-08-07 13:02:59,700.15,700.15,700.15,700.15,65
2026-08-07 13:14:58,700,700,700,700,65
2026-08-07 13:17:59,702,702,702,702,130
2026-08-07 13:32:58,699,699,699,699,130
2026-08-07 13:36:59,699.25,700.25,699.25,700.25,195
2026-08-07 13:40:59,695.5,695.5,695.5,695.5,130
2026-08-07 13:41:59,688.55,688.55,688.55,688.55,1755
2026-08-07 13:51:58,716,716,716,716,130
2026-08-07 13:52:59,716,716.45,716,716.45,130
2026-08-07 13:54:59,712,712,712,712,65
2026-08-07 14:11:58,687.85,687.85,687.85,687.85,130
2026-08-07 14:12:59,685.15,685.45,685.15,685.45,195
2026-08-07 14:14:59,688,688.25,688,688.25,130
2026-08-07 14:15:59,684.9,684.9,684.9,684.9,65
2026-08-07 14:20:59,695.2,695.2,695.2,695.2,195
2026-08-07 14:21:59,694.1,694.1,694.1,694.1,65
2026-08-07 15:00:58,699.2,699.2,699.2,699.2,130
2026-08-07 15:11:58,715.9,715.9,715.9,715.9,65
2026-08-07 15:16:58,720.55,723.7,720.55,723.7,195
2026-08-07 15:21:58,715.9,715.9,715.9,715.9,65
2026-08-07 15:23:59,716.9,716.9,716.9,716.9,65
2026-08-07 15:28:59,713.75,713.75,713.75,713.75,65
2026-08-07 15:29:59,712,712,712,712,130
2026-08-07 15:30:58,712.55,712.55,712.55,712.55,130
2026-08-07 15:31:59,716.95,716.95,716.95,716.95,130
2026-08-10 09:15:59,715.45,715.45,715.45,715.45,65
2026-08-10 09:16:58,716.95,716.95,716.95,716.95,65
2026-08-10 09:17:58,715.6,715.6,715.6,715.6,65
2026-08-10 09:19:58,720,720,720,720,65
2026-08-10 09:28:58,706,706,705.95,706,130
2026-08-10 09:32:59,700.15,700.15,700.15,700.15,65
2026-08-10 09:36:59,692,692,692,692,130
2026-08-10 09:38:59,689.55,689.55,689.55,689.55,65
2026-08-10 09:46:58,684.3,684.3,684.3,684.3,65
2026-08-10 09:47:58,682.6,684.15,682.6,684.15,195
2026-08-10 09:48:58,686.05,687.6,686.05,687.6,325
2026-08-10 09:50:59,684.75,684.75,684.75,684.75,325
2026-08-10 09:57:58,684.75,684.75,684.75,684.75,325
2026-08-10 09:59:59,689.6,689.6,689.6,689.6,195
2026-08-10 10:02:58,693.4,693.4,693.4,693.4,65
2026-08-10 10:06:58,691.85,691.85,691.85,691.85,195
2026-08-10 10:11:59,681.3,681.3,681.3,681.3,130
2026-08-10 10:23:59,710,710,710,710,195
2026-08-10 10:31:59,719.85,719.85,719.85,719.85,65
2026-08-10 10:40:59,717.8,717.8,717.8,717.8,65
2026-08-10 10:48:58,725,725,725,725,65
2026-08-10 10:52:59,716.65,716.65,716.65,716.65,65
2026-08-10 10:55:59,716.1,716.1,716.1,716.1,65
2026-08-10 10:56:59,714.1,714.1,714.1,714.1,130
2026-08-10 10:58:58,719.35,719.35,719.35,719.35,65
2026-08-10 11:10:59,719.35,719.35,719.35,719.35,65
2026-08-10 11:15:58,729.95,729.95,729.95,729.95,65
2026-08-10 11:19:59,729.4,729.4,729.4,729.4,65
2026-08-10 11:20:59,730,733.55,730,733.55,130
2026-08-10 11:33:59,714,714,714,714,715
2026-08-10 11:42:59,722.3,722.3,722.3,722.3,65
2026-08-10 12:02:58,721.7,721.7,721.7,721.7,65
2026-08-10 12:08:59,721.7,721.7,721.7,721.7,65
2026-08-10 12:12:59,723.65,723.65,723.65,723.65,65
2026-08-10 12:14:59,730.55,730.55,730.55,730.55,65
2026-08-10 12:15:58,729.95,732.35,729.95,731.85,650
2026-08-10 12:16:58,732.25,732.85,732.1,732.1,520
2026-08-10 12:26:58,724.3,724.3,724.3,724.3,130
2026-08-10 12:28:58,733.4,733.4,733.4,733.4,65
2026-08-10 12:37:59,729.7,729.7,729.7,729.7,65
2026-08-10 12:41:59,733.35,733.35,733.35,733.35,65
2026-08-10 12:43:59,725,725,725,725,65
2026-08-10 13:02:59,718.6,718.6,718.6,718.6,65
2026-08-10 13:14:59,710.15,710.15,710.15,710.15,65
2026-08-10 13:15:59,715,715,715,715,130
2026-08-10 13:18:58,715.25,715.25,715.25,715.25,65
2026-08-10 13:24:59,716,716,716,716,65
2026-08-10 13:29:59,723,723,716.5,716.5,260
2026-08-10 13:55:59,718.05,718.05,718.05,718.05,975
2026-08-10 13:56:58,725.55,725.55,725.35,725.35,130
2026-08-10 13:57:59,718.85,718.85,718.85,718.85,390
2026-08-10 13:58:59,721.7,721.85,721.45,721.45,325
2026-08-10 14:00:59,722.9,722.9,722.9,722.9,65
2026-08-10 14:01:59,716.15,716.15,716.15,716.15,195
2026-08-10 14:03:58,718.4,718.4,718.4,718.4,65
2026-08-10 14:06:59,723.75,723.75,723.75,723.75,65
2026-08-10 14:07:59,724.9,724.9,724.9,724.9,65
2026-08-10 14:23:58,707.5,707.5,707.5,707.5,260
2026-08-10 14:24:59,713.9,713.9,713.9,713.9,65
2026-08-10 14:37:58,703.95,704.45,703.95,704.45,130
2026-08-10 14:40:59,706.6,706.6,706.6,706.6,130
2026-08-10 14:53:59,704,704,704,704,195
2026-08-10 14:54:58,702.2,702.2,702.2,702.2,65
2026-08-10 14:57:59,708,708,708,708,195
2026-08-10 15:05:59,711.1,711.1,711.1,711.1,130
2026-08-10 15:11:59,706.7,706.75,706.7,706.75,195
2026-08-10 15:14:59,706.75,706.75,706.75,706.75,1105
2026-08-10 15:17:58,710.9,710.9,710.9,710.9,65
2026-08-10 15:21:59,709.9,709.9,709.9,709.9,65
2026-08-10 15:26:59,710.1,710.1,710.1,710.1,65
2026-08-10 15:34:58,711.7,711.7,711.7,711.7,65
2026-08-10 15:36:58,708.7,708.7,707.7,707.7,130
2026-08-10 15:39:59,709.95,709.95,709.95,709.95,65
2026-08-11 09:17:58,656.9,656.9,651.5,651.5,130
2026-08-11 09:19:59,652.45,652.45,648.05,648.7,455
2026-08-11 09:20:59,645.2,645.2,641.2,641.2,780
2026-08-11 09:21:59,646.25,646.25,646.25,646.25,65
2026-08-11 09:23:59,644.5,644.5,644.5,644.5,65
2026-08-11 09:24:58,637.35,639.85,637.35,639.85,130
2026-08-11 09:28:59,637.85,637.85,637.85,637.85,65
2026-08-11 09:31:58,634.7,634.7,634.7,634.7,65
2026-08-11 09:36:58,639.15,639.15,639.15,639.15,260
2026-08-11 09:37:58,634.4,634.4,634.4,634.4,65
2026-08-11 09:39:59,634.55,634.55,634.55,634.55,65
2026-08-11 09:40:58,632.95,632.95,632.95,632.95,65
2026-08-11 09:42:58,628.7,628.7,628.7,628.7,65
2026-08-11 09:43:58,626.75,626.75,624.95,625.3,455
2026-08-11 09:46:59,629,629,625.6,625.6,195
2026-08-11 09:47:58,619,619.35,617.55,618.55,650
2026-08-11 09:48:58,620.6,620.6,620.6,620.6,130
2026-08-11 09:49:58,625.6,625.6,625.6,625.6,65
2026-08-11 09:50:58,623,624.6,623,624.6,260
2026-08-11 09:51:58,624.6,624.6,624.6,624.6,585
2026-08-11 09:52:58,626,626,626,626,65
2026-08-11 09:54:59,619,619,619,619,130
2026-08-11 09:55:59,618.5,618.5,618.5,618.5,65
2026-08-11 10:01:58,629.85,629.85,628.15,629.5,975
2026-08-11 10:02:59,629.9,629.9,629.9,629.9,130
2026-08-11 10:03:59,629.05,629.05,629.05,629.05,65
2026-08-11 10:09:58,626.9,626.9,626.9,626.9,65
2026-08-11 10:11:58,626,626,626,626,65
2026-08-11 10:15:59,624.1,624.1,624.1,624.1,65
2026-08-11 10:18:59,628.8,628.8,628.8,628.8,65
2026-08-11 10:28:58,628.8,628.8,628.8,628.8,65
2026-08-11 10:29:59,628.8,628.8,628.8,628.8,1235
2026-08-11 10:34:58,630,630,630,630,130
2026-08-11 10:38:58,631,631,631,631,390
2026-08-11 10:57:59,626,626,626,626,390
2026-08-11 10:58:59,627.85,627.85,627.85,627.85,390
2026-08-11 11:00:59,622.8,622.8,622.8,622.8,390
2026-08-11 11:01:59,622.75,622.75,622.75,622.75,390
2026-08-11 11:02:59,618,618,618,618,195
2026-08-11 11:03:59,616.9,616.9,613.05,613.05,455
2026-08-11 11:09:58,612.7,612.7,611.15,611.15,130
2026-08-11 11:16:59,615,615,615,615,65
2026-08-11 11:21:59,614.35,614.35,614.35,614.35,65
2026-08-11 11:26:59,606,606,606,606,65
2026-08-11 11:27:58,605.15,605.15,605.15,605.15,65
2026-08-11 11:30:59,606.45,606.45,605.4,605.4,195
2026-08-11 11:31:59,607.35,607.35,607.35,607.35,130
2026-08-11 11:32:59,605.4,605.4,605,605,325
2026-08-11 11:34:59,607,607.4,606.85,607.4,390
2026-08-11 11:40:59,612.4,612.4,612.4,612.4,65
2026-08-11 11:41:58,612.4,612.4,612.4,612.4,65
2026-08-11 11:43:58,620,620,620,620,1300
2026-08-11 11:48:58,617.25,617.25,617.25,617.25,65
2026-08-11 11:49:59,615.6,615.6,615.6,615.6,130
2026-08-11 11:53:59,612.4,612.4,612.4,612.4,130
2026-08-11 12:01:58,610.2,610.2,610.2,610.2,195
2026-08-11 12:02:59,609,609,609,609,65
2026-08-11 12:03:59,604.95,604.95,604.05,604.05,130
2026-08-11 12:05:59,604,604,604,604,65
2026-08-11 12:10:58,605.95,605.95,605.95,605.95,65
2026-08-11 12:23:59,607.95,607.95,607.95,607.95,65
2026-08-11 12:24:58,610,610,610,610,130
2026-08-11 12:35:58,614.65,614.65,614.65,614.65,65
2026-08-11 12:36:58,613.6,613.6,613.6,613.6,195
2026-08-11 12:40:58,610.05,610.05,610.05,610.05,65
2026-08-11 12:46:58,613,613,613,613,130
2026-08-11 12:56:59,609.15,609.15,609.15,609.15,65
2026-08-11 12:57:59,609.1,609.1,609.1,609.1,1105
2026-08-11 13:01:59,609.1,609.1,609.1,609.1,65
2026-08-11 13:03:59,611.95,614.8,611.95,614.8,130
2026-08-11 13:04:58,618.4,618.4,618.4,618.4,65
2026-08-11 13:10:59,621,621,619.75,619.8,325
2026-08-11 13:11:59,619.15,619.15,615.75,615.75,520
2026-08-11 13:14:58,617.95,617.95,617.95,617.95,65
2026-08-11 13:15:58,616,616,616,616,130
2026-08-11 13:16:58,612.75,612.75,612.75,612.75,130
2026-08-11 13:17:59,612.55,612.55,612.55,612.55,65
2026-08-11 13:28:59,621.5,621.5,621.5,621.5,65
2026-08-11 13:35:59,623.6,623.6,623.6,623.6,130
2026-08-11 13:37:59,622.35,622.35,622.35,622.35,65
2026-08-11 13:47:58,621.6,621.6,621.1,621.1,130
2026-08-11 13:52:59,617,617,617,617,65
2026-08-11 14:06:59,611.7,611.7,610.95,611.45,195
2026-08-11 14:07:59,611.65,611.65,611.65,611.65,65
2026-08-11 14:09:59,615.3,615.3,615.3,615.3,390
2026-08-11 14:19:58,615.3,615.3,615.3,615.3,65
2026-08-11 14:31:59,611.65,611.65,611.65,611.65,325
2026-08-11 14:32:59,611,611,611,611,65
2026-08-11 14:39:59,607.35,607.35,607.35,607.35,65
2026-08-11 14:47:59,615,615,615,615,65
2026-08-11 14:53:59,618,618,618,618,65
2026-08-11 14:55:58,619,619,619,619,65
2026-08-11 14:58:59,620,620,620,620,65
2026-08-11 15:08:58,621.95,621.95,621.95,621.95,65
2026-08-11 15:20:59,616.95,616.95,613.3,613.3,390
2026-08-11 15:21:59,613.45,613.45,613.45,613.45,130
2026-08-11 15:22:59,612.45,612.45,612.45,612.45,65
2026-08-11 15:23:58,612.45,612.45,612.45,612.45,195
2026-08-11 15:25:58,615.95,615.95,615.95,615.95,130
2026-08-11 15:27:59,616,617.95,616,617.95,390
2026-08-11 15:28:59,616.35,616.5,616.35,616.5,195
2026-08-11 15:29:59,616.5,616.5,616.5,616.5,65
2026-08-11 15:34:58,615.3,615.3,615.3,615.3,65
2026-08-11 15:39:59,611.1,611.1,611.1,611.1,65
2026-08-12 09:16:59,593,593,580.6,580.6,715
2026-08-12 09:17:59,580.6,581.15,579.15,580.2,780
2026-08-12 09:18:59,578.8,578.8,578.8,578.8,65
2026-08-12 09:19:59,580.4,582.2,578.55,582.1,2470
2026-08-12 09:20:58,580.95,583.25,580.95,581,585
2026-08-12 09:21:58,580.1,580.1,580.1,580.1,65
2026-08-12 09:22:58,580.35,582.55,580,582.55,195
2026-08-12 09:23:59,590.25,590.25,585,585,2470
2026-08-12 09:24:58,585,590.8,585,590.8,195
2026-08-12 09:25:58,596,596,596,596,65
2026-08-12 09:26:58,597,600,597,600,130
2026-08-12 09:27:58,612.35,612.35,612.35,612.35,130
2026-08-12 09:28:59,621.85,621.85,616.35,616.35,2145
2026-08-12 09:32:58,597.95,600.45,597.95,600.45,325
2026-08-12 09:35:59,596.2,596.2,596.2,596.2,130
2026-08-12 09:38:58,590,593.25,590,593.25,130
2026-08-12 09:39:59,589.45,589.45,589.45,589.45,1040
2026-08-12 09:40:58,589.9,589.9,589.9,589.9,65
2026-08-12 09:47:58,576,578,576,578,260
2026-08-12 09:48:59,573.4,573.4,573.4,573.4,130
2026-08-12 09:50:59,573.4,573.4,570,570,195
2026-08-12 09:51:59,572.3,572.3,572.25,572.25,195
2026-08-12 09:52:59,574.45,574.45,574.45,574.45,65
2026-08-12 09:54:59,576.5,576.5,576,576,390
2026-08-12 09:55:59,575.1,575.1,570.8,570.8,1040
2026-08-12 09:57:59,573,573,573,573,325
2026-08-12 09:58:58,570,570,567.7,567.7,780
2026-08-12 09:59:59,564.1,564.1,562,562,390
2026-08-12 10:00:59,561.05,561.05,556.55,557.8,195
2026-08-12 10:01:58,556.5,556.8,554.95,556.8,520
2026-08-12 10:02:58,555.15,556.55,553.2,553.2,455
2026-08-12 10:03:58,554.2,554.2,552.9,552.9,715
2026-08-12 10:04:58,554.2,554.2,553,553,195
2026-08-12 10:05:58,550.9,555.8,550.9,555.8,715
2026-08-12 10:06:58,556.45,556.45,554.8,554.8,325
2026-08-12 10:07:59,553.75,553.75,550,550,715
2026-08-12 10:08:59,550.15,550.15,550.15,550.15,65
2026-08-12 10:09:58,553.05,553.05,553,553,325
2026-08-12 10:10:59,552.2,552.2,552.2,552.2,65
2026-08-12 10:11:58,553,555.25,553,553,520
2026-08-12 10:12:59,550.95,550.95,550.95,550.95,65
2026-08-12 10:13:58,550.95,550.95,550.95,550.95,65
2026-08-12 10:15:59,550,550,550,550,130
2026-08-12 10:17:58,553.05,553.05,553.05,553.05,520
2026-08-12 10:22:59,557.25,557.25,556.15,556.4,195
2026-08-12 10:23:59,555.4,555.4,555,555,130
2026-08-12 10:24:59,553.4,556.15,553.4,556.15,325
2026-08-12 10:25:59,555.6,559.05,555.6,559.05,455
2026-08-12 10:26:59,557.4,557.4,557.4,557.4,65
2026-08-12 10:27:58,555.15,555.15,555.15,555.15,195
2026-08-12 10:29:59,556.65,556.65,556.65,556.65,65
2026-08-12 10:30:59,553.15,553.15,553.15,553.15,65
2026-08-12 10:33:58,561.3,562.9,561.3,562.9,1690
2026-08-12 10:34:59,564.85,565.05,564.7,564.7,455
2026-08-12 10:35:58,562,562,562,562,650
2026-08-12 10:36:59,562.65,562.65,562.65,562.65,65
2026-08-12 10:39:59,560.15,560.15,560.15,560.15,130
2026-08-12 10:40:58,556.05,556.05,556.05,556.05,65
2026-08-12 10:45:58,554.05,554.05,553.05,553.05,715
2026-08-12 10:46:59,551,551,551,551,130
2026-08-12 10:47:58,549,549,549,549,325
2026-08-12 10:48:58,549,549,545.05,546.95,325
2026-08-12 10:50:59,547.05,547.05,547.05,547.05,130
2026-08-12 10:51:59,547.9,547.9,547.9,547.9,65
2026-08-12 10:52:59,548,548,548,548,65
2026-08-12 10:55:58,550.25,550.25,550.25,550.25,65
2026-08-12 10:56:58,548,548,548,548,65
2026-08-12 10:57:58,545,545,542.05,542.05,130
2026-08-12 10:58:59,540,540,527.4,528.6,2015
2026-08-12 10:59:58,534,534,530.95,530.95,455
2026-08-12 11:00:59,528.55,528.55,528,528,910
2026-08-12 11:01:59,524,525.3,523.1,525,715
2026-08-12 11:02:58,524.95,524.95,523.5,523.5,910
2026-08-12 11:03:59,522.2,522.3,521,522.05,585
2026-08-12 11:04:59,522.2,525,522.2,523.5,650
2026-08-12 11:05:58,520,522.35,520,522.35,1430
2026-08-12 11:06:59,522.5,523.55,522.5,523.3,260
2026-08-12 11:07:59,526.7,526.7,523.3,524.65,585
2026-08-12 11:08:59,524.05,526.95,523.3,524.65,650
2026-08-12 11:09:59,524.65,527.5,524.65,527.5,585
2026-08-12 11:10:59,527.4,530,527.4,529.7,715
2026-08-12 11:11:58,530.75,530.75,528.3,528.3,260
2026-08-12 11:12:59,528,528,521.3,522,650
2026-08-12 11:13:59,523.5,524.5,523.5,523.65,390
2026-08-12 11:14:58,523.65,523.65,522.7,522.7,195
2026-08-12 11:15:59,525.2,526.7,525.2,526.7,130
2026-08-12 11:16:58,527.9,528,526,527.65,390
2026-08-12 11:17:59,526.4,526.4,524,524,780
2026-08-12 11:18:59,524.1,525.9,524.1,525.9,260
2026-08-12 11:19:59,524.95,527.1,524.95,527.1,390
2026-08-12 11:20:59,526.65,529.45,526.65,529.45,845
2026-08-12 11:21:59,527.05,530,527.05,530,975
2026-08-12 11:23:59,531.85,531.9,531.85,531.9,325
2026-08-12 11:24:58,531,531,527.8,529,845
2026-08-12 11:25:59,527.4,527.7,526.65,527.7,780
2026-08-12 11:27:58,527,527,522,522,5850
2026-08-12 11:28:58,522.95,526.2,522.95,525.7,1690
2026-08-12 11:29:58,526,526,525,525,195
2026-08-12 11:30:58,521,521.95,518.85,519.45,1040
2026-08-12 11:31:59,518.05,522,518.05,522,715
2026-08-12 11:32:59,523.15,524.35,522,522.95,260
2026-08-12 11:33:58,522.95,524.6,522.95,524.6,325
2026-08-12 11:34:58,523.5,527.05,523.5,526,2990
2026-08-12 11:35:59,522.5,523.2,521,522.05,2730
2026-08-12 11:36:58,522,522,522,522,130
2026-08-12 11:37:58,522,522.7,521.5,521.5,650
2026-08-12 11:38:58,520.15,520.15,520,520,1105
2026-08-12 11:39:59,519,519,517.4,518.35,910
2026-08-12 11:40:59,517,517,515,515,1885
2026-08-12 11:41:59,516.1,516.1,516,516,130
2026-08-12 11:42:58,517.4,519,517.4,518,1495
2026-08-12 11:43:58,516.8,517.4,516.8,516.95,1690
2026-08-12 11:44:58,519.4,523.2,519.4,521.75,1105
2026-08-12 11:45:59,521.55,521.55,521.55,521.55,65
2026-08-12 11:46:58,520.55,522,520.55,522,130
2026-08-12 11:47:59,522.15,522.15,518.55,521.6,455
2026-08-12 11:48:58,521.6,521.6,521.6,521.6,195
2026-08-12 11:49:58,520.55,522,520.55,522,260
2026-08-12 11:50:59,518.6,518.6,518,518,130
2026-08-12 11:52:59,518,518,518,518,65
2026-08-12 11:53:59,519.5,519.5,519.5,519.5,130
2026-08-12 11:54:59,518,518,515,515,1235
2026-08-12 11:56:58,515,515,515,515,65
2026-08-12 11:57:59,516.65,516.65,516.65,516.65,65
2026-08-12 11:58:58,515,515,514.85,514.85,195
2026-08-12 11:59:59,515.5,515.5,514.95,514.95,325
2026-08-12 12:00:58,515.3,515.3,513.5,513.5,1300
2026-08-12 12:01:59,515,515.2,515,515.2,130
2026-08-12 12:02:58,514.05,514.05,512.55,512.55,390
2026-08-12 12:03:59,515.3,515.3,512.5,512.5,390
2026-08-12 12:04:59,512.8,512.8,512.8,512.8,65
2026-08-12 12:05:59,514.5,514.5,514.5,514.5,65
2026-08-12 12:06:58,516,516,513.8,515.2,910
2026-08-12 12:07:59,515.5,518.15,515.45,518.15,325
2026-08-12 12:08:59,517,517,517,517,65
2026-08-12 12:09:59,515.5,515.5,515,515,650
2026-08-12 12:11:58,513,513,513,513,650
2026-08-12 12:13:59,513,513,509.55,509.55,1690
2026-08-12 12:14:58,511,511,511,511,65
2026-08-12 12:15:58,513.5,513.5,512.25,512.25,260
2026-08-12 12:16:59,514.05,514.05,513.5,513.5,715
2026-08-12 12:17:59,512.45,513.5,512.15,512.9,1430
2026-08-12 12:19:58,514.7,515.45,514.7,515.45,390
2026-08-12 12:20:59,514.8,514.8,514.8,514.8,65
2026-08-12 12:21:58,514,514,513.3,513.3,390
2026-08-12 12:22:59,513.3,513.3,512,512,585
2026-08-12 12:24:59,513.5,513.5,513.5,513.5,130
2026-08-12 12:25:58,512,512.55,512,512.55,1040
2026-08-12 12:26:59,514.45,515.05,514.45,515.05,455
2026-08-12 12:27:59,515,515.1,515,515.1,390
2026-08-12 12:28:58,513.75,513.75,513.75,513.75,390
2026-08-12 12:29:59,514.75,516.7,514.75,516.7,585
2026-08-12 12:30:59,516,516,515,515,130
2026-08-12 12:31:59,512.55,512.9,512.5,512.5,910
2026-08-12 12:33:58,519.2,519.2,519.2,519.2,65
2026-08-12 12:34:59,519.45,521,519.45,521,130
2026-08-12 12:35:59,520.4,520.4,517.55,517.55,455
2026-08-12 12:36:59,518.5,518.5,516.8,516.8,130
2026-08-12 12:37:59,511.35,511.35,511.35,511.35,1755
2026-08-12 12:38:59,517.6,517.6,515.8,515.8,195
2026-08-12 12:39:58,516.9,519.05,516.9,519.05,195
2026-08-12 12:40:59,520.2,520.2,518.2,518.2,390
2026-08-12 12:41:59,517.2,517.2,517.2,517.2,195
2026-08-12 12:42:59,520.6,520.6,518,518,650
2026-08-12 12:43:58,517.2,517.5,517.2,517.5,195
2026-08-12 12:45:58,515,515,512,512,650
2026-08-12 12:46:59,512,512.35,509.65,509.65,455
2026-08-12 12:47:59,510,510,510,510,65
2026-08-12 12:48:58,514.65,514.65,514.65,514.65,585
2026-08-12 12:49:58,512.15,512.15,512.15,512.15,65
2026-08-12 12:50:59,514.5,514.9,514.5,514.9,260
2026-08-12 12:51:58,514.5,514.5,514.5,514.5,65
2026-08-12 12:53:58,514,514,513.9,513.9,195
2026-08-12 12:54:59,512.2,512.2,510.8,510.8,130
2026-08-12 12:55:59,510.8,510.8,509.8,509.8,520
2026-08-12 12:56:59,510.25,510.25,508.2,508.55,390
2026-08-12 12:57:59,508.55,508.55,508.55,508.55,390
2026-08-12 13:00:59,508.6,508.65,508.6,508.65,130
2026-08-12 13:01:59,510.4,510.8,509,509,195
2026-08-12 13:02:59,513,513,512,512.9,390
2026-08-12 13:03:58,510.55,512,509.8,510.55,390
2026-08-12 13:04:58,510.55,512.65,510.55,511.2,325
2026-08-12 13:06:59,511.8,511.8,510,510,260
2026-08-12 13:07:59,509,509.35,509,509.35,130
2026-08-12 13:08:59,511.4,511.9,510,510,715
2026-08-12 13:09:59,511,511,511,511,65
2026-08-12 13:10:58,512.6,512.6,512.6,512.6,130
2026-08-12 13:11:58,511,511,511,511,65
2026-08-12 13:12:58,514,514,514,514,650
2026-08-12 13:13:58,511.8,511.8,511.8,511.8,65
2026-08-12 13:14:59,514,516.15,514,516.15,650
2026-08-12 13:15:59,514.5,514.5,514.5,514.5,325
2026-08-12 13:16:58,515.4,517.45,515.4,517.3,780
2026-08-12 13:18:58,519.5,519.5,519.5,519.5,325
2026-08-12 13:19:59,519.15,520,519.15,520,390
2026-08-12 13:20:58,520.15,520.15,520.15,520.15,130
2026-08-12 13:21:59,519.15,520.5,519.15,520.5,260
2026-08-12 13:22:58,519.1,519.1,519,519,650
2026-08-12 13:23:59,519,519,517.55,517.55,390
2026-08-12 13:24:58,518.55,518.55,518.55,518.55,65
2026-08-12 13:25:59,517.1,517.15,517.1,517.15,195
2026-08-12 13:26:59,515.35,515.35,515.35,515.35,130
2026-08-12 13:27:58,515,515,515,515,195
2026-08-12 13:28:59,513.3,513.3,513.3,513.3,130
2026-08-12 13:29:59,513.3,517.9,513.3,517.9,325
2026-08-12 13:30:58,520.45,521,520.45,521,390
2026-08-12 13:31:58,520,520,518.55,520,585
2026-08-12 13:32:58,521,521,520.05,520.05,130
2026-08-12 13:33:59,519.15,519.15,519.15,519.15,65
2026-08-12 13:34:59,519,519,519,519,130
2026-08-12 13:35:59,522,522,522,522,520
2026-08-12 13:36:59,520.9,522,520.9,522,325
2026-08-12 13:37:59,520,520,519,519,260
2026-08-12 13:38:59,517.95,517.95,516,516,585
2026-08-12 13:41:59,519.5,519.5,517.65,517.65,780
2026-08-12 13:42:59,517.35,517.35,515.55,515.55,260
2026-08-12 13:43:58,515.15,515.15,515.15,515.15,130
2026-08-12 13:44:58,513.3,513.8,513.3,513.8,260
2026-08-12 13:46:59,512,512,512,512,130
2026-08-12 13:47:59,509.55,509.55,509.55,509.55,390
2026-08-12 13:49:59,511.5,511.5,511.5,511.5,195
2026-08-12 13:50:59,513.2,513.2,513.2,513.2,130
2026-08-12 13:51:58,513.2,513.2,513.2,513.2,65
2026-08-12 13:52:59,513.75,513.75,513.75,513.75,65
2026-08-12 13:56:58,512,512,512,512,195
2026-08-12 13:57:59,510,510,508.55,508.55,390
2026-08-12 13:58:59,508.55,508.85,508.55,508.85,520
2026-08-12 13:59:58,508.9,508.9,508.9,508.9,390
2026-08-12 14:00:59,510.1,510.1,510.1,510.1,65
2026-08-12 14:02:59,511.05,511.05,510.1,510.1,260
2026-08-12 14:03:59,510.1,510.1,510.1,510.1,455
2026-08-12 14:04:59,508.8,508.8,506,506,1560
2026-08-12 14:05:59,507,507,507,507,65
2026-08-12 14:08:59,509.3,509.3,509.3,509.3,65
2026-08-12 14:10:59,510.45,510.45,509.3,509.3,390
2026-08-12 14:11:59,510,510,504.6,504.6,1430
2026-08-12 14:14:59,505.3,506.05,505.3,506.05,195
2026-08-12 14:18:59,511,511,510.55,510.55,130
2026-08-12 14:20:59,514.55,514.55,513.5,513.5,195
2026-08-12 14:22:58,515,517.45,515,517.45,260
2026-08-12 14:23:58,518.15,518.15,518.15,518.15,130
2026-08-12 14:24:58,518.15,518.15,517.25,517.25,130
2026-08-12 14:25:59,519.2,519.2,517.5,517.5,130
2026-08-12 14:26:59,519,519.85,519,519.85,260
2026-08-12 14:27:59,518.25,519,518.25,519,130
2026-08-12 14:28:58,517.05,517.05,517.05,517.05,65
2026-08-12 14:29:59,517,517,517,517,260
2026-08-12 14:30:59,519.5,525,519.5,525,1690
2026-08-12 14:31:58,525,525,525,525,65
2026-08-12 14:32:58,530,535,530,534.35,3445
2026-08-12 14:33:59,535.4,537.15,534.8,537.15,1430
2026-08-12 14:34:59,539,539.1,535.2,535.2,1560
2026-08-12 14:35:59,537,538.05,536.45,536.45,3120
2026-08-12 14:36:59,531.7,537.05,531.7,537.05,325
2026-08-12 14:37:59,534,534.15,531.8,533.3,520
2026-08-12 14:38:59,534.5,535,534.5,535,390
2026-08-12 14:39:59,537.55,537.55,537.55,537.55,130
2026-08-12 14:40:59,536.2,536.2,535,535,260
2026-08-12 14:41:59,535,535,535,535,65
2026-08-12 14:42:58,539,540.1,539,540.1,325
2026-08-12 14:43:58,544.6,544.6,540.65,540.65,585
2026-08-12 14:44:58,538.45,540.15,538.2,539.45,455
2026-08-12 14:45:59,540.15,540.15,539,539,975
2026-08-12 14:46:59,537,542.85,537,542.85,975
2026-08-12 14:47:59,542.85,542.85,542,542,520
2026-08-12 14:48:58,541.6,541.85,538,538,585
2026-08-12 14:49:59,537.3,538,537.3,537.4,1365
2026-08-12 14:50:59,537,541.6,537,541.6,910
2026-08-12 14:51:59,540.9,540.9,538.7,538.7,715
2026-08-12 14:52:59,538,545,538,545,1820
2026-08-12 14:53:59,548,552.45,545,552.35,1690
2026-08-12 14:54:59,552,571.85,550.75,571.85,3510
2026-08-12 14:55:59,575,579.95,564.85,564.85,1365
2026-08-12 14:56:59,563.7,565.65,561.1,561.1,585
2026-08-12 14:57:59,561.5,563.55,559.05,562.65,780
2026-08-12 14:58:59,565.95,566.55,561.45,561.45,1105
2026-08-12 14:59:59,563.5,563.5,563,563,3185
2026-08-12 15:00:59,564.5,564.5,561.55,561.55,195
2026-08-12 15:01:58,560,562.25,560,562.25,260
2026-08-12 15:02:58,561.55,563.85,561.55,563.85,195
2026-08-12 15:03:58,560.45,560.45,560.45,560.45,65
2026-08-12 15:04:58,561.8,561.8,559.05,559.05,195
2026-08-12 15:05:59,558,558,554.45,554.45,650
2026-08-12 15:06:59,554.45,557.5,552.1,552.1,1365
2026-08-12 15:08:59,553.65,553.65,551.15,551.15,195
2026-08-12 15:09:59,551.05,553.25,550.85,553.25,455
2026-08-12 15:11:59,560,562.95,560,562,845
2026-08-12 15:12:59,563,563,562.95,562.95,195
2026-08-12 15:13:58,562.95,562.95,561.35,561.35,910
2026-08-12 15:14:59,562,564.9,562,563.95,1430
2026-08-12 15:15:59,562.75,565.4,562.75,564,1105
2026-08-12 15:16:59,559.95,560.2,559.95,560.2,1885
2026-08-12 15:19:59,561.75,563,561.75,562.35,650
2026-08-12 15:20:59,563,565.5,563,565.5,715
2026-08-12 15:21:58,567.25,567.25,564,565.25,780
2026-08-12 15:22:59,564.8,564.8,564,564,390
2026-08-12 15:23:58,565.05,565.05,565.05,565.05,65
2026-08-12 15:24:59,565.05,565.05,565.05,565.05,65
2026-08-12 15:25:58,566.1,566.1,566.1,566.1,65
2026-08-12 15:26:58,565.3,565.45,565.05,565.45,715
2026-08-12 15:27:59,565.05,566.05,565,566.05,1495
2026-08-12 15:28:58,566.05,566.05,563.8,563.8,715
2026-08-12 15:29:59,564.55,566,564.55,566,130
2026-08-12 15:30:59,566,566.45,566,566.45,1170
2026-08-12 15:31:59,565.9,565.9,565.9,565.9,65
2026-08-12 15:33:59,565.65,565.65,565,565,520
2026-08-12 15:34:59,566.25,566.25,563.85,563.85,520
2026-08-12 15:35:59,566.85,567,566.8,566.8,390
2026-08-12 15:36:58,565.3,568.3,565.3,568.3,130
2026-08-12 15:37:58,568.45,568.55,568.45,568.55,260
2026-08-12 15:38:59,566,566,566,566,325
2026-08-12 15:39:58,566,566,566,566,2210
2026-08-12 15:40:00,566,566,566,566,325
2026-08-13 09:15:59,547.35,547.35,547.35,547.35,65
2026-08-13 09:16:58,533,542.7,533,539.8,1235
2026-08-13 09:17:59,537.45,537.45,530.75,530.75,910
2026-08-13 09:18:58,535.9,535.9,530.75,530.75,325
2026-08-13 09:19:58,530.1,536.45,530.1,533.8,6370
2026-08-13 09:20:58,530.15,531,530.15,531,325
2026-08-13 09:21:58,535.7,539.6,535.7,538,3575
2026-08-13 09:22:58,533.05,539.2,533,539.2,325
2026-08-13 09:23:59,533.2,533.2,533,533,260
2026-08-13 09:24:58,533,533,533,533,65
2026-08-13 09:25:58,536.45,536.45,535,535,455
2026-08-13 09:26:59,532.1,532.1,532.1,532.1,780
2026-08-13 09:27:59,529.7,529.7,525.05,525.2,390
2026-08-13 09:28:59,525.2,525.2,523.25,523.25,650
2026-08-13 09:29:59,521.25,526.2,521.25,526.2,195
2026-08-13 09:30:59,529.05,529.05,525,525,780
2026-08-13 09:31:59,524,524,522,522,130
2026-08-13 09:32:59,520,522,520,522,585
2026-08-13 09:33:59,520.1,520.8,519.75,519.75,520
2026-08-13 09:34:58,519.95,519.95,519.95,519.95,65
2026-08-13 09:35:58,519.95,521.15,519.45,521,650
2026-08-13 09:36:59,520.55,522.15,520.45,520.45,1170
2026-08-13 09:37:59,520,520,520,520,130
2026-08-13 09:38:59,521.6,523.55,521.6,523.55,130
2026-08-13 09:39:59,530.5,530.5,530,530,130
2026-08-13 09:40:59,530.15,530.9,530.15,530.9,520
2026-08-13 09:41:59,533.2,533.2,529.65,529.65,910
2026-08-13 09:42:59,528.8,528.8,528.8,528.8,130
2026-08-13 09:43:59,532,534.85,532,534.85,130
2026-08-13 09:44:59,532,532,532,532,65
2026-08-13 09:46:58,534.85,535.9,534.85,535.05,195
2026-08-13 09:47:58,529,529.1,528.6,528.6,715
2026-08-13 09:48:58,536.7,536.7,536.7,536.7,65
2026-08-13 09:49:58,534,534,534,534,65
2026-08-13 09:50:58,536.7,541.85,536.7,541.85,650
2026-08-13 09:51:58,540.1,540.1,540.1,540.1,130
2026-08-13 09:52:58,535.45,535.45,530.5,530.5,130
2026-08-13 09:53:59,533,535,533,535,585
2026-08-13 09:55:59,537.5,537.5,536.3,536.3,325
2026-08-13 09:57:59,537,537,535.3,535.3,325
2026-08-13 09:58:59,537,537,537,537,130
2026-08-13 10:00:58,536,536,536,536,65
2026-08-13 10:01:59,535.05,535.05,535.05,535.05,65
2026-08-13 10:05:59,531.05,531.05,531.05,531.05,65
2026-08-13 10:07:58,532.85,532.85,531,531,2080
2026-08-13 10:09:58,527.15,528.1,527.15,528.1,325
2026-08-13 10:11:59,524,524.45,524,524.45,780
2026-08-13 10:12:59,522.35,524.35,522.35,524.35,715
2026-08-13 10:13:59,534.25,534.7,531.8,534.7,260
2026-08-13 10:14:59,530.05,530.05,530.05,530.05,65
2026-08-13 10:18:59,527.05,527.05,527.05,527.05,65
2026-08-13 10:19:59,525.7,525.7,525.7,525.7,130
2026-08-13 10:21:59,525.6,525.6,525.6,525.6,65
2026-08-13 10:22:58,527,527,527,527,65
2026-08-13 10:23:59,526.9,526.9,524.95,524.95,715
2026-08-13 10:24:58,521.3,523,521.3,523,130
2026-08-13 10:25:58,523.15,523.15,523.15,523.15,65
2026-08-13 10:26:59,523.15,523.15,523.15,523.15,65
2026-08-13 10:27:59,523.15,524.8,523,523.25,325
2026-08-13 10:28:58,521,521,521,521,260
2026-08-13 10:29:58,520,520,518,518,390
2026-08-13 10:31:59,513.55,513.55,513.55,513.55,65
2026-08-13 10:33:58,517.05,517.05,517.05,517.05,65
2026-08-13 10:34:58,513.5,513.5,513.5,513.5,65
2026-08-13 10:35:58,518,518,518,518,65
2026-08-13 10:36:58,519,519,515.2,517.15,715
2026-08-13 10:37:58,517.55,518.4,517.55,518.4,195
2026-08-13 10:38:58,518.3,518.3,518.3,518.3,585
2026-08-13 10:40:59,519.5,519.5,519.5,519.5,65
2026-08-13 10:41:59,519,519,519,519,130
2026-08-13 10:42:59,520,520,520,520,130
2026-08-13 10:44:59,520,520,520,520,65
2026-08-13 10:45:59,520.1,520.1,520.1,520.1,65
2026-08-13 10:46:59,520,520,520,520,65
2026-08-13 10:47:58,521,521,521,521,65
2026-08-13 10:48:59,522,522,522,522,65
2026-08-13 10:49:59,531.3,531.3,526.55,526.55,1690
2026-08-13 10:51:58,526.3,533.85,526.3,530.85,2275
2026-08-13 10:52:58,530.85,530.85,529.55,529.55,130
2026-08-13 10:55:59,528.5,528.5,528.5,528.5,65
2026-08-13 10:58:58,528.5,528.5,528.5,528.5,455
2026-08-13 10:59:58,527.75,527.75,527.75,527.75,65
2026-08-13 11:03:58,521.7,521.7,521.7,521.7,65
2026-08-13 11:04:58,520.5,520.5,520,520,130
2026-08-13 11:05:59,519,519,517,517.5,195
2026-08-13 11:06:59,515,515,515,515,65
2026-08-13 11:07:59,514,514,512.95,512.95,195
2026-08-13 11:09:59,517.5,517.5,517.5,517.5,65
2026-08-13 11:10:58,520,520,520,520,325
2026-08-13 11:11:58,518,518,517.5,517.5,2665
2026-08-13 11:13:58,515.95,516.25,515.5,516.25,5265
2026-08-13 11:14:59,513.05,515.5,513.05,515.5,195
2026-08-13 11:15:59,515.65,515.65,515.65,515.65,65
2026-08-13 11:17:59,513.7,513.7,513.7,513.7,65
2026-08-13 11:18:58,515,515,515,515,65
2026-08-13 11:19:59,518.5,518.5,518.5,518.5,65
2026-08-13 11:20:59,515,517.25,515,517.25,1235
2026-08-13 11:22:58,518.7,521.5,518.7,521.5,2145
2026-08-13 11:23:59,521.5,521.5,521.5,521.5,2080
2026-08-13 11:24:59,514.45,514.45,514.45,514.45,975
2026-08-13 11:25:59,520,522.6,520,522.6,195
2026-08-13 11:29:58,521.6,521.6,521.6,521.6,65
2026-08-13 11:30:58,525.7,525.7,525.7,525.7,65
2026-08-13 11:35:59,530.35,530.35,530.2,530.2,130
2026-08-13 11:36:59,529.5,532.65,529.5,532.65,455
2026-08-13 11:39:59,535,535,535,535,65
2026-08-13 11:40:59,533.55,533.55,533.05,533.05,975
2026-08-13 11:41:59,531.1,531.1,531.1,531.1,65
2026-08-13 11:45:59,534.1,534.1,534.1,534.1,65
2026-08-13 11:47:58,534.1,534.1,534.1,534.1,325
2026-08-13 11:48:59,534.1,536.7,534.1,536.7,780
2026-08-13 11:49:58,536.5,536.5,535.3,535.3,390
2026-08-13 11:50:58,537,537,537,537,520
2026-08-13 11:51:58,538,538,538,538,325
2026-08-13 11:55:59,538,539.8,538,539.8,130
2026-08-13 11:56:58,543.35,543.35,543.05,543.15,1300
2026-08-13 11:57:58,543.15,546,543.15,546,455
2026-08-13 11:58:59,549.8,550.15,549.8,549.8,1105
2026-08-13 11:59:59,549.35,557.55,549.35,555.2,1430
2026-08-13 12:00:59,560,573.3,560,573.3,1560
2026-08-13 12:01:59,570.05,570.45,566,569.2,1105
2026-08-13 12:02:59,570,572,568.15,572,3315
2026-08-13 12:03:59,575.1,575.1,574.7,575,1365
2026-08-13 12:04:59,578.05,579.9,574.95,574.95,2080
2026-08-13 12:05:59,575,576,575,576,195
2026-08-13 12:06:59,576,576,574.95,574.95,130
2026-08-13 12:07:59,570.9,570.9,570.9,570.9,130
2026-08-13 12:08:59,571.05,571.05,571.05,571.05,130
2026-08-13 12:10:59,566.95,566.95,566.95,566.95,65
2026-08-13 12:11:58,561.5,562,561.5,562,390
2026-08-13 12:12:58,564.2,564.2,564.2,564.2,195
2026-08-13 12:14:59,562.25,562.25,560.35,560.35,845
2026-08-13 12:19:58,560,560,560,560,65
2026-08-13 12:23:59,567,567,567,567,65
2026-08-13 12:24:58,567.9,567.9,567.3,567.3,260
2026-08-13 12:25:58,566.2,566.2,566.2,566.2,65
2026-08-13 12:27:59,562.35,562.35,562.35,562.35,195
2026-08-13 12:32:59,559.25,559.25,559.25,559.25,585
2026-08-13 12:34:58,563,563,563,563,65
2026-08-13 12:35:58,564,564,564,564,65
2026-08-13 12:36:58,564,564,564,564,65
2026-08-13 12:39:58,561.95,561.95,561.95,561.95,130
2026-08-13 12:40:59,562.45,564,561,564,520
2026-08-13 12:41:59,565,565.1,565,565.1,520
2026-08-13 12:43:59,562,562,562,562,130
2026-08-13 12:45:59,558.3,558.3,558.15,558.15,130
2026-08-13 12:46:59,555.1,555.1,554.15,554.15,390
2026-08-13 12:47:59,552.35,552.35,552.35,552.35,65
2026-08-13 12:48:59,551.4,551.4,551.4,551.4,65
2026-08-13 12:49:59,553.85,554,551.4,551.4,520
2026-08-13 12:51:58,545.9,545.9,545.9,545.9,195
2026-08-13 12:53:59,553.75,553.75,552.05,552.05,195
2026-08-13 12:56:59,550,550,548,548,325
2026-08-13 12:57:58,548.95,548.95,548.95,548.95,65
2026-08-13 12:58:58,548.8,548.8,548.8,548.8,65
2026-08-13 12:59:59,550,550.05,550,550,715
2026-08-13 13:00:59,550,550,550,550,455
2026-08-13 13:05:59,548.2,548.2,548.2,548.2,130
2026-08-13 13:06:58,548.4,548.4,548.4,548.4,65
2026-08-13 13:07:58,548,548,548,548,520
2026-08-13 13:10:59,550,550,550,550,65
2026-08-13 13:13:58,548.45,548.45,548.45,548.45,65
2026-08-13 13:14:59,549.5,550,549.5,550,130
2026-08-13 13:15:58,551.5,551.5,545,545,390
2026-08-13 13:17:59,548.55,548.55,548.55,548.55,65
2026-08-13 13:18:59,550,550,550,550,65
2026-08-13 13:24:58,545,545,545,545,65
2026-08-13 13:25:59,542.4,542.4,542.4,542.4,130
2026-08-13 13:26:59,542.65,544.05,542.65,544.05,325
2026-08-13 13:27:58,546.7,546.7,546.7,546.7,65
2026-08-13 13:28:58,548.75,548.75,547,547,130
2026-08-13 13:30:59,545.3,545.3,545.3,545.3,130
2026-08-13 13:31:59,542,543.85,542,543.85,195
2026-08-13 13:36:58,546.55,546.55,546.55,546.55,195
2026-08-13 13:37:58,548.6,550.45,548.6,550.45,780
2026-08-13 13:38:59,551.45,551.45,551.45,551.45,195
2026-08-13 13:39:59,551.45,553.6,551.45,553.35,260
2026-08-13 13:40:59,554.05,556.4,554.05,556.15,325
2026-08-13 13:41:59,552.9,556.2,552.9,556.2,195
2026-08-13 13:42:59,556.45,559.15,556.45,559.15,1495
2026-08-13 13:44:59,563.3,563.3,563.3,563.3,195
2026-08-13 13:46:58,561.5,561.5,561.3,561.3,325
2026-08-13 13:48:58,560,560,560,560,130
2026-08-13 13:52:59,561.25,561.25,561.25,561.25,65
2026-08-13 13:54:59,563,565,563,565,195
2026-08-13 13:55:58,565.55,565.55,565.55,565.55,65
2026-08-13 13:56:58,570,570,569.95,569.95,130
2026-08-13 13:57:58,571,571,569.55,569.55,195
2026-08-13 13:59:58,567.1,567.1,567.1,567.1,130
2026-08-13 14:00:58,563.8,563.8,562.6,562.6,130
2026-08-13 14:01:58,562,562,562,562,65
2026-08-13 14:02:58,561.45,561.45,561.45,561.45,65
2026-08-13 14:03:58,561.45,561.45,561.45,561.45,65
2026-08-13 14:05:59,560.4,560.4,560.4,560.4,65
2026-08-13 14:06:59,559.55,559.55,559.55,559.55,65
2026-08-13 14:07:59,555.35,555.35,554.7,554.7,585
2026-08-13 14:10:59,551.95,551.95,551.95,551.95,130
2026-08-13 14:11:59,554,554,551.5,554,325
2026-08-13 14:12:59,552.1,552.1,550.8,550.8,650
2026-08-13 14:16:58,554.05,554.05,554.05,554.05,65
2026-08-13 14:17:58,551.35,551.35,551.35,551.35,130
2026-08-13 14:18:58,549.3,549.3,549.3,549.3,130
2026-08-13 14:19:59,551,551,551,551,260
2026-08-13 14:20:59,554.75,556.3,554.75,556.3,325
2026-08-13 14:21:59,559.45,559.45,556.7,556.7,715
2026-08-13 14:22:59,558.25,558.25,558.25,558.25,65
2026-08-13 14:25:59,558.6,558.6,558.3,558.3,130
2026-08-13 14:26:59,555.15,555.15,555.15,555.15,65
2026-08-13 14:27:59,558.05,561.65,557.6,561,1105
2026-08-13 14:28:59,557.8,558.15,557.8,558.15,130
2026-08-13 14:29:59,563.5,563.5,563.5,563.5,65
2026-08-13 14:30:58,562.3,562.3,559.55,559.55,130
2026-08-13 14:31:59,556.1,556.1,556.1,556.1,65
2026-08-13 14:32:59,555.65,555.65,554.1,554.1,780
2026-08-13 14:33:59,555,555.9,554.85,555.45,390
2026-08-13 14:34:59,555.65,555.65,555.65,555.65,65
2026-08-13 14:36:58,554.55,554.55,554.55,554.55,130
2026-08-13 14:43:58,559.5,559.5,559.5,559.5,65
2026-08-13 14:45:58,558,558,557.55,557.55,130
2026-08-13 14:48:59,552,552,552,552,195
2026-08-13 14:49:59,552.75,552.75,550.1,550.1,325
2026-08-13 14:50:59,553.05,553.05,553.05,553.05,65
2026-08-13 14:51:59,552.45,552.45,551,551,260
2026-08-13 14:53:59,552.3,552.3,552.3,552.3,65
2026-08-13 14:55:59,553.8,553.8,553.8,553.8,65
2026-08-13 14:56:59,550,550,550,550,65
2026-08-13 14:57:59,552,552,552,552,65
2026-08-13 14:58:59,551.95,551.95,548,548,845
2026-08-13 14:59:58,549.95,549.95,549.95,549.95,390
2026-08-13 15:00:58,547.35,549.9,547.35,549.9,130
2026-08-13 15:02:58,554.65,554.65,554.6,554.6,260
2026-08-13 15:03:59,553.9,553.9,553.9,553.9,195
2026-08-13 15:05:59,554.05,554.05,551.8,551.8,585
2026-08-13 15:06:59,551.85,551.85,550,550,130
2026-08-13 15:07:59,547.5,549,547.5,549,455
2026-08-13 15:08:58,549.75,551.75,549.75,550.6,780
2026-08-13 15:09:59,550.8,550.8,550.8,550.8,130
2026-08-13 15:10:59,549.55,549.55,549.3,549.3,1820
2026-08-13 15:12:58,551,551,550.3,550.3,260
2026-08-13 15:13:58,550.45,550.45,550.45,550.45,1170
2026-08-13 15:14:59,552.5,552.5,552.5,552.5,65
2026-08-13 15:15:59,551,551.75,550.3,551.75,260
2026-08-13 15:16:59,552.85,552.85,552.85,552.85,65
2026-08-13 15:18:59,550.8,550.8,550.7,550.7,195
2026-08-13 15:19:59,551.05,551.05,551.05,551.05,65
2026-08-13 15:20:59,551.05,551.3,551.05,551.3,195
2026-08-13 15:21:59,551.55,551.7,551.55,551.7,195
2026-08-13 15:22:59,548.3,548.3,548.3,548.3,65
2026-08-13 15:23:59,548.5,549.2,548.5,548.5,520
2026-08-13 15:24:58,547,547,547,547,260
2026-08-13 15:26:59,549.15,549.15,549.1,549.1,130
2026-08-13 15:27:59,546.2,548.2,546.2,548.2,520
2026-08-13 15:29:59,549.05,549.05,549.05,549.05,650
2026-08-13 15:31:58,551.25,551.25,551.25,551.25,65
2026-08-13 15:32:59,551.4,551.4,551.4,551.4,390
2026-08-13 15:33:59,551.4,551.4,551.4,551.4,325
2026-08-13 15:34:58,552,552,552,552,130
2026-08-13 15:35:59,553,553,553,553,65
2026-08-13 15:36:59,553.25,553.25,552.95,552.95,130
2026-08-13 15:37:59,550.05,550.05,550.05,550.05,65
2026-08-13 15:39:58,553,553,547.2,547.45,780
2026-08-14 09:15:59,527.45,527.45,511.6,518.3,4290
2026-08-14 09:16:58,509.7,514.55,509.1,509.7,1625
2026-08-14 09:17:58,509.7,510,505.25,505.25,4875
2026-08-14 09:18:59,508.35,508.35,502.35,502.35,2015
2026-08-14 09:19:59,502.9,503.85,502.35,502.35,195
2026-08-14 09:20:59,503.85,505.8,500.65,500.65,2015
2026-08-14 09:21:59,501.25,504.6,501.25,504.35,325
2026-08-14 09:22:59,505.4,505.65,504.9,505.5,585
2026-08-14 09:23:59,508,508,508,508,65
2026-08-14 09:24:59,510.2,513.35,506.6,506.6,585
2026-08-14 09:25:59,507.45,507.45,504.5,506.95,1235
2026-08-14 09:26:59,506.85,506.95,506.85,506.95,260
2026-08-14 09:27:59,504.05,505.3,504.05,505.3,390
2026-08-14 09:28:59,504.9,504.9,500.55,501.7,520
2026-08-14 09:29:59,498.85,498.95,496.5,496.5,1625
2026-08-14 09:30:59,497.65,497.65,495,495.85,2210
2026-08-14 09:31:59,498.75,498.75,497.6,497.6,130
2026-08-14 09:32:59,499.95,499.95,499.95,499.95,65
2026-08-14 09:33:59,503,511,503,511,585
2026-08-14 09:34:59,510.05,510.05,503.5,503.5,1365
2026-08-14 09:35:59,507.5,509.4,507.5,509.4,260
2026-08-14 09:36:59,509,511,509,509,325
2026-08-14 09:37:59,508,510,507.75,510,195
2026-08-14 09:38:59,514.95,514.95,512,513.5,975
2026-08-14 09:39:59,513.15,513.15,510,510,975
2026-08-14 09:40:59,507.5,507.5,506.05,506.05,195
2026-08-14 09:41:59,506,506.05,504,506.05,650
2026-08-14 09:42:58,505.45,505.45,505.45,505.45,65
2026-08-14 09:43:58,506.9,506.9,506.9,506.9,65
2026-08-14 09:44:58,505.45,507.55,504.85,507.55,1235
2026-08-14 09:45:58,506.9,506.9,506.9,506.9,65
2026-08-14 09:46:58,509.55,509.55,509.55,509.55,65
2026-08-14 09:47:58,511.1,511.1,511.1,511.1,130
2026-08-14 09:48:58,512.45,512.45,511,511,130
2026-08-14 09:49:59,512.5,512.5,511,512,845
2026-08-14 09:50:59,509.45,509.45,509.45,509.45,130
2026-08-14 09:51:59,511.45,511.45,511.45,511.45,195
2026-08-14 09:52:59,509,509,507,507,455
2026-08-14 09:53:59,505.8,506,501.35,501.35,3770
2026-08-14 09:54:58,503.95,503.95,497.85,500.2,2340
2026-08-14 09:55:58,498,503.95,498,503.95,1170
2026-08-14 09:56:59,503,507,503,507,325
2026-08-14 09:57:58,505,505,505,505,260
2026-08-14 09:58:59,507,507,507,507,130
2026-08-14 09:59:59,507,507,507,507,1040
2026-08-14 10:00:59,508,508,508,508,130
2026-08-14 10:01:59,505.05,506,505.05,506,325
2026-08-14 10:02:59,511.45,511.45,511.45,511.45,325
2026-08-14 10:03:58,512,512,511,511,780
2026-08-14 10:04:58,511,511.85,511,511.85,1105
2026-08-14 10:06:59,511.3,511.3,511.3,511.3,260
2026-08-14 10:07:59,511.5,511.5,511.5,511.5,130
2026-08-14 10:08:58,511.9,511.9,511,511,325
2026-08-14 10:09:58,512.95,513.95,512.95,513.95,325
2026-08-14 10:10:58,514,516,513.9,516,1040
2026-08-14 10:11:58,514,514,514,514,130
2026-08-14 10:12:58,511.55,511.95,510.45,510.45,585
2026-08-14 10:13:59,508.6,508.6,508.6,508.6,195
2026-08-14 10:14:59,505.65,506.9,505.65,506.9,325
2026-08-14 10:15:58,507,507,507,507,260
2026-08-14 10:16:59,505,506.95,505,506.95,130
2026-08-14 10:18:59,506.95,509.45,505.3,505.3,195
2026-08-14 10:19:59,503.15,503.15,500.5,500.5,650
2026-08-14 10:20:59,502.3,505,502.3,503,975
2026-08-14 10:21:59,503,503,503,503,65
2026-08-14 10:22:59,503.5,503.5,502,502,715
2026-08-14 10:23:58,503,503,503,503,260
2026-08-14 10:24:58,503.6,504.45,503.6,504.45,650
2026-08-14 10:25:58,504,504,504,504,260
2026-08-14 10:26:58,501.55,501.55,501.55,501.55,130
2026-08-14 10:27:59,505.75,505.75,505.75,505.75,65
2026-08-14 10:29:59,503.5,503.5,503.5,503.5,260
2026-08-14 10:30:59,503,503,503,503,325
2026-08-14 10:31:58,501.6,501.6,495,495,910
2026-08-14 10:32:58,492.85,492.85,488.55,489.65,780
2026-08-14 10:33:59,489.25,491.75,487.9,491.55,1625
2026-08-14 10:34:58,490.5,493.2,490.5,490.95,975
2026-08-14 10:35:58,492.9,492.9,492.9,492.9,260
2026-08-14 10:36:59,493,493.2,492.3,492.3,520
2026-08-14 10:37:59,491.05,491.05,491.05,491.05,65
2026-08-14 10:38:59,493.05,493.05,493.05,493.05,325
2026-08-14 10:39:58,494.05,496.8,494.05,496.8,195
2026-08-14 10:42:59,496.5,496.5,496.45,496.45,195
2026-08-14 10:43:59,496.45,496.45,496.45,496.45,65
2026-08-14 10:44:59,497.45,497.45,497.45,497.45,65
2026-08-14 10:46:59,496.15,496.15,496.15,496.15,65
2026-08-14 10:49:58,499,499,499,499,390
2026-08-14 10:50:59,499.75,501,499.75,501,845
2026-08-14 10:51:59,502,502,502,502,130
2026-08-14 10:52:59,502,502,502,502,65
2026-08-14 10:53:58,503,503,502.35,502.35,130
2026-08-14 10:54:59,501.7,501.7,501.7,501.7,260
2026-08-14 10:55:59,501.6,501.6,498.35,498.35,715
2026-08-14 10:56:58,498.5,498.5,498.5,498.5,585
2026-08-14 10:58:58,494.15,494.15,493.05,493.05,195
2026-08-14 10:59:58,491.6,491.6,487.1,487.1,1300
2026-08-14 11:00:59,487,487,486,486,260
2026-08-14 11:01:59,487.2,487.2,487,487,325
2026-08-14 11:02:59,486.35,490.55,486.35,490.55,390
2026-08-14 11:03:59,490.55,490.55,490.4,490.4,390
2026-08-14 11:05:59,492.45,492.45,490.4,490.4,260
2026-08-14 11:06:59,490,490,490,490,325
2026-08-14 11:07:59,489,489,489,489,195
2026-08-14 11:08:58,489,489,486,486,325
2026-08-14 11:09:59,486,486,486,486,65
2026-08-14 11:10:58,489.6,489.6,489.6,489.6,65
2026-08-14 11:11:58,488.35,488.35,488.2,488.2,325
2026-08-14 11:12:59,488.2,488.2,488.2,488.2,260
2026-08-14 11:13:58,488.25,488.25,488.25,488.25,65
2026-08-14 11:16:59,489.6,493,489.6,493,975
2026-08-14 11:17:59,490,490.85,490,490.85,455
2026-08-14 11:18:59,490.2,491.2,490.2,491.2,195
2026-08-14 11:19:58,495,495,495,495,325
2026-08-14 11:20:59,495.6,495.6,492.65,492.65,195
2026-08-14 11:21:58,495.4,495.4,495.4,495.4,65
2026-08-14 11:22:58,494.85,496.1,492.45,492.45,390
2026-08-14 11:23:58,494.55,494.55,494.55,494.55,195
2026-08-14 11:24:59,493.25,493.25,493.25,493.25,65
2026-08-14 11:25:59,494.1,494.1,492.4,492.4,130
2026-08-14 11:27:59,490,490,490,490,65
2026-08-14 11:28:58,486.65,486.65,486.55,486.55,390
2026-08-14 11:29:59,485.5,485.5,485,485,780
2026-08-14 11:30:59,485,485,484,484,715
2026-08-14 11:31:58,486,486,485.1,486,455
2026-08-14 11:32:59,486,486.75,485.05,485.25,650
2026-08-14 11:33:59,486.95,486.95,486.95,486.95,65
2026-08-14 11:35:59,487.5,487.5,487.5,487.5,260
2026-08-14 11:36:58,487.85,487.85,487.85,487.85,130
2026-08-14 11:37:58,485,485.75,484,485.75,520
2026-08-14 11:39:59,484,488.25,484,488.05,1755
2026-08-14 11:40:59,487.85,489,487.85,489,1300
2026-08-14 11:41:58,489.25,489.25,489.25,489.25,65
2026-08-14 11:42:59,489,490,489,490,130
2026-08-14 11:43:59,490.65,491.75,490.65,491.75,1430
2026-08-14 11:44:59,493.7,494,491.45,491.45,455
2026-08-14 11:45:58,490.7,491.8,490.7,491.8,520
2026-08-14 11:46:58,493.1,496.35,493.05,496.35,845
2026-08-14 11:47:58,496.3,496.3,496.3,496.3,195
2026-08-14 11:48:59,492.05,492.05,492.05,492.05,65
2026-08-14 11:49:58,490.7,490.7,490.1,490.1,260
2026-08-14 11:50:59,490,492.9,490,492.9,130
2026-08-14 11:51:59,493,493,493,493,260
2026-08-14 11:53:59,494.15,494.15,494.15,494.15,65
2026-08-14 11:57:58,490,490,490,490,130
2026-08-14 12:01:59,490,490,490,490,260
2026-08-14 12:02:59,490.1,490.1,490.1,490.1,130
2026-08-14 12:04:59,488.75,488.75,488.75,488.75,130
2026-08-14 12:06:58,495.3,495.3,495.3,495.3,65
2026-08-14 12:08:59,497,497,494.25,494.25,260
2026-08-14 12:10:59,497,497,497,497,130
2026-08-14 12:11:59,496.3,498.5,496.3,498.5,130
2026-08-14 12:12:58,501.05,501.05,500.35,500.35,1690
2026-08-14 12:13:59,497.8,499.95,497.8,499.95,1560
2026-08-14 12:14:58,498,498,498,498,130
2026-08-14 12:15:59,500,501.05,500,501.05,1625
2026-08-14 12:17:59,500,500,500,500,65
2026-08-14 12:19:58,502,506.25,502,506.25,390
2026-08-14 12:22:58,501.35,503.6,501.35,503.6,195
2026-08-14 12:23:59,506,506,506,506,650
2026-08-14 12:24:59,505.05,505.05,504.2,504.2,260
2026-08-14 12:26:58,500.05,500.05,500.05,500.05,65
2026-08-14 12:27:58,500.05,500.05,500.05,500.05,65
2026-08-14 12:28:59,502.1,503.05,502.1,503.05,455
2026-08-14 12:29:58,500.05,500.05,500.05,500.05,130
2026-08-14 12:30:59,501.15,501.15,499.4,499.4,260
2026-08-14 12:31:59,499.4,499.4,499.4,499.4,65
2026-08-14 12:34:58,497.25,497.25,497.25,497.25,65
2026-08-14 12:40:58,497.9,497.9,497.9,497.9,65
2026-08-14 12:41:59,496,496,496,496,130
2026-08-14 12:43:59,495.65,497,495.65,497,455
2026-08-14 12:48:59,502,502,502,502,130
2026-08-14 12:50:58,502,503,502,503,130
2026-08-14 12:51:58,502.6,502.6,502.6,502.6,65
2026-08-14 12:52:58,505.1,506.25,505.1,506.25,260
2026-08-14 12:53:58,505,505,505,505,195
2026-08-14 12:54:58,506.25,506.25,506.25,506.25,260
2026-08-14 12:55:59,503.9,503.9,503.9,503.9,325
2026-08-14 12:56:59,503.6,503.6,503.6,503.6,130
2026-08-14 12:57:59,503.5,503.5,503.5,503.5,390
2026-08-14 13:00:58,506,506,506,506,195
2026-08-14 13:01:58,504,504,504,504,65
2026-08-14 13:04:58,503.35,503.35,503.1,503.1,130
2026-08-14 13:05:59,503,503,503,503,195
2026-08-14 13:07:59,500,500,500,500,65
2026-08-14 13:08:58,498.5,500.6,498.5,500.6,260
2026-08-14 13:09:58,502.95,502.95,502.95,502.95,65
2026-08-14 13:11:58,499.8,499.8,499.8,499.8,65
2026-08-14 13:13:59,504.4,504.4,504.4,504.4,65
2026-08-14 13:15:59,503.05,503.05,503.05,503.05,65
2026-08-14 13:16:59,499.05,503.25,499.05,503.25,1365
2026-08-14 13:18:58,503.25,503.25,503.25,503.25,195
2026-08-14 13:19:58,503,503,502.7,502.7,5395
2026-08-14 13:20:59,503.25,503.25,503.25,503.25,65
2026-08-14 13:23:59,501.4,501.4,501.4,501.4,455
2026-08-14 13:25:58,497.65,500,497.65,500,1365
2026-08-14 13:26:59,498.95,499.5,498.5,498.5,455
2026-08-14 13:27:59,501,501,501,501,130
2026-08-14 13:30:59,499,499,499,499,65
2026-08-14 13:31:59,494.75,498.4,494.75,498.4,1365
2026-08-14 13:33:59,494.75,494.75,494.75,494.75,65
2026-08-14 13:35:59,491.7,492.05,490.3,492.05,260
2026-08-14 13:36:58,492.85,492.85,492.85,492.85,65
2026-08-14 13:38:58,497,497,497,497,65
2026-08-14 13:39:59,499.5,504,499.5,504,390
2026-08-14 13:40:59,504,504,504,504,1560
2026-08-14 13:41:59,505.2,505.2,505.2,505.2,65
2026-08-14 13:43:58,509,509.35,507.65,509.35,1950
2026-08-14 13:44:59,511,511,509.9,509.9,260
2026-08-14 13:45:59,515,533,515,533,3965
2026-08-14 13:46:59,541.75,541.75,532.1,539,1690
2026-08-14 13:47:59,523.9,523.9,523.9,523.9,325
2026-08-14 13:48:59,525.05,525.55,525.05,525.55,260
2026-08-14 13:49:59,525.2,531.75,525.2,531.75,390
2026-08-14 13:50:59,535,539.7,535,539.7,845
2026-08-14 13:51:59,533.05,533.35,530.6,532.05,1625
2026-08-14 13:52:58,532.05,532.05,529.8,531.7,780
2026-08-14 13:53:58,534,534.35,533.65,534,455
2026-08-14 13:54:59,535,535,535,535,130
2026-08-14 13:55:58,529.3,529.3,529.3,529.3,65
2026-08-14 13:56:59,528,528,527.75,527.75,325
2026-08-14 13:58:59,532.95,534.95,532.95,534.95,1235
2026-08-14 13:59:59,534.45,534.75,534.45,534.75,390
2026-08-14 14:00:59,536.35,538.2,536.35,538.2,455
2026-08-14 14:01:58,538.2,540,538.2,538.8,390
2026-08-14 14:02:58,544.95,545,543.1,543.1,260
2026-08-14 14:03:58,541.9,542,541.9,541.95,195
2026-08-14 14:04:59,537.2,537.2,535.05,535.05,715
2026-08-14 14:05:59,537.5,538.65,537.35,538.55,585
2026-08-14 14:06:59,535.25,535.25,532.05,532.05,130
2026-08-14 14:07:59,533,535.05,533,535.05,260
2026-08-14 14:09:58,532.7,532.7,532.7,532.7,65
2026-08-14 14:11:59,530.1,530.8,530.1,530.8,130
2026-08-14 14:12:58,530.75,530.75,530.75,530.75,65
2026-08-14 14:13:59,531.2,531.2,530.55,530.55,130
2026-08-14 14:14:59,531.35,531.35,528.3,530,585
2026-08-14 14:15:58,532.7,532.7,532.7,532.7,260
2026-08-14 14:17:58,532.7,532.7,530.75,530.75,130
2026-08-14 14:19:59,529.2,529.2,526,526,520
2026-08-14 14:20:59,524.6,526.75,524.6,526.75,1820
2026-08-14 14:21:59,526.75,526.75,526.75,526.75,65
2026-08-14 14:22:59,525,526.2,525,526.2,260
2026-08-14 14:23:59,527,527,527,527,65
2026-08-14 14:25:59,527.85,527.85,527.85,527.85,65
2026-08-14 14:29:58,526.5,526.5,526.5,526.5,130
2026-08-14 14:30:59,526.65,526.65,526.65,526.65,65
2026-08-14 14:34:58,526.65,527.15,526.65,527.15,195
2026-08-14 14:35:59,528.9,528.9,528.9,528.9,65
2026-08-14 14:36:59,528.85,528.85,528.1,528.1,130
2026-08-14 14:39:59,526.45,526.45,525.75,526.05,325
2026-08-14 14:42:59,525.75,525.85,525.75,525.85,260
2026-08-14 14:43:58,525.7,525.7,525.7,525.7,65
2026-08-14 14:44:59,525.35,526.45,525.35,526.45,780
2026-08-14 14:45:59,527,527,527,527,130
2026-08-14 14:51:59,527.05,532,527.05,532,975
2026-08-14 14:52:59,535,536.75,533,536.75,585
2026-08-14 14:55:59,537.95,537.95,537.45,537.45,130
2026-08-14 14:57:58,535.5,535.5,535,535.45,390
2026-08-14 14:58:59,531.15,531.15,531.15,531.15,130
2026-08-14 15:02:59,531,531,531,531,195
2026-08-14 15:03:58,532.15,532.15,532.15,532.15,65
2026-08-14 15:04:59,531.65,531.65,530.55,530.55,260
2026-08-14 15:05:58,530,530,530,530,65
2026-08-14 15:06:58,526.8,526.8,524.8,525.8,780
2026-08-14 15:07:59,526.3,526.3,526.3,526.3,325
2026-08-14 15:09:58,529.05,529.05,529.05,529.05,65
2026-08-14 15:11:59,529,529,528.85,528.85,325
2026-08-14 15:12:59,526.75,529.8,526.75,529.7,1690
2026-08-14 15:13:59,531,531,531,531,65
2026-08-14 15:14:59,530.55,530.55,530.55,530.55,195
2026-08-14 15:15:59,531.5,531.5,531.5,531.5,585
2026-08-14 15:16:58,529.45,529.6,529.45,529.6,390
2026-08-14 15:17:59,527.45,527.45,527.45,527.45,65
2026-08-14 15:18:59,529,531.45,529,531.45,1820
2026-08-14 15:21:59,530.4,530.4,530.1,530.1,585
2026-08-14 15:22:59,529.35,529.35,528.95,528.95,260
2026-08-14 15:23:58,529,529,529,529,65
2026-08-14 15:24:59,528.3,529,528.3,529,390
2026-08-14 15:25:59,529,529,529,529,195
2026-08-14 15:27:59,529.55,530,529.55,530,325
2026-08-14 15:28:58,530,530,530,530,130
2026-08-14 15:29:59,527.4,528.2,527.4,528.2,455
2026-08-14 15:30:58,528.2,529.55,527,527,2210
2026-08-14 15:31:58,528.25,528.25,528.25,528.25,130
2026-08-14 15:32:58,527.05,527.05,527.05,527.05,65
2026-08-14 15:33:59,526.5,526.5,526,526,520
2026-08-14 15:35:59,529.2,529.2,529.2,529.2,195
2026-08-14 15:36:59,529,530,529,530,455
2026-08-14 15:37:58,530,530,530,530,195
2026-08-14 15:38:59,532.35,532.35,532.35,532.35,65
2026-08-14 15:39:58,530,531.95,530,531.95,260
2026-08-14 15:40:00,524.3,524.3,524.3,524.3,130
2026-08-17 09:15:59,500,500,464.75,466.7,5525
2026-08-17 09:16:59,464,467.45,462.5,463.3,6955
2026-08-17 09:17:59,460.55,461.85,458.05,458.05,7735
2026-08-17 09:18:59,458,460.75,454.8,459.95,1755
2026-08-17 09:19:58,459.95,463.7,458.5,463,1300
2026-08-17 09:20:58,463.05,466.1,461,466.05,1885
2026-08-17 09:21:59,466.55,466.55,464.7,465.95,1300
2026-08-17 09:22:58,464,464,460.5,460.5,1040
2026-08-17 09:23:58,458.5,462.8,458.5,462.8,1235
2026-08-17 09:24:58,463,464.15,461.25,462.7,3900
2026-08-17 09:25:58,462.55,463,459.4,463,650
2026-08-17 09:26:59,463,466.15,462.55,463.8,1625
2026-08-17 09:27:59,463.8,463.8,460,460,1300
2026-08-17 09:28:58,460.2,462.2,459.75,459.75,1950
2026-08-17 09:29:58,461.15,462.35,460.1,462.05,520
2026-08-17 09:30:59,459.6,459.6,457,457,1235
2026-08-17 09:31:59,455.1,455.25,454,454,1430
2026-08-17 09:32:59,455,455,454,454,910
2026-08-17 09:33:59,451,452.4,450,451,1560
2026-08-17 09:34:59,450.7,451.75,450.7,450.7,585
2026-08-17 09:35:59,451.6,453.9,450.7,453.5,4810
2026-08-17 09:36:59,451.75,453.55,451.75,453.55,650
2026-08-17 09:37:59,454.8,456,453,456,975
2026-08-17 09:38:58,456.95,457.8,456.65,457.8,585
2026-08-17 09:39:58,456.75,456.9,454.75,454.75,1105
2026-08-17 09:40:59,454.75,455.75,454.2,455.75,1170
2026-08-17 09:41:58,455.75,459.75,455.75,459.7,1040
2026-08-17 09:42:58,460,462,459.75,459.75,1105
2026-08-17 09:43:58,457,460.25,456.7,460.25,455
2026-08-17 09:44:58,458.9,458.9,456.85,456.85,130
2026-08-17 09:45:59,456.85,457.95,455.8,457.95,1950
2026-08-17 09:46:59,457.25,457.25,454.5,454.5,845
2026-08-17 09:47:59,454.4,454.4,452,452,455
2026-08-17 09:48:58,451.05,454.5,451.05,453.6,520
2026-08-17 09:49:59,454.5,457,454.5,456.5,910
2026-08-17 09:50:58,457.9,458.05,455.95,456.1,845
2026-08-17 09:51:59,457,457,455.25,457,1040
2026-08-17 09:52:59,457.9,457.9,455.95,455.95,520
2026-08-17 09:53:59,456.4,456.4,454.95,454.95,715
2026-08-17 09:54:59,454.95,454.95,451.75,454,1105
2026-08-17 09:55:58,451.6,453.9,451.5,453.25,1365
2026-08-17 09:56:58,452.2,452.9,451.05,451.05,2405
2026-08-17 09:57:59,451.05,451.05,450.45,451,195
2026-08-17 09:58:59,450,450,449,449,715
2026-08-17 09:59:58,449.75,449.95,446.35,446.35,715
2026-08-17 10:00:58,446.75,446.75,446.5,446.5,520
2026-08-17 10:01:59,446.95,450.95,446.95,450.95,1560
2026-08-17 10:02:59,449.05,451.2,449,449,2275
2026-08-17 10:03:59,448.2,448.2,448.2,448.2,65
2026-08-17 10:04:58,447.75,447.75,445.15,446.65,2275
2026-08-17 10:05:58,447.75,447.75,447.75,447.75,390
2026-08-17 10:06:59,447.05,448.85,446.2,448,455
2026-08-17 10:07:59,447.45,448.7,447,447.65,325
2026-08-17 10:08:58,447.75,448.85,446.35,448.85,390
2026-08-17 10:09:58,447.3,448.75,447.3,448.75,130
2026-08-17 10:10:59,448.45,448.45,447,447.95,260
2026-08-17 10:11:59,446,446,443.75,445,780
2026-08-17 10:12:58,445,445.3,442.75,445.3,455
2026-08-17 10:13:58,445,445.55,445,445.15,390
2026-08-17 10:14:59,445,446.05,443.15,446.05,1690
2026-08-17 10:15:58,445,445,442.05,442.75,1560
2026-08-17 10:16:58,442,444.95,442,444.85,1105
2026-08-17 10:17:59,444.3,444.3,435.4,435.4,7280
2026-08-17 10:18:59,436,438.7,432.25,433.35,2210
2026-08-17 10:19:59,434.25,436.1,433.35,435.7,1365
2026-08-17 10:20:59,433.95,435.1,433,433,910
2026-08-17 10:21:58,434.1,434.95,429,432.9,3120
2026-08-17 10:22:58,431.6,432.6,431.6,432.6,2925
2026-08-17 10:23:59,432.45,433.05,431,433,1690
2026-08-17 10:24:59,430.75,432.95,428,428,6500
2026-08-17 10:25:58,429.8,429.8,428.4,428.55,455
2026-08-17 10:26:59,430.15,430.15,430.15,430.15,260
2026-08-17 10:27:58,431,433,431,433,1300
2026-08-17 10:28:58,433,435.5,433,434,910
2026-08-17 10:29:59,435.95,435.95,435.95,435.95,1170
2026-08-17 10:30:59,435.5,435.5,434,435.1,390
2026-08-17 10:31:59,434.2,435,434.2,434.2,845
2026-08-17 10:32:59,434.95,435.9,434.55,435.9,715
2026-08-17 10:33:58,435.45,436.8,435.45,435.45,455
2026-08-17 10:34:58,435.55,435.55,435,435.5,455
2026-08-17 10:35:58,432.8,434.85,432.8,433.9,1235
2026-08-17 10:36:59,434.35,434.35,434.35,434.35,65
2026-08-17 10:37:58,434,434,434,434,65
2026-08-17 10:38:58,434,434.5,432.5,432.5,845
2026-08-17 10:39:58,433.7,433.7,432.45,432.55,325
2026-08-17 10:40:59,434.65,434.65,432,432,1495
2026-08-17 10:41:58,431.5,432,430.75,432,845
2026-08-17 10:42:59,432,432.8,429,429.85,3120
2026-08-17 10:43:59,429,431.7,427.05,427.65,3835
2026-08-17 10:44:59,428.15,430.25,427,428.45,6630
2026-08-17 10:45:59,428.05,428.05,424.45,427.6,1625
2026-08-17 10:46:59,424.3,427.6,424.3,427.55,1625
2026-08-17 10:47:59,427.6,428.2,425,425,1625
2026-08-17 10:48:58,425.25,428,425.25,427.45,650
2026-08-17 10:49:58,428.6,428.6,427.45,428.5,650
2026-08-17 10:50:59,429.85,429.85,427.5,428.3,390
2026-08-17 10:51:59,429.7,429.7,426.85,429.3,1690
2026-08-17 10:52:59,428.6,430,427.35,430,715
2026-08-17 10:53:59,431,431.85,431,431.85,520
2026-08-17 10:54:59,430.45,432.1,430.45,431.3,650
2026-08-17 10:55:58,431,431,431,431,65
2026-08-17 10:56:59,431.7,431.7,431,431,195
2026-08-17 10:57:58,432.5,432.5,431.9,431.9,520
2026-08-17 10:58:58,431.5,431.5,431.05,431.05,325
2026-08-17 10:59:59,431.5,431.5,428.6,430.15,715
2026-08-17 11:00:58,428,428,426.2,427.1,1040
2026-08-17 11:01:59,426.05,428.25,426.05,426.5,455
2026-08-17 11:02:59,427,427,425,425.05,1170
2026-08-17 11:03:59,426,428.8,426,428.8,455
2026-08-17 11:04:58,428.8,430.95,428.8,430.95,260
2026-08-17 11:05:58,429,429,425.2,425.2,130
2026-08-17 11:06:58,428.45,428.45,428.45,428.45,130
2026-08-17 11:07:59,428.45,428.45,428.45,428.45,65
2026-08-17 11:08:58,430.15,430.15,430.15,430.15,130
2026-08-17 11:09:59,430,430,427.8,427.8,390
2026-08-17 11:10:59,428,428,428,428,195
2026-08-17 11:11:59,428.5,428.85,428,428,260
2026-08-17 11:12:58,427.6,427.6,427.6,427.6,195
2026-08-17 11:13:59,427.6,428,427.6,427.9,260
2026-08-17 11:14:59,426.5,427.5,426.5,427.5,325
2026-08-17 11:15:59,427.5,427.5,427.5,427.5,65
2026-08-17 11:16:59,426.05,427.8,426.05,427.4,260
2026-08-17 11:17:58,427.5,427.5,427.5,427.5,65
2026-08-17 11:18:58,427.5,428.6,427.5,427.6,715
2026-08-17 11:19:59,428.7,428.7,426.1,426.4,5980
2026-08-17 11:20:58,426.25,427,426.25,427,715
2026-08-17 11:21:59,428,428.5,426.55,428.5,1430
2026-08-17 11:22:59,426.95,426.95,426.95,426.95,65
2026-08-17 11:23:59,426,426,425,425,390
2026-08-17 11:24:58,426.1,426.1,426.1,426.1,65
2026-08-17 11:25:59,428,428,428,428,260
2026-08-17 11:26:58,428.75,431.35,428.75,429.3,910
2026-08-17 11:27:59,431,431.05,429.55,430,390
2026-08-17 11:28:59,431.2,432.2,431.2,432.2,455
2026-08-17 11:29:58,431,431.7,431,431.7,1365
2026-08-17 11:30:59,430.05,430.2,428.3,428.3,845
2026-08-17 11:31:59,428.25,429.75,428.25,429.75,845
2026-08-17 11:32:59,432.95,432.95,432.95,432.95,65
2026-08-17 11:33:58,433.25,433.5,433,433.5,585
2026-08-17 11:34:59,433.45,433.45,431.3,431.3,780
2026-08-17 11:35:59,432.95,433,432.95,433,130
2026-08-17 11:36:59,431.9,431.9,431.7,431.7,195
2026-08-17 11:37:58,432.2,432.2,431.95,432.05,520
2026-08-17 11:40:58,430.2,433,430.2,432.35,1365
2026-08-17 11:41:58,434,434.3,432.5,432.5,845
2026-08-17 11:42:59,434,434.65,433.85,433.85,260
2026-08-17 11:43:59,433.85,434.4,433.85,433.85,845
2026-08-17 11:44:59,433.65,433.65,432.7,433,195
2026-08-17 11:45:59,435,435,433.75,433.75,260
2026-08-17 11:46:59,435.85,435.85,435.25,435.25,7735
2026-08-17 11:47:59,437,437,437,437,65
2026-08-17 11:48:58,436.3,439.9,436.3,439.9,520
2026-08-17 11:49:59,439.9,441.2,439.55,440.45,455
2026-08-17 11:50:59,440.5,442.25,440.5,442.25,975
2026-08-17 11:51:58,442.5,443,442.45,443,845
2026-08-17 11:52:58,443.95,444,442.55,443.95,2210
2026-08-17 11:53:58,443.95,443.95,440.5,440.5,650
2026-08-17 11:54:58,440.35,440.35,440.35,440.35,130
2026-08-17 11:55:59,444.35,444.35,442.5,442.5,1105
2026-08-17 11:56:59,444.2,444.45,442.8,443.25,910
2026-08-17 11:57:59,443.25,443.25,443.25,443.25,65
2026-08-17 11:58:59,443,444.6,443,444.6,325
2026-08-17 11:59:58,445,445,445,445,585
2026-08-17 12:00:59,445,445,445,445,130
2026-08-17 12:01:58,444.7,445.2,444.7,445.2,520
2026-08-17 12:02:58,444.75,446,444.75,446,260
2026-08-17 12:03:58,446,446,445.25,446,2015
2026-08-17 12:04:59,446,446,443.8,443.8,1040
2026-08-17 12:05:59,443.4,444.4,442.95,444.4,520
2026-08-17 12:06:59,443.4,443.4,441.55,442.5,325
2026-08-17 12:07:59,442.5,442.5,441.3,441.3,455
2026-08-17 12:08:58,441.3,441.3,441.3,441.3,130
2026-08-17 12:09:59,442.3,442.3,440.95,440.95,195
2026-08-17 12:10:59,440.9,443.6,440.9,443.6,975
2026-08-17 12:11:58,442.75,442.75,438.25,438.25,1885
2026-08-17 12:12:59,438.25,438.25,438.25,438.25,325
2026-08-17 12:13:59,443.8,443.8,441.6,441.6,910
2026-08-17 12:14:58,442.15,442.15,442.15,442.15,130
2026-08-17 12:15:58,443.75,443.8,443.75,443.8,260
2026-08-17 12:16:58,443.8,448.35,443.8,448.35,4940
2026-08-17 12:17:59,448.35,449.95,448.35,449,975
2026-08-17 12:18:59,449.35,450,447.75,450,2210
2026-08-17 12:19:59,449.95,450.75,449.05,450.75,2405
2026-08-17 12:20:59,451,451,447.7,450.6,2340
2026-08-17 12:21:59,448.5,448.5,448.5,448.5,65
2026-08-17 12:22:58,450,450,448.55,448.55,260
2026-08-17 12:23:59,450,451.45,450,451.45,390
2026-08-17 12:24:59,450.4,451.9,450.4,451,1820
2026-08-17 12:25:59,450,450,448.55,448.55,195
2026-08-17 12:26:59,448.1,452,448.1,451.9,1170
2026-08-17 12:27:59,452.25,452.25,450.8,450.8,260
2026-08-17 12:28:59,450.8,451,450.8,451,845
2026-08-17 12:29:58,450.7,452.25,449.5,449.5,1040
2026-08-17 12:30:59,449.95,450.45,449.9,449.9,780
2026-08-17 12:31:59,450.3,450.4,450.3,450.4,195
2026-08-17 12:32:58,450.75,454.65,450.75,453,1170
2026-08-17 12:33:59,453.8,456,453.8,456,520
2026-08-17 12:34:59,457.25,458.55,454.75,454.75,1300
2026-08-17 12:35:59,454,455.7,454,455.35,2860
2026-08-17 12:36:59,456.4,456.4,455.35,455.35,390
2026-08-17 12:37:59,457.95,459,457.65,458,650
2026-08-17 12:38:58,457.9,459.6,456.5,456.5,1430
2026-08-17 12:39:59,456.2,456.2,453.75,454.95,1300
2026-08-17 12:40:59,454.9,456.8,454.9,456.8,195
2026-08-17 12:41:59,456.5,456.5,456.5,456.5,65
2026-08-17 12:42:59,457.95,457.95,456.55,457,845
2026-08-17 12:43:59,459.4,459.4,456.7,456.7,585
2026-08-17 12:44:59,456.25,456.7,456.25,456.7,520
2026-08-17 12:45:58,459.45,462,459.45,461.1,3705
2026-08-17 12:46:59,462.5,480.9,462.5,480.9,7670
2026-08-17 12:47:58,482.15,482.8,473.35,479.5,3380
2026-08-17 12:48:58,470.85,473.65,470.05,473.65,1365
2026-08-17 12:49:58,473.75,473.75,470.7,472.75,910
2026-08-17 12:50:58,473.25,480,473.25,480,1950
2026-08-17 12:51:59,481,482.75,480.25,480.25,1040
2026-08-17 12:52:59,482.05,484.5,480.55,483.7,910
2026-08-17 12:53:59,483,484.5,483,484,3965
2026-08-17 12:54:59,482.95,484.75,480.5,484.75,7345
2026-08-17 12:55:59,483,486.9,481.75,481.75,2470
2026-08-17 12:56:59,478.6,481,478.6,478.65,455
2026-08-17 12:57:59,476.65,476.65,476.05,476.65,325
2026-08-17 12:58:58,481,481,481,481,65
2026-08-17 12:59:58,481.35,485,480.3,485,910
2026-08-17 13:00:59,487,492.9,487,492.75,1690
2026-08-17 13:01:59,488,491.55,488,490.65,2535
2026-08-17 13:02:59,489.9,493.45,489.9,493.45,1235
2026-08-17 13:03:59,492.75,497.95,492.75,497.95,1495
2026-08-17 13:04:59,497.6,497.6,491,492.6,5785
2026-08-17 13:05:59,491.8,495,491.8,495,910
2026-08-17 13:06:58,491.65,495.25,491.65,494.95,1560
2026-08-17 13:07:59,492.8,494.4,492.25,492.25,1300
2026-08-17 13:08:59,492.15,493.1,492,492,1365
2026-08-17 13:09:59,490.05,491.95,488.7,491.95,585
2026-08-17 13:10:58,491.05,491.95,491,491.95,1235
2026-08-17 13:11:59,494.3,494.95,494.3,494.95,650
2026-08-17 13:12:58,495,495,494.95,494.95,650
2026-08-17 13:13:59,496.3,497,496.3,497,455
2026-08-17 13:14:59,498.25,498.25,498.25,498.25,130
2026-08-17 13:15:59,499.45,504.5,498.95,503.2,2925
2026-08-17 13:16:58,500,500,497.9,500,585
2026-08-17 13:17:58,496.45,497.4,495.6,497,455
2026-08-17 13:18:59,495.6,496,495.6,496,260
2026-08-17 13:19:59,495.7,498.35,495.7,498.35,455
2026-08-17 13:20:59,499.45,499.45,495.35,495.35,650
2026-08-17 13:21:59,494.95,497.95,494.7,497.5,910
2026-08-17 13:22:59,496.35,496.45,493.75,493.75,780
2026-08-17 13:23:58,492.65,495.5,492.65,495.5,585
2026-08-17 13:24:59,493,493,492.9,492.95,195
2026-08-17 13:25:59,494.65,494.65,491.3,491.8,390
2026-08-17 13:26:59,492.05,494.45,491.3,491.3,390
2026-08-17 13:27:59,494.45,495,494.45,495,715
2026-08-17 13:28:59,496.4,498.95,496.4,498.95,260
2026-08-17 13:29:59,498.95,500,498.95,500,4420
2026-08-17 13:30:58,502,503,501.4,501.4,455
2026-08-17 13:31:59,500,500.85,498.45,500.75,1495
2026-08-17 13:32:59,499,499,498.45,498.45,455
2026-08-17 13:33:58,497.85,497.85,496.15,496.15,455
2026-08-17 13:34:58,496,496,496,496,130
2026-08-17 13:35:59,496.5,496.5,496,496,1755
2026-08-17 13:36:59,491.55,495,491.55,495,845
2026-08-17 13:37:58,496,496,492.8,492.8,390
2026-08-17 13:39:59,492.9,494.65,492.8,494.65,260
2026-08-17 13:40:58,496.15,498,496.15,498,455
2026-08-17 13:42:59,501.15,502.95,501.15,502.15,650
2026-08-17 13:43:59,500.6,500.6,500,500,1820
2026-08-17 13:44:59,500.8,500.8,500.6,500.6,130
2026-08-17 13:45:59,500.6,500.6,500.6,500.6,65
2026-08-17 13:46:58,502,502,502,502,65
2026-08-17 13:47:58,499,499,499,499,130
2026-08-17 13:48:59,499,499,498,498,1820
2026-08-17 13:49:58,498,498.15,498,498,1495
2026-08-17 13:50:59,497,497,497,497,1625
2026-08-17 13:51:58,494,494.75,494,494,5720
2026-08-17 13:52:59,493.05,493.8,493,493,845
2026-08-17 13:53:59,493,494,493,493,1300
2026-08-17 13:55:59,493.65,493.65,493.65,493.65,130
2026-08-17 13:56:58,492,492,492,492,1755
2026-08-17 13:57:59,490.75,491,489.4,489.4,2275
2026-08-17 13:58:58,491,491,491,491,2145
2026-08-17 13:59:58,494,494,494,494,325
2026-08-17 14:00:58,494.5,494.75,494.5,494.75,1820
2026-08-17 14:01:58,494.5,494.5,494,494.2,845
2026-08-17 14:02:59,494.2,494.25,494.2,494.25,130
2026-08-17 14:03:58,494.25,494.25,494.25,494.25,130
2026-08-17 14:04:59,492.65,492.65,492.65,492.65,65
2026-08-17 14:05:58,495.65,496.85,495.65,496.05,455
2026-08-17 14:06:58,494.1,495.5,494.1,495.5,130
2026-08-17 14:07:59,493.65,495,493.65,495,455
2026-08-17 14:09:59,492.8,492.8,492.5,492.5,1755
2026-08-17 14:10:58,491.25,493.7,491.25,493.7,130
2026-08-17 14:11:59,491.85,491.85,487.95,488.4,520
2026-08-17 14:13:59,485.25,485.25,485.25,485.25,520
2026-08-17 14:14:58,485.2,485.2,485.2,485.2,130
2026-08-17 14:15:58,484.25,484.25,484.2,484.2,650
2026-08-17 14:16:59,490,490,490,490,65
2026-08-17 14:17:58,489.35,490,489.35,490,845
2026-08-17 14:18:59,493.8,494.65,493.8,494.65,390
2026-08-17 14:19:58,492.6,494.65,492.6,494.65,455
2026-08-17 14:20:59,491,492,491,491.85,780
2026-08-17 14:21:58,489.75,489.75,489.75,489.75,130
2026-08-17 14:22:59,486.45,486.45,484.7,484.7,1430
2026-08-17 14:23:58,485.6,486,484.05,484.4,2340
2026-08-17 14:24:59,484.1,484.1,483.9,483.9,390
2026-08-17 14:25:59,484.1,484.55,484,484,910
2026-08-17 14:26:58,483.7,486.1,483.7,486.1,1170
2026-08-17 14:27:58,486.1,486.1,486.1,486.1,455
2026-08-17 14:28:59,486.95,486.95,486,486,195
2026-08-17 14:29:59,486,487.2,486,487.2,1300
2026-08-17 14:31:59,487.95,487.95,486,486,130
2026-08-17 14:32:58,486,487.25,486,487.25,390
2026-08-17 14:33:58,487,487,487,487,65
2026-08-17 14:34:59,487.5,487.5,487,487,195
2026-08-17 14:35:58,484,484,484,484,65
2026-08-17 14:36:58,484,484,481.45,481.45,1430
2026-08-17 14:37:59,483.7,483.7,481.95,481.95,325
2026-08-17 14:39:59,485,485,483.3,483.3,520
2026-08-17 14:40:58,487,489.75,486.65,489.75,845
2026-08-17 14:41:58,488.45,491.9,488.4,490,910
2026-08-17 14:42:59,489.5,490.75,489.5,490.75,1755
2026-08-17 14:43:58,491,491,491,491,585
2026-08-17 14:44:58,491.55,491.55,491,491,975
2026-08-17 14:47:58,491.3,491.3,491.1,491.1,130
2026-08-17 14:48:59,492.5,494,492.5,494,910
2026-08-17 14:49:59,495,495,494,494,975
2026-08-17 14:50:59,493.6,496.75,493.6,496.75,325
2026-08-17 14:51:59,495.55,495.55,495.55,495.55,130
2026-08-17 14:52:59,491,491,491,491,130
2026-08-17 14:53:58,491,491,491,491,130
2026-08-17 14:54:59,493,495.25,493,495.25,130
2026-08-17 14:55:58,495.9,495.9,494.4,494.4,130
2026-08-17 14:57:59,494.45,494.45,492.8,492.8,325
2026-08-17 14:58:59,492,492,492,492,1755
2026-08-17 14:59:59,492,492.3,492,492,845
2026-08-17 15:00:58,492,492,488,488,1040
2026-08-17 15:01:59,486.65,488,486.65,488,390
2026-08-17 15:02:58,490,492.5,490,491.65,390
2026-08-17 15:03:58,492,492.95,492,492.95,455
2026-08-17 15:04:59,493.25,493.4,492.05,492.45,520
2026-08-17 15:05:59,491.05,491.05,490,490,715
2026-08-17 15:06:59,491.05,492,490,490,1235
2026-08-17 15:07:59,491,491,490,490,715
2026-08-17 15:08:59,484.4,489.45,484.4,489.45,8710
2026-08-17 15:09:58,491.25,491.25,489.2,489.2,390
2026-08-17 15:10:58,489.3,493,489.3,491.6,1365
2026-08-17 15:11:58,492.45,493,491.6,493,455
2026-08-17 15:12:59,492.7,494,492.7,494,715
2026-08-17 15:13:59,492.8,492.8,490.45,490.45,650
2026-08-17 15:14:58,489.6,490.25,485.5,485.5,1235
2026-08-17 15:15:59,488.05,489.15,487.65,487.65,650
2026-08-17 15:16:59,488,488.4,485.65,485.65,260
2026-08-17 15:17:59,488,488,483.8,485.4,585
2026-08-17 15:18:58,486.85,486.85,484.5,484.5,130
2026-08-17 15:19:59,486,486,483.4,483.4,260
2026-08-17 15:20:59,484,484,481,482,845
2026-08-17 15:21:59,482.25,482.25,480.75,481,260
2026-08-17 15:22:58,481.3,481.5,481.3,481.4,650
2026-08-17 15:23:59,481.4,481.4,481.4,481.4,130
2026-08-17 15:24:59,481.4,481.4,481.4,481.4,65
2026-08-17 15:25:59,480.75,480.75,480.75,480.75,65
2026-08-17 15:26:59,482.25,482.25,480,480,2080
2026-08-17 15:27:59,478.85,478.9,477.5,477.5,1105
2026-08-17 15:28:59,477.35,477.35,468.5,468.5,1560
2026-08-17 15:29:59,469.5,473.75,469.5,471.3,520
2026-08-17 15:30:59,472.1,472.1,467.3,470.75,1495
2026-08-17 15:31:58,468.25,468.25,467.35,467.35,130
2026-08-17 15:32:58,468.05,469.9,468.05,468.7,585
2026-08-17 15:33:58,468.7,468.7,468,468.15,585
2026-08-17 15:34:58,467,467,465.65,466,715
2026-08-17 15:35:59,466,466.75,465,465.8,2080
2026-08-17 15:36:59,465.55,465.55,464.05,464.05,130
2026-08-17 15:37:59,464.05,465.55,464.05,465.55,260
2026-08-17 15:38:58,465,465,463,464,2600
2026-08-17 15:39:59,463,464,462.6,464,1430
2026-08-18 09:15:59,417.55,417.8,399.35,406.6,11505
2026-08-18 09:16:58,404.25,409,403,406,13130
2026-08-18 09:17:58,405,405,400,400,6305
2026-08-18 09:18:58,400,404.95,398,400.55,6175
2026-08-18 09:19:59,400.6,403.05,399.2,402.55,5135
2026-08-18 09:20:59,403.35,403.35,399.2,400.3,10270
2026-08-18 09:21:58,402.85,403.1,401.35,402.15,5525
2026-08-18 09:22:58,402.15,402.8,402,402.8,845
2026-08-18 09:23:59,402,403.35,401.3,401.4,1625
2026-08-18 09:24:59,402,404.55,402,403.8,4225
2026-08-18 09:25:59,404.9,404.9,403.2,404.4,2470
2026-08-18 09:26:59,404.9,413.65,404.9,413.65,8450
2026-08-18 09:27:59,414.35,415.75,413.8,413.8,2470
2026-08-18 09:28:59,411.25,412.25,406.8,408.35,2405
2026-08-18 09:29:59,406.1,407.3,405,405,4615
2026-08-18 09:30:59,405,405,398.05,398.05,5590
2026-08-18 09:31:58,398.05,400,397.2,397.25,2730
2026-08-18 09:32:59,396,396.8,395.7,396,2405
2026-08-18 09:33:58,396.5,397,396.5,396.5,910
2026-08-18 09:34:58,396.7,399.95,396.7,398.75,1105
2026-08-18 09:35:59,398.25,398.3,395,396.1,19240
2026-08-18 09:36:59,397.25,402.1,395.55,402.1,12545
2026-08-18 09:37:58,401.6,401.6,400.5,400.6,2275
2026-08-18 09:38:59,399.7,399.7,398.65,398.75,4940
2026-08-18 09:39:59,397,402,397,401.9,3315
2026-08-18 09:40:59,402,402,398.4,398.4,650
2026-08-18 09:41:58,399,399.95,397.4,399.2,3965
2026-08-18 09:42:58,398.4,398.4,395.35,395.35,520
2026-08-18 09:43:59,396.5,396.5,394,394.35,4290
2026-08-18 09:44:59,392.6,395.45,390.15,391.05,10985
2026-08-18 09:45:58,391.9,391.9,386.9,386.9,4485
2026-08-18 09:46:58,387.65,389.25,386.7,386.7,3250
2026-08-18 09:47:58,386.75,389.7,385.75,389.7,10205
2026-08-18 09:48:59,389,392.15,389,391.1,6240
2026-08-18 09:49:59,390.25,391.4,390,390.15,5850
2026-08-18 09:50:59,390,391.9,389.7,391.75,1755
2026-08-18 09:51:59,390.9,391,386.7,386.7,12415
2026-08-18 09:52:59,388,388,386.4,387.05,3705
2026-08-18 09:53:59,388.7,392.7,388.7,392.7,1170
2026-08-18 09:54:59,392.2,393.35,391.2,391.45,715
2026-08-18 09:55:59,390.3,390.3,385.75,385.75,1560
2026-08-18 09:56:58,385.6,388.45,385.6,388.45,1105
2026-08-18 09:57:59,387.45,388,386.65,387,1365
2026-08-18 09:58:59,387,387,385.65,386.2,2470
2026-08-18 09:59:59,386.45,389.55,386.45,389.2,975
2026-08-18 10:00:59,388.5,388.5,385.25,385.3,845
2026-08-18 10:01:58,387.05,387.05,385.35,386.4,325
2026-08-18 10:02:59,385.3,386,384.15,384.15,2665
2026-08-18 10:03:59,383.65,385.95,382.8,385.95,390
2026-08-18 10:04:58,385.95,388.1,385,388.1,3120
2026-08-18 10:05:58,388.05,388.05,388.05,388.05,65
2026-08-18 10:06:59,388.8,388.8,386.8,386.8,715
2026-08-18 10:07:59,386.45,387.35,386,386,1040
2026-08-18 10:08:59,387.5,387.5,386.45,386.45,130
2026-08-18 10:09:59,386.45,387.3,386,386.35,975
2026-08-18 10:10:59,385.6,386,385.15,386,520
2026-08-18 10:11:59,385.25,386.85,385.25,385.5,910
2026-08-18 10:12:59,385.7,385.7,385,385,455
2026-08-18 10:14:59,385.95,385.95,385,385,1560
2026-08-18 10:15:59,385,385,381.25,381.25,2210
2026-08-18 10:16:59,380.4,382.1,380.4,381.2,2405
2026-08-18 10:17:59,380.15,381.7,380.1,380.15,1560
2026-08-18 10:18:58,381.55,382.95,381.55,382.7,325
2026-08-18 10:19:58,382.9,384.15,382.9,382.9,650
2026-08-18 10:20:58,384.15,384.15,383,383.05,1560
2026-08-18 10:21:58,383.85,384,383.65,383.65,325
2026-08-18 10:22:58,383.4,384.3,382.75,384.3,1560
2026-08-18 10:23:59,382.4,384.75,382.4,384,1560
2026-08-18 10:24:59,383.1,383.1,382,382,1560
2026-08-18 10:25:59,382.35,383.1,382,383,1170
2026-08-18 10:26:58,383.75,384.95,383.75,384.95,390
2026-08-18 10:27:58,387.65,390.1,386.6,390.1,1950
2026-08-18 10:28:58,389.6,390.45,388.75,390.45,585
2026-08-18 10:29:59,391,392.35,391,391.8,2080
2026-08-18 10:30:58,392,394.4,392,394.15,1170
2026-08-18 10:31:59,392.95,394.05,390.85,391.85,1625
2026-08-18 10:32:59,391.8,391.8,389.05,389.05,520
2026-08-18 10:33:59,391.85,391.85,391.45,391.85,455
2026-08-18 10:34:58,391.85,394.75,391.85,394.75,390
2026-08-18 10:35:59,393.6,393.95,393.6,393.75,455
2026-08-18 10:36:59,393.75,394.5,393.75,393.85,455
2026-08-18 10:37:58,393,393.8,392.85,393.8,845
2026-08-18 10:38:59,393.8,393.8,393.8,393.8,390
2026-08-18 10:39:59,392.75,392.75,392.75,392.75,130
2026-08-18 10:40:59,391.1,391.4,387,387,1950
2026-08-18 10:41:59,385.6,386.7,385.6,386.7,715
2026-08-18 10:42:59,385,385.25,382.85,382.85,1495
2026-08-18 10:43:58,382.3,383.45,382.3,383.45,975
2026-08-18 10:44:59,383.85,386,383.4,383.4,520
2026-08-18 10:45:58,383.2,384.15,382.3,384.15,780
2026-08-18 10:46:59,381.55,381.55,380.4,380.4,3640
2026-08-18 10:47:58,380.4,380.7,378.85,378.95,2600
2026-08-18 10:48:59,380,381.9,380,380,3445
2026-08-18 10:49:59,381,381,381,381,325
2026-08-18 10:50:58,382.95,382.95,381.25,382.8,1495
2026-08-18 10:51:59,382.8,382.8,378.7,378.7,1040
2026-08-18 10:52:59,379.7,380.25,378,379.9,2015
2026-08-18 10:53:58,379.55,380.55,378,378,1950
2026-08-18 10:54:58,378.3,378.35,378.3,378.3,325
2026-08-18 10:55:59,377.55,377.55,377.25,377.25,325
2026-08-18 10:56:58,377.5,379.25,376.8,379.25,910
2026-08-18 10:57:59,379.5,379.5,378,378.9,1690
2026-08-18 10:58:59,379.25,380,379.25,380,1560
2026-08-18 10:59:58,380,381.8,380,381.8,585
2026-08-18 11:00:59,380.95,381.15,379.3,380.8,1690
2026-08-18 11:01:58,380.65,380.65,380.65,380.65,130
2026-08-18 11:02:58,378.8,381.7,378.8,381.7,260
2026-08-18 11:03:58,380.05,383.7,380.05,383.45,910
2026-08-18 11:04:59,383.55,383.55,382.4,383.4,260
2026-08-18 11:05:58,382.3,383.4,382,382.8,1560
2026-08-18 11:06:59,382.8,383.7,382.15,382.15,260
2026-08-18 11:07:59,382.05,384,382.05,384,195
2026-08-18 11:08:59,384.4,385.8,384.1,385.8,1040
2026-08-18 11:09:58,385.95,385.95,384.7,385.3,520
2026-08-18 11:10:58,383.9,383.9,383.9,383.9,65
2026-08-18 11:11:58,384.25,384.25,383.4,383.8,455
2026-08-18 11:12:59,381.95,381.95,381.95,381.95,65
2026-08-18 11:13:59,382.35,382.35,381.65,381.65,130
2026-08-18 11:14:58,381.95,381.95,381.25,381.25,1040
2026-08-18 11:16:58,384.6,384.6,382.4,383.4,455
2026-08-18 11:17:58,381.6,382.5,381.05,382.5,195
2026-08-18 11:18:59,380.05,380.05,378.05,378.05,975
2026-08-18 11:19:59,380.7,382,378.95,378.95,1235
2026-08-18 11:20:58,379.1,380.5,379.1,380.3,455
2026-08-18 11:21:59,379,379.95,378.95,378.95,650
2026-08-18 11:24:59,378.5,378.5,378.5,378.5,1300
2026-08-18 11:25:59,380.5,380.8,380.5,380.8,195
2026-08-18 11:27:59,377.75,379.6,377.3,379.6,2145
2026-08-18 11:28:59,377.75,378.65,376.8,376.8,325
2026-08-18 11:29:58,378,378,376.2,376.2,325
2026-08-18 11:30:58,376.6,376.6,369.15,369.15,5590
2026-08-18 11:31:58,372.45,372.45,371,372.15,2470
2026-08-18 11:32:58,373.1,374.8,373.1,374.8,260
2026-08-18 11:33:59,375.3,377.7,375.3,375.9,1950
2026-08-18 11:34:59,376.4,378.7,376.4,377.7,325
2026-08-18 11:35:59,380.45,380.45,379,379,2340
2026-08-18 11:36:58,378.25,378.4,377.55,378.4,910
2026-08-18 11:37:59,378.9,379,377.5,377.5,2535
2026-08-18 11:38:58,380.75,381.5,379.55,381.5,520
2026-08-18 11:39:59,382.3,382.35,380.15,380.15,1365
2026-08-18 11:40:59,380.15,380.15,378.9,379.35,910
2026-08-18 11:41:58,379.35,379.35,379.05,379.05,195
2026-08-18 11:43:59,380,380.65,379.6,380.15,325
2026-08-18 11:44:59,380.85,380.85,380.85,380.85,65
2026-08-18 11:45:59,380.35,380.35,380.35,380.35,130
2026-08-18 11:46:59,380.55,381.9,380.55,381.9,260
2026-08-18 11:47:58,380.95,380.95,380.95,380.95,195
2026-08-18 11:48:59,380,380.1,380,380,390
2026-08-18 11:49:58,379.4,380.95,379.4,380.95,195
2026-08-18 11:50:59,382.7,384,382.7,384,1560
2026-08-18 11:51:59,386.5,386.5,383.35,383.35,1690
2026-08-18 11:52:59,384,384,384,384,65
2026-08-18 11:53:58,382.5,382.95,382.5,382.95,130
2026-08-18 11:54:58,382.05,382.05,381.05,381.05,1040
2026-08-18 11:55:59,380,380,378.4,378.4,130
2026-08-18 11:56:58,378.45,378.5,378.05,378.5,845
2026-08-18 11:57:58,380.9,381.95,380.8,381.95,520
2026-08-18 11:59:59,383.1,384.45,383.1,384.45,260
2026-08-18 12:00:59,384.9,384.9,384.9,384.9,65
2026-08-18 12:01:58,384.35,384.35,382.1,384.05,780
2026-08-18 12:02:59,383.9,383.9,383.9,383.9,65
2026-08-18 12:03:59,382.55,385.8,382.55,384.95,390
2026-08-18 12:04:58,386.5,388.55,385.95,388.55,585
2026-08-18 12:05:59,388,388,387.75,387.75,130
2026-08-18 12:06:59,386.9,387.2,385.8,387.2,455
2026-08-18 12:07:59,386.15,388,386.15,388,780
2026-08-18 12:08:58,388,388,387.45,387.45,390
2026-08-18 12:09:59,387,387.45,385.65,387.45,390
2026-08-18 12:11:58,386.85,386.85,386.85,386.85,65
2026-08-18 12:12:59,387,387,385,385,975
2026-08-18 12:13:59,384.55,384.55,383.35,384,1430
2026-08-18 12:14:59,383,384,383,384,1885
2026-08-18 12:15:58,385,385,383.9,383.9,325
2026-08-18 12:17:58,381.45,381.45,381.45,381.45,65
2026-08-18 12:18:59,384.6,384.6,384.6,384.6,130
2026-08-18 12:20:59,383.25,383.25,382.65,382.65,195
2026-08-18 12:21:58,382.45,382.45,381.2,381.2,195
2026-08-18 12:23:58,383.75,383.75,382.95,382.95,195
2026-08-18 12:24:59,381.75,381.75,381.75,381.75,65
2026-08-18 12:25:59,382.1,382.1,382.1,382.1,65
2026-08-18 12:26:59,384.75,384.75,382.55,382.55,195
2026-08-18 12:28:59,384.75,386,384.7,386,2665
2026-08-18 12:29:59,386,388,386,388,1885
2026-08-18 12:30:59,387.95,387.95,387.95,387.95,65
2026-08-18 12:31:58,387.5,388,387.5,387.7,2405
2026-08-18 12:32:58,386.85,386.85,386.85,386.85,65
2026-08-18 12:33:59,387.5,387.5,386.4,386.4,325
2026-08-18 12:34:59,385.9,385.9,385.9,385.9,130
2026-08-18 12:35:59,387,388.05,387,388.05,130
2026-08-18 12:37:59,387.15,387.15,384.95,384.95,520
2026-08-18 12:38:58,383.3,383.3,383.3,383.3,390
2026-08-18 12:39:59,384.3,384.3,383.25,383.25,325
2026-08-18 12:40:59,383.85,383.85,382.5,382.5,260
2026-08-18 12:41:58,382.85,382.85,382.7,382.7,130
2026-08-18 12:42:59,381.2,381.2,379.15,380,2535
2026-08-18 12:43:59,380,380,380,380,325
2026-08-18 12:44:58,379,379.05,377.7,378.9,2535
2026-08-18 12:45:59,378,380.8,377.4,380.8,1820
2026-08-18 12:46:58,378.55,378.55,377.75,377.75,195
2026-08-18 12:48:59,380.55,380.75,380.55,380.75,260
2026-08-18 12:49:59,382.45,383,382.1,382.1,975
2026-08-18 12:50:59,384,385.55,384,384.65,390
2026-08-18 12:51:59,382.7,384.55,382.7,384.55,390
2026-08-18 12:52:59,385.15,385.15,384.7,384.7,130
2026-08-18 12:53:59,384.25,384.25,384.25,384.25,130
2026-08-18 12:54:58,382.5,382.5,382.5,382.5,65
2026-08-18 12:55:58,384.55,386.5,384.55,385,520
2026-08-18 12:56:59,384.8,384.8,382.55,383.8,390
2026-08-18 12:57:59,383.45,383.45,382.35,382.35,325
2026-08-18 12:58:59,382.9,382.9,382.9,382.9,260
2026-08-18 12:59:59,382.05,382.05,380.7,380.7,390
2026-08-18 13:00:59,378.45,378.5,378.45,378.45,390
2026-08-18 13:01:59,378.35,378.35,377.25,377.95,260
2026-08-18 13:02:59,380,380,379,379.95,1560
2026-08-18 13:03:58,378.25,379,378.25,379,1105
2026-08-18 13:04:58,378.9,378.9,378,378.25,195
2026-08-18 13:05:59,377.95,378.4,376.05,376.55,3900
2026-08-18 13:06:58,376.05,376.95,376.05,376.95,260
2026-08-18 13:07:58,376.2,378.9,376.2,378.75,1105
2026-08-18 13:08:59,380,380.5,379.95,380,715
2026-08-18 13:09:59,382.3,382.3,380.8,380.8,585
2026-08-18 13:10:58,382.05,382.95,381.2,381.8,1690
2026-08-18 13:11:59,381.8,382.05,380.45,380.95,4030
2026-08-18 13:12:59,381.75,381.9,380.95,380.95,520
2026-08-18 13:13:58,382.25,383.45,382,382.7,715
2026-08-18 13:14:58,382.5,382.9,382.35,382.9,1040
2026-08-18 13:15:58,382.95,382.95,382.45,382.95,2795
2026-08-18 13:16:58,383.85,384.25,381.55,381.55,3510
2026-08-18 13:17:59,383.1,383.35,381.45,382,2405
2026-08-18 13:19:58,382.35,382.85,381.45,382.25,3185
2026-08-18 13:20:58,381.85,381.85,379.6,379.6,1885
2026-08-18 13:21:58,379.95,382.65,378.95,381.8,1430
2026-08-18 13:22:59,381.2,383.05,381.2,382.3,585
2026-08-18 13:23:59,381.2,381.9,381.2,381.9,195
2026-08-18 13:24:58,381.55,381.55,381.55,381.55,65
2026-08-18 13:25:59,381.45,381.45,380.05,380.05,130
2026-08-18 13:26:59,379,379.8,377.5,379.8,2795
2026-08-18 13:27:58,378,378.7,376.65,378.2,1300
2026-08-18 13:28:58,377.1,379.35,377.1,377.55,975
2026-08-18 13:29:58,379.95,379.95,378.5,379.4,910
2026-08-18 13:30:59,380.65,380.65,378.8,379.35,3250
2026-08-18 13:31:59,380,380.15,380,380.15,650
2026-08-18 13:32:59,379.1,379.75,378.15,379.75,455
2026-08-18 13:33:58,379.85,379.85,378.45,378.45,1300
2026-08-18 13:34:59,377.25,378.65,377.2,378.65,260
2026-08-18 13:35:59,377,378.3,377,378.3,325
2026-08-18 13:36:58,377.85,377.85,374.3,374.3,3575
2026-08-18 13:37:59,373.15,374.35,371.4,374,4875
2026-08-18 13:38:59,372.9,376.65,372.9,376.65,5005
2026-08-18 13:39:58,375.45,376.9,374.4,376.9,1560
2026-08-18 13:40:58,376.95,376.95,376.4,376.7,780
2026-08-18 13:41:59,376.75,378.55,376.45,378.55,1040
2026-08-18 13:42:58,376.15,376.15,376.15,376.15,65
2026-08-18 13:44:59,378.4,378.4,378.1,378.1,455
2026-08-18 13:45:58,379.2,380.6,379.2,380.6,585
2026-08-18 13:46:58,380.3,381,379.8,380,2275
2026-08-18 13:48:58,379.75,379.75,379.7,379.75,2015
2026-08-18 13:49:59,380.75,380.75,379.3,379.3,260
2026-08-18 13:50:59,378.35,379.65,378.35,379.65,780
2026-08-18 13:51:59,380.3,380.3,377.05,377.25,1365
2026-08-18 13:52:58,377.35,377.35,376,376.45,780
2026-08-18 13:53:59,376.75,376.75,375.1,376,2340
2026-08-18 13:54:58,376,376,375,375,1950
2026-08-18 13:56:59,376.3,376.3,374.65,374.65,585
2026-08-18 13:57:59,374.55,375,374,375,3055
2026-08-18 13:58:58,374.75,374.75,373.05,373.05,650
2026-08-18 13:59:58,374.4,374.4,374.4,374.4,65
2026-08-18 14:00:58,374.25,376.9,374.25,376.9,1170
2026-08-18 14:01:59,376.65,376.65,376.65,376.65,130
2026-08-18 14:02:59,376.65,376.75,375.95,375.95,455
2026-08-18 14:03:59,376.85,378.25,376.05,378.25,1560
2026-08-18 14:04:58,378.1,379.35,377.55,379.35,455
2026-08-18 14:05:59,379.6,380,377.55,377.55,2015
2026-08-18 14:06:59,377.25,378.15,377.25,377.6,520
2026-08-18 14:07:59,377.5,377.55,376.95,377.55,520
2026-08-18 14:08:59,375.95,376.2,375.7,376.2,195
2026-08-18 14:09:59,375.35,375.65,374.4,375.65,1170
2026-08-18 14:10:58,374.4,374.75,373.95,374.15,390
2026-08-18 14:11:58,374.3,374.3,372,372,390
2026-08-18 14:12:59,372.2,373.5,371.8,373.5,1950
2026-08-18 14:14:59,373.75,375.6,373.75,375.6,195
2026-08-18 14:15:59,375.7,375.95,374.75,374.75,2080
2026-08-18 14:16:58,372.55,374.65,372.55,374.2,975
2026-08-18 14:17:59,374.2,374.2,373.85,373.85,3640
2026-08-18 14:18:59,374.7,374.7,374.7,374.7,130
2026-08-18 14:19:59,374,374,371.85,372.05,910
2026-08-18 14:20:58,372.35,372.35,372.35,372.35,65
2026-08-18 14:21:59,372.3,373.75,372.3,373.75,520
2026-08-18 14:22:58,372.8,372.8,371.1,371.1,520
2026-08-18 14:23:59,372.8,372.8,372,372,455
2026-08-18 14:24:59,372.1,373.45,372,373.45,845
2026-08-18 14:25:58,372.95,373.45,372.95,373.45,195
2026-08-18 14:27:59,372.6,372.6,369,369.9,1755
2026-08-18 14:29:59,374.7,375.15,374.7,375.15,3835
2026-08-18 14:30:59,376.95,377.05,373.9,373.9,5200
2026-08-18 14:31:59,373.95,374.85,371.7,372.7,4550
2026-08-18 14:32:59,372.3,375.35,369.05,374,15600
2026-08-18 14:33:59,374,374,372,373.2,7865
2026-08-18 14:34:59,374,375.35,374,375.35,1560
2026-08-18 14:35:59,373.55,373.55,370,371.4,715
2026-08-18 14:36:59,372.05,372.3,371.2,371.2,260
2026-08-18 14:37:58,372.65,373.3,371.5,373.3,650
2026-08-18 14:38:59,373.9,375.95,373.9,375.95,390
2026-08-18 14:39:59,375.8,375.8,375,375,260
2026-08-18 14:41:59,375.55,376,375.55,376,1560
2026-08-18 14:42:59,375,375,374.1,374.45,975
2026-08-18 14:43:58,375,375,374.45,374.45,130
2026-08-18 14:44:59,376.05,376.05,375,375.8,585
2026-08-18 14:45:58,376.3,376.3,374.75,376,845
2026-08-18 14:46:59,374.85,376,373.1,375.7,4485
2026-08-18 14:47:59,374.1,375.75,373.85,375,975
2026-08-18 14:48:59,373.15,374.7,373.15,374.7,195
2026-08-18 14:49:59,373.9,373.9,373.1,373.1,195
2026-08-18 14:50:59,374.65,375.05,374,374.55,1690
2026-08-18 14:51:58,375.9,378.95,375.25,375.45,1040
2026-08-18 14:52:59,375.45,375.45,375.45,375.45,2340
2026-08-18 14:53:58,372.75,373.1,372.1,372.1,650
2026-08-18 14:54:59,371.05,371.95,369.8,370.55,1560
2026-08-18 14:55:59,369.6,374.05,369.6,373.1,975
2026-08-18 14:56:59,373.9,374,373.9,374,780
2026-08-18 14:57:59,374,375.9,373.75,375.9,2080
2026-08-18 14:58:58,374.25,375.2,374,375.2,780
2026-08-18 14:59:58,375.05,375.55,375,375.5,1235
2026-08-18 15:00:58,373.25,380.8,373.25,379.4,3640
2026-08-18 15:01:58,380.95,381.2,377.55,378.4,1105
2026-08-18 15:03:59,374.1,374.1,373.55,373.55,130
2026-08-18 15:04:59,373.9,373.95,370.35,373.4,1170
2026-08-18 15:05:58,373.1,374.75,372.15,374.25,2015
2026-08-18 15:06:59,371.9,372.6,371.3,372.6,325
2026-08-18 15:07:59,372.05,372.15,370.7,370.7,455
2026-08-18 15:08:59,371,372.7,371,372.7,650
2026-08-18 15:09:59,372,372.8,371.05,372.7,650
2026-08-18 15:10:59,374,374,372.35,373.45,260
2026-08-18 15:11:58,372.95,375.85,372.95,373.95,1885
2026-08-18 15:12:58,375.35,375.35,374.9,374.9,130
2026-08-18 15:13:59,372.55,373.25,371,371.8,2145
2026-08-18 15:14:59,371.25,371.5,367.05,367.2,2210
2026-08-18 15:15:59,367.7,370.45,366.75,368.25,2080
2026-08-18 15:16:58,369.15,369.85,367.55,369.05,910
2026-08-18 15:17:59,369,369,368,368,1105
2026-08-18 15:18:58,368,369,367.25,368.05,2535
2026-08-18 15:19:58,368.45,368.6,366.5,367.4,1105
2026-08-18 15:20:58,367.1,368.55,366,366.35,3250
2026-08-18 15:21:59,364.3,364.8,363.25,364.1,1105
2026-08-18 15:22:58,363.05,365.3,363.05,364,2275
2026-08-18 15:23:59,365,365.6,365,365,455
2026-08-18 15:24:59,366.35,366.35,365.1,365.2,585
2026-08-18 15:25:58,365.8,365.8,364.25,364.25,455
2026-08-18 15:26:59,364,364.3,362.55,362.9,715
2026-08-18 15:27:59,363.25,364.9,361.7,364.9,2665
2026-08-18 15:28:59,365,367.05,365,367.05,2275
2026-08-18 15:29:59,367.2,367.45,364.45,364.45,780
2026-08-18 15:30:58,363.05,364,362.3,363.8,2080
2026-08-18 15:31:58,362.1,362.9,359.55,360.45,3835
2026-08-18 15:32:59,359.7,362.3,359.65,360.2,1625
2026-08-18 15:33:59,360,361.45,358.6,358.6,3250
2026-08-18 15:34:59,358.7,360.3,356.95,357.4,2470
2026-08-18 15:35:58,359.05,359.05,356.5,357.25,1885
2026-08-18 15:36:58,357.8,359.95,355.05,355.05,5785
2026-08-18 15:37:59,357.55,357.7,355.05,355.05,910
2026-08-18 15:38:58,355.15,357.1,354.1,354.45,3185
2026-08-18 15:39:58,355.95,355.95,353.05,355.45,2860
2026-08-19 09:15:59,334.65,338.8,319,325,13065
2026-08-19 09:16:59,323.6,326.4,323.15,323.5,13390
2026-08-19 09:17:59,322.1,325.3,322.1,324.3,19630
2026-08-19 09:18:59,324,324.85,321.65,323,8450
2026-08-19 09:19:59,322.45,325.8,321.7,324.55,11505
2026-08-19 09:20:59,325.1,325.9,320.85,322.85,6630
2026-08-19 09:21:59,322.95,326.55,321.9,326.05,4680
2026-08-19 09:22:59,324.9,325.15,322.45,323.5,4420
2026-08-19 09:23:59,323.6,324.45,320.25,321,5005
2026-08-19 09:24:59,321.2,321.2,318.45,318.45,5525
2026-08-19 09:25:59,318.25,319.1,315.65,317.35,6630
2026-08-19 09:26:59,317.75,319.35,315.15,318.05,5330
2026-08-19 09:27:59,319.2,321,318.55,320.2,7475
2026-08-19 09:28:58,319.95,319.95,316.8,317.7,5135
2026-08-19 09:29:59,317.75,318,316.55,317,3965
2026-08-19 09:30:58,316.6,316.85,313.3,313.3,8840
2026-08-19 09:31:59,314.3,314.3,310,310,6240
2026-08-19 09:32:58,310.75,311.95,310,311.3,8190
2026-08-19 09:33:58,311.7,311.7,308.55,308.55,9945
2026-08-19 09:34:58,308.3,309,307.75,307.95,20865
2026-08-19 09:35:58,308.5,309.95,306.2,306.95,5915
2026-08-19 09:36:59,306.55,308.2,306,307.45,11765
2026-08-19 09:37:59,307.45,307.7,304.85,304.85,7605
2026-08-19 09:38:59,305.15,306.3,304.65,305.5,4095
2026-08-19 09:39:59,306.05,309.95,306.05,309.95,7085
2026-08-19 09:40:58,309.2,309.25,306,307.95,13325
2026-08-19 09:41:58,307.2,309,306.8,308.25,12545
2026-08-19 09:42:59,308.35,311.2,308.35,310.85,3770
2026-08-19 09:43:58,309.5,312.5,309.5,312.35,3380
2026-08-19 09:44:59,311.6,312.85,310.65,310.65,1560
2026-08-19 09:45:59,311.2,311.95,309.7,310,2340
2026-08-19 09:46:58,310.85,311.1,309.25,309.25,1365
2026-08-19 09:47:59,309.6,310.95,309.35,309.35,3900
2026-08-19 09:48:58,309.45,313.7,308.9,313.7,11960
2026-08-19 09:49:59,313.45,314.4,311.75,314.4,7280
2026-08-19 09:50:59,314.3,318.5,313.6,318.5,3510
2026-08-19 09:51:59,317.8,320.15,316.9,316.9,9620
2026-08-19 09:52:59,316.8,318,315.3,317.8,3770
2026-08-19 09:53:58,316.75,320.85,316.2,318.2,3380
2026-08-19 09:54:58,318.5,319.5,316.5,316.5,15015
2026-08-19 09:55:58,317.7,317.7,314,314.5,6760
2026-08-19 09:56:59,315,317.25,314,316.45,7150
2026-08-19 09:57:59,316,318.15,314.25,314.3,6565
2026-08-19 09:58:59,313.95,315.8,313.95,315.8,910
2026-08-19 09:59:58,313.5,315.6,313,315.6,3770
2026-08-19 10:00:59,315.8,317,314.75,315.5,5850
2026-08-19 10:01:59,315.9,316.45,313,314,7150
2026-08-19 10:02:59,315.95,317.95,314.25,317.7,3055
2026-08-19 10:03:59,316.5,320,316.3,317.9,11635
2026-08-19 10:04:59,317.85,318.85,316.2,318.85,5395
2026-08-19 10:05:58,317.2,319.2,317,317.6,9360
2026-08-19 10:06:58,317.4,318,316,318,4225
2026-08-19 10:07:58,318,319.65,317.5,317.9,10465
2026-08-19 10:08:59,319,319.85,317.2,317.2,11765
2026-08-19 10:09:59,317.7,318.75,314.25,314.25,6825
2026-08-19 10:10:58,314,316.5,313.5,314.2,17810
2026-08-19 10:11:59,313,315.25,312.5,314.2,9750
2026-08-19 10:12:58,312.5,313.6,312.05,312.75,11700
2026-08-19 10:13:58,311.75,312.5,310,311.4,12285
2026-08-19 10:14:59,310.5,315.45,310.5,315.35,4225
2026-08-19 10:15:59,315.35,316.45,310.75,310.75,3315
2026-08-19 10:16:59,311.7,312.75,311.6,312.1,1430
2026-08-19 10:17:58,311.3,311.9,309,309,4680
2026-08-19 10:18:58,309.9,309.95,305.95,306.8,10660
2026-08-19 10:19:59,306.7,306.9,305.05,305.55,10985
2026-08-19 10:20:59,305.55,306.3,302.5,304.4,12480
2026-08-19 10:21:59,303.6,305.35,302.5,304,13065
2026-08-19 10:22:58,304.2,305.45,303,303.8,7670
2026-08-19 10:23:59,303.95,305.75,303.95,305.05,8450
2026-08-19 10:24:58,304.2,306.1,304.2,306.1,2145
2026-08-19 10:25:59,304,305.75,303.9,305.25,8450
2026-08-19 10:26:58,305.4,306.15,304.4,305.15,4420
2026-08-19 10:27:59,306.4,306.55,304.55,306,4160
2026-08-19 10:28:58,305,306.25,304.75,305.5,4615
2026-08-19 10:29:59,306.45,306.45,304.7,304.8,5070
2026-08-19 10:30:59,303.8,304.25,302,303.85,6500
2026-08-19 10:31:58,303.8,303.8,301.2,302.75,5915
2026-08-19 10:32:58,303.1,304.65,302.3,304.65,10205
2026-08-19 10:33:59,303.95,304.25,302.55,302.55,5395
2026-08-19 10:34:59,303.25,303.45,300.65,300.65,11180
2026-08-19 10:35:59,300.45,302.9,299.4,302.9,5980
2026-08-19 10:36:59,303.25,304.2,302.45,303.55,5200
2026-08-19 10:37:58,302.95,303.15,300.45,300.45,6500
2026-08-19 10:38:58,301.15,301.75,300.55,300.65,3380
2026-08-19 10:39:59,301,302.05,300.65,301,6630
2026-08-19 10:40:58,301,302.25,300.5,301.6,1170
2026-08-19 10:41:59,300.9,301.45,298.2,298.3,3445
2026-08-19 10:42:58,297.8,302.55,297.6,302.3,7410
2026-08-19 10:43:59,300.8,303.3,300.6,303.15,11440
2026-08-19 10:44:58,302.85,304.35,302.35,304.35,5395
2026-08-19 10:45:59,303.75,303.8,300.8,300.8,6435
2026-08-19 10:46:59,300.9,302.2,300.7,301.1,3705
2026-08-19 10:47:59,301.15,302.45,301.15,301.6,1430
2026-08-19 10:48:58,301.1,301.5,301,301.5,8320
2026-08-19 10:49:58,301.5,302.2,300.45,301.55,8450
2026-08-19 10:50:59,300.95,301.25,299.1,300.05,10270
2026-08-19 10:51:58,300.15,301.8,298.8,301.3,7540
2026-08-19 10:52:59,301.35,302.5,301.05,301.05,3965
2026-08-19 10:53:59,302.25,303.9,302.25,303.75,2470
2026-08-19 10:54:59,303.6,304.85,303.6,304.85,2405
2026-08-19 10:55:58,303.65,305.35,303.35,305.25,2600
2026-08-19 10:56:59,305.25,305.25,304.35,304.35,1105
2026-08-19 10:57:59,305,305,303.75,304.75,3640
2026-08-19 10:58:59,304.6,305.6,304,304,650
2026-08-19 10:59:59,304.95,304.95,304,304,2080
2026-08-19 11:00:59,302.5,303.95,301.5,302.7,5135
2026-08-19 11:01:59,302.65,303.1,301.65,302.95,3380
2026-08-19 11:02:59,301,301,298.55,298.55,1495
2026-08-19 11:03:59,298.5,300.25,298.2,300.1,6240
2026-08-19 11:04:59,298.75,300,298.5,300,3640
2026-08-19 11:05:59,298.8,300.05,298.2,298.2,6305
2026-08-19 11:06:59,298.5,300,298.5,299.35,2340
2026-08-19 11:07:59,298,299.45,292.8,294,7800
2026-08-19 11:08:59,294.5,297.8,293.35,297.1,6565
2026-08-19 11:09:58,297.6,299.65,296.5,299.65,7345
2026-08-19 11:10:59,299.6,300.8,299.05,299.5,8840
2026-08-19 11:11:59,299.75,300.7,299.75,300.65,3445
2026-08-19 11:12:58,298.65,300.25,298.65,299.4,2210
2026-08-19 11:13:59,299.4,300.9,298.05,300.9,2145
2026-08-19 11:14:58,300.8,300.8,299.2,300.5,3900
2026-08-19 11:15:58,299.7,300.9,299.65,300.55,1755
2026-08-19 11:16:59,301,301.2,298.9,300.5,17680
2026-08-19 11:18:59,301.2,301.2,301.2,301.2,2080
2026-08-19 11:19:59,303,303.25,302.3,303.25,1105
2026-08-19 11:20:58,302.5,303.45,301.65,301.65,3315
2026-08-19 11:21:59,303.55,303.55,302.5,302.5,1495
2026-08-19 11:22:59,304.85,304.85,304.85,304.85,65
2026-08-19 11:23:59,302.5,303.75,302.5,302.5,1950
2026-08-19 11:24:58,303.4,303.4,302.05,303,1495
2026-08-19 11:25:59,302.75,302.75,300.5,301.7,3445
2026-08-19 11:26:59,302.45,302.5,301.45,302.35,975
2026-08-19 11:27:59,301.9,301.9,300.55,300.55,650
2026-08-19 11:28:59,302,302.45,302,302.45,195
2026-08-19 11:29:58,301,302.75,300.8,302.75,2210
2026-08-19 11:30:58,302.75,303,302,303,1300
2026-08-19 11:31:59,302.7,304.05,302.1,302.35,3900
2026-08-19 11:32:59,302.35,303.45,301.5,302.25,5525
2026-08-19 11:33:59,302.45,303.8,301.05,302.45,6825
2026-08-19 11:34:59,302.35,303.2,300.75,300.75,6110
2026-08-19 11:35:59,300.7,300.7,299.25,300,2145
2026-08-19 11:36:58,299,299.05,298,298.25,1300
2026-08-19 11:37:59,298.5,299.25,297.3,298.05,1235
2026-08-19 11:38:59,298.7,299.45,297.8,298.3,5395
2026-08-19 11:39:59,298.35,300.3,298.35,300.3,5265
2026-08-19 11:40:59,299.4,300.2,297.7,300.2,5915
2026-08-19 11:41:59,300,300.8,298.9,299.9,6695
2026-08-19 11:42:59,300.2,300.2,300.1,300.1,195
2026-08-19 11:43:59,299.8,299.8,299.8,299.8,130
2026-08-19 11:44:58,299.45,299.6,299.45,299.45,390
2026-08-19 11:46:59,301.7,302.55,301.7,302,1170
2026-08-19 11:47:58,302.8,305,302.8,304.8,455
2026-08-19 11:48:58,305,305.9,305,305.25,1170
2026-08-19 11:49:59,305,307.1,305,306.9,1495
2026-08-19 11:50:59,307.4,308.9,307.4,308,1365
2026-08-19 11:51:58,307.2,308.5,307.2,308.2,1300
2026-08-19 11:52:59,307.55,309.15,307.55,308.2,910
2026-08-19 11:53:59,310.1,312.7,310,312.7,1105
2026-08-19 11:54:59,311.15,311.15,311,311,780
2026-08-19 11:55:59,311.15,312.15,309.4,309.75,2535
2026-08-19 11:56:58,310.65,310.65,308.8,309.95,1365
2026-08-19 11:57:58,308.7,310.7,308.7,310.45,1040
2026-08-19 11:58:59,310,311.5,310,311.5,975
2026-08-19 11:59:59,311.25,311.7,310.35,311.7,325
2026-08-19 12:00:58,311.1,311.25,310.5,310.5,845
2026-08-19 12:01:59,307.25,307.25,307.25,307.25,260
2026-08-19 12:02:59,306.3,307.2,305.7,305.7,390
2026-08-19 12:03:59,305.7,305.7,303.6,304.2,455
2026-08-19 12:04:58,303,303,300.8,301.65,650
2026-08-19 12:05:59,300.8,300.8,300.5,300.7,520
2026-08-19 12:06:59,302,302,301.6,301.6,1170
2026-08-19 12:07:58,302.25,303,301,301,6955
2026-08-19 12:08:58,302.5,302.5,300,301.65,7150
2026-08-19 12:09:59,301.75,302.25,298,299.1,7930
2026-08-19 12:10:58,298.55,300.05,298.55,300.05,2405
2026-08-19 12:11:58,300.2,300.7,299,299,9165
2026-08-19 12:12:59,299.85,299.85,297.85,297.85,3575
2026-08-19 12:13:59,298.05,298.75,296.7,297.45,7150
2026-08-19 12:14:58,296.45,299.45,296.45,298.95,8190
2026-08-19 12:15:59,298,300.55,297.35,298.7,9035
2026-08-19 12:16:58,300.05,300.45,298,298.8,3965
2026-08-19 12:17:58,299.5,301.4,299.25,299.5,3055
2026-08-19 12:18:58,300.1,300.2,298.85,300.2,1365
2026-08-19 12:19:59,300.65,302.35,300.15,302.35,1040
2026-08-19 12:20:58,301.05,301.05,301.05,301.05,65
2026-08-19 12:21:59,302.35,302.5,302.35,302.5,1300
2026-08-19 12:22:59,300.9,301.8,300.05,301.55,585
2026-08-19 12:23:59,304,304,302.5,302.5,325
2026-08-19 12:24:59,304.65,304.75,303,304.75,4030
2026-08-19 12:25:58,305.8,305.8,302.5,302.5,2015
2026-08-19 12:26:59,302.5,303.5,302.05,302.05,2795
2026-08-19 12:27:59,301.65,303.25,301.65,302.7,3510
2026-08-19 12:28:58,303,303.65,303,303.65,390
2026-08-19 12:29:58,303.5,304.95,303.5,303.8,4160
2026-08-19 12:30:59,303,304,300,300.45,5915
2026-08-19 12:31:59,300.35,300.7,299,300.45,4225
2026-08-19 12:32:59,299.65,299.65,298,299.3,2340
2026-08-19 12:33:59,297.8,299.2,297.15,298.3,6500
2026-08-19 12:34:59,298.35,299.55,297.95,299.55,5200
2026-08-19 12:35:59,299.7,300.6,299.4,300.6,780
2026-08-19 12:36:59,300,301.45,300,300.85,7865
2026-08-19 12:37:59,300.7,301.7,300.2,301.5,4420
2026-08-19 12:38:58,299.5,299.85,298.5,299.75,2145
2026-08-19 12:39:59,299.75,302.7,299.75,302.15,1560
2026-08-19 12:40:58,302.45,302.5,301.2,301.2,1105
2026-08-19 12:41:59,301.65,302.25,301,302.05,11765
2026-08-19 12:42:59,302.1,302.2,301,302.2,910
2026-08-19 12:43:58,303.95,303.95,301.5,302.95,8060
2026-08-19 12:44:58,301.65,302.9,300,300,3055
2026-08-19 12:45:59,300,300.1,298.05,298.05,1495
2026-08-19 12:46:59,298.1,299,298.1,299,195
2026-08-19 12:47:59,298,298.55,297.15,297.15,1170
2026-08-19 12:48:59,297.6,299.15,297.6,299.15,1300
2026-08-19 12:50:58,300.15,300.95,300.15,300.9,3770
2026-08-19 12:51:59,301.65,301.65,300.4,300.8,845
2026-08-19 12:52:58,301.05,301.05,300.5,300.5,130
2026-08-19 12:53:59,302.2,302.2,302.2,302.2,130
2026-08-19 12:54:59,302.15,302.15,301.4,301.9,520
2026-08-19 12:55:59,301.6,301.6,301,301,130
2026-08-19 12:56:59,299.95,299.95,298.6,298.75,650
2026-08-19 12:57:59,299.55,300.45,299.55,300.45,585
2026-08-19 12:58:59,298.75,299.45,298.75,299.2,975
2026-08-19 12:59:58,299.5,299.5,299.3,299.3,195
2026-08-19 13:00:59,299.9,299.9,299.7,299.75,260
2026-08-19 13:01:58,299.85,301.4,299.05,301.25,780
2026-08-19 13:02:59,300.5,300.5,300.5,300.5,1820
2026-08-19 13:03:58,301.95,303.6,301.95,303.6,455
2026-08-19 13:04:58,303.6,304.7,303.6,303.7,520
2026-08-19 13:05:59,303.75,303.75,301.5,301.85,195
2026-08-19 13:06:59,302.7,302.7,302.3,302.3,390
2026-08-19 13:07:58,301.85,302.25,300.95,302.1,260
2026-08-19 13:08:58,302.55,302.95,301.65,302.65,455
2026-08-19 13:09:58,302.5,304.4,302.45,303,2730
2026-08-19 13:10:59,303.5,303.5,302.05,302.7,455
2026-08-19 13:11:59,302.65,302.65,301.95,301.95,1300
2026-08-19 13:12:58,302.1,302.1,300,300,390
2026-08-19 13:13:58,299,299.55,298,298,3445
2026-08-19 13:14:59,297.75,299.1,297.5,297.65,3510
2026-08-19 13:15:59,299,299,297.1,297.45,5785
2026-08-19 13:16:58,296.45,297.9,295.5,296.65,5590
2026-08-19 13:17:58,296.45,297.35,295,297.35,1105
2026-08-19 13:18:59,297.45,299.9,297.45,299.9,2600
2026-08-19 13:19:58,298.9,299.45,298.7,298.7,585
2026-08-19 13:20:59,297.6,297.6,295,297.3,9425
2026-08-19 13:21:59,296.85,298.25,296.75,297.1,1625
2026-08-19 13:22:58,296.5,297.85,295.4,297.45,8450
2026-08-19 13:23:58,296.85,297.45,296.85,297.45,390
2026-08-19 13:24:58,297.45,297.7,296.75,297.6,2535
2026-08-19 13:25:58,296.55,298.6,296.55,298.35,1040
2026-08-19 13:26:59,297.35,297.95,296.75,297.95,3965
2026-08-19 13:27:59,296.1,298.7,296.1,298.7,3835
2026-08-19 13:28:58,298.15,298.45,298.05,298.05,4095
2026-08-19 13:29:58,297.5,297.85,296.55,296.75,3250
2026-08-19 13:30:59,296.5,298.1,296.5,298,3315
2026-08-19 13:31:59,298.6,298.6,297.15,297.15,1170
2026-08-19 13:32:59,299.45,299.45,299.45,299.45,65
2026-08-19 13:33:59,297.15,297.15,296.55,296.55,1040
2026-08-19 13:34:59,295.4,297.1,295.4,295.8,1235
2026-08-19 13:35:59,296.95,298.25,296.15,298.25,1755
2026-08-19 13:36:59,298.2,298.25,297.9,298.2,585
2026-08-19 13:37:59,298.7,299.7,297.95,297.95,12220
2026-08-19 13:38:59,298.05,299,297,297.6,10660
2026-08-19 13:39:58,297.4,299.45,296,299.45,12025
2026-08-19 13:40:59,298.35,299.95,297.95,298,4095
2026-08-19 13:41:59,297.95,300.6,297.95,299,6825
2026-08-19 13:42:58,300.5,300.5,298.85,299.65,1430
2026-08-19 13:43:59,299.3,299.85,299,299,2080
2026-08-19 13:44:59,299.5,299.75,298.65,298.65,1885
2026-08-19 13:45:59,299.8,299.8,298.55,298.55,1430
2026-08-19 13:46:58,296.75,297.45,295,295,4745
2026-08-19 13:47:58,296.7,296.7,295,296.45,9750
2026-08-19 13:48:59,295,298.25,295,298.25,4550
2026-08-19 13:49:58,298.1,298.1,296.2,296.2,1950
2026-08-19 13:50:59,297.45,297.45,295.55,296.95,3510
2026-08-19 13:51:59,297.3,297.3,295,295,5135
2026-08-19 13:52:58,296.2,297.3,295.3,296.75,7410
2026-08-19 13:53:58,295.5,299.25,295.5,299,7670
2026-08-19 13:54:59,297.45,297.45,297.45,297.45,325
2026-08-19 13:55:59,297.65,297.65,297.65,297.65,65
2026-08-19 13:56:58,298.95,298.95,298.95,298.95,325
2026-08-19 13:57:59,298.9,298.9,298.9,298.9,390
2026-08-19 13:58:58,299.5,299.95,299.5,299.95,455
2026-08-19 13:59:58,300,300,297.75,297.75,455
2026-08-19 14:00:59,299,302,299,302,780
2026-08-19 14:01:59,301.9,303.35,301.05,303.3,1495
2026-08-19 14:02:59,303.3,304,303,303,650
2026-08-19 14:03:58,303.75,304,303.75,304,1105
2026-08-19 14:04:59,304.55,304.55,302.8,302.8,1040
2026-08-19 14:05:58,303,305.15,303,305.15,455
2026-08-19 14:06:59,304.15,306,304.15,304.7,1950
2026-08-19 14:07:59,303.35,305.9,303.35,305.9,2730
2026-08-19 14:08:58,306.25,309.15,306.25,306.85,2080
2026-08-19 14:09:58,306.2,306.45,304.5,304.5,2275
2026-08-19 14:10:59,304.5,307.3,304.5,307.3,1430
2026-08-19 14:11:59,307.45,308.7,307.45,308.1,1495
2026-08-19 14:12:58,308.9,309,308.1,308.7,1235
2026-08-19 14:13:59,307.3,308,304.55,304.55,2015
2026-08-19 14:14:59,303.7,303.95,302,302.5,1300
2026-08-19 14:15:59,303,303,299.3,300.25,780
2026-08-19 14:16:59,300.9,300.9,298.15,298.15,3185
2026-08-19 14:17:59,298.15,299,298,299,2210
2026-08-19 14:18:59,300.55,300.55,296.55,296.55,1365
2026-08-19 14:19:59,296.8,298.3,295,295,3185
2026-08-19 14:20:58,294.95,296.2,294.65,294.65,1495
2026-08-19 14:21:58,295.4,295.4,294.1,294.1,195
2026-08-19 14:22:59,293.9,294.7,291,292.05,5330
2026-08-19 14:23:59,292.2,293.2,289.4,293.2,9620
2026-08-19 14:24:59,292.8,293.7,290.8,292.55,7215
2026-08-19 14:25:59,291.95,293.4,290.75,292.3,4355
2026-08-19 14:26:59,292.45,292.45,289.3,291.75,10725
2026-08-19 14:27:59,291.9,293.65,291.7,293.25,5525
2026-08-19 14:28:59,292.45,293,290.65,290.7,4745
2026-08-19 14:29:59,291.95,295,291.75,294.75,4290
2026-08-19 14:30:59,294.45,297.95,294.15,296.5,3640
2026-08-19 14:31:58,297.65,299,297.65,298.4,4095
2026-08-19 14:32:59,298.4,298.4,296.05,298,2145
2026-08-19 14:33:58,300,302.4,298.25,300.25,3835
2026-08-19 14:34:58,300.1,301.05,299.95,300.8,7020
2026-08-19 14:35:58,299.7,318.2,299.2,318.2,20215
2026-08-19 14:36:58,316.7,316.7,307.5,309.8,15860
2026-08-19 14:37:58,311.65,312.1,304.7,304.7,3250
2026-08-19 14:38:58,303.8,305.55,298.45,298.85,5785
2026-08-19 14:39:58,297.6,300.45,297,297.5,4160
2026-08-19 14:40:58,297.1,299.45,297.1,299.35,2340
2026-08-19 14:41:58,299.05,299.9,294.2,295.2,3315
2026-08-19 14:42:58,295.1,298.65,295,298.45,2080
2026-08-19 14:43:59,299.2,299.8,298,299.8,2015
2026-08-19 14:44:59,300.75,300.75,296.8,298.6,2535
2026-08-19 14:45:59,297.85,299.7,297.85,299.35,2015
2026-08-19 14:46:59,295.85,296.95,295.05,295.3,975
2026-08-19 14:47:59,295.45,295.45,292.8,292.8,715
2026-08-19 14:48:59,293.85,295.05,292.5,293.4,1495
2026-08-19 14:49:59,294.45,296.55,294.45,294.85,910
2026-08-19 14:50:59,293.8,297.25,293.8,296,5005
2026-08-19 14:51:58,296.1,297.35,295.75,297.35,5395
2026-08-19 14:52:58,296.05,297,294.6,294.75,2275
2026-08-19 14:53:59,296,296.5,294.3,295,1755
2026-08-19 14:54:58,295,296.95,295,296.25,3510
2026-08-19 14:55:58,297,298.4,296.35,297.95,6240
2026-08-19 14:56:59,296.75,299.7,296.75,297.15,4940
2026-08-19 14:57:59,297,298.7,297,298.4,1365
2026-08-19 14:58:58,298,299.8,297.5,298.3,2795
2026-08-19 14:59:59,298.85,299.1,298,298.75,1820
2026-08-19 15:00:59,299.25,300,297.5,298.65,7800
2026-08-19 15:01:58,298.9,303,298.5,303,6955
2026-08-19 15:02:59,302.55,305,302.25,303.25,8190
2026-08-19 15:03:59,303.15,303.15,302,302,390
2026-08-19 15:04:59,302.5,302.5,300.9,300.9,585
2026-08-19 15:05:59,301.3,301.3,299,299,1300
2026-08-19 15:06:59,298.55,298.55,296.35,296.4,1235
2026-08-19 15:07:58,297,297.3,295.4,296.05,1105
2026-08-19 15:08:58,295.55,296.4,294.55,296.3,2340
2026-08-19 15:09:58,296.5,297,295.05,295.05,2145
2026-08-19 15:10:59,295.3,296.4,294.8,294.8,4095
2026-08-19 15:11:58,294.8,297.55,294.3,295.8,3510
2026-08-19 15:12:59,296,296.4,295.25,295.7,3640
2026-08-19 15:13:59,297.4,297.4,295.7,297,1950
2026-08-19 15:14:59,297,297.25,294,294,1690
2026-08-19 15:15:59,295.85,295.95,292.5,292.5,1235
2026-08-19 15:16:59,294.35,295.9,292.8,295.3,4290
2026-08-19 15:17:59,295.9,296.35,294.9,295.9,1885
2026-08-19 15:18:59,295.55,297.75,295,297.75,6760
2026-08-19 15:19:59,297.85,298.35,296.65,297,2275
2026-08-19 15:20:59,297.65,302.05,297.2,302.05,5135
2026-08-19 15:21:59,301,301,297.9,298.9,2210
2026-08-19 15:22:59,298.9,298.9,296.55,298.2,1365
2026-08-19 15:23:59,298.15,298.5,297,298.5,2665
2026-08-19 15:24:58,299,299.1,297.65,297.65,1365
2026-08-19 15:25:59,297.65,298,296,297.25,1885
2026-08-19 15:26:58,297.05,297.8,295.5,296.85,5265
2026-08-19 15:27:59,296.85,299.75,296.8,297.75,1495
2026-08-19 15:28:59,299.9,299.9,298.25,298.25,780
2026-08-19 15:29:59,299.7,299.7,297,297.25,1495
2026-08-19 15:30:59,297.25,298.05,296.4,297.35,3510
2026-08-19 15:31:59,297.75,298.2,296.05,297.05,6435
2026-08-19 15:32:59,297,297,296,296,780
2026-08-19 15:33:59,294.8,295.7,294.35,294.55,2470
2026-08-19 15:34:58,295.25,295.25,293.85,293.9,1170
2026-08-19 15:35:59,295.55,297.8,295.55,296.85,4095
2026-08-19 15:36:59,297.8,297.8,295.2,295.25,2470
2026-08-19 15:37:58,295.15,295.2,292.75,293.95,6695
2026-08-19 15:38:59,293.75,295.2,293,294.25,5070
2026-08-19 15:39:58,294.4,295.05,293.9,294.5,3185
2026-08-20 09:15:58,344,355.5,330.6,350.8,107835
2026-08-20 09:16:59,350.3,358,350.3,350.5,56940
2026-08-20 09:17:59,350.35,353.7,347.5,348,60710
2026-08-20 09:18:59,348,350,346.1,347.65,43875
2026-08-20 09:19:59,347.2,347.4,340.8,343,26845
2026-08-20 09:20:59,343.95,345.9,343.55,344.25,34710
2026-08-20 09:21:58,345.85,348.45,343.2,348.45,35230
2026-08-20 09:22:58,349.25,350,345.8,348.95,32110
2026-08-20 09:23:58,348.55,348.95,346,347.45,26780
2026-08-20 09:24:59,347.45,347.45,344.1,344.85,33735
2026-08-20 09:25:59,345,348.4,344,348.2,40560
2026-08-20 09:26:58,348.55,349.9,346.55,348,32695
2026-08-20 09:27:58,349.5,351.25,347.3,348.75,41600
2026-08-20 09:28:59,348.45,349.95,347.9,349.7,17030
2026-08-20 09:29:59,349.7,350,345.85,348.5,7670
2026-08-20 09:30:59,348.4,348.6,344.4,345.2,7150
2026-08-20 09:31:59,345.2,346.65,344.1,345.45,12155
2026-08-20 09:32:59,345.4,345.9,343.45,344.3,7735
2026-08-20 09:33:59,344.5,346.2,342.95,344.35,11440
2026-08-20 09:34:58,343.8,350.35,343.8,349.9,4095
2026-08-20 09:35:58,348.8,354.65,348.8,353.45,6175
2026-08-20 09:36:58,352.75,355,352.3,354,4940
2026-08-20 09:37:58,352.9,354.15,352.5,352.5,11050
2026-08-20 09:38:59,351.9,351.9,349.9,351,9685
2026-08-20 09:39:58,350,350.65,347.3,350.3,15275
2026-08-20 09:40:59,350.75,353.8,350,353.55,26195
2026-08-20 09:41:58,353.55,353.55,349.85,350.9,19045
2026-08-20 09:42:59,351.15,351.7,349.55,350.85,22555
2026-08-20 09:43:59,349.7,354.05,349.35,354.05,13910
2026-08-20 09:44:59,354.05,355.9,353.3,355.1,25155
2026-08-20 09:45:58,355.85,355.85,352.45,353.6,27170
2026-08-20 09:46:58,354.05,355.15,352.75,353.85,13585
2026-08-20 09:47:59,353.4,353.4,349.55,351.4,7410
2026-08-20 09:48:59,350.7,352.75,349.75,352,2665
2026-08-20 09:49:58,350.9,351.5,349.55,349.55,4680
2026-08-20 09:50:59,349,349.35,349,349,1170
2026-08-20 09:51:58,349,349.9,348.25,348.4,2990
2026-08-20 09:52:59,349.15,349.15,346,346,14625
2026-08-20 09:53:58,346,346,344.25,345.2,11895
2026-08-20 09:54:58,344.9,350,344.6,350,16640
2026-08-20 09:55:58,350.8,353.95,350,353.45,9100
2026-08-20 09:56:58,353.7,355,352.8,354.9,11635
2026-08-20 09:57:58,354.75,355.85,353.6,354,3250
2026-08-20 09:58:59,353,353,349.15,349.45,6500
2026-08-20 09:59:59,349.85,350.85,348.5,349.3,10855
2026-08-20 10:00:59,349.3,351.1,348,350.8,10920
2026-08-20 10:01:59,350.9,352.2,348.25,348.75,12480
2026-08-20 10:02:59,348.55,349.5,347,348,15665
2026-08-20 10:03:58,348,348.45,345.5,348.45,20280
2026-08-20 10:04:59,348.25,349,347,348.15,7410
2026-08-20 10:05:58,347.75,348.3,347.75,348.25,650
2026-08-20 10:06:58,347.1,350.05,347.1,349.75,3705
2026-08-20 10:07:59,350.35,352.15,349.6,352.15,5915
2026-08-20 10:08:58,352.1,353.25,350.85,352.6,8515
2026-08-20 10:09:59,351.9,352.6,350.95,352,5850
2026-08-20 10:10:59,351.5,353.9,351.15,353.6,6500
2026-08-20 10:11:58,352.85,355.85,352.85,355.75,10920
2026-08-20 10:12:59,354.7,357,353.2,353.2,7280
2026-08-20 10:13:59,351.7,354.2,351.7,354.2,3250
2026-08-20 10:14:58,354.5,357,354.5,355.95,16120
2026-08-20 10:15:59,357,358,356.15,356.9,2340
2026-08-20 10:16:59,356.95,357.2,355.9,356.95,2730
2026-08-20 10:17:59,357.05,357.05,355.55,355.55,1105
2026-08-20 10:18:58,355.5,355.7,354.45,354.45,1950
2026-08-20 10:19:58,353.7,355.25,353.05,353.05,2470
2026-08-20 10:20:59,352.7,353.1,350.55,351.9,2600
2026-08-20 10:21:59,351,353.95,350.95,351.95,2730
2026-08-20 10:22:58,351.55,352.95,351.55,352.95,1495
2026-08-20 10:23:59,352.9,354.1,352.1,353.65,2080
2026-08-20 10:24:59,352.6,353.05,350.8,351.55,4030
2026-08-20 10:25:59,350.8,352.35,350.8,351.65,7280
2026-08-20 10:26:59,350.55,351.55,350,350,6695
2026-08-20 10:27:58,350,350.05,348.15,348.2,5850
2026-08-20 10:28:59,349.1,349.25,346.75,347.1,9100
2026-08-20 10:29:59,346.3,349.15,346.3,348.75,10920
2026-08-20 10:30:58,348.7,349.6,347.8,349.1,4745
2026-08-20 10:31:59,349.15,349.5,346.6,348.65,13065
2026-08-20 10:32:58,348.6,349.45,348.05,348.25,5525
2026-08-20 10:33:59,348.1,348.85,346.75,347.95,9295
2026-08-20 10:34:59,348.2,348.45,346.15,346.15,15730
2026-08-20 10:35:59,347.25,347.5,345.9,347.15,13130
2026-08-20 10:36:58,347.05,347.05,343.7,344.65,19890
2026-08-20 10:37:59,344.3,344.95,340.4,342.25,25415
2026-08-20 10:38:59,342.25,344.2,341.95,342.3,19890
2026-08-20 10:39:58,343.65,345.3,343,345.25,25415
2026-08-20 10:40:59,345.1,346.45,344,345.8,14235
2026-08-20 10:41:58,345.65,347.2,345,347.2,12545
2026-08-20 10:42:59,346.5,346.55,344.45,346.55,13975
2026-08-20 10:43:58,345,346.5,344.5,345.7,18980
2026-08-20 10:44:59,346.3,348.15,345.4,347.2,41795
2026-08-20 10:45:59,347.35,347.9,345.75,347.4,31590
2026-08-20 10:46:59,347.3,347.3,345.25,346.75,1300
2026-08-20 10:47:58,346.3,346.3,344.15,344.15,1300
2026-08-20 10:48:59,344.95,346.75,344.95,346.75,6955
2026-08-20 10:49:59,347,350.2,346.1,350.2,12220
2026-08-20 10:50:58,349.9,350.6,346.65,347,14950
2026-08-20 10:51:59,347.95,348.8,346.55,348.8,1820
2026-08-20 10:52:58,348.8,348.8,346.15,346.95,7020
2026-08-20 10:53:59,346,347.6,346,347.6,1495
2026-08-20 10:54:59,347.4,347.4,345.25,345.4,4550
2026-08-20 10:55:59,346.95,347.3,345,347.3,2600
2026-08-20 10:56:58,348.25,348.25,346.5,347.5,975
2026-08-20 10:57:58,347.75,348.85,347.6,347.95,1170
2026-08-20 10:58:59,347.4,348.5,347.15,348.5,1365
2026-08-20 10:59:58,348.5,349.5,348.5,348.5,910
2026-08-20 11:00:59,348.9,351.35,348.05,350.7,3510
2026-08-20 11:01:58,350.75,351.5,349.6,350.3,1625
2026-08-20 11:02:59,349.2,349.35,346.65,346.65,1235
2026-08-20 11:03:59,347.45,348.75,347.15,347.85,975
2026-08-20 11:04:58,347.95,348,346.95,347.4,1105
2026-08-20 11:05:58,347.6,350.1,347.6,350.1,520
2026-08-20 11:06:59,348.15,349.35,348,349.35,520
2026-08-20 11:07:59,348.55,349.7,348.55,349,2470
2026-08-20 11:08:59,349,349.5,348,348,1625
2026-08-20 11:09:58,348,348.8,348,348.8,650
2026-08-20 11:10:58,348.9,348.9,348,348.05,3185
2026-08-20 11:11:59,347,347.85,345.3,345.8,910
2026-08-20 11:12:59,346.5,347.5,345.8,347.05,1365
2026-08-20 11:13:58,346,346,345.5,345.5,130
2026-08-20 11:14:59,344.85,345.25,344,345.25,845
2026-08-20 11:15:58,343.65,344.4,343.05,343.05,1235
2026-08-20 11:16:59,344.65,345.6,344.65,345.35,195
2026-08-20 11:17:59,345.7,345.7,344.45,344.45,520
2026-08-20 11:18:59,344.25,344.7,344.25,344.4,910
2026-08-20 11:19:58,343.2,343.95,343,343.95,195
2026-08-20 11:20:59,343.5,343.5,342,342,1170
2026-08-20 11:21:58,341,341,339.65,339.65,715
2026-08-20 11:22:58,340.85,341.5,340.5,341.5,1885
2026-08-20 11:23:58,341.7,342.5,341.4,341.4,2015
2026-08-20 11:24:59,339.75,340.5,339.75,340.25,2535
2026-08-20 11:25:59,341.65,341.65,340,340.85,1170
2026-08-20 11:26:59,340.5,341.95,340.05,340.05,1625
2026-08-20 11:27:59,341,342.7,341,342.7,780
2026-08-20 11:28:59,342.4,342.4,341,341,455
2026-08-20 11:29:59,341.75,342.75,341.75,342.75,1235
2026-08-20 11:30:59,343.45,346.45,343.1,346.45,10270
2026-08-20 11:31:58,346.55,349.2,345.45,349,3445
2026-08-20 11:32:58,349.2,353.3,349.2,353,6500
2026-08-20 11:33:59,353,354,350.85,351.55,3120
2026-08-20 11:34:58,351,351.75,349.75,349.75,1170
2026-08-20 11:35:59,351.9,352.5,351.55,352.05,1040
2026-08-20 11:36:58,351.8,352.05,351.8,352.05,845
2026-08-20 11:37:59,351.75,352.5,351.35,351.55,1560
2026-08-20 11:38:58,351.25,351.25,350.9,350.95,650
2026-08-20 11:39:58,351.15,353,351.15,352.65,1950
2026-08-20 11:40:59,351.75,351.75,350.75,350.75,455
2026-08-20 11:41:59,350.6,351,350.6,351,130
2026-08-20 11:42:58,351.4,352.15,351.4,352.15,390
2026-08-20 11:43:59,351.35,352.45,350.9,351,4355
2026-08-20 11:44:59,350.9,352.25,350.55,352.25,3315
2026-08-20 11:45:59,352.25,352.65,351.55,352.65,260
2026-08-20 11:46:59,351.55,354.6,351,354.5,6565
2026-08-20 11:47:59,354.7,354.7,352.5,354.15,3250
2026-08-20 11:48:59,353.4,353.4,350.4,350.4,1755
2026-08-20 11:49:58,350.5,351.55,350.25,351.5,845
2026-08-20 11:50:58,350.25,351.3,350.1,351.05,1300
2026-08-20 11:51:58,350.25,351.55,350.25,351.55,1170
2026-08-20 11:52:58,351.65,352.9,350.95,351.75,1105
2026-08-20 11:53:59,350.65,351.65,350.65,351.65,1365
2026-08-20 11:54:58,352.2,352.2,352.2,352.2,325
2026-08-20 11:55:59,350.15,352.25,349.95,352.05,2730
2026-08-20 11:56:58,352.6,355.75,352.6,355.5,4160
2026-08-20 11:57:59,355.5,355.5,351.3,351.45,5200
2026-08-20 11:58:59,351.6,352.65,350.15,352.6,6890
2026-08-20 11:59:58,353.5,354.15,353,353.85,4160
2026-08-20 12:00:59,353.45,354.05,353.45,354.05,1950
2026-08-20 12:01:58,354.05,354.05,350.75,352.6,2665
2026-08-20 12:02:59,352.6,352.6,352.45,352.55,715
2026-08-20 12:03:58,352.95,352.95,351.1,351.1,325
2026-08-20 12:04:59,351.15,351.15,351.15,351.15,65
2026-08-20 12:05:58,351.15,353.4,351.15,353.1,1040
2026-08-20 12:06:59,351.85,352.95,351.2,352.4,910
2026-08-20 12:07:58,352.3,352.35,351,351.45,715
2026-08-20 12:08:59,351.85,351.85,349.5,350.05,1560
2026-08-20 12:09:59,350.15,350.55,348.85,350.1,4160
2026-08-20 12:10:59,350.4,351.25,350.3,350.35,780
2026-08-20 12:11:58,351.05,352.4,350.1,350.1,2470
2026-08-20 12:12:59,350.65,350.8,350.35,350.6,975
2026-08-20 12:13:58,351.5,353.95,351.15,353.9,1885
2026-08-20 12:14:58,354.75,354.8,354.05,354.05,260
2026-08-20 12:15:59,354.1,356.3,354.05,355.85,1690
2026-08-20 12:16:59,355.65,356.95,354.7,356.85,1690
2026-08-20 12:17:59,356.65,358.45,355.6,355.6,5200
2026-08-20 12:18:58,357,358,356.2,358,7345
2026-08-20 12:19:59,355.85,357,354.65,354.65,1300
2026-08-20 12:20:59,354.8,354.8,354.35,354.35,1235
2026-08-20 12:21:58,353.95,353.95,352.5,352.85,1170
2026-08-20 12:22:59,353.7,353.75,353.15,353.15,650
2026-08-20 12:23:59,353.55,353.55,353.45,353.45,1040
2026-08-20 12:24:59,352.4,352.4,351.45,351.45,1105
2026-08-20 12:25:59,352.75,352.75,352.75,352.75,130
2026-08-20 12:26:58,352.75,352.75,351.95,351.95,390
2026-08-20 12:27:58,353.4,353.4,353.4,353.4,195
2026-08-20 12:28:59,352.1,352.1,352.1,352.1,65
2026-08-20 12:29:58,353.3,353.3,353,353,1690
2026-08-20 12:30:59,351.95,351.95,351.95,351.95,195
2026-08-20 12:31:58,351.9,351.9,351.9,351.9,65
2026-08-20 12:32:58,351.5,352.35,351.15,351.15,1690
2026-08-20 12:33:58,351.5,351.5,350.2,350.5,975
2026-08-20 12:34:59,350,350.65,349.6,350.45,1430
2026-08-20 12:35:59,350.85,350.85,349.45,350.3,1625
2026-08-20 12:36:59,351.55,352.75,350.4,351.8,9815
2026-08-20 12:37:59,352.1,352.1,351.7,351.7,585
2026-08-20 12:38:58,350.85,354,350.85,354,4550
2026-08-20 12:39:58,353.65,356.85,353.65,356.65,17485
2026-08-20 12:40:58,357.3,359.65,356.45,356.45,12935
2026-08-20 12:41:59,356.8,358.4,354.5,357.95,6500
2026-08-20 12:42:58,356,357.95,356,356.05,6175
2026-08-20 12:43:58,356.35,359.6,356.35,359.5,4875
2026-08-20 12:44:58,359.25,359.25,354.8,357.05,13845
2026-08-20 12:45:58,356.75,360.25,356.65,360.25,2470
2026-08-20 12:46:58,358.05,361.95,358.05,361.1,18330
2026-08-20 12:47:59,361.1,370,360.25,369.7,9620
2026-08-20 12:48:58,368.15,379.85,368.15,379.45,26585
2026-08-20 12:49:59,378.65,380.75,374.15,375.5,18265
2026-08-20 12:50:59,376.6,386.15,376.6,384.75,9165
2026-08-20 12:51:59,384.5,390.9,384.5,390.9,23790
2026-08-20 12:52:59,392,394.4,387,387,20410
2026-08-20 12:53:59,387.4,388.15,382.45,383.45,5265
2026-08-20 12:54:59,382,382.3,378.7,382.3,8385
2026-08-20 12:55:59,380.7,382.05,378.65,381.95,15210
2026-08-20 12:56:58,381.5,381.9,379.5,381.6,3835
2026-08-20 12:57:58,381.35,381.35,377.65,381.1,7800
2026-08-20 12:58:58,380.55,381.55,379.35,380.3,3965
2026-08-20 12:59:59,380.8,382.35,379.55,381.85,3185
2026-08-20 13:00:58,380.55,380.55,376.7,377.05,5590
2026-08-20 13:01:59,377,379.75,374.95,378.9,20085
2026-08-20 13:02:59,379.55,382.15,377.5,379.65,14430
2026-08-20 13:03:58,379.8,380.65,378.4,380,10335
2026-08-20 13:04:58,380.8,380.9,377,377,4745
2026-08-20 13:05:58,378.65,380.9,377.75,379.5,3900
2026-08-20 13:06:59,380,381.65,378.8,379,5655
2026-08-20 13:07:59,380.3,380.65,377.4,380.25,7150
2026-08-20 13:08:59,379.7,379.9,377.75,378.25,26325
2026-08-20 13:09:59,378.25,379.3,377.25,379.25,5850
2026-08-20 13:10:59,379.6,380,379.45,380,1430
2026-08-20 13:11:59,378.1,378.3,378.05,378.1,455
2026-08-20 13:12:59,377.65,377.65,376.5,376.5,1560
2026-08-20 13:13:58,377.95,379.45,377.95,379.45,845
2026-08-20 13:14:58,379.35,379.35,379.35,379.35,65
2026-08-20 13:15:59,378,378,378,378,1690
2026-08-20 13:16:59,378,378,376.45,376.45,4550
2026-08-20 13:17:58,376,376,373.2,373.2,325
2026-08-20 13:18:59,373.6,373.6,372,372.3,650
2026-08-20 13:19:59,372.3,374.85,372.3,374.6,1300
2026-08-20 13:20:58,373.65,375.8,373.65,375.35,6435
2026-08-20 13:21:58,375.15,375.15,373.05,374.7,2795
2026-08-20 13:22:59,376.5,377.1,375.8,376.65,520
2026-08-20 13:23:59,377.4,378.2,376.55,378.2,195
2026-08-20 13:24:58,378.05,379.75,378.05,379.15,1365
2026-08-20 13:25:59,380.15,380.65,379.55,380.65,845
2026-08-20 13:26:59,380.75,380.75,379.2,379.75,585
2026-08-20 13:27:59,379,379.35,376.2,378,5200
2026-08-20 13:28:59,378,378.35,376.65,376.65,325
2026-08-20 13:29:59,376.8,377.7,376.65,377.7,1040
2026-08-20 13:30:59,377.8,380.2,377.6,377.9,4225
2026-08-20 13:31:58,378.5,379.35,378,378.7,2145
2026-08-20 13:32:59,378.2,379.1,378.1,379.1,2535
2026-08-20 13:33:58,379.75,380.45,379.65,379.8,4550
2026-08-20 13:34:58,380.45,380.45,380,380,260
2026-08-20 13:35:58,380,380,377.75,379,2275
2026-08-20 13:36:59,379,381.35,379,379.9,7345
2026-08-20 13:37:59,380.5,380.5,377.55,377.55,910
2026-08-20 13:38:58,377.25,377.25,377.05,377.25,325
2026-08-20 13:39:59,376,376.65,374.7,375.55,1495
2026-08-20 13:40:58,375.55,375.55,375.55,375.55,65
2026-08-20 13:41:58,373.25,375.65,373.25,375.65,2795
2026-08-20 13:42:59,376.35,377.2,375.95,377.2,585
2026-08-20 13:43:59,375.5,377.2,375.5,377.2,195
2026-08-20 13:44:58,378,378.45,377.2,377.2,260
2026-08-20 13:45:59,377.8,377.8,376.85,377.65,585
2026-08-20 13:46:59,377.4,378.65,377.4,378.65,390
2026-08-20 13:47:59,377.55,378.7,376.3,376.3,6630
2026-08-20 13:48:58,376.25,377.7,375.6,376.3,1690
2026-08-20 13:49:58,377.25,378.7,376.4,376.4,3510
2026-08-20 13:50:59,377.5,377.95,376,376.75,4160
2026-08-20 13:51:59,376.5,376.5,374.65,375.15,4745
2026-08-20 13:52:58,375.05,375.15,373.3,373.3,7150
2026-08-20 13:53:58,374.75,374.75,372.65,372.65,9620
2026-08-20 13:54:59,373.35,374.5,371,371.35,6045
2026-08-20 13:55:58,371.25,372.5,369,370.05,7865
2026-08-20 13:56:59,371.75,374.8,370.3,374.8,4875
2026-08-20 13:57:59,374.95,374.95,371.95,371.95,2405
2026-08-20 13:58:59,372.2,373.15,372.2,372.75,1690
2026-08-20 13:59:59,369.8,371.8,369.8,371.8,910
2026-08-20 14:00:59,370.75,372.05,370,370.5,7150
2026-08-20 14:01:59,370.25,370.45,367.25,370.45,6045
2026-08-20 14:02:59,368.95,370.25,368.05,369.3,4875
2026-08-20 14:03:59,369.55,370,368,368.7,3380
2026-08-20 14:04:59,368.8,370.3,368,369.6,2210
2026-08-20 14:05:59,370,370,366.15,366.15,845
2026-08-20 14:06:59,368.6,369,367.55,368.45,520
2026-08-20 14:07:58,369.65,373.35,369.5,373,1495
2026-08-20 14:08:59,372.5,372.5,371.8,371.8,715
2026-08-20 14:09:59,371,372.3,371,371.9,520
2026-08-20 14:10:59,370.95,372.35,370.95,372.35,1235
2026-08-20 14:11:59,372.7,373.35,372.25,373.35,585
2026-08-20 14:12:59,372.8,373.55,372.5,373,715
2026-08-20 14:13:59,372.5,372.5,372.45,372.45,260
2026-08-20 14:14:59,372,372.75,372,372.2,260
2026-08-20 14:15:58,372.2,372.2,371.65,371.65,390
2026-08-20 14:16:59,371.2,371.2,364.25,364.25,2795
2026-08-20 14:17:59,364.25,369.25,364.25,367.55,2210
2026-08-20 14:18:59,369.45,369.7,369.45,369.7,260
2026-08-20 14:19:58,371.25,372.6,370.55,370.85,1430
2026-08-20 14:20:58,371.75,372.2,371.1,371.15,1040
2026-08-20 14:21:58,371,372.4,370.9,371.3,1755
2026-08-20 14:22:58,371.15,371.15,370.15,371,3835
2026-08-20 14:23:59,370.5,370.65,369.75,370.65,650
2026-08-20 14:24:58,370.75,371.15,370.25,370.35,4225
2026-08-20 14:25:59,370.1,371.75,369.65,369.65,455
2026-08-20 14:26:59,368.8,368.95,368.8,368.95,1495
2026-08-20 14:27:59,371.8,371.8,370.85,371.65,260
2026-08-20 14:28:59,373,373.15,371.5,373.15,3575
2026-08-20 14:29:59,373.5,376,373.15,375.2,2340
2026-08-20 14:30:58,375.6,375.6,372.9,373.05,1495
2026-08-20 14:31:58,374.05,375.6,373.75,375.6,1235
2026-08-20 14:32:59,375.75,377.1,375.75,375.8,975
2026-08-20 14:33:59,375.8,375.85,375.8,375.85,780
2026-08-20 14:34:58,375.25,375.25,373.4,373.4,195
2026-08-20 14:35:59,375,375,372.05,372.05,1105
2026-08-20 14:36:59,372.25,372.7,372.25,372.7,195
2026-08-20 14:37:58,371.75,372.95,371.45,372.95,520
2026-08-20 14:38:59,373.9,373.9,371.8,372.1,3055
2026-08-20 14:39:58,373.2,375.4,373.2,375.4,1170
2026-08-20 14:40:58,375,375.9,375,375.8,1105
2026-08-20 14:41:58,375.05,375.05,372.05,372.05,1365
2026-08-20 14:42:59,372.2,372.75,372.2,372.75,585
2026-08-20 14:43:59,372.7,372.7,370,370,3055
2026-08-20 14:44:59,371.7,371.7,370,370.15,1820
2026-08-20 14:45:59,368.7,368.7,367.05,368.35,780
2026-08-20 14:46:59,367.65,370.8,367.65,370.6,4680
2026-08-20 14:47:58,369.75,372,369.75,372,650
2026-08-20 14:48:58,369.7,370.7,369.7,370.55,910
2026-08-20 14:49:59,370,370,370,370,65
2026-08-20 14:50:58,369.3,371.25,369.3,370.5,715
2026-08-20 14:51:59,370.3,370.35,370.25,370.25,390
2026-08-20 14:52:58,369.8,369.8,369.8,369.8,260
2026-08-20 14:53:58,369.6,370.4,369.6,370.4,1040
2026-08-20 14:54:59,369.6,369.85,368.15,368.15,650
2026-08-20 14:55:59,368.8,369,368.8,369,260
2026-08-20 14:56:59,369.35,370,369.1,370,845
2026-08-20 14:57:58,370.4,370.4,369.55,370,390
2026-08-20 14:58:59,370.35,370.45,369.5,370.45,715
2026-08-20 14:59:59,370.85,370.85,369.3,369.3,2925
2026-08-20 15:00:59,368.8,368.9,365.9,365.9,2015
2026-08-20 15:01:58,365.3,365.3,363.95,363.95,1300
2026-08-20 15:02:58,364.25,365.1,363.65,365.1,585
2026-08-20 15:03:59,363.55,364.25,362.8,362.8,780
2026-08-20 15:04:58,364.05,366.25,363.4,366.25,780
2026-08-20 15:05:59,366,366,361,361,3770
2026-08-20 15:06:59,361.15,361.85,359.75,360.65,2210
2026-08-20 15:07:59,359.3,360.35,359.3,359.5,2795
2026-08-20 15:08:59,358.7,361.15,358.2,361.15,3510
2026-08-20 15:09:59,360.6,360.6,358.35,358.4,4550
2026-08-20 15:10:58,360.2,360.2,357.25,359.6,6955
2026-08-20 15:11:58,358.75,358.75,356,357.95,7085
2026-08-20 15:12:59,358.2,361.8,358.2,360.65,3965
2026-08-20 15:13:58,361.4,363,361.2,363,4420
2026-08-20 15:14:59,362.05,363.2,361.9,363.2,455
2026-08-20 15:15:59,363,365.35,362.75,364.5,3510
2026-08-20 15:16:58,366.25,367.95,365.25,365.25,17030
2026-08-20 15:17:59,365.25,366.1,364.6,365.9,4615
2026-08-20 15:18:58,365.8,366.65,365.3,365.35,4485
2026-08-20 15:19:59,365,365.4,362.8,364,4225
2026-08-20 15:20:59,364.55,365.2,358.9,358.9,4550
2026-08-20 15:21:59,360.3,362.5,360.3,362.5,2730
2026-08-20 15:22:59,359.7,362.5,359.7,362.45,780
2026-08-20 15:23:59,361.55,362.5,361.25,361.25,1040
2026-08-20 15:24:58,362.5,362.9,361.5,361.5,1560
2026-08-20 15:25:58,362.85,363.25,362.25,363.2,4745
2026-08-20 15:26:58,363.25,364.7,363.05,364,6955
2026-08-20 15:27:59,364,364.9,363.65,363.65,715
2026-08-20 15:28:59,364.5,364.75,363.3,364.5,4810
2026-08-20 15:29:59,364.5,364.9,363.45,363.45,910
2026-08-20 15:30:59,363.35,363.35,363,363,195
2026-08-20 15:31:58,363,363.2,360.4,361,4485
2026-08-20 15:32:59,361,362.6,361,362.6,2405
2026-08-20 15:33:58,362.75,362.9,362.45,362.6,845
2026-08-20 15:34:59,361.35,362.45,361.35,362.35,3250
2026-08-20 15:35:58,361.55,362.25,360.35,360.35,8645
2026-08-20 15:36:59,360.6,361.85,360.5,360.7,1430
2026-08-20 15:37:58,360.85,362.9,360.4,362.9,2665
2026-08-20 15:38:58,362,362.7,360,360,2470
2026-08-20 15:39:59,360,363,360,363,5590
2026-08-21 09:15:59,362.75,373.9,360.5,366,28340
2026-08-21 09:16:58,367.8,368.6,363.3,363.5,9620
2026-08-21 09:17:59,362.7,365.35,361.2,365.35,7475
2026-08-21 09:18:58,364.25,365.05,359.7,359.85,10270
2026-08-21 09:19:58,360,360,355.7,356,12220
2026-08-21 09:20:58,357.65,357.65,351.15,352.2,20280
2026-08-21 09:21:58,349.9,351.45,346.4,350.25,34905
2026-08-21 09:22:59,351.4,351.4,347.55,348.65,19695
2026-08-21 09:23:59,347.8,349.65,347.5,349.65,10530
2026-08-21 09:24:59,350.95,350.95,347.6,349.4,7150
2026-08-21 09:25:59,349.25,349.25,346,346.5,7215
2026-08-21 09:26:59,347.7,348.5,346.15,346.15,12155
2026-08-21 09:27:59,345.6,346.5,343.75,345.45,6695
2026-08-21 09:28:59,346.7,348.75,346,348.5,2275
2026-08-21 09:29:59,349,352.45,348.8,350.7,2860
2026-08-21 09:30:59,348.5,348.5,344.35,344.9,2535
2026-08-21 09:31:59,344.85,347.35,343.95,346,4420
2026-08-21 09:32:58,344.55,347.25,342.35,342.35,10010
2026-08-21 09:33:58,344.2,346.2,342.45,343.2,8905
2026-08-21 09:34:59,342.95,342.95,338.35,341.05,9620
2026-08-21 09:35:59,340.2,342,339.3,342,3640
2026-08-21 09:36:58,342.95,344.4,341,342.45,7280
2026-08-21 09:37:59,342.15,344.5,342.15,344.4,4225
2026-08-21 09:38:59,344.6,344.6,342.4,343.5,390
2026-08-21 09:39:59,342.95,344.5,342.95,344.35,2925
2026-08-21 09:40:59,344.5,344.95,343.8,344.9,4030
2026-08-21 09:41:58,344.75,349.8,344.75,349.8,7995
2026-08-21 09:42:59,350,353.35,349.8,352.2,12545
2026-08-21 09:43:59,350.55,353.45,350.25,352.05,2990
2026-08-21 09:44:58,352.5,353.9,352.5,353.9,780
2026-08-21 09:45:59,353.9,355,353.9,354.45,1950
2026-08-21 09:46:58,354.7,356,351.55,351.55,3575
2026-08-21 09:47:59,352.2,353.5,351,352.6,3965
2026-08-21 09:48:58,351.75,354.8,351.75,354.8,2730
2026-08-21 09:49:59,353.6,355.25,353.6,355,4875
2026-08-21 09:50:58,355,355,354.5,354.5,520
2026-08-21 09:51:58,354.4,356.75,354.4,356.75,2860
2026-08-21 09:52:59,356.25,356.85,354.75,355,1950
2026-08-21 09:53:59,355.05,357.2,355.05,356.95,585
2026-08-21 09:54:58,358.5,360,358.45,359,2210
2026-08-21 09:55:59,355.6,357.15,354.8,355.4,1885
2026-08-21 09:56:58,354,355.6,353.75,355,1755
2026-08-21 09:57:58,354.75,354.75,352.8,354,1625
2026-08-21 09:58:59,354.4,356.25,353.55,356.25,5460
2026-08-21 09:59:59,356.05,357,355.55,357,3510
2026-08-21 10:00:59,357.9,359.25,357.2,357.5,650
2026-08-21 10:01:59,356.95,356.95,355,355.25,1690
2026-08-21 10:02:59,356.7,356.7,354.25,354.25,3120
2026-08-21 10:03:58,354.5,354.5,353,354,2080
2026-08-21 10:04:59,353.75,353.75,353.75,353.75,195
2026-08-21 10:05:59,353.55,354,353,353.45,3835
2026-08-21 10:06:59,353.5,355.4,353.1,354.05,975
2026-08-21 10:07:59,353.35,353.65,353,353.45,455
2026-08-21 10:08:58,353.4,353.4,351.1,351.75,1300
2026-08-21 10:09:59,352.25,352.9,350,350,2405
2026-08-21 10:10:59,350,351.4,350,351.4,650
2026-08-21 10:11:58,352,353.25,352,352.55,780
2026-08-21 10:12:59,355,355.9,353.25,353.25,975
2026-08-21 10:13:58,353.55,355.9,353.5,355.9,975
2026-08-21 10:14:59,355.25,355.85,355,355.85,1560
2026-08-21 10:15:59,355,355,353.05,354.3,325
2026-08-21 10:16:59,354.45,355.45,354.45,354.95,455
2026-08-21 10:17:59,355.6,355.6,355.6,355.6,65
2026-08-21 10:18:58,356,356,355.35,355.35,455
2026-08-21 10:19:58,353.75,353.75,353.15,353.15,520
2026-08-21 10:20:59,353.65,354,353.65,354,195
2026-08-21 10:21:59,353,354.8,352.05,354.8,975
2026-08-21 10:22:59,354.9,357,353.5,357,1495
2026-08-21 10:23:59,357.5,358.8,355.45,358.8,1885
2026-08-21 10:24:58,358.9,359.35,358,358,1625
2026-08-21 10:25:59,358.55,358.6,356.75,356.75,520
2026-08-21 10:26:59,357.1,358.9,357.1,358.9,780
2026-08-21 10:27:59,357.9,358,356.2,356.2,325
2026-08-21 10:28:59,356.3,359.5,356.3,359.5,2145
2026-08-21 10:29:58,359.9,362.9,359.9,362.9,2990
2026-08-21 10:30:59,362.9,364.3,361.25,361.25,975
2026-08-21 10:31:59,361.55,363.45,361.55,361.95,1170
2026-08-21 10:32:59,362.7,362.7,361,361.1,195
2026-08-21 10:33:59,360,361.1,360,361.1,325
2026-08-21 10:34:59,360.75,361.6,360,360,585
2026-08-21 10:35:59,361.6,361.6,360.9,360.9,195
2026-08-21 10:36:58,360.4,360.4,358.4,358.4,260
2026-08-21 10:37:59,358.25,360.1,358.25,360.1,1300
2026-08-21 10:38:58,360.05,360.1,360,360,325
2026-08-21 10:39:59,358.2,358.2,358.1,358.1,130
2026-08-21 10:40:58,359.9,359.9,359.9,359.9,65
2026-08-21 10:41:59,360,361,360,361,325
2026-08-21 10:42:59,362.8,363.45,362.8,363.45,325
2026-08-21 10:43:59,363.6,363.6,361.05,361.05,520
2026-08-21 10:44:59,362,363.55,362,363.55,325
2026-08-21 10:45:58,364.1,368.55,363.05,368.55,6890
2026-08-21 10:46:59,366.45,366.45,363.1,363.1,2340
2026-08-21 10:47:59,361.55,361.55,361.55,361.55,65
2026-08-21 10:48:59,361.45,361.45,359.25,361,1560
2026-08-21 10:49:59,361,362,361,361.55,520
2026-08-21 10:50:59,361.75,361.75,361.75,361.75,65
2026-08-21 10:51:59,363,363,362,363,715
2026-08-21 10:52:59,363,366.6,363,366,520
2026-08-21 10:53:58,366.6,367.3,365.4,367.05,5850
2026-08-21 10:54:59,367.2,367.8,364,364,2730
2026-08-21 10:55:59,367,367,365.75,365.75,455
2026-08-21 10:56:59,365.7,366.6,365,366.6,260
2026-08-21 10:57:59,365,365,363.15,363.15,1105
2026-08-21 10:58:58,362.1,362.15,362,362.15,195
2026-08-21 10:59:59,363.3,365.2,363.3,365.2,650
2026-08-21 11:00:59,365.05,366.4,365,366.25,3965
2026-08-21 11:01:59,366.25,366.85,364.8,364.8,4095
2026-08-21 11:02:59,364.95,365,363.5,363.6,4355
2026-08-21 11:03:58,364,366,363.8,364.95,1885
2026-08-21 11:04:58,365.6,365.85,365.6,365.85,455
2026-08-21 11:05:59,366.1,366.9,365.4,366.5,6825
2026-08-21 11:06:58,367,367.4,366.85,367.35,1560
2026-08-21 11:07:58,366.15,367.4,365.05,367.4,1300
2026-08-21 11:08:59,367.1,367.1,366.85,366.85,650
2026-08-21 11:09:59,366.35,366.35,363,363,585
2026-08-21 11:10:59,363.6,363.6,362.4,362.4,260
2026-08-21 11:11:58,363.1,363.15,361.4,362,3575
2026-08-21 11:12:58,363.3,363.7,362.45,363.7,455
2026-08-21 11:13:58,363.15,363.55,363.15,363.55,130
2026-08-21 11:14:59,364.2,364.2,364.2,364.2,65
2026-08-21 11:15:58,365,365.2,362.15,362.15,8515
2026-08-21 11:16:58,362.6,364,362.15,362.15,975
2026-08-21 11:17:59,362.1,362.55,360.4,360.4,6370
2026-08-21 11:18:59,360.4,361.4,359.4,359.4,5590
2026-08-21 11:19:58,361.25,361.25,361.25,361.25,195
2026-08-21 11:20:58,361.45,361.45,359.45,360.7,9295
2026-08-21 11:21:59,359.45,361.2,359.4,359.5,8320
2026-08-21 11:22:59,359.05,360,359,360,3315
2026-08-21 11:23:59,360.2,362,360.2,360.8,1885
2026-08-21 11:24:59,360.95,361.5,360.85,361,910
2026-08-21 11:25:59,363.1,363.45,363.1,363.45,390
2026-08-21 11:26:59,362.05,362.95,362.05,362.95,260
2026-08-21 11:29:58,363.4,363.45,361.8,361.8,325
2026-08-21 11:30:59,364,367.1,364,367.1,5460
2026-08-21 11:32:58,362.9,364.15,362.9,364.15,195
2026-08-21 11:33:59,364.75,364.75,364.75,364.75,65
2026-08-21 11:34:59,364.75,365.4,363,363,8060
2026-08-21 11:35:59,363.8,363.8,363.8,363.8,65
2026-08-21 11:36:59,363.3,363.3,362.5,362.5,325
2026-08-21 11:37:58,361.25,362.9,361.25,362.9,2210
2026-08-21 11:38:59,361.25,361.25,361,361,130
2026-08-21 11:39:58,360.7,361.25,360.3,361.2,1430
2026-08-21 11:40:59,359.7,359.7,358.75,358.75,1365
2026-08-21 11:41:59,359.65,359.75,358.2,359.75,1300
2026-08-21 11:42:59,357.7,357.7,357.15,357.15,130
2026-08-21 11:43:59,358.5,358.5,357,357.3,10985
2026-08-21 11:44:59,357.25,357.25,356.4,356.95,1625
2026-08-21 11:46:59,357,357.6,356.55,356.55,1235
2026-08-21 11:47:59,357.55,359.4,357.55,359.4,455
2026-08-21 11:48:59,360,360,360,360,260
2026-08-21 11:49:59,360.3,360.65,360.3,360.65,195
2026-08-21 11:50:59,361.8,361.8,361.8,361.8,130
2026-08-21 11:51:59,361.95,361.95,361.95,361.95,65
2026-08-21 11:52:58,359.2,359.2,358.3,358.3,455
2026-08-21 11:53:59,358.3,358.3,357.9,357.9,130
2026-08-21 11:54:58,356.55,356.8,355,355,3445
2026-08-21 11:55:59,354.25,355.25,353.15,353.6,2665
2026-08-21 11:56:59,355,355.7,354.35,354.35,2405
2026-08-21 11:57:59,355.85,355.85,354,354,1365
2026-08-21 11:58:58,354.5,355,354,355,390
2026-08-21 11:59:59,355.1,355.35,355.1,355.35,975
2026-08-21 12:00:59,354.7,354.7,354.7,354.7,195
2026-08-21 12:01:58,356.4,356.75,356.25,356.25,715
2026-08-21 12:02:59,356.85,357.25,356.85,357,910
2026-08-21 12:03:59,355,355,355,355,65
2026-08-21 12:04:58,354.05,354.85,354.05,354.85,325
2026-08-21 12:05:59,354.2,355.9,354.2,355.9,910
2026-08-21 12:06:59,355.3,355.3,355,355,260
2026-08-21 12:07:58,354.25,354.25,353.05,353.05,780
2026-08-21 12:08:59,352.8,352.8,351.95,352.45,845
2026-08-21 12:10:58,353,353.15,353,353,520
2026-08-21 12:11:58,354,355.25,353.4,354.9,2210
2026-08-21 12:12:59,354.8,354.8,354.8,354.8,325
2026-08-21 12:14:59,354.3,354.3,352,353,1885
2026-08-21 12:16:59,352,352,351,351.05,780
2026-08-21 12:17:59,351,352.35,351,352.35,520
2026-08-21 12:18:59,352.55,354.6,352.55,354.6,1690
2026-08-21 12:19:58,356.25,356.25,356.25,356.25,260
2026-08-21 12:20:59,356.25,356.25,356.25,356.25,650
2026-08-21 12:21:58,354.75,355.95,354.75,355.95,650
2026-08-21 12:22:58,355.05,355.4,355.05,355.4,455
2026-08-21 12:23:58,354.4,355.3,354.4,355.3,130
2026-08-21 12:24:59,355.95,355.95,355.85,355.85,260
2026-08-21 12:25:59,355,355,354.35,354.7,585
2026-08-21 12:26:59,355.4,356.75,355.4,356.75,3380
2026-08-21 12:27:58,356.75,357,356.5,356.5,455
2026-08-21 12:28:59,355,355,355,355,130
2026-08-21 12:29:59,355.55,355.55,354.15,354.15,260
2026-08-21 12:30:58,354.35,355.1,354.35,355.1,910
2026-08-21 12:31:59,353.4,357,353.4,357,1430
2026-08-21 12:32:58,356.4,357.8,356.35,357.45,1950
2026-08-21 12:33:59,356,357.75,355.9,357.75,1235
2026-08-21 12:35:59,357.3,357.3,356.2,357.2,195
2026-08-21 12:36:58,358,358,358,358,455
2026-08-21 12:37:58,357.65,357.65,357.65,357.65,130
2026-08-21 12:39:58,356,356,355,355,715
2026-08-21 12:40:58,353.95,353.95,352,352.15,975
2026-08-21 12:41:58,352.15,353,352,352,1235
2026-08-21 12:42:58,352,352.2,351.45,351.45,2990
2026-08-21 12:43:59,351.6,351.85,350.25,350.55,2210
2026-08-21 12:44:59,352.65,353.1,352.5,353,3575
2026-08-21 12:45:59,354,354.55,354,354.15,650
2026-08-21 12:46:58,354.45,354.95,352,352,585
2026-08-21 12:47:59,352.75,352.95,352.6,352.95,1105
2026-08-21 12:48:58,352.7,352.7,352.65,352.65,130
2026-08-21 12:49:58,352.85,352.85,352.85,352.85,65
2026-08-21 12:50:59,352.4,354.1,352.4,354.1,130
2026-08-21 12:51:59,353.2,353.2,352.9,353.2,715
2026-08-21 12:52:59,353.6,353.6,353.6,353.6,65
2026-08-21 12:53:59,352.3,352.3,352.3,352.3,130
2026-08-21 12:54:59,352.75,352.75,352.75,352.75,65
2026-08-21 12:55:59,351.9,353.45,351.9,353.45,1690
2026-08-21 12:56:58,353.5,353.7,351.55,351.55,1170
2026-08-21 12:57:59,352.15,352.2,351,351.15,1625
2026-08-21 12:58:59,351.35,351.4,350.4,351.4,715
2026-08-21 12:59:59,351.8,351.9,351.2,351.2,650
2026-08-21 13:00:59,351.2,352.15,351.2,352.15,715
2026-08-21 13:01:59,352.05,354.15,352.05,353.6,260
2026-08-21 13:02:58,353.75,353.8,353.4,353.8,195
2026-08-21 13:03:59,354,354.4,353.5,354.4,910
2026-08-21 13:04:59,354.5,355.25,354.4,355.25,455
2026-08-21 13:05:58,354.9,354.95,354.9,354.95,520
2026-08-21 13:06:58,356.05,358,356.05,358,845
2026-08-21 13:07:58,357.3,359.6,357.3,359.6,455
2026-08-21 13:08:58,358.15,360.25,358.15,360.25,975
2026-08-21 13:09:58,359.9,359.9,359.2,359.85,1560
2026-08-21 13:10:59,360,360.25,357.45,357.45,2730
2026-08-21 13:11:59,359.75,360.65,359.2,359.2,3445
2026-08-21 13:12:59,358.85,359.4,358.85,358.95,325
2026-08-21 13:13:58,360.2,360.2,357.8,357.8,1170
2026-08-21 13:14:58,357.8,357.8,356.5,356.5,1105
2026-08-21 13:15:58,357.85,357.85,356,356,455
2026-08-21 13:16:58,356.55,356.55,355.05,355.05,260
2026-08-21 13:17:59,355.5,356.7,355.5,356.2,1170
2026-08-21 13:18:58,357.1,357.1,357.1,357.1,65
2026-08-21 13:19:58,357.65,357.65,357.45,357.45,975
2026-08-21 13:20:58,356.85,356.85,354.85,354.85,455
2026-08-21 13:21:59,354.5,354.5,354,354,130
2026-08-21 13:22:59,352.5,353.15,351.5,351.5,325
2026-08-21 13:23:59,351.65,351.65,351,351,2535
2026-08-21 13:24:59,351.1,352,351.1,352,325
2026-08-21 13:26:59,352.2,353,352.2,353,520
2026-08-21 13:27:59,352.3,353.75,352.1,353.25,975
2026-08-21 13:28:58,353.4,354.25,353.4,354.25,130
2026-08-21 13:29:59,355,356.1,355,356.1,650
2026-08-21 13:30:59,356,356,355.7,355.7,325
2026-08-21 13:31:58,355.15,355.15,355.15,355.15,65
2026-08-21 13:32:59,354.9,354.9,352.45,352.45,780
2026-08-21 13:33:59,352.8,352.85,352.8,352.85,195
2026-08-21 13:34:59,353,354.3,353,354.3,325
2026-08-21 13:35:59,353,353,353,353,130
2026-08-21 13:36:59,351.5,351.5,348,348,1560
2026-08-21 13:37:58,348.75,349,348.75,349,260
2026-08-21 13:38:59,349.4,349.7,349.4,349.7,195
2026-08-21 13:40:59,351.9,351.9,351.45,351.45,325
2026-08-21 13:41:59,349.7,350.15,349.2,349.2,2145
2026-08-21 13:42:59,349.2,350.7,349.2,350.7,260
2026-08-21 13:43:58,351,351.5,351,351.5,845
2026-08-21 13:44:59,351.45,351.7,350.6,351.25,5590
2026-08-21 13:45:59,350.75,350.75,349.6,349.6,325
2026-08-21 13:46:58,350.25,350.25,350.25,350.25,130
2026-08-21 13:47:59,351,352.4,351,352.4,2470
2026-08-21 13:48:59,350.65,350.9,350.05,350.2,650
2026-08-21 13:49:59,350.75,350.75,349.65,350.25,3055
2026-08-21 13:50:59,349.45,350.25,349.1,349.3,2470
2026-08-21 13:51:59,349.75,349.75,348.05,349.3,5590
2026-08-21 13:52:59,350.5,350.5,347.6,347.6,1755
2026-08-21 13:53:59,351.35,351.45,350.7,351.45,585
2026-08-21 13:54:58,350.3,351.95,350.3,351.95,1105
2026-08-21 13:55:58,350.9,354,350.9,354,3900
2026-08-21 13:56:58,354.35,354.45,353.25,354.05,2210
2026-08-21 13:57:59,356.1,356.1,356.1,356.1,195
2026-08-21 13:58:59,356.05,356.05,355.75,355.75,130
2026-08-21 13:59:58,353.8,353.8,353.3,353.75,325
2026-08-21 14:00:58,353.3,353.4,353,353,520
2026-08-21 14:01:59,352.8,352.8,352.8,352.8,325
2026-08-21 14:02:59,352.65,352.65,351.45,351.45,325
2026-08-21 14:03:58,350,350,350,350,65
2026-08-21 14:04:59,350.3,350.3,350.3,350.3,130
2026-08-21 14:05:59,350.8,350.8,350,350,390
2026-08-21 14:06:58,349.8,350.2,349.8,349.85,455
2026-08-21 14:07:58,349.45,350.6,349.45,350,2275
2026-08-21 14:08:59,349.85,350.6,349.85,350.35,455
2026-08-21 14:09:59,350.35,350.35,348.3,349.1,5850
2026-08-21 14:10:58,349,350,349,349.75,650
2026-08-21 14:11:58,349.7,350,349.45,350,325
2026-08-21 14:12:58,350,350.7,350,350.2,585
2026-08-21 14:13:59,350.3,351.3,350.3,351.3,260
2026-08-21 14:14:59,350.7,350.7,350.55,350.55,780
2026-08-21 14:15:58,351.5,351.5,350.5,350.85,455
2026-08-21 14:16:59,351.65,351.9,351.65,351.9,520
2026-08-21 14:17:58,353.1,353.25,352.4,352.8,1820
2026-08-21 14:18:59,353.25,353.25,353.25,353.25,195
2026-08-21 14:19:58,352.8,352.8,352.8,352.8,195
2026-08-21 14:20:59,352.55,352.55,352.55,352.55,130
2026-08-21 14:21:58,354,354.65,353.8,354.65,845
2026-08-21 14:22:59,355,355.8,354.2,355.8,260
2026-08-21 14:23:58,354,354,354,354,65
2026-08-21 14:24:58,354,354.95,353.35,354.95,520
2026-08-21 14:25:58,354.3,354.3,353.25,353.65,780
2026-08-21 14:26:59,355,355,354.7,354.7,390
2026-08-21 14:27:59,355.1,355.8,355.1,355.8,1105
2026-08-21 14:28:58,355.9,357.05,355.9,357.05,1300
2026-08-21 14:29:59,357.8,359.7,357.8,359.7,1755
2026-08-21 14:30:58,360,361.7,360,361,2340
2026-08-21 14:31:58,361.4,361.4,360.25,360.35,1105
2026-08-21 14:32:59,360.45,360.45,358.9,359,520
2026-08-21 14:33:59,359.05,359.05,358.5,358.6,650
2026-08-21 14:34:59,358.4,358.4,356.15,356.15,585
2026-08-21 14:35:59,356.15,356.15,355.65,356.1,1365
2026-08-21 14:36:59,356.45,358.15,356.45,358.15,2860
2026-08-21 14:37:59,356.55,358.1,356.55,357,1950
2026-08-21 14:38:59,358.25,358.25,356.65,357.6,3640
2026-08-21 14:39:59,357.75,357.75,357.75,357.75,1690
2026-08-21 14:40:59,357.3,357.3,356.3,357.3,1690
2026-08-21 14:41:59,356.3,357.2,356.3,357.2,195
2026-08-21 14:42:59,356.75,357.45,356.65,357,1885
2026-08-21 14:43:59,356.3,356.3,356.3,356.3,195
2026-08-21 14:44:59,356.45,357.85,356.45,357.85,585
2026-08-21 14:45:58,357,358.9,357,358.5,2990
2026-08-21 14:46:59,358.6,360.45,358.55,360,4810
2026-08-21 14:47:58,360.25,360.95,359.9,360.95,1105
2026-08-21 14:48:59,360.4,361.5,360.4,360.5,975
2026-08-21 14:49:58,359.7,359.7,358.15,358.95,2665
2026-08-21 14:50:58,358.5,360.35,358.5,359.05,5460
2026-08-21 14:51:58,359.45,360.4,359,359,3185
2026-08-21 14:52:59,358.9,359.95,358.1,358.65,4875
2026-08-21 14:53:59,358.35,358.6,357.95,358.6,1105
2026-08-21 14:54:59,358.55,359.5,358.25,359.5,390
2026-08-21 14:55:58,358.3,359,358.3,359,195
2026-08-21 14:56:58,358,358,358,358,130
2026-08-21 14:57:59,357.5,358,357.05,357.8,1950
2026-08-21 14:58:59,358,358,357.35,357.35,3250
2026-08-21 14:59:58,356.5,357.2,356.3,357.15,260
2026-08-21 15:00:59,357.2,357.9,356.45,356.45,3900
2026-08-21 15:01:59,357.15,357.65,356.3,357.05,2925
2026-08-21 15:02:58,357.2,360.3,357.15,358.8,3835
2026-08-21 15:03:59,358,358,356.3,356.75,2795
2026-08-21 15:04:59,356.75,357.8,356.55,357.5,2730
2026-08-21 15:05:59,356.3,357,356.05,357,910
2026-08-21 15:06:58,357,358.5,356.5,358.5,2730
2026-08-21 15:07:59,359.3,359.55,358.25,358.85,2535
2026-08-21 15:08:59,359.2,360.55,359.2,359.95,3640
2026-08-21 15:09:58,359.2,359.95,358.25,358.55,4810
2026-08-21 15:10:58,357.85,359.7,357.25,358.05,5525
2026-08-21 15:11:59,358.65,359,357.5,359,1365
2026-08-21 15:12:58,359.55,359.55,357.75,359.05,4940
2026-08-21 15:13:58,359,360.15,357.05,357.1,19695
2026-08-21 15:14:58,358,359.75,357.1,359.7,33605
2026-08-21 15:15:59,359.8,360.75,358.15,358.15,19175
2026-08-21 15:16:59,359.95,359.95,357.65,359,3510
2026-08-21 15:17:59,358.65,358.7,357.25,357.3,1040
2026-08-21 15:18:59,357.9,357.9,357,357,780
2026-08-21 15:19:58,357.8,357.8,356.75,356.75,1300
2026-08-21 15:20:58,356.75,358.4,356.05,358.4,5915
2026-08-21 15:21:59,358.25,358.25,356.15,356.15,3315
2026-08-21 15:22:58,356.95,356.95,353.8,355.7,7865
2026-08-21 15:23:59,356,356.4,355.15,355.45,1495
2026-08-21 15:24:58,356.7,356.7,354.8,356.55,975
2026-08-21 15:25:59,355.35,356,355.35,355.95,1365
2026-08-21 15:26:58,356,357.75,354.85,356.8,6435
2026-08-21 15:27:59,356.85,356.85,354.25,354.25,3120
2026-08-21 15:28:59,355.65,355.7,354.2,354.45,1625
2026-08-21 15:29:59,355,357.05,355,357.05,1430
2026-08-21 15:30:58,357,357,356.05,357,1040
2026-08-21 15:31:58,356.5,357.05,356.5,357.05,1300
2026-08-21 15:32:59,357,357.4,356.5,357.35,1430
2026-08-21 15:33:59,356.5,357.25,356.5,356.5,2990
2026-08-21 15:34:59,356.5,357,356.5,356.5,2080
2026-08-21 15:35:58,356.5,357.8,356.1,357.8,3575
2026-08-21 15:36:59,356.35,357.15,356.35,356.4,1430
2026-08-21 15:37:58,355.3,355.6,355.25,355.45,1170
2026-08-21 15:38:59,355.45,356,354.25,355,2015
2026-08-21 15:39:59,354.6,356.65,352.1,352.55,13000
2026-08-24 09:15:59,375,378.7,370,377.05,20085
2026-08-24 09:16:59,374.25,377.25,373.4,374.35,14755
2026-08-24 09:17:59,374.1,377.65,374.1,376.8,10010
2026-08-24 09:18:58,377,378,376,376,5135
2026-08-24 09:19:58,375.7,376,373.5,374.1,15275
2026-08-24 09:20:58,374.25,377.7,374.25,376.8,6825
2026-08-24 09:21:58,377.5,377.7,375.8,376.25,10855
2026-08-24 09:22:59,376,376.8,374,376.7,6240
2026-08-24 09:23:58,376.8,378.45,376.35,376.35,5070
2026-08-24 09:24:58,377.4,377.95,375.75,376.55,5200
2026-08-24 09:25:59,377.7,377.7,376,376.35,3380
2026-08-24 09:26:59,377.05,377.5,376.15,377.5,3445
2026-08-24 09:27:59,377.4,377.4,374.15,374.15,5330
2026-08-24 09:28:59,374,374,370,370.05,10075
2026-08-24 09:29:58,370.8,372,370,371.2,6825
2026-08-24 09:30:59,371,371,367.05,369.15,11440
2026-08-24 09:31:59,369.95,370,365.4,365.55,2860
2026-08-24 09:32:59,365.25,365.25,363.5,365,11115
2026-08-24 09:33:59,364.2,364.9,362.65,363.9,8775
2026-08-24 09:34:58,364.65,366,364.65,365.25,4615
2026-08-24 09:35:59,364.75,364.75,362.1,363.2,8190
2026-08-24 09:36:59,362.5,363.85,361.95,362.05,5005
2026-08-24 09:37:59,362.05,365.9,362,365.9,3835
2026-08-24 09:38:59,367.05,367.45,365.95,367.15,845
2026-08-24 09:39:59,367.3,367.3,365.25,365.25,3965
2026-08-24 09:40:59,366.55,367.2,365.1,365.1,6565
2026-08-24 09:41:58,366,366,363.6,363.6,5005
2026-08-24 09:42:58,362.55,364.15,362,363.6,5460
2026-08-24 09:43:58,363,365.05,363,364.6,1820
2026-08-24 09:44:58,363.3,365.85,363.3,365.3,1040
2026-08-24 09:45:59,365.4,366,364.25,364.4,1885
2026-08-24 09:46:59,364.35,365.25,362.45,362.45,4485
2026-08-24 09:47:59,363.5,364.85,363.5,364.85,1625
2026-08-24 09:48:59,363.9,364.65,363.1,364.65,3185
2026-08-24 09:49:58,363.9,364.7,362.8,363.95,2145
2026-08-24 09:50:58,364,364.45,363.3,363.3,1170
2026-08-24 09:51:59,363,364,362.85,363.5,2730
2026-08-24 09:52:59,362.9,362.9,362.3,362.3,2145
2026-08-24 09:53:58,362.3,364,362.3,363.3,2665
2026-08-24 09:54:58,363.5,363.5,360.45,362,8450
2026-08-24 09:55:58,360.8,362,360,362,7540
2026-08-24 09:56:59,361.9,364,361.9,364,520
2026-08-24 09:57:58,363.75,364.95,363.4,364.95,1105
2026-08-24 09:58:59,363.8,363.8,360.5,360.5,1105
2026-08-24 09:59:59,360.3,361,359.3,360.7,2275
2026-08-24 10:00:58,361.85,361.85,360.3,360.3,1040
2026-08-24 10:01:58,360.75,361,360,361,21775
2026-08-24 10:02:59,361.5,362.8,361.5,362,3575
2026-08-24 10:03:58,362,363,360.75,360.75,21450
2026-08-24 10:04:58,360.7,361,360.45,361,1430
2026-08-24 10:05:59,361.35,363.1,361.35,363,2340
2026-08-24 10:06:58,362.25,362.8,361.35,362.25,1560
2026-08-24 10:07:59,361.9,361.9,360.4,360.65,3250
2026-08-24 10:08:59,361.25,362.2,360.75,360.75,1560
2026-08-24 10:09:58,360.8,362.3,360.8,361.5,780
2026-08-24 10:10:58,361.5,362.75,361.5,361.8,1170
2026-08-24 10:11:59,362.35,362.75,361.5,362.75,2340
2026-08-24 10:12:59,362.9,362.9,361.5,361.55,1560
2026-08-24 10:13:58,361.5,362.25,361,361.55,1495
2026-08-24 10:14:59,361.95,362.95,361.85,361.9,715
2026-08-24 10:15:59,362.05,362.7,361.5,362.7,1300
2026-08-24 10:16:58,362.85,364.9,362.85,363.6,1365
2026-08-24 10:17:59,363.65,364.75,363.55,364.15,2340
2026-08-24 10:18:58,364.5,364.5,364.5,364.5,130
2026-08-24 10:19:59,364.9,366,364.9,366,1560
2026-08-24 10:20:58,365.2,365.25,365,365,715
2026-08-24 10:21:59,365,366,365,365.35,650
2026-08-24 10:22:59,364.7,365.8,363.9,363.9,3835
2026-08-24 10:23:58,364.45,364.45,363.2,364.35,520
2026-08-24 10:24:58,363.3,365.35,363.3,363.75,2860
2026-08-24 10:25:59,364.5,364.5,363,363.5,1885
2026-08-24 10:26:58,362.1,364,362.1,363.8,1365
2026-08-24 10:27:59,363.3,364.1,363.25,363.25,1560
2026-08-24 10:28:58,364.45,364.45,362.85,363.05,2015
2026-08-24 10:29:58,362.4,362.4,362.4,362.4,65
2026-08-24 10:30:58,363.55,364.85,363.55,364.85,520
2026-08-24 10:31:58,364.15,364.7,363,363,1625
2026-08-24 10:32:58,362.5,362.5,361.4,361.85,2730
2026-08-24 10:33:59,362.45,363.25,362.3,362.75,1625
2026-08-24 10:34:58,363.7,364,363.55,364,780
2026-08-24 10:35:59,364,364.05,363.2,363.2,1300
2026-08-24 10:36:58,364,364.5,364,364.5,130
2026-08-24 10:37:59,364.5,366.8,364.5,365.2,7410
2026-08-24 10:38:59,366.9,366.9,365.75,365.75,1885
2026-08-24 10:39:59,365.55,366.4,364.8,364.8,1950
2026-08-24 10:40:59,364.5,364.7,363.95,363.95,780
2026-08-24 10:41:58,363.25,364.7,363.25,364.55,1625
2026-08-24 10:42:59,363.6,364.95,363.5,363.5,520
2026-08-24 10:43:59,364.35,364.7,363.5,364.2,715
2026-08-24 10:44:59,363.65,365.15,363.65,365.15,2470
2026-08-24 10:45:59,365.2,365.2,364.2,364.55,1755
2026-08-24 10:46:59,364.1,364.1,362.75,363.95,1625
2026-08-24 10:47:59,363.75,363.75,362.15,363.2,2145
2026-08-24 10:48:58,363.65,363.8,363.6,363.6,520
2026-08-24 10:49:59,363.3,363.3,360.45,360.8,2860
2026-08-24 10:50:59,360.65,361,360,360.45,2925
2026-08-24 10:51:58,360.25,360.25,357.15,357.95,10270
2026-08-24 10:52:59,357.1,357.1,355,355.95,6305
2026-08-24 10:53:59,355.3,358.45,355.3,358.1,5590
2026-08-24 10:54:59,358.65,359.7,358.35,359.2,2275
2026-08-24 10:55:58,359.3,360.1,358.3,359.1,5005
2026-08-24 10:56:58,359.1,359.15,357.05,357.05,3380
2026-08-24 10:57:58,357.1,357.7,356.55,357.05,1560
2026-08-24 10:58:59,356.2,356.2,354.65,354.65,2015
2026-08-24 10:59:59,354.25,355.35,342.85,343,10920
2026-08-24 11:00:59,343,349.25,342.8,348.2,2340
2026-08-24 11:01:59,349,350.15,346.05,347.5,9945
2026-08-24 11:02:59,346.55,347.8,344.05,344.05,4290
2026-08-24 11:03:58,344.3,344.3,333.6,335.25,7475
2026-08-24 11:04:59,335.45,336.95,334.35,335.5,7475
2026-08-24 11:05:58,335.5,336.45,329.15,329.6,14755
2026-08-24 11:06:58,330.95,333.9,329,333.9,14495
2026-08-24 11:07:59,332.9,335.2,331.65,331.65,6565
2026-08-24 11:08:58,331.45,332.5,331.15,331.35,4355
2026-08-24 11:09:58,333.1,333.1,329.8,329.8,8190
2026-08-24 11:10:58,331.1,331.1,329,329.5,3900
2026-08-24 11:11:58,330,330,328.25,328.55,4615
2026-08-24 11:12:58,329.25,329.25,324.2,326.45,14950
2026-08-24 11:13:58,326,326.5,323,324.25,19500
2026-08-24 11:14:58,325.45,326.8,323.05,324.55,10855
2026-08-24 11:15:58,323.95,326.15,322.25,326.15,3965
2026-08-24 11:16:58,326,326.65,325.1,325.2,5590
2026-08-24 11:17:59,326,326.35,324,324.35,5265
2026-08-24 11:18:58,324.7,327.5,324.7,326.35,2210
2026-08-24 11:19:59,326.35,326.65,324.45,325.95,6825
2026-08-24 11:20:58,326,326.85,324.7,324.7,3120
2026-08-24 11:21:59,324.7,324.95,323.7,324.95,4290
2026-08-24 11:22:59,324.95,324.95,321.1,321.15,5200
2026-08-24 11:23:59,321.95,322,317.4,319.5,16510
2026-08-24 11:24:58,319.1,321.4,318.45,321,3965
2026-08-24 11:25:59,320.2,321.05,319,319,9035
2026-08-24 11:26:58,320,320,317.9,317.9,5070
2026-08-24 11:27:58,319,320.65,319,320.4,2470
2026-08-24 11:28:58,319.75,320.4,319.05,319.6,2730
2026-08-24 11:29:58,319.75,320.4,319.3,320,3055
2026-08-24 11:30:58,318.75,319.6,312.95,313.85,20410
2026-08-24 11:31:58,313.5,313.5,307.35,308.95,18005
2026-08-24 11:32:59,310,311.85,306.9,308.05,10400
2026-08-24 11:33:59,308,309.5,307.05,307.8,8190
2026-08-24 11:34:59,307.9,309.2,306.6,309,10920
2026-08-24 11:35:59,308.55,308.75,306.6,306.6,5265
2026-08-24 11:36:59,306.8,308,306,307.3,13845
2026-08-24 11:37:59,307.3,308.65,306.55,308.25,2340
2026-08-24 11:38:59,307.8,309.35,307.8,308.9,2860
2026-08-24 11:39:58,308.25,310.6,308.25,310.5,1560
2026-08-24 11:40:59,310,310.8,309.65,310.55,5460
2026-08-24 11:41:58,310.8,311.75,310.2,310.2,7215
2026-08-24 11:42:58,310.25,312.5,310.25,312.05,6890
2026-08-24 11:43:59,311.5,312,311,311,1105
2026-08-24 11:44:59,310.1,310.25,309.3,309.3,3250
2026-08-24 11:45:59,309.95,312.7,309.95,311.4,12285
2026-08-24 11:46:59,311.95,314,311.95,313.75,14495
2026-08-24 11:47:58,313.05,314.25,311.55,311.8,14430
2026-08-24 11:48:59,311.75,313.2,311.5,312.8,10140
2026-08-24 11:49:58,313.25,314.95,312.45,314.6,8775
2026-08-24 11:50:59,314,314.6,312.3,313.45,13975
2026-08-24 11:51:58,313.35,313.35,311.95,312.05,7280
2026-08-24 11:52:59,311.5,312.8,311.5,312.25,1950
2026-08-24 11:53:59,312.5,312.6,311.65,311.8,1365
2026-08-24 11:54:59,311.8,311.85,310.1,311.25,585
2026-08-24 11:55:59,311.4,312.6,310.55,311.75,8775
2026-08-24 11:56:59,311.8,311.9,308.8,309.7,22425
2026-08-24 11:57:59,308.75,310.2,308.4,308.7,31395
2026-08-24 11:58:58,309,309.95,307.95,309.95,3510
2026-08-24 11:59:58,310.35,310.35,308.8,308.8,845
2026-08-24 12:00:59,308.8,310,308.35,310,2405
2026-08-24 12:01:58,310.6,312.15,310.15,311,7930
2026-08-24 12:02:58,311.4,311.7,310.65,310.85,2015
2026-08-24 12:03:58,311.1,313.4,310.1,313.2,4030
2026-08-24 12:04:59,313.9,313.9,312.75,312.8,2860
2026-08-24 12:05:58,312.8,312.8,311.4,312.25,585
2026-08-24 12:06:59,312.8,312.8,311.9,312.15,780
2026-08-24 12:07:59,312.1,314.2,312.1,314.2,780
2026-08-24 12:08:58,314.5,314.5,313.75,313.75,455
2026-08-24 12:09:59,315,316.05,313.95,316.05,2795
2026-08-24 12:10:58,315.65,316.6,314.8,316.6,3380
2026-08-24 12:11:58,315.5,316.1,314.8,315,1365
2026-08-24 12:12:58,315,315,314.05,315,2080
2026-08-24 12:13:59,315.15,315.15,313.8,314,2405
2026-08-24 12:14:58,314,314.95,313.8,314.7,20605
2026-08-24 12:15:58,314.8,314.95,313.4,314.45,13715
2026-08-24 12:16:59,314.1,314.45,313,313,5330
2026-08-24 12:17:58,312.95,314.3,312.4,314,11830
2026-08-24 12:18:58,314.25,314.25,313.5,313.95,1820
2026-08-24 12:19:59,313.7,314.1,313.35,313.7,845
2026-08-24 12:20:59,314.5,315.4,314.5,315.3,845
2026-08-24 12:21:59,315.65,315.7,315.05,315.7,975
2026-08-24 12:22:58,315.7,317,314.3,315.25,11765
2026-08-24 12:23:59,314.95,315.55,313.85,315.15,17550
2026-08-24 12:24:59,314.7,315.4,313.95,314.8,8775
2026-08-24 12:25:59,314,316.3,313.85,316.3,11245
2026-08-24 12:26:58,316.2,316.95,315.4,316.15,10985
2026-08-24 12:27:59,315.8,316.85,315.6,316.75,6695
2026-08-24 12:28:59,316,316.1,313.5,314.25,5330
2026-08-24 12:29:59,314.05,314.05,312.1,312.65,7085
2026-08-24 12:30:58,312.45,315.5,312.45,314.45,14560
2026-08-24 12:31:59,314.35,314.35,313,313.55,4290
2026-08-24 12:32:59,313.4,314.35,312.25,312.25,9555
2026-08-24 12:33:59,312.7,312.8,312.45,312.8,325
2026-08-24 12:34:59,312.6,313.45,312.4,312.6,1430
2026-08-24 12:35:59,313.35,315.1,313.35,315.1,1235
2026-08-24 12:36:58,315.25,316,314.75,314.75,3705
2026-08-24 12:37:59,315.65,316.4,314.5,314.7,2600
2026-08-24 12:38:59,314.7,314.95,312.65,312.65,2145
2026-08-24 12:39:59,312.6,312.6,311.4,311.55,4160
2026-08-24 12:40:59,311.75,311.85,310.6,311.4,4355
2026-08-24 12:41:59,311.2,312.45,310.35,312.45,14950
2026-08-24 12:42:58,312.55,312.7,310.65,310.65,5070
2026-08-24 12:43:59,311.25,311.95,310.15,311.95,6240
2026-08-24 12:44:58,312,312.85,311,311.85,3185
2026-08-24 12:45:58,311.35,312.55,311.35,312.55,845
2026-08-24 12:46:58,312.25,312.85,312.25,312.85,1560
2026-08-24 12:47:59,311.6,312.3,311.15,311.9,1885
2026-08-24 12:48:58,311.15,311.55,310.4,311.35,13000
2026-08-24 12:49:59,311.45,313.7,311.45,313,6890
2026-08-24 12:50:59,313,313,310.4,311.85,8840
2026-08-24 12:51:58,311.95,312.35,310.9,312.3,5200
2026-08-24 12:52:58,312.3,312.3,310.35,310.35,1170
2026-08-24 12:53:59,311.3,311.5,310,310.5,8385
2026-08-24 12:54:59,309.05,311.35,309.05,311.35,5265
2026-08-24 12:55:59,311.65,313.5,311.65,313.5,1170
2026-08-24 12:56:59,313.5,314,312,312.6,2535
2026-08-24 12:57:58,312.6,312.9,312,312,585
2026-08-24 12:58:58,311.2,312.15,310.6,312,3250
2026-08-24 12:59:58,311.6,311.6,310.25,310.4,650
2026-08-24 13:00:59,310.05,310.05,307.3,309.45,845
2026-08-24 13:01:59,309.4,311.7,309.4,311.7,2925
2026-08-24 13:02:59,309.95,310.1,308,309.05,1755
2026-08-24 13:03:59,310.2,310.2,304.5,305,5460
2026-08-24 13:04:59,304.4,307,304.35,306.4,2535
2026-08-24 13:05:59,307.65,307.65,302,302,4160
2026-08-24 13:06:58,303,303.2,301,302.25,4290
2026-08-24 13:07:58,302.3,303.5,301,301.9,2535
2026-08-24 13:08:59,302.7,304,302.7,303.9,3445
2026-08-24 13:09:58,303.85,304.7,303.05,303.05,1885
2026-08-24 13:10:59,302.75,304,302.7,303.45,2470
2026-08-24 13:11:59,303,303,302,302.35,1105
2026-08-24 13:12:59,302,303.5,301.65,303.5,6695
2026-08-24 13:13:58,303.1,303.85,303.1,303.8,1430
2026-08-24 13:14:59,303,305.1,303,305.05,1430
2026-08-24 13:15:59,305.1,305.1,303.05,303.05,3510
2026-08-24 13:16:58,303.3,303.6,302.55,303,6175
2026-08-24 13:17:58,303.5,305.25,303,305.25,4160
2026-08-24 13:18:59,305,306.05,305,305.9,1365
2026-08-24 13:19:59,306.1,308.05,306.05,308.05,2275
2026-08-24 13:20:59,306.75,308,306.75,308,780
2026-08-24 13:21:58,308,308.1,307.05,307.7,2600
2026-08-24 13:22:59,307.45,308,306.55,308,3380
2026-08-24 13:23:59,308,308.65,307.25,307.25,2145
2026-08-24 13:24:58,308.25,309.3,308,308.8,1495
2026-08-24 13:25:58,308.8,308.9,306.7,307.15,18265
2026-08-24 13:26:59,307.1,309.7,307.1,309.7,2730
2026-08-24 13:27:59,308.9,309.95,308.3,308.4,9165
2026-08-24 13:28:59,308.95,310.5,308.95,310,10400
2026-08-24 13:29:59,309.9,309.95,309.1,309.5,1755
2026-08-24 13:30:59,308.7,310.95,308.7,310,6110
2026-08-24 13:31:59,308.9,309.5,307.15,307.85,8450
2026-08-24 13:32:58,307.35,307.35,305.45,306.15,1105
2026-08-24 13:33:59,305.05,306,304.5,304.5,2860
2026-08-24 13:34:59,304.2,306.4,303.95,306.4,2275
2026-08-24 13:35:59,306.2,306.2,304.55,304.55,4095
2026-08-24 13:36:59,304.7,305.15,304.25,305.15,3185
2026-08-24 13:37:58,304.1,308.4,303.9,307.75,3185
2026-08-24 13:38:59,307,308.65,307,308.25,520
2026-08-24 13:39:59,308.05,308.05,307.1,307.1,1235
2026-08-24 13:40:58,307.2,307.5,307.1,307.5,780
2026-08-24 13:41:59,308.05,309.85,308.05,309,2275
2026-08-24 13:42:58,308.5,308.5,308,308,325
2026-08-24 13:43:59,307.3,307.3,306.45,306.6,1040
2026-08-24 13:44:59,306.9,307.5,306.8,306.8,650
2026-08-24 13:45:59,306.7,306.9,305.45,306.6,6825
2026-08-24 13:46:58,306.65,307.6,306.65,307.5,585
2026-08-24 13:47:59,306.15,306.35,306.15,306.2,260
2026-08-24 13:48:59,306.55,306.55,305.5,305.5,1820
2026-08-24 13:49:59,306.15,307.4,305.5,306.35,260
2026-08-24 13:50:59,307,307.3,306.45,306.6,650
2026-08-24 13:51:58,307,307.15,305.2,307.15,5460
2026-08-24 13:52:58,306.05,306.05,305.7,305.8,325
2026-08-24 13:53:59,305.5,305.65,303.85,303.85,715
2026-08-24 13:54:59,303.5,305,303.5,303.5,5850
2026-08-24 13:55:58,303.6,303.85,301.6,301.65,8580
2026-08-24 13:56:59,301.75,304.35,301.75,302,2405
2026-08-24 13:57:58,302.25,305.3,302.05,305.3,4615
2026-08-24 13:58:59,305.4,306.05,305,305.9,1105
2026-08-24 13:59:59,305.3,306.4,305.3,305.95,1365
2026-08-24 14:00:58,305.85,306.25,305,305,3770
2026-08-24 14:01:59,305.8,307.35,304.8,307.35,4550
2026-08-24 14:02:59,307.4,307.4,306,306,2145
2026-08-24 14:03:58,305,305.85,305,305.85,325
2026-08-24 14:04:58,304.95,308,304.95,307.55,6175
2026-08-24 14:05:59,306.5,307.7,306.5,307.05,2405
2026-08-24 14:06:59,307.25,307.35,304.65,306.05,2795
2026-08-24 14:07:58,305.75,305.75,304.65,305.2,715
2026-08-24 14:08:59,305.25,305.5,304.2,305.5,1625
2026-08-24 14:09:59,305.45,307.5,304.9,307.3,2015
2026-08-24 14:10:59,306.7,307.35,306.2,306.4,1560
2026-08-24 14:11:58,306.8,306.8,305.5,306.05,1040
2026-08-24 14:12:58,305.4,305.4,304.5,304.65,650
2026-08-24 14:13:59,304,304.8,303,303,1300
2026-08-24 14:14:59,303,303.95,302.55,303.55,2210
2026-08-24 14:15:58,302.55,302.8,301,302.8,1820
2026-08-24 14:16:59,302.3,303,301.7,302.95,1755
2026-08-24 14:17:59,301.9,305.1,301.9,303.75,2535
2026-08-24 14:18:58,304.95,305.8,304.55,305.75,6955
2026-08-24 14:19:59,305.75,306.9,304.55,305.9,6500
2026-08-24 14:20:59,305.85,305.9,305.85,305.85,195
2026-08-24 14:21:59,306.45,306.7,306,306,845
2026-08-24 14:22:59,306,306.8,306,306.15,1950
2026-08-24 14:23:58,306.45,306.6,305.3,305.3,1170
2026-08-24 14:24:59,305.85,305.85,304.5,304.5,520
2026-08-24 14:25:58,304.55,307.4,304.55,307.4,5915
2026-08-24 14:26:59,307.45,308,306.45,308,5330
2026-08-24 14:27:58,308.2,310,308.2,309.5,2795
2026-08-24 14:28:58,309.1,311.55,309.1,311.55,3575
2026-08-24 14:29:59,310.85,312,310,310,1430
2026-08-24 14:30:58,311,316.8,311,314.9,17875
2026-08-24 14:31:58,315.6,317.55,314.9,314.9,5330
2026-08-24 14:32:58,315.75,316.7,315,315,2795
2026-08-24 14:33:59,315,315,313.3,314.25,2405
2026-08-24 14:34:59,315,316,315,315.55,1950
2026-08-24 14:35:58,315.7,315.7,314.2,314.2,2340
2026-08-24 14:36:59,314.8,316.95,314.65,315.7,6240
2026-08-24 14:37:58,316.1,317.2,315.65,315.95,5135
2026-08-24 14:38:59,315.65,316.75,315.5,315.85,3120
2026-08-24 14:39:59,314.75,316,314.15,316,1755
2026-08-24 14:40:58,315.55,316.05,313.3,314.5,2145
2026-08-24 14:41:59,314.3,315.5,313.25,314.05,6110
2026-08-24 14:42:59,314.95,315.1,313.75,314.55,3965
2026-08-24 14:43:59,314.4,318.85,314.4,318.6,19760
2026-08-24 14:44:59,319,320.3,317.45,318,2535
2026-08-24 14:45:59,317.35,317.4,316.05,317.2,2015
2026-08-24 14:46:59,316.95,317.75,316.15,316.15,2405
2026-08-24 14:47:59,316.45,317.15,315.8,316.05,4550
2026-08-24 14:48:59,316.2,318.05,315.5,317.95,5265
2026-08-24 14:49:58,317.95,318,316.55,316.8,455
2026-08-24 14:50:59,317.6,317.6,315.5,316.45,2535
2026-08-24 14:51:58,316.85,318,316.6,316.85,8515
2026-08-24 14:52:59,316.05,317.45,316.05,316.2,1820
2026-08-24 14:53:58,317,318,316.35,317.2,4160
2026-08-24 14:54:59,316.8,318.9,316.8,317.6,4225
2026-08-24 14:55:59,317.95,318.25,317.25,317.25,1105
2026-08-24 14:56:59,317.55,317.55,315.9,317.2,1690
2026-08-24 14:57:59,316.55,317.4,316,316.25,845
2026-08-24 14:58:58,316.3,317.05,316.3,316.85,2210
2026-08-24 14:59:59,318,318,316.25,316.8,390
2026-08-24 15:00:59,317.1,318,316,316.65,2080
2026-08-24 15:01:59,317.35,318.85,316.05,316.05,3055
2026-08-24 15:02:58,317.25,318.9,316.8,318.3,2210
2026-08-24 15:03:58,318.9,318.9,317.35,317.35,910
2026-08-24 15:04:59,316,316,315.05,315.05,10530
2026-08-24 15:05:59,314.55,314.55,310.65,311.3,12350
2026-08-24 15:06:59,311.85,312.3,311.35,312.3,1170
2026-08-24 15:07:59,312.4,313.75,311.45,312.55,5720
2026-08-24 15:08:59,314,315.6,314,315.3,2145
2026-08-24 15:09:59,315.35,315.35,313.45,313.7,1170
2026-08-24 15:10:59,314,314.85,313.75,314.55,10270
2026-08-24 15:11:58,314.35,316,314.35,316,1560
2026-08-24 15:12:58,315.6,316.05,314.75,314.75,2080
2026-08-24 15:13:59,315,316,313.8,314.5,22165
2026-08-24 15:14:59,313.9,314.5,313,313.4,6760
2026-08-24 15:15:58,314.25,315.85,313.7,314.4,27690
2026-08-24 15:16:59,314.35,314.9,311.9,313.3,52910
2026-08-24 15:17:59,313.45,313.85,310.9,313.05,64025
2026-08-24 15:18:58,313.2,314.2,313,313.8,4550
2026-08-24 15:19:59,313.9,314.15,312.85,313.15,2990
2026-08-24 15:20:58,314.1,315.75,313.05,314.15,8840
2026-08-24 15:21:59,314.15,315.75,314.15,315.55,1235
2026-08-24 15:22:59,315.75,316.5,314.15,315.9,4550
2026-08-24 15:23:58,315.95,316.2,314.65,316,5785
2026-08-24 15:24:59,315.85,316,314.65,315.55,1625
2026-08-24 15:25:58,314.6,315.7,314.6,315.7,1300
2026-08-24 15:26:59,314.55,315.65,314,314.75,2470
2026-08-24 15:27:59,313.95,314.95,313.95,314.95,1625
2026-08-24 15:28:58,314.95,314.95,313.55,314.5,2470
2026-08-24 15:29:58,314.5,316.3,314.25,314.55,11505
2026-08-24 15:30:58,315.85,315.85,314.25,315.05,1885
2026-08-24 15:31:58,314.25,315.95,314.25,315,3250
2026-08-24 15:32:59,315,315.95,315,315,845
2026-08-24 15:33:58,315.7,315.7,314.3,314.95,975
2026-08-24 15:34:59,315,315,313,314.05,1755
2026-08-24 15:35:59,313.1,313.85,312.25,313.1,4680
2026-08-24 15:36:59,313.1,313.55,312,312,2925
2026-08-24 15:37:59,312.2,313,312.1,312.1,1235
2026-08-24 15:38:58,312.05,312.05,310.6,310.6,7995
2026-08-24 15:39:58,311.35,312.85,310.1,312.5,10660
2026-08-25 09:15:58,295.05,297.7,280.5,284.7,32175
2026-08-25 09:16:59,285,285.45,280.1,281.75,24245
2026-08-25 09:17:59,283.15,289.55,282.7,289.55,13650
2026-08-25 09:18:58,289.55,299.3,289.55,298.75,12610
2026-08-25 09:19:58,299.4,308.1,296.5,308,18655
2026-08-25 09:20:58,308.05,314.95,307.25,314,19240
2026-08-25 09:21:58,314.15,320.3,314.15,316,9815
2026-08-25 09:22:58,315.6,315.6,309.4,309.8,5785
2026-08-25 09:23:59,309.9,314.75,306,313.55,10335
2026-08-25 09:24:58,313.45,314.6,308.8,308.8,3055
2026-08-25 09:25:58,306.45,311,306,308.45,6435
2026-08-25 09:26:58,308.5,312,308.5,309.7,3835
2026-08-25 09:27:59,309.55,315,309.55,314.45,4420
2026-08-25 09:28:59,313.95,314.45,311.25,313.9,3965
2026-08-25 09:29:58,312.4,312.4,309.8,309.95,16055
2026-08-25 09:30:59,309.5,312.95,309.5,310.8,3965
2026-08-25 09:31:58,311,315.65,311,315.65,7735
2026-08-25 09:32:58,315.45,315.7,312.95,314.6,5070
2026-08-25 09:33:58,314.1,315.05,313.05,314.2,9685
2026-08-25 09:34:58,315,318.8,314.15,316.2,10010
2026-08-25 09:35:58,316.55,319.3,315,316.35,11570
2026-08-25 09:36:58,315.75,315.75,313.1,313.55,2925
2026-08-25 09:37:59,312.8,312.8,308.75,309,4940
2026-08-25 09:38:59,311,311.75,308.7,308.7,3510
2026-08-25 09:39:59,307.3,308.3,305,308.3,4810
2026-08-25 09:40:59,307.25,307.25,305,305,4745
2026-08-25 09:41:59,304.05,304.95,301.4,302,1820
2026-08-25 09:42:59,301,302.5,300.6,302.35,2405
2026-08-25 09:43:59,303.55,303.55,300.4,300.4,2600
2026-08-25 09:44:59,300.6,301,297.6,298.1,5785
2026-08-25 09:45:59,297.6,297.8,296.1,297.25,5785
2026-08-25 09:46:59,298.65,300.75,297.25,300.75,7540
2026-08-25 09:47:58,301.55,304.55,301.55,303.45,2860
2026-08-25 09:48:58,301.85,302.7,298.2,298.2,5785
2026-08-25 09:49:59,298.55,299.2,296.6,299.2,3770
2026-08-25 09:50:59,299.35,300.05,298,298.7,4225
2026-08-25 09:51:59,298,298,296.55,297.55,3185
2026-08-25 09:52:59,296.55,296.55,290.3,290.85,13585
2026-08-25 09:53:59,290,292.05,290,291.45,2535
2026-08-25 09:54:59,291.55,292.45,289.85,291.25,2860
2026-08-25 09:55:59,290.75,292.5,290.35,290.7,4030
2026-08-25 09:56:58,291,293.45,290.85,291.75,3120
2026-08-25 09:57:59,292.7,295.2,292.7,292.85,7280
2026-08-25 09:58:59,292.4,292.45,290.45,290.45,1430
2026-08-25 09:59:59,290.4,291.6,290,290,4290
2026-08-25 10:00:59,290,291,290,290.15,11505
2026-08-25 10:01:59,290.1,290.55,288.25,288.25,4420
2026-08-25 10:02:59,286.8,287.1,285,287.1,4680
2026-08-25 10:03:58,287.3,289.05,287.3,289.05,1495
2026-08-25 10:04:59,289.45,291.65,289.45,291,1235
2026-08-25 10:05:58,292,292.35,291.15,291.75,7735
2026-08-25 10:06:58,291.15,291.6,290,290.55,5070
2026-08-25 10:07:58,289.6,289.6,288.3,289.15,2080
2026-08-25 10:08:59,288.5,288.5,287.35,288.3,4550
2026-08-25 10:09:59,287.9,288.2,287,287.95,5330
2026-08-25 10:10:59,287.65,289.95,287.3,289.95,2925
2026-08-25 10:11:59,291.05,291.05,289.25,290.4,1755
2026-08-25 10:12:58,290.05,290.05,288.1,288.9,1950
2026-08-25 10:13:59,288.9,288.9,288,288.7,1430
2026-08-25 10:14:59,289.8,289.8,288.7,289.3,390
2026-08-25 10:15:59,290,290,288.05,288.3,2470
2026-08-25 10:16:58,289.2,289.65,288.35,288.35,715
2026-08-25 10:17:59,288.1,288.1,286.5,287.25,2340
2026-08-25 10:18:59,287.2,288.75,287,288.6,1105
2026-08-25 10:19:59,286.2,287.6,285.75,287.1,975
2026-08-25 10:20:59,287.05,287.05,285.75,285.75,910
2026-08-25 10:21:59,286,287.55,285.1,285.3,1300
2026-08-25 10:22:58,285.45,286.5,283.3,283.3,5460
2026-08-25 10:23:58,283.95,285.1,281.15,281.5,5135
2026-08-25 10:24:58,281.45,283.95,281.45,282.3,4030
2026-08-25 10:25:58,282.5,283.75,281.55,282.15,4810
2026-08-25 10:26:59,282.65,283.25,282,283.1,1625
2026-08-25 10:27:59,283.6,286.05,283.55,286.05,1625
2026-08-25 10:28:58,285.45,285.95,285,285,1040
2026-08-25 10:29:58,285,285.25,285,285.25,195
2026-08-25 10:30:59,285.95,286.15,285,285.5,1625
2026-08-25 10:31:59,286.15,287.55,285.8,286.8,1755
2026-08-25 10:32:59,287.4,287.4,286.55,287.25,5785
2026-08-25 10:33:59,287.7,290.2,287.2,290.15,23595
2026-08-25 10:34:58,289.05,289.95,288,288.2,1365
2026-08-25 10:35:59,287,289.4,287,289.4,715
2026-08-25 10:36:58,289.4,289.5,288,288,1820
2026-08-25 10:37:59,288.25,288.4,287.3,287.3,780
2026-08-25 10:38:59,287.45,287.75,286.4,286.4,4290
2026-08-25 10:39:58,286.4,288.25,286.4,287,4680
2026-08-25 10:40:58,286.8,288.3,286.8,286.95,1625
2026-08-25 10:41:58,286.65,286.9,285.5,286.9,2210
2026-08-25 10:42:58,286.3,286.35,286.3,286.35,390
2026-08-25 10:43:59,287.4,289.1,287,288.8,1625
2026-08-25 10:44:58,288.65,290,288.6,290,2275
2026-08-25 10:45:59,290,290.45,289.4,290.45,455
2026-08-25 10:46:59,290,292.4,290,292.4,8450
2026-08-25 10:47:59,291.2,293.6,291.2,293.6,5395
2026-08-25 10:48:59,294.8,296.3,294.3,296.3,4160
2026-08-25 10:49:59,295.5,296.6,295.5,296.6,585
2026-08-25 10:50:59,295.6,298,295.1,298,2405
2026-08-25 10:51:58,297,299.9,297,299,8060
2026-08-25 10:52:58,299.05,300,298.05,298.5,7085
2026-08-25 10:53:59,299,299,297.55,297.55,1300
2026-08-25 10:54:59,295.1,295.6,294.7,295,1885
2026-08-25 10:55:59,296,296,294.55,294.55,910
2026-08-25 10:56:59,297.4,297.4,293.5,294,2470
2026-08-25 10:57:59,293.05,294.4,293,293.05,4160
2026-08-25 10:58:58,291.6,292.35,291,292.35,3250
2026-08-25 10:59:59,291.25,291.85,290.1,291.25,2730
2026-08-25 11:00:59,290.05,292.95,290.05,292.95,2145
2026-08-25 11:01:59,292.75,292.9,290.15,290.15,780
2026-08-25 11:02:58,290,291.35,289.2,290.6,2535
2026-08-25 11:03:59,291.1,291.1,289.15,289.15,975
2026-08-25 11:04:58,289,291.7,289,290.95,1040
2026-08-25 11:05:58,290,290.35,289.6,289.6,1105
2026-08-25 11:06:58,289.9,293.55,289.9,292.1,6240
2026-08-25 11:07:58,293,294.65,293,294.55,3055
2026-08-25 11:08:59,292.9,294.4,292.3,294.4,845
2026-08-25 11:09:59,295.45,295.45,292.05,292.85,975
2026-08-25 11:10:59,293.9,295,293.65,295,780
2026-08-25 11:11:59,293.6,294.75,293.25,293.8,1430
2026-08-25 11:12:59,292.25,293,292.2,292.4,845
2026-08-25 11:13:59,293.1,293.45,291.3,293.45,2730
2026-08-25 11:14:59,294.1,295.9,294.1,295.9,3835
2026-08-25 11:15:58,298.1,299.55,298,298.65,5070
2026-08-25 11:16:59,297.35,299.6,297.35,298,1365
2026-08-25 11:17:59,295.95,296.3,295.95,296.3,390
2026-08-25 11:18:58,296.6,297.55,296.6,297.55,195
2026-08-25 11:19:58,297.05,297.55,297.05,297.25,1430
2026-08-25 11:20:59,297,298.1,297,298.1,715
2026-08-25 11:21:59,298,300.3,298,299.45,2210
2026-08-25 11:22:58,299.2,301.25,299.2,300.5,4095
2026-08-25 11:23:59,301.35,301.4,299.55,299.75,2470
2026-08-25 11:24:59,299.55,299.55,298.5,298.55,1040
2026-08-25 11:25:59,298.8,300.65,298.8,300.15,1625
2026-08-25 11:26:59,300.05,301.2,299.8,301,1950
2026-08-25 11:27:59,299.4,300.25,298.5,298.5,7475
2026-08-25 11:28:58,299.7,299.95,297.65,297.65,2015
2026-08-25 11:29:58,297,298.05,296.8,296.8,1170
2026-08-25 11:30:59,296.9,298.6,296.3,298.6,5200
2026-08-25 11:31:59,299.05,299.9,299.05,299.05,3185
2026-08-25 11:32:59,299.05,299.5,298.9,298.9,1235
2026-08-25 11:33:58,299.45,300.05,299.15,299.35,910
2026-08-25 11:34:58,299.35,299.35,298.95,299,325
2026-08-25 11:35:58,299,299,296.25,296.25,195
2026-08-25 11:36:59,295.8,296.65,295.5,296.1,1950
2026-08-25 11:37:58,294.9,296,294.45,296,1040
2026-08-25 11:38:59,296.7,297.65,295.85,297.65,455
2026-08-25 11:39:58,297.75,301,297.75,301,4550
2026-08-25 11:40:58,301,301.35,299.1,300.35,3900
2026-08-25 11:41:58,299,301.1,298.8,300.5,5720
2026-08-25 11:42:59,300,301.35,299.05,300.3,2015
2026-08-25 11:43:58,300.3,300.3,299.4,299.4,1365
2026-08-25 11:44:59,299,299,298,298,1690
2026-08-25 11:45:59,297.5,298.05,296.45,296.5,1430
2026-08-25 11:46:58,296.15,296.15,295,295,325
2026-08-25 11:47:59,295.6,295.85,295,295,1625
2026-08-25 11:48:58,295.15,295.6,294.95,294.95,1170
2026-08-25 11:49:59,295.85,295.85,295.05,295.25,520
2026-08-25 11:50:59,295.35,296,295.35,295.8,975
2026-08-25 11:51:58,296.1,299.85,296.1,299.85,8970
2026-08-25 11:52:58,299.75,302.85,299.7,300.95,19435
2026-08-25 11:53:59,302,305.1,301,304.9,8515
2026-08-25 11:54:59,305.2,306.45,304.75,306.45,6630
2026-08-25 11:55:59,308,319.05,306,317.55,27560
2026-08-25 11:56:59,317.25,318.95,314.1,318.95,6695
2026-08-25 11:57:59,318.95,319.15,315.75,318.1,7345
2026-08-25 11:58:59,318.45,322.2,318.45,321.15,20020
2026-08-25 11:59:59,319.95,321.1,315,315,9620
2026-08-25 12:00:59,316.45,316.45,313.1,313.3,3770
2026-08-25 12:01:59,312.95,313.5,310.75,311.25,5460
2026-08-25 12:02:59,311.3,314.35,310.8,314.35,1300
2026-08-25 12:03:59,313.6,316,312.3,315.95,4095
2026-08-25 12:04:58,315.3,315.9,314.45,314.65,2535
2026-08-25 12:05:58,313.5,313.5,312.25,312.95,4745
2026-08-25 12:06:59,312.9,314.6,312.75,314,1235
2026-08-25 12:07:59,314.7,315.95,314,315,4290
2026-08-25 12:08:58,315,315,312.65,313.25,2080
2026-08-25 12:09:59,313.15,313.15,312,312,3055
2026-08-25 12:10:58,311,311.9,310,311.4,3575
2026-08-25 12:11:59,310,311.2,309.95,310.7,3445
2026-08-25 12:12:58,310.9,313.2,310.55,312.75,7150
2026-08-25 12:13:58,313.5,313.5,311.8,312.3,1820
2026-08-25 12:14:59,312,313.3,311.2,313.2,1950
2026-08-25 12:15:59,313.5,313.9,312.05,312.05,5005
2026-08-25 12:16:59,313.95,314.15,312.2,312.2,9815
2026-08-25 12:17:59,312.85,313.5,312,312,1820
2026-08-25 12:18:58,312.25,312.3,311.5,312.05,2600
2026-08-25 12:19:58,312.15,312.6,311.7,311.7,780
2026-08-25 12:20:59,312.55,312.55,311,311,130
2026-08-25 12:21:59,311.65,312.05,311.05,311.05,455
2026-08-25 12:22:59,311.85,312.4,310.85,311.1,1950
2026-08-25 12:23:59,311.3,313.35,311.3,312.25,6110
2026-08-25 12:24:59,312.25,312.25,310.9,310.95,1040
2026-08-25 12:25:58,310.6,311.05,310.1,310.1,2730
2026-08-25 12:26:58,310.1,310.1,309,309,1235
2026-08-25 12:27:59,308.2,308.5,306.05,308.5,5980
2026-08-25 12:28:59,309,310.75,309,310.2,2210
2026-08-25 12:29:59,310.45,310.45,309.35,309.55,1820
2026-08-25 12:30:59,310,310.15,309.55,310,2080
2026-08-25 12:31:58,310.5,311.95,310.5,311.95,1950
2026-08-25 12:32:59,311.85,311.85,309.8,309.8,1365
2026-08-25 12:33:59,309.55,311,309.05,310.4,1560
2026-08-25 12:34:59,310.1,311.4,310.1,311.4,585
2026-08-25 12:35:58,310.65,310.65,309.75,310,1365
2026-08-25 12:36:58,310.85,311.35,309.85,310.8,3835
2026-08-25 12:37:58,309.2,310,308.9,309.25,2925
2026-08-25 12:38:58,310,310.15,306.05,306.3,5395
2026-08-25 12:39:59,306.4,306.8,306,306.4,2990
2026-08-25 12:40:58,306.5,306.75,305.55,305.55,4420
2026-08-25 12:41:58,305.8,307.2,305.8,306.3,9100
2026-08-25 12:42:59,306.5,307.35,304.85,305.85,6370
2026-08-25 12:43:59,303.95,304.4,299.6,302,8840
2026-08-25 12:44:58,301.5,301.9,300.55,301.45,3315
2026-08-25 12:45:59,301.85,304.75,301.85,304.75,4225
2026-08-25 12:46:59,303.8,303.8,301.95,302,2470
2026-08-25 12:47:59,301.95,303.4,301.35,301.5,2405
2026-08-25 12:48:59,302.7,303.1,301.5,302.75,10335
2026-08-25 12:49:58,302.7,304.5,302.1,304.25,8970
2026-08-25 12:50:58,302.75,303.45,302.25,302.5,3380
2026-08-25 12:51:59,302.95,303.9,301.95,303.4,6500
2026-08-25 12:52:59,302.4,304.1,302.4,304.1,10725
2026-08-25 12:53:59,304,304.25,302.9,304.25,2210
2026-08-25 12:54:59,302.4,302.4,301.35,302.25,1625
2026-08-25 12:55:59,302.35,303.05,301.3,302.4,12870
2026-08-25 12:56:59,302.35,303.55,301.9,303.55,2990
2026-08-25 12:57:58,302.9,303.05,301.35,301.95,2600
2026-08-25 12:58:58,301,301.05,298,298.9,9555
2026-08-25 12:59:58,298.85,301.85,298.85,300.85,910
2026-08-25 13:00:58,301.45,301.6,298.45,298.45,8580
2026-08-25 13:01:59,298.6,298.6,293.95,294.3,6760
2026-08-25 13:02:59,293.7,294.25,292.65,293.45,4550
2026-08-25 13:03:59,292.8,294.7,292.8,294.45,3575
2026-08-25 13:04:58,294.5,296.4,293.8,295.55,7475
2026-08-25 13:05:58,295.25,295.25,294,294.25,3250
2026-08-25 13:06:58,295,295.3,293.55,294.6,5070
2026-08-25 13:07:59,294.6,295.15,293.05,293.75,11635
2026-08-25 13:08:59,294.15,294.5,294.05,294.05,1755
2026-08-25 13:09:59,293.35,294.45,293.3,294.45,2990
2026-08-25 13:10:58,293.55,294.8,293.35,294.65,2470
2026-08-25 13:11:59,294.75,295.55,294.3,295.2,5200
2026-08-25 13:12:58,295,295.45,292.55,292.55,5070
2026-08-25 13:13:58,293.75,293.75,289.9,290,21970
2026-08-25 13:14:58,290.85,290.9,286.4,286.4,10075
2026-08-25 13:15:58,286.4,289.6,286.3,289.6,27495
2026-08-25 13:16:58,289.3,291.45,289.3,290.35,18915
2026-08-25 13:17:58,290.25,291.15,289.8,290.05,10010
2026-08-25 13:18:59,290.9,291.15,289.65,291.1,5785
2026-08-25 13:19:59,290.75,290.75,289.05,290.5,15470
2026-08-25 13:20:58,290.35,290.5,289.25,290.2,11505
2026-08-25 13:21:58,288.9,290.35,288.9,290.35,4875
2026-08-25 13:22:59,289.6,289.85,288.25,288.25,2470
2026-08-25 13:23:59,288.4,288.4,287.4,287.45,3250
2026-08-25 13:24:59,287.5,288.5,286.8,286.8,2730
2026-08-25 13:25:58,286.6,287.45,285.5,287.2,13845
2026-08-25 13:26:59,286.95,289.25,286.5,287.5,8255
2026-08-25 13:27:59,287.4,289.4,287.4,289,17225
2026-08-25 13:28:59,288.65,289.75,288.6,288.6,14560
2026-08-25 13:29:58,289.5,289.7,287.95,288.05,9490
2026-08-25 13:30:59,289,289.65,287.8,289.15,9360
2026-08-25 13:31:59,289.1,291.15,288.8,290.4,6045
2026-08-25 13:32:59,289.5,290.2,289.2,289.2,650
2026-08-25 13:33:59,289.05,290.65,289.05,290.3,2080
2026-08-25 13:34:59,289.7,290.3,288.95,289.8,1300
2026-08-25 13:35:59,288.95,289.5,288.3,289,2990
2026-08-25 13:36:59,289,290.3,289,290.3,520
2026-08-25 13:37:59,289.5,290.55,289.5,290.55,650
2026-08-25 13:38:58,289.95,290.7,289.95,290.7,1235
2026-08-25 13:39:59,291.95,291.95,291.5,291.6,2145
2026-08-25 13:40:59,292.6,292.6,291.25,291.35,1820
2026-08-25 13:41:59,291.65,292.65,290.65,292.65,2665
2026-08-25 13:42:59,293.65,294.1,293,293.35,2080
2026-08-25 13:43:59,292.5,292.85,291,291,2600
2026-08-25 13:44:59,292.35,292.35,290.9,291.55,1170
2026-08-25 13:45:58,292.2,292.4,291.65,291.65,455
2026-08-25 13:46:59,291.5,291.95,290.3,290.3,3705
2026-08-25 13:47:58,290.25,291.65,290.25,291.65,3250
2026-08-25 13:48:59,291.35,291.35,289,291.2,4940
2026-08-25 13:49:59,290.5,290.5,289.5,290,4485
2026-08-25 13:50:58,289.7,290.7,289.5,290.35,1235
2026-08-25 13:51:59,290.6,293.9,290.45,293.9,5330
2026-08-25 13:52:59,293.95,296.4,293.5,296.4,10140
2026-08-25 13:53:59,296.4,304.95,295.35,303.95,19240
2026-08-25 13:54:59,303.85,311.5,301.6,311.5,15665
2026-08-25 13:55:59,311.5,311.5,305,305.7,18330
2026-08-25 13:56:58,305.85,307,303.3,303.8,1430
2026-08-25 13:57:58,304,304,301,303.1,4095
2026-08-25 13:58:58,300.25,300.45,297.65,299.05,1235
2026-08-25 13:59:58,299.9,299.9,297.9,297.9,325
2026-08-25 14:00:59,298.25,299,296.2,296.2,3120
2026-08-25 14:01:59,295.8,295.8,293.65,295.15,6955
2026-08-25 14:02:58,295.65,300,295.65,300,3835
2026-08-25 14:03:59,299.9,299.9,294.6,295.35,1365
2026-08-25 14:04:58,297.3,300.7,296.85,300.7,3965
2026-08-25 14:05:59,300,300.5,299.5,300,1300
2026-08-25 14:06:58,299.5,300.4,299.5,300.4,1105
2026-08-25 14:07:58,300.45,301.2,299.1,299.1,4095
2026-08-25 14:08:58,299.4,299.5,298.5,298.55,3900
2026-08-25 14:09:58,298.8,299.65,297.1,297.6,3900
2026-08-25 14:10:59,298.5,301.35,298.5,301.05,4290
2026-08-25 14:11:58,300,302.7,300,302.7,4225
2026-08-25 14:12:59,302,302.3,301,301.3,4030
2026-08-25 14:13:58,301.05,302,301.05,301.65,7475
2026-08-25 14:14:59,301.4,302,301,301.4,7930
2026-08-25 14:15:59,301.65,302.55,300.8,301.8,5395
2026-08-25 14:16:59,302.35,304,301.7,304,4875
2026-08-25 14:17:59,303.85,304.6,301.9,303.5,13715
2026-08-25 14:18:58,302.25,304.75,302.25,302.95,6825
2026-08-25 14:19:59,303.35,305.3,303.35,303.5,6760
2026-08-25 14:20:59,303.8,308.4,303.55,307.25,16055
2026-08-25 14:21:59,307.7,308.1,306.3,306.3,12220
2026-08-25 14:22:59,307,310.2,306.85,310.2,12285
2026-08-25 14:23:58,310.25,313.35,310,310,11115
2026-08-25 14:24:59,310.5,311.35,308.55,308.55,11180
2026-08-25 14:25:59,308.8,312.45,308.35,309,10270
2026-08-25 14:26:58,309.4,313.3,309.4,312.6,10010
2026-08-25 14:27:59,312.55,315.7,312.55,315.7,6370
2026-08-25 14:28:58,314.6,321.45,314.6,320.35,19175
2026-08-25 14:29:58,319.5,321,318.75,320.95,13910
2026-08-25 14:30:58,320.55,322.4,317.25,321.3,21450
2026-08-25 14:31:58,321.15,343.65,320.55,341.1,39910
2026-08-25 14:32:58,341.15,344.25,334.35,339.75,34190
2026-08-25 14:33:58,338.9,341.65,338.9,341,10335
2026-08-25 14:34:58,340.55,341,333.2,334.85,10595
2026-08-25 14:35:59,335.65,344.8,335.65,342.35,17810
2026-08-25 14:36:59,342.45,343.3,338,338.05,19630
2026-08-25 14:37:58,339.2,339.2,333.55,335.95,13975
2026-08-25 14:38:58,335.05,338.25,334.05,338.25,10790
2026-08-25 14:39:59,338.1,340.9,337.4,340.25,8580
2026-08-25 14:40:59,339.25,341.95,339.1,340.6,9425
2026-08-25 14:41:58,341.8,348.4,340.75,346.85,16835
2026-08-25 14:42:59,346.25,348.75,344.85,348.3,21125
2026-08-25 14:43:59,347.9,347.9,344.65,346.55,11375
2026-08-25 14:44:59,348.05,349.95,347.4,348,16575
2026-08-25 14:45:58,349.35,353.5,348.85,353.2,17875
2026-08-25 14:46:58,352.8,353.3,349.3,351.55,21255
2026-08-25 14:47:58,350.4,351.95,348.55,351.95,15600
2026-08-25 14:48:58,351.85,360,351.65,357.05,31460
2026-08-25 14:49:59,357.25,362.35,356.3,360.75,32175
2026-08-25 14:50:58,360.1,361.25,356.2,357.55,27755
2026-08-25 14:51:59,357.95,365,357.95,364.05,32825
2026-08-25 14:52:59,365.1,371.6,365.1,368.25,61295
2026-08-25 14:53:59,368.25,371.2,366.75,368.55,36140
2026-08-25 14:54:59,367.55,368.5,365,367,37635
2026-08-25 14:55:59,367.05,369.75,366.75,369.7,22685
2026-08-25 14:56:59,368,370.95,366.05,370.95,27820
2026-08-25 14:57:59,369.05,370.45,367.5,367.5,21320
2026-08-25 14:58:59,368.3,368.8,365.15,367.25,8840
2026-08-25 14:59:59,367.25,370.3,367.2,368.25,27235
2026-08-25 15:00:58,369.1,369.5,361,365.95,29120
2026-08-25 15:01:58,365.9,366.05,362.3,365.5,10920
2026-08-25 15:02:59,366.05,373,365.5,369.2,43225
2026-08-25 15:03:58,370.75,372.3,368.05,368.4,28665
2026-08-25 15:04:58,368.3,376.95,366.65,375.6,52715
2026-08-25 15:05:58,374.1,374.5,368.5,368.5,19695
2026-08-25 15:06:59,368.75,371.15,368.35,370.2,10595
2026-08-25 15:07:59,368.35,370.4,368.35,370.4,3575
2026-08-25 15:08:59,369.5,371.45,369.3,371.35,7930
2026-08-25 15:09:58,371.25,372.7,369.95,371.7,12675
2026-08-25 15:10:58,371.75,373,370.85,372.7,8125
2026-08-25 15:11:59,372.7,377.55,372.1,373.6,30615
2026-08-25 15:12:58,375.3,378,374,378,10010
2026-08-25 15:13:59,376.35,378.35,375.2,376.2,7800
2026-08-25 15:14:59,376.6,377.7,375.65,377.05,4420
2026-08-25 15:15:59,377.05,377.95,374.3,377,9100
2026-08-25 15:16:59,376.75,377.9,376.05,377,2405
2026-08-25 15:17:58,376.6,377.5,376.05,377,2860
2026-08-25 15:18:59,377,380.8,377,380.65,8255
2026-08-25 15:19:59,381.35,383.5,381,382,18590
2026-08-25 15:20:59,382.6,385.15,382,383.4,14625
2026-08-25 15:21:59,384.7,387.25,384.1,385.35,17485
2026-08-25 15:22:58,385.6,386.5,381.3,383.05,15340
2026-08-25 15:23:58,383.2,384.7,381.55,383.5,7735
2026-08-25 15:24:58,382,383.25,381,382.45,15405
2026-08-25 15:25:59,384.35,385,380.25,380.55,24245
2026-08-25 15:26:58,382,384.75,381.05,383.35,8775
2026-08-25 15:27:59,384.55,386.75,383.15,386.3,10855
2026-08-25 15:28:59,386.3,390.45,385.2,388.8,24895
2026-08-25 15:29:59,389.8,390,387.85,390,7800
2026-08-25 15:30:59,389.95,392,389.6,390.95,7085
2026-08-25 15:31:58,390.75,392.95,390.6,392.6,9555
2026-08-25 15:32:59,392.95,394.4,389.8,390.45,25740
2026-08-25 15:33:59,391.9,393.45,390.7,393.45,14105
2026-08-25 15:34:59,392.35,395,392.15,395,8320
2026-08-25 15:35:58,395,396.5,394.05,395.6,34255
2026-08-25 15:36:59,396.55,399,394.3,394.3,36335
2026-08-25 15:37:58,396.8,397.5,394.5,395,15275
2026-08-25 15:38:59,395.95,396.65,395,395.85,5460
2026-08-25 15:39:59,395.05,398,395,397,8905
2026-08-26 09:15:59,417.45,432.6,395.05,411.15,46280
2026-08-26 09:16:59,411.8,414.05,409.9,410.2,20410
2026-08-26 09:17:58,411.85,411.85,403.6,403.6,21255
2026-08-26 09:18:59,403.6,408,400,406.05,21255
2026-08-26 09:19:59,404.45,405,400.05,403,16445
2026-08-26 09:20:59,403,413,402.1,411.05,16640
2026-08-26 09:21:59,410,420.05,409,418.4,20410
2026-08-26 09:22:59,419.2,419.8,415.05,417.9,12025
2026-08-26 09:23:59,420,421.1,418,419.25,14105
2026-08-26 09:24:58,419.5,424.6,419.5,421.4,19890
2026-08-26 09:25:59,420.95,421.2,415.85,420,30875
2026-08-26 09:26:58,418.55,424,418.55,420.15,32435
2026-08-26 09:27:58,420.2,426.2,420,420,36660
2026-08-26 09:28:59,420,420.25,417.6,419.75,22425
2026-08-26 09:29:58,419.4,419.4,416.1,418,12025
2026-08-26 09:30:59,417.5,418.75,414.5,414.5,7865
2026-08-26 09:31:58,412.3,415.35,412.3,413.85,6565
2026-08-26 09:32:58,414.05,418,414.05,416.3,10335
2026-08-26 09:33:59,416.25,421.5,415.7,416.3,11245
2026-08-26 09:34:58,416.4,417.25,414,415.95,5070
2026-08-26 09:35:59,415.5,419,415.4,418.2,2275
2026-08-26 09:36:59,418,419.9,416,416,4355
2026-08-26 09:37:59,416,420.7,416,419.15,10010
2026-08-26 09:38:59,417.65,424,417.65,424,9295
2026-08-26 09:39:59,423.9,425.25,422.7,424.1,14625
2026-08-26 09:40:58,425.5,430,425.5,427.8,15535
2026-08-26 09:41:58,428,432.95,427.9,431.25,14495
2026-08-26 09:42:59,432.6,438.4,432.6,433,17485
2026-08-26 09:43:58,433.25,437.75,433.25,436.75,34060
2026-08-26 09:44:58,435.75,440,435.75,439.1,15990
2026-08-26 09:45:59,439.1,443.25,437.6,441.8,15340
2026-08-26 09:46:59,442.2,444.5,441.85,442.95,19370
2026-08-26 09:47:59,442.5,444.45,440.85,442.5,8775
2026-08-26 09:48:58,442.5,443,440.5,440.55,3445
2026-08-26 09:49:58,441.85,442.15,436.35,437.5,11310
2026-08-26 09:50:58,438.25,438.25,435.15,437.85,3705
2026-08-26 09:51:59,437,437.35,435.65,435.65,650
2026-08-26 09:52:58,435.6,436,434,434,5525
2026-08-26 09:53:58,433.85,435,430.65,430.75,2340
2026-08-26 09:54:59,431.1,433.55,430.65,433.25,9750
2026-08-26 09:55:58,432.15,436,431.85,436,5395
2026-08-26 09:56:59,434.65,437.5,434,436.4,13260
2026-08-26 09:57:58,436.15,438.7,436.15,437.5,6695
2026-08-26 09:58:59,436.5,436.5,432,435.25,2405
2026-08-26 09:59:59,434,435,431.55,431.55,1235
2026-08-26 10:00:58,434.45,434.8,431.55,433.4,1755
2026-08-26 10:01:58,432,432,427.3,427.3,5460
2026-08-26 10:02:59,427,427.65,423,425,5005
2026-08-26 10:03:59,423.8,426.3,423.8,425.35,2210
2026-08-26 10:04:58,424.95,425,423.9,424.15,2990
2026-08-26 10:05:58,427,427,421,423,3640
2026-08-26 10:06:58,422.25,422.35,418,418,4290
2026-08-26 10:07:58,418,418,410,412,13325
2026-08-26 10:08:59,413,415.5,412.3,415,3770
2026-08-26 10:09:58,413.05,413.3,410.45,411.8,3380
2026-08-26 10:10:58,411.7,411.75,407.1,407.2,4680
2026-08-26 10:11:59,407.1,408.4,402.8,404.6,7215
2026-08-26 10:12:58,404.6,411,404.6,411,9620
2026-08-26 10:13:58,410.35,412.6,408.8,411.35,4290
2026-08-26 10:14:59,413.55,414.3,409.8,409.8,3510
2026-08-26 10:15:59,409.8,413.7,409.8,410.05,3315
2026-08-26 10:16:58,410.3,410.65,403,403.25,5330
2026-08-26 10:17:59,402.65,402.8,393.3,393.9,16185
2026-08-26 10:18:58,393.15,396.5,392.35,394.8,4095
2026-08-26 10:19:58,395.3,395.3,390.3,394.05,5135
2026-08-26 10:20:58,394.2,394.9,383.15,384.8,9750
2026-08-26 10:21:58,384.85,386.9,382.25,383.2,11765
2026-08-26 10:22:58,383.8,388.2,383.8,388.05,13585
2026-08-26 10:23:59,386.5,388.8,378.05,378.75,9100
2026-08-26 10:24:59,377.15,385.2,376.25,383.55,9815
2026-08-26 10:25:59,384.95,385.25,382.15,383.05,7865
2026-08-26 10:26:58,383.3,383.3,380,380.2,5980
2026-08-26 10:27:59,382.25,382.25,380.5,382,3120
2026-08-26 10:28:59,382,385,380.4,384.8,7995
2026-08-26 10:29:59,383.45,386.45,383.2,384.25,5005
2026-08-26 10:30:58,384.25,389,383.85,387,10075
2026-08-26 10:31:59,386.85,390,386.85,388.5,11700
2026-08-26 10:32:59,390,394.8,389,394,5005
2026-08-26 10:33:59,394.5,395,390.4,390.4,6175
2026-08-26 10:34:59,391.5,394.7,390.5,393.05,1105
2026-08-26 10:35:58,394.8,395,391.65,393.65,7735
2026-08-26 10:36:58,392.85,394.9,392.35,392.35,2015
2026-08-26 10:37:59,393.15,393.15,389.8,391.3,4940
2026-08-26 10:38:59,391.3,394,391.3,394,3705
2026-08-26 10:39:58,395,396.95,394,396.95,16445
2026-08-26 10:40:59,396.65,397,390.2,390.2,7085
2026-08-26 10:41:59,390.4,391.55,390,390,2470
2026-08-26 10:42:58,391.8,392.15,390.7,392.15,2080
2026-08-26 10:43:58,392.15,399.45,392.15,398.7,3965
2026-08-26 10:44:58,396.5,399.25,396.25,397.45,4550
2026-08-26 10:45:59,397.05,397.2,385.45,387.55,14885
2026-08-26 10:46:58,387.15,388.95,387.15,388.8,3575
2026-08-26 10:47:59,387.45,388.65,386,388.6,2860
2026-08-26 10:48:59,388,389.8,386,389.8,2730
2026-08-26 10:49:58,390,392.35,389.65,390.65,2470
2026-08-26 10:50:59,391.2,391.2,388.5,389.8,9100
2026-08-26 10:51:59,389.75,389.75,387.6,389.25,6175
2026-08-26 10:52:59,388.8,391.3,388.8,390.25,1690
2026-08-26 10:53:59,390.6,390.6,387.8,390,1105
2026-08-26 10:54:58,391.5,393.1,391.5,392,2860
2026-08-26 10:55:59,392.4,392.8,389.75,389.75,3445
2026-08-26 10:56:58,391.55,391.55,390.65,390.65,1560
2026-08-26 10:57:59,391.9,398.15,391.9,398.15,5330
2026-08-26 10:58:58,397.25,397.8,395.2,395.35,3120
2026-08-26 10:59:59,397,397,392,392.25,3900
2026-08-26 11:00:59,391.6,391.8,390,391.8,5525
2026-08-26 11:01:59,391.45,392.35,386.6,392.1,3640
2026-08-26 11:02:59,392.2,395.3,392.2,393,3250
2026-08-26 11:03:58,391.8,393,388.9,388.9,4355
2026-08-26 11:04:59,388,390,388,389.7,1235
2026-08-26 11:05:59,388.65,388.95,387.65,387.65,4485
2026-08-26 11:06:58,388.2,388.2,384,387.6,5655
2026-08-26 11:07:59,387.75,389.35,386,387.9,3380
2026-08-26 11:08:59,391,392.9,390,392.9,2730
2026-08-26 11:09:58,391.45,391.45,389.85,390.55,4290
2026-08-26 11:10:59,392.5,395,392.35,394.65,2340
2026-08-26 11:11:58,393.05,394.25,390.9,392.5,1820
2026-08-26 11:12:59,394.25,395.45,394.25,395.2,845
2026-08-26 11:13:58,395.6,397.5,395,397.5,2795
2026-08-26 11:14:59,396.65,400.75,395.75,400.75,7020
2026-08-26 11:15:58,400.75,400.75,398,398,7150
2026-08-26 11:16:58,397.45,398,394.75,396.2,4940
2026-08-26 11:17:58,393.8,393.8,390,390,1365
2026-08-26 11:18:59,388.9,388.9,382.2,384.7,6825
2026-08-26 11:19:58,384.75,386.55,383.75,386,5265
2026-08-26 11:20:58,385.35,386,383.75,386,6825
2026-08-26 11:21:58,386.85,388.45,386.4,387.4,3640
2026-08-26 11:22:59,386.25,386.35,378.15,378.75,11570
2026-08-26 11:23:59,378.1,379.95,373,379.95,14690
2026-08-26 11:24:59,380.55,383.2,380.55,383.2,4680
2026-08-26 11:25:59,383.2,384.45,382.3,384.45,4550
2026-08-26 11:26:58,384.3,384.3,383,383,1300
2026-08-26 11:27:58,383.85,383.85,380.75,380.75,975
2026-08-26 11:28:59,380.9,382.95,379.35,382.6,520
2026-08-26 11:29:58,383.25,385.95,383.25,383.8,2340
2026-08-26 11:30:59,382.25,382.75,380.45,380.5,4615
2026-08-26 11:31:59,380.75,380.75,376.35,376.55,5070
2026-08-26 11:32:59,376.05,380,372.8,379.75,6305
2026-08-26 11:33:58,380.6,380.6,375.4,376.35,1365
2026-08-26 11:34:59,376.25,379.2,376.2,379.2,2795
2026-08-26 11:35:58,378.35,383.15,378.35,383.15,2665
2026-08-26 11:36:59,383.35,384.3,383.3,383.9,1755
2026-08-26 11:37:59,383.85,387.3,383.1,387.3,1300
2026-08-26 11:38:59,385.75,387.1,385.75,386.1,2275
2026-08-26 11:39:59,386.85,387.3,385.7,385.85,715
2026-08-26 11:40:59,385.25,387,385.1,385.8,4810
2026-08-26 11:41:59,385.85,386.1,383.1,385.6,3250
2026-08-26 11:42:58,385.65,386.95,385.05,386.1,2795
2026-08-26 11:43:58,387.3,387.3,386,386,1105
2026-08-26 11:44:59,386.85,387.45,385,387.45,780
2026-08-26 11:45:59,384.2,387,383.3,386.1,8905
2026-08-26 11:46:58,386.05,386.1,384,384,2600
2026-08-26 11:47:59,383.8,384,382.7,383.35,2015
2026-08-26 11:48:58,383.4,383.4,378.8,380.5,2665
2026-08-26 11:49:59,380.45,381.6,379.05,380.7,1495
2026-08-26 11:50:59,380.5,381.6,380,381.6,650
2026-08-26 11:51:58,380,380,377,377.4,2600
2026-08-26 11:52:58,377.25,378.3,377.25,377.55,910
2026-08-26 11:53:58,377.7,377.7,376.1,376.1,910
2026-08-26 11:54:58,376.1,376.1,370.5,372.5,8060
2026-08-26 11:55:58,374.25,376.85,371.1,376.85,3770
2026-08-26 11:56:58,376.35,377,373.9,373.9,4225
2026-08-26 11:57:58,374.65,374.65,370.75,370.8,4095
2026-08-26 11:58:58,370.3,373.5,370.25,373.25,2275
2026-08-26 11:59:59,373,373,371.3,372.25,1040
2026-08-26 12:00:59,371,372,367.65,368.85,74490
2026-08-26 12:01:59,369.15,370.8,367.25,369.3,3445
2026-08-26 12:02:58,369,369.5,364.1,366,8255
2026-08-26 12:03:58,366.05,366.7,363.15,363.65,10010
2026-08-26 12:04:58,363.25,367.35,361.4,367.35,75400
2026-08-26 12:05:59,368.2,369.95,366.8,369.9,6825
2026-08-26 12:06:59,369.95,370.85,366.9,366.9,5460
2026-08-26 12:07:58,368.2,368.2,364.6,366.15,14235
2026-08-26 12:08:58,366.1,366.1,363.65,364.95,4875
2026-08-26 12:09:59,364.85,365.6,361.1,361.1,5850
2026-08-26 12:10:58,362,363.65,361.05,361.05,6565
2026-08-26 12:11:58,360,362.85,359.2,361.35,10790
2026-08-26 12:12:59,361.5,362.25,360.4,361,5200
2026-08-26 12:13:59,361.65,365.2,361.3,365.2,3770
2026-08-26 12:14:59,364.6,367.9,363.95,367.8,11050
2026-08-26 12:15:58,366.9,367.2,364.05,367.2,7345
2026-08-26 12:16:59,366.5,367.75,365.6,365.6,2665
2026-08-26 12:17:59,364.5,368.95,364,368.95,7345
2026-08-26 12:18:59,369.9,370.9,369,370.8,7280
2026-08-26 12:19:58,370,371.25,368,369,10660
2026-08-26 12:20:58,369.5,369.5,366.35,366.35,3640
2026-08-26 12:21:58,366.35,368.35,363.35,368.35,3380
2026-08-26 12:22:59,368.4,368.75,363.45,364.5,5070
2026-08-26 12:23:59,365.5,366.85,364.9,365.75,6045
2026-08-26 12:24:58,366.55,370.25,366,370.25,2990
2026-08-26 12:25:58,370.25,370.25,366.05,367.45,5720
2026-08-26 12:26:59,369,369,366.3,366.8,715
2026-08-26 12:27:59,366.7,366.7,364.25,364.25,2340
2026-08-26 12:28:59,364.25,364.7,363.4,364.45,2340
2026-08-26 12:29:58,364.25,368.5,364.25,365,3185
2026-08-26 12:30:59,364.4,365.05,360.65,361.95,9555
2026-08-26 12:31:58,361.8,361.95,360.75,361.2,6435
2026-08-26 12:32:58,361.5,361.5,358.45,358.7,11635
2026-08-26 12:33:58,359,362.95,358.85,361.9,2210
2026-08-26 12:34:59,362.85,366,362.6,366,3900
2026-08-26 12:35:58,365.85,367.65,364.8,367.65,8255
2026-08-26 12:36:59,367.95,367.95,366.1,366.65,3835
2026-08-26 12:37:59,367.3,367.8,364.55,364.85,7215
2026-08-26 12:38:59,365.15,365.9,364.8,364.8,5785
2026-08-26 12:39:59,365.4,365.4,360.55,360.55,5655
2026-08-26 12:40:59,360.75,361.35,359.25,359.6,16510
2026-08-26 12:41:59,359,360,358,359.75,6630
2026-08-26 12:42:59,358.75,362.6,358.75,361.8,2015
2026-08-26 12:43:58,364,365.8,364,365.8,3640
2026-08-26 12:44:59,364.5,367,364.5,366.15,2080
2026-08-26 12:45:59,366,367,364.05,364.05,3900
2026-08-26 12:46:59,364,365.5,363.1,364,10790
2026-08-26 12:47:58,363.75,363.75,362,362.35,1365
2026-08-26 12:48:59,360.55,363.25,360.15,362.65,1755
2026-08-26 12:49:58,362.45,363,360.2,360.65,3835
2026-08-26 12:50:58,360.65,360.95,359.2,360,5655
2026-08-26 12:51:59,359.65,361.9,359.5,359.65,1755
2026-08-26 12:52:59,359.25,360.15,358.95,360.15,7280
2026-08-26 12:53:59,358.9,360.45,358.9,360,4550
2026-08-26 12:54:58,360.4,362.3,360.4,362.3,2015
2026-08-26 12:55:59,363,363,362.3,362.75,1040
2026-08-26 12:56:58,363.9,365.7,363.4,365.7,7930
2026-08-26 12:57:58,363.45,364.6,362.7,362.9,1885
2026-08-26 12:58:58,363.8,365.25,363.75,363.75,1690
2026-08-26 12:59:59,365.55,365.55,361.1,361.15,2795
2026-08-26 13:00:59,362.2,362.5,360.5,361,9490
2026-08-26 13:01:59,360.5,360.5,356.9,356.9,10140
2026-08-26 13:02:59,357.15,357.2,353.4,353.95,15600
2026-08-26 13:03:58,355.35,359,354.05,358.3,5005
2026-08-26 13:04:59,357.7,359.45,356.3,359.45,2925
2026-08-26 13:05:59,359.25,363,359.25,363,2665
2026-08-26 13:06:58,361.95,364.3,361.95,363.7,8125
2026-08-26 13:07:59,362.9,363.7,360.3,363.45,3250
2026-08-26 13:08:59,363.45,363.55,358.1,358.3,5785
2026-08-26 13:09:58,358.05,358.6,356.25,357.1,6630
2026-08-26 13:10:59,357.6,357.6,355.75,355.8,4095
2026-08-26 13:11:58,356.35,359,356.3,358.45,2145
2026-08-26 13:12:59,359,360.9,359,360.9,4550
2026-08-26 13:13:58,361,361,360,360,6825
2026-08-26 13:14:59,359.75,360.2,357.25,357.25,1430
2026-08-26 13:15:59,358.25,358.25,353.85,353.85,12870
2026-08-26 13:16:59,353.55,353.8,351.45,352,8385
2026-08-26 13:17:59,351.75,353.45,347.4,352.55,12220
2026-08-26 13:18:58,352.75,354.5,351,354.5,2535
2026-08-26 13:19:59,354.55,356.65,354.5,355.4,2210
2026-08-26 13:20:58,354.5,354.5,351,352.8,5915
2026-08-26 13:21:58,352,352.05,350.85,351.55,1690
2026-08-26 13:22:59,354.55,355,353.3,354.4,715
2026-08-26 13:23:59,354.05,354.05,350,350.3,7020
2026-08-26 13:24:59,350,351.65,350,351,1885
2026-08-26 13:25:58,351.3,351.6,350.05,351.6,1820
2026-08-26 13:26:59,351.75,353.15,350.85,352.8,2535
2026-08-26 13:27:58,352.8,352.8,348.15,349.6,7800
2026-08-26 13:28:58,348.65,350,348.25,349.2,4095
2026-08-26 13:29:59,349.35,354.8,349.3,354.8,4095
2026-08-26 13:30:59,354.7,354.85,351.85,354.85,5005
2026-08-26 13:31:58,354.55,354.55,352.5,352.5,1950
2026-08-26 13:32:58,352.6,354.05,352.1,353.15,2210
2026-08-26 13:33:59,354.1,355.5,353.9,353.9,1495
2026-08-26 13:34:59,354.15,356.35,353.5,356.3,845
2026-08-26 13:35:59,356.1,356.1,352,352.6,8320
2026-08-26 13:36:59,353,354.85,352.3,353.95,975
2026-08-26 13:37:59,352.5,354.75,352,354.25,1560
2026-08-26 13:38:58,354.2,355,353.75,354.3,2470
2026-08-26 13:39:59,353.7,354,352.65,354,1170
2026-08-26 13:40:59,354.5,359,354.3,358,5135
2026-08-26 13:41:59,358.3,359.6,358.05,358.05,2860
2026-08-26 13:42:58,356.9,356.9,352.95,353.55,7865
2026-08-26 13:43:58,355,355,353.1,353.45,2860
2026-08-26 13:44:59,353.5,353.5,349.55,349.75,4615
2026-08-26 13:45:58,350.4,352.15,348,350.5,3380
2026-08-26 13:46:59,350.1,353.7,350.1,353.7,2600
2026-08-26 13:47:59,354.15,354.15,349.6,351.25,2015
2026-08-26 13:48:59,351.1,351.1,349.35,349.6,8645
2026-08-26 13:49:59,349.9,352,349.9,352,2535
2026-08-26 13:50:58,352.5,352.9,352.3,352.9,1950
2026-08-26 13:51:59,352.3,353.15,349.9,353.15,2665
2026-08-26 13:52:59,353.5,355.8,353.5,354.65,6955
2026-08-26 13:53:59,354.6,354.7,353.25,353.9,8970
2026-08-26 13:54:58,352.8,355.55,352.8,355.55,6890
2026-08-26 13:55:59,354.35,355.3,353.75,353.75,5785
2026-08-26 13:56:59,353.6,353.6,351.15,352.75,5655
2026-08-26 13:57:58,351.85,352.9,351.2,351.2,5655
2026-08-26 13:58:58,352.2,352.65,351,352.2,5200
2026-08-26 13:59:58,353.85,353.85,353.05,353.05,520
2026-08-26 14:00:59,354.1,354.1,351.9,352.05,2795
2026-08-26 14:01:59,352.3,356,350.9,355.35,4095
2026-08-26 14:02:58,354.2,356.35,353.65,353.65,585
2026-08-26 14:03:58,353.55,355.85,352.7,355.85,910
2026-08-26 14:04:58,355.1,355.45,353.25,355.3,4615
2026-08-26 14:05:58,354.05,356.7,354.05,356.7,1820
2026-08-26 14:06:59,356.9,356.9,355,356.1,2210
2026-08-26 14:07:59,356,356,353.35,355.1,4355
2026-08-26 14:08:59,353.55,359,353.55,357.95,4160
2026-08-26 14:09:58,359,359.2,357.8,357.85,2600
2026-08-26 14:10:58,358.9,358.9,356.65,357.5,1495
2026-08-26 14:11:59,357.45,360,357.15,359.3,3185
2026-08-26 14:12:58,358.85,365.1,358.85,364.5,11310
2026-08-26 14:13:58,365,365.8,363.3,365,5265
2026-08-26 14:14:59,364.05,365.25,363.1,364.1,4160
2026-08-26 14:15:59,364.15,366.2,363.95,366.05,3055
2026-08-26 14:16:59,366.4,367.2,365.25,366.75,13845
2026-08-26 14:17:58,365.85,367.8,365.85,365.85,1625
2026-08-26 14:18:58,365.7,366.25,363.95,365.15,3380
2026-08-26 14:19:58,366.4,366.4,365,365,1365
2026-08-26 14:20:59,365.3,367.7,365.3,366.35,4030
2026-08-26 14:21:59,366.45,367.3,365.7,367.2,3575
2026-08-26 14:22:59,365.7,366.4,365,365.55,1365
2026-08-26 14:23:58,365.55,365.55,364,364,1950
2026-08-26 14:24:58,364,364,360.5,361,1820
2026-08-26 14:25:59,362,363,360,363,2600
2026-08-26 14:26:59,363.3,364.45,362.05,362.35,975
2026-08-26 14:27:59,361.55,362.55,360.85,362.55,3575
2026-08-26 14:28:59,362.15,362.5,360.2,361,2275
2026-08-26 14:29:59,360,364.45,360,364.45,1495
2026-08-26 14:30:58,364.8,368,364.8,365.8,7475
2026-08-26 14:31:59,365,370,364,369.45,4355
2026-08-26 14:32:58,368.5,368.5,366,368.05,2015
2026-08-26 14:33:58,366.75,367.15,365,366.35,3640
2026-08-26 14:34:59,367.1,367.1,363.1,365,3380
2026-08-26 14:35:58,365.6,366.95,365,366.05,6955
2026-08-26 14:36:58,366.05,367.65,365.85,367.65,2210
2026-08-26 14:37:58,368.1,369.55,366.15,368.25,3510
2026-08-26 14:38:59,368.25,368.25,366.15,366.15,2860
2026-08-26 14:39:59,367.3,368.25,366,366.5,4940
2026-08-26 14:40:59,365.5,367.25,365.5,367.25,1170
2026-08-26 14:41:58,367.5,368.45,366.3,368.45,2405
2026-08-26 14:42:58,368.3,368.3,366.3,367.35,1040
2026-08-26 14:43:59,367.1,368.5,366.25,367.5,1560
2026-08-26 14:44:59,366.95,367.95,366.45,367.2,3965
2026-08-26 14:45:59,367.3,371.1,367.3,370.5,6435
2026-08-26 14:46:59,370.05,372,368.05,372,1755
2026-08-26 14:47:59,372.4,375.25,372,372,13000
2026-08-26 14:48:59,372.15,376.95,371.3,376.05,20930
2026-08-26 14:49:59,374.85,375.7,373.8,373.8,7995
2026-08-26 14:50:59,374.8,375.75,373.6,374.95,21320
2026-08-26 14:51:58,374.85,374.85,372.15,372.55,6695
2026-08-26 14:52:59,372.55,373.8,371.45,373.8,1690
2026-08-26 14:53:59,372.4,375.8,371.8,374.6,20930
2026-08-26 14:54:59,375,377.25,375,375,13845
2026-08-26 14:55:58,375.6,376.4,373.35,373.35,4290
2026-08-26 14:56:59,374,374.75,372.7,373.2,7605
2026-08-26 14:57:59,373,375.2,372,374.55,6240
2026-08-26 14:58:58,373.5,374.3,370,370,5460
2026-08-26 14:59:59,370,371,369.25,369.25,7345
2026-08-26 15:00:59,368.9,369.1,362.5,367,14170
2026-08-26 15:01:59,366.75,370,365.55,370,2730
2026-08-26 15:02:59,370,372,370,371.3,6110
2026-08-26 15:03:58,372,372.7,370.65,372.7,4355
2026-08-26 15:04:59,373,373.4,372,372.05,3185
2026-08-26 15:05:58,372.6,372.6,366.6,368,5980
2026-08-26 15:06:58,369,369,367.35,367.45,2275
2026-08-26 15:07:59,366.55,368,366.3,367,2860
2026-08-26 15:08:59,367,368.45,366.8,367.55,780
2026-08-26 15:09:59,366.65,368.75,366.65,368,1235
2026-08-26 15:10:58,369.4,370,367.65,369.35,2925
2026-08-26 15:11:58,370.5,371.85,368.9,369.25,4030
2026-08-26 15:12:59,370.2,371.7,370,371,1690
2026-08-26 15:13:59,374.9,374.9,370,371,4745
2026-08-26 15:14:59,371.4,372.4,368.1,368.1,29185
2026-08-26 15:15:59,369.3,369.75,366,366.6,3900
2026-08-26 15:16:58,368.05,370.55,367.3,369.05,3705
2026-08-26 15:17:59,370.9,371,370.3,371,2665
2026-08-26 15:18:59,370.8,372,370,370.4,4355
2026-08-26 15:19:59,371,372,370.65,371.2,5850
2026-08-26 15:20:58,371.25,371.25,362.5,363.05,5655
2026-08-26 15:21:58,365.5,365.55,360,360,8190
2026-08-26 15:22:59,363.45,364.5,359.75,359.95,13455
2026-08-26 15:23:59,358.85,358.85,354.8,357.2,9815
2026-08-26 15:24:59,357.45,360.75,357.45,359.25,2795
2026-08-26 15:25:59,364.1,364.1,358.8,361.55,7800
2026-08-26 15:26:59,361.75,361.8,359.75,360.65,5785
2026-08-26 15:27:59,360.3,361.6,355.7,357.1,3835
2026-08-26 15:28:59,356.5,361.1,356.2,356.2,14495
2026-08-26 15:29:59,355.35,357.25,353,355.35,21775
2026-08-26 15:30:58,354.25,354.25,341.8,343,24570
2026-08-26 15:31:59,341.95,343.8,336,338.05,45760
2026-08-26 15:32:58,337.95,344.65,336.65,344.65,8645
2026-08-26 15:33:59,343.25,345.9,343.25,344.3,12285
2026-08-26 15:34:59,343,343,340.15,340.45,9165
2026-08-26 15:35:59,340.8,341.55,339.55,341.55,11700
2026-08-26 15:36:58,340.25,341.3,339.25,339.35,9815
2026-08-26 15:37:59,340.4,340.75,339.25,340.75,2600
2026-08-26 15:38:58,340.65,341,338.6,341,7215
2026-08-26 15:39:58,340.95,341.2,339.05,341,12805
2026-08-26 15:40:00,341.85,341.85,341.85,341.85,130
2026-08-27 09:15:58,339.4,346.5,324.55,345.2,50180
2026-08-27 09:16:58,343.45,346.65,331.5,331.5,38545
2026-08-27 09:17:58,333,333,317.25,321,62270
2026-08-27 09:18:58,319.95,331.5,319.95,331.5,40105
2026-08-27 09:19:58,330.8,332.5,328.1,328.1,14820
2026-08-27 09:20:58,328.25,329.95,323.9,325.85,17290
2026-08-27 09:21:58,325.6,330.85,325.6,327.6,5980
2026-08-27 09:22:58,329.2,329.2,322.1,323,7670
2026-08-27 09:23:58,322.5,322.5,319.2,320.95,17160
2026-08-27 09:24:58,321.25,322,320.05,320.05,5070
2026-08-27 09:25:58,320.1,322.2,319.35,321.5,8255
2026-08-27 09:26:58,321.45,325,321.25,325,3965
2026-08-27 09:27:58,323.55,323.55,315.5,315.8,17485
2026-08-27 09:28:59,315.55,315.7,309,313.85,42640
2026-08-27 09:29:58,312.9,313.85,310,310,96200
2026-08-27 09:30:58,310.8,312.9,310.75,311.55,16575
2026-08-27 09:31:58,312,314.3,308.2,308.3,9685
2026-08-27 09:32:58,308.05,311.45,307.65,309.15,8905
2026-08-27 09:33:58,310,312.1,309.4,312.1,7150
2026-08-27 09:34:58,313,316,313,316,7930
2026-08-27 09:35:58,315.7,319.35,315.7,316,9620
2026-08-27 09:36:58,315,315.55,312.95,312.95,3445
2026-08-27 09:37:59,312,312.15,309.2,310.35,9555
2026-08-27 09:38:59,311,312.8,308,309.2,13455
2026-08-27 09:39:59,308.45,310.2,307.05,309.55,8255
2026-08-27 09:40:59,309.3,310,308.85,309,8775
2026-08-27 09:41:59,310,311.75,309.35,310.3,6110
2026-08-27 09:42:59,310.3,310.3,309,309.15,8125
2026-08-27 09:43:58,310.35,310.6,309.45,309.45,4095
2026-08-27 09:44:59,310.15,312.4,310.15,311.45,6175
2026-08-27 09:45:58,311.9,314.05,311,313.45,5850
2026-08-27 09:46:58,312,315.65,311.5,314.6,6045
2026-08-27 09:47:59,314.6,318.45,313.3,313.3,6890
2026-08-27 09:48:59,313.8,317.2,313.1,317.2,4290
2026-08-27 09:49:59,317.8,317.9,315.8,316.25,3445
2026-08-27 09:50:59,315.5,315.5,310.35,310.6,4810
2026-08-27 09:51:58,310.8,310.9,306.35,309.6,15860
2026-08-27 09:52:59,311.6,312.8,310,310.6,5070
2026-08-27 09:53:59,310.85,314.3,310.85,314.3,5005
2026-08-27 09:54:59,314.3,314.3,308,308.3,9620
2026-08-27 09:55:59,308.85,309,306,308.55,8320
2026-08-27 09:56:58,308.65,309.25,306.9,307.95,5460
2026-08-27 09:57:59,307.9,308,306.5,307.8,9815
2026-08-27 09:58:59,306,306,303.6,304.25,7215
2026-08-27 09:59:58,305.75,306.1,303.95,304.5,4095
2026-08-27 10:00:58,305.05,305.05,299.4,299.85,33410
2026-08-27 10:01:59,300.45,301.2,297,298.35,14560
2026-08-27 10:02:58,299.2,301.6,299.2,299.25,7020
2026-08-27 10:03:59,299.65,299.7,296.8,298.55,16900
2026-08-27 10:04:59,298.3,301.3,298.3,298.8,12805
2026-08-27 10:05:59,298,299.35,296,296.55,6760
2026-08-27 10:06:58,297.65,297.8,294.5,296.05,11570
2026-08-27 10:07:58,296.8,300,296.7,299.7,13130
2026-08-27 10:08:59,299.55,299.7,297.75,297.75,9945
2026-08-27 10:09:58,298.65,301,297.65,301,5460
2026-08-27 10:10:59,301,301.9,299.8,301.35,8970
2026-08-27 10:11:59,300.75,301.5,298.85,298.85,4030
2026-08-27 10:12:58,300.45,300.95,299.3,299.95,8970
2026-08-27 10:13:59,300,300,297.15,298,7670
2026-08-27 10:14:58,297,297.45,294.15,294.6,11570
2026-08-27 10:15:58,293.9,298.5,293.2,298.15,15860
2026-08-27 10:16:59,297.8,298.9,296.3,298.9,5330
2026-08-27 10:17:59,298.5,299,296.3,296.3,3705
2026-08-27 10:18:59,295.2,299,295.15,298.2,6890
2026-08-27 10:19:59,297.7,298.5,296.95,297.15,7865
2026-08-27 10:20:59,298,298,296.6,297,6370
2026-08-27 10:21:58,297,297,294.35,295,10140
2026-08-27 10:22:59,295,296.4,294,294.15,11895
2026-08-27 10:23:59,295,296.1,293,293.5,11505
2026-08-27 10:24:58,294.25,294.65,292.1,293.65,12415
2026-08-27 10:25:58,293.4,293.4,291,292.15,12350
2026-08-27 10:26:58,292.65,294.75,291.7,291.7,6045
2026-08-27 10:27:59,291.7,295.6,291.7,295.6,6630
2026-08-27 10:28:59,295.8,296.7,293.15,293.85,3770
2026-08-27 10:29:59,293.6,294.5,291.3,292.6,8645
2026-08-27 10:30:59,292.9,294.7,291.55,292.9,12545
2026-08-27 10:31:59,293.5,293.75,291.95,292.95,4160
2026-08-27 10:32:59,293.25,297.2,293.25,296,5915
2026-08-27 10:33:59,295.8,298.7,295.4,297.6,4290
2026-08-27 10:34:58,297.6,297.75,295.15,296.5,7865
2026-08-27 10:35:59,296.6,296.75,294,294.1,13065
2026-08-27 10:36:59,294,295.75,293.4,295.35,7930
2026-08-27 10:37:58,294,295.25,293.75,294,10985
2026-08-27 10:38:59,293.1,295.55,293.1,294.1,5330
2026-08-27 10:39:59,294.9,296.1,293.1,294.75,10140
2026-08-27 10:40:58,293.8,294.65,292.9,292.9,8970
2026-08-27 10:41:59,292.85,293.1,290.2,291.15,12285
2026-08-27 10:42:59,291.2,291.75,290.75,290.9,4680
2026-08-27 10:43:59,290.8,291.55,288.65,289.45,11050
2026-08-27 10:44:59,289.3,289.85,284.3,286.45,17290
2026-08-27 10:45:59,287.25,288.5,285.45,285.45,14690
2026-08-27 10:46:59,285.2,290.15,285.15,290,6565
2026-08-27 10:47:59,290,290,286.75,287.75,18200
2026-08-27 10:48:59,287.55,288.2,285.6,288,2535
2026-08-27 10:49:59,287.25,288.25,286,288,5200
2026-08-27 10:50:59,287.2,287.8,283,283.2,9750
2026-08-27 10:51:59,283.05,284.35,280.5,281.5,12480
2026-08-27 10:52:58,283.2,283.75,282.05,282.15,8060
2026-08-27 10:53:58,282.15,284,282.15,283.35,8970
2026-08-27 10:54:58,283.6,283.6,282,283.2,7540
2026-08-27 10:55:58,283,283.2,282,282.5,8450
2026-08-27 10:56:58,282.25,283,281.25,281.45,5915
2026-08-27 10:57:58,282,283.4,281.65,283.15,5460
2026-08-27 10:58:59,281.75,283.4,281.5,283.4,5135
2026-08-27 10:59:59,283.4,284.35,282.7,283.95,5785
2026-08-27 11:00:58,283.1,284,282.6,283,15080
2026-08-27 11:01:59,283.5,283.5,281,282.05,4160
2026-08-27 11:02:59,281.85,285.95,281.4,285.25,8515
2026-08-27 11:03:59,284.8,288.15,284.8,285.05,26650
2026-08-27 11:04:59,285.2,287.25,285.2,286.65,4875
2026-08-27 11:05:58,288.4,289.2,287.25,289.2,13325
2026-08-27 11:06:58,288.4,290.25,288.4,289.6,3120
2026-08-27 11:07:59,289.2,289.5,287.65,288.25,8580
2026-08-27 11:08:59,288.9,289.15,287.45,288.9,4095
2026-08-27 11:09:58,289.55,290.15,289.5,289.75,1040
2026-08-27 11:10:59,289.1,289.5,288.55,289.1,2795
2026-08-27 11:11:59,288.55,289.1,286.55,286.55,2795
2026-08-27 11:12:58,286.55,286.55,285.75,285.75,2665
2026-08-27 11:13:58,285.2,285.3,284.45,285.1,7345
2026-08-27 11:14:59,285.15,286.5,284,284,5525
2026-08-27 11:15:59,284,284.8,283.8,284.75,7410
2026-08-27 11:16:58,285,285.2,281.05,282,18915
2026-08-27 11:17:59,282,284.3,281.55,281.55,5850
2026-08-27 11:18:58,282.6,282.6,278.4,280.5,18200
2026-08-27 11:19:59,280.4,281.4,277.5,278.6,27105
2026-08-27 11:20:59,277.3,278.4,275.55,277.9,17290
2026-08-27 11:21:59,278.4,279.6,276.9,276.9,7735
2026-08-27 11:22:59,277.45,278,275,275.15,12740
2026-08-27 11:23:58,275.45,275.45,271.95,272.5,26585
2026-08-27 11:24:58,272.8,274.45,272.3,272.75,25025
2026-08-27 11:25:59,272.9,276.5,271.6,275.4,18330
2026-08-27 11:26:59,276,276.6,273.9,274.7,15665
2026-08-27 11:27:59,273.8,275.2,273.55,275.2,8125
2026-08-27 11:28:58,274.45,275.5,272.85,275,12610
2026-08-27 11:29:59,276.15,276.9,275.5,276.9,3640
2026-08-27 11:30:58,277,277.1,276.05,276.7,5395
2026-08-27 11:31:59,276.5,280,276.35,279.75,6825
2026-08-27 11:32:58,278.75,280.55,278.45,279.85,7410
2026-08-27 11:33:59,279.7,281.9,279.1,281.7,12610
2026-08-27 11:34:59,281.85,282.6,281.35,282,16705
2026-08-27 11:35:59,282.75,282.85,281,281.8,12675
2026-08-27 11:36:59,282,282.45,281,281.85,6240
2026-08-27 11:37:59,282,284.2,281.1,283.65,12350
2026-08-27 11:38:59,283.7,284.25,282.1,283.15,13390
2026-08-27 11:39:58,283.25,283.55,281.7,283.3,7085
2026-08-27 11:40:59,282.35,284.25,282.2,284.2,8515
2026-08-27 11:41:59,283.65,284.75,283.2,284,2340
2026-08-27 11:42:58,283.2,283.45,281.9,282.8,2080
2026-08-27 11:43:58,283,283.5,282.25,282.25,650
2026-08-27 11:44:58,283.05,283.3,282.65,282.65,1040
2026-08-27 11:45:58,282.5,282.5,281.25,282.5,1040
2026-08-27 11:46:58,282.55,282.55,281.55,282.5,1170
2026-08-27 11:47:58,283.2,283.55,282.15,283.55,4810
2026-08-27 11:48:59,283.5,283.6,280.9,281.2,11440
2026-08-27 11:49:58,281,281.1,280.05,280.35,2730
2026-08-27 11:50:59,281.5,281.75,280.25,280.25,975
2026-08-27 11:51:58,280.1,281.25,280,280.75,3900
2026-08-27 11:52:58,282,284.9,281.55,284.9,3510
2026-08-27 11:53:59,285,285,283.25,284.75,4485
2026-08-27 11:54:59,284.55,285.3,283.8,284.1,2210
2026-08-27 11:55:59,284.75,285.3,283.2,285.2,10465
2026-08-27 11:56:59,285.6,285.6,283.05,284.7,17615
2026-08-27 11:57:59,284.5,285.8,283.5,285.7,7410
2026-08-27 11:58:59,285.2,287.15,284.85,287.15,5070
2026-08-27 11:59:58,286.1,287.45,285.75,287.45,12870
2026-08-27 12:00:59,287.1,287.1,284.1,285.7,3900
2026-08-27 12:01:58,283.95,284.75,282.25,282.55,4680
2026-08-27 12:02:58,282.55,283.45,281.4,282.7,3380
2026-08-27 12:03:59,282.55,284.75,281.3,283.25,6045
2026-08-27 12:04:59,282.65,284,281.3,284,5655
2026-08-27 12:05:59,284.25,284.9,282.85,282.85,7995
2026-08-27 12:06:59,282.25,283.45,282,283.2,5135
2026-08-27 12:07:59,283.2,283.25,279.1,279.1,5590
2026-08-27 12:08:59,278.2,279.8,277.8,278.65,10010
2026-08-27 12:09:58,280.35,282,278.65,282,1300
2026-08-27 12:10:58,281.15,282.4,280.25,282.4,3315
2026-08-27 12:11:58,283.1,283.1,280,280,2145
2026-08-27 12:12:59,280.5,281.7,279.85,281.25,4095
2026-08-27 12:13:59,281.3,285,281.3,285,1755
2026-08-27 12:14:58,284.6,287,284.6,285.8,2080
2026-08-27 12:15:58,287.25,289,286.85,287.6,4875
2026-08-27 12:16:59,287.7,288,286.5,286.5,2665
2026-08-27 12:17:59,287.75,289.9,287.6,288.1,6305
2026-08-27 12:18:58,288,289.05,285.2,285.2,2145
2026-08-27 12:19:59,285.95,285.95,282.9,282.9,5655
2026-08-27 12:20:58,284,284,281.3,281.3,1885
2026-08-27 12:21:58,281.05,284.95,280.5,284.1,12415
2026-08-27 12:22:58,283.75,284.25,281.05,282.25,13130
2026-08-27 12:23:58,281.9,282.05,280.55,280.55,3835
2026-08-27 12:24:59,280.55,282.5,280.55,281.3,4810
2026-08-27 12:25:59,281,286.9,280.75,284.9,11570
2026-08-27 12:26:59,287,288.25,286,287.95,2145
2026-08-27 12:27:59,287.95,290.4,287.95,289.2,3510
2026-08-27 12:28:58,290,290.25,289.4,289.75,1105
2026-08-27 12:29:59,289.45,290.6,289.45,290.5,1820
2026-08-27 12:30:59,290.3,290.3,287.2,287.6,8840
2026-08-27 12:31:59,288.45,289.3,287.6,288.2,2730
2026-08-27 12:32:58,287,287.6,285.85,285.85,1170
2026-08-27 12:33:58,287.15,287.45,286.05,287.45,2665
2026-08-27 12:34:58,287,290.15,285.9,290.15,9490
2026-08-27 12:35:59,288.9,290.25,288.9,289.85,1560
2026-08-27 12:36:59,288.75,292.2,288.75,292.2,4875
2026-08-27 12:37:59,292.75,295.75,292.75,294.5,16965
2026-08-27 12:38:59,295.15,299.35,294.5,297.1,18915
2026-08-27 12:39:59,298.4,301.5,298.05,300.15,11830
2026-08-27 12:40:58,301.1,303.25,299.5,299.85,7800
2026-08-27 12:41:59,300.35,302.35,299.6,300.45,4875
2026-08-27 12:42:59,301.25,301.25,298,298.85,4745
2026-08-27 12:43:59,298.65,299.85,297.75,298,4550
2026-08-27 12:44:59,299.65,303.25,299.65,301.5,13260
2026-08-27 12:45:59,301.8,302,299.2,299.8,10270
2026-08-27 12:46:59,299.8,302.8,299.8,300.1,3185
2026-08-27 12:47:59,300.2,300.2,298.5,299,7670
2026-08-27 12:48:58,298.7,300,297.55,300,4940
2026-08-27 12:49:59,300.7,303.9,300,303.9,9685
2026-08-27 12:50:59,304.75,304.75,301.3,301.65,4550
2026-08-27 12:51:59,301,304.1,301,303.45,9230
2026-08-27 12:52:59,303.45,305,303.45,304.25,2795
2026-08-27 12:53:59,304.7,309,304.7,308.1,12740
2026-08-27 12:54:59,308,309,306.15,306.15,10075
2026-08-27 12:55:58,307.55,308.6,306,306,3900
2026-08-27 12:56:59,306.5,308.05,305.5,306.5,5525
2026-08-27 12:57:58,306.2,306.6,305,305.85,8450
2026-08-27 12:58:58,305.85,307,305.05,306.7,8515
2026-08-27 12:59:58,305,305.7,304.25,304.35,8840
2026-08-27 13:00:59,304.75,308.3,303.8,307,11245
2026-08-27 13:01:59,307,307,304.65,304.65,520
2026-08-27 13:02:59,304.75,307.25,304,305.4,2080
2026-08-27 13:03:58,306.1,307.05,304.85,304.85,1300
2026-08-27 13:04:59,305.25,306.6,305.25,305.25,2795
2026-08-27 13:05:59,304.75,306,303.05,303.05,2210
2026-08-27 13:06:58,303,304.65,301,301,3835
2026-08-27 13:07:58,301.6,302.7,300.7,302.6,4225
2026-08-27 13:08:59,302.65,302.65,300.45,301.8,2210
2026-08-27 13:09:58,303,305.5,303,304.95,1170
2026-08-27 13:10:58,304.65,306.8,303.8,304.8,3055
2026-08-27 13:11:59,306.4,306.8,304.75,306.7,1365
2026-08-27 13:12:59,305.9,309.95,305.7,308.8,5850
2026-08-27 13:13:59,309,309.45,306.7,309.2,5005
2026-08-27 13:14:58,309,310,308.9,310,7280
2026-08-27 13:15:58,309.8,311.85,309.3,310,4680
2026-08-27 13:16:59,308.45,309.45,306.75,306.75,2275
2026-08-27 13:17:58,306.75,306.9,304.9,306.55,1235
2026-08-27 13:18:59,305.7,310,304.9,309.95,1950
2026-08-27 13:19:59,308.45,308.45,304.55,306.3,1495
2026-08-27 13:20:59,306.85,309,305.75,309,455
2026-08-27 13:21:59,308.75,308.75,306.15,306.15,3185
2026-08-27 13:22:59,306.6,308.25,305.85,306.5,1040
2026-08-27 13:23:59,306.75,309,305.3,309,1625
2026-08-27 13:24:58,309,310,309,310,3705
2026-08-27 13:25:59,309.15,309.3,307.95,308.2,1820
2026-08-27 13:26:59,308.45,309.05,308.45,309.05,3380
2026-08-27 13:27:58,308.15,308.15,306.75,306.85,4355
2026-08-27 13:28:59,306.2,306.5,303,303.3,2275
2026-08-27 13:29:58,303.3,306.8,303.3,306.3,1300
2026-08-27 13:30:58,304.4,304.4,302,302,3510
2026-08-27 13:31:59,302,302,298.5,299.6,13585
2026-08-27 13:32:58,299,300,298.5,300,12935
2026-08-27 13:33:58,300.75,305,299.35,304.35,13520
2026-08-27 13:34:59,304.35,304.45,302.75,303.9,3250
2026-08-27 13:35:58,304.85,305.55,304.15,304.15,975
2026-08-27 13:36:59,303,303.7,302,302.55,715
2026-08-27 13:37:59,302.55,303.75,302.55,303.4,1300
2026-08-27 13:38:58,303.55,307.55,303.05,306.5,4485
2026-08-27 13:39:59,307.75,308.7,305,305,10465
2026-08-27 13:40:59,304.3,304.3,301.6,301.6,1105
2026-08-27 13:41:58,300.7,302.3,299.05,302.3,3705
2026-08-27 13:42:59,302.15,302.15,298.8,299.45,1625
2026-08-27 13:43:59,300.3,300.5,297.75,300,1625
2026-08-27 13:44:58,302.25,302.25,298.8,298.8,3965
2026-08-27 13:45:58,297.8,297.8,294,294.5,17030
2026-08-27 13:46:59,294.75,296.75,292.3,293.85,4030
2026-08-27 13:47:59,293.15,294,290.6,290.6,1560
2026-08-27 13:48:59,290,290.65,282,285.2,15795
2026-08-27 13:49:59,285.7,288.65,285.55,285.55,6825
2026-08-27 13:50:59,285,286.85,283.7,286.75,4940
2026-08-27 13:51:59,285.55,285.75,284.2,284.2,10790
2026-08-27 13:52:59,284.6,285,283,285,3510
2026-08-27 13:53:58,283.65,283.9,282,283.3,4875
2026-08-27 13:54:58,283.05,284,282.25,282.9,3965
2026-08-27 13:55:58,282.35,283.35,281.25,281.75,3120
2026-08-27 13:56:58,281.3,283,281,282.05,3380
2026-08-27 13:57:58,282.8,283,279.2,280.95,10790
2026-08-27 13:58:58,279.25,281,278.5,278.9,9685
2026-08-27 13:59:58,278.3,279.7,277.75,278.05,9425
2026-08-27 14:00:58,279,280.45,278.2,280,4355
2026-08-27 14:01:58,279.65,280.85,278,279.2,7085
2026-08-27 14:02:59,280.2,280.85,278.65,280.85,2470
2026-08-27 14:03:59,280,280.05,277.45,279,3770
2026-08-27 14:04:58,278.5,279.95,278.4,278.95,2730
2026-08-27 14:05:59,278.9,281.95,277.65,281.95,4810
2026-08-27 14:06:59,281.95,282.25,279.75,281.6,7930
2026-08-27 14:07:59,281.25,281.25,278,278,3770
2026-08-27 14:08:58,278,278.15,275.45,277.2,7410
2026-08-27 14:09:58,277.9,278.65,276.65,278.65,1365
2026-08-27 14:10:58,278.2,280.45,278.2,280.3,3120
2026-08-27 14:11:58,279.55,282.85,279.55,282.85,6305
2026-08-27 14:12:58,283.25,283.5,282,283.5,4095
2026-08-27 14:13:59,283.7,283.7,282.1,283,4290
2026-08-27 14:14:59,283.5,283.5,281.35,282.65,5525
2026-08-27 14:15:59,282.35,283,281.8,282,2210
2026-08-27 14:16:58,283,285,283,284.1,1885
2026-08-27 14:17:59,284,284.8,283.25,284.8,2535
2026-08-27 14:18:59,284.8,284.8,283.25,284.5,650
2026-08-27 14:19:58,284,284.1,283.05,284.1,1040
2026-08-27 14:20:58,286,286.3,284.75,286.3,5720
2026-08-27 14:21:59,286.5,286.5,285.2,285.95,8190
2026-08-27 14:22:58,286.45,286.6,285.35,285.7,1235
2026-08-27 14:23:59,286.4,288,286.1,288,7475
2026-08-27 14:24:59,288.35,288.45,287,287,650
2026-08-27 14:25:59,287.8,288.15,285.3,286,11375
2026-08-27 14:26:58,287.5,288.4,287.15,288.35,2405
2026-08-27 14:27:59,287.85,289.4,287.75,289.4,10725
2026-08-27 14:28:59,289.05,291.5,289,291.5,4030
2026-08-27 14:29:59,291.6,293.75,291.45,293.75,5850
2026-08-27 14:30:58,294.5,296.45,292.25,293.9,12870
2026-08-27 14:31:59,294.15,294.15,291.55,291.55,3575
2026-08-27 14:32:59,291,292.25,285.75,285.75,8515
2026-08-27 14:33:59,285.95,292.45,285.95,291.95,3250
2026-08-27 14:34:59,293.7,295.25,292.15,292.15,7215
2026-08-27 14:35:59,292.95,292.95,289.25,290.5,2210
2026-08-27 14:36:59,291.25,292.25,290.75,290.75,910
2026-08-27 14:37:58,290.85,291.5,290.75,291.5,845
2026-08-27 14:38:59,290.7,291.5,289.8,290.4,3120
2026-08-27 14:39:59,290.95,294,290.8,294,1235
2026-08-27 14:40:58,294.2,294.2,291.9,292.65,975
2026-08-27 14:41:59,292.8,292.8,292.2,292.2,325
2026-08-27 14:42:58,291.9,293.45,291,291,975
2026-08-27 14:43:58,290,290.5,288,288,1235
2026-08-27 14:44:59,289.55,291,289.55,290.1,3055
2026-08-27 14:45:59,290.75,291,290,290.65,1495
2026-08-27 14:46:59,291,291.5,290.2,291.25,3185
2026-08-27 14:47:59,292.1,293.9,291.6,293.25,7280
2026-08-27 14:48:58,292.6,293.75,292.35,293.4,6045
2026-08-27 14:49:59,293.4,294,291.8,293.3,5135
2026-08-27 14:50:59,293.4,294.9,293.3,294.3,5200
2026-08-27 14:51:58,294.5,294.5,289.1,289.1,9555
2026-08-27 14:52:58,289.9,292.2,287.55,291.45,5655
2026-08-27 14:53:58,290.85,293,290.75,291.85,4225
2026-08-27 14:54:59,293.15,293.4,292.2,292.9,3315
2026-08-27 14:55:59,293,294.6,292.25,293,10075
2026-08-27 14:56:59,294.05,294.5,292.85,293.45,2210
2026-08-27 14:57:59,293.4,294.35,292.25,293.05,6955
2026-08-27 14:58:59,292.85,293.4,290.75,291.9,2535
2026-08-27 14:59:58,291.75,295,291.75,295,5915
2026-08-27 15:00:58,294.8,296.35,292.9,296.35,11570
2026-08-27 15:01:58,296.25,297,293.55,296.5,3510
2026-08-27 15:02:58,296.45,296.95,294.55,294.55,5915
2026-08-27 15:03:58,295,295,293.25,293.75,8840
2026-08-27 15:04:59,292.7,292.7,290.5,290.95,2665
2026-08-27 15:05:59,290.85,290.85,289.05,289.3,13000
2026-08-27 15:06:59,289,289.45,286.5,287.25,7345
2026-08-27 15:07:59,285.3,288.45,284.5,287.25,11570
2026-08-27 15:08:59,288,289.2,287.45,287.85,6045
2026-08-27 15:09:58,287.95,289.15,286.55,287.45,10400
2026-08-27 15:10:59,286.75,287.3,284.6,285.35,27625
2026-08-27 15:11:59,285.3,287.35,285,285.7,8450
2026-08-27 15:12:58,284.85,285.95,281.2,281.35,18005
2026-08-27 15:13:59,282.45,286,282.45,285.45,4225
2026-08-27 15:14:59,285.3,285.95,283.25,283.25,4225
2026-08-27 15:15:59,284,285.5,281.05,282.3,9425
2026-08-27 15:16:59,281.4,284.5,281.4,282.55,1820
2026-08-27 15:17:59,282.65,284.2,281.55,284.2,10725
2026-08-27 15:18:59,284.25,288.6,284.25,287.7,7410
2026-08-27 15:19:59,288,288.7,284.75,284.9,3250
2026-08-27 15:20:58,284.2,284.2,277.2,277.2,6890
2026-08-27 15:21:58,277.85,278.7,275.6,277,5005
2026-08-27 15:22:59,275.7,276.25,274,275.9,9555
2026-08-27 15:23:59,276.95,277,275,275.75,3770
2026-08-27 15:24:58,276.75,277.9,270.9,272.1,18785
2026-08-27 15:25:58,273.1,276,270.6,273.95,21190
2026-08-27 15:26:59,273.15,274.95,270.3,271.05,14430
2026-08-27 15:27:59,270.7,271.15,263.75,268.15,18135
2026-08-27 15:28:59,267.75,268.1,265.35,267.9,3640
2026-08-27 15:29:59,267,269.3,267,268,6500
2026-08-27 15:30:58,268,270.9,267.45,270.35,17095
2026-08-27 15:31:59,270.3,270.8,268.45,270.35,20345
2026-08-27 15:32:58,270.45,274.35,269.75,272.75,17680
2026-08-27 15:33:58,272.5,272.5,269,269,8710
2026-08-27 15:34:59,268.2,268.75,266.4,267.35,11830
2026-08-27 15:35:59,266.55,267,264,264,15405
2026-08-27 15:36:58,264.25,264.25,261.9,262.7,11570
2026-08-27 15:37:59,262,263,260,263,15015
2026-08-27 15:38:59,263,264.35,262.5,263,8385
2026-08-27 15:39:58,262.85,264.95,262.5,263,12090
2026-08-28 09:15:58,269.6,277.7,265.95,269.2,71760
2026-08-28 09:16:59,267.6,271.9,264.55,267.95,52455
2026-08-28 09:17:59,268.45,273.8,267.45,271.95,28015
2026-08-28 09:18:59,271.85,272.2,267.8,269.2,21840
2026-08-28 09:19:59,267.75,270.4,264.35,264.5,13845
2026-08-28 09:20:59,264.2,269.05,262.35,268.5,41730
2026-08-28 09:21:59,268.35,275.95,268.35,275.95,25415
2026-08-28 09:22:59,276.1,277.2,270.55,272.1,17550
2026-08-28 09:23:58,271.1,274.15,270.6,272.8,2145
2026-08-28 09:24:58,272.8,280,272.8,279.35,7215
2026-08-28 09:25:58,279.8,288,279.35,288,26000
2026-08-28 09:26:58,289.65,294.45,286.3,293.75,26975
2026-08-28 09:27:58,293.7,302.3,292.05,296.3,33150
2026-08-28 09:28:58,296,296,289.6,289.6,13390
2026-08-28 09:29:58,289.5,293.85,287.8,293.85,20995
2026-08-28 09:30:58,291.1,293.9,285.7,289.15,14430
2026-08-28 09:31:58,289.65,292.45,285,286.95,4550
2026-08-28 09:32:58,286.9,291.65,286.55,291.65,5330
2026-08-28 09:33:58,292,294,290,294,15145
2026-08-28 09:34:58,293.15,299.35,292.7,292.8,16965
2026-08-28 09:35:58,291.85,294.85,291,291.55,6695
2026-08-28 09:36:58,291.2,292.3,288.35,288.4,4745
2026-08-28 09:37:58,288,289,284,289,19760
2026-08-28 09:38:58,289.65,289.65,285.6,286.05,7020
2026-08-28 09:39:58,286.2,292.95,285.6,288.85,15730
2026-08-28 09:40:58,289.6,292.55,288.9,292.5,9360
2026-08-28 09:41:59,292,293.1,290.55,292.35,5590
2026-08-28 09:42:58,291.2,297.65,291.2,297.65,21255
2026-08-28 09:43:59,298,302.7,296.6,296.6,37375
2026-08-28 09:44:59,297.05,300.55,297.05,298,9750
2026-08-28 09:45:59,296.15,300.9,295.55,296.75,21515
2026-08-28 09:46:59,297.25,297.25,294.65,295.6,6890
2026-08-28 09:47:59,294,296.8,292.95,296.8,5070
2026-08-28 09:48:59,295.15,296.8,293.9,293.9,5005
2026-08-28 09:49:58,293.4,294.2,290.85,293.9,14950
2026-08-28 09:50:59,292.95,294.5,292.4,293.5,11960
2026-08-28 09:51:58,291.45,294.25,291.05,291.05,3250
2026-08-28 09:52:59,290.35,290.45,288.3,289.75,2275
2026-08-28 09:53:59,291.8,295,291.8,295,2925
2026-08-28 09:54:59,295.15,299.75,294.15,299.55,27235
2026-08-28 09:55:59,299.35,299.55,297.9,298.95,18330
2026-08-28 09:56:59,297.55,299.5,296.5,298.75,10010
2026-08-28 09:57:59,297.75,299.2,295.8,298.45,10140
2026-08-28 09:58:59,298.85,299.3,298,299.25,4160
2026-08-28 09:59:59,299.35,299.35,296.1,297.4,5590
2026-08-28 10:00:59,296.95,297.4,294.25,294.35,7670
2026-08-28 10:01:59,293.4,295.25,290.6,290.6,22100
2026-08-28 10:02:59,291.3,293.45,290.75,292.95,2730
2026-08-28 10:03:59,293.7,295.4,293.05,294.5,7995
2026-08-28 10:04:59,293.25,294.3,291,291,2795
2026-08-28 10:05:58,291.3,291.3,288.95,288.95,7085
2026-08-28 10:06:58,289.8,289.9,287,288.55,3835
2026-08-28 10:07:59,289,296.15,289,295.7,5785
2026-08-28 10:08:59,295,300,295,298.85,10270
2026-08-28 10:09:59,298.4,298.9,294.8,294.8,6565
2026-08-28 10:10:59,295.05,297.05,294.65,295.75,12675
2026-08-28 10:11:59,296.65,297.15,295.2,296.8,2730
2026-08-28 10:12:59,297.3,300.3,297.3,299.6,17680
2026-08-28 10:13:59,300.1,303.95,300.1,303.4,25805
2026-08-28 10:14:59,303.55,306.55,302.25,305.05,16900
2026-08-28 10:15:59,305.6,309.1,305.6,306.15,48945
2026-08-28 10:16:59,306.3,312,305.6,310.3,17615
2026-08-28 10:17:59,310.9,317,310.75,311.5,42965
2026-08-28 10:18:59,311.05,313.6,307.85,309.5,11115
2026-08-28 10:19:59,308.75,308.75,306.35,306.7,4160
2026-08-28 10:20:59,305.95,307.75,303.05,307.05,4680
2026-08-28 10:21:59,304.8,305.85,302.7,303.05,1690
2026-08-28 10:22:59,303.35,306.1,303.35,304.3,8905
2026-08-28 10:23:59,305.5,308.5,304.2,307.9,7020
2026-08-28 10:24:58,307.55,307.55,306,307,3640
2026-08-28 10:25:59,308,308.2,303.95,303.95,2600
2026-08-28 10:26:59,305,306.35,303.45,305.1,2340
2026-08-28 10:27:58,304.85,305.2,303.85,303.9,1235
2026-08-28 10:28:58,304.2,307.95,304.2,307.8,6370
2026-08-28 10:29:59,308.15,309.5,307.65,308.25,14755
2026-08-28 10:30:59,308.15,308.15,304,304,8840
2026-08-28 10:31:58,303.5,304.6,301.55,301.55,9035
2026-08-28 10:32:59,302.5,304.7,302.5,303.8,1625
2026-08-28 10:33:59,303.65,304.95,303.35,304.85,3640
2026-08-28 10:34:59,304.7,305.2,303.05,303.95,4030
2026-08-28 10:35:59,303.75,304.15,303,303,10855
2026-08-28 10:36:58,302.9,304.3,302.9,303,4810
2026-08-28 10:37:59,303.65,306.35,303.6,306.35,10855
2026-08-28 10:38:59,306.2,306.75,303.5,304.65,4225
2026-08-28 10:39:59,305,305.75,304.25,305.5,3575
2026-08-28 10:40:58,305.15,307.25,304.2,304.55,38090
2026-08-28 10:41:58,305.65,306.7,303.25,303.55,5915
2026-08-28 10:42:58,304.25,304.25,302.7,303,1170
2026-08-28 10:43:59,302.4,302.4,299.55,300.85,1430
2026-08-28 10:44:59,299.9,301.55,298.35,298.35,2665
2026-08-28 10:45:59,298.1,298.2,297,297,5980
2026-08-28 10:46:59,298.1,298.5,295.9,297,2860
2026-08-28 10:47:59,296.5,301.75,296.25,300,1235
2026-08-28 10:48:58,302.45,302.75,300.95,301.05,1690
2026-08-28 10:49:59,301.35,305.1,300.55,304.2,4615
2026-08-28 10:50:59,304.2,307.05,303.4,306.75,14365
2026-08-28 10:51:58,307.85,308.9,303.3,303.55,59735
2026-08-28 10:52:59,304.3,305.6,303.6,304.2,19110
2026-08-28 10:53:58,304.65,304.65,302,302.15,5915
2026-08-28 10:54:59,302.9,303.4,300,300,6695
2026-08-28 10:55:59,299,299.7,296.85,297.45,8645
2026-08-28 10:56:59,297.45,300.25,297.45,300.25,4875
2026-08-28 10:57:59,300.1,300.45,298.05,300.35,2860
2026-08-28 10:58:59,298.35,301,298.35,300.05,1430
2026-08-28 10:59:58,298.3,299.5,297.8,299,1365
2026-08-28 11:00:58,298.5,298.5,296.6,297.55,1820
2026-08-28 11:01:59,297.7,298.65,296.5,298.65,910
2026-08-28 11:02:59,300.45,301.2,300.45,301.2,1040
2026-08-28 11:03:58,299.3,300.6,299.3,299.7,1365
2026-08-28 11:04:59,298.65,301.9,298.25,301.1,1950
2026-08-28 11:05:58,301.5,301.5,299.9,300,455
2026-08-28 11:06:59,299.8,299.8,297.45,297.75,1430
2026-08-28 11:07:59,296.3,297.2,294.9,295.5,2145
2026-08-28 11:08:59,295.8,297.05,295.4,295.5,2925
2026-08-28 11:09:59,294.75,294.75,289.85,290.45,14170
2026-08-28 11:10:59,290.7,292.9,290.65,292.15,5720
2026-08-28 11:11:59,291.35,292.25,290.1,290.3,3055
2026-08-28 11:12:58,292,295.6,292,295.6,4485
2026-08-28 11:13:58,294.9,297.6,294.9,296.75,6045
2026-08-28 11:14:59,297.2,301,297.2,298.8,7215
2026-08-28 11:15:58,298,299,297.55,297.55,1885
2026-08-28 11:16:58,295,295.75,294.1,295.1,1560
2026-08-28 11:17:59,294.55,294.55,291.05,291.75,3185
2026-08-28 11:18:59,292.4,292.5,289.65,289.8,9035
2026-08-28 11:19:59,291,291.8,289.45,289.45,2925
2026-08-28 11:20:59,289.45,290.35,288.45,288.45,5525
2026-08-28 11:21:59,288.1,288.4,285.9,287.1,4290
2026-08-28 11:22:59,286.8,288.05,284,287.1,3900
2026-08-28 11:23:58,287.8,289.1,285,285,1885
2026-08-28 11:24:59,284.7,286.2,283.35,286.2,1690
2026-08-28 11:25:59,286.1,286.2,283.4,284.85,4355
2026-08-28 11:26:59,285.65,285.65,279.3,279.55,8450
2026-08-28 11:27:58,278.5,282.45,278.5,278.5,12805
2026-08-28 11:28:58,278.55,279.55,277.1,277.1,11310
2026-08-28 11:29:59,276.95,277.85,273.3,274.3,10465
2026-08-28 11:30:59,273.15,277.95,273.05,276,25090
2026-08-28 11:31:58,275.75,276.95,273.9,276.9,15795
2026-08-28 11:32:58,276.65,277.5,272.6,275.5,7215
2026-08-28 11:33:59,274.9,275.1,268,268.3,12545
2026-08-28 11:34:59,267.95,269.75,267,269.25,14105
2026-08-28 11:35:59,267.55,267.75,260.95,262.65,22165
2026-08-28 11:36:59,262,264.2,261,264.2,9685
2026-08-28 11:37:59,264.75,267.2,263.65,265.25,11180
2026-08-28 11:38:59,265.2,267.55,265.05,266.25,16575
2026-08-28 11:39:58,266,267.5,265.25,265.4,17940
2026-08-28 11:40:58,264.9,266.6,264.55,265.95,8515
2026-08-28 11:41:58,265.8,266.95,265.25,266.05,7605
2026-08-28 11:42:58,265.75,265.75,263.05,263.5,20670
2026-08-28 11:43:58,265.25,266.1,263.5,264.85,9425
2026-08-28 11:44:58,266,266.7,264.75,265.3,23660
2026-08-28 11:45:58,265,265.5,262.4,265.5,13650
2026-08-28 11:46:59,265.55,265.55,263.1,264.8,1690
2026-08-28 11:47:59,264.6,265.2,264,264.5,1950
2026-08-28 11:48:59,265.85,266.1,264.25,265,2730
2026-08-28 11:49:59,264.15,266.65,264,266.65,5265
2026-08-28 11:50:59,267,267.5,265.5,267.5,5265
2026-08-28 11:51:59,267.7,268,265.2,266.35,10205
2026-08-28 11:52:59,267.5,267.5,266.25,266.6,1820
2026-08-28 11:53:59,266,266,263.6,263.6,13130
2026-08-28 11:54:59,263.5,265,263,263.85,3900
2026-08-28 11:55:59,263.25,263.5,262.45,262.8,8645
2026-08-28 11:56:58,262.95,262.95,253.85,254.35,38870
2026-08-28 11:57:58,253.45,253.75,248,250.15,22880
2026-08-28 11:58:58,250,255.9,249.8,254.6,15665
2026-08-28 11:59:58,255.2,257.35,253.85,255,10985
2026-08-28 12:00:58,255.2,256.25,253.8,254.5,12025
2026-08-28 12:01:58,254.6,256,254.05,254.4,9035
2026-08-28 12:02:58,255.7,255.7,254,254.9,7150
2026-08-28 12:03:58,255.05,255.25,253.65,253.75,8905
2026-08-28 12:04:58,253.4,258.95,253.35,258.15,9815
2026-08-28 12:05:59,257.45,258.45,255.75,255.75,4875
2026-08-28 12:06:58,256.1,258.5,255.9,257.65,9360
2026-08-28 12:07:58,257.75,260.75,257.75,260.1,10530
2026-08-28 12:08:58,260,261.45,259.8,260.95,6825
2026-08-28 12:09:58,260.25,260.25,257,257.15,5005
2026-08-28 12:10:58,258.05,258.05,254.7,255.25,3835
2026-08-28 12:11:58,255.4,255.75,253.65,254.9,6175
2026-08-28 12:12:59,254.7,256.05,254.1,254.65,7345
2026-08-28 12:13:59,255.25,258.2,254.95,257.75,9165
2026-08-28 12:14:58,257.55,259.5,257.35,259.15,7280
2026-08-28 12:15:58,258.55,259.25,257.5,257.9,12025
2026-08-28 12:16:59,258.35,258.35,255.75,257,16445
2026-08-28 12:17:58,256.55,257.85,256,257.8,5655
2026-08-28 12:18:59,258,258.15,257,257.75,715
2026-08-28 12:19:59,257.85,257.9,257.85,257.9,2405
2026-08-28 12:20:59,259.2,260.7,258.8,260.1,9880
2026-08-28 12:21:59,259.7,259.75,257.7,258.5,3250
2026-08-28 12:22:58,259.3,259.3,255.8,256.7,13260
2026-08-28 12:23:58,256,257.3,254.05,254.7,15145
2026-08-28 12:24:58,254.4,255.75,253.75,255.7,26000
2026-08-28 12:25:58,255.35,256.25,254.65,254.8,4225
2026-08-28 12:26:59,256,257,255.85,256.55,4615
2026-08-28 12:27:58,257,259,257,257.3,2145
2026-08-28 12:28:58,258.2,258.65,257.65,257.8,3055
2026-08-28 12:29:58,258,259.25,258,259.25,390
2026-08-28 12:30:59,259.6,260.9,259.2,259.65,6760
2026-08-28 12:31:58,259.85,260.75,259.85,260,2665
2026-08-28 12:32:59,259.85,261,259.85,260.75,7605
2026-08-28 12:33:59,261.6,262,259.75,259.75,1560
2026-08-28 12:34:58,261,262,260.3,261.7,4420
2026-08-28 12:35:59,261.5,261.5,258.15,259.3,4420
2026-08-28 12:36:59,259.55,260.5,259.5,260.5,8060
2026-08-28 12:37:59,260,261.5,258.15,259.35,11050
2026-08-28 12:38:59,258.55,259.75,258,259.75,7085
2026-08-28 12:39:59,258.9,260.5,258.7,259.15,8645
2026-08-28 12:40:59,259.05,260.4,259,259.9,6045
2026-08-28 12:41:59,261.45,262.2,260.85,261.05,2600
2026-08-28 12:42:59,261.3,261.5,261,261.05,2080
2026-08-28 12:43:59,261.65,262,261,262,1755
2026-08-28 12:44:59,261,261,258.6,258.6,3250
2026-08-28 12:45:58,259.15,259.5,257.75,259.05,3900
2026-08-28 12:46:59,259.1,260,259,259.95,1690
2026-08-28 12:47:59,260,261.2,259.95,259.95,1170
2026-08-28 12:48:59,260,261.7,259.25,261.2,1690
2026-08-28 12:49:59,261.9,261.9,260.9,261.75,2405
2026-08-28 12:50:58,261.8,261.8,260,260.9,4095
2026-08-28 12:51:59,260.65,261.5,260.5,260.65,2015
2026-08-28 12:52:59,261.2,261.8,261.05,261.8,520
2026-08-28 12:53:58,261.35,262.2,260.15,260.15,3770
2026-08-28 12:54:59,260.8,260.85,259.25,259.45,4095
2026-08-28 12:55:59,259.5,260.1,258.4,259.25,8645
2026-08-28 12:56:59,259.5,260.9,259.15,260.9,1755
2026-08-28 12:57:59,259.15,260.05,258.75,258.75,2340
2026-08-28 12:58:59,258.75,259,257.55,257.55,1430
2026-08-28 12:59:58,257.55,258.05,257,257.3,2730
2026-08-28 13:00:59,258.4,258.4,256.65,257.55,2210
2026-08-28 13:01:58,259.2,259.2,257.45,258.5,1040
2026-08-28 13:02:59,257.75,257.75,256.85,257.4,3380
2026-08-28 13:03:58,256,258.7,256,258.7,325
2026-08-28 13:04:59,259.3,259.3,257.6,257.8,1235
2026-08-28 13:05:59,257.5,258.25,257.05,258.25,780
2026-08-28 13:06:59,257,258.5,257,258.5,585
2026-08-28 13:07:59,257.75,260,257.1,260,1105
2026-08-28 13:08:58,260.3,261.75,259,259,1430
2026-08-28 13:09:59,258.85,263,258.85,262.7,2665
2026-08-28 13:10:59,263.15,263.15,261,262.4,6500
2026-08-28 13:11:59,262.5,264.4,262.5,264.3,3380
2026-08-28 13:12:58,264,264.35,260.1,260.1,17030
2026-08-28 13:13:58,260.7,263.8,260.7,262.2,2730
2026-08-28 13:14:58,263.65,263.7,261.4,263.7,1430
2026-08-28 13:15:59,262.45,262.45,261,261,715
2026-08-28 13:16:59,262.55,263.5,261.1,261.1,975
2026-08-28 13:17:58,262.1,262.5,261.7,261.7,650
2026-08-28 13:18:58,262.4,264.25,262.4,264.2,2080
2026-08-28 13:19:59,263.25,265.95,263.25,263.8,3315
2026-08-28 13:20:59,264.45,266,263.6,264.5,4030
2026-08-28 13:21:58,265.4,265.4,264.1,264.9,5395
2026-08-28 13:22:59,265,267.5,265,265.6,9490
2026-08-28 13:23:58,267.25,267.25,263.35,264,3510
2026-08-28 13:24:59,264,266.5,264,266.5,1170
2026-08-28 13:25:59,264.25,265.5,263.2,263.65,7865
2026-08-28 13:26:59,265.25,267.5,265.2,267.5,1950
2026-08-28 13:27:58,267.75,269,262.65,262.65,4030
2026-08-28 13:28:59,262.95,263,260,260,2925
2026-08-28 13:29:58,260.9,260.9,259.25,259.5,1755
2026-08-28 13:30:59,259.4,262.45,259.4,261.8,1560
2026-08-28 13:31:59,262.2,263.4,261.75,261.75,1235
2026-08-28 13:32:58,262,264.8,260.9,264.8,2145
2026-08-28 13:33:59,265.5,269.25,265.5,268.6,4940
2026-08-28 13:34:59,268.6,269.35,266,266,975
2026-08-28 13:35:59,266.7,266.7,265.75,265.75,1170
2026-08-28 13:36:59,265,267,265,267,325
2026-08-28 13:37:59,268.45,270,267.85,267.85,585
2026-08-28 13:38:59,267.65,267.65,266.75,266.75,780
2026-08-28 13:39:59,268.25,268.55,267.75,268.1,455
2026-08-28 13:40:58,268.05,272.25,268.05,269.8,7930
2026-08-28 13:41:58,270.4,270.4,267,267,975
2026-08-28 13:42:59,266.05,267.2,266.05,267.2,455
2026-08-28 13:43:59,266.1,268,266.1,267.2,260
2026-08-28 13:45:59,267.15,267.15,266.7,266.7,585
2026-08-28 13:46:59,266,266,265.5,265.5,4420
2026-08-28 13:47:59,266.1,266.1,264.05,264.4,1170
2026-08-28 13:48:58,263.5,263.5,261.85,263.1,780
2026-08-28 13:49:58,263,263,263,263,130
2026-08-28 13:50:59,263,264.85,263,264.85,1495
2026-08-28 13:51:59,263.75,263.75,260.85,262.35,1950
2026-08-28 13:52:59,263.6,264.2,263.6,264.2,195
2026-08-28 13:53:59,263.05,263.5,263.05,263.5,325
2026-08-28 13:54:58,264.25,264.25,263.45,263.75,975
2026-08-28 13:55:59,261.7,262.25,261.7,262.25,715
2026-08-28 13:56:59,262.65,263.65,262,263.65,195
2026-08-28 13:57:59,265.05,265.05,264.8,264.8,1950
2026-08-28 13:58:59,264.55,267,264.55,267,1365
2026-08-28 13:59:59,265.5,267,265.5,266.95,5525
2026-08-28 14:00:59,266.2,267,264.6,264.6,1365
2026-08-28 14:01:58,266.35,266.9,264.05,264.05,1105
2026-08-28 14:02:59,266,267,265.75,267,390
2026-08-28 14:03:59,265.45,265.45,263.45,263.5,1040
2026-08-28 14:04:58,264.3,264.5,261.4,261.95,2405
2026-08-28 14:05:59,262.6,262.6,261.2,261.2,3380
2026-08-28 14:06:59,261.05,262.3,260.7,260.7,1105
2026-08-28 14:07:58,262.2,263.4,262.2,263.4,845
2026-08-28 14:08:59,263.15,263.6,262.3,262.9,4615
2026-08-28 14:09:58,262.55,262.55,261,262,2340
2026-08-28 14:10:59,262.5,264.35,262.5,264.3,4680
2026-08-28 14:11:58,263.55,265.75,263.55,264.8,2665
2026-08-28 14:12:58,266,266.55,264.05,264.05,1235
2026-08-28 14:13:59,264.1,266.25,263.45,264.2,5200
2026-08-28 14:14:59,265.25,265.25,264.15,264.15,2210
2026-08-28 14:15:59,264.7,264.85,261.9,261.9,15535
2026-08-28 14:16:59,262.35,266,262.35,266,910
2026-08-28 14:17:59,266,266,264.45,265.9,1885
2026-08-28 14:18:58,266,266,264.5,264.5,5265
2026-08-28 14:19:59,263,263.5,263,263.4,845
2026-08-28 14:20:59,264.5,265.2,264.5,265.2,130
2026-08-28 14:21:59,264.25,265.35,264,264.5,1300
2026-08-28 14:22:58,264,264,263,263,2015
2026-08-28 14:23:59,262.6,264.4,262.6,263.9,1300
2026-08-28 14:24:58,265,265,264.2,264.2,1560
2026-08-28 14:25:58,263.75,264.95,263.75,263.9,1105
2026-08-28 14:26:59,265,265.2,265,265.2,260
2026-08-28 14:27:59,265.55,265.7,264.7,265.7,1430
2026-08-28 14:28:58,266.2,267.3,265.2,267.3,3055
2026-08-28 14:29:59,267.9,269.8,267.3,268.85,5980
2026-08-28 14:30:58,269.5,269.9,268.85,269,7540
2026-08-28 14:31:58,269.45,269.75,266.4,266.9,2145
2026-08-28 14:32:59,266.65,268.45,265.85,266.3,2080
2026-08-28 14:33:59,266.9,267.9,266,267.9,1235
2026-08-28 14:34:58,268,272,268,270.7,2535
2026-08-28 14:35:59,269.4,269.4,267.1,267.1,2015
2026-08-28 14:36:59,267.9,270.25,267.15,268.1,2340
2026-08-28 14:37:58,269.3,271,268.55,269.4,975
2026-08-28 14:38:58,270,270.75,269.2,270.75,1560
2026-08-28 14:39:58,271,271.5,268.55,268.55,3770
2026-08-28 14:40:59,269.8,269.8,267.3,268.2,3380
2026-08-28 14:41:59,267,267.5,266.85,267,585
2026-08-28 14:42:59,265,267,265,267,2405
2026-08-28 14:43:58,266.5,266.5,266.5,266.5,1235
2026-08-28 14:44:59,267,267.5,266.55,267.5,260
2026-08-28 14:45:59,267.85,268.8,267.15,267.15,1625
2026-08-28 14:46:58,266.8,268.1,266.1,268.1,910
2026-08-28 14:47:58,266.45,269,266.45,269,2080
2026-08-28 14:48:59,269.15,271.5,268.6,271.5,5070
2026-08-28 14:49:59,271.5,274,271.25,273.2,6045
2026-08-28 14:50:58,274.3,281.85,271.8,280,19110
2026-08-28 14:51:59,280.3,282,277.3,278.8,4745
2026-08-28 14:52:59,278,280.75,277.75,280.75,3445
2026-08-28 14:53:59,280,282,279.9,279.9,5265
2026-08-28 14:54:59,279.85,282,279.85,281.2,5200
2026-08-28 14:55:58,281.3,282.65,279.85,279.85,5070
2026-08-28 14:56:58,279.5,279.5,277.4,278.15,8905
2026-08-28 14:57:58,276.75,279.2,276.75,279.1,2015
2026-08-28 14:58:59,278,278,276.8,276.8,1235
2026-08-28 14:59:58,277.25,277.85,276.2,276.2,520
2026-08-28 15:00:58,275.25,275.25,270.05,273,15990
2026-08-28 15:01:58,272,272,270,271,5460
2026-08-28 15:02:58,270.7,270.7,265,265.05,4940
2026-08-28 15:03:59,265.2,267.15,264.55,265.7,2925
2026-08-28 15:04:59,267.05,269.55,267.05,268.25,3250
2026-08-28 15:05:59,268.3,270.1,267.5,268.6,2405
2026-08-28 15:06:58,268.8,271.1,268.8,271.1,4030
2026-08-28 15:07:58,269.65,271.3,269.65,270.55,1430
2026-08-28 15:08:58,270.5,274.85,270.5,274.85,4160
2026-08-28 15:09:59,274,276.5,274,275.15,5005
2026-08-28 15:10:59,276.4,278.5,275.7,278.4,5070
2026-08-28 15:11:58,277.8,293.7,277.8,293.7,38350
2026-08-28 15:12:58,292.55,293.4,289.45,291.25,30745
2026-08-28 15:13:58,289.9,289.9,285,286.1,10985
2026-08-28 15:14:58,285.75,288.55,284.25,288.55,26585
2026-08-28 15:15:59,288.45,291.8,282.5,286.6,9685
2026-08-28 15:16:59,288,290,286.5,288.55,8125
2026-08-28 15:17:58,289.5,289.5,286,286.9,9750
2026-08-28 15:18:58,286.1,287.25,285.3,286.3,6890
2026-08-28 15:19:59,287,289,287,288,8710
2026-08-28 15:20:58,287.45,296.25,287.1,295.25,56225
2026-08-28 15:21:59,296,298.75,293.7,295.2,33735
2026-08-28 15:22:59,295,295.75,290.3,294.25,13910
2026-08-28 15:23:59,294.5,295.4,292.75,295,7930
2026-08-28 15:24:59,294.25,297.2,294.25,296.5,27625
2026-08-28 15:25:59,296,297.35,294.75,296.45,28405
2026-08-28 15:26:59,296.7,297.3,292.9,294.5,26195
2026-08-28 15:27:58,295.5,296.4,293.8,295.35,25415
2026-08-28 15:28:58,295,299.4,295,297.4,56355
2026-08-28 15:29:59,297,297,291.4,296.4,16185
2026-08-28 15:30:59,297,297.2,294.45,297.2,12935
2026-08-28 15:31:58,298.45,298.7,294.7,296.9,13585
2026-08-28 15:32:58,296.65,298.05,295.95,296,11635
2026-08-28 15:33:58,295.3,296.25,292.15,292.5,3055
2026-08-28 15:34:58,292.95,294.05,292.95,293.5,2860
2026-08-28 15:35:59,293.4,296,293.4,296,3835
2026-08-28 15:36:59,295,295,293.5,293.5,2015
2026-08-28 15:37:59,293.45,294.5,291.35,293.95,13520
2026-08-28 15:38:59,293.1,293.1,290.65,291.6,7280
2026-08-28 15:39:59,292,292,287.25,288.25,18460
2026-08-31 09:15:58,250.05,250.05,219.45,220.6,168870
2026-08-31 09:16:59,220.45,224.8,218.05,224.25,37505
2026-08-31 09:17:59,223.15,225.85,222.75,225.55,27560
2026-08-31 09:18:59,224.15,224.65,221.35,223.25,22425
2026-08-31 09:19:59,223.25,224.75,222.6,222.6,13000
2026-08-31 09:20:59,220.8,227.8,220.8,227.8,28405
2026-08-31 09:21:59,227.7,228.75,225.3,225.95,24570
2026-08-31 09:22:58,226.3,229.5,226,227.3,21970
2026-08-31 09:23:58,227,227.2,225.05,226.1,19955
2026-08-31 09:24:59,225.65,226.2,222.45,222.8,19630
2026-08-31 09:25:59,222.9,224.75,222.1,223.15,16575
2026-08-31 09:26:59,222.65,223,218.15,219.05,38350
2026-08-31 09:27:59,219.75,221,216.45,216.85,17745
2026-08-31 09:28:59,217.75,218.3,216.9,217,17290
2026-08-31 09:29:59,217.6,218.75,216.2,218,9165
2026-08-31 09:30:59,217.75,219.25,217.75,218.35,5785
2026-08-31 09:31:59,218.5,218.65,216.55,216.55,16900
2026-08-31 09:32:58,217,222.7,217,220,19695
2026-08-31 09:33:58,220,222.1,218.6,221.95,9555
2026-08-31 09:34:59,222.6,223,220.35,220.35,5395
2026-08-31 09:35:59,220,220.05,219.3,219.7,1950
2026-08-31 09:36:59,219.95,221.15,219.35,220,3575
2026-08-31 09:37:59,221.75,222,221.4,222,1820
2026-08-31 09:38:58,221.95,222,219.35,219.45,5785
2026-08-31 09:39:59,219.35,220,219,219.25,5720
2026-08-31 09:40:59,219.1,221.55,218.65,220.6,6760
2026-08-31 09:41:59,221.4,221.4,219,219,5720
2026-08-31 09:42:59,219.25,219.35,216.8,216.85,10335
2026-08-31 09:43:58,217.4,217.55,214.2,214.75,51805
2026-08-31 09:44:58,214.95,215,213.55,214.4,22100
2026-08-31 09:45:58,214.4,214.45,212.75,214,18720
2026-08-31 09:46:59,214.65,217.6,214.65,217.6,9295
2026-08-31 09:47:59,217.4,217.65,216.25,217.05,9620
2026-08-31 09:48:59,216.7,217.4,215.65,216.8,8060
2026-08-31 09:49:59,216.85,217.5,216.3,216.3,6240
2026-08-31 09:50:59,216.8,217.5,216.05,216.8,6825
2026-08-31 09:51:58,216.8,218.1,216.8,217.75,3315
2026-08-31 09:52:59,217.5,217.5,215.85,215.85,5525
2026-08-31 09:53:59,216.25,216.8,215,215,10335
2026-08-31 09:54:59,214.95,215.25,213.7,214.65,4875
2026-08-31 09:55:58,214.9,215.5,213.55,213.55,5460
2026-08-31 09:56:59,213.05,213.55,211.3,211.3,8580
2026-08-31 09:57:58,211.7,212.15,210,210.5,10400
2026-08-31 09:58:59,210.45,212.4,210.4,211.55,11440
2026-08-31 09:59:59,212.05,213.5,212.05,212.6,2145
2026-08-31 10:00:58,213.65,214.95,213.3,214.95,4095
2026-08-31 10:01:58,214.5,215.1,213,213.9,10725
2026-08-31 10:02:58,214,214,213.15,213.3,3510
2026-08-31 10:03:59,213.3,214,212.55,213.75,4550
2026-08-31 10:04:59,213.55,216,213.55,215.95,3965
2026-08-31 10:05:58,215.3,217.7,214.95,217,12155
2026-08-31 10:06:58,218,218.75,217,218.6,4485
2026-08-31 10:07:58,218.9,219.45,218.3,218.65,10140
2026-08-31 10:08:59,218.55,220,217.8,219.75,13585
2026-08-31 10:09:59,219.5,219.55,217.5,217.5,12415
2026-08-31 10:10:58,217.5,217.5,214.6,214.6,14170
2026-08-31 10:11:59,214,215,212.6,213.55,10205
2026-08-31 10:12:59,214,214,210.65,211.95,4030
2026-08-31 10:13:59,213,215,212.65,214.6,9815
2026-08-31 10:14:58,214.6,215,212.9,213.5,5590
2026-08-31 10:15:59,212.85,214.05,212.55,213.7,4420
2026-08-31 10:16:58,212.95,214.75,212.55,213.7,5655
2026-08-31 10:17:58,212.85,214,212.85,213.35,1560
2026-08-31 10:18:58,214,214,213.15,213.15,2730
2026-08-31 10:19:59,213.5,213.7,212.55,213.1,13715
2026-08-31 10:20:59,213,213.1,211.9,212.7,7865
2026-08-31 10:21:58,212.75,213,212.3,213,11245
2026-08-31 10:22:59,212.9,215.2,212.75,215.2,15405
2026-08-31 10:23:59,215.05,215.1,213.65,213.75,2860
2026-08-31 10:24:58,213.75,215.5,213.75,215.5,67925
2026-08-31 10:25:59,215.65,216.4,214.95,215.9,9750
2026-08-31 10:26:58,216,217.95,216,217.8,5525
2026-08-31 10:27:59,217.9,219.7,217.65,219.7,13975
2026-08-31 10:28:59,219.8,220.9,219.1,219.8,9490
2026-08-31 10:29:58,220.05,220.5,218.55,219.45,6240
2026-08-31 10:30:59,218.7,220.5,218.7,220.15,4550
2026-08-31 10:31:59,219.3,219.35,218,218.85,2925
2026-08-31 10:32:58,218.55,219.65,218.4,218.4,8190
2026-08-31 10:33:59,218.55,218.55,217,217,3120
2026-08-31 10:34:58,217,217.3,215.25,217,5980
2026-08-31 10:35:58,216.65,217.3,215.7,216.4,4355
2026-08-31 10:36:58,216.05,216.05,214.75,215.3,5785
2026-08-31 10:37:59,214.9,214.9,213.6,213.95,9295
2026-08-31 10:38:59,214,214.25,213.6,213.95,2275
2026-08-31 10:39:58,214.85,216.2,214.65,215.8,24180
2026-08-31 10:40:58,215.9,215.9,214,214.5,3380
2026-08-31 10:41:58,213.95,214.45,213.6,213.6,2665
2026-08-31 10:42:59,214.2,214.6,213.8,214.25,2925
2026-08-31 10:43:58,214.7,217.2,214.7,217.2,2535
2026-08-31 10:44:58,217.05,218.15,216.55,217.2,2665
2026-08-31 10:45:59,216.7,218.65,216.7,218.15,1950
2026-08-31 10:46:59,217.75,217.9,216.7,216.7,4940
2026-08-31 10:47:58,216.75,217.1,216.15,216.75,2795
2026-08-31 10:48:58,216.55,217.55,216.55,217.55,1105
2026-08-31 10:49:58,217.35,218.05,217.25,217.75,2080
2026-08-31 10:50:59,218,218,217,217.25,650
2026-08-31 10:51:59,217.6,217.75,216.3,217,19370
2026-08-31 10:52:59,217.2,218.2,216.55,218.05,3965
2026-08-31 10:53:59,217.75,219.35,217.75,219.35,4940
2026-08-31 10:54:59,219.35,219.35,217.55,217.55,2405
2026-08-31 10:55:59,217.65,219.35,217.55,219.35,1625
2026-08-31 10:56:58,219.15,219.5,218.4,218.4,3965
2026-08-31 10:57:59,219,220.1,218.7,219.7,6370
2026-08-31 10:58:59,219.8,219.9,219.2,219.75,3445
2026-08-31 10:59:59,219.9,220.3,219.7,219.7,3640
2026-08-31 11:00:59,219.4,220.75,219,220.75,10595
2026-08-31 11:01:58,219.6,220,219,219.95,6175
2026-08-31 11:02:59,219.35,220,218.9,218.9,1950
2026-08-31 11:03:59,217.95,219.15,217.8,219.15,1170
2026-08-31 11:04:59,219,219.9,219,219.9,3120
2026-08-31 11:05:58,219.75,219.95,218.5,218.65,1690
2026-08-31 11:06:58,218,218.95,217,217,2470
2026-08-31 11:07:59,217.15,217.35,215.8,216.3,21060
2026-08-31 11:08:59,216.45,216.95,216.05,216.05,1235
2026-08-31 11:09:59,216.45,216.45,215,215.05,4810
2026-08-31 11:10:59,215.05,216.05,215,216,2470
2026-08-31 11:11:59,215.75,216.55,215.3,216,11375
2026-08-31 11:12:58,215.4,215.85,215,215.5,7800
2026-08-31 11:13:58,216.05,216.35,215,215.15,2730
2026-08-31 11:14:58,216,217.65,216,217.65,3120
2026-08-31 11:15:59,218.15,219.2,217.7,219.1,5785
2026-08-31 11:16:59,219.2,219.3,218.9,218.9,4225
2026-08-31 11:17:59,218.8,219.9,218.8,219.9,2925
2026-08-31 11:18:58,219.8,219.8,218.25,218.25,910
2026-08-31 11:19:58,218.2,219.15,218.05,218.5,1885
2026-08-31 11:20:59,218.5,218.5,217.9,217.9,7215
2026-08-31 11:21:59,217.65,219.1,217.45,219.1,1755
2026-08-31 11:22:59,220,220,220,220,2340
2026-08-31 11:23:58,220,220,219.5,219.5,2210
2026-08-31 11:24:59,219.5,220,218.95,218.95,1625
2026-08-31 11:25:58,218.7,219.2,218.25,218.4,845
2026-08-31 11:26:59,217.9,218.6,217.9,218,1495
2026-08-31 11:27:59,218.35,218.7,218.35,218.7,1040
2026-08-31 11:28:58,219.2,219.75,218.3,219,2535
2026-08-31 11:29:59,219.5,220.5,219.3,220.5,6305
2026-08-31 11:30:59,220.25,221,220.25,220.95,4940
2026-08-31 11:31:58,220.9,221.5,220.2,220.45,2535
2026-08-31 11:32:58,220,220.9,220,220.9,6695
2026-08-31 11:33:58,220,220.15,219.65,219.65,780
2026-08-31 11:34:59,220.2,221.55,220.2,221.5,4680
2026-08-31 11:35:58,221.9,223,221.9,223,13780
2026-08-31 11:36:58,223,224.8,222.45,222.45,5135
2026-08-31 11:37:58,223,223,220.9,221.8,10920
2026-08-31 11:38:59,221.6,223.2,221.5,222.5,13975
2026-08-31 11:39:59,221.75,221.95,221.5,221.95,325
2026-08-31 11:40:58,222,223.3,222,223,2600
2026-08-31 11:41:59,223.7,223.9,223,223.35,11310
2026-08-31 11:42:58,223.6,225,223.6,224.6,5525
2026-08-31 11:43:59,225.4,225.85,224.35,225.15,18070
2026-08-31 11:44:59,225.8,225.8,223.35,224.55,4420
2026-08-31 11:45:58,225.7,225.95,224.75,225.05,7280
2026-08-31 11:46:59,224.7,225,223.9,224.2,4290
2026-08-31 11:47:59,224.35,224.35,221.9,222.55,11050
2026-08-31 11:48:59,222.95,224,222.35,224,5720
2026-08-31 11:49:59,225.8,227.35,225.05,225.05,26780
2026-08-31 11:50:58,226.35,228,225.8,227.75,5200
2026-08-31 11:51:58,228.8,229.6,227.65,228,21450
2026-08-31 11:52:59,228.5,229.7,227.85,227.85,6110
2026-08-31 11:53:59,228.55,232.6,228.55,229.8,26260
2026-08-31 11:54:58,230.1,250,229.95,248.1,33280
2026-08-31 11:55:58,248.85,253.6,243.55,251.45,20475
2026-08-31 11:56:58,251.95,263.8,249.05,258.15,39910
2026-08-31 11:57:58,258.2,260.35,257.05,260.35,15470
2026-08-31 11:58:58,258.25,258.25,250.95,250.95,16965
2026-08-31 11:59:58,249.7,251,246,246.95,15470
2026-08-31 12:00:58,247.4,249.6,244.85,246.1,13585
2026-08-31 12:01:58,246.2,246.75,242.85,245.05,5005
2026-08-31 12:02:58,245.05,249.85,243.95,249.75,3770
2026-08-31 12:03:59,248.35,253,247,249.05,4550
2026-08-31 12:04:58,249.5,256.45,249.5,255.9,4810
2026-08-31 12:05:58,255.95,255.95,249.15,249.35,8645
2026-08-31 12:06:59,248.6,251.6,248.6,250.7,4615
2026-08-31 12:07:59,251.25,252.65,250,250.75,2730
2026-08-31 12:08:58,250.4,250.65,248.25,248.25,5720
2026-08-31 12:09:59,248.25,248.5,247.1,248.2,9100
2026-08-31 12:10:58,248.4,248.95,246,246,14495
2026-08-31 12:11:58,246.1,249.8,246.1,247.95,5720
2026-08-31 12:12:59,247.4,248.8,247.4,248.8,2340
2026-08-31 12:13:58,248.7,249.2,248.05,248.4,11765
2026-08-31 12:14:58,247.2,247.65,244,244.6,4615
2026-08-31 12:15:58,244.6,246.15,243.1,246.15,3965
2026-08-31 12:16:59,245.6,249.35,245.6,249.35,2990
2026-08-31 12:17:58,249.15,250,249,249,2795
2026-08-31 12:18:59,249.25,250.75,248.2,249.7,16705
2026-08-31 12:19:59,249.3,252,249.3,250.35,1365
2026-08-31 12:20:59,251,251.7,250.05,251.7,585
2026-08-31 12:21:58,251.2,254,251.05,254,5655
2026-08-31 12:22:58,253.1,255.8,253.1,253.85,4355
2026-08-31 12:23:58,253.25,253.8,251.45,252.15,1495
2026-08-31 12:24:58,252.05,252.05,248.45,248.45,2080
2026-08-31 12:25:59,247.4,247.4,246.7,246.7,390
2026-08-31 12:26:59,249.35,249.35,248.2,248.25,585
2026-08-31 12:27:59,246.75,248.6,245.7,247.5,1885
2026-08-31 12:28:59,248.3,248.9,248,248.75,1300
2026-08-31 12:29:58,249.5,250.75,249.5,250.2,1170
2026-08-31 12:30:59,247.65,247.95,245.55,247.35,910
2026-08-31 12:31:59,248.2,248.8,248,248.8,1560
2026-08-31 12:32:59,248.85,250.8,248.85,249.55,1690
2026-08-31 12:33:59,249.45,249.45,248,248,1885
2026-08-31 12:34:58,248.45,249.55,247.1,247.1,1040
2026-08-31 12:35:58,247.05,248.6,247.05,248.1,390
2026-08-31 12:36:59,248.1,248.5,248.1,248.5,195
2026-08-31 12:37:58,248.05,248.75,245.7,248.75,3770
2026-08-31 12:38:59,248.2,249.9,248.2,249.9,1040
2026-08-31 12:39:59,249,250.6,249,250.4,1105
2026-08-31 12:40:58,251.55,251.9,250.9,251.3,585
2026-08-31 12:41:58,252.8,254.25,252.5,253.25,520
2026-08-31 12:42:59,254.05,254.05,250.05,250.75,1820
2026-08-31 12:43:58,250.3,250.75,249,250.75,1755
2026-08-31 12:44:58,250.95,252.2,250.95,251.7,715
2026-08-31 12:45:59,250.25,250.25,248.8,249.55,1235
2026-08-31 12:46:59,247.55,248.55,247.55,248,1170
2026-08-31 12:47:59,247.45,249.55,247.45,248.3,780
2026-08-31 12:48:58,248.65,249.5,248.15,249.5,1430
2026-08-31 12:49:59,249.15,250.75,249.15,249.9,3640
2026-08-31 12:50:59,250.05,250.9,250.05,250.55,1170
2026-08-31 12:51:59,253,253,251.9,251.9,585
2026-08-31 12:52:59,251.9,251.9,251.5,251.5,2080
2026-08-31 12:53:59,251.55,251.55,251.55,251.55,195
2026-08-31 12:54:59,251.55,254.75,251.45,254.75,390
2026-08-31 12:55:58,254.65,254.65,252.3,252.35,2600
2026-08-31 12:56:59,251.55,254,251.55,254,260
2026-08-31 12:57:59,251.65,251.65,250.5,250.5,195
2026-08-31 12:58:58,252,252,250.5,251.15,3120
2026-08-31 12:59:59,252.5,252.5,250.45,250.45,2795
2026-08-31 13:00:58,249.15,253.35,249.15,250.7,28990
2026-08-31 13:01:58,250.65,253.15,250.6,253.15,29770
2026-08-31 13:02:58,253.6,255,252.55,252.55,27560
2026-08-31 13:03:58,252.65,254.75,252.2,253.55,975
2026-08-31 13:04:59,253.6,254.6,253.55,253.7,1365
2026-08-31 13:05:59,254.2,254.2,252.75,253.25,780
2026-08-31 13:06:59,253.3,253.3,252.25,252.25,455
2026-08-31 13:07:58,252.15,252.35,250.85,252.35,715
2026-08-31 13:08:59,252.55,252.55,250.8,251,2405
2026-08-31 13:09:59,251.7,251.7,250,250.25,1625
2026-08-31 13:10:59,250.05,250.05,249.3,249.7,3575
2026-08-31 13:11:58,252.4,252.4,251.25,251.25,195
2026-08-31 13:12:59,250.1,252,250.1,251.25,195
2026-08-31 13:13:59,252,253.8,251.25,253.25,1885
2026-08-31 13:14:58,254.35,255.05,254.35,254.4,1560
2026-08-31 13:15:58,254.6,255.15,252.65,252.65,1430
2026-08-31 13:16:59,252.35,253,252.35,252.9,1300
2026-08-31 13:17:58,252,252.15,251.2,251.25,455
2026-08-31 13:18:58,250.9,253.15,250.9,253.15,390
2026-08-31 13:19:58,251.4,251.4,250.5,250.5,455
2026-08-31 13:20:58,250.65,251.2,250.25,250.25,585
2026-08-31 13:21:59,250.35,251,250.35,250.8,650
2026-08-31 13:22:58,251,251,250.4,250.6,1430
2026-08-31 13:23:58,250.7,251.75,250.15,251.7,1235
2026-08-31 13:24:59,251.7,251.75,251.7,251.75,455
2026-08-31 13:25:59,251.05,253,251.05,252,1690
2026-08-31 13:26:59,252.95,252.95,251.3,251.3,390
2026-08-31 13:27:59,253.15,253.8,252.5,252.5,2080
2026-08-31 13:28:59,251.45,252.7,251.45,252.7,1040
2026-08-31 13:29:59,250.7,250.75,249.1,250.5,5135
2026-08-31 13:30:58,250,251.55,250,251.55,1105
2026-08-31 13:31:58,251.1,252.2,251.1,251.55,1235
2026-08-31 13:32:58,251.6,254,251.6,254,1365
2026-08-31 13:33:58,253.8,255.15,252.5,254,4225
2026-08-31 13:34:59,254,254.2,253.55,254,455
2026-08-31 13:35:59,253.5,254.75,253,253,975
2026-08-31 13:36:59,253.05,253.05,253.05,253.05,130
2026-08-31 13:37:59,251.75,252.2,249.8,251,4290
2026-08-31 13:38:59,251.95,252.55,251.95,252,520
2026-08-31 13:39:59,251.45,251.9,250.75,250.75,390
2026-08-31 13:40:58,250.2,253.55,250.2,251.8,6240
2026-08-31 13:41:59,250.2,252.2,249.85,252.2,3315
2026-08-31 13:42:58,250.25,251.95,250,250.75,4615
2026-08-31 13:43:59,250,250.4,248,248.05,1625
2026-08-31 13:44:59,247.7,249.6,247.7,248.8,5915
2026-08-31 13:45:59,247.6,248.9,247.2,247.9,1430
2026-08-31 13:46:59,247.65,249.65,247.65,249,1560
2026-08-31 13:47:59,248.9,250.15,248.9,249.6,1885
2026-08-31 13:48:59,249.35,252.65,249.35,251.15,6565
2026-08-31 13:49:58,251.65,253.55,251.65,253.3,5785
2026-08-31 13:50:59,252.4,252.7,251.2,252.7,3900
2026-08-31 13:51:59,252.4,253,251.4,251.4,1885
2026-08-31 13:52:58,252.55,252.7,251.2,251.2,1755
2026-08-31 13:53:59,251.7,252.9,249.75,249.85,2470
2026-08-31 13:54:59,250,251.1,249,249,3055
2026-08-31 13:55:58,249,250.15,247.55,247.55,6630
2026-08-31 13:56:59,248.15,248.7,246.95,248.3,5200
2026-08-31 13:57:59,247.9,248.85,245.8,246.05,6305
2026-08-31 13:58:58,246.5,247.6,246.45,246.45,2405
2026-08-31 13:59:59,245,245,243,243.95,3510
2026-08-31 14:00:59,243.7,244.8,240.7,244.8,11830
2026-08-31 14:01:58,244.5,244.55,242.5,244.2,3315
2026-08-31 14:02:59,244.3,244.35,242.35,244.2,1885
2026-08-31 14:03:58,244.3,244.3,240.3,240.3,3445
2026-08-31 14:04:58,239.6,239.6,235,236,7735
2026-08-31 14:05:58,236.35,237.1,231.3,232.35,12870
2026-08-31 14:06:59,232.3,237.45,232.3,236.15,845
2026-08-31 14:07:59,237.3,242.5,236.75,242.15,8125
2026-08-31 14:08:59,241.55,241.55,238.45,238.45,3315
2026-08-31 14:09:59,239.5,239.5,236,237.6,6565
2026-08-31 14:10:59,238.25,239.4,238,238,780
2026-08-31 14:11:59,237.75,237.75,236.05,236.3,1885
2026-08-31 14:12:58,236.25,237.4,236.25,236.7,1625
2026-08-31 14:13:58,237.35,238.35,237.3,237.5,3900
2026-08-31 14:14:58,237.45,238.15,236.75,237.15,2080
2026-08-31 14:15:59,237.7,237.85,237,237.45,2925
2026-08-31 14:16:59,237.85,238.9,235,238.9,7670
2026-08-31 14:17:58,239.1,239.5,237,237,6110
2026-08-31 14:18:59,237,238.95,236.45,237.95,4095
2026-08-31 14:19:59,238.5,238.7,236.3,237.75,5655
2026-08-31 14:20:58,237.6,238.2,236.15,236.15,7605
2026-08-31 14:21:59,236.3,237,235.8,237,5330
2026-08-31 14:22:58,236.85,237.8,234.9,235.25,14040
2026-08-31 14:23:58,235.25,235.7,233.75,233.95,16835
2026-08-31 14:24:59,234.25,235.35,233.4,234.45,10920
2026-08-31 14:25:59,234.4,237,234.3,235.3,19695
2026-08-31 14:26:59,234.7,236.4,234.5,235.5,12610
2026-08-31 14:27:58,235.7,235.7,233.75,235.25,6305
2026-08-31 14:28:59,234.05,235.4,232,233.5,12675
2026-08-31 14:29:59,233.25,233.6,232.55,232.55,6565
2026-08-31 14:30:58,232.65,234.75,232.05,233.7,8450
2026-08-31 14:31:59,234.5,236.55,233.3,235.75,12285
2026-08-31 14:32:59,236.7,238,234.85,235.7,8515
2026-08-31 14:33:59,235.45,236.35,234.4,235.9,1950
2026-08-31 14:34:59,234.5,235.9,233.85,235.9,3380
2026-08-31 14:35:59,236.15,238.2,235.45,237.55,12480
2026-08-31 14:36:59,237.55,238.85,236.25,236.45,10660
2026-08-31 14:37:59,237.7,238.25,236.4,237.25,13390
2026-08-31 14:38:59,237.1,238.85,237.1,237.65,4615
2026-08-31 14:39:59,238.9,241.5,238.9,241,9035
2026-08-31 14:40:58,242.8,244.25,242.2,242.2,6955
2026-08-31 14:41:58,243,244.45,242.75,242.75,3445
2026-08-31 14:42:59,243.6,248.75,243.6,245.7,12025
2026-08-31 14:43:59,245.7,248.3,245.7,247,5135
2026-08-31 14:44:59,246.9,249.3,246,247.35,11375
2026-08-31 14:45:59,247.4,257.35,247.4,257.35,18590
2026-08-31 14:46:59,257.05,277.95,255.75,274.3,70070
2026-08-31 14:47:59,272.5,272.5,259.95,262.65,16250
2026-08-31 14:48:59,261.5,262.55,255.45,261.75,5200
2026-08-31 14:49:59,260.25,261.85,259.15,260.65,11180
2026-08-31 14:50:59,261.05,264.6,261,262.2,11115
2026-08-31 14:51:58,263.1,264.85,261.8,263.1,14950
2026-08-31 14:52:59,262.7,266.4,262.7,265.3,19760
2026-08-31 14:53:59,265.15,267.5,264.05,266.25,23400
2026-08-31 14:54:59,265.3,268.95,265.3,266.75,9880
2026-08-31 14:55:59,267.4,268.25,265,265,14040
2026-08-31 14:56:59,265.65,265.65,260.5,262.15,7930
2026-08-31 14:57:59,261,261.55,258.9,260.15,7085
2026-08-31 14:58:59,259.75,260.6,254.85,255.7,6370
2026-08-31 14:59:59,255.25,258.4,254.85,255.25,5850
2026-08-31 15:00:59,251.55,252.2,244.5,252.2,31915
2026-08-31 15:01:59,252.5,255.55,251.55,254.25,61490
2026-08-31 15:02:59,254.9,256.7,252.85,253.85,44850
2026-08-31 15:03:59,253.15,253.15,249.25,251.1,41080
2026-08-31 15:04:59,251,251.05,246.15,248.05,21840
2026-08-31 15:05:59,246.65,247.65,240.9,244.1,21320
2026-08-31 15:06:59,243.05,246.9,243.05,246.8,28535
2026-08-31 15:07:59,247.45,249.6,247.15,248.5,35555
2026-08-31 15:08:59,248.85,250.6,248.85,249.35,49010
2026-08-31 15:09:59,249.95,253.05,248.75,251,27690
2026-08-31 15:10:58,250.55,250.65,247.5,247.5,24115
2026-08-31 15:11:59,245,249.1,245,246.85,16445
2026-08-31 15:12:59,246.5,247.15,243.4,245.1,14105
2026-08-31 15:13:59,244.1,246.45,244.1,245.65,24830
2026-08-31 15:14:59,245,247.8,243.25,243.25,9620
2026-08-31 15:15:58,245.15,245.15,238.05,243.2,18915
2026-08-31 15:16:59,242.5,247.45,242.5,246.15,9230
2026-08-31 15:17:59,246.9,246.9,244.1,244.55,5070
2026-08-31 15:18:59,244.5,246,244,244.75,4680
2026-08-31 15:19:58,244.9,247,244.8,245.05,4225
2026-08-31 15:20:59,245.75,263.9,245.75,250.35,57460
2026-08-31 15:21:59,250.55,250.95,244.4,248.65,8255
2026-08-31 15:22:59,248.4,250.55,245,245,2665
2026-08-31 15:23:59,245.05,246.6,239.15,243.1,17485
2026-08-31 15:24:58,243.35,244.3,242.05,244.25,9490
2026-08-31 15:25:59,244.15,248.3,244.15,245.4,4875
2026-08-31 15:26:58,245.65,246.05,243,246.05,2990
2026-08-31 15:27:59,246,246,242.05,243.6,8970
2026-08-31 15:28:59,243.2,243.2,239,241.9,7605
2026-08-31 15:29:59,241.85,246.55,241.1,245.8,16185
2026-08-31 15:30:59,246.5,246.5,242.7,246.15,9685
2026-08-31 15:31:58,245.55,248.15,245.05,247.05,16640
2026-08-31 15:32:59,247.05,247.2,241.8,241.8,13455
2026-08-31 15:33:58,241.75,242.8,241.05,241.05,9425
2026-08-31 15:34:59,241,241.7,240.05,240.05,10075
2026-08-31 15:35:58,240.4,241.55,240.05,240.85,8645
2026-08-31 15:36:58,240.5,240.95,239.25,240.1,23855
2026-08-31 15:37:59,239.95,242.3,239.05,241.5,19045
2026-08-31 15:38:59,240.75,242.25,240.6,241.05,17875
2026-08-31 15:39:59,242.15,242.8,240.55,240.75,14560
2026-09-01 09:15:59,238,239.9,207.8,209.2,54795
2026-09-01 09:16:58,207.8,211.15,206.65,210.45,19825
2026-09-01 09:17:58,210.05,210.05,208,208.5,11895
2026-09-01 09:18:58,208.5,208.5,207.45,207.6,11830
2026-09-01 09:19:58,207,208.65,206,208.65,7735
2026-09-01 09:20:58,208,210.4,207.1,208.4,22165
2026-09-01 09:21:59,208.45,210,208,208,23400
2026-09-01 09:22:59,209.05,210.7,207.3,208.9,8190
2026-09-01 09:23:59,208,208.5,207,207.75,3965
2026-09-01 09:24:58,207.75,207.75,205.05,206.55,13780
2026-09-01 09:25:59,206.05,208.55,204.5,208.05,18915
2026-09-01 09:26:58,208.8,214.5,208.75,213.3,12090
2026-09-01 09:27:58,213.05,214.45,211.6,212.4,4940
2026-09-01 09:28:58,212.5,214.65,211.3,213.7,5330
2026-09-01 09:29:59,214.15,219,213.9,216.65,11505
2026-09-01 09:30:59,217.25,218,215.25,215.7,7930
2026-09-01 09:31:59,216.15,216.95,214.1,214.3,4550
2026-09-01 09:32:59,214.9,220.7,214.9,218.65,5785
2026-09-01 09:33:59,219.35,220.5,218.4,218.8,10140
2026-09-01 09:34:58,218,218.7,215.25,216.65,4810
2026-09-01 09:35:58,216.45,216.45,214,215.85,3705
2026-09-01 09:36:58,213.8,213.8,211.15,211.6,6110
2026-09-01 09:37:59,210.85,210.85,208.7,209.55,5070
2026-09-01 09:38:59,211.05,212.5,209.75,211.5,8775
2026-09-01 09:39:59,210.5,210.5,207.05,208,12155
2026-09-01 09:40:59,207.15,208.6,206.65,207.05,8385
2026-09-01 09:41:59,207,208.35,207,208.05,5135
2026-09-01 09:42:58,208.25,208.85,207,207,14300
2026-09-01 09:43:59,207.05,207.3,203.05,203.15,9685
2026-09-01 09:44:59,203.25,204,200.75,201.85,36465
2026-09-01 09:45:59,200.55,202.2,200.55,201.45,4225
2026-09-01 09:46:59,201.3,202.2,201,201,8320
2026-09-01 09:47:58,200.5,200.75,197.25,198.4,19370
2026-09-01 09:48:59,197.7,198.95,196.65,198,12155
2026-09-01 09:49:59,198,200.55,198,200.25,7085
2026-09-01 09:50:58,199.7,201.25,198.05,201.25,11375
2026-09-01 09:51:58,201.1,201.1,199,199.05,7800
2026-09-01 09:52:59,199.05,201.2,199,200.85,12415
2026-09-01 09:53:59,200.3,202,200.15,200.15,21970
2026-09-01 09:54:58,200.2,200.35,196.9,197.55,8580
2026-09-01 09:55:58,197.1,199.45,197.1,199.1,14430
2026-09-01 09:56:58,199.45,199.45,197.2,197.35,8840
2026-09-01 09:57:58,197.05,198.15,196.85,197.55,13130
2026-09-01 09:58:59,197.05,197.35,195.3,195.3,8060
2026-09-01 09:59:59,195.4,196,195.05,195.2,3510
2026-09-01 10:00:59,195.3,196.95,195.15,195.75,17615
2026-09-01 10:01:59,195.85,195.85,194.3,195.4,7735
2026-09-01 10:02:59,195.55,196.1,194.95,195.65,3510
2026-09-01 10:03:59,196.55,198.25,196.4,198.25,4810
2026-09-01 10:04:58,198.25,200.05,198.15,199.35,6890
2026-09-01 10:05:59,199.4,200,197.95,198.7,6175
2026-09-01 10:06:59,197.95,197.95,195.2,196,7020
2026-09-01 10:07:59,196.5,198.5,195.65,197.6,39455
2026-09-01 10:08:59,197.7,198.2,195.65,196,7345
2026-09-01 10:09:59,196.55,197.9,195.95,197.9,5785
2026-09-01 10:10:58,197.4,198.3,196.4,196.4,6110
2026-09-01 10:11:59,197.4,198,196.35,196.85,8125
2026-09-01 10:12:58,197.25,197.7,196.55,196.65,8905
2026-09-01 10:13:58,196.9,197.25,196.25,196.55,4225
2026-09-01 10:14:58,196.85,199,196.4,197.95,7930
2026-09-01 10:15:58,197.3,201.25,197.3,201.05,12415
2026-09-01 10:16:59,201.25,201.95,199.9,200.45,6110
2026-09-01 10:17:59,200.5,201.8,199.15,201.8,3445
2026-09-01 10:18:58,201.5,203.4,201.15,202.6,3770
2026-09-01 10:19:58,202.5,202.5,200,201.55,3640
2026-09-01 10:20:58,201,201.55,199.4,199.5,1755
2026-09-01 10:21:58,199.85,202.45,199.85,201.85,7800
2026-09-01 10:22:58,201.85,204,201.85,204,7410
2026-09-01 10:23:59,204,204,203,203.75,3120
2026-09-01 10:24:59,203.3,203.75,201.45,203.55,3900
2026-09-01 10:25:59,203.85,203.85,201.95,202.2,3380
2026-09-01 10:26:59,203,203.15,202.4,202.9,8320
2026-09-01 10:27:59,202.65,204.3,202.55,203,4550
2026-09-01 10:28:59,203,204,202.2,203.85,4810
2026-09-01 10:29:58,204.25,204.7,203.4,204.4,4745
2026-09-01 10:30:58,204.05,206.75,204,205.75,7020
2026-09-01 10:31:58,205.65,208.7,205.3,207,5200
2026-09-01 10:32:59,206.9,207.7,206.1,207.1,3770
2026-09-01 10:33:59,206.25,207.1,205.65,205.65,3640
2026-09-01 10:34:59,205.35,205.65,204.85,205,3315
2026-09-01 10:35:58,205,205.2,204.4,204.6,2210
2026-09-01 10:36:58,204,206.35,203.95,206.35,2275
2026-09-01 10:37:59,206.8,207.25,206.7,207,2275
2026-09-01 10:38:59,206,206.9,206,206.65,1495
2026-09-01 10:39:59,206.05,207,206.05,207,16965
2026-09-01 10:40:59,207,207.35,204.8,204.8,3120
2026-09-01 10:41:59,204.6,204.6,202.35,203,2015
2026-09-01 10:42:58,202.9,204.15,202.9,204.15,2145
2026-09-01 10:43:59,204.15,206.1,204.15,205,1430
2026-09-01 10:44:59,205.25,205.65,204.4,204.55,2470
2026-09-01 10:45:59,204.65,204.85,204,204.55,1040
2026-09-01 10:46:59,203.9,204.9,203.9,204.5,715
2026-09-01 10:47:59,205.2,205.7,205.2,205.7,195
2026-09-01 10:48:59,205.95,206.6,205.65,206.55,1820
2026-09-01 10:49:59,206.65,207.05,205.65,206.2,4030
2026-09-01 10:50:59,206.35,209.2,206.35,209.2,2275
2026-09-01 10:51:59,209.65,211.5,207.75,208.45,10595
2026-09-01 10:52:59,210,212.2,209.5,211.75,7215
2026-09-01 10:53:59,210.95,214.15,210.95,212.4,3965
2026-09-01 10:54:58,213.85,214.3,212,212.5,4160
2026-09-01 10:55:58,212.5,213.5,211.5,212.5,2405
2026-09-01 10:56:59,212.6,214.5,211.4,211.5,5135
2026-09-01 10:57:59,210.65,213.45,210.55,212.55,1950
2026-09-01 10:58:58,212.45,213.35,211.5,212.3,2730
2026-09-01 10:59:59,211.85,213,211.85,212.75,780
2026-09-01 11:00:58,212.75,214.95,212.75,213.5,4875
2026-09-01 11:01:59,213.15,214.2,211.8,211.8,4030
2026-09-01 11:02:59,212,212.45,209.9,211.95,1170
2026-09-01 11:03:59,211.9,211.9,208.7,209.4,6240
2026-09-01 11:04:59,210,211.5,210,211.5,585
2026-09-01 11:05:59,211.35,211.35,210.1,210.1,260
2026-09-01 11:06:58,211.1,212.05,211.1,211.7,1560
2026-09-01 11:07:59,211.25,213.85,211.25,213.85,2665
2026-09-01 11:08:58,215,221.45,215,219.6,19175
2026-09-01 11:09:58,221.25,221.3,219,219.6,3575
2026-09-01 11:10:59,218.5,221.4,218.5,221.3,16120
2026-09-01 11:11:59,220.9,226.25,220.9,223.3,6825
2026-09-01 11:12:59,222.25,228.85,221.9,228.85,5265
2026-09-01 11:13:59,227.9,227.9,224.3,225,5720
2026-09-01 11:14:59,224.1,227.15,224.1,226.15,3640
2026-09-01 11:15:58,226.25,230.05,226.25,230.05,5135
2026-09-01 11:16:58,229.6,232.5,229.3,231.65,6565
2026-09-01 11:17:58,231.95,233.3,230.7,232.1,18265
2026-09-01 11:18:59,231.05,234.9,231,234.9,10985
2026-09-01 11:19:59,234,237,232.75,237,7735
2026-09-01 11:20:58,237.2,237.6,235,235.5,7800
2026-09-01 11:21:59,234.75,236.55,233.4,235.2,4680
2026-09-01 11:22:59,235.8,237.25,235.8,236.85,5200
2026-09-01 11:23:59,236.2,238,236.2,237.45,8320
2026-09-01 11:24:58,236.55,237.45,236,236.55,5980
2026-09-01 11:25:58,237.35,237.55,236.05,236.45,5785
2026-09-01 11:26:58,236.65,238,236.45,237,7215
2026-09-01 11:27:58,238.65,240.1,238.5,239.5,5915
2026-09-01 11:28:59,240.15,243.8,239.55,242.1,91845
2026-09-01 11:29:59,242.5,244,242.35,242.95,9945
2026-09-01 11:30:59,243,250,242.05,249.85,21125
2026-09-01 11:31:59,248.45,250.3,244,246.45,74750
2026-09-01 11:32:59,246.45,246.45,243.65,244.7,3185
2026-09-01 11:33:58,245.15,248.35,244.95,247,6305
2026-09-01 11:34:59,247.95,247.95,244.4,244.9,4875
2026-09-01 11:35:59,244.25,244.8,241.9,241.95,10465
2026-09-01 11:36:58,242.45,243.55,239.8,239.9,4290
2026-09-01 11:37:59,239.8,242.05,239.3,242,3250
2026-09-01 11:38:58,242.5,242.5,236.95,238.3,4420
2026-09-01 11:39:59,238.15,239.5,237.8,239.5,1235
2026-09-01 11:40:58,237.45,237.5,235.15,235.2,2210
2026-09-01 11:41:59,235.2,239.5,234.8,239.5,3900
2026-09-01 11:42:59,239.2,239.85,239,239.85,2730
2026-09-01 11:43:59,239.75,239.75,238,238.9,910
2026-09-01 11:44:58,239,240.95,239,240.95,2015
2026-09-01 11:45:58,240.4,243.15,240.35,242.55,9555
2026-09-01 11:46:59,241.7,241.75,240.3,241,2145
2026-09-01 11:47:58,240.85,240.85,239.15,239.15,2535
2026-09-01 11:48:58,239.1,239.1,237,237.8,1430
2026-09-01 11:49:58,237.55,238.1,237.1,237.1,780
2026-09-01 11:50:58,236,238.75,235.1,237.55,2665
2026-09-01 11:51:59,237.6,237.6,236.3,236.3,130
2026-09-01 11:52:59,238,238,236.95,236.95,2470
2026-09-01 11:53:58,238.85,238.85,235.4,235.65,2990
2026-09-01 11:54:58,235.9,237.55,235.9,237.4,780
2026-09-01 11:55:58,237,238.2,236.95,238.2,715
2026-09-01 11:56:58,239,240.15,238.9,238.95,1950
2026-09-01 11:57:59,239.6,239.9,239.6,239.65,455
2026-09-01 11:58:59,239,239.5,238.4,238.4,2405
2026-09-01 11:59:59,238.8,238.9,237.7,237.7,260
2026-09-01 12:00:59,237.7,238.3,236,236,1235
2026-09-01 12:01:59,236,236.85,235.65,236.6,845
2026-09-01 12:02:59,237.5,237.5,236.35,236.35,650
2026-09-01 12:03:58,237.6,238.3,237.6,237.75,390
2026-09-01 12:04:59,238.35,239,237.7,238.7,1625
2026-09-01 12:05:58,238.6,239.35,237.35,239.35,1950
2026-09-01 12:06:58,239.1,239.7,238.65,239.25,3055
2026-09-01 12:07:58,239.3,239.35,238.25,238.75,1495
2026-09-01 12:08:59,239.7,240.15,239.7,239.95,1170
2026-09-01 12:09:59,239.55,240.5,239.5,240.5,3055
2026-09-01 12:10:59,241.8,243.05,241.8,243,1235
2026-09-01 12:11:58,243.65,244,242.7,243.5,2795
2026-09-01 12:12:59,243.45,243.45,242.5,242.65,2275
2026-09-01 12:13:59,240.5,240.5,238.95,238.95,780
2026-09-01 12:14:58,239,239,237,237.2,2470
2026-09-01 12:15:59,237.75,238.2,235.15,235.85,1560
2026-09-01 12:16:59,235.2,236.2,234.6,235.45,2925
2026-09-01 12:17:59,234.85,234.85,232.6,233,3120
2026-09-01 12:18:59,231.75,234.55,231.35,234.55,1950
2026-09-01 12:19:58,234.25,235.7,234,234.1,1430
2026-09-01 12:20:59,233.6,234.1,232.95,234.1,780
2026-09-01 12:21:59,234.1,234.1,232.9,233.55,910
2026-09-01 12:22:58,232.9,235,232.9,234.25,2665
2026-09-01 12:23:59,233.55,234.15,232.85,232.85,1560
2026-09-01 12:24:58,232.75,232.75,228,228,4420
2026-09-01 12:25:58,228,233.1,226.4,233.1,10205
2026-09-01 12:26:59,233.7,233.75,232.7,232.7,585
2026-09-01 12:27:59,232,232.7,231.7,232.5,1300
2026-09-01 12:28:59,233.5,234,233.25,233.7,780
2026-09-01 12:29:58,233.5,233.5,232.2,232.45,3640
2026-09-01 12:30:58,232.05,234.4,231.5,234.4,3640
2026-09-01 12:31:59,234.45,235.4,234.4,234.65,3250
2026-09-01 12:32:58,234.65,235.5,234.45,234.45,3315
2026-09-01 12:33:59,232.8,232.8,229,229.95,1625
2026-09-01 12:34:58,229.35,230.8,229.35,230.8,5265
2026-09-01 12:35:59,231.55,231.55,231.55,231.55,910
2026-09-01 12:36:59,235,235.8,233.55,233.55,2795
2026-09-01 12:38:59,233.75,234,232.9,232.9,1040
2026-09-01 12:39:59,232.7,233,232.5,233,845
2026-09-01 12:40:58,234,234.75,233.6,234.75,1495
2026-09-01 12:41:58,233.25,233.9,232.95,232.95,1430
2026-09-01 12:42:59,235.7,235.7,233.75,233.75,390
2026-09-01 12:43:59,234.1,234.1,234.1,234.1,520
2026-09-01 12:44:59,234.15,235.15,234.15,235.15,130
2026-09-01 12:45:58,235.3,235.3,235.1,235.1,455
2026-09-01 12:46:59,234.7,234.7,233.5,233.5,260
2026-09-01 12:47:59,232.2,233,232.2,233,325
2026-09-01 12:48:58,232.1,232.1,232.1,232.1,65
2026-09-01 12:49:59,232.15,232.15,232.1,232.1,195
2026-09-01 12:50:59,231.55,231.7,231,231,1105
2026-09-01 12:51:59,230.2,230.2,228.7,229.55,2405
2026-09-01 12:52:59,230,230.65,229.85,229.95,1170
2026-09-01 12:53:58,229.7,229.7,228.65,228.8,2470
2026-09-01 12:54:59,229.5,229.75,227,227,10920
2026-09-01 12:55:58,226.25,227.05,226.15,226.4,2145
2026-09-01 12:56:59,226.3,227,224.75,225,4290
2026-09-01 12:57:59,225.45,225.95,224.85,225.55,2535
2026-09-01 12:58:59,225.9,227.9,225.9,227,3055
2026-09-01 12:59:59,227.25,227.85,225.05,225.95,2925
2026-09-01 13:00:58,225.4,225.4,221.65,222,8255
2026-09-01 13:01:59,222.35,222.6,217.2,218.3,41600
2026-09-01 13:02:58,219.05,219.75,217.7,219.2,2015
2026-09-01 13:03:59,217.95,219.2,217,217,2145
2026-09-01 13:04:58,216.65,217.1,215.3,216.3,25935
2026-09-01 13:05:59,216,216,211.6,214.5,17225
2026-09-01 13:06:58,214.65,214.65,211.15,211.9,3900
2026-09-01 13:07:59,211,212.65,209.75,212.4,5135
2026-09-01 13:08:58,212.05,213.95,211.7,212.4,2340
2026-09-01 13:09:59,211.35,212.05,211.05,211.95,4745
2026-09-01 13:10:59,211.6,211.95,207.3,207.3,4355
2026-09-01 13:11:59,208.1,208.1,201.85,202.6,9945
2026-09-01 13:12:59,203.05,203.45,201,203.45,6110
2026-09-01 13:13:58,204.2,204.2,201.45,202.4,6955
2026-09-01 13:14:59,202.8,202.8,200.5,200.55,4355
2026-09-01 13:15:58,199.65,199.65,198.05,198.25,19175
2026-09-01 13:16:58,198.05,198.1,196.5,197.1,19565
2026-09-01 13:17:58,197.45,198,196.6,196.95,6045
2026-09-01 13:18:59,196.65,199.35,196.65,199,6110
2026-09-01 13:19:58,199.55,201.6,199.35,200.9,7800
2026-09-01 13:20:59,200.55,201.1,199.75,200.8,3055
2026-09-01 13:21:58,201,203.25,201,201.6,3575
2026-09-01 13:22:59,202,203.4,202,202.8,520
2026-09-01 13:23:58,202.25,202.6,201.35,201.35,4615
2026-09-01 13:24:59,201.6,201.75,200.75,201.75,910
2026-09-01 13:25:59,201.2,202.15,201.05,202.15,2340
2026-09-01 13:26:58,202.15,202.15,201,201.7,1885
2026-09-01 13:27:58,201.1,201.65,198.9,198.9,4160
2026-09-01 13:28:59,199.1,199.3,198.2,198.55,2405
2026-09-01 13:29:59,199.75,199.8,199.65,199.8,195
2026-09-01 13:30:58,199.2,200.65,199.2,200.2,1625
2026-09-01 13:31:58,201.45,202,200.7,202,1625
2026-09-01 13:32:59,202,202.65,201.65,202,845
2026-09-01 13:33:59,201.5,201.75,200.75,201,7345
2026-09-01 13:34:59,200.6,202.1,200.6,202.1,910
2026-09-01 13:35:58,201.55,203.9,201.4,202.65,4550
2026-09-01 13:36:59,202,202,199,199.5,5070
2026-09-01 13:37:59,199,199,194.6,196.5,29445
2026-09-01 13:38:59,195.8,196.15,193.5,194.25,22425
2026-09-01 13:39:58,194.45,194.45,191,191.35,8125
2026-09-01 13:40:59,190.9,191.75,186.9,189.55,30875
2026-09-01 13:41:59,189.15,189.15,186.05,187.4,40950
2026-09-01 13:42:59,186.55,190.65,186.45,190.65,7930
2026-09-01 13:43:59,190.8,193.4,190.4,192.55,7410
2026-09-01 13:44:59,191.9,192.75,190.85,191,11765
2026-09-01 13:45:58,191,191,190,190.7,6695
2026-09-01 13:46:58,190.65,190.65,188.5,188.5,21710
2026-09-01 13:47:59,188.4,189.05,186.5,187.35,16250
2026-09-01 13:48:59,187.05,188.35,186.6,188,8125
2026-09-01 13:49:58,188.2,188.3,187.3,187.3,6110
2026-09-01 13:50:59,186.75,186.75,180,180.45,24635
2026-09-01 13:51:59,179.5,180.4,173.65,173.95,28795
2026-09-01 13:52:59,175.25,178.25,174.4,177.5,19175
2026-09-01 13:53:59,176.2,177.5,176.2,176.95,5460
2026-09-01 13:54:59,176.45,178.35,175.6,177.6,9425
2026-09-01 13:55:59,176.7,177.25,176.2,177,9555
2026-09-01 13:56:59,176.85,178.25,176,178.25,7215
2026-09-01 13:57:59,179,182,179,181.65,13975
2026-09-01 13:58:59,181.95,183,181.65,181.7,7150
2026-09-01 13:59:59,182.4,182.45,180.6,180.6,12285
2026-09-01 14:00:58,181,181,176.75,177.5,6045
2026-09-01 14:01:59,177.5,178.45,176.8,178.15,46670
2026-09-01 14:02:59,176.85,177.3,172.95,173.9,49855
2026-09-01 14:03:59,173.6,174.2,172.5,173.1,9945
2026-09-01 14:04:58,173.6,175.05,172.2,173.25,12610
2026-09-01 14:05:58,173.3,175.25,170.9,174.05,6760
2026-09-01 14:06:59,174.45,175.75,173.1,174.15,13715
2026-09-01 14:07:59,173.6,174.2,172.4,172.95,7410
2026-09-01 14:08:59,172.6,172.8,169,169,28665
2026-09-01 14:09:58,169.1,169.75,167.4,168,10140
2026-09-01 14:10:58,168.3,170.45,168.05,170.45,8320
2026-09-01 14:11:58,170.5,173.55,170.4,173.05,7995
2026-09-01 14:12:58,173,173,170.7,171,28340
2026-09-01 14:13:59,171,171.5,170.05,171,5785
2026-09-01 14:14:59,170.5,172.4,170.5,171.6,6305
2026-09-01 14:15:59,171.85,174.15,171.6,172.4,16900
2026-09-01 14:16:59,173.05,173.45,172.1,172.5,6435
2026-09-01 14:17:59,172,172.4,171.3,172.4,4485
2026-09-01 14:18:59,172,172.5,171.5,171.9,4875
2026-09-01 14:19:59,171.9,172.9,171.85,172.4,5785
2026-09-01 14:20:58,172.6,172.75,171.4,171.4,8320
2026-09-01 14:21:59,171.5,172.25,171.2,171.2,10075
2026-09-01 14:22:58,171.05,171.95,170,170.1,9360
2026-09-01 14:23:58,170.3,171.25,170.1,170.3,7865
2026-09-01 14:24:58,170.3,171.5,170.3,171.35,2405
2026-09-01 14:25:59,170.85,173.5,170.8,173.5,8320
2026-09-01 14:26:58,174,174,172.25,172.6,14235
2026-09-01 14:27:59,172.9,172.9,171,171,4420
2026-09-01 14:28:59,171.65,171.7,170.95,171.7,7085
2026-09-01 14:29:59,172.25,177,171.75,177,8385
2026-09-01 14:30:59,176.75,177,174.2,174.75,10400
2026-09-01 14:31:58,174.3,178.3,174.2,178.3,9490
2026-09-01 14:32:58,178.6,179.75,177.35,177.55,5460
2026-09-01 14:33:59,177.5,178,175.05,176.25,3835
2026-09-01 14:34:59,176.6,178,176.4,178,12220
2026-09-01 14:35:58,178.2,179.1,176.05,176.25,10725
2026-09-01 14:36:58,176.25,176.7,175.3,175.6,2340
2026-09-01 14:37:59,175,175,172.5,172.5,13195
2026-09-01 14:38:59,172.5,174.3,172,172.95,3055
2026-09-01 14:39:58,174.4,174.4,172,172.1,5525
2026-09-01 14:40:59,172.5,172.5,170.5,170.6,2535
2026-09-01 14:41:59,171,172.4,170.6,171.75,5525
2026-09-01 14:42:58,172.05,174.45,172.05,174.25,4290
2026-09-01 14:43:59,173.85,174.35,172.65,172.95,7085
2026-09-01 14:44:58,172.9,173.6,172.75,173,2600
2026-09-01 14:45:59,172.5,176.25,172.5,175.2,5200
2026-09-01 14:46:59,174.75,174.75,173.7,174.05,6240
2026-09-01 14:47:58,173.95,174,172.85,174,2405
2026-09-01 14:48:58,173.2,174.1,173.15,173.15,1235
2026-09-01 14:49:59,173.65,175,173,174.15,5330
2026-09-01 14:50:58,174.55,176.5,174.55,176.2,10400
2026-09-01 14:51:58,176.7,177.6,175.65,176.55,5265
2026-09-01 14:52:59,176,176.9,175.1,175.9,1820
2026-09-01 14:53:58,175.7,176.6,175.15,175.15,1950
2026-09-01 14:54:59,175.8,176.2,174.95,176.2,2405
2026-09-01 14:55:59,176.45,177.5,176.25,177.45,6630
2026-09-01 14:56:59,176.85,177.4,175.1,175.1,6760
2026-09-01 14:57:58,175,176,173.8,173.8,3705
2026-09-01 14:58:59,174.5,177.25,174.5,176.35,2860
2026-09-01 14:59:59,175.75,175.75,173.5,173.7,2665
2026-09-01 15:00:59,174.2,174.45,172,174.05,9555
2026-09-01 15:01:58,174.55,174.7,172,173.5,31265
2026-09-01 15:02:58,173.45,173.45,170.55,170.55,2470
2026-09-01 15:03:59,171.1,172.15,169.65,170.5,8905
2026-09-01 15:04:58,170.85,171.6,170.85,171.3,5070
2026-09-01 15:05:59,170.8,173.85,170.75,172.95,15145
2026-09-01 15:06:59,173,173.6,172.55,172.55,3185
2026-09-01 15:07:59,172.8,172.95,170.35,171.1,7540
2026-09-01 15:08:59,170.55,171.05,170.4,171.05,3640
2026-09-01 15:09:59,170.6,170.85,169.4,170.05,4225
2026-09-01 15:10:59,170,171,169.55,170.25,15340
2026-09-01 15:11:59,170.7,171,169.85,171,3835
2026-09-01 15:12:59,170.3,170.95,169.35,169.35,4680
2026-09-01 15:13:58,170,171.05,170,170.85,8710
2026-09-01 15:14:59,170.9,174.05,170.75,172.45,11505
2026-09-01 15:15:58,172.7,173.1,169.9,170.4,5980
2026-09-01 15:16:59,170.4,172.05,170.05,172.05,7475
2026-09-01 15:17:59,171.4,172.6,171.2,171.2,5915
2026-09-01 15:18:59,172.15,172.15,170.5,171.6,9490
2026-09-01 15:19:58,171.2,171.2,169,169.35,14430
2026-09-01 15:20:58,169.65,172.1,169.6,171.1,13260
2026-09-01 15:21:59,171.2,171.85,169.5,171.05,10010
2026-09-01 15:22:59,171,171.1,168.55,170.4,9750
2026-09-01 15:23:59,170.5,171.05,170.45,170.75,8580
2026-09-01 15:24:59,170.7,171.6,169.9,170.25,8450
2026-09-01 15:25:58,170.1,171.3,170,171.3,14040
2026-09-01 15:26:58,170.9,171.65,170.05,170.2,9750
2026-09-01 15:27:59,170.95,172,170.9,171.5,6305
2026-09-01 15:28:58,172.35,177,172.35,177,21905
2026-09-01 15:29:59,177.15,178.25,176.3,178.25,14105
2026-09-01 15:30:59,179,179,171.75,174.2,22360
2026-09-01 15:31:58,174.3,174.65,173,173.8,4160
2026-09-01 15:32:58,173.25,175,172.1,172.1,5005
2026-09-01 15:33:58,172.95,173.5,172.35,173.1,8645
2026-09-01 15:34:59,172.15,173.35,172.15,173.2,6890
2026-09-01 15:35:58,173.25,173.5,172,172.65,43030
2026-09-01 15:36:59,172.75,172.75,170.2,170.2,5265
2026-09-01 15:37:59,170.35,171,169.6,170.9,5980
2026-09-01 15:38:58,170.95,170.95,169.45,170.15,17875
2026-09-01 15:39:58,170.2,170.2,167,170,15925
2026-09-01 15:40:00,170,170,170,170,195
2026-09-02 09:15:59,130.1,140.45,122.65,139.45,79885
2026-09-02 09:16:58,138.9,143,138.6,141,50440
2026-09-02 09:17:58,140.8,142.3,140.2,142.3,34775
2026-09-02 09:18:58,142.35,144.65,142.15,143.6,32955
2026-09-02 09:19:58,143.85,143.85,141.15,141.2,29965
2026-09-02 09:20:58,140.5,142.05,140.2,141.65,43940
2026-09-02 09:21:58,141.75,142.3,138,139.25,47775
2026-09-02 09:22:58,139.1,139.1,137.05,137.9,47775
2026-09-02 09:23:58,137.55,137.75,135.7,136.05,50635
2026-09-02 09:24:59,135.75,137.15,134.1,137.15,31005
2026-09-02 09:25:59,137.25,139,136.95,138.95,15275
2026-09-02 09:26:59,139,141.2,138.5,140.35,23400
2026-09-02 09:27:59,140.45,142.25,140.15,141.6,7865
2026-09-02 09:28:59,141.3,141.6,140.15,140.5,13260
2026-09-02 09:29:59,140.75,141.35,140.75,141.2,11310
2026-09-02 09:30:59,141,142.1,139.65,139.8,14365
2026-09-02 09:31:59,140,141.75,139.5,140.7,13195
2026-09-02 09:32:59,140.8,141.8,140.3,141,12415
2026-09-02 09:33:59,141,141.9,141,141.9,11245
2026-09-02 09:34:59,142,143.45,141.8,143.15,14235
2026-09-02 09:35:59,143.1,143.75,141.6,143.25,16250
2026-09-02 09:36:59,143.2,143.2,140.15,141.1,23270
2026-09-02 09:37:58,140.9,143.05,140.85,141.85,17095
2026-09-02 09:38:59,142.15,142.5,141.05,141.05,6045
2026-09-02 09:39:59,141.5,141.6,139.25,139.6,12155
2026-09-02 09:40:59,139.4,140.45,139.3,139.85,8580
2026-09-02 09:41:59,140.05,142.1,140.05,141.25,4745
2026-09-02 09:42:59,141.7,142.8,141.2,141.95,7215
2026-09-02 09:43:59,141.45,142.95,141.45,141.9,6565
2026-09-02 09:44:58,142.1,143,141,141.45,4290
2026-09-02 09:45:58,141.1,141.1,139.25,139.25,4420
2026-09-02 09:46:59,139.5,140.6,138.35,138.9,11245
2026-09-02 09:47:58,138.85,139,137.45,138.35,7800
2026-09-02 09:48:59,138.5,139.5,137.9,139.05,8190
2026-09-02 09:49:59,139.9,141.35,139.7,140.55,2145
2026-09-02 09:50:59,140.1,142.55,139.75,142.55,4355
2026-09-02 09:51:59,142.55,142.55,140.1,140.7,3770
2026-09-02 09:52:59,141.1,141.4,139,139.3,9035
2026-09-02 09:53:59,139.5,139.8,138.4,138.9,11375
2026-09-02 09:54:58,138.95,139.75,138.4,138.5,5720
2026-09-02 09:55:59,138.55,139.1,138.1,139.1,5525
2026-09-02 09:56:59,139,141.25,139,141.25,6630
2026-09-02 09:57:58,141.4,141.4,140.2,141.4,4745
2026-09-02 09:58:58,141.5,143,141.3,142.7,3120
2026-09-02 09:59:59,143,143.7,142.4,142.4,3575
2026-09-02 10:00:58,142.4,142.95,141.2,141.6,6760
2026-09-02 10:01:58,141.4,143.5,141.4,142.45,1625
2026-09-02 10:02:59,142.5,144.1,142.5,142.6,5980
2026-09-02 10:03:59,142.5,143.4,142.5,142.65,2860
2026-09-02 10:04:58,142.15,143,141.4,142,4615
2026-09-02 10:05:59,142.05,142.95,141.4,142.4,1560
2026-09-02 10:06:58,142.25,143.15,142.1,142.65,975
2026-09-02 10:07:58,142.95,143.7,142.1,143.2,6500
2026-09-02 10:08:59,142.5,142.75,140.95,141,2795
2026-09-02 10:09:59,140.55,141.05,140.2,140.4,3640
2026-09-02 10:10:58,140.4,141.6,140.05,140.65,3445
2026-09-02 10:11:59,140.9,141.05,139.35,139.35,2990
2026-09-02 10:12:58,140.25,140.95,139.65,140.95,3315
2026-09-02 10:13:59,141.15,143.45,140.8,143.25,2665
2026-09-02 10:14:59,142.75,142.75,141,141.3,2210
2026-09-02 10:15:59,141.7,141.7,140.25,141,7995
2026-09-02 10:16:58,141.05,142.15,140.8,141.65,3965
2026-09-02 10:17:58,141,141.85,140.75,141.35,2080
2026-09-02 10:18:59,141,142,140.15,141.45,10660
2026-09-02 10:19:59,141.15,142.65,141.15,142.65,715
2026-09-02 10:20:58,141.85,145,141.85,144.5,6175
2026-09-02 10:21:58,143.65,148,143.3,147.65,7475
2026-09-02 10:22:59,147.5,148.7,146.55,146.55,5265
2026-09-02 10:23:59,146.6,147.6,145,145,4290
2026-09-02 10:24:59,145,147.15,145,146.45,6370
2026-09-02 10:25:59,146.75,147.15,146.2,147,910
2026-09-02 10:26:59,146.35,147.55,145.55,147.3,3835
2026-09-02 10:27:59,147.35,148,147.3,147.35,1690
2026-09-02 10:28:59,147.25,148.8,146.7,147.25,3705
2026-09-02 10:29:58,147,149.05,147,149.05,1755
2026-09-02 10:30:58,148.75,150,148.55,149.3,7930
2026-09-02 10:31:59,149.7,151.9,149.3,149.7,10660
2026-09-02 10:32:59,149.9,150.25,148.7,149.7,2470
2026-09-02 10:33:59,149.2,149.35,147.7,147.7,4030
2026-09-02 10:34:59,147.85,148.25,146.8,147.5,2340
2026-09-02 10:35:58,147.45,147.7,146.1,146.1,2275
2026-09-02 10:36:59,146.1,146.1,145.05,145.45,4615
2026-09-02 10:37:58,145.45,146.1,145,145,2015
2026-09-02 10:38:59,145,145,144,144.4,5395
2026-09-02 10:39:58,143.55,143.55,142.1,143.2,2015
2026-09-02 10:40:58,142.8,145,142.2,145,3185
2026-09-02 10:41:59,144.65,145,143.9,145,780
2026-09-02 10:42:59,145,145.5,143.7,144.1,1885
2026-09-02 10:43:59,143.35,144.4,143.2,143.2,1820
2026-09-02 10:44:58,143.15,143.65,143.15,143.65,325
2026-09-02 10:45:58,142.85,143.65,142.85,142.85,3055
2026-09-02 10:46:59,142.35,143.45,141.9,142.4,2730
2026-09-02 10:47:59,142.7,143.9,141.65,143.9,4030
2026-09-02 10:48:58,144.35,145.1,144.35,144.65,780
2026-09-02 10:49:58,145.1,145.65,144.15,144.9,23140
2026-09-02 10:50:58,144.65,146.35,144.65,146,1170
2026-09-02 10:51:58,146.35,147.35,145.45,145.45,4290
2026-09-02 10:52:59,145,145,141.15,141.3,4160
2026-09-02 10:53:59,140.7,142.6,139.6,139.65,7475
2026-09-02 10:54:59,139.3,142.05,138.55,141.6,4355
2026-09-02 10:55:58,142.3,142.65,141.75,142.35,650
2026-09-02 10:56:58,142.25,144,142.25,143.4,1950
2026-09-02 10:57:59,144.05,145,143.05,143.9,2860
2026-09-02 10:58:58,142.25,143,141.9,141.9,1105
2026-09-02 10:59:59,143.6,144,142.8,142.8,1755
2026-09-02 11:00:59,143.6,144,143.15,143.8,1560
2026-09-02 11:01:58,143.7,143.7,141.2,141.2,1235
2026-09-02 11:02:59,140.2,141,140,140.1,1170
2026-09-02 11:03:59,139.85,140.7,138.95,140.2,8515
2026-09-02 11:04:59,139.75,139.75,138.25,138.75,5070
2026-09-02 11:05:59,138.4,139.15,137.65,138.55,7020
2026-09-02 11:06:59,138.8,139.2,138,138.65,1755
2026-09-02 11:07:59,138.75,140.1,138.5,139.2,3185
2026-09-02 11:08:59,138.4,138.6,138.35,138.6,650
2026-09-02 11:09:58,138.6,138.6,137.75,137.95,4810
2026-09-02 11:10:59,138.2,138.5,137.95,138.45,2795
2026-09-02 11:11:59,138.5,138.5,137.5,137.65,4485
2026-09-02 11:12:58,137.8,138.2,137.1,137.25,3965
2026-09-02 11:13:58,137.3,137.75,137,137.75,4745
2026-09-02 11:14:58,137.55,138,137.55,137.75,585
2026-09-02 11:15:59,137.8,138.4,137.7,137.7,4940
2026-09-02 11:16:59,137.45,137.8,137.3,137.75,2405
2026-09-02 11:17:59,137.45,138.1,137.2,138.1,2340
2026-09-02 11:18:58,138.2,140,138.15,139.7,4485
2026-09-02 11:19:59,139.7,140.1,138.9,139.75,1755
2026-09-02 11:20:58,139.5,140.15,137.85,138.95,31785
2026-09-02 11:21:58,138.25,139,138.25,139,2795
2026-09-02 11:22:58,138.05,138.45,137.25,138.3,2795
2026-09-02 11:23:59,137.6,138.5,137.6,137.95,1950
2026-09-02 11:24:59,137.5,137.5,136.35,137.3,1625
2026-09-02 11:25:59,136.7,136.8,136.5,136.7,3120
2026-09-02 11:26:59,137.05,137.5,136.6,136.6,1495
2026-09-02 11:27:59,136.5,137.05,136.5,136.75,3900
2026-09-02 11:28:58,136.8,137.4,136.4,137.2,5590
2026-09-02 11:29:59,137.4,137.45,136.4,136.5,2730
2026-09-02 11:30:59,136.15,136.95,136.15,136.15,2210
2026-09-02 11:31:59,136.15,136.45,136.05,136.05,2470
2026-09-02 11:32:58,136.15,136.5,135.75,136.15,4225
2026-09-02 11:33:58,135.9,135.9,134.9,135.55,12480
2026-09-02 11:34:58,135.15,136,134.5,136,11505
2026-09-02 11:35:59,135.25,135.6,134.8,135.3,4745
2026-09-02 11:36:58,134.8,135.2,134.2,134.75,1755
2026-09-02 11:37:58,135,135.7,134.55,134.55,14690
2026-09-02 11:38:58,134.55,135.55,133.95,135.55,3900
2026-09-02 11:39:58,135.75,137.4,135.75,136.8,5980
2026-09-02 11:40:58,136.9,137.15,135.35,135.35,4225
2026-09-02 11:41:59,135.95,135.95,135.15,135.6,2210
2026-09-02 11:42:58,135,135.65,135,135.25,3185
2026-09-02 11:43:59,135.85,136.9,135.85,135.95,5135
2026-09-02 11:44:58,135.3,135.7,135,135,6435
2026-09-02 11:45:58,135.1,135.8,135,135.55,8060
2026-09-02 11:46:58,134.9,134.95,134.5,134.5,1950
2026-09-02 11:47:58,134.75,135.1,134,134.25,11765
2026-09-02 11:48:59,134.05,134.35,133.15,134.15,10010
2026-09-02 11:49:58,134.45,134.45,133.85,134.1,3055
2026-09-02 11:50:59,134.1,134.85,134,134.35,1755
2026-09-02 11:51:58,134.75,134.75,134.2,134.7,1560
2026-09-02 11:52:58,134.7,135.9,134.7,135,5135
2026-09-02 11:53:58,135.1,135.85,134.5,135.85,2470
2026-09-02 11:54:59,136,136.9,135.75,136.9,2470
2026-09-02 11:55:59,137,137.65,136.25,136.25,5200
2026-09-02 11:56:58,137,137,135,135.8,11895
2026-09-02 11:57:58,134.9,135.3,134.5,134.5,845
2026-09-02 11:58:58,134.1,134.45,133.85,133.85,10335
2026-09-02 11:59:58,134.1,134.5,134,134,1105
2026-09-02 12:00:59,134.25,135,133.7,134.45,9230
2026-09-02 12:01:59,134.45,134.45,132.65,134.4,2145
2026-09-02 12:02:59,134.1,134.1,133,133.75,1950
2026-09-02 12:03:59,133.6,134.05,132.1,132.3,4420
2026-09-02 12:04:58,132,133.1,131.75,133.1,4940
2026-09-02 12:05:58,133,133.3,132.7,133.2,4745
2026-09-02 12:06:59,133.2,133.85,133.05,133.05,7930
2026-09-02 12:07:59,133.75,133.75,132.9,133.15,1170
2026-09-02 12:08:59,133.45,133.7,133.15,133.15,2015
2026-09-02 12:09:58,134,134,133.45,133.45,11180
2026-09-02 12:10:58,133.75,135.45,133.6,134.95,4095
2026-09-02 12:11:59,135.2,137.7,135.2,137,6760
2026-09-02 12:12:58,137.35,138.9,137.35,138.55,6305
2026-09-02 12:13:58,138.6,139.75,137.75,137.75,2340
2026-09-02 12:14:59,139,139.75,138.2,139.75,1170
2026-09-02 12:15:59,137.95,138.7,137.35,137.35,2015
2026-09-02 12:16:58,137.25,138.55,137.25,138.55,1430
2026-09-02 12:17:59,138.5,139.8,138.5,138.9,1495
2026-09-02 12:18:59,138.75,138.75,137,137.1,1105
2026-09-02 12:19:59,136.3,137,136.05,136.45,2405
2026-09-02 12:20:59,135.7,135.8,134,134,7670
2026-09-02 12:21:58,133.9,134.45,133,134.45,3705
2026-09-02 12:22:58,134.3,135.8,134.3,134.6,2860
2026-09-02 12:23:58,134.35,135.8,134.35,135.1,2925
2026-09-02 12:24:58,135.15,136,134.8,135.55,3575
2026-09-02 12:25:59,135.25,135.9,135.25,135.3,1365
2026-09-02 12:26:59,135.55,137.5,135.55,137.5,780
2026-09-02 12:27:59,137.6,138.35,137,137,3055
2026-09-02 12:28:59,137.75,139.15,137.75,138.95,2730
2026-09-02 12:29:58,139.5,139.9,138.95,139,5655
2026-09-02 12:30:58,138.75,141.55,138.25,140.95,11180
2026-09-02 12:31:58,141.3,142,141.3,142,1625
2026-09-02 12:32:59,142,144,142,143,3900
2026-09-02 12:33:59,143,143.9,142.75,142.85,2275
2026-09-02 12:34:58,143.25,143.4,140.95,140.95,2275
2026-09-02 12:35:59,141.6,142.35,141,141,1495
2026-09-02 12:36:58,141.6,143.05,141,143.05,2340
2026-09-02 12:37:58,142.7,142.7,141.85,141.85,910
2026-09-02 12:38:59,142.5,142.5,141.35,141.35,2535
2026-09-02 12:39:59,142,142.55,141.3,142.55,975
2026-09-02 12:40:59,142.35,143.15,142.35,143.1,2015
2026-09-02 12:41:59,143.5,143.75,142.3,143.75,2665
2026-09-02 12:42:58,143.9,144.15,143.55,144.15,1560
2026-09-02 12:43:58,144.15,147.15,144.15,146.4,3510
2026-09-02 12:44:59,146.2,147.1,143.9,143.9,3770
2026-09-02 12:45:58,143,143.25,141,141.4,2405
2026-09-02 12:46:58,140.65,144,140.65,143.95,1170
2026-09-02 12:47:58,143.85,144.75,142.35,142.35,5200
2026-09-02 12:48:59,141.45,143.05,140.75,143.05,2145
2026-09-02 12:49:59,142.65,145,142.65,144.45,1040
2026-09-02 12:50:58,145,145.3,144.45,144.45,975
2026-09-02 12:51:59,144.4,145.45,144.4,144.9,1950
2026-09-02 12:52:59,145,146.1,145,146.1,2405
2026-09-02 12:53:59,146.1,146.1,143.7,145,650
2026-09-02 12:54:59,145,145,145,145,65
2026-09-02 12:55:58,145.1,145.1,142.9,142.9,3120
2026-09-02 12:56:59,143.45,144.4,143.25,143.25,1040
2026-09-02 12:57:59,144.5,145.65,144.5,145.65,455
2026-09-02 12:58:59,144.9,146.25,144.9,146,3575
2026-09-02 12:59:59,145.4,146.1,145.1,145.55,1365
2026-09-02 13:00:58,145.55,146.95,145.55,146.95,585
2026-09-02 13:01:59,146.95,148,146.5,146.5,2665
2026-09-02 13:02:58,146.75,147.85,146.75,147.15,715
2026-09-02 13:03:59,147.15,147.25,146.15,146.8,3055
2026-09-02 13:04:58,146.15,146.5,144.45,144.5,3250
2026-09-02 13:05:59,144.2,145.05,143.9,144.7,2730
2026-09-02 13:06:59,145.2,145.25,143.15,143.15,2665
2026-09-02 13:07:59,143,143,141.25,141.25,780
2026-09-02 13:08:59,141.55,142.45,141.3,142,1885
2026-09-02 13:09:58,141.65,142.75,141,142.75,650
2026-09-02 13:10:58,143.4,143.75,142.75,143.75,5915
2026-09-02 13:11:59,145.2,146.7,145.2,145.9,1885
2026-09-02 13:12:58,145.5,147.35,145.35,147.35,520
2026-09-02 13:13:59,148,148.8,147,147.8,4160
2026-09-02 13:14:59,147.55,149.5,147.45,148,1495
2026-09-02 13:15:58,147.45,148,145.5,145.5,3640
2026-09-02 13:16:58,145.15,146.7,144.5,145.8,2990
2026-09-02 13:17:59,146,147,146,147,2340
2026-09-02 13:18:58,147,147.2,146,147.2,1235
2026-09-02 13:19:59,146,146,145.3,145.85,845
2026-09-02 13:20:58,145.85,146,145.3,145.75,1365
2026-09-02 13:21:58,145.5,147.2,144.75,146.8,2210
2026-09-02 13:22:59,147.2,147.2,146,146,2470
2026-09-02 13:23:58,145.8,147.4,145.8,147.4,780
2026-09-02 13:24:58,147.4,148.25,146.75,147.5,910
2026-09-02 13:25:59,147.75,148.95,147.75,148.8,4355
2026-09-02 13:26:59,148.95,149.6,148.25,149,3055
2026-09-02 13:27:58,149.15,149.4,148.8,149.3,2470
2026-09-02 13:28:59,148.8,149.4,146.85,147.4,13065
2026-09-02 13:29:58,147.5,147.65,147,147,2535
2026-09-02 13:30:58,146.8,147.3,146.5,146.5,2275
2026-09-02 13:31:59,146.15,146.5,144.15,144.15,5005
2026-09-02 13:32:59,144.7,146,144.7,145.05,2535
2026-09-02 13:33:59,144.9,146.95,144.9,145.35,10010
2026-09-02 13:34:59,145.2,147.35,144.1,147.35,5590
2026-09-02 13:35:59,147.85,149,147.55,149,715
2026-09-02 13:36:59,149,149.7,148.15,149.45,6240
2026-09-02 13:37:59,149.1,149.6,149.1,149.2,3835
2026-09-02 13:38:59,149.1,149.1,147.3,147.3,1300
2026-09-02 13:39:59,145.9,146.35,144.35,144.95,4030
2026-09-02 13:40:58,144.75,145.55,144.15,145.55,7020
2026-09-02 13:41:59,144.95,147.55,144.95,147.25,715
2026-09-02 13:42:59,146.3,146.35,146.3,146.35,1040
2026-09-02 13:43:58,146.4,146.4,146,146,390
2026-09-02 13:44:59,145.25,145.25,145.25,145.25,130
2026-09-02 13:45:59,145.25,146,145.25,146,1105
2026-09-02 13:46:59,146,146.05,146,146.05,195
2026-09-02 13:47:58,145.65,147,145.65,146.55,650
2026-09-02 13:48:59,146.55,146.55,144.6,145.3,1040
2026-09-02 13:49:59,144.15,144.15,144.15,144.15,325
2026-09-02 13:50:58,145.1,145.2,144.15,144.15,6565
2026-09-02 13:51:59,144,144,140.65,141.6,5135
2026-09-02 13:52:59,141.95,143.5,141.95,143.25,3640
2026-09-02 13:53:59,144,145.45,144,144.8,1040
2026-09-02 13:54:59,144.8,145.75,144.8,145.4,1495
2026-09-02 13:55:59,145,145.5,145,145.5,1105
2026-09-02 13:56:59,146,146.95,146,146.95,390
2026-09-02 13:57:59,146.4,146.9,146.4,146.9,1885
2026-09-02 13:58:58,146.15,146.25,146.15,146.25,130
2026-09-02 13:59:58,146.25,147.95,146.25,147.95,1885
2026-09-02 14:00:59,148.5,150.9,148.5,150.9,8645
2026-09-02 14:01:59,150.35,150.75,149.75,150.25,1235
2026-09-02 14:02:59,150,151.55,149.15,149.2,3900
2026-09-02 14:03:58,148.65,148.65,147.85,147.85,455
2026-09-02 14:04:58,146.5,146.9,146.45,146.9,1495
2026-09-02 14:05:58,146.8,146.8,145.6,146.4,5265
2026-09-02 14:06:58,147.55,150,147.55,150,3965
2026-09-02 14:07:59,149.85,153.45,149.85,152,10725
2026-09-02 14:08:59,152.55,153.75,152,153.2,5135
2026-09-02 14:09:58,153.9,154.25,153.25,153.25,2535
2026-09-02 14:10:58,153.35,153.95,152.75,152.9,4225
2026-09-02 14:11:59,152.4,152.85,152.15,152.15,910
2026-09-02 14:12:59,152,153.9,152,153.9,2080
2026-09-02 14:13:59,153.25,153.25,150,150.05,1105
2026-09-02 14:14:58,150,151.1,149.6,150.9,1170
2026-09-02 14:15:59,151.85,151.85,150,150.3,2600
2026-09-02 14:16:59,149.8,151.5,149.6,149.75,3315
2026-09-02 14:17:59,149.25,149.6,148.3,148.95,2730
2026-09-02 14:18:58,148,149.8,147.8,149.3,455
2026-09-02 14:19:58,149,150.55,149,150.55,1430
2026-09-02 14:20:58,150.95,150.95,149,149,2405
2026-09-02 14:21:59,148.35,149.15,148.35,148.85,3575
2026-09-02 14:22:59,148.9,148.9,148.9,148.9,130
2026-09-02 14:23:59,148.5,148.65,147.95,148.15,780
2026-09-02 14:24:59,146.9,146.9,145.35,145.35,2925
2026-09-02 14:25:59,145.85,147.05,145.2,146.95,650
2026-09-02 14:26:58,147.95,148.35,147,148.1,845
2026-09-02 14:27:59,148.15,148.3,147.9,148.3,650
2026-09-02 14:28:58,149.8,151.75,149.35,151.75,1040
2026-09-02 14:29:58,152.2,152.75,151.3,151.3,3250
2026-09-02 14:30:59,152.05,153.85,151.75,153.85,1755
2026-09-02 14:31:59,153.3,155.75,153.3,153.9,4875
2026-09-02 14:32:59,154.7,158.25,154.7,158.05,2145
2026-09-02 14:33:59,156.8,161,156.4,159,8190
2026-09-02 14:34:59,159.35,160.1,156.3,156.7,7475
2026-09-02 14:35:58,157,160.25,157,158.65,3250
2026-09-02 14:36:59,158.65,159.65,156.9,156.95,2340
2026-09-02 14:37:58,157.2,157.35,156,156.4,4355
2026-09-02 14:38:58,156.4,156.65,152.3,153.6,2860
2026-09-02 14:39:58,154,154.7,154,154.6,455
2026-09-02 14:40:59,155.4,155.7,153.9,154.75,2340
2026-09-02 14:41:59,154.9,154.9,153,153.3,780
2026-09-02 14:42:58,153,153.25,151.45,151.45,2535
2026-09-02 14:43:59,151.45,151.45,149.85,149.85,4485
2026-09-02 14:44:59,149.35,149.65,148,148,9035
2026-09-02 14:45:59,147.95,148.9,146.75,148.9,1495
2026-09-02 14:46:59,148.25,149.7,147.8,149.7,1365
2026-09-02 14:47:58,151.75,151.9,151,151.65,1690
2026-09-02 14:48:58,152.55,153.3,152.45,152.65,2015
2026-09-02 14:49:58,153.7,154,152.6,153.1,1755
2026-09-02 14:50:58,153,153.15,149.15,149.35,3770
2026-09-02 14:51:59,148.25,150,148.25,150,1105
2026-09-02 14:52:59,150,150,150,150,325
2026-09-02 14:53:59,149.6,149.6,147,147.2,3250
2026-09-02 14:54:59,146.95,147.75,146.6,147.75,4550
2026-09-02 14:55:59,147.4,147.4,144,144.5,5915
2026-09-02 14:56:58,144.45,144.7,143.8,143.8,4225
2026-09-02 14:57:58,143.25,143.75,142.5,143,1560
2026-09-02 14:58:59,143.2,145.55,143.2,145.55,5070
2026-09-02 14:59:59,145.35,145.8,145,145,1365
2026-09-02 15:00:59,144,145.25,143.4,145.15,1430
2026-09-02 15:01:59,142.75,143.45,140.55,141.7,4030
2026-09-02 15:02:59,140.9,141.3,140.1,141,3640
2026-09-02 15:03:58,140.65,141.45,140,141.2,4355
2026-09-02 15:04:59,140.75,140.75,139.1,139.65,9035
2026-09-02 15:05:59,139.65,140,138.3,139.6,6110
2026-09-02 15:06:59,139.75,139.9,138.95,139.35,7800
2026-09-02 15:07:58,139.45,139.5,138.1,139.4,4485
2026-09-02 15:08:58,138.6,139.3,138.6,139.15,2730
2026-09-02 15:09:58,138.75,140.25,138.55,140.25,3770
2026-09-02 15:10:59,140.25,143,140,143,3705
2026-09-02 15:11:59,144.35,145.3,143,143,4680
2026-09-02 15:12:58,142.8,145.45,142.55,144.15,9685
2026-09-02 15:13:59,143.3,143.55,141.5,141.5,5525
2026-09-02 15:14:58,142.4,144.3,142.15,143.85,2340
2026-09-02 15:15:59,143.25,144.5,142,143.6,2340
2026-09-02 15:16:59,143.85,143.85,142,143.05,2470
2026-09-02 15:17:59,143.35,143.5,142.4,143.45,2990
2026-09-02 15:18:59,143.5,143.5,139.3,141.1,3185
2026-09-02 15:19:58,141.2,142.25,140.75,141.95,3575
2026-09-02 15:20:59,141.85,144.5,140.4,142.55,4095
2026-09-02 15:21:59,142.8,142.8,141,141.15,2275
2026-09-02 15:22:59,141.6,143,141,141.7,3640
2026-09-02 15:23:59,142.3,142.55,142.2,142.2,650
2026-09-02 15:24:59,142.3,142.55,141.8,142.3,2730
2026-09-02 15:25:58,142.35,142.35,139,139.15,4485
2026-09-02 15:26:59,139.2,140.05,138.6,139.3,2080
2026-09-02 15:27:59,139.4,139.4,137.05,137.8,3965
2026-09-02 15:28:59,138.7,141.9,138.05,141.05,2210
2026-09-02 15:29:58,141.25,141.7,139,140.95,7670
2026-09-02 15:30:59,140.2,141.4,140.15,140.35,4030
2026-09-02 15:31:59,140.35,140.35,138.3,138.3,1300
2026-09-02 15:32:59,138,139.45,138,139.2,3770
2026-09-02 15:33:58,139.65,139.65,138.05,138.5,3250
2026-09-02 15:34:59,138.45,138.5,138,138.5,2860
2026-09-02 15:35:58,138.55,139,138.55,138.95,2080
2026-09-02 15:36:58,138.95,139.3,138.95,139.25,10140
2026-09-02 15:37:59,139.2,139.55,138.65,138.65,3250
2026-09-02 15:38:58,139.35,139.35,138.55,139.1,2015
2026-09-02 15:39:59,139.45,139.45,135,135,7085
2026-09-03 09:15:58,159.95,170.35,153.55,164.05,53885
2026-09-03 09:16:58,163.85,168.35,163.55,165.1,34580
2026-09-03 09:17:59,164.7,164.7,157.55,157.8,80795
2026-09-03 09:18:59,157.45,158.85,154.4,154.4,42835
2026-09-03 09:19:59,154.25,156.8,152.3,156.3,39455
2026-09-03 09:20:59,155.85,161.15,155.85,161.15,15795
2026-09-03 09:21:59,161.15,161.6,158.7,158.7,9295
2026-09-03 09:22:59,158,158,156.3,157,6435
2026-09-03 09:23:59,157,157.7,156,156,6825
2026-09-03 09:24:59,155.5,155.8,153.75,154.1,8580
2026-09-03 09:25:59,153.7,155.75,153.25,154.8,11245
2026-09-03 09:26:59,156,157.25,154.65,155.75,10335
2026-09-03 09:27:59,155.5,158.1,155.2,157.25,15860
2026-09-03 09:28:59,157.3,159.3,157.3,158.7,2990
2026-09-03 09:29:58,159.05,160.95,158.3,160.95,7540
2026-09-03 09:30:58,161,163,161,162.8,9230
2026-09-03 09:31:58,162.3,164,161.95,163.2,11765
2026-09-03 09:32:58,163.05,163.45,162,162.25,4810
2026-09-03 09:33:59,162.55,164.1,162.55,162.8,5590
2026-09-03 09:34:59,162.8,164.4,162.8,164.15,4225
2026-09-03 09:35:58,164.25,165.35,164,164.7,6110
2026-09-03 09:36:58,164.55,165.15,164.25,164.3,4550
2026-09-03 09:37:59,164.8,164.8,163.55,163.8,4875
2026-09-03 09:38:59,163.95,166,163.35,166,12220
2026-09-03 09:39:59,165.55,169.4,165.55,169.4,11570
2026-09-03 09:40:59,169.95,172.45,169.85,171.65,22100
2026-09-03 09:41:59,171.9,174.4,171.9,174.4,17225
2026-09-03 09:42:59,174.4,176.5,174,174.05,13715
2026-09-03 09:43:59,174.4,177.95,172.6,177.6,15730
2026-09-03 09:44:59,177.05,178.25,176.65,176.85,8450
2026-09-03 09:45:59,177.5,179.3,177.15,178.45,8320
2026-09-03 09:46:59,178.4,178.4,176.75,176.95,10530
2026-09-03 09:47:59,176.45,178.1,175.85,178,7280
2026-09-03 09:48:59,178.15,178.25,172.1,172.1,6890
2026-09-03 09:49:59,159.95,179.3,152.3,176,552955
2026-09-03 09:50:59,176.4,176.55,173.4,175.1,3510
2026-09-03 09:51:58,175.25,176.9,174.9,175.5,7085
2026-09-03 09:52:59,175.05,177.5,175,175.75,6045
2026-09-03 09:53:59,176.35,176.35,173.25,174.3,6955
2026-09-03 09:54:59,174.6,175,172.75,172.95,14625
2026-09-03 09:55:58,172.6,173.95,171.5,171.5,9945
2026-09-03 09:56:59,172,174.5,170.45,170.75,6110
2026-09-03 09:57:59,170.45,172.4,170.35,171.65,5850
2026-09-03 09:58:58,171.45,172.7,171.45,171.75,3315
2026-09-03 09:59:59,171.8,172.5,171,171.3,6630
2026-09-03 10:00:59,169.75,169.75,167.5,167.95,7085
2026-09-03 10:01:58,168.65,169.25,167.25,168.1,4745
2026-09-03 10:02:59,168.45,169.15,167.7,169,6695
2026-09-03 10:03:58,169.15,169.3,167.9,169.3,5980
2026-09-03 10:04:58,169.3,169.65,168.05,169.15,7540
2026-09-03 10:05:59,169.25,170.4,168.6,170.4,4030
2026-09-03 10:06:58,169.45,169.45,167.5,167.5,1820
2026-09-03 10:07:58,167.1,168.05,166,167.25,4160
2026-09-03 10:08:58,168.25,169.6,168.05,168.7,3055
2026-09-03 10:09:58,168.35,169.75,168,168,5200
2026-09-03 10:10:59,167.3,168.6,167.3,168.05,3575
2026-09-03 10:11:59,168.1,170.05,168.1,168.3,2990
2026-09-03 10:12:59,168.25,168.25,167.05,167.2,4355
2026-09-03 10:13:58,168,168,166.4,167.1,3640
2026-09-03 10:14:58,167.3,168,167,167.2,3575
2026-09-03 10:15:58,166.55,166.55,164.95,165,5265
2026-09-03 10:16:59,165.55,165.85,165.1,165.75,3055
2026-09-03 10:17:59,165.75,166.9,165,166.25,2600
2026-09-03 10:18:58,167,167.25,166.2,166.45,2145
2026-09-03 10:19:58,167.7,167.95,167.7,167.9,1235
2026-09-03 10:20:59,167.75,168.85,167.25,168.85,3380
2026-09-03 10:21:59,168.2,169.2,167.95,169,3380
2026-09-03 10:22:59,168.6,168.85,166.1,166.25,7475
2026-09-03 10:23:58,165.4,166.2,165.35,166.05,4420
2026-09-03 10:24:59,165.95,167.05,165.55,167.05,1560
2026-09-03 10:25:58,167.05,167.5,166.55,166.65,17615
2026-09-03 10:26:58,166.5,166.5,162,162.55,9165
2026-09-03 10:27:59,163.05,163.6,161.9,162.45,13910
2026-09-03 10:28:58,162.8,163.5,160.7,160.95,14885
2026-09-03 10:29:59,161.5,161.5,160.1,160.4,16900
2026-09-03 10:30:58,160.3,162.3,160.3,162.2,9815
2026-09-03 10:31:59,162.15,162.15,158.95,159.65,19240
2026-09-03 10:32:59,159.6,161.9,158.55,160.55,13650
2026-09-03 10:33:58,160.5,160.9,160.1,160.65,7670
2026-09-03 10:34:59,160.7,161.05,158.55,158.55,6045
2026-09-03 10:35:59,158.25,158.25,156.7,158,12870
2026-09-03 10:36:58,158,158.05,153.8,153.8,9880
2026-09-03 10:37:58,153.95,154.5,151.75,152.65,5070
2026-09-03 10:38:58,152.7,154.75,152.55,154.75,2470
2026-09-03 10:39:58,154.15,154.65,154,154.6,3185
2026-09-03 10:40:58,154.85,154.85,153.35,153.35,3510
2026-09-03 10:41:58,153.35,154.2,151.4,152,3510
2026-09-03 10:42:59,151.25,151.35,150.3,150.35,7280
2026-09-03 10:43:59,150.55,152,149.2,151.95,8320
2026-09-03 10:44:58,151.9,152,150.55,152,1885
2026-09-03 10:45:59,151.85,152.95,151.7,152,1950
2026-09-03 10:46:59,152.5,153.7,152.5,153.7,455
2026-09-03 10:47:58,153.45,154.55,153.45,153.9,1235
2026-09-03 10:48:59,154.15,155.4,154.1,154.1,5200
2026-09-03 10:49:59,153.95,155,153.55,154.55,3380
2026-09-03 10:50:58,155.05,155.15,154.25,154.25,4875
2026-09-03 10:51:59,154.3,155.2,154.2,154.4,325
2026-09-03 10:52:59,154.4,154.4,153,153,1560
2026-09-03 10:53:59,152.7,152.7,151.3,151.8,4940
2026-09-03 10:54:59,152.75,152.75,151,151.15,1105
2026-09-03 10:55:58,151.25,151.25,150,150.75,3380
2026-09-03 10:56:59,151.25,152.35,150.9,152.3,2795
2026-09-03 10:57:58,152.95,153.35,151.95,151.95,910
2026-09-03 10:58:59,152.3,153.05,151.6,151.7,1430
2026-09-03 10:59:59,151.35,153.35,151.35,153.35,455
2026-09-03 11:00:58,151.85,153.15,151.6,152.7,2340
2026-09-03 11:01:59,153,153,151.4,151.4,1950
2026-09-03 11:02:58,151.35,151.6,150.3,150.5,2145
2026-09-03 11:03:58,150.8,151.55,150.5,151,585
2026-09-03 11:04:58,150.5,150.5,150,150,8905
2026-09-03 11:05:59,148.45,149.35,146,149,7020
2026-09-03 11:06:59,149,149,147.55,148,11505
2026-09-03 11:07:58,148.4,148.4,147,147.35,2795
2026-09-03 11:08:58,146.9,147.85,145.3,145.35,17290
2026-09-03 11:09:59,145.55,147.75,143.8,143.8,20475
2026-09-03 11:10:59,143.95,145.7,143.95,145,4810
2026-09-03 11:11:58,145,146,145,145.25,2145
2026-09-03 11:12:59,145.9,146.25,145.4,146.1,2535
2026-09-03 11:13:59,146.15,146.15,144.5,144.55,3705
2026-09-03 11:14:59,144.65,144.7,142,143.75,6110
2026-09-03 11:15:59,143.1,143.75,141,142.7,16185
2026-09-03 11:16:59,142.65,145.65,142.65,144.55,15990
2026-09-03 11:17:59,146.2,146.9,145.55,146.5,1170
2026-09-03 11:18:59,146.7,147.6,146.5,147.45,2990
2026-09-03 11:19:59,147.1,149,147.1,148.4,2080
2026-09-03 11:20:58,149,149.95,148.85,149,4875
2026-09-03 11:21:59,148.6,149.25,148.6,149.25,780
2026-09-03 11:22:59,149.8,151.2,149.7,151,7475
2026-09-03 11:23:58,151,152.25,151,152.1,2990
2026-09-03 11:24:58,151.85,152.3,150.7,151.45,3380
2026-09-03 11:25:59,151.55,151.75,150.9,151.05,4745
2026-09-03 11:26:58,151.1,152.9,151.1,152.8,3705
2026-09-03 11:27:59,152.85,153.5,152.4,153.3,6500
2026-09-03 11:28:58,153.45,153.9,152.3,152.75,5395
2026-09-03 11:29:59,153,154,152.35,154,5005
2026-09-03 11:30:59,154.15,155.9,154.15,154.9,7475
2026-09-03 11:31:58,155.5,155.5,154,154.6,1755
2026-09-03 11:32:59,154.6,155,153.4,153.4,1430
2026-09-03 11:33:59,153,154.2,153,154.2,845
2026-09-03 11:34:58,154.2,155.35,154.05,155,1625
2026-09-03 11:35:58,154.6,156.8,154.15,156.8,5525
2026-09-03 11:36:59,156.45,157,155.3,155.8,8060
2026-09-03 11:37:58,156.25,156.25,155.25,155.25,3640
2026-09-03 11:38:59,155.1,155.4,153.9,154,1755
2026-09-03 11:39:58,154.05,154.05,153.5,153.5,195
2026-09-03 11:40:59,154.7,154.7,154.05,154.35,650
2026-09-03 11:41:59,153.8,153.8,152.1,152.55,1430
2026-09-03 11:42:58,151.9,153,151.9,153,975
2026-09-03 11:43:58,152.65,152.7,151.6,151.6,1560
2026-09-03 11:44:58,152.95,154.2,152.95,154.2,2535
2026-09-03 11:45:59,154.15,155.3,154.15,155.3,2275
2026-09-03 11:46:58,154.75,154.75,151.8,151.8,1170
2026-09-03 11:47:59,152,152.25,150.2,150.75,3965
2026-09-03 11:48:59,150.7,153.35,150.7,153.35,1365
2026-09-03 11:49:59,153.9,153.9,151.55,151.55,1560
2026-09-03 11:51:59,151,151,150,150.6,1235
2026-09-03 11:52:59,150.65,152.6,150.65,152.6,520
2026-09-03 11:53:58,152,152,150.7,150.7,1170
2026-09-03 11:54:59,150.5,150.5,150.5,150.5,195
2026-09-03 11:55:59,150,150.1,148.1,148.1,1885
2026-09-03 11:56:59,148.2,149.8,146.75,149.35,1235
2026-09-03 11:57:58,149.45,150,148.7,148.7,650
2026-09-03 11:58:59,149.4,149.4,148.35,149.05,650
2026-09-03 11:59:59,149.15,149.95,149.15,149.95,455
2026-09-03 12:00:58,149.35,149.35,148.3,149.1,1625
2026-09-03 12:01:59,148.6,148.6,145.95,147.2,4290
2026-09-03 12:02:58,147.3,147.95,146,146,3575
2026-09-03 12:03:59,145,145,144,144,7150
2026-09-03 12:04:58,143.85,144.65,143.45,144.65,3185
2026-09-03 12:05:58,144.7,145.45,144.5,145.4,1625
2026-09-03 12:06:59,144.3,144.9,144,144.9,1170
2026-09-03 12:07:59,144.05,144.85,143.45,143.45,1430
2026-09-03 12:08:58,144.35,145,143.45,143.9,1300
2026-09-03 12:09:58,144,144,142.85,143.15,2665
2026-09-03 12:10:59,143.15,144.75,143.15,144.5,2210
2026-09-03 12:11:58,144,144,143,143.35,2535
2026-09-03 12:12:58,143.5,143.55,143.5,143.55,1690
2026-09-03 12:13:59,143.55,144.45,143.5,143.9,2470
2026-09-03 12:14:59,144.85,144.85,144.85,144.85,195
2026-09-03 12:15:59,143.9,144.15,143.5,143.5,1105
2026-09-03 12:16:58,143.45,143.75,142.15,142.15,2340
2026-09-03 12:17:59,143.1,143.1,142,142,1365
2026-09-03 12:18:59,141.9,141.9,139.4,140,8060
2026-09-03 12:19:58,140.05,141.7,139.65,141,1560
2026-09-03 12:20:58,140.4,141,140.3,141,4095
2026-09-03 12:21:59,141.85,141.85,140.3,140.9,1430
2026-09-03 12:22:59,140,140.15,139.65,139.95,1690
2026-09-03 12:23:59,139.65,140.1,138.55,138.65,2860
2026-09-03 12:24:58,138.3,138.75,137.4,138,5070
2026-09-03 12:25:58,138.2,139.45,137.7,139.45,5460
2026-09-03 12:26:58,139.45,140.45,139.45,139.8,1040
2026-09-03 12:27:58,139.5,139.55,137.95,139,2015
2026-09-03 12:28:59,139.7,141,139,139.75,5395
2026-09-03 12:29:59,139.1,139.55,139.1,139.15,1885
2026-09-03 12:30:58,138.9,141,138.8,141,2535
2026-09-03 12:31:58,141,141.65,140.75,141,2340
2026-09-03 12:32:59,141.65,141.65,140,140,1560
2026-09-03 12:33:58,141.25,141.5,140.6,140.6,910
2026-09-03 12:34:59,140.25,142,140.25,142,1560
2026-09-03 12:35:58,141.1,141.2,140,140.35,2405
2026-09-03 12:36:59,140.25,140.25,139.05,140.2,1950
2026-09-03 12:37:59,140.25,140.5,139.7,140.5,2275
2026-09-03 12:38:59,140.7,142.6,140.7,142.45,3640
2026-09-03 12:39:58,141.45,142.25,141,142.15,2145
2026-09-03 12:40:59,141.75,142.2,141,142.2,5785
2026-09-03 12:41:58,142.4,142.4,141.75,142.3,1235
2026-09-03 12:42:58,142.2,142.35,140,140,3770
2026-09-03 12:43:59,140.25,141.75,140.25,140.45,5005
2026-09-03 12:44:59,140.45,141.45,140.35,140.35,455
2026-09-03 12:45:59,140.6,141.2,140.05,141.2,1885
2026-09-03 12:46:59,141.1,141.9,141.1,141.4,910
2026-09-03 12:47:58,141.6,141.6,140.55,141.4,2470
2026-09-03 12:48:58,140.85,141.35,140.35,141.35,2600
2026-09-03 12:49:59,141.9,141.9,140.5,140.5,715
2026-09-03 12:50:59,140.1,141.7,140.1,141.7,1755
2026-09-03 12:51:58,141.85,142.3,141.5,142.2,585
2026-09-03 12:52:59,142.2,143.8,141.95,143.4,2405
2026-09-03 12:53:59,143,143.75,142.9,143.3,7410
2026-09-03 12:54:58,143,144.15,142.85,143.75,4290
2026-09-03 12:55:59,141.85,142,141.7,141.75,845
2026-09-03 12:56:58,141.35,141.4,139.05,141,3250
2026-09-03 12:57:59,140.55,143.95,140.55,143,1885
2026-09-03 12:58:59,142.55,142.55,140.3,142.25,1235
2026-09-03 12:59:59,141.55,143.25,141.55,142.45,1105
2026-09-03 13:00:58,141.75,141.75,141,141,715
2026-09-03 13:01:59,140.8,141.4,140.8,141,260
2026-09-03 13:02:59,142,142,140.75,140.75,325
2026-09-03 13:03:59,142,142,141,141,1950
2026-09-03 13:04:59,141.5,141.75,141.5,141.65,650
2026-09-03 13:05:58,142,142,141.75,142,2665
2026-09-03 13:06:58,142,142.8,142,142.2,1495
2026-09-03 13:07:59,142,142,141.05,141.5,1170
2026-09-03 13:08:59,141.45,141.45,141,141,455
2026-09-03 13:09:59,141,142,141,141.8,910
2026-09-03 13:10:59,141.95,142.1,141.55,142,1690
2026-09-03 13:11:59,142.75,143.45,142.75,143.45,260
2026-09-03 13:12:59,143.3,144.45,143.25,143.8,5590
2026-09-03 13:13:59,143.4,143.4,142.5,142.9,3900
2026-09-03 13:14:59,142,142.6,142,142.2,2860
2026-09-03 13:15:58,141.55,141.8,141.5,141.5,1950
2026-09-03 13:16:59,141.55,142.4,140.8,142,1300
2026-09-03 13:17:58,141.5,143,141.5,143,260
2026-09-03 13:18:58,143.3,144,142.4,142.7,1820
2026-09-03 13:19:58,141.95,141.95,141.05,141.7,780
2026-09-03 13:20:58,142.15,142.15,141,141,325
2026-09-03 13:21:59,141.1,141.1,140.8,140.8,520
2026-09-03 13:22:59,140.5,140.7,140.3,140.65,780
2026-09-03 13:23:59,140.2,140.8,139.4,140,14885
2026-09-03 13:24:58,140,140,136.25,137.4,8255
2026-09-03 13:25:59,137.75,137.75,132.9,135,5720
2026-09-03 13:26:59,136.2,137.95,136.2,137.8,2860
2026-09-03 13:27:59,138.2,139.6,137.75,139.6,1950
2026-09-03 13:28:58,138.7,139.8,138.7,139.05,1105
2026-09-03 13:29:58,138.9,139.2,138.7,139,3445
2026-09-03 13:30:58,138.9,138.9,138.9,138.9,65
2026-09-03 13:31:58,140.5,142,140.5,141.45,3055
2026-09-03 13:32:59,140.3,140.3,138.8,138.8,845
2026-09-03 13:33:58,138.95,145.2,138.75,144.25,4030
2026-09-03 13:34:59,144,144.75,142.65,143.55,2275
2026-09-03 13:35:59,142.9,144.8,142.9,143.65,585
2026-09-03 13:36:58,144.2,144.2,142,142.4,8255
2026-09-03 13:37:59,141.15,141.15,141,141,195
2026-09-03 13:38:58,141.25,141.55,139.9,139.9,910
2026-09-03 13:39:58,140.2,140.2,136.85,137.3,1690
2026-09-03 13:40:59,137.35,138.25,136.1,137.25,33280
2026-09-03 13:41:58,137.75,138,135.3,135.3,1430
2026-09-03 13:42:59,136.05,136.25,135.7,136.2,1430
2026-09-03 13:43:59,137,137.25,136,136.35,1040
2026-09-03 13:44:59,135.75,137.4,135.75,137.4,6305
2026-09-03 13:45:58,137.2,137.2,135,135,5655
2026-09-03 13:46:58,134.7,136.5,134.1,135.45,2145
2026-09-03 13:47:59,135.25,135.65,134.2,134.2,1105
2026-09-03 13:48:58,134.5,136.2,134.4,136.2,2600
2026-09-03 13:49:59,136.8,138.9,136.8,138.9,5590
2026-09-03 13:50:58,138.95,139.35,138,139.3,3120
2026-09-03 13:51:58,138.95,139.5,138.05,138.05,2015
2026-09-03 13:52:59,138.7,138.7,136.6,136.75,1560
2026-09-03 13:53:59,136,136,135.5,136,2340
2026-09-03 13:54:59,137.1,137.45,137.1,137.45,780
2026-09-03 13:55:59,136.95,137.05,136.95,137.05,1950
2026-09-03 13:56:59,137.4,137.5,137.2,137.5,1170
2026-09-03 13:57:59,137.55,138.55,137.55,138.55,1950
2026-09-03 13:58:59,139.45,140,139.45,139.5,910
2026-09-03 13:59:58,139.65,139.65,138.35,139.35,650
2026-09-03 14:00:59,139.15,139.9,138.95,139.9,1950
2026-09-03 14:01:58,140,140,137.75,138,3380
2026-09-03 14:02:59,138.3,138.3,137,137.05,715
2026-09-03 14:03:58,138.2,140.6,137.8,140.05,2925
2026-09-03 14:04:58,139.05,139.05,138.85,138.9,845
2026-09-03 14:05:58,139,139.8,139,139.05,520
2026-09-03 14:06:58,139.15,139.15,137.5,137.8,7605
2026-09-03 14:07:59,138.3,138.3,138.3,138.3,65
2026-09-03 14:08:59,138,138.8,138,138.8,1820
2026-09-03 14:09:59,137.9,139.55,137.9,139.55,3445
2026-09-03 14:10:59,137.75,138.95,137.75,138.95,650
2026-09-03 14:11:59,138.75,139.2,138.65,138.75,260
2026-09-03 14:12:58,138.85,139.15,138.85,139.15,130
2026-09-03 14:13:58,139.15,139.25,139,139.25,2080
2026-09-03 14:14:59,139.55,139.55,138.45,138.45,1560
2026-09-03 14:15:59,139.55,139.55,136.8,137.95,7735
2026-09-03 14:16:59,138.75,138.75,137.75,137.75,1950
2026-09-03 14:17:59,138.5,138.5,137.85,138,195
2026-09-03 14:18:59,138,138,137.5,137.5,780
2026-09-03 14:19:58,139,139.25,138.95,139.25,1820
2026-09-03 14:20:58,139.95,140.25,139.95,140.25,975
2026-09-03 14:21:59,140.25,140.25,139,139,325
2026-09-03 14:22:59,137.4,139,137.2,138.6,2925
2026-09-03 14:23:59,139.15,139.45,139,139.4,1040
2026-09-03 14:24:59,138.65,139.35,138.65,138.85,780
2026-09-03 14:25:58,138.85,139.6,138.85,139.1,845
2026-09-03 14:26:59,139.2,139.3,139,139,260
2026-09-03 14:27:59,138.6,140,138.6,140,2470
2026-09-03 14:28:58,139.85,141.45,139.85,141.45,650
2026-09-03 14:29:59,141.25,141.6,141,141,3705
2026-09-03 14:30:58,140.5,141.25,139.25,139.25,1950
2026-09-03 14:31:59,139.55,140.6,139.3,140.45,1105
2026-09-03 14:32:59,139.65,140.45,139.05,139.05,910
2026-09-03 14:33:59,139.9,139.9,139.55,139.65,780
2026-09-03 14:34:59,139.7,139.95,139.25,139.95,325
2026-09-03 14:35:59,139.75,139.85,139.05,139.8,1105
2026-09-03 14:37:59,139.3,139.3,138.1,138.6,2015
2026-09-03 14:38:59,138.05,138.75,138.05,138.4,585
2026-09-03 14:39:58,138,138,137.7,137.7,390
2026-09-03 14:40:58,136.5,137,136.25,137,2275
2026-09-03 14:41:59,136.85,137.65,136.8,137.65,4355
2026-09-03 14:42:58,137.65,138.25,137.65,137.95,1885
2026-09-03 14:43:59,137.25,137.25,137.15,137.15,520
2026-09-03 14:44:59,137.95,138.1,137.95,138.05,3510
2026-09-03 14:45:58,138.4,139,138.3,138.55,1430
2026-09-03 14:46:58,139,139,136.8,137.05,3640
2026-09-03 14:47:59,137.1,137.9,136.85,137.9,845
2026-09-03 14:48:59,139,139,137.55,138.35,4615
2026-09-03 14:49:59,138.2,138.6,138,138,715
2026-09-03 14:50:59,138.5,139,138.25,138.35,4420
2026-09-03 14:51:59,138.25,138.75,137.3,137.55,8190
2026-09-03 14:52:59,137.5,138.75,137.4,137.8,7020
2026-09-03 14:53:58,137.6,137.75,137.05,137.45,780
2026-09-03 14:54:59,137,137.75,137,137,1235
2026-09-03 14:55:59,137,137.35,136.3,136.3,7865
2026-09-03 14:56:58,136.75,137.15,135,135,12870
2026-09-03 14:57:58,135.3,136.5,134.05,135.1,19890
2026-09-03 14:58:58,134.8,135,133.3,134.3,15340
2026-09-03 14:59:59,134.9,136.6,134.8,134.95,1495
2026-09-03 15:00:58,133.4,134.3,133.4,134.3,3770
2026-09-03 15:01:59,134.2,135.75,134.1,135.35,3575
2026-09-03 15:02:59,135,135.65,133.3,135.3,6890
2026-09-03 15:03:59,135.25,135.25,134.6,134.6,520
2026-09-03 15:04:59,134.85,134.9,133.5,134.15,6110
2026-09-03 15:05:59,133.9,133.9,132.1,132.95,9815
2026-09-03 15:06:59,133.6,133.6,131.65,131.8,4680
2026-09-03 15:07:58,131.8,132.1,131.4,131.55,3380
2026-09-03 15:08:58,131.6,132.25,130.55,131.9,15795
2026-09-03 15:09:59,132,133,131.6,133,11050
2026-09-03 15:10:58,133,134.95,132.9,134.95,13390
2026-09-03 15:11:59,134.55,134.65,134,134.4,2535
2026-09-03 15:12:58,134.5,135,133.8,134.25,7865
2026-09-03 15:13:58,134.25,135.45,133.95,134.9,8710
2026-09-03 15:14:59,134.9,136.8,134.9,135.2,8710
2026-09-03 15:15:59,135.4,135.95,135,135.5,2340
2026-09-03 15:16:59,135.5,136.15,135.15,135.55,5070
2026-09-03 15:17:59,134.95,135.9,134.95,135.55,1040
2026-09-03 15:18:59,135.15,135.45,134,134.95,2210
2026-09-03 15:19:58,135,135,134.55,134.85,975
2026-09-03 15:20:59,134.95,134.95,131.65,131.7,4030
2026-09-03 15:21:59,131,132.2,129,132.05,3575
2026-09-03 15:22:59,132.15,132.15,130.8,131.1,1170
2026-09-03 15:23:59,130.6,131.3,130.55,131.05,3705
2026-09-03 15:24:58,131.55,131.55,130.85,130.85,3380
2026-09-03 15:25:59,130.35,130.35,129.65,129.65,3705
2026-09-03 15:26:59,129.25,129.65,128.2,128.2,3835
2026-09-03 15:27:59,128.1,129,128.1,128.85,2925
2026-09-03 15:28:59,129,129,125.55,126.95,9035
2026-09-03 15:29:59,127.35,127.35,125.65,125.75,31330
2026-09-03 15:30:59,126.25,129.3,126.25,128.2,89960
2026-09-03 15:31:58,128.6,128.6,126.75,127.1,5785
2026-09-03 15:32:59,126.8,127.25,126,126,4095
2026-09-03 15:33:59,125.95,125.95,122,123.55,14820
2026-09-03 15:34:58,123.45,124,123.05,123.95,5330
2026-09-03 15:35:59,124,124.25,123.65,124,11570
2026-09-03 15:36:59,124,124,122.9,123.75,23985
2026-09-03 15:37:59,123.75,123.85,122.9,123.45,6565
2026-09-03 15:38:59,122.8,123.25,122.05,122.65,22490
2026-09-03 15:39:58,122.3,122.6,120,121.05,24505
2026-09-03 15:40:00,121.5,121.5,121.5,121.5,260
2026-09-04 09:15:59,120.35,145.9,120.35,133.95,21060
2026-09-04 09:16:59,133.45,137.75,133.45,135.6,18850
2026-09-04 09:17:59,135.65,136,134.45,134.95,7735
2026-09-04 09:18:59,135,137.8,135,137.75,11895
2026-09-04 09:19:59,137.35,137.55,134.45,136.25,22620
2026-09-04 09:20:58,136.9,137.5,135.4,135.55,4095
2026-09-04 09:21:59,135.55,135.85,134,134.25,2210
2026-09-04 09:22:59,133.8,134.55,133.4,134.3,4225
2026-09-04 09:23:58,135,135.3,134.4,134.95,1755
2026-09-04 09:24:58,136,137.4,136,136.45,4615
2026-09-04 09:25:58,136.4,137.45,136.15,136.95,7020
2026-09-04 09:26:59,137.1,137.1,136.05,136.05,3445
2026-09-04 09:27:58,136,136.25,133.5,133.5,6695
2026-09-04 09:28:58,134.05,134.25,133.55,134.15,5785
2026-09-04 09:29:58,134.1,134.85,133.9,133.95,6240
2026-09-04 09:30:58,134.05,134.6,133.05,133.05,6825
2026-09-04 09:31:59,133,133.15,131.95,132.15,7150
2026-09-04 09:32:59,132.95,133.55,132.35,132.35,4095
2026-09-04 09:33:58,132.7,133.65,132.45,133.4,4290
2026-09-04 09:34:58,133.5,136.4,133.5,134.5,9620
2026-09-04 09:35:59,133.7,134,132.55,132.55,5070
2026-09-04 09:36:59,132.5,133,131.65,132.3,2730
2026-09-04 09:37:59,133,133.7,132.65,133.7,4355
2026-09-04 09:38:59,133.6,134.15,131.7,131.8,3900
2026-09-04 09:39:58,131.8,133.1,131.6,132.6,2535
2026-09-04 09:40:59,133.3,135.5,133.3,134.9,3770
2026-09-04 09:41:59,134.6,135.5,134.05,134.9,2535
2026-09-04 09:42:58,134.95,135.3,134.05,134.55,1495
2026-09-04 09:43:59,134.15,135.7,133.85,135.7,4095
2026-09-04 09:44:59,135.75,136.75,135.25,136.75,15015
2026-09-04 09:45:59,136.55,139.35,136.35,138.75,7735
2026-09-04 09:46:58,139.4,140,138.55,138.55,5460
2026-09-04 09:47:59,138.6,139.35,138.1,139.2,2990
2026-09-04 09:48:58,139.3,139.65,137.75,137.75,2210
2026-09-04 09:49:58,138,139.3,137.75,138.55,3705
2026-09-04 09:50:59,138.9,139.5,138.4,139.5,3315
2026-09-04 09:51:59,139.45,141.05,139.45,141,7410
2026-09-04 09:52:58,141.4,142,140.85,142,4290
2026-09-04 09:53:59,142.2,143.1,141.55,142.5,11700
2026-09-04 09:54:59,142.5,144,141.65,144,8515
2026-09-04 09:55:59,144,146.15,144,145,5980
2026-09-04 09:56:58,144.8,145.75,143.75,145,5330
2026-09-04 09:57:59,144.3,145,143.95,145,4355
2026-09-04 09:58:59,145,146.55,145,146.2,12155
2026-09-04 09:59:59,146.4,147,144.8,145.05,6500
2026-09-04 10:00:59,145.15,147.2,145.15,147.2,4485
2026-09-04 10:01:59,147.25,149,147,147,11960
2026-09-04 10:02:59,147.8,148,146.65,147,1560
2026-09-04 10:03:59,147.2,148,147.2,148,1755
2026-09-04 10:04:59,147.95,148,146.8,146.95,2080
2026-09-04 10:05:58,146.5,146.5,143.3,143.3,2990
2026-09-04 10:06:58,143.8,145,143.8,144.8,1495
2026-09-04 10:07:59,144.3,144.45,143.75,143.75,3575
2026-09-04 10:08:58,144,144,143.3,143.3,1950
2026-09-04 10:09:58,142.5,142.5,141.4,141.7,1885
2026-09-04 10:10:59,142,142.05,140.25,140.25,2275
2026-09-04 10:11:59,139.85,141.95,139.85,140.35,1885
2026-09-04 10:12:59,140.45,141.4,139.85,140.1,2405
2026-09-04 10:13:59,140,140,138.3,138.8,2600
2026-09-04 10:14:59,139.5,140.15,139.5,140.05,1430
2026-09-04 10:15:59,140.1,140.1,138.2,138.65,2145
2026-09-04 10:16:59,139.5,142.35,139.5,142.3,2925
2026-09-04 10:17:59,142.5,143.5,142.2,142.2,5265
2026-09-04 10:18:59,141.9,144.5,141.9,144.4,3055
2026-09-04 10:19:59,144.85,145,143.3,144,2665
2026-09-04 10:20:59,144,145,144,144.65,780
2026-09-04 10:21:59,145,145,144.25,144.65,715
2026-09-04 10:22:58,145.65,146.85,145.65,146.85,3380
2026-09-04 10:23:58,146.5,146.5,145.8,145.8,260
2026-09-04 10:24:59,145.8,145.8,145.3,145.8,1495
2026-09-04 10:25:58,145.55,147.25,145.55,147,5915
2026-09-04 10:26:59,147,147,145.9,145.9,455
2026-09-04 10:27:59,146,146.9,146,146.65,2275
2026-09-04 10:28:59,147.25,147.85,146.9,147.3,3640
2026-09-04 10:29:59,147.3,148.6,147.3,148.6,3965
2026-09-04 10:30:59,148.5,150.45,148.2,148.6,24375
2026-09-04 10:31:59,146.8,149.1,146.6,149.1,5395
2026-09-04 10:32:59,149.5,149.6,148.45,148.95,3965
2026-09-04 10:33:59,148.6,148.75,146.85,147,3575
2026-09-04 10:34:59,147.35,148.25,147,147.6,2210
2026-09-04 10:35:58,147.35,148.05,146,146,1755
2026-09-04 10:36:59,145.5,146.5,145.2,146.5,7085
2026-09-04 10:37:59,146.05,148.4,146.05,148.4,1560
2026-09-04 10:38:58,149,149.3,148.9,149.1,4290
2026-09-04 10:39:59,148.7,149.45,148.7,149,1040
2026-09-04 10:40:59,149.25,150.15,148.1,148.1,6890
2026-09-04 10:41:59,148,148,146.45,147.25,15990
2026-09-04 10:42:58,147.7,147.7,147.55,147.55,260
2026-09-04 10:43:59,147.6,148.25,147.45,147.45,3185
2026-09-04 10:44:58,147.9,149,147.9,148.45,2080
2026-09-04 10:45:58,148.3,148.5,147.45,148.2,4745
2026-09-04 10:46:59,148.2,149.55,147.9,149.15,2925
2026-09-04 10:47:59,149.55,150,149.45,149.45,1495
2026-09-04 10:48:58,149.35,149.95,149.35,149.35,3705
2026-09-04 10:49:59,149.5,149.5,148.9,149.45,2080
2026-09-04 10:50:58,149,149,147.55,147.9,2210
2026-09-04 10:51:58,148.7,148.75,148.2,148.5,2730
2026-09-04 10:52:58,148.95,149.35,148.05,148.65,2860
2026-09-04 10:53:59,148.75,148.9,148.35,148.35,1365
2026-09-04 10:54:59,148.05,149.75,148.05,149.55,1820
2026-09-04 10:55:59,149.95,150.45,149.55,149.75,1105
2026-09-04 10:56:59,148.9,149.25,148.25,149,1495
2026-09-04 10:57:59,148.65,149.15,148.65,148.75,520
2026-09-04 10:58:59,148.4,148.85,148.05,148.05,2080
2026-09-04 10:59:59,148.25,150.2,148.25,150,1690
2026-09-04 11:00:59,150.05,151,150,151,1170
2026-09-04 11:01:59,150.35,150.45,149.05,149.05,2015
2026-09-04 11:02:59,149,149.25,148.2,148.2,2730
2026-09-04 11:03:59,148.4,148.4,146.75,146.75,2145
2026-09-04 11:04:59,148.45,148.95,148.45,148.85,455
2026-09-04 11:05:59,147.75,148.9,147.7,147.7,2925
2026-09-04 11:06:59,148.05,148.05,146.45,146.45,585
2026-09-04 11:07:59,147.15,148.3,147.15,147.95,2925
2026-09-04 11:08:59,148.3,148.3,147.95,147.95,260
2026-09-04 11:09:59,148.9,149.4,148.9,149.4,2600
2026-09-04 11:10:58,149.4,150,149.1,149.25,2470
2026-09-04 11:11:59,149.8,149.95,148.5,148.5,715
2026-09-04 11:12:58,147.75,148,147.75,148,325
2026-09-04 11:13:58,147.85,147.85,146.25,146.65,2535
2026-09-04 11:14:58,146,146.9,145.4,145.4,2405
2026-09-04 11:15:58,144.6,146.3,144.5,146.3,1950
2026-09-04 11:16:58,146.25,146.6,144.6,145.35,2015
2026-09-04 11:17:59,145,145.7,145,145.7,585
2026-09-04 11:18:59,146.3,147.3,146.2,147.3,975
2026-09-04 11:19:59,147.9,148.9,147.9,148.45,2730
2026-09-04 11:20:59,148.4,150.15,148.4,148.45,2470
2026-09-04 11:21:59,149.45,150.4,149.35,150.35,2080
2026-09-04 11:22:59,150.35,150.65,149.3,149.75,5785
2026-09-04 11:23:59,149.9,150.5,149.4,149.65,3120
2026-09-04 11:24:59,150.4,150.4,148.25,148.85,1365
2026-09-04 11:25:59,148.7,150.45,148.55,149.9,10140
2026-09-04 11:26:59,149.95,150.5,149.4,150.45,7735
2026-09-04 11:27:58,150.5,150.6,149.1,150.6,7995
2026-09-04 11:28:58,150.15,151.15,149.65,149.65,4680
2026-09-04 11:29:59,150,150,149.05,149.3,5850
2026-09-04 11:30:58,149.5,151.8,149.5,151.4,9945
2026-09-04 11:31:58,150.95,152.5,150.95,152,8060
2026-09-04 11:32:59,152,153.6,151.55,152.55,10595
2026-09-04 11:33:58,153.25,154.25,152.65,154.25,10140
2026-09-04 11:34:59,154,154.3,153,154.3,7735
2026-09-04 11:35:59,153.8,155,153.05,153.2,11895
2026-09-04 11:36:59,153.45,153.95,152.75,153.05,8450
2026-09-04 11:37:59,153.65,153.75,152.45,152.45,5785
2026-09-04 11:38:59,153.5,156,153.5,155.45,8645
2026-09-04 11:39:59,156,158.1,156,157,13520
2026-09-04 11:40:59,158,158.75,156.35,156.35,3900
2026-09-04 11:41:58,156.3,156.9,155.5,155.65,12480
2026-09-04 11:42:59,155.65,155.65,153.95,154.75,20020
2026-09-04 11:43:58,154.7,154.7,153.75,154.25,9035
2026-09-04 11:44:58,154.2,154.2,152.35,152.35,3575
2026-09-04 11:45:59,152.7,153.7,152.35,152.6,12415
2026-09-04 11:46:58,152.6,154.15,152.6,153.5,4875
2026-09-04 11:47:58,153,153.65,152.7,152.7,3575
2026-09-04 11:48:59,152.85,154.4,152.55,153.05,4420
2026-09-04 11:49:58,153,154.75,153,154.1,3120
2026-09-04 11:50:59,154.9,156.75,154.9,155.3,3250
2026-09-04 11:51:58,156,156.7,155.4,155.4,2470
2026-09-04 11:52:59,155.45,156,154.55,154.55,2080
2026-09-04 11:53:59,154.5,154.6,154,154.5,1430
2026-09-04 11:54:59,154.5,154.95,153.8,154.4,1885
2026-09-04 11:55:58,154.5,155,154.35,154.55,3770
2026-09-04 11:56:58,154.5,155.55,154.15,154.85,30355
2026-09-04 11:57:58,154.4,155.55,154.4,155.35,2795
2026-09-04 11:58:58,154.8,155,152.95,153.3,1560
2026-09-04 11:59:58,153.15,153.3,152.3,152.3,1365
2026-09-04 12:00:59,152.25,152.3,149.7,150.35,5460
2026-09-04 12:01:59,149.55,150,148.25,148.25,5460
2026-09-04 12:02:59,147.75,148.55,147.35,148.05,3380
2026-09-04 12:03:59,148.15,148.65,146.2,146.2,3445
2026-09-04 12:04:59,146.45,147.05,144.7,144.7,3380
2026-09-04 12:05:59,144.95,145.8,144.9,145.7,1170
2026-09-04 12:06:58,145.75,146.2,145.15,145.15,1755
2026-09-04 12:07:59,144.65,145.05,144.65,144.85,4875
2026-09-04 12:08:59,145,145.75,145,145.5,1040
2026-09-04 12:09:59,145.95,146.3,145.5,146.05,1950
2026-09-04 12:10:59,145,145.35,142.5,142.5,3445
2026-09-04 12:11:59,143.1,143.55,142.9,143.25,2340
2026-09-04 12:12:59,143.2,143.7,142.2,142.2,2600
2026-09-04 12:13:59,142.35,142.35,141.1,141.1,3575
2026-09-04 12:14:59,141.3,141.8,141.1,141.8,1625
2026-09-04 12:15:59,141.75,141.75,139.3,139.35,10855
2026-09-04 12:16:58,139.7,139.7,137.55,139,6240
2026-09-04 12:17:59,140.05,141.15,139.95,141.15,2600
2026-09-04 12:18:59,141.4,142,141.35,142,715
2026-09-04 12:19:58,142,142,140.4,140.4,2210
2026-09-04 12:20:59,140.3,140.4,137.7,138.15,14040
2026-09-04 12:21:58,138.3,139.4,138.3,139.4,4875
2026-09-04 12:22:58,138.95,138.95,135.4,136,4030
2026-09-04 12:23:58,136.3,138.15,136.3,137.3,4030
2026-09-04 12:24:58,137.25,137.6,133.9,134.5,8060
2026-09-04 12:25:59,134.25,135.35,133.65,135.35,4290
2026-09-04 12:26:59,136.1,137.7,136.1,137.65,10140
2026-09-04 12:27:59,137.3,137.3,136.15,136.85,1495
2026-09-04 12:28:59,138,139,138,138.95,4290
2026-09-04 12:29:59,139,139.25,137.65,137.95,2730
2026-09-04 12:30:58,137.7,137.7,136.05,136.9,1495
2026-09-04 12:31:58,136.95,137.6,136.95,137.35,520
2026-09-04 12:32:59,137.45,137.45,136.9,137.4,1560
2026-09-04 12:33:59,137.5,137.5,137.1,137.1,1040
2026-09-04 12:34:59,137.45,137.45,137,137.4,2145
2026-09-04 12:35:58,137.2,137.2,136.25,136.65,3835
2026-09-04 12:36:59,136.55,136.55,135.05,135.5,1755
2026-09-04 12:37:59,135.05,135.05,134.25,134.45,2405
2026-09-04 12:38:58,134.45,134.5,133.75,134,4290
2026-09-04 12:39:59,134.45,134.95,134.35,134.7,1430
2026-09-04 12:40:59,134.85,135.95,134.85,135.4,2665
2026-09-04 12:41:59,136.1,136.2,135.9,135.9,780
2026-09-04 12:42:59,134.9,135.55,134.9,135.55,1560
2026-09-04 12:43:59,135.95,136.4,135.95,136.4,260
2026-09-04 12:44:59,135.55,135.55,134.7,135,1430
2026-09-04 12:45:59,134.85,135.75,134.6,135.2,7020
2026-09-04 12:46:59,135.1,135.1,133.45,134.25,8450
2026-09-04 12:47:59,133.7,134.15,133.55,133.85,3640
2026-09-04 12:48:58,134.85,136.2,134.85,135.7,2275
2026-09-04 12:49:59,136.75,136.75,136.15,136.7,1690
2026-09-04 12:50:58,136.9,137.1,136,136,1495
2026-09-04 12:51:59,136.05,136.45,135.6,136,1170
2026-09-04 12:52:58,136,137,136,137,390
2026-09-04 12:53:59,137.55,138,137.55,137.95,1430
2026-09-04 12:54:59,137.85,138.3,137,138.3,1950
2026-09-04 12:55:59,138,138,135.35,135.55,2275
2026-09-04 12:56:59,135.1,135.1,134,134.1,3055
2026-09-04 12:57:59,133.3,133.3,130.15,131.75,10205
2026-09-04 12:58:59,131.85,133.75,131.85,133.1,910
2026-09-04 12:59:59,133.4,134.75,133.4,134.75,1690
2026-09-04 13:00:58,134.5,135.7,134.5,135.35,2145
2026-09-04 13:01:59,136,136.25,135.55,135.55,2795
2026-09-04 13:02:59,135,135,134.95,134.95,260
2026-09-04 13:03:59,134.4,136.15,134.1,135.5,2145
2026-09-04 13:04:59,135.2,135.2,134.8,134.85,780
2026-09-04 13:05:59,135,135.5,135,135.1,1170
2026-09-04 13:06:59,135.6,135.6,134.5,134.5,1950
2026-09-04 13:07:59,134.5,135.05,134.4,135.05,1170
2026-09-04 13:08:59,135.35,136.35,135.35,136.35,455
2026-09-04 13:09:59,136.55,137.9,136.55,137.5,2210
2026-09-04 13:10:59,137.95,140.2,137.85,140,6955
2026-09-04 13:11:58,139.8,140.1,138.6,138.9,2470
2026-09-04 13:12:59,139.25,139.95,138.8,139.95,2730
2026-09-04 13:13:59,140.35,140.4,138.9,139.45,4160
2026-09-04 13:14:59,139.6,140.1,139.25,139.45,3965
2026-09-04 13:15:59,139.6,140.4,139.5,140.1,1300
2026-09-04 13:16:59,140.25,141.9,140.25,141.9,5785
2026-09-04 13:17:59,141.5,142.85,141.5,142.35,14625
2026-09-04 13:18:59,142.5,142.95,141.65,142.35,3120
2026-09-04 13:19:58,141.85,141.85,141,141.2,3185
2026-09-04 13:20:58,141.25,141.4,140.55,141.1,2990
2026-09-04 13:21:59,141.1,141.3,140.45,140.45,1950
2026-09-04 13:22:58,139.55,142,139.55,142,3315
2026-09-04 13:23:59,141.85,141.85,140.5,140.6,3705
2026-09-04 13:24:58,140.3,140.8,140,140.8,1300
2026-09-04 13:25:59,140,140,138.8,138.8,585
2026-09-04 13:26:59,139.7,140.75,139.7,139.9,3705
2026-09-04 13:27:58,139.15,139.15,136.95,137,2405
2026-09-04 13:28:59,136.9,137.5,136.8,137.5,5265
2026-09-04 13:29:59,137.05,137.05,136,136.5,975
2026-09-04 13:30:59,136.55,136.7,136,136.6,3185
2026-09-04 13:31:59,136.75,137.05,135.3,135.6,2145
2026-09-04 13:32:59,135.2,135.55,134.7,135.15,1690
2026-09-04 13:33:59,134.5,136.5,134.5,136.5,1430
2026-09-04 13:34:58,135.05,135.05,134.15,134.15,1040
2026-09-04 13:35:59,134.45,135.6,134.45,135,780
2026-09-04 13:36:59,135.95,136.2,135.55,135.85,2600
2026-09-04 13:37:59,135.65,136.7,135.65,136.35,2730
2026-09-04 13:38:59,136.5,137.05,136.25,136.25,11245
2026-09-04 13:39:59,137,137.75,136.55,137.75,2080
2026-09-04 13:40:58,138.1,138.35,137.7,138.35,390
2026-09-04 13:41:59,138.2,138.2,136.2,137,1755
2026-09-04 13:42:59,137,138.05,137,138.05,910
2026-09-04 13:43:59,138.05,138.3,137.55,137.55,1105
2026-09-04 13:44:58,137.55,137.7,137.55,137.7,715
2026-09-04 13:45:58,137,139.15,137,139.15,1430
2026-09-04 13:46:58,139.15,139.75,139.15,139.75,1170
2026-09-04 13:47:59,139.9,140.95,139.9,140.7,1820
2026-09-04 13:48:58,140.6,140.6,139.4,139.4,520
2026-09-04 13:49:59,138.4,138.4,138.2,138.4,390
2026-09-04 13:50:59,138.8,138.8,138.8,138.8,130
2026-09-04 13:51:59,138.45,138.45,137,137.2,1300
2026-09-04 13:52:59,137,137.25,136.65,137.25,1365
2026-09-04 13:53:59,137.7,137.7,136.6,136.6,130
2026-09-04 13:54:59,136.8,136.8,136,136.2,1040
2026-09-04 13:55:59,136.5,136.5,135.7,136.2,455
2026-09-04 13:56:59,136.55,137,136.55,136.85,975
2026-09-04 13:57:59,137.9,137.9,137.85,137.85,130
2026-09-04 13:58:59,137.65,138,137.45,137.45,650
2026-09-04 13:59:59,137.85,137.85,137.3,137.3,325
2026-09-04 14:00:58,137.5,137.5,137.15,137.45,195
2026-09-04 14:01:59,137.6,137.6,137.6,137.6,130
2026-09-04 14:02:59,137.5,137.5,137.05,137.05,650
2026-09-04 14:03:58,137.35,137.45,137.35,137.45,325
2026-09-04 14:04:59,137.05,138.55,137.05,138.55,1495
2026-09-04 14:05:58,138.55,139,138.5,138.9,780
2026-09-04 14:07:59,138.9,139.2,138.9,139.2,585
2026-09-04 14:08:59,138,138.45,137.6,138.35,585
2026-09-04 14:09:59,138.45,138.45,138,138.2,650
2026-09-04 14:10:59,138.25,138.9,138.25,138.9,1105
2026-09-04 14:11:59,139.3,139.3,139.15,139.15,1300
2026-09-04 14:12:59,139.75,139.95,139.75,139.95,910
2026-09-04 14:13:59,139.75,140,139.75,139.8,1365
2026-09-04 14:14:59,140.4,140.4,139.55,139.55,455
2026-09-04 14:15:58,139.8,139.8,139.8,139.8,65
2026-09-04 14:17:59,138.9,138.9,137.7,137.7,260
2026-09-04 14:18:59,137.95,138.25,137.95,138.25,390
2026-09-04 14:19:58,138.2,138.2,138.15,138.15,325
2026-09-04 14:20:59,138.5,139.7,138.5,139.7,455
2026-09-04 14:21:59,139.8,139.8,139.8,139.8,130
2026-09-04 14:22:59,140,140.5,139.85,139.85,1560
2026-09-04 14:23:59,139.4,139.4,138.45,138.45,650
2026-09-04 14:24:59,139.2,140,139.2,140,3640
2026-09-04 14:25:58,139.5,141.8,139.5,141.4,3380
2026-09-04 14:26:59,142,142.45,141.55,142,650
2026-09-04 14:27:59,141.95,143,141.95,142,780
2026-09-04 14:28:59,141.75,142.95,141.65,142.95,1235
2026-09-04 14:29:59,142.75,143.6,142.5,142.7,2665
2026-09-04 14:30:59,143.1,144,143.1,143.3,4030
2026-09-04 14:31:58,143.9,144.45,143.3,144.4,1105
2026-09-04 14:32:58,144.3,144.5,143.7,143.7,4095
2026-09-04 14:33:58,143.65,143.65,141.8,141.85,2405
2026-09-04 14:34:58,142.1,142.1,141,141.4,3380
2026-09-04 14:35:58,140.5,141.45,140.15,140.15,1690
2026-09-04 14:36:59,141,141.25,138.6,138.6,650
2026-09-04 14:37:59,138.3,140.5,137.15,138.05,13195
2026-09-04 14:38:59,139,139.25,135.9,136.15,4290
2026-09-04 14:39:59,136.2,136.7,134.2,135.9,4615
2026-09-04 14:40:58,135.05,136.15,135.05,136.15,1820
2026-09-04 14:41:59,137.35,138.25,135.95,136.2,9490
2026-09-04 14:42:59,135.7,135.7,135.7,135.7,130
2026-09-04 14:43:59,135.5,135.75,134.9,134.9,1495
2026-09-04 14:44:59,134.25,134.9,133.5,133.5,6955
2026-09-04 14:45:59,134.5,134.5,132.25,133.1,4615
2026-09-04 14:46:59,133,133.35,132.1,133.2,2275
2026-09-04 14:47:59,133.65,134.35,133.6,133.75,2275
2026-09-04 14:48:59,134.1,134.7,134.1,134.2,780
2026-09-04 14:49:59,134.2,134.2,134,134,910
2026-09-04 14:50:59,134.6,135.5,133,134.2,4420
2026-09-04 14:51:59,134.2,135.1,134.15,134.15,390
2026-09-04 14:52:59,134.15,134.85,133.95,134.4,2340
2026-09-04 14:53:59,133.95,134,133.15,133.45,2860
2026-09-04 14:54:59,134.05,134.55,134.05,134.45,1040
2026-09-04 14:55:58,134.2,134.45,133.75,133.75,1235
2026-09-04 14:56:59,134.6,134.75,134.05,134.5,2145
2026-09-04 14:57:58,134,134.5,134,134.1,2145
2026-09-04 14:58:59,134.8,135.5,134.7,135.5,1040
2026-09-04 14:59:59,134.85,134.85,134.55,134.55,130
2026-09-04 15:00:59,134.2,135.25,134.2,135.25,1300
2026-09-04 15:01:59,134.65,134.7,132.65,132.95,1885
2026-09-04 15:02:58,132.65,134,132.65,133.8,1690
2026-09-04 15:03:59,133.75,133.75,132.5,133.2,1495
2026-09-04 15:04:59,133.15,133.15,132,132,1170
2026-09-04 15:05:59,132.25,132.35,131.45,132.25,3185
2026-09-04 15:06:59,133.25,133.85,133.2,133.55,1820
2026-09-04 15:07:58,133.5,133.9,133.5,133.7,845
2026-09-04 15:08:59,133.6,133.85,132.7,132.75,2665
2026-09-04 15:09:58,133.05,133.5,133,133.25,1235
2026-09-04 15:10:59,133.45,133.75,133.35,133.75,1495
2026-09-04 15:11:59,133.85,133.85,133.2,133.2,1235
2026-09-04 15:12:59,133.45,135,132.85,134.35,4030
2026-09-04 15:13:59,133.85,135.1,133.8,134.45,10205
2026-09-04 15:14:58,134.5,134.6,132.8,134.6,5005
2026-09-04 15:15:59,133.8,135.45,132.35,134.05,11440
2026-09-04 15:16:59,134.75,134.75,133.35,134.45,2340
2026-09-04 15:17:59,134.15,135.1,134.15,134.45,2080
2026-09-04 15:18:58,134,135.1,134,134.7,3055
2026-09-04 15:19:58,134.95,135.05,134,134.7,2600
2026-09-04 15:20:59,134.45,134.45,124.6,129.15,36465
2026-09-04 15:21:59,128.4,129.6,125.7,126.95,10400
2026-09-04 15:22:59,127,127.95,126,126.3,8125
2026-09-04 15:23:58,126.25,128.05,126.25,127.3,2210
2026-09-04 15:24:59,127.55,128.1,127.5,127.55,1300
2026-09-04 15:25:58,127.85,128.2,126.2,127.55,4875
2026-09-04 15:26:59,127.65,129.15,126.8,128.5,11310
2026-09-04 15:27:59,129.45,129.7,129,129.25,4615
2026-09-04 15:28:58,129.3,129.3,126.8,126.8,7800
2026-09-04 15:29:59,126.7,127,126,126,7995
2026-09-04 15:30:59,126.65,127.2,125.7,127.1,9295
2026-09-04 15:31:58,127.15,127.15,126.1,126.85,5590
2026-09-04 15:32:59,126.4,127.1,126.4,127,3575
2026-09-04 15:33:58,127.05,127.05,126,126,8450
2026-09-04 15:34:59,126.25,126.85,126.1,126.85,5460
2026-09-04 15:35:59,126.85,126.85,126.3,126.85,14755
2026-09-04 15:36:59,126.85,127.05,126,127.05,10660
2026-09-04 15:37:59,127,127.45,126.65,126.85,7345
2026-09-04 15:38:59,126.9,127.1,126.55,126.55,4940
2026-09-04 15:39:59,126.7,128.7,126.7,127.8,12480
