timestamp_ist,open,high,low,close,volume
2026-08-04 09:07:44,668,668,668,668,3017
2026-08-04 09:15:59,669.6,671,665.95,669.5,14844
2026-08-04 09:16:53,669.7,671.35,669.3,670.55,11144
2026-08-04 09:17:54,671.2,671.5,668.4,668.4,13999
2026-08-04 09:18:55,668.85,670.35,668.45,670.35,9897
2026-08-04 09:19:56,669.95,669.95,668.8,669.15,2029
2026-08-04 09:20:54,668.45,668.7,667.9,668.1,35000
2026-08-04 09:21:58,668.2,669.3,668.2,669.1,7280
2026-08-04 09:22:54,669.05,669.2,668,668.65,3210
2026-08-04 09:23:57,668.45,671.95,668.25,671.95,7138
2026-08-04 09:24:59,670.45,670.8,669.85,670.35,4929
2026-08-04 09:25:53,671.3,671.85,670.45,671,11801
2026-08-04 09:26:53,671.15,671.5,670.4,670.85,3410
2026-08-04 09:27:53,670.2,670.9,670,670,1613
2026-08-04 09:28:53,670.1,672,670.1,672,7954
2026-08-04 09:29:59,672,673.5,672,672.45,11775
2026-08-04 09:30:52,672.5,672.65,672.1,672.1,3263
2026-08-04 09:31:58,672.3,674.85,672.3,674.8,8329
2026-08-04 09:32:57,674,674.05,674,674,6336
2026-08-04 09:33:54,673.8,674.1,673.5,674.1,4129
2026-08-04 09:34:59,674.1,674.1,673.15,673.15,6079
2026-08-04 09:35:55,673.3,673.3,672.3,672.75,2582
2026-08-04 09:36:59,672.8,672.8,672.55,672.6,2774
2026-08-04 09:37:55,672.6,673.2,672.5,673.2,1064
2026-08-04 09:38:58,673.5,673.65,673.15,673.55,349
2026-08-04 09:39:54,673.65,673.7,673.25,673.3,1210
2026-08-04 09:40:58,673.25,673.3,672.2,672.8,6379
2026-08-04 09:41:55,673.2,674.1,673.2,673.5,2857
2026-08-04 09:42:57,673.5,673.5,672.5,672.85,1969
2026-08-04 09:43:59,672.65,672.85,671.8,672.75,6521
2026-08-04 09:44:55,671.95,672.45,671.95,672,6734
2026-08-04 09:45:58,672.35,672.9,672.35,672.65,4063
2026-08-04 09:46:59,672.9,673.05,672.35,672.4,1918
2026-08-04 09:47:59,672.35,672.5,671.9,672.2,1612
2026-08-04 09:48:59,672.5,673,672.45,673,891
2026-08-04 09:49:54,672.45,672.45,671.8,671.8,681
2026-08-04 09:50:59,672,672.1,671.4,672.05,1850
2026-08-04 09:51:57,672.25,672.55,671.55,672.55,2888
2026-08-04 09:52:55,672.55,672.55,672.05,672.05,165
2026-08-04 09:53:59,672.5,672.5,672.1,672.5,1097
2026-08-04 09:54:57,672.1,673,672.1,672.45,3515
2026-08-04 09:55:54,672.5,672.55,671.55,672.4,726
2026-08-04 09:56:56,672.7,672.7,672.25,672.25,2053
2026-08-04 09:57:59,672.65,672.65,672.05,672.55,1190
2026-08-04 09:58:56,672.05,672.5,672.05,672.5,1257
2026-08-04 09:59:59,672.35,672.95,672.15,672.15,1087
2026-08-04 10:00:55,672.5,672.7,672.15,672.25,1930
2026-08-04 10:01:57,672.05,672.5,672.05,672.4,1313
2026-08-04 10:02:58,672.4,672.7,672.35,672.7,255
2026-08-04 10:03:59,672.3,672.65,672.05,672.05,1502
2026-08-04 10:04:55,672.45,672.55,672.05,672.55,476
2026-08-04 10:05:57,672.55,672.75,672.05,672.55,1273
2026-08-04 10:06:55,672.55,672.55,672.05,672.5,259
2026-08-04 10:07:55,672.1,672.65,671.5,671.5,5735
2026-08-04 10:08:55,672,672,671.5,671.5,778
2026-08-04 10:09:57,671.5,671.5,670.4,670.4,10752
2026-08-04 10:10:58,670.1,671,670.1,671,1070
2026-08-04 10:11:58,670.95,671,670.5,670.55,639
2026-08-04 10:12:58,671,671,670.55,671,181
2026-08-04 10:13:56,671.25,671.5,671.25,671.5,194
2026-08-04 10:14:49,671.5,671.7,671.3,671.6,267
2026-08-04 10:15:58,671.6,671.6,671,671.3,961
2026-08-04 10:16:57,671.65,671.7,671.4,671.7,361
2026-08-04 10:17:54,671.7,671.7,671.5,671.65,2056
2026-08-04 10:18:54,671.4,672.2,671.4,672,1475
2026-08-04 10:19:58,672,672,671.55,671.55,224
2026-08-04 10:20:55,671.95,671.95,671.55,671.55,338
2026-08-04 10:21:58,671.55,671.55,671.35,671.35,446
2026-08-04 10:22:55,671.65,671.65,671.6,671.6,22
2026-08-04 10:23:58,671.6,671.6,671.15,671.15,257
2026-08-04 10:24:55,671.6,672,671.45,671.45,1111
2026-08-04 10:25:57,671.9,671.9,671.2,671.25,1190
2026-08-04 10:26:59,671.2,671.65,670.8,670.8,1225
2026-08-04 10:27:56,670.8,670.85,670.5,670.5,1667
2026-08-04 10:28:57,670.8,671.05,670.5,671.05,5899
2026-08-04 10:29:58,671,671,671,671,10
2026-08-04 10:30:58,670.95,671,670.55,671,46
2026-08-04 10:31:55,670.95,670.95,670.35,670.35,1656
2026-08-04 10:32:59,670.85,670.85,670.35,670.35,292
2026-08-04 10:33:54,670.35,670.8,670.05,670.15,1202
2026-08-04 10:34:58,670.6,670.75,670.15,670.75,895
2026-08-04 10:35:58,670.2,670.3,670.2,670.3,114
2026-08-04 10:36:59,670.3,670.75,670.3,670.4,202
2026-08-04 10:37:55,670.75,670.75,670.3,670.3,417
2026-08-04 10:38:55,670.25,670.7,670.2,670.65,346
2026-08-04 10:39:49,670.6,670.65,670.25,670.55,228
2026-08-04 10:40:58,670.2,670.55,670.2,670.2,424
2026-08-04 10:41:56,670.5,670.7,670.35,670.35,239
2026-08-04 10:42:59,670.3,670.75,670.3,670.75,602
2026-08-04 10:43:58,670.75,670.8,670.25,670.75,1086
2026-08-04 10:44:56,670.75,672,670.75,671.7,5447
2026-08-04 10:45:57,671.9,671.9,671.2,671.5,806
2026-08-04 10:46:58,671.5,671.65,670.75,670.75,533
2026-08-04 10:47:55,670.7,671.2,670.7,671.2,522
2026-08-04 10:48:58,671.1,671.1,671,671,213
2026-08-04 10:49:56,670.55,670.85,670.55,670.85,257
2026-08-04 10:50:58,670.45,670.95,670.45,670.8,199
2026-08-04 10:51:56,670.95,671,670.8,671,184
2026-08-04 10:52:58,670.8,671,670.8,671,89
2026-08-04 10:53:50,670.8,671,670.8,671,170
2026-08-04 10:54:54,671,671,670.35,670.35,365
2026-08-04 10:55:56,670.25,670.35,670.25,670.25,313
2026-08-04 10:56:57,670.25,670.25,669.85,669.85,6125
2026-08-04 10:57:58,669.5,669.95,669.5,669.6,1914
2026-08-04 10:58:59,669.6,670.05,669.6,669.65,1112
2026-08-04 10:59:57,669.6,669.9,669.6,669.65,314
2026-08-04 11:00:57,669.65,669.9,669.6,669.75,408
2026-08-04 11:01:57,669.65,670,669.65,670,617
2026-08-04 11:02:58,669.65,670,669.6,669.6,520
2026-08-04 11:03:53,669.6,669.9,669.45,669.9,765
2026-08-04 11:04:56,669.9,669.9,669.45,669.9,55
2026-08-04 11:05:52,669.9,669.9,669.9,669.9,34
2026-08-04 11:07:56,669.9,669.9,669.45,669.5,491
2026-08-04 11:08:55,669.4,669.5,669.4,669.5,465
2026-08-04 11:09:50,669.45,669.5,669.45,669.5,92
2026-08-04 11:10:56,669.5,669.5,669,669.35,1078
2026-08-04 11:11:53,669.1,669.35,669.1,669.1,172
2026-08-04 11:12:58,669.35,669.5,669.35,669.5,793
2026-08-04 11:13:48,669.25,669.35,669.15,669.35,620
2026-08-04 11:14:55,669.25,669.55,669.25,669.25,255
2026-08-04 11:15:59,669.25,669.5,669.25,669.5,76
2026-08-04 11:16:57,669.25,669.5,669.25,669.5,205
2026-08-04 11:17:57,669.25,669.45,669.25,669.45,523
2026-08-04 11:18:58,669.45,669.55,669.45,669.55,1005
2026-08-04 11:19:56,669.25,669.55,669.25,669.55,144
2026-08-04 11:20:58,669.55,669.6,669.5,669.5,122
2026-08-04 11:21:58,669.5,669.7,668.9,668.9,2552
2026-08-04 11:22:56,668.6,668.9,668.6,668.9,435
2026-08-04 11:23:54,668.5,668.55,668.5,668.55,519
2026-08-04 11:24:58,668.55,668.7,668.5,668.6,150
2026-08-04 11:25:56,668.55,668.55,668,668.3,4431
2026-08-04 11:26:55,668.35,668.35,668,668.35,1343
2026-08-04 11:27:56,668,668,667.6,667.6,108
2026-08-04 11:28:59,668,668.25,667.6,668.25,1282
2026-08-04 11:29:59,668.05,668.1,668.05,668.05,469
2026-08-04 11:30:55,668.4,668.4,668.05,668.05,500
2026-08-04 11:31:58,668.05,668.4,667.9,668.2,745
2026-08-04 11:32:56,668.2,668.2,667.8,668.15,651
2026-08-04 11:33:58,667.5,667.8,667.3,667.8,3272
2026-08-04 11:34:56,667.8,667.9,667.3,667.3,349
2026-08-04 11:35:59,667.75,667.9,667.45,667.9,920
2026-08-04 11:36:56,667.95,668,667.55,668,640
2026-08-04 11:37:57,668.05,668.45,667.95,668.35,1092
2026-08-04 11:38:58,668.35,668.35,668.3,668.3,200
2026-08-04 11:39:59,668,668.3,668,668,161
2026-08-04 11:40:57,668.3,668.3,667.7,667.7,909
2026-08-04 11:41:58,667.8,668.1,667.65,668.1,175
2026-08-04 11:42:58,667.8,667.8,667.65,667.65,7
2026-08-04 11:43:55,667.65,667.7,667.25,667.7,1022
2026-08-04 11:44:58,667.7,668.1,667.55,668.1,993
2026-08-04 11:45:55,667.95,667.95,667.55,667.55,346
2026-08-04 11:46:55,667.55,667.55,666.65,666.65,4469
2026-08-04 11:47:57,666.65,666.9,666.35,666.4,1337
2026-08-04 11:48:55,666.55,666.8,666.45,666.5,792
2026-08-04 11:49:58,666.4,666.5,666,666.5,1395
2026-08-04 11:50:55,666.05,666.6,666.05,666.2,492
2026-08-04 11:51:56,666.2,666.55,666.15,666.25,123
2026-08-04 11:52:56,666.25,666.5,666.25,666.3,530
2026-08-04 11:53:56,666.7,667,666.7,667,385
2026-08-04 11:54:57,667,667,666.7,667,583
2026-08-04 11:55:57,667,667,666.7,667,437
2026-08-04 11:56:58,667,667,666.55,666.55,180
2026-08-04 11:57:57,666.85,666.95,666.55,666.65,361
2026-08-04 11:58:57,666.5,666.95,666.5,666.55,233
2026-08-04 11:59:56,666.95,666.95,666.9,666.9,1026
2026-08-04 12:00:57,666.9,666.9,666.1,666.1,2354
2026-08-04 12:01:57,666.1,666.35,666.1,666.1,329
2026-08-04 12:02:58,666.35,666.4,666.35,666.4,102
2026-08-04 12:03:59,666.45,666.5,666.25,666.5,180
2026-08-04 12:04:59,666.45,666.75,666.35,666.35,47
2026-08-04 12:05:56,666.5,666.65,666.4,666.65,775
2026-08-04 12:06:58,666.55,666.65,666.2,666.65,229
2026-08-04 12:07:50,666.3,666.65,666.15,666.55,429
2026-08-04 12:08:59,666.55,666.55,666,666,405
2026-08-04 12:09:56,666,666.3,666,666,441
2026-08-04 12:10:57,666,666,666,666,461
2026-08-04 12:11:58,666,666,665.15,665.5,1874
2026-08-04 12:12:59,665.6,665.9,665.6,665.9,14
2026-08-04 12:13:57,666,666.2,665.8,665.8,658
2026-08-04 12:14:59,666.2,666.2,665.8,666,87
2026-08-04 12:15:56,666.65,666.65,665.9,665.9,2122
2026-08-04 12:16:56,666.3,666.55,666.3,666.5,43
2026-08-04 12:17:57,666.2,666.5,666.2,666.5,65
2026-08-04 12:18:59,666.5,666.5,666.2,666.4,707
2026-08-04 12:19:59,666.5,666.65,666.15,666.3,1008
2026-08-04 12:20:47,666.3,666.7,666.3,666.7,223
2026-08-04 12:21:57,666.3,666.75,666.3,666.75,275
2026-08-04 12:22:59,666.35,666.8,666.35,666.8,419
2026-08-04 12:23:56,666.5,666.5,666.3,666.3,499
2026-08-04 12:24:55,666.3,666.75,666.3,666.3,815
2026-08-04 12:25:55,666.75,666.75,666.7,666.7,435
2026-08-04 12:26:59,666.7,666.7,666.7,666.7,10
2026-08-04 12:27:56,666.7,666.7,666.7,666.7,63
2026-08-04 12:28:56,666.7,666.8,666.3,666.3,330
2026-08-04 12:29:57,666.65,666.85,666.5,666.85,3197
2026-08-04 12:30:56,666.75,666.75,666.75,666.75,9
2026-08-04 12:31:57,666.9,666.95,666.6,666.95,383
2026-08-04 12:32:59,666.95,667,666.75,667,128
2026-08-04 12:33:58,667,667,666.7,666.7,258
2026-08-04 12:34:57,666.4,666.4,666.4,666.4,37
2026-08-04 12:35:47,666.4,666.9,666.4,666.45,1076
2026-08-04 12:36:56,666.35,666.35,666.3,666.35,144
2026-08-04 12:37:59,666.45,666.7,666.35,666.7,772
2026-08-04 12:38:59,666.3,666.55,666.3,666.55,538
2026-08-04 12:39:56,666.6,666.7,666.3,666.3,85
2026-08-04 12:40:55,666.35,666.35,666.35,666.35,101
2026-08-04 12:41:53,666.35,666.35,666.35,666.35,5
2026-08-04 12:42:54,666.35,666.35,666.25,666.25,575
2026-08-04 12:43:54,666.25,666.35,666.25,666.35,147
2026-08-04 12:44:54,666.5,666.5,666.5,666.5,12
2026-08-04 12:45:54,666.25,666.45,666,666.15,567
2026-08-04 12:46:58,666.15,666.5,666.15,666.5,111
2026-08-04 12:47:59,666.4,666.95,666.4,666.45,636
2026-08-04 12:48:59,666.8,667.05,666.65,666.65,170
2026-08-04 12:49:48,667.05,667.1,666.65,667.1,54
2026-08-04 12:50:51,667.1,667.1,666.75,667.1,84
2026-08-04 12:51:58,667,667,667,667,68
2026-08-04 12:52:57,667,667,666.7,667,170
2026-08-04 12:53:56,666.7,667,666.65,667,118
2026-08-04 12:54:55,667,667,666.7,667,53
2026-08-04 12:55:56,667,667.3,667,667,1288
2026-08-04 12:56:59,667,667,667,667,313
2026-08-04 12:57:57,667.2,667.2,666.35,666.35,1194
2026-08-04 12:58:57,666.35,667.15,666.35,666.6,1305
2026-08-04 12:59:56,667,667,666.55,666.85,245
2026-08-04 13:00:58,666.7,666.85,666.5,666.5,151
2026-08-04 13:01:54,666.7,666.85,666.65,666.85,64
2026-08-04 13:02:59,666.9,667.4,666.9,667.4,140
2026-08-04 13:03:50,667.05,667.4,667.05,667.1,161
2026-08-04 13:04:57,667.45,668.3,667.45,668.1,4102
2026-08-04 13:05:55,668.1,668.1,667.45,667.7,2342
2026-08-04 13:06:55,667.6,668.15,667.6,667.95,903
2026-08-04 13:07:58,667.55,667.95,667.55,667.95,636
2026-08-04 13:08:58,667.6,668.25,667.6,668,671
2026-08-04 13:09:55,668.3,668.3,668.05,668.05,499
2026-08-04 13:10:57,668,668.05,668,668.05,49
2026-08-04 13:11:57,667.8,668.25,667.8,668.25,762
2026-08-04 13:12:57,667.9,668.25,667.85,667.85,104
2026-08-04 13:13:56,667.7,667.7,667.55,667.55,855
2026-08-04 13:14:59,667.55,667.85,667.45,667.5,320
2026-08-04 13:15:58,666.85,666.85,666.2,666.2,3403
2026-08-04 13:16:58,666.25,666.6,666.2,666.2,1306
2026-08-04 13:17:55,666.35,666.85,666.35,666.85,156
2026-08-04 13:18:58,666.85,667.2,666.5,667.2,714
2026-08-04 13:19:58,667,667.05,666.5,666.5,572
2026-08-04 13:20:54,666.95,666.95,666.95,666.95,242
2026-08-04 13:21:59,667,667.25,666.85,667.25,159
2026-08-04 13:22:58,667,667.5,667,667.1,2277
2026-08-04 13:23:57,667,667.4,667,667.4,36
2026-08-04 13:24:57,667.4,667.95,667.4,667.65,1046
2026-08-04 13:25:56,667.95,667.95,667.4,667.4,326
2026-08-04 13:26:52,667.75,667.75,667.4,667.45,101
2026-08-04 13:27:59,667.3,667.3,667.3,667.3,1
2026-08-04 13:28:51,667.45,667.45,667.45,667.45,8
2026-08-04 13:29:59,667.2,667.45,667.15,667.15,132
2026-08-04 13:30:58,667.45,667.6,667.3,667.3,231
2026-08-04 13:31:59,667.65,667.7,667.15,667.15,308
2026-08-04 13:32:58,667.55,667.55,666.7,667.1,577
2026-08-04 13:34:46,667.3,667.35,667.15,667.15,598
2026-08-04 13:35:43,667.3,667.3,667.3,667.3,31
2026-08-04 13:36:58,667.5,667.5,667.45,667.45,148
2026-08-04 13:37:54,667.4,667.4,667.25,667.25,6
2026-08-04 13:38:59,667.25,667.4,667.25,667.4,24
2026-08-04 13:39:57,667.2,667.45,667.2,667.45,1080
2026-08-04 13:40:58,667.4,667.4,667.35,667.35,152
2026-08-04 13:41:59,667.35,667.35,667.35,667.35,39
2026-08-04 13:42:57,667.35,667.4,667.05,667.05,499
2026-08-04 13:43:59,667.35,667.4,667.1,667.4,153
2026-08-04 13:44:57,667.1,667.1,667.05,667.05,74
2026-08-04 13:45:56,667.05,667.2,667.05,667.2,260
2026-08-04 13:46:58,667.4,667.4,667.4,667.4,4
2026-08-04 13:47:57,667.2,667.6,667.15,667.4,120
2026-08-04 13:48:57,667.35,667.4,667.15,667.15,314
2026-08-04 13:49:58,667.5,667.5,667,667,653
2026-08-04 13:50:58,667.5,667.5,667.25,667.35,520
2026-08-04 13:51:55,666.95,667.25,666.85,666.85,899
2026-08-04 13:52:58,667,667.3,667,667.3,66
2026-08-04 13:53:59,666.8,667.15,666.8,666.8,374
2026-08-04 13:54:55,666.95,666.95,666.3,666.3,922
2026-08-04 13:55:55,666.5,666.75,666.5,666.5,49
2026-08-04 13:56:58,666.75,666.8,666.5,666.8,382
2026-08-04 13:57:57,666.8,666.8,666.3,666.3,713
2026-08-04 13:58:54,666.4,666.4,666,666.05,1620
2026-08-04 13:59:57,666.05,666.1,666.05,666.1,363
2026-08-04 14:00:56,666.3,666.3,666.1,666.25,284
2026-08-04 14:01:59,666.4,666.4,666.1,666.1,190
2026-08-04 14:02:59,666.35,666.4,666.35,666.4,101
2026-08-04 14:03:59,666.1,666.4,666.1,666.2,220
2026-08-04 14:04:57,666.4,666.4,665,665,9179
2026-08-04 14:05:59,664.7,665.85,662.7,664.5,17448
2026-08-04 14:06:59,664.55,665.55,664.55,665.55,900
2026-08-04 14:07:53,665.2,665.7,665.2,665.65,1651
2026-08-04 14:08:58,665.65,666.4,665.65,666,557
2026-08-04 14:09:57,666.05,666.05,666,666,218
2026-08-04 14:10:59,666,666,665.85,665.85,139
2026-08-04 14:11:58,666.05,666.25,666,666.25,48
2026-08-04 14:12:58,666.55,666.75,666.3,666.5,460
2026-08-04 14:13:57,666.7,666.7,666.5,666.7,55
2026-08-04 14:14:56,666.7,666.7,666.55,666.7,177
2026-08-04 14:15:55,666.7,666.85,666.3,666.85,1061
2026-08-04 14:16:58,666.75,666.75,666,666.15,1035
2026-08-04 14:17:55,666.15,666.7,666.15,666.55,2781
2026-08-04 14:18:57,667,667.3,666.75,667.3,681
2026-08-04 14:19:56,667.5,667.5,666.55,667.1,813
2026-08-04 14:20:59,667.1,667.5,667,667.5,462
2026-08-04 14:21:54,667.55,667.6,666.9,666.9,800
2026-08-04 14:22:59,667,667,666.65,666.9,231
2026-08-04 14:23:54,666.9,667.35,666.5,667.35,605
2026-08-04 14:24:59,666.85,667.15,666.8,667.05,1377
2026-08-04 14:25:58,667,667,666.65,667,229
2026-08-04 14:26:57,666.8,667,666.8,667,66
2026-08-04 14:27:56,667.15,667.15,667,667,27
2026-08-04 14:28:54,667.15,667.15,666.8,666.8,131
2026-08-04 14:29:57,667.2,667.2,666.5,666.5,332
2026-08-04 14:30:56,666.5,667,666.5,667,392
2026-08-04 14:31:59,667,667.5,666.9,667.5,6630
2026-08-04 14:32:56,667.25,667.3,666.95,667.3,489
2026-08-04 14:33:55,666.85,667.05,666.75,666.75,1404
2026-08-04 14:34:59,666.25,666.75,666.25,666.65,905
2026-08-04 14:35:57,666.5,668.05,666.5,668,3288
2026-08-04 14:36:58,668.05,668.25,667.25,667.25,536
2026-08-04 14:37:57,667.4,667.4,666.85,666.9,137
2026-08-04 14:38:56,667.3,667.4,666.9,666.9,370
2026-08-04 14:39:56,666.85,667.3,666.85,666.95,438
2026-08-04 14:40:56,666.95,667,666.7,666.7,114
2026-08-04 14:41:59,666.7,666.95,666.7,666.95,52
2026-08-04 14:42:59,667,667.25,666.7,666.7,1320
2026-08-04 14:43:54,666.7,666.95,666.7,666.95,73
2026-08-04 14:44:54,666.95,667,666.7,666.7,224
2026-08-04 14:45:57,667.05,667.25,666.3,666.5,2912
2026-08-04 14:46:59,666.2,666.95,666.2,666.95,1624
2026-08-04 14:47:55,666.95,667.25,666.95,667.25,554
2026-08-04 14:48:55,667.25,668.35,667.2,668.35,7919
2026-08-04 14:49:56,668.35,668.35,668.15,668.2,1800
2026-08-04 14:50:57,667.9,668.15,667.9,668.1,602
2026-08-04 14:51:54,668.1,668.1,667.8,667.8,1003
2026-08-04 14:52:56,668,668.4,667.95,668.3,2096
2026-08-04 14:53:58,668.3,668.35,667.75,668.3,2742
2026-08-04 14:54:54,668.3,669,668.15,668.65,2488
2026-08-04 14:55:56,668.4,668.55,668.1,668.4,1662
2026-08-04 14:56:53,668.65,668.8,668.55,668.6,375
2026-08-04 14:57:56,668.6,668.65,668.2,668.2,1261
2026-08-04 14:58:55,668.35,668.5,668.15,668.3,999
2026-08-04 14:59:56,668.3,668.3,667.65,667.65,1312
2026-08-04 15:00:57,668,668.1,667.8,668,1767
2026-08-04 15:01:58,667.95,668.1,667.75,668,2986
2026-08-04 15:02:54,668,668.1,667.95,668.05,361
2026-08-04 15:03:59,668.1,668.5,668,668.5,3394
2026-08-04 15:04:53,668.8,668.8,668.2,668.6,1874
2026-08-04 15:05:53,668.35,668.35,667.85,668.2,1445
2026-08-04 15:06:54,668.2,668.25,667.8,668.15,1657
2026-08-04 15:07:56,668,668,667.5,667.65,4542
2026-08-04 15:08:59,668.35,668.5,668.25,668.3,3791
2026-08-04 15:09:57,668.5,668.5,667.7,667.75,4840
2026-08-04 15:10:57,667.55,667.8,667.05,667.8,4070
2026-08-04 15:11:58,667.25,667.8,667,667,2627
2026-08-04 15:12:58,667.15,668,667,668,4348
2026-08-04 15:13:56,667.5,667.95,667.5,667.95,1231
2026-08-04 15:14:59,667.95,668.15,667.5,667.5,2442
2026-08-04 15:15:57,667.7,667.7,667.2,667.35,7314
2026-08-04 15:16:56,667.05,667.55,667.05,667.4,258
2026-08-04 15:17:59,667.55,667.55,666.15,666.55,3427
2026-08-04 15:18:56,666.5,666.65,666,666.45,908
2026-08-04 15:19:57,666.45,666.8,666.45,666.8,1593
2026-08-04 15:20:57,666,666.45,666,666.25,3340
2026-08-04 15:21:55,666.25,666.35,666.2,666.2,796
2026-08-04 15:22:58,666.25,666.25,666,666,2551
2026-08-04 15:23:56,666.05,666.15,666,666.15,2001
2026-08-04 15:24:56,666.35,666.35,666,666.2,2915
2026-08-04 15:25:58,666.2,666.2,665.2,665.7,4485
2026-08-04 15:26:58,665.7,665.7,665.1,665.45,1425
2026-08-04 15:27:59,665.3,665.45,665.1,665.1,7099
2026-08-04 15:28:58,665.15,665.55,665.15,665.5,2311
2026-08-04 15:29:55,665.5,665.5,665.15,665.5,526
2026-08-04 15:30:01,665.15,665.15,665.15,665.15,161
2026-08-05 09:07:16,670,670,670,670,1930
2026-08-05 09:15:59,670,671.3,667.65,670.65,11857
2026-08-05 09:16:55,671.2,671.4,670,670,3479
2026-08-05 09:17:59,669.75,670,668.05,668.05,3703
2026-08-05 09:18:51,668.75,669.7,667.45,668,6910
2026-08-05 09:19:58,667.2,668.1,667.2,667.8,9752
2026-08-05 09:20:57,667.5,669.4,667.5,669.4,1601
2026-08-05 09:21:54,669.7,670,669.2,669.2,4973
2026-08-05 09:22:59,669.85,669.85,668.5,668.6,3743
2026-08-05 09:23:55,668.6,669.2,668.05,668.55,1648
2026-08-05 09:24:58,668.55,669.5,668.55,669.05,456
2026-08-05 09:25:53,669.5,670,669.1,670,2016
2026-08-05 09:26:54,669.55,669.65,669.45,669.45,865
2026-08-05 09:27:55,669.45,669.75,669.05,669.1,7003
2026-08-05 09:28:55,669.05,669.6,668.9,669.6,1067
2026-08-05 09:29:56,668.95,670.65,668.8,669.6,5904
2026-08-05 09:30:58,669.5,669.9,669,669,4186
2026-08-05 09:31:57,669,669.45,669,669.1,1040
2026-08-05 09:32:59,669.45,669.9,669.1,669.1,1066
2026-08-05 09:33:58,669.35,669.85,669.35,669.5,716
2026-08-05 09:34:56,669.5,669.5,669,669.35,371
2026-08-05 09:35:58,669.2,669.45,669,669.05,8431
2026-08-05 09:36:56,669,669.45,669,669.05,649
2026-08-05 09:37:54,669.35,669.35,668.65,669.05,977
2026-08-05 09:38:58,668.15,668.7,668.15,668.7,2919
2026-08-05 09:39:54,668.7,668.9,668.3,668.6,1075
2026-08-05 09:40:58,668.55,669.45,668.55,669,1535
2026-08-05 09:41:54,669.15,670,669.15,669.65,2946
2026-08-05 09:42:57,670,670,669.65,669.7,87
2026-08-05 09:43:58,669.7,670.35,669.6,669.6,1326
2026-08-05 09:44:55,669.15,669.4,669.1,669.1,716
2026-08-05 09:45:57,669.5,669.5,669.1,669.15,268
2026-08-05 09:46:56,669.2,669.55,668.5,668.5,2943
2026-08-05 09:47:54,668.5,668.95,668.15,668.4,664
2026-08-05 09:48:56,668.25,668.75,668.15,668.75,1115
2026-08-05 09:49:56,668.65,668.85,668.4,668.65,1066
2026-08-05 09:50:57,668.65,668.85,668.5,668.5,791
2026-08-05 09:51:59,668.5,668.8,668.5,668.5,663
2026-08-05 09:52:54,668.1,668.1,667.45,667.6,1875
2026-08-05 09:53:53,667.85,667.85,667.4,667.4,1040
2026-08-05 09:54:59,667.8,667.8,667.45,667.5,473
2026-08-05 09:55:57,667.45,667.95,667.45,667.85,1349
2026-08-05 09:56:56,667.9,668.1,667.55,667.7,1147
2026-08-05 09:57:59,668.15,668.25,667.7,668.25,391
2026-08-05 09:58:55,668.35,668.4,668,668.3,474
2026-08-05 09:59:57,668.25,668.25,667.8,667.8,603
2026-08-05 10:00:54,667.85,668.4,667.85,667.85,264
2026-08-05 10:01:55,667.85,668.35,667.8,667.85,1215
2026-08-05 10:02:56,667.45,667.95,667.45,667.95,528
2026-08-05 10:03:58,667.95,668.4,667.95,668.15,250
2026-08-05 10:04:59,667.85,668.15,667.85,668.15,1302
2026-08-05 10:05:57,668,668.15,668,668.1,256
2026-08-05 10:06:56,668,668.35,668,668.35,555
2026-08-05 10:07:54,668,668,667.5,667.5,3522
2026-08-05 10:08:57,667.5,667.85,667.5,667.5,828
2026-08-05 10:09:59,667.5,668.15,667.5,668.15,3661
2026-08-05 10:10:56,667.85,668.7,667.85,668.7,348
2026-08-05 10:11:57,668.65,668.65,668.2,668.3,60
2026-08-05 10:12:58,668.7,668.75,668.35,668.45,44
2026-08-05 10:13:58,668.45,669,668.45,669,1133
2026-08-05 10:14:54,669,669.4,669,669.4,108
2026-08-05 10:15:55,669.4,669.4,669,669,739
2026-08-05 10:16:55,669,669,668.55,668.55,530
2026-08-05 10:17:55,668.55,668.55,668,668.4,435
2026-08-05 10:18:54,668.4,668.4,667.6,667.6,677
2026-08-05 10:19:55,667.8,667.8,667.8,667.8,132
2026-08-05 10:20:55,667.8,667.8,667.8,667.8,307
2026-08-05 10:21:54,668,668,667.7,667.7,311
2026-08-05 10:22:58,667.7,667.95,667.7,667.85,151
2026-08-05 10:23:55,667.55,668,667.55,668,609
2026-08-05 10:24:55,667.95,667.95,667.45,667.45,145
2026-08-05 10:25:55,667.5,667.8,667.45,667.45,238
2026-08-05 10:26:54,667.5,667.5,666.85,666.85,2138
2026-08-05 10:27:56,666.85,666.85,666.3,666.3,1825
2026-08-05 10:28:54,666.9,666.9,666.25,666.25,480
2026-08-05 10:29:58,666.6,666.75,666.1,666.5,1412
2026-08-05 10:30:58,665.9,665.9,665.5,665.5,2610
2026-08-05 10:31:58,665.5,665.5,665,665.3,3916
2026-08-05 10:32:58,665,665.05,661.9,664.2,30820
2026-08-05 10:33:56,664,664.45,663.7,664.1,1230
2026-08-05 10:34:54,664.4,664.8,664,664.4,3208
2026-08-05 10:35:55,664.4,664.45,664,664,684
2026-08-05 10:36:54,664.4,664.9,664,664.9,318
2026-08-05 10:37:58,664.9,664.9,664.5,664.85,141
2026-08-05 10:38:59,664.9,665,664.9,664.95,1279
2026-08-05 10:39:55,664.95,664.95,664.25,664.95,1119
2026-08-05 10:40:55,664.4,664.9,664.4,664.55,547
2026-08-05 10:41:55,664.5,664.5,664.3,664.5,1065
2026-08-05 10:42:58,664.3,664.95,664.25,664.95,782
2026-08-05 10:43:55,664.4,665,664.4,665,233
2026-08-05 10:44:55,665.05,665.55,665.05,665.15,342
2026-08-05 10:45:59,665.5,665.6,664.6,665.25,2562
2026-08-05 10:46:59,665.4,665.65,665.05,665.5,237
2026-08-05 10:47:59,665.45,665.55,665.1,665.5,211
2026-08-05 10:48:59,665.5,665.6,665.15,665.6,219
2026-08-05 10:49:55,665.65,665.65,665.45,665.55,375
2026-08-05 10:50:54,665.55,665.55,665,665.05,571
2026-08-05 10:51:56,665.55,665.55,665.15,665.15,224
2026-08-05 10:52:52,665.15,665.5,665.05,665.5,716
2026-08-05 10:53:57,665.5,665.5,665.2,665.2,137
2026-08-05 10:54:58,665.4,665.55,665.05,665.55,264
2026-08-05 10:55:59,665.6,665.6,665.15,665.15,167
2026-08-05 10:56:59,665.1,665.55,665.1,665.45,90
2026-08-05 10:57:59,665,665.6,665,665.6,216
2026-08-05 10:58:59,665.45,666,665.45,666,714
2026-08-05 10:59:58,665.6,666,665.6,666,522
2026-08-05 11:00:56,666,666,665.6,665.65,281
2026-08-05 11:01:55,666,666,666,666,15
2026-08-05 11:02:56,666,666,666,666,228
2026-08-05 11:03:59,666,666.25,666,666.25,343
2026-08-05 11:04:59,666.25,666.25,665.55,665.55,524
2026-08-05 11:05:55,665.85,665.9,665.55,665.9,92
2026-08-05 11:06:58,665.9,665.9,665.45,665.45,186
2026-08-05 11:07:57,665.45,665.75,664.9,664.9,3876
2026-08-05 11:08:54,664.35,664.6,664.35,664.4,382
2026-08-05 11:09:55,664.4,664.4,664.05,664.35,1165
2026-08-05 11:10:57,664,664,663.5,663.5,493
2026-08-05 11:11:56,663.8,663.8,662.55,662.55,4507
2026-08-05 11:12:59,662.55,663,662.55,662.95,1694
2026-08-05 11:13:57,662.95,663.35,662.95,663.35,3882
2026-08-05 11:14:55,663,663.3,662.85,662.85,503
2026-08-05 11:15:59,663.15,663.5,663.15,663.5,419
2026-08-05 11:16:57,663.5,663.5,663.25,663.25,770
2026-08-05 11:17:54,663.25,663.5,663.25,663.5,720
2026-08-05 11:18:57,663.55,663.55,663.25,663.55,176
2026-08-05 11:19:59,663.25,663.25,663.25,663.25,200
2026-08-05 11:20:57,663.3,663.3,663,663,1217
2026-08-05 11:21:55,663.05,663.05,663,663.05,227
2026-08-05 11:22:58,663.5,663.9,663.5,663.9,944
2026-08-05 11:23:58,663.9,663.9,663.7,663.7,919
2026-08-05 11:24:57,663.3,663.6,663.3,663.6,40
2026-08-05 11:25:58,663.6,663.95,663.6,663.95,147
2026-08-05 11:26:55,663.6,664.1,663.6,663.95,841
2026-08-05 11:27:55,663.95,663.95,663.65,663.65,206
2026-08-05 11:28:56,663.9,663.95,663.9,663.9,187
2026-08-05 11:29:57,663.9,663.9,663.6,663.9,309
2026-08-05 11:30:55,663.9,664,663.9,663.9,214
2026-08-05 11:31:57,663.6,663.75,663.2,663.2,358
2026-08-05 11:32:58,663.5,663.55,663.05,663.55,345
2026-08-05 11:33:52,663.5,663.5,663.2,663.4,52
2026-08-05 11:34:57,663.3,663.3,662.55,662.8,218
2026-08-05 11:35:57,662.8,662.8,661.9,662.6,2845
2026-08-05 11:36:56,662.1,662.25,662,662.05,384
2026-08-05 11:37:58,662.25,662.25,661.65,662.1,849
2026-08-05 11:38:55,662.1,662.1,660.05,661.55,10354
2026-08-05 11:39:57,661.15,661.45,659.5,660.45,11123
2026-08-05 11:40:56,660.75,660.75,660.4,660.4,798
2026-08-05 11:41:59,660.65,661.1,660.4,661.1,964
2026-08-05 11:42:55,661.2,661.4,661.1,661.4,1150
2026-08-05 11:43:55,661.15,661.4,659.25,659.65,5823
2026-08-05 11:44:57,659.65,659.95,658.95,659.75,10505
2026-08-05 11:45:58,659.35,659.95,659.25,659.9,1366
2026-08-05 11:46:58,659.9,660,659.9,660,482
2026-08-05 11:47:59,660.1,660.25,659.35,660.15,1250
2026-08-05 11:48:59,660,660.1,659.7,659.95,2798
2026-08-05 11:49:59,659.9,659.95,659.3,659.7,491
2026-08-05 11:50:59,659.65,659.75,659.3,659.75,424
2026-08-05 11:51:59,659.1,659.7,659.1,659.6,621
2026-08-05 11:52:55,659.6,659.85,659.6,659.85,157
2026-08-05 11:53:58,659.85,659.95,659.6,659.95,275
2026-08-05 11:54:55,659.9,659.95,659.6,659.95,351
2026-08-05 11:55:55,659.9,659.9,659.15,659.3,1785
2026-08-05 11:56:55,659.35,659.4,659.35,659.4,676
2026-08-05 11:57:55,659.35,659.35,659.15,659.3,324
2026-08-05 11:58:58,659.1,659.3,658.65,658.65,1748
2026-08-05 11:59:59,658.6,659.1,658.6,658.9,1340
2026-08-05 12:00:55,658.95,658.95,658.5,658.5,1343
2026-08-05 12:01:58,658.55,658.95,658.5,658.95,281
2026-08-05 12:02:55,658.65,658.95,658.6,658.6,65
2026-08-05 12:03:59,659.05,659.3,658.7,658.85,473
2026-08-05 12:04:55,658.8,659.15,658.7,659.1,350
2026-08-05 12:05:56,659.1,659.1,659.1,659.1,164
2026-08-05 12:06:58,659.3,659.3,659.1,659.3,365
2026-08-05 12:07:56,659.3,659.5,659.1,659.4,1284
2026-08-05 12:08:57,659.4,659.4,658.7,658.7,580
2026-08-05 12:09:51,658.7,659,658.7,658.7,101
2026-08-05 12:10:55,659,659.3,659,659,684
2026-08-05 12:11:56,659,659.2,659,659.2,17
2026-08-05 12:12:55,659.2,659.2,658.6,658.85,2045
2026-08-05 12:13:57,658.85,658.85,656.55,657.85,13817
2026-08-05 12:14:58,657.85,657.85,657.4,657.75,1721
2026-08-05 12:15:57,657.5,657.8,657.5,657.5,391
2026-08-05 12:16:55,657.8,657.95,657.2,657.6,382
2026-08-05 12:17:55,657.95,658,657.75,658,1713
2026-08-05 12:18:50,658,658,657.6,658,239
2026-08-05 12:19:56,658,658,657.7,658,450
2026-08-05 12:20:55,658,658.25,657.7,658.25,1901
2026-08-05 12:21:59,658.25,658.25,657.1,657.9,3050
2026-08-05 12:22:55,657.9,658,657.7,657.7,959
2026-08-05 12:23:55,657.9,658.05,657.5,657.95,98
2026-08-05 12:24:56,658,658.25,657.95,658,311
2026-08-05 12:25:52,657.95,658.2,657.95,658.2,920
2026-08-05 12:26:55,658.25,658.5,658.2,658.5,315
2026-08-05 12:27:53,658.35,658.65,658.35,658.5,1288
2026-08-05 12:28:51,658.05,658.75,658.05,658.65,337
2026-08-05 12:29:59,658.5,659,658.5,659,209
2026-08-05 12:30:57,658.8,659,658.6,658.6,2517
2026-08-05 12:31:55,658.6,658.6,658,658,1074
2026-08-05 12:32:58,658.45,658.5,658.05,658.05,718
2026-08-05 12:33:59,658.05,658.35,658,658.35,300
2026-08-05 12:34:59,658,658.05,658,658.05,98
2026-08-05 12:35:59,658.05,658.3,658.05,658.3,109
2026-08-05 12:36:59,658.05,658.35,658.05,658.05,351
2026-08-05 12:37:58,658.35,658.45,658.1,658.1,329
2026-08-05 12:38:59,658.4,658.5,658.4,658.5,232
2026-08-05 12:39:58,658.5,658.5,658.5,658.5,795
2026-08-05 12:40:58,658.5,658.5,658.3,658.4,387
2026-08-05 12:41:57,658.3,658.4,658.3,658.4,144
2026-08-05 12:42:57,658.6,658.6,658.2,658.2,182
2026-08-05 12:43:56,658.2,658.35,658.2,658.35,224
2026-08-05 12:44:58,658.35,658.4,658.05,658.4,248
2026-08-05 12:45:57,658.1,658.55,658.1,658.2,518
2026-08-05 12:46:59,658.55,658.95,658.55,658.95,756
2026-08-05 12:47:56,659.15,659.15,658.95,658.95,1617
2026-08-05 12:48:58,658.95,659.1,658.95,659.1,134
2026-08-05 12:49:58,659,659.1,658.95,659.1,299
2026-08-05 12:50:58,659,659.05,658.7,659.05,267
2026-08-05 12:51:59,658.7,659.15,658.6,658.8,1354
2026-08-05 12:52:55,658.8,658.8,658.7,658.7,40
2026-08-05 12:53:59,658.7,659,658.7,658.7,90
2026-08-05 12:54:57,659,659,658.8,658.8,74
2026-08-05 12:55:55,658.8,659,658.8,659,156
2026-08-05 12:56:56,658.85,659.2,658.8,658.8,414
2026-08-05 12:57:56,659.25,659.25,658.8,659,242
2026-08-05 12:58:59,658.8,659,658.8,659,124
2026-08-05 12:59:58,658.8,659.1,658.8,658.8,394
2026-08-05 13:00:55,659.05,659.05,658.8,658.8,825
2026-08-05 13:01:58,658.55,658.7,658.3,658.7,530
2026-08-05 13:02:56,658.7,658.75,658.7,658.7,17
2026-08-05 13:03:59,658.7,659,658.7,659,301
2026-08-05 13:04:57,659,659.1,659,659.1,20
2026-08-05 13:05:59,659.1,659.1,658.7,658.7,216
2026-08-05 13:06:58,659,659,658.95,659,560
2026-08-05 13:07:55,659,659,659,659,680
2026-08-05 13:08:54,659,659,658.65,658.65,461
2026-08-05 13:09:57,658.65,658.7,658.65,658.7,93
2026-08-05 13:10:55,658.95,659.3,658.75,659.2,397
2026-08-05 13:11:59,659.5,659.5,659.5,659.5,3
2026-08-05 13:12:58,659.5,659.5,659.3,659.3,6
2026-08-05 13:13:50,659.55,659.55,659.2,659.2,48
2026-08-05 13:14:58,659.25,659.25,659.25,659.25,19
2026-08-05 13:15:54,659.5,659.7,659.5,659.7,170
2026-08-05 13:16:58,659.5,659.5,659.25,659.25,411
2026-08-05 13:17:52,659.45,659.7,659.35,659.35,193
2026-08-05 13:18:57,659.7,659.7,659.4,659.65,122
2026-08-05 13:19:59,659.85,660,659.85,660,125
2026-08-05 13:20:57,660,660,659.75,659.75,124
2026-08-05 13:21:55,659.7,660,659.7,659.9,206
2026-08-05 13:22:57,659.75,660,659.75,660,55
2026-08-05 13:23:57,660.2,660.25,659.85,660.2,423
2026-08-05 13:24:51,660.05,660.1,659.85,659.85,234
2026-08-05 13:25:56,659.95,659.95,659.5,659.75,495
2026-08-05 13:26:55,659.75,659.9,659.75,659.9,588
2026-08-05 13:27:57,659.8,660.25,659.8,659.85,627
2026-08-05 13:28:59,659.8,659.85,659.8,659.85,153
2026-08-05 13:29:57,659.8,660.15,659.8,660.05,331
2026-08-05 13:30:59,659.8,660.1,659.8,660,231
2026-08-05 13:31:56,660.1,660.85,660.1,660.75,9976
2026-08-05 13:32:58,660.75,660.75,660.6,660.75,306
2026-08-05 13:33:59,660.8,660.95,660.45,660.85,1000
2026-08-05 13:34:55,660.75,660.85,660.5,660.5,529
2026-08-05 13:35:59,660.7,661.15,660.7,661.15,574
2026-08-05 13:36:57,661.7,661.7,661.3,661.3,1294
2026-08-05 13:37:51,661.3,661.35,661.1,661.1,1522
2026-08-05 13:38:56,661.05,661.1,660.65,660.65,525
2026-08-05 13:39:55,660.8,660.9,660.5,660.65,349
2026-08-05 13:40:55,660.6,660.85,660.6,660.75,297
2026-08-05 13:41:59,660.75,660.85,660.5,660.5,353
2026-08-05 13:42:55,660.75,660.75,660.2,660.4,482
2026-08-05 13:43:54,660.4,660.4,659.95,659.95,571
2026-08-05 13:44:59,659.55,659.55,659.3,659.3,238
2026-08-05 13:45:59,659.2,660.15,659.2,659.75,909
2026-08-05 13:46:57,659.4,659.6,659.4,659.6,32
2026-08-05 13:47:56,659.1,659.55,659.1,659.15,709
2026-08-05 13:48:57,659.15,659.5,659.15,659.5,45
2026-08-05 13:49:59,659.7,659.7,659.35,659.45,339
2026-08-05 13:50:55,659.75,659.75,659.15,659.75,858
2026-08-05 13:51:57,659.5,659.65,659.1,659.65,719
2026-08-05 13:52:55,659.65,659.85,659.65,659.85,182
2026-08-05 13:53:58,659.35,659.35,659,659,1039
2026-08-05 13:54:55,659.35,659.45,659.1,659.1,150
2026-08-05 13:55:57,659.45,659.45,659,659,270
2026-08-05 13:56:58,659,659.1,659,659.1,603
2026-08-05 13:57:58,659.1,659.1,659.1,659.1,10
2026-08-05 13:58:59,659.15,659.15,659,659.15,760
2026-08-05 13:59:55,659.45,659.45,659,659.25,206
2026-08-05 14:00:57,659.05,659.7,659.05,659.7,71
2026-08-05 14:01:57,659.7,659.7,659.6,659.6,27
2026-08-05 14:02:56,659.25,659.25,659.25,659.25,50
2026-08-05 14:03:54,659.6,659.75,659.25,659.25,152
2026-08-05 14:04:58,659.55,659.75,659.55,659.7,22
2026-08-05 14:05:56,659.6,659.75,659.15,659.15,486
2026-08-05 14:06:56,659.6,659.6,659.6,659.6,13
2026-08-05 14:07:57,659.3,659.55,659.05,659.05,952
2026-08-05 14:08:58,659.5,659.5,659.3,659.3,6
2026-08-05 14:09:55,659.5,659.5,659.1,659.1,128
2026-08-05 14:10:56,659.35,659.35,659.1,659.35,21
2026-08-05 14:11:58,659.05,659.4,659.05,659.4,405
2026-08-05 14:12:55,658.85,658.85,658.85,658.85,387
2026-08-05 14:13:55,658.7,658.9,658.7,658.9,372
2026-08-05 14:14:55,658.5,658.9,658.25,658.35,1224
2026-08-05 14:15:59,658.35,658.55,658.15,658.15,397
2026-08-05 14:16:57,658.45,658.55,658.45,658.55,35
2026-08-05 14:17:58,658.55,658.55,658,658,1366
2026-08-05 14:18:57,658,658.25,658,658.25,1162
2026-08-05 14:19:59,658.25,658.35,658.25,658.35,11
2026-08-05 14:20:57,658.4,658.45,658.4,658.45,93
2026-08-05 14:21:55,658.5,658.9,658.45,658.9,84
2026-08-05 14:22:57,658.55,658.75,658.55,658.55,144
2026-08-05 14:23:55,658.75,658.75,658.55,658.75,74
2026-08-05 14:24:58,658.9,659,658.6,658.6,1124
2026-08-05 14:25:56,658.95,658.95,658.95,658.95,106
2026-08-05 14:26:54,658.6,658.6,658.45,658.45,236
2026-08-05 14:27:58,658.6,659,658.6,659,832
2026-08-05 14:28:58,659,659,658.75,659,701
2026-08-05 14:29:55,659,659,658.75,658.75,169
2026-08-05 14:30:58,659.35,659.4,659.1,659.4,1949
2026-08-05 14:31:55,659.55,659.55,659.55,659.55,12
2026-08-05 14:32:52,659.55,659.55,659.2,659.45,114
2026-08-05 14:33:54,659.55,659.55,659.2,659.55,142
2026-08-05 14:34:56,659.6,659.8,659.5,659.55,989
2026-08-05 14:35:58,659.25,659.6,659.25,659.25,348
2026-08-05 14:36:59,659.7,659.9,659.6,659.9,2771
2026-08-05 14:37:57,659.9,660,659.75,660,667
2026-08-05 14:38:56,660,660.15,659.9,660.15,380
2026-08-05 14:39:56,660.15,660.2,659.8,660,165
2026-08-05 14:40:58,660,660,659.25,659.65,1158
2026-08-05 14:41:59,659.65,659.65,659.35,659.35,134
2026-08-05 14:42:54,659.35,659.5,659.25,659.25,281
2026-08-05 14:43:54,659.25,659.5,659.05,659.5,895
2026-08-05 14:44:57,659.45,659.85,659.2,659.75,2129
2026-08-05 14:45:59,659.55,659.75,659.4,659.4,955
2026-08-05 14:46:56,659.35,659.85,659.35,659.45,996
2026-08-05 14:47:58,659.8,660.25,659.8,660.25,360
2026-08-05 14:48:59,660.05,660.35,660.05,660.05,239
2026-08-05 14:49:55,660.05,660.45,660.05,660.25,547
2026-08-05 14:50:58,660.25,660.5,660.25,660.5,4332
2026-08-05 14:51:56,660.7,660.8,660.55,660.55,620
2026-08-05 14:52:59,660.55,660.95,660.5,660.75,873
2026-08-05 14:53:56,660.75,660.85,660.65,660.65,1218
2026-08-05 14:54:53,660.65,661.15,660.65,661.15,3669
2026-08-05 14:55:56,661.25,661.9,661.25,661.6,1492
2026-08-05 14:56:56,661.6,661.6,661.2,661.4,1250
2026-08-05 14:57:55,661.4,661.4,661.15,661.15,559
2026-08-05 14:58:57,661.25,661.45,661.2,661.3,1616
2026-08-05 14:59:59,661.5,661.5,660.95,661,2985
2026-08-05 15:00:54,661.65,661.65,661.2,661.2,1930
2026-08-05 15:01:55,661,661.35,661,661.1,416
2026-08-05 15:02:58,661.35,661.85,661.35,661.55,4848
2026-08-05 15:03:55,661.65,661.75,661.55,661.55,893
2026-08-05 15:04:56,661.55,661.8,661.25,661.3,1060
2026-08-05 15:05:57,661.3,661.7,661.3,661.5,3357
2026-08-05 15:06:53,661.5,661.55,661.15,661.15,2971
2026-08-05 15:07:58,661.25,661.25,660.15,660.25,3373
2026-08-05 15:08:59,660.25,660.25,659.05,660.05,5664
2026-08-05 15:09:57,659.95,660.05,659.55,659.6,914
2026-08-05 15:10:58,659.7,660,659.65,660,1730
2026-08-05 15:11:59,660.1,660.95,660.1,660.75,3796
2026-08-05 15:12:59,660.6,660.6,659.75,659.8,3636
2026-08-05 15:13:58,659.65,660.45,659.65,659.9,3325
2026-08-05 15:14:57,660,660,659.85,659.85,3759
2026-08-05 15:15:59,659.95,659.95,659.6,659.65,2104
2026-08-05 15:16:59,659.65,659.95,659.6,659.75,1451
2026-08-05 15:17:58,659.7,659.95,659.65,659.95,2102
2026-08-05 15:18:57,660,660.9,659.7,660.9,1965
2026-08-05 15:19:57,660.85,661,659.95,660.8,7775
2026-08-05 15:20:55,660.8,660.8,660.05,660.4,2257
2026-08-05 15:21:54,660.4,660.4,660.3,660.3,1054
2026-08-05 15:22:59,660.3,660.8,660.3,660.55,1262
2026-08-05 15:23:57,660.55,660.85,660.55,660.85,1940
2026-08-05 15:24:53,660.85,660.85,660,660.5,2967
2026-08-05 15:25:53,660.4,660.5,659.85,659.85,6918
2026-08-05 15:26:54,659.95,659.95,659.3,659.5,1949
2026-08-05 15:27:59,659.55,659.55,659,659.2,2625
2026-08-05 15:28:58,659.2,660,659,660,4670
2026-08-05 15:29:55,659.95,660,659.25,660,2178
2026-08-06 09:08:10,662.8,662.8,662.8,662.8,3686
2026-08-06 09:15:58,661.95,661.95,655.05,655.95,20839
2026-08-06 09:16:52,655.6,657,655.6,656.6,3074
2026-08-06 09:17:52,657.2,658.35,657.2,658.35,3603
2026-08-06 09:18:52,658.7,658.7,657.75,658.4,6896
2026-08-06 09:19:59,658.45,659.65,658.3,659.65,4265
2026-08-06 09:20:59,659.8,659.8,658.25,658.35,10564
2026-08-06 09:21:57,659.65,659.95,659.3,659.35,2647
2026-08-06 09:22:54,659.8,660.1,659.45,659.45,1350
2026-08-06 09:23:57,659.7,660.1,659.45,659.7,3697
2026-08-06 09:24:55,660,660.15,659.7,659.7,1276
2026-08-06 09:25:53,659.7,659.95,659.7,659.95,794
2026-08-06 09:26:56,659.7,660,659.7,659.7,1435
2026-08-06 09:27:59,659.7,660,659.7,660,1342
2026-08-06 09:28:59,660,660,660,660,251
2026-08-06 09:29:59,660,660,660,660,912
2026-08-06 09:30:53,660,660.2,660,660.1,3863
2026-08-06 09:31:55,659.7,659.7,659.25,659.3,1609
2026-08-06 09:32:55,659.3,659.3,657.7,658.15,7758
2026-08-06 09:33:53,658.15,658.25,657.55,657.55,1336
2026-08-06 09:34:52,657.5,658.4,657.5,657.9,3018
2026-08-06 09:35:58,658.05,658.75,657.6,658.75,1084
2026-08-06 09:36:55,658.7,658.85,658.35,658.8,236
2026-08-06 09:37:53,658.8,658.8,658.3,658.75,660
2026-08-06 09:38:58,658.8,660,658.75,660,1220
2026-08-06 09:39:54,659.95,659.95,659.3,659.7,1366
2026-08-06 09:40:57,658.85,659.45,658.85,659.1,1872
2026-08-06 09:41:53,659.1,659.15,658.85,658.85,538
2026-08-06 09:42:55,658.85,659.35,658.85,658.95,829
2026-08-06 09:43:56,658.9,659.5,658.9,659.45,611
2026-08-06 09:44:57,659.4,659.45,659.05,659.45,2145
2026-08-06 09:45:54,659.5,659.95,659.5,659.95,1764
2026-08-06 09:46:56,659.5,659.8,659.5,659.8,267
2026-08-06 09:47:58,659.8,659.85,659.4,659.4,163
2026-08-06 09:48:54,660.75,661,660.7,660.9,2913
2026-08-06 09:49:56,660.55,661,660.55,661,721
2026-08-06 09:50:57,661,661,660.55,660.9,389
2026-08-06 09:51:56,660.9,660.9,660.3,660.55,2555
2026-08-06 09:52:55,660.85,661.75,660.55,661.75,1928
2026-08-06 09:53:59,661.85,662,661.4,662,1115
2026-08-06 09:54:59,662,662.6,661.95,662.6,3958
2026-08-06 09:55:58,662.65,662.65,661.75,662.35,1504
2026-08-06 09:56:54,662.35,662.35,660.95,661.9,1832
2026-08-06 09:57:55,661.55,661.6,661,661.6,2117
2026-08-06 09:58:59,661.6,661.8,661.3,661.3,562
2026-08-06 09:59:58,661.35,661.35,661,661.3,324
2026-08-06 10:00:56,661.4,661.4,660.95,660.95,886
2026-08-06 10:01:59,660.9,660.9,660.8,660.8,626
2026-08-06 10:02:57,660.5,660.8,660.5,660.8,880
2026-08-06 10:03:54,660.75,660.75,660.4,660.4,535
2026-08-06 10:04:57,660.3,660.4,660,660,1422
2026-08-06 10:05:54,660,660,659.65,660,228
2026-08-06 10:06:56,659.65,660,659.65,660,87
2026-08-06 10:07:58,659.85,660.5,659.85,660.5,1102
2026-08-06 10:08:55,660.5,660.8,660.45,660.75,1066
2026-08-06 10:09:57,661.1,661.25,660.75,660.95,1143
2026-08-06 10:10:58,661.4,661.9,661.25,661.9,1340
2026-08-06 10:11:58,662,662.3,662,662.3,710
2026-08-06 10:12:55,662.4,663.8,662.4,663.8,2292
2026-08-06 10:13:57,663.35,664.15,663.35,663.75,1779
2026-08-06 10:14:59,663.75,663.75,663.1,663.45,243
2026-08-06 10:15:59,663.45,663.45,663.05,663.1,283
2026-08-06 10:16:57,662.75,662.95,662.6,662.95,1061
2026-08-06 10:17:55,662.6,662.6,662.6,662.6,120
2026-08-06 10:18:59,662.6,662.6,661.5,661.8,2385
2026-08-06 10:19:57,661.8,661.8,661.45,661.45,835
2026-08-06 10:20:56,661.5,661.55,661.5,661.5,575
2026-08-06 10:21:55,661.55,661.6,661.15,661.25,557
2026-08-06 10:22:57,661,661.1,660.8,661.1,1898
2026-08-06 10:23:56,661.5,661.5,661.1,661.1,107
2026-08-06 10:24:57,661.45,661.5,661.05,661.45,296
2026-08-06 10:25:54,661.15,661.3,661.15,661.3,155
2026-08-06 10:26:58,661.3,661.3,661.05,661.3,51
2026-08-06 10:27:56,661,661.5,661,661.05,2031
2026-08-06 10:28:49,661.3,661.3,660.8,660.8,241
2026-08-06 10:29:58,661.15,661.15,661.15,661.15,1320
2026-08-06 10:30:56,661.15,661.15,661.15,661.15,30
2026-08-06 10:31:58,661.1,661.6,661.1,661.6,591
2026-08-06 10:32:59,661.55,661.6,661.05,661.6,761
2026-08-06 10:33:55,661.6,661.7,661.1,661.7,198
2026-08-06 10:34:58,661.25,661.25,661,661,392
2026-08-06 10:35:56,661,661.05,660.6,660.95,397
2026-08-06 10:36:57,660.6,660.65,660.55,660.6,528
2026-08-06 10:37:57,660.9,660.9,660.5,660.5,240
2026-08-06 10:38:59,660.8,660.8,660.5,660.5,139
2026-08-06 10:39:54,660.5,660.8,660.5,660.5,140
2026-08-06 10:40:59,660.8,660.8,660.8,660.8,65
2026-08-06 10:41:59,660.8,660.8,660.8,660.8,159
2026-08-06 10:42:59,660.4,660.6,660,660,1754
2026-08-06 10:43:54,660,660.2,660,660.2,12
2026-08-06 10:44:54,659.9,660.15,659.75,660.15,245
2026-08-06 10:45:55,660.15,660.25,659.65,659.75,669
2026-08-06 10:46:55,660.1,660.1,659.65,659.7,224
2026-08-06 10:47:56,660,660,659.7,660,55
2026-08-06 10:48:56,659.7,660,659.7,659.7,95
2026-08-06 10:49:58,659.7,659.75,659.35,659.35,1091
2026-08-06 10:50:57,659.4,659.85,659.3,659.35,1039
2026-08-06 10:51:56,659.7,659.7,659.25,659.25,687
2026-08-06 10:52:55,659.25,659.65,659.25,659.3,17
2026-08-06 10:53:54,659.65,659.65,659.3,659.65,57
2026-08-06 10:54:55,659.6,659.6,659.2,659.2,899
2026-08-06 10:55:55,659.3,659.3,659.2,659.2,176
2026-08-06 10:56:55,659.2,659.3,659.2,659.2,127
2026-08-06 10:57:55,659.2,659.2,659,659,32
2026-08-06 10:58:59,659,659.2,659,659,280
2026-08-06 10:59:58,659.25,659.25,659,659,52
2026-08-06 11:00:55,659.3,659.65,659.05,659.45,581
2026-08-06 11:01:54,659.75,659.75,659.5,659.7,579
2026-08-06 11:02:58,659.5,659.5,659.2,659.25,910
2026-08-06 11:03:58,659.05,659.4,659,659.4,436
2026-08-06 11:04:51,659.4,660,659.4,659.85,3856
2026-08-06 11:05:57,659.85,660,659.6,659.6,1777
2026-08-06 11:06:55,659.65,660,659.65,659.9,66
2026-08-06 11:07:58,659.6,659.75,659.3,659.4,772
2026-08-06 11:08:57,659.75,659.8,659.4,659.8,76
2026-08-06 11:09:59,659.75,659.75,659.75,659.75,53
2026-08-06 11:10:53,659.35,659.65,659.2,659.65,227
2026-08-06 11:11:56,659.45,659.9,659.45,659.9,646
2026-08-06 11:12:56,659.9,659.9,659.5,659.5,147
2026-08-06 11:13:59,659.95,659.95,659.6,659.6,163
2026-08-06 11:14:57,659.65,660,659.65,659.65,1636
2026-08-06 11:15:56,659.65,659.65,659.65,659.65,27
2026-08-06 11:16:57,659.65,659.65,659.65,659.65,2
2026-08-06 11:17:59,659.6,659.6,659.55,659.55,1276
2026-08-06 11:18:57,659.5,659.65,659.5,659.65,441
2026-08-06 11:19:59,659.75,659.75,659.5,659.5,259
2026-08-06 11:20:52,659.9,660,659.9,659.95,421
2026-08-06 11:21:55,660,660,660,660,1014
2026-08-06 11:22:58,660.2,660.2,660,660,24
2026-08-06 11:23:58,660.35,660.45,660.05,660.05,214
2026-08-06 11:24:59,660.6,661.45,660.6,661.1,597
2026-08-06 11:25:57,661.35,661.35,660.75,660.75,774
2026-08-06 11:26:59,661.45,661.45,661.1,661.2,1045
2026-08-06 11:27:55,661.5,661.85,660.9,660.9,1025
2026-08-06 11:28:58,660.9,660.9,660.9,660.9,164
2026-08-06 11:29:55,660.7,660.7,660.25,660.7,351
2026-08-06 11:30:59,660.7,660.9,660.5,660.8,2537
2026-08-06 11:31:57,660.55,660.75,660.5,660.75,420
2026-08-06 11:32:57,660.75,661.45,660.75,660.9,754
2026-08-06 11:33:56,661.25,661.5,661.25,661.5,708
2026-08-06 11:34:58,661.35,661.35,660.65,660.85,498
2026-08-06 11:35:55,661.15,661.15,660.75,661.1,137
2026-08-06 11:36:52,661.05,661.15,660.9,660.9,146
2026-08-06 11:37:53,661.15,661.15,660.9,660.9,16
2026-08-06 11:38:58,660.9,661.15,660.85,661.15,276
2026-08-06 11:39:56,661.5,661.7,661.5,661.5,1061
2026-08-06 11:40:58,661.5,661.7,661.5,661.5,455
2026-08-06 11:41:58,661.25,661.25,660.7,660.7,584
2026-08-06 11:42:55,660.8,661.15,660.8,661.15,157
2026-08-06 11:43:55,660.8,660.8,660.4,660.4,1620
2026-08-06 11:44:59,660.45,660.45,660.25,660.45,1125
2026-08-06 11:45:56,660.45,660.45,659.8,659.8,1201
2026-08-06 11:46:59,660,660,659.8,659.8,189
2026-08-06 11:47:55,660,660,660,660,163
2026-08-06 11:48:56,660,660,659.8,659.9,208
2026-08-06 11:49:57,659.6,660.6,659.6,660.6,1409
2026-08-06 11:50:58,660.6,660.8,660.6,660.6,106
2026-08-06 11:51:59,660.5,661.15,660.5,661.15,552
2026-08-06 11:52:59,661,661,661,661,623
2026-08-06 11:53:59,661,661,660.65,660.65,55
2026-08-06 11:54:58,661,661,661,661,16
2026-08-06 11:55:58,660.65,661,660.65,660.65,80
2026-08-06 11:56:55,660.65,661,660.65,660.65,68
2026-08-06 11:57:53,661,661,660.75,660.75,765
2026-08-06 11:58:59,660.75,661.1,660.55,660.7,431
2026-08-06 11:59:55,661.15,661.25,660.65,661.25,354
2026-08-06 12:00:51,661.25,661.4,661.1,661.1,336
2026-08-06 12:01:56,661.45,661.5,661.1,661.1,637
2026-08-06 12:02:54,661.5,661.5,661.1,661.1,101
2026-08-06 12:03:56,661.5,661.5,661.15,661.15,210
2026-08-06 12:04:51,661.15,661.35,660.9,661.35,589
2026-08-06 12:05:57,661,661.45,661,661.4,151
2026-08-06 12:06:56,661,661.3,661,661,767
2026-08-06 12:07:56,661.3,661.3,661,661.3,258
2026-08-06 12:08:58,661.3,661.3,661,661,51
2026-08-06 12:09:58,661,661.35,661,661,457
2026-08-06 12:10:58,660.85,661.1,660.7,661.1,75
2026-08-06 12:11:53,660.6,661,660.6,660.85,6
2026-08-06 12:12:59,660.4,660.55,660.15,660.55,469
2026-08-06 12:13:57,660.55,660.55,660.5,660.5,10
2026-08-06 12:14:58,660.5,660.5,660,660,415
2026-08-06 12:15:58,660.45,660.45,659.85,660.25,1449
2026-08-06 12:16:56,660,660,659.85,660,235
2026-08-06 12:17:58,660.15,660.15,659.65,659.65,395
2026-08-06 12:18:57,659.65,660,659.65,659.95,49
2026-08-06 12:19:58,659.5,659.6,659.5,659.6,108
2026-08-06 12:20:57,659.5,659.7,659.35,659.7,339
2026-08-06 12:21:56,659.35,659.4,659.35,659.4,25
2026-08-06 12:22:58,659.4,659.7,659.25,659.7,172
2026-08-06 12:23:57,659.25,659.7,659.25,659.35,1128
2026-08-06 12:24:56,662.1,662.5,661.75,661.75,26410
2026-08-06 12:25:59,661.85,661.85,661.2,661.5,1220
2026-08-06 12:26:59,661.55,661.55,661.15,661.2,449
2026-08-06 12:27:58,661.05,661.4,661.05,661.4,24
2026-08-06 12:28:52,661.4,661.4,661.4,661.4,1
2026-08-06 12:29:59,661.05,661.4,661.05,661.25,505
2026-08-06 12:30:55,661.15,661.4,661.15,661.4,778
2026-08-06 12:31:55,661.1,661.4,661.1,661.4,25
2026-08-06 12:32:56,661.4,661.4,661.1,661.1,2274
2026-08-06 12:33:50,661.4,661.4,661.15,661.15,15
2026-08-06 12:34:57,661.4,661.4,660.95,660.95,778
2026-08-06 12:35:55,661.4,661.4,661.05,661.15,438
2026-08-06 12:36:58,661.35,661.35,661.15,661.15,21
2026-08-06 12:37:55,661.15,661.35,661.05,661.15,48
2026-08-06 12:38:58,661.15,661.15,661.15,661.15,503
2026-08-06 12:39:52,661.05,661.05,661.05,661.05,70
2026-08-06 12:40:55,661.15,661.15,661.15,661.15,28
2026-08-06 12:41:55,661.6,661.6,661.5,661.5,101
2026-08-06 12:42:58,661.5,661.65,661.5,661.5,217
2026-08-06 12:43:55,661.75,661.8,661.75,661.8,113
2026-08-06 12:44:55,662,662,661.7,662,350
2026-08-06 12:45:59,661.7,661.9,661.7,661.7,729
2026-08-06 12:46:58,661.35,661.65,661.25,661.65,165
2026-08-06 12:47:56,661.15,661.45,661.15,661.45,486
2026-08-06 12:48:55,661.5,661.5,660.95,660.95,457
2026-08-06 12:49:55,660.95,661,660.95,661,43
2026-08-06 12:50:57,661,661,660.6,660.6,354
2026-08-06 12:51:57,660.5,660.65,660.2,660.65,674
2026-08-06 12:52:56,660.7,660.7,660.3,660.65,121
2026-08-06 12:53:55,660.3,660.75,660.3,660.6,184
2026-08-06 12:54:57,660,660.4,660,660.05,726
2026-08-06 12:55:56,660.45,660.45,660.05,660.1,159
2026-08-06 12:56:55,660.6,660.8,660.25,660.6,175
2026-08-06 12:57:51,660.25,660.45,660.1,660.45,312
2026-08-06 12:58:56,660.4,660.85,660.1,660.85,1162
2026-08-06 12:59:55,661,661,660.45,660.45,955
2026-08-06 13:00:57,660.55,660.85,660.55,660.85,198
2026-08-06 13:01:56,660.6,660.85,660.5,660.5,206
2026-08-06 13:02:54,660.85,660.85,660.5,660.85,24
2026-08-06 13:03:58,660.85,660.9,660.85,660.9,92
2026-08-06 13:04:56,660.85,661.15,660.8,660.8,181
2026-08-06 13:05:55,660.5,660.8,660.2,660.45,1032
2026-08-06 13:06:55,660.8,660.85,660.45,660.85,184
2026-08-06 13:07:56,660.55,660.55,660.4,660.55,38
2026-08-06 13:08:58,660.85,661.75,660.85,661.75,12598
2026-08-06 13:09:58,661.75,661.75,661.15,661.5,2162
2026-08-06 13:10:57,661.5,661.5,660.9,660.9,176
2026-08-06 13:11:57,661.2,661.2,660.8,660.8,215
2026-08-06 13:12:56,661.15,661.15,661.05,661.05,12
2026-08-06 13:13:56,661.05,661.05,660.7,660.7,18
2026-08-06 13:14:57,660.65,660.7,660.65,660.7,102
2026-08-06 13:15:57,660.6,660.7,660.4,660.4,146
2026-08-06 13:16:58,660.7,661,660.5,660.85,800
2026-08-06 13:17:55,661.05,661.2,661,661.15,126
2026-08-06 13:18:58,661.25,661.65,661.25,661.65,334
2026-08-06 13:19:55,661.3,661.55,661.3,661.3,72
2026-08-06 13:20:58,661.3,662.15,661.3,661.6,1372
2026-08-06 13:21:59,661.8,661.9,661.55,661.75,84
2026-08-06 13:22:56,661.15,661.3,661.15,661.3,662
2026-08-06 13:23:57,661.3,661.3,661.15,661.3,137
2026-08-06 13:24:56,661.3,661.3,661.15,661.15,130
2026-08-06 13:25:58,660.7,661,660.7,660.7,95
2026-08-06 13:26:58,661,661,660.75,661,610
2026-08-06 13:27:58,661,661,660.65,661,14
2026-08-06 13:28:59,660.65,661,660.65,661,22
2026-08-06 13:29:59,660.65,661,660.65,661,54
2026-08-06 13:30:55,661,661,661,661,120
2026-08-06 13:31:59,661,661,660.55,661,212
2026-08-06 13:32:59,660.6,660.8,660.35,660.6,182
2026-08-06 13:33:48,660.45,660.8,660.35,660.8,84
2026-08-06 13:34:54,660.6,660.6,660.35,660.6,5
2026-08-06 13:35:54,660.6,660.6,660.6,660.6,35
2026-08-06 13:36:56,660.55,660.9,660.55,660.9,84
2026-08-06 13:37:56,660.85,660.85,660.45,660.45,223
2026-08-06 13:38:54,660.75,660.75,660.45,660.45,276
2026-08-06 13:39:57,660.35,660.8,660.35,660.45,466
2026-08-06 13:40:55,660.75,660.75,660.7,660.75,103
2026-08-06 13:41:51,660.4,660.7,660.4,660.4,62
2026-08-06 13:42:55,660.4,660.85,660.4,660.8,1031
2026-08-06 13:43:56,660.55,660.55,660.35,660.35,76
2026-08-06 13:44:59,660.5,660.65,660.3,660.35,172
2026-08-06 13:45:56,660.75,660.75,660.35,660.6,94
2026-08-06 13:46:58,660.6,660.6,660.3,660.55,110
2026-08-06 13:47:58,660.65,660.65,660.1,660.25,447
2026-08-06 13:48:54,660.1,660.4,660.1,660.35,107
2026-08-06 13:49:57,660.35,660.35,660.1,660.35,23
2026-08-06 13:50:56,659.95,659.95,659.95,659.95,1798
2026-08-06 13:51:52,659.8,659.9,659.6,659.6,118
2026-08-06 13:52:55,659.9,659.9,659.6,659.9,22
2026-08-06 13:53:55,659.9,659.95,659.9,659.95,317
2026-08-06 13:54:59,659.95,659.95,659.6,659.6,100
2026-08-06 13:55:56,659.95,659.95,659.95,659.95,11
2026-08-06 13:56:49,659.95,659.95,659.6,659.6,690
2026-08-06 13:57:56,659.85,659.85,659.6,659.6,348
2026-08-06 13:58:56,659.8,659.8,659.8,659.8,85
2026-08-06 13:59:57,659.6,660.4,659.6,660.3,7651
2026-08-06 14:00:59,660.3,660.3,659.9,659.9,120
2026-08-06 14:01:59,660.3,660.3,660,660.3,70
2026-08-06 14:02:57,660.3,660.3,660.3,660.3,77
2026-08-06 14:03:56,660.3,660.3,660,660.3,98
2026-08-06 14:04:56,659.95,660.4,659.95,660.4,204
2026-08-06 14:05:55,660.35,660.35,660.15,660.15,8
2026-08-06 14:06:59,660.3,660.4,660.1,660.1,739
2026-08-06 14:07:58,660.4,660.4,660.05,660.05,315
2026-08-06 14:08:56,660.4,660.4,660.4,660.4,23
2026-08-06 14:09:58,660.1,660.4,660.05,660.4,112
2026-08-06 14:10:58,660.4,660.4,660.05,660.4,58
2026-08-06 14:11:58,660,660.4,660,660.35,756
2026-08-06 14:12:49,660.4,660.4,660.05,660.4,89
2026-08-06 14:13:51,660.4,660.4,660.4,660.4,2
2026-08-06 14:14:52,660.4,660.4,660.3,660.4,86
2026-08-06 14:15:59,660.4,660.4,660.3,660.3,238
2026-08-06 14:16:57,660.4,660.4,660.4,660.4,176
2026-08-06 14:17:55,660.4,660.4,660.25,660.25,461
2026-08-06 14:18:54,660.25,660.25,660.05,660.25,41
2026-08-06 14:19:49,660.25,660.4,660.25,660.4,12
2026-08-06 14:20:50,660.4,660.4,660.1,660.1,148
2026-08-06 14:21:55,660.35,660.35,660.05,660.05,38
2026-08-06 14:22:59,660.35,660.35,660.05,660.35,16
2026-08-06 14:23:55,660.35,660.35,660.05,660.35,5
2026-08-06 14:24:55,660.35,660.55,660.35,660.5,1121
2026-08-06 14:25:54,660.55,661,660.55,660.75,1069
2026-08-06 14:26:59,660.75,660.75,660.4,660.75,140
2026-08-06 14:27:58,660.8,660.8,660.35,660.75,202
2026-08-06 14:28:52,660.35,660.75,660.2,660.75,91
2026-08-06 14:29:59,660.35,660.7,660.35,660.7,432
2026-08-06 14:30:55,660.7,660.7,660.3,660.7,38
2026-08-06 14:31:56,660.25,660.5,660.25,660.35,750
2026-08-06 14:32:57,660.35,660.4,660,660.4,174
2026-08-06 14:33:57,660.4,660.4,660,660.35,122
2026-08-06 14:34:58,660.35,660.35,660,660.3,5
2026-08-06 14:35:58,660.05,660.4,660.05,660.05,204
2026-08-06 14:36:55,660.05,660.3,660.05,660.3,6
2026-08-06 14:37:56,660.15,660.3,660.15,660.3,18
2026-08-06 14:38:58,660.05,660.8,660,660.8,1169
2026-08-06 14:39:59,660.6,660.9,660.5,660.6,478
2026-08-06 14:40:55,661,661,660.5,660.5,434
2026-08-06 14:41:57,660.85,660.85,660.3,660.3,307
2026-08-06 14:42:55,660.7,660.9,660.25,660.45,346
2026-08-06 14:43:58,660.85,660.9,660.5,660.5,198
2026-08-06 14:44:54,660.9,660.9,660.6,660.9,76
2026-08-06 14:45:58,660.6,660.95,660.45,660.75,4813
2026-08-06 14:46:55,660.65,660.9,660.45,660.5,1026
2026-08-06 14:47:59,660.75,660.75,660.45,660.75,1675
2026-08-06 14:48:56,660.45,660.75,660.45,660.75,67
2026-08-06 14:49:48,660.5,660.85,660.5,660.55,1266
2026-08-06 14:50:58,660.55,660.8,660.55,660.8,1400
2026-08-06 14:51:58,660.6,660.8,660.6,660.8,617
2026-08-06 14:52:58,660.7,660.75,660.5,660.7,245
2026-08-06 14:53:57,660.5,660.5,660.05,660.45,1847
2026-08-06 14:54:54,660.4,660.4,660.2,660.2,290
2026-08-06 14:55:56,660.1,660.35,660.05,660.15,1466
2026-08-06 14:56:59,660.65,660.65,660.3,660.45,2237
2026-08-06 14:57:56,660.4,660.75,660.4,660.7,597
2026-08-06 14:58:56,660.7,660.9,660.35,660.9,2257
2026-08-06 14:59:58,660.85,660.9,660.65,660.85,1479
2026-08-06 15:00:53,660.85,660.85,660.1,660.5,3179
2026-08-06 15:01:57,660.65,660.65,660.5,660.5,632
2026-08-06 15:02:56,660.6,660.65,660.25,660.55,695
2026-08-06 15:03:56,660.55,660.55,660.3,660.3,1141
2026-08-06 15:04:57,660.3,660.65,660.3,660.65,1056
2026-08-06 15:05:52,660.35,660.7,660.35,660.7,1256
2026-08-06 15:06:54,660.75,660.75,660.6,660.65,1445
2026-08-06 15:07:54,660.6,660.6,660.3,660.35,2240
2026-08-06 15:08:55,660.35,660.55,660.35,660.55,755
2026-08-06 15:09:56,660.5,660.55,660.45,660.55,384
2026-08-06 15:10:56,660.35,660.35,660.1,660.3,1731
2026-08-06 15:11:56,660.3,660.4,660.1,660.1,3859
2026-08-06 15:12:59,660.05,660.8,660,660.8,8672
2026-08-06 15:13:59,660.8,660.8,660.25,660.25,1295
2026-08-06 15:14:57,660.25,660.25,660,660.25,1673
2026-08-06 15:15:59,660,660.05,659.7,660,2425
2026-08-06 15:16:57,659.9,660,659.9,660,192
2026-08-06 15:17:55,660,660,659.75,659.9,358
2026-08-06 15:18:59,659.9,660,659.75,659.95,947
2026-08-06 15:19:57,659.7,659.85,659.05,659.05,2999
2026-08-06 15:20:58,659.45,659.45,659.2,659.45,1522
2026-08-06 15:21:59,659.55,659.8,659.55,659.7,3218
2026-08-06 15:22:54,659.7,659.95,659.35,659.55,1925
2026-08-06 15:23:55,659.4,659.65,659.35,659.65,660
2026-08-06 15:24:59,659.65,660.3,659.2,660.3,4428
2026-08-06 15:25:56,659.95,660.9,659.95,660.8,4328
2026-08-06 15:26:54,660,660.55,660,660.55,1165
2026-08-06 15:27:55,660.15,661.45,660.15,661.2,2508
2026-08-06 15:28:54,660.8,662,660.7,661.7,5033
2026-08-06 15:29:54,660.7,662,660.1,660.7,2504
2026-08-07 09:08:07,656.05,656.05,656.05,656.05,2541
2026-08-07 09:15:58,658,659.25,656.6,658.4,7950
2026-08-07 09:16:52,658.85,662.8,658.4,662.8,9445
2026-08-07 09:17:54,663,663.6,659.35,659.35,7542
2026-08-07 09:18:53,659,660.2,659,659.95,2979
2026-08-07 09:19:52,660,660,658.5,658.55,4317
2026-08-07 09:20:59,658.8,659.3,658.7,659.3,1245
2026-08-07 09:21:56,659.05,659.6,658.75,659.45,1233
2026-08-07 09:22:52,659.1,659.25,659,659,1471
2026-08-07 09:23:57,659.3,659.4,659,659.25,3333
2026-08-07 09:24:54,659.15,659.4,658.7,659.3,2011
2026-08-07 09:25:56,659,659,658.4,658.4,2157
2026-08-07 09:26:57,658.4,658.9,658.4,658.4,1750
2026-08-07 09:27:59,658.1,658.45,657.4,658.4,3850
2026-08-07 09:28:59,658.35,658.35,657.5,657.85,2736
2026-08-07 09:29:58,657.5,657.7,657.5,657.55,1761
2026-08-07 09:30:59,657.65,658.6,657.65,658.5,3282
2026-08-07 09:31:58,658.45,658.5,658.1,658.1,546
2026-08-07 09:32:56,658.4,659.3,658.3,659.2,1526
2026-08-07 09:33:55,658.7,658.7,658,658.05,2586
2026-08-07 09:34:54,658.2,658.65,658,658.65,1021
2026-08-07 09:35:53,658.6,658.65,658.1,658.6,222
2026-08-07 09:36:53,658.3,659.05,658.3,658.5,593
2026-08-07 09:37:54,658.9,658.95,658.65,658.95,1374
2026-08-07 09:38:59,659,659,659,659,1350
2026-08-07 09:39:57,658.9,659.05,658.9,659,225
2026-08-07 09:40:54,658.6,658.65,658.55,658.6,400
2026-08-07 09:41:57,658.6,658.95,658.2,658.75,926
2026-08-07 09:42:53,658.75,659.1,658.65,659.1,1470
2026-08-07 09:43:56,659.45,659.45,659,659.25,771
2026-08-07 09:44:59,659,659.25,659,659,143
2026-08-07 09:45:56,659,659.85,659,659.85,1362
2026-08-07 09:46:59,659.85,660.4,659.3,659.55,8530
2026-08-07 09:47:54,659.7,659.75,659.55,659.75,39
2026-08-07 09:48:55,659.55,659.9,659.55,659.9,717
2026-08-07 09:49:55,659.75,660,659.3,659.3,1025
2026-08-07 09:50:55,659.3,659.75,659.3,659.75,589
2026-08-07 09:51:55,659.75,660.9,659.6,660.9,4579
2026-08-07 09:52:54,660.45,661.4,660.45,661.4,10179
2026-08-07 09:53:59,661.5,662.2,661.45,661.65,4053
2026-08-07 09:54:58,661.65,661.9,661.4,661.9,1393
2026-08-07 09:55:57,662.05,662.05,661.75,662.05,2295
2026-08-07 09:56:55,662.2,662.2,661,661.2,5624
2026-08-07 09:57:59,661.55,661.8,661.45,661.5,344
2026-08-07 09:58:56,661.45,661.45,660.8,661.1,2493
2026-08-07 09:59:59,661.5,661.7,661.05,661.2,1191
2026-08-07 10:00:55,661.2,661.5,661.2,661.5,135
2026-08-07 10:01:58,661.65,661.65,661.2,661.2,276
2026-08-07 10:02:48,661.2,661.55,661.2,661.55,696
2026-08-07 10:03:55,661.5,661.5,661.1,661.45,59
2026-08-07 10:04:56,661.45,661.7,661.25,661.3,808
2026-08-07 10:05:59,661.5,661.5,661.35,661.35,548
2026-08-07 10:06:55,661.65,661.7,661.35,661.65,213
2026-08-07 10:07:55,661.8,661.85,661.5,661.85,69
2026-08-07 10:08:56,661.85,661.85,661.1,661.1,916
2026-08-07 10:09:55,661.6,661.6,661.1,661.55,472
2026-08-07 10:10:55,660.5,661.05,660.5,661.05,1718
2026-08-07 10:11:59,660.5,660.9,660.5,660.5,1441
2026-08-07 10:12:59,660.55,660.65,660.25,660.55,1508
2026-08-07 10:13:54,660.55,660.55,660.25,660.55,289
2026-08-07 10:14:55,660.25,660.25,660.15,660.25,172
2026-08-07 10:15:57,660.2,660.2,660.2,660.2,352
2026-08-07 10:16:56,660.1,660.2,660.1,660.1,249
2026-08-07 10:17:59,660,660,660,660,1337
2026-08-07 10:18:59,659.8,659.8,659.15,659.45,1648
2026-08-07 10:19:54,659.45,659.7,659.45,659.45,133
2026-08-07 10:20:58,659.7,659.7,659.5,659.65,670
2026-08-07 10:21:57,659.6,660.2,659.6,660.2,650
2026-08-07 10:22:55,659.85,660.15,659.7,659.7,113
2026-08-07 10:23:58,660.1,660.1,660.05,660.05,19
2026-08-07 10:24:56,659.7,660.25,659.7,660.25,573
2026-08-07 10:25:54,660,660.25,660,660.25,249
2026-08-07 10:26:58,660,660.25,660,660.25,47
2026-08-07 10:27:59,660.25,660.25,660,660,1483
2026-08-07 10:28:57,660,660.25,660,660,52
2026-08-07 10:29:53,660.4,660.4,660.3,660.35,3235
2026-08-07 10:30:56,661.05,661.35,660.7,661.1,2690
2026-08-07 10:31:58,660.55,662,660.55,661.4,2818
2026-08-07 10:32:54,661.3,661.3,660.8,661,391
2026-08-07 10:33:56,661,661,660.7,660.7,1220
2026-08-07 10:34:57,660.7,660.8,660.7,660.8,272
2026-08-07 10:35:56,661,661.35,661,661.35,178
2026-08-07 10:36:54,661.35,661.35,661,661,437
2026-08-07 10:37:58,661,661,660.7,660.8,14
2026-08-07 10:38:54,660.8,661,660.7,661,88
2026-08-07 10:39:55,660.8,661,660.8,661,235
2026-08-07 10:40:51,661,661.3,661,661,96
2026-08-07 10:41:55,660.8,660.85,660.35,660.85,326
2026-08-07 10:42:59,661,662,661,662,1297
2026-08-07 10:43:58,662,663.1,662,662.25,4501
2026-08-07 10:44:57,662.15,662.15,661,661,8175
2026-08-07 10:45:55,661.55,661.95,661.2,661.2,1295
2026-08-07 10:46:57,661.2,661.55,661.2,661.55,12
2026-08-07 10:47:56,661.2,661.7,661.2,661.7,137
2026-08-07 10:48:55,661.85,663.05,661.85,663.05,2994
2026-08-07 10:49:58,663.05,663.4,662.85,662.95,395
2026-08-07 10:50:58,663,663,662.65,662.9,1732
2026-08-07 10:51:57,662.9,662.9,662.65,662.65,261
2026-08-07 10:52:55,662.9,662.9,662.7,662.9,215
2026-08-07 10:53:59,662.9,663.15,662.45,662.7,4131
2026-08-07 10:54:58,662.7,663,662.45,662.45,1117
2026-08-07 10:55:58,662.2,662.2,661.6,661.95,364
2026-08-07 10:56:56,661.7,662.2,661.7,662,92
2026-08-07 10:57:55,662.15,662.2,661.8,662.2,640
2026-08-07 10:58:56,661.8,662,661.6,662,308
2026-08-07 10:59:56,662,662.4,661.65,661.75,5297
2026-08-07 11:00:57,661.85,661.85,661.65,661.65,354
2026-08-07 11:01:57,661.95,662,661.65,662,754
2026-08-07 11:02:51,661.95,661.95,661.4,661.75,202
2026-08-07 11:03:56,661.4,661.65,661.2,661.2,3901
2026-08-07 11:04:56,661,661.25,660.85,661.2,713
2026-08-07 11:05:56,660.85,661.25,660.85,661.1,150
2026-08-07 11:06:59,661.6,661.75,661.2,661.7,766
2026-08-07 11:07:57,661.65,661.65,661.3,661.3,188
2026-08-07 11:08:56,661,661.5,661,661.5,1064
2026-08-07 11:09:53,661.15,661.55,661,661.55,2458
2026-08-07 11:10:56,661.2,661.65,661.15,661.65,540
2026-08-07 11:11:58,661.05,661.45,661,661,383
2026-08-07 11:12:58,661.05,661.5,661.05,661.45,177
2026-08-07 11:13:57,661.15,661.5,660.9,661,244
2026-08-07 11:14:56,661,661,660.9,661,131
2026-08-07 11:15:59,661,661.35,661,661.35,83
2026-08-07 11:16:58,661.1,661.1,661.05,661.05,7
2026-08-07 11:17:55,661,661.35,661,661.35,674
2026-08-07 11:18:56,661.4,661.4,661.4,661.4,253
2026-08-07 11:19:55,661.45,661.45,661.05,661.45,84
2026-08-07 11:20:56,661.05,661.45,661,661,1125
2026-08-07 11:21:56,661.35,661.45,661,661.05,77
2026-08-07 11:22:56,661.45,661.45,661,661,200
2026-08-07 11:23:51,661.35,662.2,661.35,662.2,3939
2026-08-07 11:24:55,662,662.2,662,662,118
2026-08-07 11:25:57,662,662.8,662,662.4,475
2026-08-07 11:26:59,662.4,662.4,662.2,662.35,382
2026-08-07 11:27:59,662.1,662.5,662.1,662.5,171
2026-08-07 11:28:59,662.15,662.9,662.15,662.9,410
2026-08-07 11:29:56,662.95,663,662.25,662.25,942
2026-08-07 11:30:55,662.35,662.35,662,662,103
2026-08-07 11:31:50,662.35,662.35,661.7,662.2,212
2026-08-07 11:32:55,662,662.2,662,662.2,39
2026-08-07 11:33:57,662.2,662.2,662,662.15,73
2026-08-07 11:34:59,662,662.15,661.7,662.15,251
2026-08-07 11:35:59,662.1,662.15,661.6,662.15,170
2026-08-07 11:36:58,662,662.1,661.6,661.6,384
2026-08-07 11:37:57,661.9,661.95,661.9,661.95,33
2026-08-07 11:38:56,661.95,662.15,661.55,662.15,692
2026-08-07 11:39:57,662.2,662.6,662.2,662.6,128
2026-08-07 11:40:56,662.5,662.5,661.7,661.7,534
2026-08-07 11:41:58,662,662,661.65,661.65,395
2026-08-07 11:42:56,661.65,662,661.65,662,22
2026-08-07 11:43:21,661.55,661.55,661.55,661.55,219
2026-08-07 11:44:56,662,662,661.55,661.55,161
2026-08-07 11:45:55,661.95,661.95,661.55,661.55,303
2026-08-07 11:46:56,661.9,661.9,661.55,661.55,241
2026-08-07 11:47:55,661.5,661.5,661.5,661.5,48
2026-08-07 11:48:54,660.9,660.9,660.9,660.9,360
2026-08-07 11:49:56,660.9,661.25,660.9,660.95,159
2026-08-07 11:50:59,660.9,660.9,660.9,660.9,61
2026-08-07 11:51:52,660.9,660.9,660.1,660.1,2187
2026-08-07 11:52:57,660.55,660.6,660.15,660.6,313
2026-08-07 11:53:56,660.5,660.5,660.5,660.5,20
2026-08-07 11:54:56,660.5,660.55,660.1,660.1,3264
2026-08-07 11:55:56,660.35,660.35,660.05,660.05,1072
2026-08-07 11:56:55,660.1,660.35,660.05,660.05,572
2026-08-07 11:57:59,660.05,660.35,660,660.35,1170
2026-08-07 11:58:59,660.35,660.35,660,660,59
2026-08-07 11:59:57,660,660,660,660,625
2026-08-07 12:00:59,660,660,660,660,562
2026-08-07 12:01:59,660.35,660.35,660,660,114
2026-08-07 12:02:55,660.15,660.15,660,660,105
2026-08-07 12:03:51,660.05,660.05,659.4,659.4,6886
2026-08-07 12:04:57,659.85,659.85,659.45,659.45,1619
2026-08-07 12:05:56,659.5,659.85,659.45,659.75,96
2026-08-07 12:06:50,660.15,660.35,660,660,1570
2026-08-07 12:07:50,660,660.3,660,660.3,165
2026-08-07 12:08:56,660.3,660.3,660,660.3,159
2026-08-07 12:09:55,660.3,660.3,660,660,68
2026-08-07 12:10:51,660,660.3,660,660.3,417
2026-08-07 12:11:57,660.65,660.95,660.65,660.95,1560
2026-08-07 12:12:59,660.55,660.9,660.5,660.85,957
2026-08-07 12:13:55,660.9,660.9,660.55,660.9,81
2026-08-07 12:14:53,660.9,660.9,660.55,660.55,90
2026-08-07 12:15:59,660.5,660.5,660.35,660.35,1596
2026-08-07 12:16:57,660,660.35,660,660,111
2026-08-07 12:17:55,660.35,660.35,660,660.35,9
2026-08-07 12:18:55,660.4,660.4,660.4,660.4,20
2026-08-07 12:19:53,660.05,660.4,660,660.4,107
2026-08-07 12:20:56,660,660,660,660,270
2026-08-07 12:21:56,660.05,660.15,660.05,660.05,107
2026-08-07 12:22:59,660,660,660,660,215
2026-08-07 12:23:57,660.05,660.45,660.05,660.05,65
2026-08-07 12:24:59,660.15,660.55,660,660,543
2026-08-07 12:25:37,660.35,660.35,660.35,660.35,10
2026-08-07 12:26:51,660.35,660.55,660.2,660.4,315
2026-08-07 12:27:58,660.4,660.4,660.4,660.4,3
2026-08-07 12:28:55,660.4,660.4,660.4,660.4,85
2026-08-07 12:29:57,660.5,660.5,660.4,660.4,196
2026-08-07 12:30:57,660.4,660.55,660.4,660.4,69
2026-08-07 12:31:58,660.35,660.35,660.35,660.35,366
2026-08-07 12:32:56,660.2,660.4,660.1,660.4,500
2026-08-07 12:33:38,660.3,660.3,660.3,660.3,2
2026-08-07 12:34:58,660.55,660.55,660.3,660.55,207
2026-08-07 12:35:56,660.25,660.35,660.25,660.35,382
2026-08-07 12:36:52,660.7,660.7,660.35,660.35,17
2026-08-07 12:37:53,660.35,660.35,660.2,660.2,164
2026-08-07 12:38:58,660.2,660.6,660.2,660.55,357
2026-08-07 12:39:54,660.55,660.55,660.55,660.55,3
2026-08-07 12:40:53,660.5,660.55,660.2,660.55,70
2026-08-07 12:41:58,660.15,660.75,660.15,660.35,153
2026-08-07 12:42:57,660.4,660.7,660.25,660.25,373
2026-08-07 12:43:57,660.25,660.75,660.25,660.6,212
2026-08-07 12:44:57,660.6,660.7,660.6,660.7,126
2026-08-07 12:45:52,660.7,660.7,660.2,660.2,467
2026-08-07 12:46:53,660.65,660.7,660.25,660.25,147
2026-08-07 12:47:53,660.7,660.7,660.7,660.7,10
2026-08-07 12:48:54,660.7,660.7,660.7,660.7,108
2026-08-07 12:49:55,660.1,660.1,660.1,660.1,500
2026-08-07 12:50:57,660.3,660.65,660.1,660.6,999
2026-08-07 12:51:57,660.2,660.75,660.2,660.7,1870
2026-08-07 12:52:59,660.6,660.6,660.6,660.6,2
2026-08-07 12:53:57,660.7,660.85,660.7,660.85,30
2026-08-07 12:54:56,660.35,660.8,660.3,660.45,670
2026-08-07 12:55:59,660.45,660.45,660.3,660.3,32
2026-08-07 12:56:56,660.2,660.2,660.2,660.2,50
2026-08-07 12:57:58,660.25,660.45,660.1,660.1,594
2026-08-07 12:58:55,660.05,660.1,660.05,660.1,420
2026-08-07 12:59:51,660.1,660.1,660.1,660.1,150
2026-08-07 13:00:56,660.45,660.45,660.1,660.1,36
2026-08-07 13:01:56,660.45,660.45,660.25,660.25,153
2026-08-07 13:02:57,660,660.4,660,660.4,675
2026-08-07 13:03:57,660.45,660.45,660,660,105
2026-08-07 13:04:58,660.1,660.1,660.1,660.1,67
2026-08-07 13:05:52,660.4,660.4,660.1,660.1,91
2026-08-07 13:06:59,660.1,660.4,660.1,660.4,21
2026-08-07 13:07:57,660.45,660.45,660,660,1256
2026-08-07 13:08:55,660.1,660.45,660.05,660.05,135
2026-08-07 13:09:57,660.1,660.1,660.05,660.05,110
2026-08-07 13:10:51,660.35,660.35,660.05,660.35,32
2026-08-07 13:11:59,660,660.35,660,660.35,259
2026-08-07 13:12:59,660.4,660.4,660,660.4,1847
2026-08-07 13:13:54,660.35,660.35,660,660.35,41
2026-08-07 13:14:52,660.4,660.4,660,660.3,75
2026-08-07 13:15:57,660.4,660.4,660.35,660.35,635
2026-08-07 13:16:58,660.35,660.35,660,660,242
2026-08-07 13:17:56,660.35,660.35,660.35,660.35,121
2026-08-07 13:18:58,660.35,660.35,660.35,660.35,1
2026-08-07 13:19:56,660.05,660.35,660.05,660.35,80
2026-08-07 13:20:55,660,660,660,660,47
2026-08-07 13:21:44,660.05,660.05,660.05,660.05,29
2026-08-07 13:22:56,660.65,660.65,660.15,660.6,738
2026-08-07 13:23:55,660.85,660.85,660.85,660.85,28
2026-08-07 13:24:57,660.85,660.85,660.35,660.85,476
2026-08-07 13:25:55,660.5,660.8,660.5,660.8,383
2026-08-07 13:26:58,660.5,660.8,660.5,660.8,9
2026-08-07 13:27:56,660.5,660.8,660.5,660.5,140
2026-08-07 13:28:58,660.75,660.75,660.75,660.75,35
2026-08-07 13:29:56,660.75,660.75,660.5,660.5,206
2026-08-07 13:30:59,660.5,660.7,660.5,660.5,95
2026-08-07 13:31:58,660.5,660.55,660.5,660.55,85
2026-08-07 13:32:53,660.55,660.55,660.2,660.2,1204
2026-08-07 13:33:57,660,660.25,660,660.25,435
2026-08-07 13:34:53,660,660.1,660,660,19
2026-08-07 13:35:55,660,660.35,660,660.35,504
2026-08-07 13:36:56,660,660.35,660,660.05,107
2026-08-07 13:37:55,660.35,660.35,660.35,660.35,25
2026-08-07 13:38:56,660.05,660.05,658.35,658.4,16318
2026-08-07 13:39:57,658.4,659.7,658.35,659.55,2786
2026-08-07 13:40:52,660.2,660.2,659.4,659.4,664
2026-08-07 13:41:57,659.5,659.5,659.2,659.2,739
2026-08-07 13:42:55,659.2,659.2,659.2,659.2,118
2026-08-07 13:43:59,659.2,659.2,659,659,255
2026-08-07 13:44:54,659,659,659,659,134
2026-08-07 13:45:56,659,659.4,659,659,345
2026-08-07 13:46:54,659,659.35,659,659.3,121
2026-08-07 13:47:56,659,659.45,659,659.35,133
2026-08-07 13:48:58,659,659.35,659,659.3,95
2026-08-07 13:49:58,659.1,659.15,659,659.1,242
2026-08-07 13:50:59,659,659,659,659,924
2026-08-07 13:51:57,659.25,659.3,658.8,658.8,883
2026-08-07 13:52:57,658.8,659,658.8,658.8,1154
2026-08-07 13:53:57,658.8,659,658.8,659,23
2026-08-07 13:54:57,659,659,658.95,658.95,62
2026-08-07 13:55:57,658.8,659,658.75,658.75,838
2026-08-07 13:56:56,658.2,658.2,658,658,1504
2026-08-07 13:57:54,658,658.6,657.95,658.3,3045
2026-08-07 13:58:55,657.95,658.3,657.95,657.95,1736
2026-08-07 13:59:59,658.25,658.25,658.25,658.25,604
2026-08-07 14:00:49,658.4,658.45,658.25,658.45,59
2026-08-07 14:01:58,658.45,658.55,658,658,1401
2026-08-07 14:02:58,658.05,658.35,658.05,658.35,361
2026-08-07 14:03:59,658,658.35,658,658,137
2026-08-07 14:04:55,658,658.35,658,658.35,77
2026-08-07 14:05:58,658,658.75,658,658.75,1370
2026-08-07 14:06:58,658.55,658.55,658,658.05,75
2026-08-07 14:07:56,657.95,657.95,657.55,657.95,2334
2026-08-07 14:08:57,658,658,657.7,657.7,392
2026-08-07 14:09:52,657.4,658.75,657.4,658.15,6719
2026-08-07 14:10:56,658.15,658.15,658.15,658.15,612
2026-08-07 14:11:50,658.2,658.2,658,658,296
2026-08-07 14:12:55,658,658.2,658,658,1338
2026-08-07 14:13:54,658,658,657.75,657.75,179
2026-08-07 14:14:56,658,658,657.7,657.85,6621
2026-08-07 14:15:59,657.85,657.9,657.6,657.9,49
2026-08-07 14:16:59,657.9,657.9,657.6,657.6,180
2026-08-07 14:17:55,657.6,657.75,657.6,657.6,4863
2026-08-07 14:18:52,657.5,657.6,657.5,657.5,142
2026-08-07 14:19:54,657.5,657.75,657.5,657.55,20
2026-08-07 14:20:55,657.5,657.75,657.5,657.55,185
2026-08-07 14:21:55,657.55,657.55,657.55,657.55,119
2026-08-07 14:22:55,657.55,657.55,657.55,657.55,301
2026-08-07 14:23:55,657.75,657.75,657.5,657.55,932
2026-08-07 14:24:56,657.55,657.75,657.55,657.55,106
2026-08-07 14:25:56,657.55,658,657.55,658,269
2026-08-07 14:26:57,658,658.2,657.7,658.05,830
2026-08-07 14:27:55,658.4,658.4,658.05,658.4,107
2026-08-07 14:28:55,658.4,658.4,658.2,658.2,1367
2026-08-07 14:29:59,658.4,658.4,658.35,658.4,508
2026-08-07 14:30:56,658.4,658.4,658.2,658.4,156
2026-08-07 14:31:58,658.25,658.25,658.2,658.2,222
2026-08-07 14:32:59,658.4,658.4,658.2,658.4,191
2026-08-07 14:33:59,658.2,658.4,658,658,1103
2026-08-07 14:34:59,658.2,658.4,658.2,658.4,456
2026-08-07 14:35:54,658.4,658.4,657.9,658.3,188
2026-08-07 14:36:59,658.35,658.35,658,658.35,1179
2026-08-07 14:37:58,658.35,658.35,658.05,658.05,148
2026-08-07 14:38:59,658.05,658.35,658.05,658.35,130
2026-08-07 14:39:49,658.3,658.4,658.3,658.35,254
2026-08-07 14:40:57,658.35,658.35,658.05,658.05,331
2026-08-07 14:41:55,658,658,657.9,657.9,660
2026-08-07 14:42:58,657.9,658.4,657.55,658.4,3318
2026-08-07 14:43:39,658,658.35,658,658.35,581
2026-08-07 14:44:54,658.3,658.3,658.3,658.3,100
2026-08-07 14:45:59,658.3,658.3,657.85,657.85,362
2026-08-07 14:46:57,658.2,658.75,658.2,658.75,1918
2026-08-07 14:47:54,658.75,658.8,658.75,658.8,344
2026-08-07 14:48:57,658.9,659,658.7,659,911
2026-08-07 14:49:56,659,659,659,659,256
2026-08-07 14:50:55,658.65,659,658.6,658.6,238
2026-08-07 14:51:54,658.6,658.8,658.3,658.3,577
2026-08-07 14:52:54,658.7,658.85,658.35,658.8,572
2026-08-07 14:53:59,658.8,658.85,658.3,658.85,856
2026-08-07 14:54:58,658.45,658.75,658.35,658.5,1761
2026-08-07 14:55:54,657.8,658.15,657.8,658,2096
2026-08-07 14:56:54,657.95,658,657.6,657.6,1794
2026-08-07 14:57:54,657.6,657.9,657.55,657.9,1259
2026-08-07 14:58:54,658.05,658.4,657.7,658.4,999
2026-08-07 14:59:56,658.45,658.45,657.85,657.85,1008
2026-08-07 15:00:57,658.5,658.5,657.75,658,1543
2026-08-07 15:01:58,657.7,657.9,657.45,657.65,2427
2026-08-07 15:02:56,657.85,658.35,657.75,658,2902
2026-08-07 15:03:53,658.15,658.5,657.95,658.5,2385
2026-08-07 15:04:57,658.15,658.5,658.05,658.05,1675
2026-08-07 15:05:53,658.3,658.3,657.65,658,1634
2026-08-07 15:06:57,657.8,658,657.05,657.05,2040
2026-08-07 15:07:54,657.55,657.75,657.1,657.75,2602
2026-08-07 15:08:56,657.95,658.5,657.95,658.3,16079
2026-08-07 15:09:58,658.3,658.5,658.1,658.5,2468
2026-08-07 15:10:54,658.4,658.5,658.4,658.5,1548
2026-08-07 15:11:58,658.45,658.5,658.45,658.5,4505
2026-08-07 15:12:57,658.5,658.5,658,658,1903
2026-08-07 15:13:59,658.2,658.2,657.85,657.85,2104
2026-08-07 15:14:54,657.85,657.9,657.3,657.3,4018
2026-08-07 15:15:57,657.3,657.3,656.6,656.75,4050
2026-08-07 15:16:57,656.75,656.75,656.6,656.65,915
2026-08-07 15:17:58,656.7,656.8,656.55,656.8,2154
2026-08-07 15:18:58,656.5,657,656.5,657,903
2026-08-07 15:19:56,657,657,656.6,656.6,1551
2026-08-07 15:20:57,656.85,656.9,656.7,656.9,2534
2026-08-07 15:21:55,656.9,657,656.85,657,1781
2026-08-07 15:22:57,657,657,656.8,656.8,2187
2026-08-07 15:23:58,657,657,656.9,656.9,1030
2026-08-07 15:24:54,656.9,656.95,656.8,656.8,2600
2026-08-07 15:25:54,656.8,656.8,656,656.55,6006
2026-08-07 15:26:58,656.4,656.6,656.35,656.6,1673
2026-08-07 15:27:58,656.6,657.45,656.6,657.45,4934
2026-08-07 15:28:58,657.4,657.4,657,657.4,1360
2026-08-07 15:29:55,657.4,657.5,656,657.4,3345
2026-08-07 15:30:00,655.55,655.55,655.55,655.55,210
2026-08-10 09:08:09,656.9,656.9,656.9,656.9,3565
2026-08-10 09:15:59,656.5,657,652,654.25,7834
2026-08-10 09:16:50,654.4,655.7,654.35,655.7,4807
2026-08-10 09:17:55,655.7,655.7,654.5,654.7,14985
2026-08-10 09:18:55,654,655.5,654,655.5,8236
2026-08-10 09:19:55,655.8,655.8,653.55,653.55,3418
2026-08-10 09:20:55,653.75,655.05,653.75,655,5768
2026-08-10 09:21:53,654.75,655.3,654.75,655.3,1066
2026-08-10 09:22:59,655.5,655.5,654.8,655,1342
2026-08-10 09:23:57,655,655.25,654.8,655.2,3084
2026-08-10 09:24:54,655.5,656,655.5,656,4108
2026-08-10 09:25:58,656,656,655.6,655.6,2351
2026-08-10 09:26:52,655.55,655.55,655.1,655.4,451
2026-08-10 09:27:56,655.1,655.2,654.55,654.55,4054
2026-08-10 09:28:58,654.95,654.95,654.4,654.8,1002
2026-08-10 09:29:53,654.5,654.8,654.5,654.8,1606
2026-08-10 09:30:56,654.7,655,654.5,654.85,365
2026-08-10 09:31:59,654.4,654.45,653.75,653.75,2529
2026-08-10 09:32:52,653.75,654.1,653.75,653.9,1946
2026-08-10 09:33:53,654,654,653.5,653.55,737
2026-08-10 09:34:54,653.95,653.95,653.55,653.55,982
2026-08-10 09:35:54,653.6,653.6,653.1,653.55,3711
2026-08-10 09:36:54,653.45,654.3,653.25,654,2344
2026-08-10 09:37:54,653.45,653.95,653.45,653.95,957
2026-08-10 09:38:53,653.9,653.9,653.4,653.85,498
2026-08-10 09:39:53,653.45,653.85,653.45,653.85,3447
2026-08-10 09:40:59,653.8,653.85,653.55,653.85,302
2026-08-10 09:41:59,653.1,653.55,653,653.55,1581
2026-08-10 09:42:57,654,654,653.55,653.55,2714
2026-08-10 09:43:54,653.65,653.65,653.25,653.6,278
2026-08-10 09:44:59,653.9,653.95,653.3,653.3,1609
2026-08-10 09:45:57,653.9,653.95,653.5,653.95,3407
2026-08-10 09:46:53,653.8,654,653.45,653.55,957
2026-08-10 09:47:56,653.6,653.95,653.45,653.45,1451
2026-08-10 09:48:54,653.9,653.95,653.4,653.85,637
2026-08-10 09:49:57,653.85,653.85,653.5,653.85,872
2026-08-10 09:50:54,653.85,653.85,653.5,653.5,126
2026-08-10 09:51:57,654.3,654.35,654,654.15,2511
2026-08-10 09:52:58,654.05,654.15,654,654,688
2026-08-10 09:53:59,654.15,654.15,653.7,653.8,583
2026-08-10 09:54:54,653.8,653.8,653.8,653.8,193
2026-08-10 09:55:54,653.95,653.95,653.5,653.6,338
2026-08-10 09:56:55,653.85,653.95,653.6,653.95,207
2026-08-10 09:57:54,653.7,653.85,653.55,653.55,1851
2026-08-10 09:58:55,653.85,653.85,653.55,653.55,353
2026-08-10 09:59:55,653.45,653.85,653.25,653.85,4302
2026-08-10 10:00:58,654,654.1,653.6,654,789
2026-08-10 10:01:58,653.3,653.85,653.3,653.4,911
2026-08-10 10:02:58,653.8,653.8,653.5,653.5,134
2026-08-10 10:03:58,653.5,653.5,653.25,653.25,3260
2026-08-10 10:04:54,653.4,653.5,653.25,653.5,344
2026-08-10 10:05:54,653.25,653.45,653.15,653.15,1101
2026-08-10 10:06:59,653.45,653.55,653.1,653.15,223
2026-08-10 10:07:56,653.5,653.5,653.45,653.45,294
2026-08-10 10:08:59,653.45,654.1,653.45,654.1,2935
2026-08-10 10:09:56,654.1,654.15,653.85,654.1,536
2026-08-10 10:10:59,653.9,654.25,653.75,654,1048
2026-08-10 10:11:59,654,654.3,654,654,8
2026-08-10 10:12:56,654,654.3,654,654.25,690
2026-08-10 10:13:59,654.25,654.25,654,654,76
2026-08-10 10:14:59,654,654.5,654,654.5,903
2026-08-10 10:15:56,654.5,654.5,654.2,654.25,178
2026-08-10 10:16:55,654.5,655.95,654.5,655.55,10003
2026-08-10 10:17:57,655.75,656,655.55,655.55,2556
2026-08-10 10:18:54,655.6,656,655.6,656,1553
2026-08-10 10:19:57,656,656,655.6,655.6,1424
2026-08-10 10:20:59,655.9,656,655.9,656,2541
2026-08-10 10:21:56,656,656.5,656,656.45,929
2026-08-10 10:22:53,656.3,656.3,656.1,656.1,156
2026-08-10 10:23:54,656.1,656.4,656.1,656.25,574
2026-08-10 10:24:56,655.9,657.8,655.9,657.7,6160
2026-08-10 10:25:59,657.2,657.8,657.2,657.2,439
2026-08-10 10:26:54,657.2,657.2,656.65,656.95,553
2026-08-10 10:27:55,656.75,656.85,656.35,656.7,1057
2026-08-10 10:28:54,656.75,656.75,656.35,656.5,323
2026-08-10 10:29:54,656.5,656.5,656.4,656.4,569
2026-08-10 10:30:55,656.65,656.65,656.25,656.6,759
2026-08-10 10:31:56,656.6,656.6,656.05,656.1,1435
2026-08-10 10:32:55,656.4,656.4,656.35,656.35,14
2026-08-10 10:33:55,656.4,656.4,655.9,655.9,377
2026-08-10 10:34:55,655.8,656.2,655.8,655.85,1307
2026-08-10 10:35:58,656.4,656.7,656.3,656.35,579
2026-08-10 10:36:55,656.4,656.4,656.35,656.35,1109
2026-08-10 10:37:56,656,656.35,656,656,516
2026-08-10 10:38:59,655.8,656.3,655.8,656.15,702
2026-08-10 10:39:56,656.55,656.55,656.05,656.05,303
2026-08-10 10:40:55,656.1,656.6,656.1,656.6,615
2026-08-10 10:41:58,656.25,656.25,656.1,656.1,130
2026-08-10 10:42:56,656.15,656.15,656.15,656.15,135
2026-08-10 10:43:59,656.2,656.6,656.2,656.25,249
2026-08-10 10:44:58,656.3,656.7,656.3,656.7,42
2026-08-10 10:45:56,656.35,656.9,656.35,656.55,845
2026-08-10 10:46:55,656.95,657.35,656.95,657.3,424
2026-08-10 10:47:54,656.55,656.6,656.2,656.6,1540
2026-08-10 10:48:58,656.25,656.25,656.15,656.15,1015
2026-08-10 10:49:55,656.15,658.95,656.15,658,5848
2026-08-10 10:50:56,657.95,657.95,657.55,657.9,2301
2026-08-10 10:51:57,657.85,657.85,657.3,657.35,279
2026-08-10 10:52:57,658.2,658.2,657.1,657.6,1832
2026-08-10 10:53:57,657.15,657.8,657.15,657.8,177
2026-08-10 10:54:58,657.7,657.7,657.2,657.2,541
2026-08-10 10:55:59,657.2,658,657.2,658,259
2026-08-10 10:56:59,657.95,657.95,657.65,657.65,26
2026-08-10 10:57:57,657.9,657.9,657.6,657.6,157
2026-08-10 10:58:56,657.85,657.9,657.45,657.9,589
2026-08-10 10:59:56,657.85,657.85,657.6,657.6,171
2026-08-10 11:00:52,657.85,657.9,657.85,657.9,186
2026-08-10 11:01:52,657.9,657.9,657.8,657.8,350
2026-08-10 11:02:58,657.8,657.9,657.8,657.9,37
2026-08-10 11:03:58,657.8,658.1,657.8,658.1,790
2026-08-10 11:04:57,658.15,658.15,658.05,658.05,584
2026-08-10 11:05:58,658.15,658.15,658.15,658.15,164
2026-08-10 11:06:58,658.15,658.7,658.15,658.25,2208
2026-08-10 11:07:57,658.6,658.8,658.6,658.7,461
2026-08-10 11:08:57,658.7,658.8,658.3,658.35,1011
2026-08-10 11:09:56,658.8,659,658.5,659,194
2026-08-10 11:10:57,659,659.2,658.85,658.95,481
2026-08-10 11:11:46,658.85,658.85,658.85,658.85,132
2026-08-10 11:12:56,658.85,658.85,658.5,658.85,132
2026-08-10 11:13:55,658.8,658.8,658.4,658.4,696
2026-08-10 11:14:54,658.35,658.5,658.3,658.5,246
2026-08-10 11:15:58,658.5,661.05,658.3,661,10108
2026-08-10 11:16:59,661.6,663.8,661.6,662.05,14285
2026-08-10 11:17:56,661.4,662,660.5,661,2220
2026-08-10 11:18:56,661,661,660.65,661,819
2026-08-10 11:19:56,661,661.15,660,660.4,3406
2026-08-10 11:20:59,660.35,660.55,660,660.55,988
2026-08-10 11:21:58,659.95,660,659.9,659.9,394
2026-08-10 11:22:59,659.55,659.55,659.2,659.2,1264
2026-08-10 11:23:58,659.2,659.45,659.2,659.3,48
2026-08-10 11:24:58,659.3,659.4,659,659.4,695
2026-08-10 11:25:56,659.3,659.3,659,659,673
2026-08-10 11:26:57,659.05,659.3,659,659,469
2026-08-10 11:27:57,659,659,658.35,658.35,2723
2026-08-10 11:28:55,658.7,658.7,658.7,658.7,96
2026-08-10 11:29:59,658.7,658.95,658.7,658.95,115
2026-08-10 11:30:58,658.95,658.95,658.5,658.7,1063
2026-08-10 11:31:57,658.7,658.7,658.7,658.7,465
2026-08-10 11:32:54,658.95,658.95,658.7,658.9,2257
2026-08-10 11:33:55,659.55,659.55,659.1,659.35,6395
2026-08-10 11:34:54,659.35,659.35,659.3,659.3,38
2026-08-10 11:35:59,659.15,659.3,658.75,659,788
2026-08-10 11:36:54,659,659,658.8,658.8,76
2026-08-10 11:37:59,659,659.3,658.8,659.3,521
2026-08-10 11:38:58,659.55,659.8,659.2,659.2,621
2026-08-10 11:39:56,659.25,659.8,659.25,659.8,809
2026-08-10 11:40:59,659.7,659.75,659.25,659.6,403
2026-08-10 11:41:57,659.8,659.8,659.6,659.8,103
2026-08-10 11:42:59,659.6,659.6,659.6,659.6,97
2026-08-10 11:43:58,659.6,659.6,659.25,659.25,253
2026-08-10 11:44:50,659.6,659.6,659.6,659.6,50
2026-08-10 11:45:54,659.6,659.6,659.25,659.35,18
2026-08-10 11:46:57,659.55,659.55,659.25,659.25,221
2026-08-10 11:47:58,659.55,659.95,659.2,659.95,593
2026-08-10 11:48:57,659.9,659.9,659.3,659.3,179
2026-08-10 11:49:55,659.6,659.65,659.2,659.55,124
2026-08-10 11:50:59,659.2,659.2,658.9,658.9,710
2026-08-10 11:51:55,659.35,659.5,659.35,659.5,16
2026-08-10 11:52:58,659.05,659.45,659.05,659.45,87
2026-08-10 11:53:55,659.05,659.05,658.7,658.85,1713
2026-08-10 11:54:57,658.9,659,658.9,658.9,143
2026-08-10 11:55:55,658.9,659.25,658.9,658.9,44
2026-08-10 11:56:43,658.75,658.8,658.75,658.8,107
2026-08-10 11:57:55,659.2,659.2,658.75,658.75,209
2026-08-10 11:58:55,659,659,659,659,279
2026-08-10 11:59:58,658.95,658.95,658.7,658.7,56
2026-08-10 12:00:51,658.7,659,658.7,659,219
2026-08-10 12:01:49,658.7,658.7,658.7,658.7,1
2026-08-10 12:02:56,658.95,659,658.95,659,181
2026-08-10 12:03:54,658.95,659.2,658.95,659.2,658
2026-08-10 12:04:58,659,659,658.65,658.65,33
2026-08-10 12:05:58,658.65,659.2,658.65,658.65,1018
2026-08-10 12:06:55,659.05,659.05,659,659,100
2026-08-10 12:07:56,658.95,658.95,658.7,658.7,130
2026-08-10 12:08:58,658.65,658.65,658.65,658.65,25
2026-08-10 12:09:58,658.9,658.95,658.5,658.55,525
2026-08-10 12:10:58,658.5,658.5,658.45,658.45,479
2026-08-10 12:11:54,658.2,658.7,658.1,658.7,316
2026-08-10 12:12:55,658.6,659,658.6,659,2777
2026-08-10 12:13:52,659,659,658.9,658.9,170
2026-08-10 12:14:54,659,659.2,659,659.2,397
2026-08-10 12:15:53,658.8,658.9,658.8,658.9,127
2026-08-10 12:16:57,659.15,659.15,659.15,659.15,85
2026-08-10 12:17:51,658.8,658.9,658.8,658.9,101
2026-08-10 12:18:57,658.85,659.2,658.85,659.05,1146
2026-08-10 12:19:58,659,659,658.5,658.85,278
2026-08-10 12:20:59,658.5,658.85,658.2,658.5,517
2026-08-10 12:21:58,658,658.7,658,658.7,1038
2026-08-10 12:22:54,658.55,658.55,658.55,658.55,9
2026-08-10 12:23:57,658.55,658.55,658.05,658.05,147
2026-08-10 12:24:57,658.1,658.5,658,658.05,595
2026-08-10 12:25:58,658.2,658.7,658.2,658.7,229
2026-08-10 12:26:56,658.25,658.65,658.25,658.25,866
2026-08-10 12:27:51,658.6,658.6,658.25,658.25,563
2026-08-10 12:28:56,659.1,659.15,659.1,659.15,338
2026-08-10 12:29:56,659.1,659.2,658.9,659.2,876
2026-08-10 12:30:47,659.2,659.2,659.2,659.2,28
2026-08-10 12:31:53,659.2,659.2,659,659,212
2026-08-10 12:32:56,659.1,659.2,659,659,335
2026-08-10 12:33:51,659,659.15,659,659.15,6
2026-08-10 12:34:55,659,659.1,658.8,658.8,314
2026-08-10 12:35:57,658.45,658.85,658.45,658.8,498
2026-08-10 12:36:58,658.3,658.3,658.15,658.3,122
2026-08-10 12:37:58,658.3,658.3,658.3,658.3,11
2026-08-10 12:38:55,658.35,658.35,658.3,658.3,18
2026-08-10 12:39:55,658.3,658.75,658.3,658.75,301
2026-08-10 12:40:59,658.75,658.75,658.45,658.75,55
2026-08-10 12:41:59,658.75,658.75,658.3,658.7,237
2026-08-10 12:42:56,658.7,658.7,658.3,658.7,108
2026-08-10 12:43:57,658.7,658.7,658.45,658.7,67
2026-08-10 12:44:57,658.7,658.7,658.15,658.15,274
2026-08-10 12:45:59,658.5,658.5,658.3,658.5,582
2026-08-10 12:46:55,658.3,658.55,658.05,658.55,557
2026-08-10 12:47:55,658.55,658.55,658.5,658.5,186
2026-08-10 12:48:58,658.5,658.5,658.1,658.45,142
2026-08-10 12:49:58,658.4,658.4,658,658.4,51
2026-08-10 12:50:56,658.4,658.6,658.4,658.6,138
2026-08-10 12:51:56,658.15,658.55,658.15,658.25,121
2026-08-10 12:52:56,658.6,658.65,658.25,658.65,67
2026-08-10 12:53:55,658.65,658.65,658.25,658.65,46
2026-08-10 12:54:55,658.25,658.25,658.1,658.1,91
2026-08-10 12:55:58,658.1,658.2,658.05,658.2,193
2026-08-10 12:56:56,658.05,658.25,658.05,658.25,168
2026-08-10 12:57:57,658.25,658.25,658.2,658.25,82
2026-08-10 12:58:56,658.25,658.25,658.25,658.25,56
2026-08-10 12:59:55,658.25,658.25,658.2,658.25,99
2026-08-10 13:00:59,658.25,658.25,658.1,658.1,58
2026-08-10 13:01:58,658.2,658.2,658.1,658.2,72
2026-08-10 13:02:56,658.05,658.25,657.7,657.85,3986
2026-08-10 13:03:55,657.85,658.1,657.85,658.1,46
2026-08-10 13:04:57,658.2,658.2,658.15,658.15,91
2026-08-10 13:05:56,658.15,658.15,657.8,658,136
2026-08-10 13:06:55,658,658,658,658,42
2026-08-10 13:07:57,657.8,658,657.8,658,128
2026-08-10 13:08:56,658,658.25,658,658.1,98
2026-08-10 13:09:57,658.1,658.15,658,658,107
2026-08-10 13:10:58,658.15,658.15,657.7,658.15,1081
2026-08-10 13:11:57,658.15,658.15,657.7,657.7,722
2026-08-10 13:12:58,658.1,658.1,658.05,658.1,136
2026-08-10 13:13:59,658.1,658.15,657.75,658.15,199
2026-08-10 13:14:59,658.15,658.15,657.65,658,51
2026-08-10 13:15:55,658,658,657.95,657.95,615
2026-08-10 13:16:56,657.95,658,657.9,657.9,162
2026-08-10 13:17:56,657.9,658.15,657.8,658.15,964
2026-08-10 13:18:55,658.15,658.15,657.8,658,80
2026-08-10 13:19:56,658,658,657.7,657.9,83
2026-08-10 13:20:58,657.9,657.9,657.9,657.9,45
2026-08-10 13:21:58,657.6,658.85,657.6,658.75,2295
2026-08-10 13:22:59,658.75,658.8,658.5,658.5,127
2026-08-10 13:23:58,658.8,659,658.6,659,128
2026-08-10 13:24:57,659,659,658.8,658.8,72
2026-08-10 13:25:57,658.8,658.8,658.5,658.8,124
2026-08-10 13:26:56,658.8,659,658.45,659,93
2026-08-10 13:27:56,659,659,658.95,658.95,97
2026-08-10 13:28:55,658.95,659,658.7,659,88
2026-08-10 13:29:56,659,659.2,659,659.2,905
2026-08-10 13:30:57,659.2,659.45,659,659,965
2026-08-10 13:31:56,659.4,659.75,659.05,659.55,1540
2026-08-10 13:32:55,659.55,659.65,659.25,659.65,147
2026-08-10 13:33:58,659.65,659.85,659.65,659.85,141
2026-08-10 13:34:57,659.85,659.85,659.3,659.6,887
2026-08-10 13:35:59,659.6,659.65,659.15,659.6,241
2026-08-10 13:36:57,659.7,659.7,659.25,659.65,798
2026-08-10 13:37:56,659.65,659.95,659.4,659.9,328
2026-08-10 13:38:59,659.95,659.95,659.65,659.95,354
2026-08-10 13:39:57,659.95,660.9,659.95,660.75,2681
2026-08-10 13:40:58,660.95,661,660.5,660.85,457
2026-08-10 13:41:57,660.85,660.85,660.25,660.25,831
2026-08-10 13:42:57,660.7,660.8,660.1,660.65,1126
2026-08-10 13:43:56,661.4,661.7,661,661.6,4519
2026-08-10 13:44:55,661.8,662.8,661.8,662.8,14371
2026-08-10 13:45:56,663,663.4,662.75,663.15,1904
2026-08-10 13:46:57,662.85,663.2,662.65,663.2,1317
2026-08-10 13:47:57,664,664.55,663.95,664.5,10916
2026-08-10 13:48:59,664.5,665,664.25,665,4504
2026-08-10 13:49:55,665.7,665.7,664.55,665,7223
2026-08-10 13:50:55,664.8,665,664.1,664.6,2401
2026-08-10 13:51:56,664.05,664.6,663.5,663.5,1508
2026-08-10 13:52:55,663.65,663.95,663.1,663.2,6381
2026-08-10 13:53:58,663.2,663.85,663.2,663.45,1988
2026-08-10 13:54:59,663.45,663.95,663.45,663.95,529
2026-08-10 13:55:55,664,664,663.25,663.25,1722
2026-08-10 13:56:56,663.35,663.9,663.35,663.8,2132
2026-08-10 13:57:56,663.4,663.8,663.25,663.25,1338
2026-08-10 13:58:56,663.7,663.7,663.2,663.2,462
2026-08-10 13:59:55,663.2,663.3,663,663.15,4198
2026-08-10 14:00:56,663.15,663.5,663.1,663.15,2304
2026-08-10 14:01:58,663,663.2,662.75,662.75,365
2026-08-10 14:02:59,662.6,662.7,662,662,1298
2026-08-10 14:03:56,662,662.35,661.5,661.5,2020
2026-08-10 14:04:55,661.65,661.95,661.4,661.5,1249
2026-08-10 14:05:57,661.45,661.85,661.3,661.5,317
2026-08-10 14:06:57,661.75,662.3,661.75,662.3,2870
2026-08-10 14:07:55,662.5,662.5,661.65,661.95,1094
2026-08-10 14:08:58,661.6,661.95,661.35,661.35,457
2026-08-10 14:09:56,661.45,661.45,661.45,661.45,94
2026-08-10 14:10:58,661.65,661.65,661.2,661.45,234
2026-08-10 14:11:56,661.45,661.8,661.45,661.5,181
2026-08-10 14:12:58,661.5,661.75,661.5,661.5,177
2026-08-10 14:13:55,661.5,661.75,661.5,661.75,187
2026-08-10 14:14:57,661.7,661.7,661.2,661.7,772
2026-08-10 14:15:56,661.65,661.65,661,661.15,707
2026-08-10 14:16:56,660.9,660.95,660.9,660.95,664
2026-08-10 14:17:55,660.6,660.85,660.6,660.85,155
2026-08-10 14:18:59,660.95,660.95,660.45,660.45,397
2026-08-10 14:19:58,660.9,660.9,660.2,660.3,780
2026-08-10 14:20:58,660.15,660.75,660.15,660.65,767
2026-08-10 14:21:57,660.2,660.65,660.1,660.65,385
2026-08-10 14:22:57,660.2,660.2,660.2,660.2,801
2026-08-10 14:23:57,660.75,660.75,660.05,660.05,2371
2026-08-10 14:24:59,660.45,661,660.45,660.8,3021
2026-08-10 14:25:56,660.45,660.8,660.2,660.25,260
2026-08-10 14:26:56,660.1,660.55,660,660,704
2026-08-10 14:27:55,660.05,660.5,659.95,660.5,3614
2026-08-10 14:28:56,660.55,660.7,660.1,660.7,601
2026-08-10 14:29:59,660.25,660.6,660.25,660.5,5149
2026-08-10 14:30:57,660.25,660.5,660.15,660.15,60
2026-08-10 14:31:59,660.15,660.6,660.15,660.6,548
2026-08-10 14:32:59,660.6,660.8,660.25,660.25,781
2026-08-10 14:33:58,660.6,660.6,660,660,105
2026-08-10 14:34:58,660.45,660.5,660.15,660.5,6
2026-08-10 14:35:55,660.35,660.45,660,660.1,46
2026-08-10 14:36:58,660.1,660.5,660,660.3,44
2026-08-10 14:37:55,660,660.25,660,660.25,428
2026-08-10 14:38:56,660,660,659.55,659.95,352
2026-08-10 14:39:57,659.55,659.95,659.55,659.95,180
2026-08-10 14:40:58,659.95,660,659.4,659.7,1451
2026-08-10 14:41:55,660,660,659.7,659.7,1534
2026-08-10 14:42:56,659.9,660,659.6,659.65,138
2026-08-10 14:43:55,660,660,659.6,659.6,402
2026-08-10 14:44:58,659.8,659.8,659.6,659.8,32
2026-08-10 14:45:57,659.8,659.95,659.45,659.95,1303
2026-08-10 14:46:56,659.95,660.5,659.95,660.5,1221
2026-08-10 14:47:58,660.2,660.65,660.2,660.65,295
2026-08-10 14:48:56,660.35,660.55,660.25,660.25,373
2026-08-10 14:49:55,660.5,660.55,660.2,660.2,621
2026-08-10 14:50:59,660.4,660.4,659.75,659.9,557
2026-08-10 14:51:57,660.3,660.3,660,660.3,387
2026-08-10 14:52:56,660.05,660.45,659.9,660.45,2051
2026-08-10 14:53:56,660.1,660.65,660.1,660.65,3294
2026-08-10 14:54:53,660.3,660.7,660.3,660.35,343
2026-08-10 14:55:56,660.65,660.65,659.5,659.5,1728
2026-08-10 14:56:55,659.5,659.85,659.1,659.4,6201
2026-08-10 14:57:54,659.5,660.7,659.5,660.7,1261
2026-08-10 14:58:54,660.85,660.85,660.65,660.7,1374
2026-08-10 14:59:57,660.7,660.7,660.15,660.3,333
2026-08-10 15:00:59,660.6,660.6,660.4,660.45,1008
2026-08-10 15:01:56,660.15,660.35,659.6,659.6,1824
2026-08-10 15:02:55,659.85,659.85,659.15,659.15,1251
2026-08-10 15:03:53,659.1,659.75,659.1,659.75,2792
2026-08-10 15:04:56,659.65,660.05,659.55,659.85,1361
2026-08-10 15:05:59,659.4,660.2,659,660.2,5011
2026-08-10 15:06:55,659.75,660.3,659.7,660,1068
2026-08-10 15:07:58,660.15,660.4,659.8,660.35,9883
2026-08-10 15:08:58,660.4,660.85,660.15,660.6,1564
2026-08-10 15:09:53,660.15,660.9,660.15,660.9,1694
2026-08-10 15:10:58,660.35,660.65,660.1,660.65,773
2026-08-10 15:11:54,660.75,660.8,660.35,660.4,999
2026-08-10 15:12:59,660.45,660.9,660.35,660.45,1898
2026-08-10 15:13:54,660.8,661,660.5,661,1449
2026-08-10 15:14:55,660.8,660.8,660.5,660.5,1795
2026-08-10 15:15:57,660.25,660.75,660.25,660.35,1048
2026-08-10 15:16:56,660,661.05,659.95,661.05,5424
2026-08-10 15:17:55,660.25,661.3,660.25,661.1,772
2026-08-10 15:18:56,661.1,661.2,660.65,661.05,478
2026-08-10 15:19:58,661,661.2,661,661,1138
2026-08-10 15:20:55,660.95,660.95,660.25,660.95,473
2026-08-10 15:21:58,660.6,660.95,660.6,660.9,1222
2026-08-10 15:22:54,660.9,660.95,660.85,660.95,727
2026-08-10 15:23:54,660.95,660.95,660.85,660.85,823
2026-08-10 15:24:57,660.85,660.9,660.55,660.55,1937
2026-08-10 15:25:57,660.55,660.8,660.5,660.5,1669
2026-08-10 15:26:54,660.5,661,660.5,661,1681
2026-08-10 15:27:55,661,661.5,661,661.5,2746
2026-08-10 15:28:56,661.5,661.5,659.65,659.9,13020
2026-08-10 15:29:57,661,661,660.05,660.9,749
2026-08-11 09:08:10,670.8,670.8,670.8,670.8,10235
2026-08-11 09:15:59,671.1,673.75,667.1,671.15,70083
2026-08-11 09:16:54,670.8,671.45,667.8,669,26986
2026-08-11 09:17:56,667.8,667.8,666,666.85,24131
2026-08-11 09:18:55,666.85,667.5,665.5,666.55,12582
2026-08-11 09:19:54,666.6,667.65,665.05,666.65,19035
2026-08-11 09:20:53,666.7,667.65,666.1,666.1,8957
2026-08-11 09:21:59,666.25,668.8,666.25,668.8,12289
2026-08-11 09:22:55,668.25,668.35,667.65,668,6805
2026-08-11 09:23:52,667.25,668,667.2,667.45,4320
2026-08-11 09:24:56,666.9,666.9,664.3,665.1,11378
2026-08-11 09:25:59,664.65,666.4,664.05,666.4,11371
2026-08-11 09:26:53,666.25,666.4,665.3,665.3,4568
2026-08-11 09:27:54,665.65,665.65,665.4,665.55,2163
2026-08-11 09:28:55,665.8,666.7,665.35,666.7,3171
2026-08-11 09:29:56,665.7,666.65,665.7,665.95,1486
2026-08-11 09:30:58,666,666,665.85,665.9,727
2026-08-11 09:31:58,665.85,666,665,665.55,7185
2026-08-11 09:32:57,665.2,665.3,664.8,664.8,6495
2026-08-11 09:33:54,665.25,665.3,664.8,665.3,3072
2026-08-11 09:34:59,666,666.6,665.95,666.45,3163
2026-08-11 09:35:57,666.6,668.95,666.1,668.95,6611
2026-08-11 09:36:57,668.35,668.35,667.5,667.55,3816
2026-08-11 09:37:56,668,668,665.45,665.45,6246
2026-08-11 09:38:53,665.3,665.65,664.75,665,2626
2026-08-11 09:39:57,665.15,665.9,664.7,665.25,1162
2026-08-11 09:40:56,665.25,665.25,664,664.35,6165
2026-08-11 09:41:53,664.05,664.95,664,664.95,4017
2026-08-11 09:42:57,665,665,664,664,5491
2026-08-11 09:43:54,663.4,663.8,663.15,663.35,4279
2026-08-11 09:44:57,663.3,664.3,663.3,663.8,3303
2026-08-11 09:45:54,663.7,663.8,663.25,663.6,2554
2026-08-11 09:46:59,663.7,663.7,663.05,663.7,2745
2026-08-11 09:47:56,663.9,664.15,663.5,664.1,1109
2026-08-11 09:48:59,664.1,664.25,663.55,664,1451
2026-08-11 09:49:53,664,664.55,663.85,663.85,1633
2026-08-11 09:50:55,664.05,664.85,664,664.85,2016
2026-08-11 09:51:56,664.55,664.7,664.25,664.25,964
2026-08-11 09:52:56,664.25,664.7,664.15,664.7,3308
2026-08-11 09:53:57,664,664.45,663.95,664.4,1133
2026-08-11 09:54:56,664.3,664.45,663.65,663.65,1355
2026-08-11 09:55:57,663.5,664.3,663.5,664,3178
2026-08-11 09:56:56,664,664.45,663.9,664.45,1627
2026-08-11 09:57:55,664.1,664.5,664,664.5,912
2026-08-11 09:58:59,664.8,665,664.8,664.8,1446
2026-08-11 09:59:56,664.85,664.85,664.5,664.85,4061
2026-08-11 10:00:55,664.85,665,664.85,664.85,205
2026-08-11 10:01:59,664.75,665.5,664.75,665.5,384
2026-08-11 10:02:58,665.2,665.2,665,665.2,783
2026-08-11 10:03:57,665.2,665.35,665,665.2,1149
2026-08-11 10:04:55,665.7,666.95,665.7,666.95,4133
2026-08-11 10:05:58,666.7,667,666.55,667,967
2026-08-11 10:06:56,667,667.5,666.35,667.35,7285
2026-08-11 10:07:59,667.95,668.2,667.35,668,3687
2026-08-11 10:08:54,668,670.75,668,670.1,18808
2026-08-11 10:09:59,670.1,672.8,670.1,672.8,54507
2026-08-11 10:10:59,672.95,673.5,670.6,673.05,28325
2026-08-11 10:11:59,672.45,673.8,671.5,671.75,13593
2026-08-11 10:12:59,671.5,671.6,670,670.45,15188
2026-08-11 10:13:59,670.85,671,670.5,670.55,6165
2026-08-11 10:14:59,670.35,671,669.6,670.4,7917
2026-08-11 10:15:55,670.3,670.3,669.8,670,6119
2026-08-11 10:16:56,669.85,669.85,668.75,669.55,10661
2026-08-11 10:17:56,669.3,669.8,669.3,669.7,1698
2026-08-11 10:18:56,669.7,670,669.15,669.65,7592
2026-08-11 10:19:57,669.25,670,669.25,669.3,2846
2026-08-11 10:20:56,669.55,669.55,668.4,668.85,3637
2026-08-11 10:21:56,668.85,669.9,668.15,669.85,2282
2026-08-11 10:22:56,669.25,669.85,668.6,669.8,4292
2026-08-11 10:23:55,669.8,669.8,669.25,669.65,369
2026-08-11 10:24:54,669.1,669.8,669.1,669.55,6992
2026-08-11 10:25:55,669.5,669.8,669.5,669.6,261
2026-08-11 10:26:54,669.6,672.6,669.6,672.4,16126
2026-08-11 10:27:59,672.25,672.3,671.75,671.75,4610
2026-08-11 10:28:58,671.6,671.85,670.65,670.8,2359
2026-08-11 10:29:57,671.05,671.2,670.7,670.7,1319
2026-08-11 10:30:56,670.65,671,670.55,670.55,268
2026-08-11 10:31:56,671,671,670.5,671,1164
2026-08-11 10:32:55,670.95,671.35,670.55,671.35,4890
2026-08-11 10:33:59,671.1,671.6,671.1,671.55,5253
2026-08-11 10:34:57,671.95,672,671.55,671.65,1330
2026-08-11 10:35:54,671.5,671.5,671.05,671.1,387
2026-08-11 10:36:57,671.2,671.5,671,671,695
2026-08-11 10:37:55,670.85,671.3,670.85,671.3,1423
2026-08-11 10:38:54,671,671.15,670.5,670.5,4099
2026-08-11 10:39:58,670.4,670.4,670,670,5633
2026-08-11 10:40:56,671.15,671.15,670.45,670.45,15229
2026-08-11 10:41:57,670.4,670.4,670,670,984
2026-08-11 10:42:55,670.5,670.5,670.1,670.45,377
2026-08-11 10:43:59,670,670.35,670,670,1376
2026-08-11 10:44:55,669.6,670,669.35,669.75,1373
2026-08-11 10:45:56,669.75,670.2,669.6,670.2,2157
2026-08-11 10:46:56,669.9,669.9,669.7,669.7,145
2026-08-11 10:47:56,669.7,669.7,669.7,669.7,272
2026-08-11 10:48:59,669.7,669.85,669.3,669.3,868
2026-08-11 10:49:50,669.7,669.7,669.35,669.45,263
2026-08-11 10:50:57,669.4,669.75,669.35,669.75,86
2026-08-11 10:51:57,669.8,669.8,669.25,669.25,900
2026-08-11 10:52:59,669.75,669.8,669.25,669.3,1583
2026-08-11 10:53:57,669.65,669.9,669.05,669.75,4282
2026-08-11 10:54:57,669.7,669.75,669.55,669.75,326
2026-08-11 10:55:57,669.9,669.9,669.3,669.3,3930
2026-08-11 10:56:57,669.3,669.65,669.3,669.35,398
2026-08-11 10:57:55,669.35,669.35,669.3,669.3,700
2026-08-11 10:58:55,669.65,669.65,669.3,669.3,335
2026-08-11 10:59:57,669.55,669.6,669.55,669.55,236
2026-08-11 11:00:59,669.05,669.3,669.05,669.05,2337
2026-08-11 11:01:57,669.3,669.5,669.05,669.4,977
2026-08-11 11:02:58,668.9,668.9,668.55,668.55,2218
2026-08-11 11:03:54,668.55,668.55,668.1,668.15,2173
2026-08-11 11:04:54,668.15,668.25,668.1,668.1,1166
2026-08-11 11:05:54,668.1,668.45,668,668.4,2283
2026-08-11 11:06:54,668.1,668.45,668,668,360
2026-08-11 11:07:58,668,668.1,668,668.05,639
2026-08-11 11:08:55,667.35,667.45,667,667,2253
2026-08-11 11:09:55,667.25,667.25,667,667.1,87
2026-08-11 11:10:57,666.75,667,666.35,666.55,1877
2026-08-11 11:11:56,666.6,667,666.6,666.75,1061
2026-08-11 11:12:54,667,667.4,667,667.15,1489
2026-08-11 11:13:58,667.55,667.6,667.1,667.2,765
2026-08-11 11:14:56,667.4,667.4,667.4,667.4,456
2026-08-11 11:15:56,667.4,667.4,667,667.2,597
2026-08-11 11:16:55,667,667,666.5,666.8,6388
2026-08-11 11:17:59,666.85,667.35,666.8,666.8,405
2026-08-11 11:18:59,666.85,667.05,666.6,666.6,1273
2026-08-11 11:19:57,666.5,666.65,666.5,666.65,1525
2026-08-11 11:20:59,666.1,666.95,666.1,666.95,5241
2026-08-11 11:21:56,667.1,667.1,666.5,666.8,302
2026-08-11 11:22:57,666.3,666.8,666.3,666.5,1354
2026-08-11 11:23:57,666.25,666.85,666.25,666.85,215
2026-08-11 11:24:56,666.6,667.35,666.6,667.35,588
2026-08-11 11:25:55,666.7,667.35,666.6,666.85,1599
2026-08-11 11:26:56,666.6,666.85,666.6,666.85,16
2026-08-11 11:27:59,666.9,666.9,665.8,665.8,2642
2026-08-11 11:28:55,665.85,666,665.85,666,1136
2026-08-11 11:29:58,665.65,666.4,665.65,665.85,1521
2026-08-11 11:30:56,665.85,666.3,665.85,666.3,263
2026-08-11 11:31:57,665.95,666.45,665.95,666.35,617
2026-08-11 11:32:59,666.3,666.5,665.85,666.5,459
2026-08-11 11:33:56,666.45,666.5,666.1,666.1,663
2026-08-11 11:34:58,666.45,666.85,666,666.85,972
2026-08-11 11:35:55,666.95,667.05,666.6,666.75,319
2026-08-11 11:36:56,666.8,666.8,666.4,666.45,156
2026-08-11 11:37:58,666.9,666.9,666.25,666.25,246
2026-08-11 11:38:58,666.05,666.5,666.05,666.2,22
2026-08-11 11:39:59,666,666.25,665.65,666.25,1439
2026-08-11 11:40:51,666.25,666.35,665.7,665.7,131
2026-08-11 11:41:57,665.95,665.95,665.55,665.95,1083
2026-08-11 11:42:59,666,666,665.4,665.4,1436
2026-08-11 11:43:54,665.65,665.8,665.3,665.8,540
2026-08-11 11:44:55,665.9,665.9,665.15,665.3,1915
2026-08-11 11:45:56,665.3,665.3,664.55,665.05,12532
2026-08-11 11:46:57,664.75,664.9,664.6,664.9,300
2026-08-11 11:47:57,665,665.3,665,665.3,987
2026-08-11 11:48:58,665.3,665.3,664.6,664.95,1398
2026-08-11 11:49:59,664.65,665.15,664.65,665.15,296
2026-08-11 11:50:59,665.1,665.15,664.9,665,339
2026-08-11 11:51:58,665.05,665.3,665.05,665.2,463
2026-08-11 11:52:57,665.7,665.7,665.25,665.6,171
2026-08-11 11:53:56,665.7,665.7,665.25,665.65,865
2026-08-11 11:54:55,665.3,665.3,664.95,664.95,762
2026-08-11 11:55:55,664.9,665.25,664.9,665.25,878
2026-08-11 11:56:55,665.5,665.5,664.75,665.15,487
2026-08-11 11:57:56,665,665.05,664.55,665.05,100
2026-08-11 11:58:56,665.1,665.1,664.5,664.6,1621
2026-08-11 11:59:56,665.15,665.15,665.15,665.15,104
2026-08-11 12:00:49,664.85,664.85,664.8,664.8,10
2026-08-11 12:01:56,664.8,665,664.8,665,386
2026-08-11 12:02:58,665.05,665.2,664.85,664.85,891
2026-08-11 12:03:56,665,665.2,664.85,665.2,168
2026-08-11 12:04:58,665.15,665.15,664.7,664.8,592
2026-08-11 12:05:59,665.15,665.15,664.8,665.15,231
2026-08-11 12:06:59,664.9,665.6,664.9,665.6,4545
2026-08-11 12:07:58,665.2,665.5,665.2,665.2,114
2026-08-11 12:08:59,665.05,665.5,665.05,665.05,1671
2026-08-11 12:09:56,665.05,665.05,665.05,665.05,2
2026-08-11 12:10:59,664.8,665.75,664.8,665.75,1827
2026-08-11 12:11:56,665.75,665.95,665.65,665.95,41
2026-08-11 12:12:58,665.85,666,665.75,666,144
2026-08-11 12:13:58,666.4,666.4,666,666.25,1104
2026-08-11 12:14:59,666.25,666.35,666,666,159
2026-08-11 12:15:56,666.3,666.35,666,666.05,662
2026-08-11 12:16:56,666,666.35,666,666.3,868
2026-08-11 12:17:57,666.2,666.35,665.95,665.95,541
2026-08-11 12:18:59,666.2,666.2,665.95,665.95,181
2026-08-11 12:19:59,666.2,666.2,665.95,665.95,11
2026-08-11 12:20:58,665.95,666.4,665.95,666.4,468
2026-08-11 12:21:57,666.35,666.35,666.35,666.35,55
2026-08-11 12:22:55,666,666.3,666,666.3,150
2026-08-11 12:23:59,666.35,666.35,666.05,666.35,48
2026-08-11 12:24:56,666.35,666.35,666,666.35,41
2026-08-11 12:25:53,666.1,666.1,665.9,665.9,374
2026-08-11 12:26:58,665.9,666.2,665.7,665.7,1467
2026-08-11 12:27:57,665.8,666.3,665.8,666.3,481
2026-08-11 12:28:59,666.25,666.25,666.05,666.25,166
2026-08-11 12:29:59,666.55,666.55,666.5,666.5,703
2026-08-11 12:30:57,666.5,666.5,666.3,666.5,635
2026-08-11 12:31:55,666.3,666.5,666.3,666.5,202
2026-08-11 12:32:56,666.3,667,666.3,667,3012
2026-08-11 12:33:59,666.55,667.05,666.55,667,557
2026-08-11 12:34:58,666.7,667,666.6,666.65,649
2026-08-11 12:35:58,667,667,666.7,667,741
2026-08-11 12:36:56,667,667,666.75,667,193
2026-08-11 12:37:58,667,667.25,666.8,667,942
2026-08-11 12:38:55,667.3,667.5,667.2,667.5,1554
2026-08-11 12:39:57,667,667.6,667,667.05,1348
2026-08-11 12:40:59,667.5,667.5,667.35,667.4,782
2026-08-11 12:41:57,667.35,667.6,667.3,667.45,1434
2026-08-11 12:42:55,667.5,667.5,667.05,667.05,376
2026-08-11 12:43:58,667.3,667.5,667.15,667.2,1535
2026-08-11 12:44:56,667.5,667.5,667.2,667.5,28
2026-08-11 12:45:58,667.5,667.95,667.3,667.9,1947
2026-08-11 12:46:56,667.85,667.95,667.5,667.5,1985
2026-08-11 12:47:58,667.5,667.5,667.2,667.4,661
2026-08-11 12:48:57,667.2,667.4,667.2,667.4,109
2026-08-11 12:49:57,667.4,667.4,667.2,667.2,284
2026-08-11 12:50:56,667.35,667.6,667.35,667.6,350
2026-08-11 12:51:54,667.6,667.85,667.5,667.5,211
2026-08-11 12:52:59,667.45,667.45,667.15,667.15,334
2026-08-11 12:53:58,667.15,667.15,667,667.15,570
2026-08-11 12:54:56,667,667.15,666.85,666.85,1201
2026-08-11 12:55:58,666.45,666.8,666.35,666.75,177
2026-08-11 12:56:56,666.8,666.8,666.5,666.6,3655
2026-08-11 12:57:56,666.5,666.6,665.95,665.95,927
2026-08-11 12:58:56,666.35,666.35,666.3,666.3,199
2026-08-11 12:59:55,666,666.3,665.9,665.9,179
2026-08-11 13:00:57,666,666.6,666,666.6,1441
2026-08-11 13:01:58,666.8,666.8,666.55,666.55,230
2026-08-11 13:02:56,666.6,666.8,666.35,666.5,1115
2026-08-11 13:03:55,666.85,666.85,666.5,666.5,575
2026-08-11 13:04:56,666.85,667,666.5,666.5,786
2026-08-11 13:05:56,666.5,667,666.5,667,601
2026-08-11 13:06:57,667,667,666.85,667,30
2026-08-11 13:07:55,667,667.35,666.7,667.35,1284
2026-08-11 13:08:57,667.05,667.35,667.05,667.35,107
2026-08-11 13:09:55,667.35,667.35,667,667,297
2026-08-11 13:10:57,667.35,667.35,667,667.35,171
2026-08-11 13:11:55,667.05,667.45,667,667.15,748
2026-08-11 13:12:55,667.35,667.35,667.05,667.1,160
2026-08-11 13:13:55,667,668.05,667,668.05,4591
2026-08-11 13:14:57,668.25,668.5,667.75,668,1469
2026-08-11 13:15:56,667.8,668.9,667.8,668.65,12987
2026-08-11 13:16:59,668.35,668.45,668.05,668.05,760
2026-08-11 13:17:58,668.4,668.5,668,668,333
2026-08-11 13:18:56,668.05,668.15,668,668.15,341
2026-08-11 13:19:58,668.3,668.35,668,668.3,92
2026-08-11 13:20:57,668.3,668.95,667.55,668.85,1619
2026-08-11 13:21:59,669.1,669.5,668.6,668.8,8572
2026-08-11 13:22:57,669,669,668.85,669,966
2026-08-11 13:23:56,668.9,669,668.55,668.55,332
2026-08-11 13:24:55,668.85,668.95,668.45,668.5,971
2026-08-11 13:25:55,668.85,668.9,668.5,668.9,302
2026-08-11 13:26:55,668.95,669.7,668.95,669.7,2093
2026-08-11 13:27:56,669.7,670.5,669.55,670.5,5769
2026-08-11 13:28:58,670.4,670.4,669.15,669.45,3507
2026-08-11 13:29:57,669.1,669.45,668.75,669,443
2026-08-11 13:30:55,668.9,669,668.65,668.65,366
2026-08-11 13:31:59,668.55,668.85,668.55,668.55,199
2026-08-11 13:32:58,668.35,668.35,668.05,668.25,706
2026-08-11 13:33:57,668.25,668.55,668.2,668.25,380
2026-08-11 13:34:56,668.2,668.5,668.2,668.2,205
2026-08-11 13:35:59,668.5,668.5,668.1,668.1,1023
2026-08-11 13:36:57,668.05,668.9,668,668,1181
2026-08-11 13:37:56,668,668.35,668,668,425
2026-08-11 13:38:55,668,668.2,667.9,668,911
2026-08-11 13:39:55,668.05,668.3,667.8,667.8,147
2026-08-11 13:40:51,667.9,667.9,667.8,667.8,71
2026-08-11 13:41:52,667.7,668.05,667.65,668.05,715
2026-08-11 13:42:51,668,668,667.95,668,424
2026-08-11 13:43:59,667.9,668,667.9,667.95,300
2026-08-11 13:44:53,668.1,668.15,668,668,251
2026-08-11 13:45:58,668,668,667.8,667.8,153
2026-08-11 13:46:52,668.2,668.2,667.85,667.85,57
2026-08-11 13:47:56,667.85,667.85,667.75,667.75,258
2026-08-11 13:49:59,668.05,668.05,667.75,668,149
2026-08-11 13:50:59,668,668,668,668,13
2026-08-11 13:51:57,667.65,667.65,667.25,667.5,1736
2026-08-11 13:52:57,667.7,667.7,667.45,667.45,14
2026-08-11 13:53:55,667.25,667.9,667.25,667.5,1120
2026-08-11 13:54:58,667.85,667.85,667.4,667.75,370
2026-08-11 13:55:59,667.3,667.65,667.3,667.35,49
2026-08-11 13:56:58,667.5,667.9,667,667,6627
2026-08-11 13:57:57,667,667,666.55,666.7,355
2026-08-11 13:58:56,666.6,666.6,666,666.05,1898
2026-08-11 13:59:57,666.35,666.35,665.8,666,1705
2026-08-11 14:00:57,665.95,665.95,665.75,665.8,62
2026-08-11 14:01:55,665.8,665.85,665.8,665.85,447
2026-08-11 14:02:59,665.8,665.8,665.1,665.2,2672
2026-08-11 14:03:56,665.2,665.65,665.2,665.2,356
2026-08-11 14:04:57,665.2,665.65,665.2,665.55,1193
2026-08-11 14:05:56,665.25,665.95,665.25,665.65,1532
2026-08-11 14:06:54,665.65,665.65,665.2,665.45,315
2026-08-11 14:07:58,665.45,665.45,664.5,664.6,6471
2026-08-11 14:08:56,664.6,665.4,664.6,665.35,5573
2026-08-11 14:09:58,665.6,666,665.4,665.4,682
2026-08-11 14:10:50,665.3,666,665.3,666,706
2026-08-11 14:11:55,665.85,665.85,665.45,665.45,904
2026-08-11 14:12:55,665.95,665.95,665.45,665.45,754
2026-08-11 14:13:58,665.5,665.95,665.5,665.95,98
2026-08-11 14:14:57,665.95,665.95,665.45,665.45,208
2026-08-11 14:15:57,665.9,665.9,665.45,665.6,1167
2026-08-11 14:16:55,665.65,665.65,665.65,665.65,97
2026-08-11 14:17:49,665.2,665.65,665.2,665.6,568
2026-08-11 14:18:54,665.5,665.6,665.25,665.5,1151
2026-08-11 14:19:59,665.15,665.15,665,665,1255
2026-08-11 14:20:59,664.7,665.05,664.7,664.75,425
2026-08-11 14:21:58,664.8,664.8,664.65,664.8,269
2026-08-11 14:22:59,664.8,665.2,664.8,665.2,99
2026-08-11 14:23:59,664.8,665.15,664.7,664.7,349
2026-08-11 14:24:54,665.15,665.2,665.15,665.2,369
2026-08-11 14:25:59,664.85,665.2,664.8,665.15,224
2026-08-11 14:26:59,665.15,665.15,665.15,665.15,25
2026-08-11 14:27:55,665.15,665.65,664.95,665.65,3035
2026-08-11 14:28:56,665.4,665.65,665.35,665.65,28
2026-08-11 14:29:55,665.4,665.4,665.2,665.2,295
2026-08-11 14:30:57,665.35,665.35,665.1,665.35,293
2026-08-11 14:31:56,665.1,665.35,665.1,665.15,232
2026-08-11 14:32:50,665.35,665.35,665.1,665.1,517
2026-08-11 14:33:55,665.05,665.25,664.5,665.05,2229
2026-08-11 14:34:55,664.5,664.8,664.5,664.6,2709
2026-08-11 14:35:57,664.55,665,664.5,665,316
2026-08-11 14:36:58,664.85,665,664.6,664.75,636
2026-08-11 14:37:58,665,665.15,665,665.15,110
2026-08-11 14:38:58,665.15,665.2,664.95,665.2,870
2026-08-11 14:39:59,665.2,665.2,664.85,664.85,318
2026-08-11 14:40:52,664.95,664.95,664.75,664.75,1046
2026-08-11 14:41:54,664.75,665,664.55,664.9,1072
2026-08-11 14:42:58,664.9,665,664.45,664.5,744
2026-08-11 14:43:54,664.5,664.8,664.5,664.5,138
2026-08-11 14:44:55,664.4,664.55,664.4,664.5,226
2026-08-11 14:45:55,664.35,665.7,664.35,665.7,10468
2026-08-11 14:46:58,665.95,665.95,665.65,665.65,448
2026-08-11 14:47:55,665.7,666.3,665.7,666.05,1978
2026-08-11 14:48:55,666.4,666.45,666,666.45,705
2026-08-11 14:49:57,666.5,666.95,666.5,666.85,1041
2026-08-11 14:50:57,666.85,667.4,666.85,667,2338
2026-08-11 14:51:56,667,667,666.45,666.9,3058
2026-08-11 14:52:55,667,667,666.7,666.9,2401
2026-08-11 14:53:55,666.8,667.3,666.8,667.05,8417
2026-08-11 14:54:58,667.05,667.9,667.05,667.85,3736
2026-08-11 14:55:54,668,668,667.75,667.75,2485
2026-08-11 14:56:59,668,668,667.85,668,1947
2026-08-11 14:57:58,668,668.2,667.75,668,4021
2026-08-11 14:58:57,667.85,668.3,667.85,667.95,1654
2026-08-11 14:59:54,668,668.05,667.65,667.85,1914
2026-08-11 15:00:57,667.95,667.95,667.75,667.75,2912
2026-08-11 15:01:59,667.95,667.95,667.1,667.1,826
2026-08-11 15:02:59,667.4,667.55,667.3,667.45,1493
2026-08-11 15:03:56,667.7,667.75,667.35,667.7,2170
2026-08-11 15:04:59,667.5,667.75,667.2,667.7,896
2026-08-11 15:05:54,667.75,667.8,667.5,667.8,2616
2026-08-11 15:06:57,667.8,667.8,667.65,667.8,2895
2026-08-11 15:07:53,667.8,668.15,667.55,668.15,7690
2026-08-11 15:08:56,667.9,668.35,667.7,668,1256
2026-08-11 15:09:58,667.6,668,667.6,667.75,3411
2026-08-11 15:10:54,667.6,667.6,667.1,667.25,1449
2026-08-11 15:11:57,667.45,667.85,667.05,667.2,3595
2026-08-11 15:12:57,666.55,666.65,666,666,5002
2026-08-11 15:13:58,665.65,665.8,665.3,665.8,2865
2026-08-11 15:14:59,665.35,665.7,665,665.35,1343
2026-08-11 15:15:55,664.3,665.4,664.3,664.75,5083
2026-08-11 15:16:57,665.05,665.05,664.45,664.9,674
2026-08-11 15:17:58,664.95,665,664.6,664.9,487
2026-08-11 15:18:59,664.9,665,664.55,665,699
2026-08-11 15:19:58,665,665.4,664.65,665.4,1397
2026-08-11 15:20:54,665.35,665.35,665.25,665.3,1144
2026-08-11 15:21:58,665.3,665.4,664.9,665,2789
2026-08-11 15:22:59,664.9,665,664.65,665,2063
2026-08-11 15:23:59,664.95,665,664.95,664.95,1373
2026-08-11 15:24:55,665,665,665,665,1971
2026-08-11 15:25:54,665,665,664,664.35,6485
2026-08-11 15:26:58,664.35,664.65,664.1,664.65,1703
2026-08-11 15:27:53,664.65,664.95,664.5,664.95,1395
2026-08-11 15:28:53,664.9,664.95,664.55,664.9,2369
2026-08-11 15:29:56,665,665,664.95,665,4379
2026-08-11 15:30:03,665,665,665,665,52
2026-08-12 09:07:38,668,668,668,668,2182
2026-08-12 09:15:59,668.3,669.95,667,669.7,9653
2026-08-12 09:16:57,667.8,667.8,665.5,666.95,10650
2026-08-12 09:17:51,666.85,666.85,664,664.55,5459
2026-08-12 09:18:52,665,665.5,665,665,3522
2026-08-12 09:19:53,665.45,665.45,664.65,664.65,3512
2026-08-12 09:20:52,664.5,664.65,664.45,664.45,3027
2026-08-12 09:21:59,664.6,664.6,662.6,662.6,11075
2026-08-12 09:22:56,663.35,663.35,662.05,663,5791
2026-08-12 09:23:59,663,663.65,663,663.4,1680
2026-08-12 09:24:56,663.4,663.45,662.65,663.45,1911
2026-08-12 09:25:52,663.4,664.2,663,664,1421
2026-08-12 09:26:55,664.1,664.95,664.1,664.25,3801
2026-08-12 09:27:57,664.8,664.8,664.3,664.75,1544
2026-08-12 09:28:59,664.85,664.85,664.1,664.4,2395
2026-08-12 09:29:54,663.95,664.15,663.5,663.5,1822
2026-08-12 09:30:57,664,664,663.15,663.15,2844
2026-08-12 09:31:59,663.8,663.8,663,663.4,1762
2026-08-12 09:32:59,663,663,661.4,662.25,4054
2026-08-12 09:33:58,662.3,662.3,661.6,661.95,1885
2026-08-12 09:34:57,662,662.15,661.95,662,872
2026-08-12 09:35:53,661.75,661.95,661.05,661.45,2715
2026-08-12 09:36:52,661.45,661.45,660.2,661.15,6929
2026-08-12 09:37:58,661.1,661.45,661,661,1912
2026-08-12 09:38:56,661,661.35,660.65,661,3385
2026-08-12 09:39:54,661,661,660,660.55,3687
2026-08-12 09:40:53,660.3,661,660.3,660.55,1253
2026-08-12 09:41:57,660.95,661,660.55,661,510
2026-08-12 09:42:55,661,661.4,660.7,661.4,2792
2026-08-12 09:43:53,661.5,661.95,661.5,661.95,1735
2026-08-12 09:44:56,661.95,662.05,661.6,661.7,1310
2026-08-12 09:45:54,662.15,662.15,661.25,661.25,1392
2026-08-12 09:46:59,661.3,661.3,661.05,661.05,653
2026-08-12 09:47:55,660.75,660.95,660.5,660.95,1720
2026-08-12 09:48:58,660.75,660.95,660.7,660.8,188
2026-08-12 09:49:58,660.95,661.35,660.8,661.35,550
2026-08-12 09:50:54,661.5,661.5,661.3,661.3,46
2026-08-12 09:51:56,661.2,661.5,660.85,661.5,952
2026-08-12 09:52:55,661.5,662,661.5,662,2643
2026-08-12 09:53:55,661.85,662,661.3,661.3,2285
2026-08-12 09:54:54,661,661.7,661,661.55,8621
2026-08-12 09:55:56,661.3,661.7,661.1,661.7,933
2026-08-12 09:56:56,661.45,661.7,661.3,661.3,1154
2026-08-12 09:57:56,661.45,661.65,661.2,661.5,57
2026-08-12 09:58:57,661.25,661.25,660.85,660.9,1704
2026-08-12 09:59:56,660.85,660.85,660.5,660.7,418
2026-08-12 10:00:55,660.85,661.25,660.45,660.45,1182
2026-08-12 10:01:59,660.25,660.95,660.25,660.8,775
2026-08-12 10:02:56,661,661,660.8,660.8,123
2026-08-12 10:03:54,660.25,660.45,659.75,659.75,6124
2026-08-12 10:04:57,659.8,660,659.35,659.35,1589
2026-08-12 10:05:56,659.85,659.85,659.3,659.65,386
2026-08-12 10:06:55,659.65,659.8,659.15,659.15,719
2026-08-12 10:07:53,659.15,659.7,659,659,1780
2026-08-12 10:08:57,658.5,658.85,658,658.4,2809
2026-08-12 10:09:59,658.05,658.35,658.05,658.3,539
2026-08-12 10:10:57,658.5,658.5,658.05,658.2,2667
2026-08-12 10:11:59,658.4,659.45,658.4,659.05,4239
2026-08-12 10:12:55,659.05,659.45,659.05,659.45,311
2026-08-12 10:13:57,659.2,659.85,659.2,659.5,537
2026-08-12 10:14:59,659.85,659.85,659.25,659.55,592
2026-08-12 10:15:55,659.15,659.6,659.05,659.05,1542
2026-08-12 10:16:56,659.05,659.1,659.05,659.1,591
2026-08-12 10:17:56,659.1,659.35,658.45,658.55,1729
2026-08-12 10:18:58,658.55,658.9,658.5,658.8,835
2026-08-12 10:19:54,658.8,658.8,657.5,657.85,6460
2026-08-12 10:20:56,658.2,658.85,658.2,658.7,364
2026-08-12 10:21:59,658.7,659,658.4,658.9,478
2026-08-12 10:22:59,658.9,658.9,658.4,658.75,114
2026-08-12 10:23:57,658.25,658.6,658.25,658.6,179
2026-08-12 10:24:58,658.95,658.95,658.15,658.65,515
2026-08-12 10:25:59,658.15,659.2,658.15,659.2,1277
2026-08-12 10:26:58,658.5,659.1,658.5,659,1002
2026-08-12 10:27:58,659,659.05,659,659.05,4144
2026-08-12 10:28:59,659,659.5,659,659.5,1178
2026-08-12 10:29:57,659.5,659.5,659.2,659.2,1093
2026-08-12 10:30:57,659.5,659.85,659.5,659.85,667
2026-08-12 10:31:55,659.85,660.5,659.7,660.5,974
2026-08-12 10:32:55,660.15,660.5,660,660.5,141
2026-08-12 10:33:54,660.5,661.35,660.15,661.35,742
2026-08-12 10:34:59,660.85,661.2,660.85,661,721
2026-08-12 10:35:56,661.2,661.2,660.8,661.05,276
2026-08-12 10:36:59,660.5,660.8,660.35,660.35,279
2026-08-12 10:37:57,660.4,660.5,660.4,660.5,99
2026-08-12 10:38:55,660.5,660.8,660.4,660.5,816
2026-08-12 10:39:59,660.85,660.95,660.4,660.95,1186
2026-08-12 10:40:56,660.9,660.9,660.5,660.5,183
2026-08-12 10:41:55,660.7,660.75,660.65,660.75,250
2026-08-12 10:42:55,660.75,660.75,660.35,660.35,509
2026-08-12 10:43:59,660.75,660.75,660.3,660.55,482
2026-08-12 10:44:58,660.75,660.75,660.25,660.25,323
2026-08-12 10:45:55,660.7,660.7,660.25,660.6,318
2026-08-12 10:46:58,660.6,660.7,660.3,660.6,283
2026-08-12 10:47:59,660.25,660.65,660.1,660.4,111
2026-08-12 10:48:57,660,660.3,659.65,660,1157
2026-08-12 10:49:54,660,660,659.4,659.65,715
2026-08-12 10:50:56,659.2,659.65,659.15,659.6,941
2026-08-12 10:51:58,659.15,659.5,659.05,659.5,669
2026-08-12 10:52:58,659.1,659.6,659.1,659.1,438
2026-08-12 10:53:57,659.1,659.6,659.1,659.3,171
2026-08-12 10:54:50,659.15,659.55,659,659.45,749
2026-08-12 10:55:59,659.15,659.6,659.1,659.6,377
2026-08-12 10:56:55,659.25,659.25,659.25,659.25,3
2026-08-12 10:57:56,659.25,659.5,659.15,659.15,112
2026-08-12 10:58:58,659.35,660.55,659,660.55,4172
2026-08-12 10:59:58,660.75,660.75,660.05,660.05,638
2026-08-12 11:00:57,660.1,660.1,659.5,659.5,29
2026-08-12 11:01:55,659.85,659.85,658.65,658.75,1625
2026-08-12 11:02:54,658.75,659.15,658.5,658.5,1991
2026-08-12 11:03:57,659.1,659.1,658.55,658.6,280
2026-08-12 11:04:58,658.55,659.1,658.55,659.1,315
2026-08-12 11:05:55,658.6,658.85,658.55,658.55,70
2026-08-12 11:06:55,658.85,658.85,658.5,658.55,727
2026-08-12 11:07:58,658.75,658.85,658.55,658.85,116
2026-08-12 11:08:58,658.6,658.6,658,658,5417
2026-08-12 11:09:57,658,658.4,658,658.35,990
2026-08-12 11:10:54,658,659.45,658,659.45,2194
2026-08-12 11:11:56,659.45,659.65,659.45,659.5,540
2026-08-12 11:12:59,659.45,659.7,659.05,659.7,552
2026-08-12 11:13:55,659.65,659.65,659.1,659.15,538
2026-08-12 11:14:56,659.6,659.65,658.6,658.6,5128
2026-08-12 11:15:58,658.6,659.2,658.6,658.75,172
2026-08-12 11:16:59,658.75,659.05,658.65,659.05,172
2026-08-12 11:17:59,659.35,660,658.9,659.35,2079
2026-08-12 11:18:58,659.35,659.65,659.1,659.65,521
2026-08-12 11:19:56,659.75,659.9,659.75,659.85,75
2026-08-12 11:20:56,659.45,659.95,659.35,659.55,177
2026-08-12 11:21:56,659.55,660,659,660,5089
2026-08-12 11:22:54,660.35,660.85,660.25,660.45,6075
2026-08-12 11:23:55,660.55,660.55,660.5,660.5,1027
2026-08-12 11:24:55,661,661,660.1,660.55,870
2026-08-12 11:25:52,660.45,660.45,660.45,660.45,20
2026-08-12 11:26:58,660.45,660.45,660.25,660.25,1377
2026-08-12 11:27:54,659.8,660.1,659.65,660.1,4654
2026-08-12 11:28:59,659.65,660.05,659.65,659.7,354
2026-08-12 11:29:58,660,660,659.7,659.7,104
2026-08-12 11:30:56,659.15,660,659.15,660,1702
2026-08-12 11:31:56,659.7,660,659.7,660,132
2026-08-12 11:32:55,659.95,659.95,659.95,659.95,31
2026-08-12 11:33:59,660,660,659.25,659.7,363
2026-08-12 11:34:59,659.7,660.45,659.6,660.45,3228
2026-08-12 11:35:59,660.45,660.5,660.05,660.5,698
2026-08-12 11:36:56,660.45,660.45,660,660.25,79
2026-08-12 11:37:52,660,660.4,660,660,41
2026-08-12 11:38:55,660.05,660.05,660,660.05,186
2026-08-12 11:39:53,660.05,660.05,659.95,659.95,59
2026-08-12 11:40:48,660.05,660.35,660,660.35,60
2026-08-12 11:41:56,660,660.05,660,660.05,36
2026-08-12 11:42:57,660.05,660.35,659.95,659.95,1534
2026-08-12 11:43:59,660,660,660,660,2
2026-08-12 11:44:55,660.3,660.3,660.3,660.3,2
2026-08-12 11:45:55,660.35,660.5,660.35,660.35,189
2026-08-12 11:46:57,660.35,660.35,660.35,660.35,217
2026-08-12 11:47:56,660.2,660.35,660.15,660.35,97
2026-08-12 11:48:59,660.35,660.8,660.15,660.8,473
2026-08-12 11:49:55,660.5,661,660.5,660.8,426
2026-08-12 11:50:59,660.95,660.95,660.35,660.35,466
2026-08-12 11:51:52,660.25,660.25,660.25,660.25,81
2026-08-12 11:52:57,660.15,660.2,660.15,660.2,228
2026-08-12 11:53:57,660.35,660.35,660,660,655
2026-08-12 11:54:57,660.3,660.3,659.95,659.95,808
2026-08-12 11:55:57,659.95,660.05,659.95,660.05,631
2026-08-12 11:56:51,659.95,660,659.95,660,16
2026-08-12 11:57:57,659.9,659.95,659.7,659.95,2738
2026-08-12 11:58:58,660,660.3,660,660.1,183
2026-08-12 11:59:55,660.1,660.1,660,660.1,171
2026-08-12 12:00:56,660,660.1,660,660.1,92
2026-08-12 12:01:54,660.1,660.3,660.1,660.3,15
2026-08-12 12:02:49,660.3,660.3,660.1,660.1,228
2026-08-12 12:03:57,660.1,660.1,660,660,95
2026-08-12 12:04:56,660,660.3,660,660.3,660
2026-08-12 12:05:56,660.45,660.75,660.2,660.5,2592
2026-08-12 12:06:56,660.5,660.5,660.5,660.5,95
2026-08-12 12:07:59,660.75,660.9,660.55,660.9,1773
2026-08-12 12:08:56,660.55,660.55,660.5,660.55,177
2026-08-12 12:09:58,660.15,660.75,660.15,660.75,743
2026-08-12 12:10:54,660.2,660.55,660.2,660.55,1366
2026-08-12 12:11:46,660.3,660.6,660.3,660.4,147
2026-08-12 12:12:57,660.6,660.6,660.45,660.5,185
2026-08-12 12:13:51,660.4,660.5,660.4,660.4,63
2026-08-12 12:14:59,660.4,660.5,660.4,660.4,61
2026-08-12 12:15:57,660.5,661.2,660.5,661.05,6997
2026-08-12 12:16:59,661.05,661.05,661.05,661.05,8
2026-08-12 12:17:55,661.05,661.5,661,661.15,218
2026-08-12 12:18:59,661.5,661.5,661,661.05,338
2026-08-12 12:19:54,661.15,661.2,661.15,661.2,69
2026-08-12 12:20:59,661,661.45,661,661.1,1148
2026-08-12 12:21:59,661.1,661.45,661.1,661.45,304
2026-08-12 12:22:56,661.45,661.45,661.05,661.05,401
2026-08-12 12:23:58,661.05,661.05,660.75,661,521
2026-08-12 12:24:57,660.8,660.8,660.65,660.7,30
2026-08-12 12:26:59,661,661,660.55,660.55,207
2026-08-12 12:27:56,660.6,660.85,660.6,660.6,272
2026-08-12 12:28:57,661,661.1,661,661.05,476
2026-08-12 12:29:58,661.4,661.4,661,661,111
2026-08-12 12:30:59,661,661.85,661,661.55,2196
2026-08-12 12:31:55,661.9,662,661.4,661.65,2197
2026-08-12 12:32:57,661.65,661.8,661.45,661.8,350
2026-08-12 12:33:55,661.7,661.95,661.7,661.95,204
2026-08-12 12:34:58,662,662,661.7,662,986
2026-08-12 12:35:59,662,662,661.45,661.45,705
2026-08-12 12:36:55,662,662,661.45,661.5,311
2026-08-12 12:37:55,661.9,661.9,661.9,661.9,210
2026-08-12 12:38:56,661.85,661.85,661.6,661.65,2088
2026-08-12 12:39:55,661.9,662.8,661.85,662.8,4923
2026-08-12 12:40:57,662.5,663,662.5,662.95,720
2026-08-12 12:41:59,662.6,663,662.6,662.8,1475
2026-08-12 12:42:57,662.8,662.8,662.55,662.55,431
2026-08-12 12:43:59,662.2,662.2,661.5,661.75,1094
2026-08-12 12:44:55,661.65,661.65,661.55,661.6,163
2026-08-12 12:45:56,661.5,661.95,661.45,661.95,1400
2026-08-12 12:46:56,661.85,661.85,661.15,661.5,336
2026-08-12 12:47:53,661.5,661.5,661.1,661.1,657
2026-08-12 12:48:59,660.45,660.75,660.45,660.55,2506
2026-08-12 12:49:58,660.7,661.15,660.65,661.15,95
2026-08-12 12:50:53,661.15,661.15,660.7,660.85,67
2026-08-12 12:51:57,660.95,660.95,660.55,660.55,291
2026-08-12 12:52:59,660.55,661.2,660.55,661.2,411
2026-08-12 12:53:57,660.6,660.85,660.4,660.4,215
2026-08-12 12:54:55,660.75,660.75,660.05,660.5,1923
2026-08-12 12:55:58,660.5,660.5,660.4,660.45,216
2026-08-12 12:56:56,660.65,660.65,660.45,660.6,56
2026-08-12 12:57:54,660.6,660.6,660.4,660.4,42
2026-08-12 12:58:55,660.6,660.7,660.6,660.7,105
2026-08-12 12:59:58,660.3,660.65,660.3,660.65,6
2026-08-12 13:00:56,660.65,660.75,660.3,660.3,255
2026-08-12 13:01:55,660.3,661.15,660.3,660.85,1277
2026-08-12 13:02:59,661,661,660.95,661,1010
2026-08-12 13:03:59,660.75,660.75,659.5,659.5,7544
2026-08-12 13:04:59,659.75,660.7,659.75,660.35,247587
2026-08-12 13:05:55,660.35,660.7,658.6,658.6,16004
2026-08-12 13:06:57,658.8,659,658.3,658.3,34498
2026-08-12 13:07:57,658.1,659.45,658.1,659.15,33210
2026-08-12 13:08:59,659.45,659.45,658.85,658.9,107
2026-08-12 13:09:57,658.9,659.25,658.75,658.75,188
2026-08-12 13:10:59,659.2,659.2,658.8,658.8,157
2026-08-12 13:11:58,658.8,659,658.65,658.85,481
2026-08-12 13:12:55,658.55,658.7,658.35,658.4,1197
2026-08-12 13:13:57,657.5,657.8,657.4,657.45,3368
2026-08-12 13:14:59,657.8,657.95,657.25,657.25,1669
2026-08-12 13:15:57,657.25,657.9,657.25,657.4,387
2026-08-12 13:16:56,657.8,657.9,657.8,657.9,35
2026-08-12 13:17:55,658,658,657.65,658,393
2026-08-12 13:18:59,658,658.15,657.55,657.55,2598
2026-08-12 13:19:59,657.9,658.1,657.7,657.8,751
2026-08-12 13:20:57,657.6,657.85,657.55,657.85,485
2026-08-12 13:21:56,657.85,658.15,657.85,657.85,212
2026-08-12 13:22:59,658.15,658.15,658,658,449
2026-08-12 13:23:55,658.15,658.2,658.15,658.15,168
2026-08-12 13:24:58,658.25,658.25,658.15,658.15,86
2026-08-12 13:25:55,658.15,658.4,658.15,658.35,112
2026-08-12 13:26:59,658.5,658.5,658.15,658.35,770
2026-08-12 13:27:58,658.35,658.6,658.15,658.2,614
2026-08-12 13:28:58,658,658.3,658,658.25,26
2026-08-12 13:29:59,658.05,658.05,657.5,657.9,4607
2026-08-12 13:30:58,657.6,658.1,657.6,657.8,324
2026-08-12 13:31:59,657.7,658,657.7,657.95,59
2026-08-12 13:32:56,657.95,658.2,657.95,658.2,178
2026-08-12 13:33:57,657.95,658.05,657.95,658,171
2026-08-12 13:34:58,658,658,657.8,657.8,326
2026-08-12 13:35:56,657.8,658.2,657.8,658.2,156
2026-08-12 13:36:55,658.2,658.2,657.85,657.9,137
2026-08-12 13:37:59,657.9,658.35,657.8,658.2,656
2026-08-12 13:38:56,658.1,658.1,657.8,657.8,760
2026-08-12 13:39:55,657.65,657.9,657.55,657.65,271
2026-08-12 13:40:59,657.65,658.4,657.65,658.4,476
2026-08-12 13:41:55,657.8,657.8,657.8,657.8,35
2026-08-12 13:42:59,658,658.15,657.8,657.85,251
2026-08-12 13:43:59,657.85,657.85,657.85,657.85,48
2026-08-12 13:44:55,658.3,658.4,657.85,658.35,704
2026-08-12 13:45:57,658.3,658.3,657.55,657.7,1073
2026-08-12 13:46:57,657.6,657.9,657.6,657.9,306
2026-08-12 13:47:57,657.65,658,657.55,658,622
2026-08-12 13:48:55,657.55,657.95,657.55,657.95,513
2026-08-12 13:49:53,657.85,657.95,657.85,657.95,1740
2026-08-12 13:50:58,657.95,657.95,657.65,657.65,949
2026-08-12 13:51:59,658,658,657.05,657.4,3509
2026-08-12 13:52:56,657.4,657.4,657.4,657.4,46
2026-08-12 13:53:55,657.4,657.4,657,657,1952
2026-08-12 13:54:58,657,657.4,657,657.35,555
2026-08-12 13:55:59,657.1,657.4,657.1,657.4,538
2026-08-12 13:56:56,657,657.25,657,657.25,1127
2026-08-12 13:57:59,657.2,657.4,657,657.25,834
2026-08-12 13:58:59,657.25,657.25,657.2,657.25,15
2026-08-12 13:59:59,657.2,657.25,656.9,656.9,298
2026-08-12 14:00:59,657,657,656.6,656.9,418
2026-08-12 14:01:57,656.7,656.7,656.55,656.6,1470
2026-08-12 14:02:59,656.6,656.7,656.6,656.6,102
2026-08-12 14:03:59,656.75,657,656.75,657,375
2026-08-12 14:04:57,657,657,656.6,656.95,710
2026-08-12 14:05:58,657,657,657,657,73
2026-08-12 14:06:55,657.1,657.65,657.1,657.25,1914
2026-08-12 14:07:58,657.15,657.15,657.15,657.15,43
2026-08-12 14:08:56,657,657.35,657,657,300
2026-08-12 14:09:59,656.9,657.15,656.9,657.15,2222
2026-08-12 14:10:56,657.35,657.5,657.35,657.5,341
2026-08-12 14:11:56,657.45,657.45,657.2,657.2,31
2026-08-12 14:12:54,657.1,657.45,657.05,657.05,264
2026-08-12 14:13:56,657.4,657.4,657.1,657.1,93
2026-08-12 14:14:45,657.1,657.1,656.9,657,2364
2026-08-12 14:15:54,656.55,656.9,656.55,656.6,244
2026-08-12 14:16:55,656.9,656.9,656.6,656.6,82
2026-08-12 14:17:59,656.95,656.95,656.55,656.6,156
2026-08-12 14:18:57,656.9,656.9,656.55,656.65,1026
2026-08-12 14:19:50,656.65,656.85,656.65,656.85,136
2026-08-12 14:20:55,656.65,657.05,656.5,657.05,7812
2026-08-12 14:21:50,657.05,658.15,657.05,657.9,6899
2026-08-12 14:22:55,658.1,658.1,657.9,658,424
2026-08-12 14:23:55,658.1,658.4,657.75,658.1,358
2026-08-12 14:24:58,658.1,658.5,658.1,658.5,243
2026-08-12 14:25:59,658.35,658.35,658.35,658.35,53
2026-08-12 14:26:59,658.15,658.3,658.15,658.3,306
2026-08-12 14:27:54,658.3,658.3,658.05,658.3,486
2026-08-12 14:28:56,658,658.85,658,658.5,1542
2026-08-12 14:29:58,658.9,658.9,658.45,658.9,172
2026-08-12 14:30:56,658.9,659.8,658.9,659.3,3747
2026-08-12 14:31:57,659.5,659.5,659.25,659.5,145
2026-08-12 14:32:55,659.25,659.5,659.15,659.5,3008
2026-08-12 14:33:58,659.5,659.5,659.15,659.5,758
2026-08-12 14:34:54,659.15,659.4,659.15,659.15,194
2026-08-12 14:35:56,659.15,659.45,659,659.45,1424
2026-08-12 14:36:58,659.1,659.5,659.05,659.05,678
2026-08-12 14:37:55,659.05,659.05,659.05,659.05,423
2026-08-12 14:38:58,658.9,659.8,658.65,659.1,9905
2026-08-12 14:39:54,659,659.5,659,659.05,1837
2026-08-12 14:40:58,659.25,659.4,659.1,659.3,976
2026-08-12 14:41:56,659.3,659.5,659,659,1509
2026-08-12 14:42:59,659.4,659.4,658.95,659,751
2026-08-12 14:43:57,659,659,658.7,658.7,978
2026-08-12 14:44:56,659.1,659.25,658.9,659.25,318
2026-08-12 14:45:56,659.1,659.5,659.1,659.5,3744
2026-08-12 14:46:55,659.25,659.5,659.25,659.5,2120
2026-08-12 14:47:59,659.3,659.35,659.15,659.35,640
2026-08-12 14:48:58,659.15,659.3,659.05,659.05,81
2026-08-12 14:49:57,659.3,659.3,658.9,659.1,535
2026-08-12 14:50:56,659.1,659.3,659,659.3,859
2026-08-12 14:51:56,658.85,659.05,658.85,658.85,166
2026-08-12 14:52:55,658.9,659.3,658.9,659.15,1076
2026-08-12 14:53:58,659.25,659.5,659.15,659.45,6233
2026-08-12 14:54:58,659.45,659.5,659.25,659.5,8345
2026-08-12 14:55:57,659.85,659.85,659.25,659.25,3739
2026-08-12 14:56:57,659.55,659.8,659.2,659.2,3670
2026-08-12 14:57:56,659.3,659.75,659.3,659.65,6159
2026-08-12 14:58:57,659.6,659.8,659.2,659.2,2978
2026-08-12 14:59:54,659.2,659.6,659.15,659.6,1285
2026-08-12 15:00:56,659.7,659.75,659.2,659.65,2662
2026-08-12 15:01:57,659.85,659.95,659.6,659.85,8637
2026-08-12 15:02:55,659.95,660.25,659.85,660.25,9141
2026-08-12 15:03:54,659.55,660.15,659.55,660.15,8309
2026-08-12 15:04:58,660.15,660.5,659.95,660.5,4644
2026-08-12 15:05:54,660.5,660.5,660.4,660.5,1292
2026-08-12 15:06:56,660.5,660.85,660.35,660.45,7563
2026-08-12 15:07:58,660.3,660.75,660.3,660.7,3511
2026-08-12 15:08:59,660.55,660.55,660.3,660.5,2714
2026-08-12 15:09:53,660.55,661.8,660.55,661.8,4977
2026-08-12 15:10:56,662,662,661.8,661.95,1495
2026-08-12 15:11:59,661.95,662,660.9,660.9,3832
2026-08-12 15:12:57,660.25,660.45,659.65,660,3553
2026-08-12 15:13:53,660.1,660.6,660.1,660.45,1721
2026-08-12 15:14:55,660.3,660.65,660.15,660.35,1782
2026-08-12 15:15:55,660.4,660.4,660,660.25,4634
2026-08-12 15:16:56,660.35,660.4,660.35,660.4,662
2026-08-12 15:17:55,660.5,660.95,660.5,660.9,467
2026-08-12 15:18:58,661,661,660.75,660.75,4588
2026-08-12 15:19:59,659.8,660.25,659.2,659.8,1944
2026-08-12 15:20:53,659.15,659.85,659.15,659.85,2235
2026-08-12 15:21:56,660,660.9,660,660.9,1083
2026-08-12 15:22:59,661,661,660.9,661,1458
2026-08-12 15:23:56,661,661,660.15,660.85,2446
2026-08-12 15:24:54,660.95,660.95,659.95,660.7,3165
2026-08-12 15:25:54,660.65,661,660.6,660.75,2189
2026-08-12 15:26:53,660.6,660.7,660.4,660.6,480
2026-08-12 15:27:59,660.85,660.85,660.5,660.55,1278
2026-08-12 15:28:59,660.6,660.6,660.2,660.5,3087
2026-08-12 15:29:59,661,661.95,660.55,661,4721
2026-08-13 09:07:47,661,661,661,661,1288
2026-08-13 09:15:58,663.95,665.85,660.7,665.85,14380
2026-08-13 09:16:54,668.4,670.7,667.8,668.05,30238
2026-08-13 09:17:55,668.25,668.85,668,668.2,13760
2026-08-13 09:18:56,669.25,671.35,668.75,669.65,13224
2026-08-13 09:19:55,669.55,669.55,668,668,13321
2026-08-13 09:20:54,667.6,667.6,667,667.25,8889
2026-08-13 09:21:59,666.45,667,666.1,666.8,6110
2026-08-13 09:22:55,666.75,667.45,666,667.45,1781
2026-08-13 09:23:59,668.3,668.3,667.1,668.25,2149
2026-08-13 09:24:55,668.15,668.15,666.8,666.8,1266
2026-08-13 09:25:57,667,667.5,666.65,666.65,2471
2026-08-13 09:26:52,666.65,666.65,665.05,665.05,2497
2026-08-13 09:27:55,664.85,665,664,664.35,11954
2026-08-13 09:28:56,664.4,664.45,663.25,663.25,2378
2026-08-13 09:29:57,663.25,664,663.25,663.65,5171
2026-08-13 09:30:59,663.65,663.75,663.25,663.35,1132
2026-08-13 09:31:59,663.35,663.35,659.25,662,29037
2026-08-13 09:32:59,662,662,660.7,661,9737
2026-08-13 09:33:58,661.05,661.5,661,661,1873
2026-08-13 09:34:56,661.15,661.85,661.15,661.55,1952
2026-08-13 09:35:56,662.5,663.55,662.3,663.55,3425
2026-08-13 09:36:55,663.2,663.65,662.85,662.85,2383
2026-08-13 09:37:54,663,663,662.45,662.45,1814
2026-08-13 09:38:59,662.45,663,662.35,663,856
2026-08-13 09:39:57,662.6,663,662,662.8,976
2026-08-13 09:40:53,662.75,663,662,662,1867
2026-08-13 09:41:57,662.2,662.7,662.1,662.5,490
2026-08-13 09:42:53,662.7,662.7,662.25,662.7,373
2026-08-13 09:43:56,662.7,663.25,662.7,663.25,592
2026-08-13 09:44:53,663.3,663.45,662.8,662.8,4063
2026-08-13 09:45:58,662.8,662.8,662.2,662.7,776
2026-08-13 09:46:55,662.4,662.4,661.45,662.35,3711
2026-08-13 09:47:59,662,662,661.25,661.6,897
2026-08-13 09:48:55,661.7,662.3,661.7,662.3,378
2026-08-13 09:49:58,661.8,662.85,661.8,662.85,1224
2026-08-13 09:50:54,662.55,662.6,661.8,661.8,596
2026-08-13 09:51:56,662.5,662.5,661.7,661.7,142
2026-08-13 09:52:58,661.8,661.8,661.45,661.5,1321
2026-08-13 09:53:59,661.45,662.4,661.45,662.35,520
2026-08-13 09:54:53,661.95,662.4,661.9,662.4,157
2026-08-13 09:55:59,662,662.45,661.7,661.7,389
2026-08-13 09:56:56,662.05,662.05,661.75,661.85,581
2026-08-13 09:57:59,661.85,661.85,661.2,661.2,1380
2026-08-13 09:58:58,661.7,661.7,661.45,661.45,112
2026-08-13 09:59:58,661.75,661.75,661.15,661.45,1691
2026-08-13 10:00:56,661.45,661.45,661.15,661.15,134
2026-08-13 10:01:59,661.55,661.55,661.1,661.15,139
2026-08-13 10:02:57,661.55,661.55,660.8,660.8,1078
2026-08-13 10:03:55,660.2,660.7,660.2,660.65,2480
2026-08-13 10:04:58,660.15,660.5,660.15,660.5,771
2026-08-13 10:05:56,660.2,660.25,660.2,660.2,158
2026-08-13 10:06:59,660.25,660.25,660.25,660.25,92
2026-08-13 10:07:54,660.5,660.9,660.25,660.25,2013
2026-08-13 10:08:56,660.6,660.75,660.3,660.75,539
2026-08-13 10:09:54,660.3,660.35,660.3,660.3,728
2026-08-13 10:10:57,660.35,660.75,659.7,659.7,6438
2026-08-13 10:11:53,659.7,660,659.7,659.7,318
2026-08-13 10:12:55,659.9,659.9,659.5,659.5,393
2026-08-13 10:13:57,659.95,660,659,659.75,5391
2026-08-13 10:14:50,660,660,659.2,659.2,441
2026-08-13 10:15:57,659.8,659.8,659.05,659.2,961
2026-08-13 10:16:54,659.75,659.75,659.2,659.7,566
2026-08-13 10:17:54,659.6,659.7,659.2,659.6,668
2026-08-13 10:18:59,659.6,659.6,659.05,659.45,790
2026-08-13 10:19:54,659.05,659.5,659,659,2815
2026-08-13 10:20:55,658.85,658.85,658.05,658.6,2674
2026-08-13 10:21:55,658.55,658.55,658.25,658.25,439
2026-08-13 10:22:54,658.25,658.65,658.25,658.6,317
2026-08-13 10:23:58,658.65,659,658.65,659,1751
2026-08-13 10:24:56,658.65,658.7,658.65,658.65,896
2026-08-13 10:25:58,658.65,658.7,658.65,658.65,497
2026-08-13 10:26:59,658.95,658.95,658.6,658.6,545
2026-08-13 10:27:57,658.6,658.6,658.3,658.3,779
2026-08-13 10:28:59,658.3,658.8,658.25,658.25,1380
2026-08-13 10:29:58,658.55,658.6,657.2,658.3,5651
2026-08-13 10:30:56,658,658,658,658,239
2026-08-13 10:31:59,658,658,657.4,657.4,2275
2026-08-13 10:32:57,657.4,658,657.4,657.95,689
2026-08-13 10:33:54,658,658,657.7,658,703
2026-08-13 10:34:58,658,658.25,657.65,658.2,1156
2026-08-13 10:35:54,658.15,658.2,657.8,658.2,98
2026-08-13 10:36:58,658.3,658.3,657.85,658.2,442
2026-08-13 10:37:59,657.95,658.3,657.85,657.95,213
2026-08-13 10:38:59,657.85,657.85,657.8,657.8,250
2026-08-13 10:39:59,657.8,658,657.8,658,56
2026-08-13 10:40:58,658.2,658.45,658,658.45,414
2026-08-13 10:41:53,658.45,658.45,658.45,658.45,1091
2026-08-13 10:42:43,658.4,658.5,658,658.15,531
2026-08-13 10:43:59,658.6,658.75,658.6,658.75,826
2026-08-13 10:44:55,658.2,658.85,658.2,658.85,598
2026-08-13 10:45:55,659,659,658.65,658.65,1083
2026-08-13 10:46:55,658.6,659.1,658.5,659.1,1297
2026-08-13 10:47:48,659.3,659.3,658.7,659.3,704
2026-08-13 10:48:58,659.25,659.3,658.7,659.25,1164
2026-08-13 10:49:57,659.3,659.4,658.9,659.4,394
2026-08-13 10:50:56,659,659.5,659,659.15,64
2026-08-13 10:51:58,659.5,659.5,659.15,659.5,142
2026-08-13 10:52:59,659.5,659.5,659.15,659.5,57
2026-08-13 10:53:59,659.2,659.75,659.2,659.75,1096
2026-08-13 10:54:58,659.7,659.7,659.3,659.3,500
2026-08-13 10:55:59,659.6,659.6,659.2,659.3,2146
2026-08-13 10:56:55,659.3,659.3,659,659.1,653
2026-08-13 10:57:59,659.2,659.25,658.6,658.6,302
2026-08-13 10:58:59,658.7,658.7,658.7,658.7,120
2026-08-13 10:59:57,658.7,658.7,658.7,658.7,29
2026-08-13 11:00:56,659.2,659.2,658.7,658.7,24
2026-08-13 11:01:59,658.7,658.7,658.25,658.3,619
2026-08-13 11:02:59,658.05,658.3,657.8,658.3,910
2026-08-13 11:03:54,658.25,658.3,657.8,657.8,85
2026-08-13 11:04:59,657.8,658.2,657.8,658.15,134
2026-08-13 11:05:59,658.15,658.15,657.65,657.8,819
2026-08-13 11:06:58,657.5,657.7,657.5,657.7,122
2026-08-13 11:07:58,657.7,657.75,657.25,657.25,2915
2026-08-13 11:08:56,657.25,657.45,657.25,657.45,75
2026-08-13 11:09:58,657.45,657.45,657.45,657.45,164
2026-08-13 11:10:56,657.45,657.45,657.35,657.35,273
2026-08-13 11:11:58,657.3,657.3,657.25,657.3,127
2026-08-13 11:12:56,657.1,657.25,657,657.25,465
2026-08-13 11:13:58,657.3,657.3,657.05,657.05,75
2026-08-13 11:14:55,657.3,657.35,656.75,657.35,4527
2026-08-13 11:15:59,656.8,657.35,656.8,657.3,1025
2026-08-13 11:16:57,657.3,657.3,657.3,657.3,182
2026-08-13 11:17:59,656.9,657.45,656.9,657.45,461
2026-08-13 11:18:57,657.1,657.3,657.1,657.3,7
2026-08-13 11:19:59,657.3,657.45,657.05,657.45,421
2026-08-13 11:20:57,657.5,657.5,657.05,657.05,369
2026-08-13 11:21:57,657.45,658.3,657.45,658.3,6010
2026-08-13 11:22:57,658.8,658.85,658.5,658.5,793
2026-08-13 11:23:58,658.4,658.85,658.35,658.45,385
2026-08-13 11:24:51,658.8,658.8,658.35,658.7,252
2026-08-13 11:25:59,658.9,659,658.5,659,561
2026-08-13 11:26:58,659,659,658.5,658.5,39
2026-08-13 11:27:59,658.9,659.25,658.6,658.95,1224
2026-08-13 11:28:56,658.8,658.95,658.8,658.8,70
2026-08-13 11:29:59,658.95,658.95,658.8,658.95,107
2026-08-13 11:30:57,658.8,659.1,658.8,659.1,532
2026-08-13 11:31:55,658.8,658.8,658.8,658.8,17
2026-08-13 11:32:57,659.25,659.25,658.9,659.25,194
2026-08-13 11:33:55,659.25,659.25,659.25,659.25,26
2026-08-13 11:34:57,659.25,659.25,658.85,659.25,459
2026-08-13 11:35:55,658.9,659.25,658.9,658.95,27
2026-08-13 11:36:55,659.25,659.55,658.95,659.55,276
2026-08-13 11:37:58,659.5,659.55,659.5,659.55,18
2026-08-13 11:38:59,659.05,659.15,659.05,659.15,92
2026-08-13 11:39:59,659.55,659.55,658.85,658.85,1180
2026-08-13 11:40:55,659.25,659.45,659.25,659.45,177
2026-08-13 11:41:56,659.5,659.5,659,659.2,526
2026-08-13 11:42:56,659.1,659.1,659,659,364
2026-08-13 11:43:56,659.3,659.3,659,659.2,201
2026-08-13 11:44:50,659.2,659.2,658.85,658.85,811
2026-08-13 11:45:56,658.85,658.85,658.25,658.25,45
2026-08-13 11:46:56,658.05,658.35,658.05,658.35,12
2026-08-13 11:47:56,658.6,658.7,658.35,658.7,257
2026-08-13 11:48:57,658.7,658.7,658.7,658.7,28
2026-08-13 11:49:57,658.7,658.7,658.2,658.2,522
2026-08-13 11:51:57,658.25,658.25,658.2,658.2,85
2026-08-13 11:52:57,658.7,658.7,658.1,658.5,501
2026-08-13 11:53:55,658.5,658.5,657.55,657.55,2672
2026-08-13 11:54:56,657.6,657.8,657.35,657.6,406
2026-08-13 11:55:57,657.65,657.65,657.65,657.65,3086
2026-08-13 11:56:57,657.65,657.65,657.65,657.65,207
2026-08-13 11:57:55,658,658,658,658,14
2026-08-13 11:58:58,658,658,657.65,657.65,548
2026-08-13 11:59:56,658,658,658,658,102
2026-08-13 12:00:59,657.7,658.6,657.7,658.6,2391
2026-08-13 12:01:56,658.5,659.3,658.5,659.3,502
2026-08-13 12:02:55,659.25,659.3,658.85,658.9,226
2026-08-13 12:03:55,658.7,659,658.55,658.8,362
2026-08-13 12:04:57,659,659,659,659,4
2026-08-13 12:05:56,659.15,659.15,659.15,659.15,96
2026-08-13 12:06:58,658.65,659.1,658.6,659.1,239
2026-08-13 12:07:57,658.55,659,658.55,659,951
2026-08-13 12:08:57,659.15,659.15,658.55,658.55,1080
2026-08-13 12:09:59,658.55,659.35,658.55,659.35,908
2026-08-13 12:10:58,658.7,659.2,658.7,659.15,198
2026-08-13 12:11:55,658.75,658.75,658.55,658.55,139
2026-08-13 12:12:58,658.95,658.95,658.95,658.95,1
2026-08-13 12:13:45,659,659,659,659,12
2026-08-13 12:14:57,658.95,658.95,658.8,658.95,818
2026-08-13 12:15:56,658.95,659.2,658.7,659.2,722
2026-08-13 12:16:59,658.65,659.15,658.65,658.65,170
2026-08-13 12:17:56,658.65,659,658.6,659,403
2026-08-13 12:18:56,658.6,659.05,658.6,659.05,6
2026-08-13 12:19:58,659,659.05,659,659.05,111
2026-08-13 12:20:54,659,659,659,659,120
2026-08-13 12:21:50,659,659,659,659,38
2026-08-13 12:22:55,658.55,658.55,658.55,658.55,373
2026-08-13 12:23:55,658.95,658.95,658.85,658.95,23
2026-08-13 12:24:59,658.55,658.95,658.55,658.65,155
2026-08-13 12:25:57,658.6,658.95,658.6,658.95,98
2026-08-13 12:26:56,658.55,658.9,658.55,658.9,346
2026-08-13 12:27:59,658.9,658.9,658.55,658.55,1187
2026-08-13 12:28:58,658.6,658.8,658.55,658.55,90
2026-08-13 12:29:59,658.8,658.8,658.55,658.55,75
2026-08-13 12:30:59,658.55,658.85,658.55,658.55,389
2026-08-13 12:31:58,658.55,658.55,658.55,658.55,117
2026-08-13 12:32:58,658.55,658.8,658.55,658.8,424
2026-08-13 12:33:52,658.55,658.55,658.55,658.55,217
2026-08-13 12:34:59,658.8,658.9,658.8,658.8,195
2026-08-13 12:35:58,658.8,658.8,658.55,658.65,257
2026-08-13 12:36:58,658.55,658.7,658.35,658.7,397
2026-08-13 12:37:56,658.7,658.7,658.7,658.7,24
2026-08-13 12:38:51,658.3,658.7,658.2,658.7,394
2026-08-13 12:39:58,658.65,658.65,658.25,658.25,11
2026-08-13 12:40:55,658.65,658.65,658.25,658.6,503
2026-08-13 12:41:59,658.25,658.65,658.25,658.5,78
2026-08-13 12:42:58,658.5,658.65,658.5,658.5,372
2026-08-13 12:43:57,658.65,658.65,658.5,658.65,13
2026-08-13 12:44:58,658.4,658.65,658.4,658.6,150
2026-08-13 12:45:56,658.6,658.6,658.6,658.6,1
2026-08-13 12:46:55,658.5,658.55,658.3,658.3,115
2026-08-13 12:47:57,658.55,658.55,658.2,658.2,114
2026-08-13 12:48:59,658.2,658.2,658.2,658.2,2
2026-08-13 12:49:58,658.55,658.55,658.2,658.2,108
2026-08-13 12:50:56,658.55,658.55,658.25,658.55,17
2026-08-13 12:51:58,658.2,658.2,658,658,230
2026-08-13 12:52:55,658,658.3,658,658.3,772
2026-08-13 12:53:57,658.3,658.3,658.3,658.3,12
2026-08-13 12:54:58,658.3,658.3,657.65,658,281
2026-08-13 12:55:58,657.7,658,657.7,658,115
2026-08-13 12:56:57,658,658.2,657.95,658,55
2026-08-13 12:57:57,658.2,658.2,658.15,658.15,29
2026-08-13 12:58:56,658.3,658.3,657.7,657.7,806
2026-08-13 12:59:55,657.7,658.15,657.5,657.5,318
2026-08-13 13:00:56,657.65,657.65,657.2,657.2,1008
2026-08-13 13:01:59,657.2,657.6,657.2,657.6,152
2026-08-13 13:02:52,657.6,657.65,657.6,657.65,633
2026-08-13 13:03:57,657.65,657.65,657.3,657.3,50
2026-08-13 13:04:56,657.65,657.65,657.3,657.3,97
2026-08-13 13:05:59,657.15,657.6,657.15,657.2,739
2026-08-13 13:06:46,657.15,657.6,657.15,657.6,133
2026-08-13 13:07:56,657.65,657.65,657.65,657.65,240
2026-08-13 13:08:56,657.65,657.65,657.65,657.65,118
2026-08-13 13:09:51,657.5,657.5,657,657,958
2026-08-13 13:10:57,657.05,657.5,657.05,657.1,120
2026-08-13 13:11:58,657.1,657.5,657.1,657.45,266
2026-08-13 13:12:59,657.15,657.45,657.15,657.45,81
2026-08-13 13:13:55,657.45,657.5,657.15,657.5,320
2026-08-13 13:14:57,657.5,657.65,657.25,657.65,125
2026-08-13 13:15:47,657.3,657.3,657.25,657.25,108
2026-08-13 13:16:55,657.65,657.65,657.65,657.65,37
2026-08-13 13:17:55,657.65,657.85,657.5,657.85,27
2026-08-13 13:18:58,657.75,657.95,657.75,657.95,155
2026-08-13 13:19:56,657.85,657.85,657.5,657.5,139
2026-08-13 13:20:53,657.8,657.8,657.5,657.5,239
2026-08-13 13:21:56,657.2,657.2,657.2,657.2,11
2026-08-13 13:22:57,657.2,657.65,657.05,657.55,854
2026-08-13 13:23:55,657.05,657.5,657.05,657.5,39
2026-08-13 13:25:59,657.05,657.5,657.05,657.5,999
2026-08-13 13:26:57,657.5,657.6,657.5,657.5,28
2026-08-13 13:27:58,657.7,657.7,657.5,657.7,263
2026-08-13 13:28:56,657.65,657.65,657.3,657.65,42
2026-08-13 13:29:56,657.25,657.65,657.25,657.25,61
2026-08-13 13:30:56,657.7,657.7,657.15,657.55,386
2026-08-13 13:31:58,657.1,657.1,657.1,657.1,207
2026-08-13 13:32:53,657.55,657.65,657.15,657.2,101
2026-08-13 13:33:56,657.25,657.25,657.2,657.2,134
2026-08-13 13:34:59,657.2,657.6,657.2,657.6,50
2026-08-13 13:35:57,657.2,657.2,657.15,657.15,67
2026-08-13 13:36:59,657.25,657.65,657.25,657.65,58
2026-08-13 13:37:55,657.65,657.65,657.65,657.65,1
2026-08-13 13:38:55,657.7,657.7,657.25,657.25,127
2026-08-13 13:39:58,657.25,657.65,657.25,657.65,33
2026-08-13 13:40:56,657.65,657.65,657.25,657.65,52
2026-08-13 13:41:59,657.65,657.65,657.25,657.25,56
2026-08-13 13:42:48,657.65,657.65,657.3,657.3,12
2026-08-13 13:43:52,657.3,657.35,657.3,657.35,134
2026-08-13 13:44:58,657.5,657.75,657.25,657.25,237
2026-08-13 13:45:58,657.75,657.75,657.3,657.3,116
2026-08-13 13:46:58,657.35,657.95,657.35,657.95,304
2026-08-13 13:47:58,657.45,657.9,657.05,657.35,1020
2026-08-13 13:48:59,657.25,657.3,657.25,657.3,193
2026-08-13 13:49:56,657.3,657.3,657.2,657.25,1216
2026-08-13 13:50:56,657.25,657.75,657.25,657.3,376
2026-08-13 13:51:55,657,657.6,657,657.6,2185
2026-08-13 13:52:55,657.55,657.95,657.55,657.95,674
2026-08-13 13:53:55,657.9,657.9,657.5,657.5,138
2026-08-13 13:54:45,657.55,657.9,657.5,657.5,80
2026-08-13 13:55:55,657.95,658,657.55,657.55,523
2026-08-13 13:56:50,657.55,658,657.55,658,332
2026-08-13 13:57:59,658,658.05,657.3,657.3,1129
2026-08-13 13:58:58,658.1,658.1,657.35,657.9,722
2026-08-13 13:59:58,657.9,658.05,657.5,657.5,39
2026-08-13 14:00:55,657.95,657.95,657.45,657.45,36
2026-08-13 14:01:55,657.45,657.8,657.45,657.8,363
2026-08-13 14:02:59,657.1,657.75,657.1,657.75,490
2026-08-13 14:03:55,657.5,657.5,657.5,657.5,2700
2026-08-13 14:04:57,657.5,657.5,657.4,657.45,606
2026-08-13 14:05:57,657.45,657.45,657.45,657.45,65
2026-08-13 14:06:53,657.1,657.45,657.1,657.45,40
2026-08-13 14:07:58,657.45,657.45,657,657.4,343
2026-08-13 14:08:59,657.05,657.45,657,657.3,168
2026-08-13 14:09:58,657,657,656.75,656.95,3013
2026-08-13 14:10:57,656.95,656.95,656,656,3222
2026-08-13 14:11:59,656.05,656.45,656.05,656.45,106
2026-08-13 14:12:57,656.45,656.45,656.25,656.4,9
2026-08-13 14:13:55,656.4,656.4,655.25,655.8,5842
2026-08-13 14:14:55,655.9,656,655.75,655.95,713
2026-08-13 14:15:59,655.3,655.95,655.3,655.65,2087
2026-08-13 14:16:58,655.95,656,655.45,656,201
2026-08-13 14:17:56,656,656,655.85,655.85,135
2026-08-13 14:18:58,656,656.2,655.7,655.7,825
2026-08-13 14:19:58,655.75,656.3,655.75,655.75,2220
2026-08-13 14:20:56,655.75,656.3,655.55,656.25,708
2026-08-13 14:21:56,656.25,656.4,656.25,656.4,75
2026-08-13 14:22:57,656.25,656.55,656.25,656.55,292
2026-08-13 14:23:56,656.5,656.5,656.5,656.5,30
2026-08-13 14:24:56,655.85,656.5,655.85,656.5,781
2026-08-13 14:25:57,656.5,656.5,656,656,262
2026-08-13 14:26:59,656.5,656.5,656.1,656.5,301
2026-08-13 14:27:54,656.55,656.65,656.5,656.65,1086
2026-08-13 14:28:55,656.65,656.65,656.5,656.6,1979
2026-08-13 14:29:58,656.65,656.65,656.65,656.65,189
2026-08-13 14:30:54,657,657,657,657,45
2026-08-13 14:31:55,656.75,657.2,656.75,657.2,467
2026-08-13 14:32:55,656.75,657.1,656.75,657,349
2026-08-13 14:33:57,657,657.2,657,657.2,151
2026-08-13 14:34:57,656.8,656.95,656.8,656.95,6
2026-08-13 14:35:58,656.95,657.1,656.65,657.1,333
2026-08-13 14:36:54,656.7,657.1,656.7,657.1,119
2026-08-13 14:37:57,657.05,657.05,656.65,657.05,158
2026-08-13 14:38:57,656.75,657.1,656.75,657,87
2026-08-13 14:39:57,656.6,656.6,656.35,656.5,563
2026-08-13 14:40:59,656.5,657.05,656.5,657.05,957
2026-08-13 14:41:56,657.05,657.05,656.5,656.55,174
2026-08-13 14:42:56,656.55,656.9,656.55,656.9,69
2026-08-13 14:43:58,656.55,656.9,656.5,656.9,522
2026-08-13 14:44:54,656.95,657,656.65,656.65,1011
2026-08-13 14:45:59,656.65,657,656.5,656.55,609
2026-08-13 14:46:57,656.55,657,656.45,656.85,1411
2026-08-13 14:47:54,656.85,657.4,656.55,657.4,2003
2026-08-13 14:48:59,657.4,658.35,657,658.25,4649
2026-08-13 14:49:56,657.85,658.25,657.75,658.25,352
2026-08-13 14:50:56,658.25,658.3,657.9,657.9,313
2026-08-13 14:51:56,658.25,658.25,657.95,657.95,175
2026-08-13 14:52:55,657.95,658.8,657.95,658.65,3389
2026-08-13 14:53:55,658.65,658.65,658.15,658.45,1787
2026-08-13 14:54:59,658,658.4,657.95,657.95,513
2026-08-13 14:55:55,658.15,658.5,658.05,658.5,2574
2026-08-13 14:56:54,658.5,658.5,657.95,658.3,894
2026-08-13 14:57:53,658,658.85,658,658.85,1625
2026-08-13 14:58:59,658.1,658.65,658.1,658.5,572
2026-08-13 14:59:56,658.1,658.5,658.1,658.1,52
2026-08-13 15:00:57,657.85,657.85,656.1,656.1,10339
2026-08-13 15:01:58,656.5,656.9,656.15,656.25,3609
2026-08-13 15:02:54,656.75,656.75,656.55,656.7,133
2026-08-13 15:03:55,656.6,657.05,654.8,656.8,21274
2026-08-13 15:04:59,656.6,657,656.6,656.6,332
2026-08-13 15:05:54,656.6,657.5,656.5,657.5,1969
2026-08-13 15:06:56,657.75,657.75,656.85,657.05,6908
2026-08-13 15:07:52,657,657,654.4,655.05,8447
2026-08-13 15:08:54,655.5,655.7,655.5,655.7,953
2026-08-13 15:09:54,655.65,655.65,655.3,655.35,1658
2026-08-13 15:10:57,655.3,655.5,655.2,655.2,5605
2026-08-13 15:11:58,655.2,655.25,654,654.45,2838
2026-08-13 15:12:55,654.45,654.75,654,654.75,3215
2026-08-13 15:13:57,654.4,654.8,653,654.75,7899
2026-08-13 15:14:58,654.65,654.65,654,654.1,1215
2026-08-13 15:15:58,654.2,654.5,654.15,654.4,1314
2026-08-13 15:16:56,654.45,654.95,654.45,654.95,843
2026-08-13 15:17:56,654.95,655,654.85,655,1417
2026-08-13 15:18:59,655,655,654.2,654.35,1508
2026-08-13 15:19:56,654.9,655,654.4,654.45,2294
2026-08-13 15:20:58,654.4,654.7,653.4,654.1,2519
2026-08-13 15:21:54,653.95,654.95,653.95,654.95,1938
2026-08-13 15:22:55,654.75,654.75,653.75,654.1,1738
2026-08-13 15:23:56,654.15,654.15,653.5,654.15,1658
2026-08-13 15:24:58,654.15,654.15,652.8,654,8098
2026-08-13 15:25:57,654,654,652.1,654,8801
2026-08-13 15:26:54,654.5,654.75,654.4,654.75,2314
2026-08-13 15:27:55,654.95,654.95,654,654.95,4885
2026-08-13 15:28:55,654.05,655.45,653.65,654.95,4333
2026-08-13 15:29:57,654.3,655.6,653.8,655.45,2409
2026-08-13 15:30:02,653.8,653.8,653.8,653.8,10
2026-08-14 09:07:38,655.15,655.15,655.15,655.15,2948
2026-08-14 09:15:57,656,657.5,655.65,656.9,10999
2026-08-14 09:16:52,656.2,656.2,655.8,656,4482
2026-08-14 09:17:53,656,657,654.4,655.9,24455
2026-08-14 09:18:54,656,656.05,655.25,655.85,4368
2026-08-14 09:19:54,656.9,658,656.9,658,4965
2026-08-14 09:20:53,658.55,659.25,657.7,657.7,5465
2026-08-14 09:21:58,658.05,658.05,656.45,656.45,1943
2026-08-14 09:22:54,656.85,656.85,655.7,655.7,5037
2026-08-14 09:23:57,655.7,656.45,655.7,656.45,1076
2026-08-14 09:24:52,656.45,656.7,656,656,2268
2026-08-14 09:25:54,656,656,655.8,655.8,1597
2026-08-14 09:26:56,655.8,656,655.5,655.8,1498
2026-08-14 09:27:57,655.5,655.5,654.7,654.7,2018
2026-08-14 09:28:58,654.7,654.7,653.1,654.25,4787
2026-08-14 09:29:58,653.8,654.2,653.8,653.8,2201
2026-08-14 09:30:53,654.1,654.4,654.05,654.35,606
2026-08-14 09:31:53,654.3,654.3,652.65,652.95,6016
2026-08-14 09:32:59,653.05,654.5,653.05,654.5,1325
2026-08-14 09:33:58,654.7,655.65,654.7,655.65,6996
2026-08-14 09:34:58,655.65,655.65,654.9,654.9,1813
2026-08-14 09:35:56,654.9,655.3,654.9,655.3,1121
2026-08-14 09:36:55,655.85,655.85,655,655,1388
2026-08-14 09:37:55,654.45,655.5,654.45,655.5,255
2026-08-14 09:38:52,655.8,656.3,655.6,655.8,1552
2026-08-14 09:39:58,655.75,655.8,655.75,655.8,631
2026-08-14 09:40:56,655.65,655.65,654.45,654.45,1832
2026-08-14 09:41:59,654.45,655,654.45,655,4375
2026-08-14 09:42:54,655.1,655.4,654.95,655.35,97
2026-08-14 09:43:56,655.4,655.4,654.95,655,463
2026-08-14 09:44:59,654.95,654.95,654.45,654.45,253
2026-08-14 09:45:55,654.45,654.85,654.45,654.85,155
2026-08-14 09:46:56,654.45,654.45,654,654,2091
2026-08-14 09:47:58,654.4,654.4,653.7,653.7,4002
2026-08-14 09:48:53,654.55,655.65,654.5,655.15,1237
2026-08-14 09:49:54,655.7,655.9,655.4,655.85,429
2026-08-14 09:50:55,655.25,656,655.25,656,1172
2026-08-14 09:51:56,655.55,656,655.55,656,465
2026-08-14 09:52:55,655.8,655.9,655.3,655.9,1585
2026-08-14 09:53:55,655.75,655.75,655.5,655.5,793
2026-08-14 09:54:57,655.15,655.55,654.9,655.05,1397
2026-08-14 09:55:58,654.55,654.65,654.4,654.65,340
2026-08-14 09:56:57,654.85,654.85,654.55,654.55,95
2026-08-14 09:57:56,654.85,654.85,654.55,654.55,545
2026-08-14 09:58:54,654.25,654.85,654.25,654.85,1077
2026-08-14 09:59:58,654.4,654.9,654.35,654.9,151
2026-08-14 10:00:57,654.9,654.9,654.6,654.6,110
2026-08-14 10:01:53,654.6,654.6,654.4,654.4,700
2026-08-14 10:02:58,654.45,654.9,654.45,654.65,1978
2026-08-14 10:03:56,655,655.55,655,655.1,1388
2026-08-14 10:04:59,655.05,655.5,655.05,655.45,190
2026-08-14 10:05:56,655.5,656,655,656,3967
2026-08-14 10:06:55,655.95,656,655.65,655.65,259
2026-08-14 10:07:58,656,656,655.65,656,2003
2026-08-14 10:08:59,656.2,656.8,656.2,656.65,547
2026-08-14 10:09:57,656.4,657.25,656.15,656.85,13298
2026-08-14 10:10:58,656.45,657,656.45,657,1070
2026-08-14 10:11:54,657.45,660,657.45,660,19304
2026-08-14 10:12:59,660,660.1,658.35,659,8231
2026-08-14 10:13:58,658.95,659.75,658.5,659.15,3148
2026-08-14 10:14:55,658.5,659.8,658.45,659.8,3690
2026-08-14 10:15:56,659.85,661.2,659.85,660.85,6216
2026-08-14 10:16:57,660.35,660.6,659,659,6102
2026-08-14 10:17:56,658.65,658.65,657.2,657.75,2409
2026-08-14 10:18:56,657.65,657.65,656.7,657.05,1307
2026-08-14 10:19:58,657.3,657.6,657,657,1305
2026-08-14 10:20:57,657.5,657.5,657.05,657.05,354
2026-08-14 10:21:55,657.65,657.65,656.5,656.5,3400
2026-08-14 10:22:58,656.9,657.05,656.9,656.9,1199
2026-08-14 10:23:55,656.65,656.65,656.1,656.45,1401
2026-08-14 10:24:57,656.4,657.25,656.4,657.25,480
2026-08-14 10:25:54,657.45,658.5,657.45,658.5,2407
2026-08-14 10:26:59,658.5,658.5,657.8,657.8,608
2026-08-14 10:27:56,657.45,657.85,657.45,657.7,148
2026-08-14 10:28:59,657.65,657.9,657.5,657.5,283
2026-08-14 10:29:55,657.95,657.95,657.4,657.5,853
2026-08-14 10:30:55,657.05,657.15,656.6,656.6,2924
2026-08-14 10:31:58,656.6,657.25,656.6,656.7,410
2026-08-14 10:32:55,656.8,656.8,656.5,656.5,1821
2026-08-14 10:33:54,656.25,656.25,655.45,655.45,2720
2026-08-14 10:34:51,655.95,657.5,655.75,656.95,6182
2026-08-14 10:35:56,657,657.5,656.55,657.5,420
2026-08-14 10:36:58,657.5,657.65,657.15,657.15,1020
2026-08-14 10:37:54,656.8,658.7,656.8,658.6,1148
2026-08-14 10:38:54,658.6,658.6,658.3,658.6,2180
2026-08-14 10:39:54,658.6,658.6,658.6,658.6,162
2026-08-14 10:40:56,658.05,658.15,658,658,780
2026-08-14 10:41:55,658,658.55,657.55,658.55,550
2026-08-14 10:42:58,658.7,658.75,658.2,658.75,659
2026-08-14 10:43:55,658.2,658.2,657.45,657.45,325
2026-08-14 10:44:57,657.85,657.85,657.4,657.6,1608
2026-08-14 10:45:56,658,658,657.35,657.9,217
2026-08-14 10:46:57,657.55,658.2,657.55,657.6,514
2026-08-14 10:47:55,658,658,658,658,17
2026-08-14 10:48:57,657.65,657.95,657.2,657.35,390
2026-08-14 10:49:59,657.4,657.4,657.2,657.2,528
2026-08-14 10:50:56,657,657,657,657,286
2026-08-14 10:51:55,657,657,657,657,259
2026-08-14 10:52:55,657.05,657.05,657,657,938
2026-08-14 10:53:55,656.65,656.9,656.65,656.65,44
2026-08-14 10:54:56,656.65,656.9,656.65,656.8,2084
2026-08-14 10:55:53,657.65,657.65,657,657,740
2026-08-14 10:56:59,656.6,657,656.6,656.6,539
2026-08-14 10:57:55,656.5,656.5,656.2,656.5,240
2026-08-14 10:58:57,656.05,656.35,656.05,656.35,260
2026-08-14 10:59:54,656.3,656.3,655.05,655.2,6209
2026-08-14 11:00:58,655.1,655.8,655.1,655.8,221
2026-08-14 11:01:59,655.8,655.8,655.35,655.35,282
2026-08-14 11:02:57,655.8,655.8,655.25,655.8,156
2026-08-14 11:03:59,655.35,656.3,655.15,656.3,747
2026-08-14 11:04:55,656.45,656.45,655.8,656.3,828
2026-08-14 11:05:56,656.3,656.3,655.75,655.75,273
2026-08-14 11:06:56,656.2,656.2,656,656.05,166
2026-08-14 11:07:56,655.75,656.1,655.75,656.1,28
2026-08-14 11:08:58,655.65,656.1,655.65,656.1,73
2026-08-14 11:09:55,656.1,656.1,655.65,656,78
2026-08-14 11:10:59,655.65,655.65,655.3,655.65,1423
2026-08-14 11:11:58,655.1,655.6,655.1,655.15,555
2026-08-14 11:12:59,655.15,655.8,655.15,655.8,246
2026-08-14 11:13:59,655.2,655.65,655.2,655.65,11
2026-08-14 11:14:58,655.65,655.65,654.85,654.85,3508
2026-08-14 11:15:57,654.9,655,654.9,655,490
2026-08-14 11:16:57,655,655.4,655,655,57
2026-08-14 11:17:55,655,655.3,655,655.3,42
2026-08-14 11:18:57,655.4,656,655.35,656,813
2026-08-14 11:19:56,655.6,656,655.55,655.55,205
2026-08-14 11:21:59,655.55,656.15,655.55,656.15,363
2026-08-14 11:22:53,656,656.15,656,656.15,94
2026-08-14 11:23:57,656,656.7,656,656.25,138
2026-08-14 11:24:56,656.1,656.15,655.55,656.1,677
2026-08-14 11:25:53,656.1,656.1,656,656,569
2026-08-14 11:26:55,656,656.25,655.7,656.15,298
2026-08-14 11:27:58,656,656.1,655.7,655.7,68
2026-08-14 11:28:56,655.7,656.15,655.7,655.7,84
2026-08-14 11:29:59,655.75,655.75,655.5,655.7,361
2026-08-14 11:30:50,655.7,655.75,655.35,655.75,2414
2026-08-14 11:31:57,655.15,655.7,655.15,655.4,311
2026-08-14 11:32:57,655.8,655.85,655.45,655.85,33
2026-08-14 11:33:58,655.9,655.9,655.85,655.85,267
2026-08-14 11:34:55,656,656.05,656,656.05,625
2026-08-14 11:35:56,656.05,656.45,656.05,656.45,78
2026-08-14 11:36:56,656,656,655.9,655.9,235
2026-08-14 11:37:58,655.9,656.3,655.8,656.3,87
2026-08-14 11:38:58,655.75,655.75,655.6,655.6,102
2026-08-14 11:39:58,655.4,655.9,655.35,655.35,203
2026-08-14 11:40:56,655.95,655.95,655.5,655.5,110
2026-08-14 11:41:55,655.55,656.2,655.55,656.2,305
2026-08-14 11:42:55,656.2,656.45,656.2,656.2,1153
2026-08-14 11:43:56,656.2,656.2,656.2,656.2,33
2026-08-14 11:44:59,656.5,656.5,655.85,655.85,353
2026-08-14 11:45:55,655.8,656.05,655.75,656.05,984
2026-08-14 11:46:57,656.05,656.35,656,656.35,266
2026-08-14 11:47:59,656.2,656.5,656.2,656.3,69
2026-08-14 11:48:55,656.3,656.5,656.3,656.5,136
2026-08-14 11:49:59,656.5,657,656.5,657,1494
2026-08-14 11:50:59,657,657,656.65,656.65,883
2026-08-14 11:51:57,656.65,656.65,656.45,656.45,57
2026-08-14 11:52:56,657.1,657.2,656.75,656.75,729
2026-08-14 11:53:57,657.1,657.1,656.75,657,115
2026-08-14 11:54:57,657,657,656.75,656.75,127
2026-08-14 11:55:57,656.6,657,656.6,657,145
2026-08-14 11:56:56,657,657,656.65,656.65,182
2026-08-14 11:57:55,656.65,657,656.65,657,116
2026-08-14 11:58:57,656.6,657,656.6,656.7,72
2026-08-14 11:59:56,656.75,657.45,656.75,657.45,1050
2026-08-14 12:00:59,657.65,657.65,657.15,657.25,2606
2026-08-14 12:01:56,657.15,657.45,657,657.45,139
2026-08-14 12:02:56,657.45,657.55,657.1,657.4,97
2026-08-14 12:03:55,657.5,657.5,657,657.15,129
2026-08-14 12:04:44,657.2,657.2,657.1,657.1,82
2026-08-14 12:05:54,656.8,657.15,656.5,656.65,523
2026-08-14 12:06:49,657.05,657.05,656.5,656.5,528
2026-08-14 12:07:56,656.95,656.95,656.55,656.55,65
2026-08-14 12:08:56,656.55,656.55,656.2,656.2,1844
2026-08-14 12:09:55,656.5,656.5,656.5,656.5,298
2026-08-14 12:10:55,656.5,656.8,656.5,656.8,66
2026-08-14 12:11:59,656.85,656.85,656.8,656.8,163
2026-08-14 12:12:55,656.85,656.85,655.8,655.8,3695
2026-08-14 12:13:59,655.95,657,655.95,657,3450
2026-08-14 12:14:58,657.3,657.35,657,657,1736
2026-08-14 12:15:56,656.95,656.95,656.5,656.9,307
2026-08-14 12:16:48,656.85,656.85,656.85,656.85,1
2026-08-14 12:17:55,656.5,656.5,656,656.45,456
2026-08-14 12:18:56,656.45,656.5,656,656.5,2332
2026-08-14 12:19:59,656.2,656.7,656.2,656.7,361
2026-08-14 12:20:57,656.85,657,656.85,656.85,196
2026-08-14 12:21:55,656.85,657,656.85,657,205
2026-08-14 12:22:56,657,657.2,656.75,656.85,627
2026-08-14 12:23:57,656.85,656.85,656.75,656.75,55
2026-08-14 12:24:57,657.2,657.25,656.75,657.25,88
2026-08-14 12:25:58,657.15,657.15,657.15,657.15,80
2026-08-14 12:26:56,657.2,657.2,656.5,656.6,387
2026-08-14 12:27:58,656.05,656.05,656,656,270
2026-08-14 12:28:52,656,656.35,656,656.35,1591
2026-08-14 12:29:39,656.45,656.45,656.4,656.4,20
2026-08-14 12:30:56,656.45,656.45,656,656,351
2026-08-14 12:31:55,656,656,655.7,655.7,184
2026-08-14 12:32:59,655.75,656.2,655.75,656.2,28
2026-08-14 12:33:56,656,656,655.3,655.7,4555
2026-08-14 12:35:57,655.75,656.2,655.75,655.75,303
2026-08-14 12:36:53,656,656,656,656,7
2026-08-14 12:37:46,655.75,655.75,655.75,655.75,59
2026-08-14 12:39:53,655.75,655.75,655.75,655.75,356
2026-08-14 12:40:59,655.8,655.8,655.8,655.8,65
2026-08-14 12:41:59,655.8,656,655.8,655.95,514
2026-08-14 12:42:58,655.8,656.25,655.8,656.25,114
2026-08-14 12:43:57,655.9,656.25,655.85,655.85,242
2026-08-14 12:44:58,656,656,655.8,656,97
2026-08-14 12:45:59,656,656,656,656,29
2026-08-14 12:46:58,656,656,655.8,655.8,311
2026-08-14 12:47:58,655.8,655.8,655.8,655.8,51
2026-08-14 12:48:49,655.8,656,655.8,656,297
2026-08-14 12:49:55,656,656,655.55,655.55,2108
2026-08-14 12:50:52,656,656,656,656,180
2026-08-14 12:51:57,656.1,656.1,656.1,656.1,140
2026-08-14 12:52:58,656,656.1,656,656.1,50
2026-08-14 12:53:57,656.1,656.1,656.1,656.1,12
2026-08-14 12:54:59,656.1,656.1,655.9,655.9,31
2026-08-14 12:55:59,656,656,655.9,655.9,103
2026-08-14 12:56:58,655.65,655.65,655.65,655.65,50
2026-08-14 12:57:49,655.65,655.95,655.6,655.95,184
2026-08-14 12:58:54,655.6,656,655.6,656,526
2026-08-14 12:59:56,655.6,655.95,655.6,655.95,11
2026-08-14 13:00:47,655.6,655.6,655.6,655.6,102
2026-08-14 13:01:58,655.95,655.95,655.3,655.55,1322
2026-08-14 13:02:56,655.2,655.55,655.2,655.2,74
2026-08-14 13:03:51,655.2,655.5,655.2,655.2,269
2026-08-14 13:04:59,655.8,656,655.65,655.65,1433
2026-08-14 13:05:59,656,656,656,656,107
2026-08-14 13:06:56,656,656,655.65,656,110
2026-08-14 13:07:47,656,656,656,656,95
2026-08-14 13:08:56,656,656,655.65,655.65,11
2026-08-14 13:09:51,656,656,656,656,3
2026-08-14 13:10:52,656,656,656,656,306
2026-08-14 13:11:57,656,656,656,656,235
2026-08-14 13:12:57,656,656,656,656,592
2026-08-14 13:13:52,656.05,656.05,656.05,656.05,102
2026-08-14 13:14:52,656.25,656.25,656.25,656.25,507
2026-08-14 13:15:56,656.25,656.3,656.25,656.3,138
2026-08-14 13:16:48,656.05,656.1,656.05,656.1,105
2026-08-14 13:17:49,656.1,656.15,656.1,656.15,9
2026-08-14 13:18:56,656.15,656.15,656.15,656.15,4
2026-08-14 13:19:57,656.15,656.45,656.15,656.45,127
2026-08-14 13:20:58,656.45,656.7,656.15,656.35,371
2026-08-14 13:21:55,656.35,656.7,656.15,656.25,194
2026-08-14 13:22:56,656.65,656.65,656.65,656.65,5
2026-08-14 13:23:48,656.65,656.65,656.25,656.25,86
2026-08-14 13:24:54,656.55,656.8,656.55,656.8,333
2026-08-14 13:25:56,656.3,656.7,656.15,656.15,657
2026-08-14 13:26:56,656.15,656.2,656.1,656.2,323
2026-08-14 13:27:57,656.2,656.2,656.2,656.2,22
2026-08-14 13:28:56,656.2,656.5,656.2,656.45,61
2026-08-14 13:29:57,656.15,656.55,656.15,656.55,62
2026-08-14 13:30:54,656.15,656.2,656.15,656.2,191
2026-08-14 13:32:55,656.55,656.55,656.2,656.2,80
2026-08-14 13:33:59,656.5,656.5,656.15,656.2,354
2026-08-14 13:34:57,656.15,656.15,656,656,1891
2026-08-14 13:35:55,656,656.45,656,656,3350
2026-08-14 13:36:57,656,656.25,656,656,1150
2026-08-14 13:37:58,656.05,656.05,656,656,36
2026-08-14 13:38:56,656,656,655.75,655.75,755
2026-08-14 13:39:58,656,656,655.65,655.65,210
2026-08-14 13:40:58,655.6,656,655.6,656,238
2026-08-14 13:41:58,655.6,656,655.55,655.55,138
2026-08-14 13:42:52,656,656,655.55,655.55,63
2026-08-14 13:43:57,656,656,655.35,655.35,237
2026-08-14 13:44:51,655.8,655.8,655.35,655.45,322
2026-08-14 13:45:56,655.8,655.9,655.3,655.9,328
2026-08-14 13:46:57,656,656.45,656,656.2,180
2026-08-14 13:47:47,656.55,656.6,656.3,656.6,245
2026-08-14 13:48:54,656.5,656.5,656.3,656.3,792
2026-08-14 13:49:57,655.95,656,655.7,656,597
2026-08-14 13:50:59,656,656.5,656,656.05,618
2026-08-14 13:51:57,656.5,656.5,656.1,656.15,21
2026-08-14 13:52:57,656.15,656.5,656,656.15,118
2026-08-14 13:53:54,655.75,656.2,655.75,656.2,201
2026-08-14 13:54:57,655.75,656.2,655.75,656.2,237
2026-08-14 13:55:53,655.9,656.05,655.9,656.05,206
2026-08-14 13:56:56,656.05,656.2,656.05,656.15,157
2026-08-14 13:57:58,656.2,656.2,656.2,656.2,453
2026-08-14 13:58:57,656.2,657,656.2,657,1662
2026-08-14 13:59:57,656.5,656.8,656.5,656.8,74
2026-08-14 14:00:56,656.8,656.8,656.2,656.2,496
2026-08-14 14:01:56,656.2,656.45,656.1,656.45,239
2026-08-14 14:02:56,656.45,656.45,655.75,655.75,383
2026-08-14 14:03:54,655.9,655.95,655.9,655.95,23
2026-08-14 14:04:56,655.7,655.9,655.7,655.7,367
2026-08-14 14:05:59,656,656.5,656,656.5,3111
2026-08-14 14:06:55,656.5,656.5,656.35,656.35,64
2026-08-14 14:07:59,656.45,656.6,656.2,656.6,214
2026-08-14 14:08:52,656.35,656.35,656.35,656.35,1
2026-08-14 14:09:57,656.35,656.75,656.3,656.75,597
2026-08-14 14:10:44,656.8,656.8,656.4,656.4,174
2026-08-14 14:13:59,656.15,656.15,656,656.15,572
2026-08-14 14:14:58,656.2,656.9,656.2,656.9,1561
2026-08-14 14:15:51,656.85,656.85,656.65,656.65,260
2026-08-14 14:16:55,657,657,656.65,657,1100
2026-08-14 14:17:56,657,657.5,657,657.5,4286
2026-08-14 14:18:58,657.45,657.45,656.95,657.15,488
2026-08-14 14:19:54,657.15,657.15,656.1,656.1,1516
2026-08-14 14:20:56,656.7,656.7,656.15,656.15,162
2026-08-14 14:21:51,656.15,656.5,656.15,656.5,899
2026-08-14 14:22:51,656.15,656.5,656.15,656.45,1161
2026-08-14 14:23:57,656.3,656.45,656.2,656.2,194
2026-08-14 14:24:58,655.95,655.95,655.4,655.45,1719
2026-08-14 14:25:58,655.55,656,655.45,656,40
2026-08-14 14:26:57,655.5,655.5,655.4,655.5,48
2026-08-14 14:27:54,655.4,655.75,655.15,655.15,166
2026-08-14 14:28:57,655.7,655.9,655.15,655.9,653
2026-08-14 14:29:55,655.8,656.15,655.4,656.15,1100
2026-08-14 14:30:58,656.1,656.1,655.35,655.45,466
2026-08-14 14:31:54,655.5,655.95,655.5,655.85,168
2026-08-14 14:32:57,655.35,655.9,655.35,655.75,551
2026-08-14 14:33:55,655.85,655.85,655.75,655.8,776
2026-08-14 14:34:55,655.8,655.8,655.4,655.4,212
2026-08-14 14:35:56,655.8,655.8,655.35,655.35,159
2026-08-14 14:36:55,655.3,655.85,655.3,655.45,745
2026-08-14 14:37:50,655.2,655.5,655.2,655.2,525
2026-08-14 14:38:56,655.2,655.2,654.55,654.9,4205
2026-08-14 14:39:55,654.55,654.95,654.55,654.55,660
2026-08-14 14:40:56,654.55,654.85,654.5,654.85,277
2026-08-14 14:41:57,654.5,654.8,654.4,654.4,2643
2026-08-14 14:42:57,654.4,654.4,653.85,654.05,9462
2026-08-14 14:43:58,654.4,654.4,653.95,653.95,469
2026-08-14 14:44:54,654.95,655.3,654.65,654.65,532
2026-08-14 14:45:59,655.5,655.5,655.05,655.25,1129
2026-08-14 14:46:56,655.3,655.3,654.95,654.95,451
2026-08-14 14:47:56,654.6,655.35,654.6,655.1,687
2026-08-14 14:48:59,655.6,655.65,655.25,655.6,1775
2026-08-14 14:49:54,655.6,655.6,655.2,655.25,57
2026-08-14 14:50:53,655.3,655.5,655.3,655.5,153
2026-08-14 14:51:58,655.35,655.5,655.35,655.4,1190
2026-08-14 14:52:55,655.4,655.4,655.4,655.4,358
2026-08-14 14:53:54,655.35,655.6,655.35,655.6,52
2026-08-14 14:54:58,654.8,655.55,654.8,655.55,1432
2026-08-14 14:55:55,655.55,655.55,654.6,654.95,4587
2026-08-14 14:56:55,654.65,654.65,654.5,654.65,130
2026-08-14 14:57:55,654.5,654.65,654.5,654.5,416
2026-08-14 14:58:55,654.55,655,654.55,654.7,2341
2026-08-14 14:59:59,654.7,654.7,654.7,654.7,89
2026-08-14 15:00:54,655.15,655.15,654.55,654.55,4440
2026-08-14 15:01:55,654.95,655.2,654.75,655.1,2119
2026-08-14 15:02:54,655.55,655.6,655.25,655.25,1685
2026-08-14 15:03:54,655.5,655.5,654.9,654.9,1217
2026-08-14 15:04:57,654.9,655.45,654.9,655.4,1779
2026-08-14 15:05:59,655.45,655.45,654.45,655,3479
2026-08-14 15:06:55,655.45,655.5,655,655,3561
2026-08-14 15:07:57,655.25,655.7,655.25,655.6,1593
2026-08-14 15:08:57,655.2,655.9,654.45,654.55,5136
2026-08-14 15:09:57,654.5,655.55,654.05,655.55,3025
2026-08-14 15:10:59,655.4,655.4,654.45,654.45,1688
2026-08-14 15:11:54,654.1,654.65,654,654.45,4962
2026-08-14 15:12:58,654.15,654.75,653.6,654.2,4845
2026-08-14 15:13:58,654.2,654.3,653.6,654.3,889
2026-08-14 15:14:55,654.3,654.3,654,654.1,1412
2026-08-14 15:15:58,654.25,654.3,653.5,653.95,2046
2026-08-14 15:16:55,654.2,654.2,653.6,653.6,3850
2026-08-14 15:17:59,653.5,653.5,653.05,653.05,550
2026-08-14 15:18:55,653,653.3,652.4,653,3756
2026-08-14 15:19:55,653,653,652.65,652.95,1380
2026-08-14 15:20:56,652.9,653.35,652.05,653,5639
2026-08-14 15:21:59,653,653,652.7,652.9,3178
2026-08-14 15:22:54,653,653.8,653,653.4,685
2026-08-14 15:23:54,653.4,653.4,652.8,653.25,1879
2026-08-14 15:24:56,653.3,653.3,652.3,653,2133
2026-08-14 15:25:56,653,653,652.1,652.9,2762
2026-08-14 15:26:54,652.9,653.55,652.65,653.55,3716
2026-08-14 15:27:56,653.5,653.5,653,653.1,730
2026-08-14 15:28:55,653,653.15,652.8,653.15,3598
2026-08-14 15:29:59,653.2,655,653.2,655,2017
2026-08-14 15:30:02,656.15,656.15,656.15,656.15,622
2026-08-17 09:07:25,655,655,655,655,3007
2026-08-17 09:15:54,654.5,655.05,651,651.5,5898
2026-08-17 09:16:53,650.65,654.05,650,652.85,5541
2026-08-17 09:17:58,652.8,653.5,651.05,651.05,5678
2026-08-17 09:18:52,652,652.55,651.35,652.55,5662
2026-08-17 09:19:53,652.5,652.5,651.3,651.85,2679
2026-08-17 09:20:54,651.3,651.85,650.7,650.7,5049
2026-08-17 09:21:52,651.35,652.15,650.7,651.75,3734
2026-08-17 09:22:59,652,652,650.1,651,3605
2026-08-17 09:23:57,650.65,650.65,650.25,650.5,491
2026-08-17 09:24:54,650.95,652.7,650.95,652.15,6955
2026-08-17 09:25:59,652.5,653,652.45,653,1824
2026-08-17 09:26:54,653,653.55,652.5,653.55,4796
2026-08-17 09:27:59,653.05,653.45,652.3,652.3,3250
2026-08-17 09:28:54,652.35,652.35,652.3,652.3,1831
2026-08-17 09:29:56,652.3,652.3,651.5,651.8,8966
2026-08-17 09:30:52,651.5,651.5,651,651.45,2406
2026-08-17 09:31:54,651.85,651.85,651.3,651.3,1830
2026-08-17 09:32:56,651.75,652.1,651.35,651.5,1268
2026-08-17 09:33:56,651.2,651.5,651.2,651.45,311
2026-08-17 09:34:55,651.2,651.5,651.2,651.5,392
2026-08-17 09:35:53,651.2,651.65,651.2,651.5,664
2026-08-17 09:36:54,651.5,651.5,651.2,651.5,520
2026-08-17 09:37:55,651.5,651.85,651.1,651.35,539
2026-08-17 09:38:56,651.85,652.45,651.85,652.45,355
2026-08-17 09:39:55,652.45,652.95,651.85,651.85,1952
2026-08-17 09:40:54,652.3,652.5,651.5,651.75,713
2026-08-17 09:41:59,651.75,652.05,651.5,651.95,1260
2026-08-17 09:42:56,652,652,651.5,651.5,729
2026-08-17 09:43:53,652,652,651.3,651.6,488
2026-08-17 09:44:59,651.6,651.75,651.25,651.25,183
2026-08-17 09:45:58,651,651.5,650.9,651.45,2832
2026-08-17 09:46:57,651.2,651.5,650.95,651.4,293
2026-08-17 09:47:54,651.4,651.4,650.9,651.35,443
2026-08-17 09:48:57,651.45,651.55,651.05,651.55,343
2026-08-17 09:49:53,651.6,651.6,651.15,651.55,415
2026-08-17 09:50:57,651.6,651.6,651.05,651.35,151
2026-08-17 09:51:59,651.1,651.7,651.1,651.7,267
2026-08-17 09:52:55,651.7,651.7,651.45,651.6,132
2026-08-17 09:53:58,651.55,651.6,651.1,651.2,722
2026-08-17 09:54:53,651.4,651.4,651.1,651.15,93
2026-08-17 09:55:57,651.15,651.4,651.1,651.1,520
2026-08-17 09:56:55,651.1,651.5,651.1,651.5,135
2026-08-17 09:57:56,651.2,651.6,650.6,650.6,1210
2026-08-17 09:58:59,650.95,651.6,650.95,651.6,315
2026-08-17 09:59:59,651.55,651.55,651,651.35,657
2026-08-17 10:00:59,650.65,650.65,650,650.05,4907
2026-08-17 10:01:57,650.5,650.6,650.05,650.1,748
2026-08-17 10:02:56,650.5,650.55,650,650,2090
2026-08-17 10:03:54,650.45,650.6,650,650,3134
2026-08-17 10:04:53,649.4,650,649,650,2634
2026-08-17 10:05:59,649.9,650.15,649.75,650,783
2026-08-17 10:06:59,650,650.5,650,650.5,401
2026-08-17 10:07:57,650.4,650.4,650.05,650.25,179
2026-08-17 10:08:56,650.4,650.4,650.1,650.4,284
2026-08-17 10:09:53,650.1,650.4,650.1,650.4,128
2026-08-17 10:10:57,650.5,650.6,650.4,650.4,174
2026-08-17 10:11:56,650.4,650.6,650.3,650.3,328
2026-08-17 10:12:54,650.25,650.25,650.25,650.25,375
2026-08-17 10:13:55,650.6,650.6,650.25,650.6,593
2026-08-17 10:14:57,650.75,650.75,650.35,650.75,160
2026-08-17 10:15:59,650.75,650.75,650,650.7,1678
2026-08-17 10:16:59,650.3,651.25,650.3,651.25,1156
2026-08-17 10:17:58,651.25,651.4,650.5,650.5,865
2026-08-17 10:18:59,651,651,650,650.05,1847
2026-08-17 10:19:57,650.5,650.5,650,650.3,90
2026-08-17 10:20:58,650,650.4,650,650.1,644
2026-08-17 10:21:59,650.1,650.45,650,650.4,790
2026-08-17 10:22:59,650,650.3,650,650.05,94
2026-08-17 10:23:55,650,650.4,650,650.4,713
2026-08-17 10:24:54,650.4,650.4,650,650,453
2026-08-17 10:25:55,650,650.35,650,650,2408
2026-08-17 10:26:56,650,650.35,650,650.2,660
2026-08-17 10:27:59,650,650.5,650,650,447
2026-08-17 10:28:58,650,650.4,650,650.1,212
2026-08-17 10:29:57,650.45,650.45,650.05,650.05,264
2026-08-17 10:30:54,650.05,650.45,650.05,650.05,61
2026-08-17 10:31:59,650.05,650.45,650.05,650.2,272
2026-08-17 10:32:56,650.15,650.75,650.15,650.2,1291
2026-08-17 10:33:59,650.2,650.6,650.2,650.6,121
2026-08-17 10:34:56,650.55,650.55,650.55,650.55,608
2026-08-17 10:35:59,650.55,650.55,649.5,649.85,4855
2026-08-17 10:36:55,649.85,650,649.5,650,632
2026-08-17 10:37:59,650,650,649.5,649.5,210
2026-08-17 10:38:59,649.5,649.85,649.5,649.85,108
2026-08-17 10:39:56,649.5,649.8,649.5,649.8,48
2026-08-17 10:40:59,649.85,649.85,649.5,649.5,1157
2026-08-17 10:41:44,649.5,649.5,649.15,649.5,4186
2026-08-17 10:42:57,649,649.5,648.85,648.85,1738
2026-08-17 10:43:57,648.85,649.25,648,648.5,5849
2026-08-17 10:44:55,648.5,648.5,648.05,648.15,490
2026-08-17 10:45:59,648.35,648.6,648.1,648.1,772
2026-08-17 10:46:56,648.35,648.55,648.1,648.55,606
2026-08-17 10:47:54,648.55,648.55,648.25,648.25,452
2026-08-17 10:48:56,648.55,648.55,648.55,648.55,9
2026-08-17 10:49:54,648.3,648.75,648.3,648.75,657
2026-08-17 10:50:56,648.75,648.85,648.3,648.55,1190
2026-08-17 10:51:57,648.95,648.95,648.35,648.35,253
2026-08-17 10:52:48,648.7,648.7,648.35,648.35,253
2026-08-17 10:53:58,648.7,648.9,648.45,648.9,117
2026-08-17 10:54:59,648.9,648.9,648.45,648.9,101
2026-08-17 10:55:59,648.5,648.85,648.5,648.5,92
2026-08-17 10:56:58,648.9,648.9,648.35,648.35,620
2026-08-17 10:57:54,648.8,648.8,648.35,648.35,229
2026-08-17 10:58:49,648.35,648.35,648.35,648.35,5
2026-08-17 10:59:59,648.75,648.75,648.35,648.5,1334
2026-08-17 11:00:59,648.35,648.35,648,648,2123
2026-08-17 11:01:55,648,648.5,648,648.4,232
2026-08-17 11:02:55,648.4,648.4,648.05,648.05,85
2026-08-17 11:03:55,648,648.2,647.2,648.2,4792
2026-08-17 11:04:55,648.15,648.2,647.75,648.15,1033
2026-08-17 11:05:56,648.35,648.4,648.3,648.3,212
2026-08-17 11:06:54,647.8,648.35,647.8,648.35,1073
2026-08-17 11:07:58,647.95,648.3,647.45,648,1109
2026-08-17 11:08:57,648,648.75,648,648.7,2791
2026-08-17 11:09:56,648.8,648.8,648.3,648.3,775
2026-08-17 11:10:54,648.3,648.7,648.3,648.7,398
2026-08-17 11:11:57,648.7,648.8,648.7,648.8,241
2026-08-17 11:12:59,648.8,648.8,648.4,648.4,253
2026-08-17 11:13:57,648.35,648.35,648.35,648.35,42
2026-08-17 11:14:59,648.35,648.55,648.1,648.55,400
2026-08-17 11:15:56,648.65,648.8,648.2,648.8,506
2026-08-17 11:16:58,648.2,648.2,648.2,648.2,200
2026-08-17 11:17:56,648.2,648.2,648.2,648.2,56
2026-08-17 11:18:57,648.75,648.75,648.2,648.2,199
2026-08-17 11:19:58,648.2,648.75,648.2,648.3,818
2026-08-17 11:20:57,648.7,648.7,648.65,648.65,37
2026-08-17 11:21:59,648.4,648.65,648.4,648.4,217
2026-08-17 11:22:55,648.65,648.65,648.65,648.65,12
2026-08-17 11:23:56,648.3,648.6,648.3,648.6,20
2026-08-17 11:24:57,648.5,648.5,648.2,648.5,347
2026-08-17 11:25:54,648.2,648.5,648.2,648.5,227
2026-08-17 11:26:57,648.5,648.55,648.05,648.05,617
2026-08-17 11:27:58,648.05,648.5,648.05,648.1,88
2026-08-17 11:28:54,648.2,648.55,648.05,648.05,538
2026-08-17 11:29:56,648.3,648.3,648,648.25,258
2026-08-17 11:30:58,648,648,647.7,647.7,175
2026-08-17 11:31:55,648,648.5,647.55,648.5,816
2026-08-17 11:32:57,648.15,648.5,647.9,648.35,799
2026-08-17 11:33:59,647.9,648.35,647.8,648.35,157
2026-08-17 11:34:59,647.85,648.25,647.85,648.2,27
2026-08-17 11:35:58,648.2,648.4,648,648,67
2026-08-17 11:36:58,648.4,648.45,648.05,648.05,44
2026-08-17 11:37:58,648.4,648.5,648.4,648.5,301
2026-08-17 11:38:55,648.45,648.45,648,648.2,81
2026-08-17 11:39:52,648.2,648.2,648.05,648.05,6
2026-08-17 11:40:59,648.3,648.35,648.25,648.25,1047
2026-08-17 11:41:54,648.3,648.3,648,648,190
2026-08-17 11:42:53,648,648.3,648,648.3,312
2026-08-17 11:43:59,648.1,648.3,648,648.1,188
2026-08-17 11:44:58,648.1,648.3,648.1,648.1,37
2026-08-17 11:46:59,648.4,648.4,648.1,648.4,60
2026-08-17 11:47:57,648.1,648.4,648.1,648.3,243
2026-08-17 11:48:55,648.4,648.5,648.4,648.4,292
2026-08-17 11:49:57,648.4,648.6,648.25,648.25,1185
2026-08-17 11:50:56,648.25,648.25,647.55,647.75,1238
2026-08-17 11:51:58,647.75,647.75,646.1,646.85,4664
2026-08-17 11:52:55,646.95,646.95,646.5,646.6,327
2026-08-17 11:53:56,647,647,646.1,646.35,3115
2026-08-17 11:54:58,646.35,646.8,646,646.75,1464
2026-08-17 11:55:55,646.75,646.75,646.5,646.7,204
2026-08-17 11:56:55,646.7,646.7,646,646.5,3810
2026-08-17 11:57:57,646.5,646.5,646.5,646.5,297
2026-08-17 11:58:59,646.65,646.9,646.6,646.9,642
2026-08-17 11:59:56,646.85,646.95,646.85,646.95,87
2026-08-17 12:00:56,646.85,647,646.85,646.85,1004
2026-08-17 12:01:55,646.85,647,646.85,646.85,239
2026-08-17 12:02:59,647,647,646.8,646.8,422
2026-08-17 12:03:59,646.8,647,646.7,647,1211
2026-08-17 12:04:59,647,647,646.65,646.95,549
2026-08-17 12:05:55,646.95,646.95,646.95,646.95,263
2026-08-17 12:06:57,646.95,646.95,646.65,646.9,116
2026-08-17 12:07:55,646.95,646.95,646.9,646.9,107
2026-08-17 12:08:45,646.9,646.95,646.9,646.95,141
2026-08-17 12:09:55,646.95,646.95,646.7,646.7,109
2026-08-17 12:10:55,646.95,647.6,646.7,647.6,1200
2026-08-17 12:11:55,647.8,647.8,647.75,647.75,208
2026-08-17 12:12:59,647.7,647.7,647.5,647.5,173
2026-08-17 12:13:54,647.7,647.7,647.3,647.3,237
2026-08-17 12:14:59,647.25,647.9,647.25,647.85,485
2026-08-17 12:15:59,647.95,647.95,647.4,647.85,1056
2026-08-17 12:16:59,647.85,648,647.85,647.85,117
2026-08-17 12:17:55,647.85,648,647.85,648,212
2026-08-17 12:18:55,648,648.45,647.9,648.4,205
2026-08-17 12:19:55,648.05,648.65,648.05,648.65,267
2026-08-17 12:20:59,648.65,648.65,648.2,648.2,550
2026-08-17 12:21:55,648.15,648.4,648.1,648.1,131
2026-08-17 12:22:58,648.1,648.1,647.95,647.95,184
2026-08-17 12:23:51,648,648,647.8,648,1157
2026-08-17 12:24:56,648,648,647.95,647.95,160
2026-08-17 12:25:59,647.8,647.95,647.8,647.8,53
2026-08-17 12:26:52,647.8,648.15,647.8,648.15,233
2026-08-17 12:27:51,647.3,647.6,647.3,647.6,1225
2026-08-17 12:28:59,647.6,648.1,647.6,648.1,74
2026-08-17 12:29:51,648.1,648.1,647.75,647.75,43
2026-08-17 12:31:57,647.85,648.25,647.85,648.25,26
2026-08-17 12:32:52,647.85,648.25,647.65,647.65,342
2026-08-17 12:33:57,647.3,647.3,647.2,647.2,934
2026-08-17 12:34:57,647.7,647.7,647.5,647.5,298
2026-08-17 12:35:50,647.95,647.95,647.5,647.95,15
2026-08-17 12:36:54,647.95,647.95,647.95,647.95,40
2026-08-17 12:37:58,648,648,648,648,192
2026-08-17 12:38:57,648.25,648.35,648.05,648.35,130
2026-08-17 12:39:55,648.05,648.6,648,648,924
2026-08-17 12:40:58,648.05,648.65,647.9,648.5,1351
2026-08-17 12:41:56,648.5,648.5,648.5,648.5,3
2026-08-17 12:42:55,648.65,648.65,648.5,648.65,68
2026-08-17 12:43:56,648.65,648.65,648.1,648.6,1155
2026-08-17 12:44:56,648.6,648.7,648.15,648.7,101
2026-08-17 12:45:56,648.6,648.6,648.6,648.6,150
2026-08-17 12:46:59,648.8,648.9,648.6,648.9,419
2026-08-17 12:47:55,648.95,648.95,648.75,648.95,211
2026-08-17 12:48:59,648.95,648.95,648.75,648.95,184
2026-08-17 12:49:55,648.9,648.95,648.9,648.95,839
2026-08-17 12:50:55,648.95,648.95,648.9,648.9,682
2026-08-17 12:51:58,649.15,649.45,649.15,649.45,1660
2026-08-17 12:52:59,649.4,649.75,649.35,649.7,1607
2026-08-17 12:53:58,649.15,649.65,649.15,649.65,339
2026-08-17 12:54:57,649.25,649.65,649.25,649.6,112
2026-08-17 12:55:58,649.2,649.6,649.1,649.55,746
2026-08-17 12:56:48,649.6,649.6,649.3,649.3,114
2026-08-17 12:57:57,649.3,649.3,649.05,649.3,112
2026-08-17 12:58:55,649.3,649.5,649.1,649.5,442
2026-08-17 12:59:56,649.55,649.55,649.1,649.55,150
2026-08-17 13:00:56,649.55,649.55,649.5,649.5,170
2026-08-17 13:01:44,649.2,649.55,649.2,649.55,14
2026-08-17 13:02:56,649.55,649.55,649.2,649.4,74
2026-08-17 13:03:57,649.55,649.55,649.2,649.55,323
2026-08-17 13:04:59,649.55,649.55,649.2,649.5,42
2026-08-17 13:05:55,649.2,649.2,649.2,649.2,30
2026-08-17 13:06:58,649.2,649.45,649.15,649.45,356
2026-08-17 13:07:58,649.45,649.45,649.1,649.45,39
2026-08-17 13:08:55,649.15,649.45,648.9,649.4,868
2026-08-17 13:09:58,648.9,649.3,648.8,649.3,109
2026-08-17 13:10:58,648.7,649.35,648.7,649.35,339
2026-08-17 13:11:51,649.3,649.35,649,649,387
2026-08-17 13:12:56,649.35,649.4,649.35,649.4,124
2026-08-17 13:13:55,649,649.4,649,649,11
2026-08-17 13:14:54,649.4,649.4,649,649.25,582
2026-08-17 13:15:55,649.25,649.4,648.95,649.4,219
2026-08-17 13:16:55,649.05,650.2,649.05,650.2,5832
2026-08-17 13:17:55,650.4,650.55,649.8,650,2730
2026-08-17 13:18:56,650,650.4,649.95,649.95,556
2026-08-17 13:19:51,649.95,650.35,649.95,650.35,106
2026-08-17 13:20:56,650.35,650.35,649.75,649.75,193
2026-08-17 13:21:57,649.75,649.75,649.75,649.75,430
2026-08-17 13:22:58,649.7,649.7,649.2,649.4,140
2026-08-17 13:23:58,649.3,649.75,649.3,649.75,176
2026-08-17 13:24:58,649.25,649.25,649.25,649.25,1
2026-08-17 13:25:58,649.75,649.75,649.25,649.3,99
2026-08-17 13:26:57,649.15,649.6,649.15,649.6,221
2026-08-17 13:27:58,649.15,649.25,649.15,649.25,110
2026-08-17 13:28:43,649.25,649.6,649.25,649.6,368
2026-08-17 13:29:59,649.75,649.75,649.45,649.45,210
2026-08-17 13:30:56,649.75,649.75,649.45,649.45,102
2026-08-17 13:31:56,649.45,649.75,649.4,649.4,409
2026-08-17 13:32:54,649.4,649.75,649.4,649.6,56
2026-08-17 13:33:52,649.4,649.75,649.4,649.75,132
2026-08-17 13:34:55,649.5,649.75,649.5,649.75,147
2026-08-17 13:35:55,649.75,649.75,649.55,649.55,553
2026-08-17 13:36:56,649.45,649.65,649.45,649.65,190
2026-08-17 13:37:58,649.65,649.65,649.4,649.65,74
2026-08-17 13:38:53,649.4,649.4,649.4,649.4,284
2026-08-17 13:39:58,649.4,649.55,649.05,649.1,164
2026-08-17 13:40:59,649.1,649.8,649.05,649.8,134
2026-08-17 13:41:56,649.85,649.85,649.75,649.75,142
2026-08-17 13:42:58,649.75,649.75,649.75,649.75,5
2026-08-17 13:43:55,649.85,649.85,649.85,649.85,1276
2026-08-17 13:44:55,649.7,649.7,649.7,649.7,10
2026-08-17 13:45:52,649.75,649.85,649.7,649.85,43
2026-08-17 13:46:59,649.75,649.8,649.35,649.35,193
2026-08-17 13:47:56,649.35,649.75,649.25,649.75,207
2026-08-17 13:48:57,649.35,649.7,649.35,649.5,155
2026-08-17 13:49:53,649.55,649.55,649.2,649.2,53
2026-08-17 13:50:57,649.55,649.55,649.5,649.5,14
2026-08-17 13:51:56,649.2,649.2,649.15,649.15,492
2026-08-17 13:52:59,649.2,649.2,649.05,649.2,105
2026-08-17 13:53:56,649.2,649.5,648.6,648.6,1353
2026-08-17 13:54:55,648.65,648.7,648.65,648.7,179
2026-08-17 13:55:48,649.45,649.45,649.45,649.45,4195
2026-08-17 13:56:53,649.35,649.45,649.1,649.45,172
2026-08-17 13:57:55,649.5,649.5,649.15,649.15,91
2026-08-17 13:58:59,649.5,649.6,649.5,649.6,632
2026-08-17 13:59:55,649.75,649.75,649.5,649.5,135
2026-08-17 14:00:59,649.75,649.75,649.75,649.75,165
2026-08-17 14:01:59,649.65,649.85,649.65,649.8,1969
2026-08-17 14:02:58,649.55,649.6,649.55,649.6,206
2026-08-17 14:03:56,649.9,649.9,649.2,649.75,857
2026-08-17 14:04:59,649.5,649.75,649.5,649.75,11
2026-08-17 14:05:55,649.7,649.7,649.7,649.7,12
2026-08-17 14:06:52,649.7,649.7,649.15,649.15,132
2026-08-17 14:07:58,649.15,649.15,648.95,648.95,90
2026-08-17 14:08:55,648.95,649.15,648.95,649,169
2026-08-17 14:09:59,649.15,649.15,648.75,649.15,244
2026-08-17 14:10:55,648.2,648.65,648.1,648.1,2192
2026-08-17 14:11:59,648.55,648.65,648.1,648.55,486
2026-08-17 14:12:56,648.5,648.5,648.15,648.5,50
2026-08-17 14:13:59,648.65,648.65,648.1,648.5,521
2026-08-17 14:14:51,648.1,648.3,648.05,648.3,456
2026-08-17 14:15:55,648,648.4,648,648.4,226
2026-08-17 14:16:59,648.4,648.65,648.05,648.65,112
2026-08-17 14:17:52,648.15,648.75,648.15,648.75,1444
2026-08-17 14:18:55,648.75,648.75,648.45,648.45,105
2026-08-17 14:19:58,648.75,648.75,648.75,648.75,52
2026-08-17 14:20:57,648.75,648.75,648.5,648.5,190
2026-08-17 14:21:58,648.5,648.55,648.35,648.55,1027
2026-08-17 14:22:58,648.35,648.35,648.05,648.05,101
2026-08-17 14:23:59,648.35,648.35,648.1,648.3,38
2026-08-17 14:24:55,648.15,648.15,648.15,648.15,400
2026-08-17 14:25:55,648.15,648.45,648.15,648.45,505
2026-08-17 14:26:56,648.4,648.4,648.2,648.2,165
2026-08-17 14:27:58,648.2,648.4,648.2,648.4,135
2026-08-17 14:28:56,648.5,648.5,648.4,648.4,17
2026-08-17 14:29:59,648.35,648.5,648.35,648.45,117
2026-08-17 14:30:57,648.45,648.45,648.15,648.15,710
2026-08-17 14:31:57,648.45,648.45,648.15,648.45,554
2026-08-17 14:32:57,648.15,648.4,648.15,648.15,610
2026-08-17 14:33:56,648.15,648.5,648.15,648.5,26
2026-08-17 14:34:54,648.15,648.5,648.15,648.5,76
2026-08-17 14:35:56,648.5,648.5,648.15,648.5,52
2026-08-17 14:36:58,648.2,648.45,648.2,648.45,312
2026-08-17 14:37:48,648.45,648.45,648.45,648.45,123
2026-08-17 14:38:55,648.45,648.45,648.15,648.15,58
2026-08-17 14:39:56,648.45,648.45,647.25,647.25,4514
2026-08-17 14:40:59,647.45,647.8,647.45,647.5,606
2026-08-17 14:41:55,647.8,647.8,647.8,647.8,137
2026-08-17 14:42:57,647.95,647.95,647.45,647.85,592
2026-08-17 14:43:59,647.8,647.95,647.8,647.8,46
2026-08-17 14:44:56,647.95,647.95,647.8,647.8,23
2026-08-17 14:45:59,648,648.5,648,648.2,1309
2026-08-17 14:46:55,648.65,649.65,648.1,649.3,6324
2026-08-17 14:47:53,649.3,649.45,648.75,649.2,884
2026-08-17 14:48:58,649.15,649.15,648.7,649,286
2026-08-17 14:49:56,649.05,649.05,648.65,648.95,332
2026-08-17 14:50:55,648.55,649.1,648.55,649.1,448
2026-08-17 14:51:56,649.1,649.1,648.45,648.45,475
2026-08-17 14:52:59,648.85,648.95,648.55,648.55,174
2026-08-17 14:53:59,648.85,649.45,648.85,649,3959
2026-08-17 14:54:59,649.1,649.35,648.75,649.35,518
2026-08-17 14:55:55,649.35,649.35,649.25,649.25,265
2026-08-17 14:56:54,648.8,649.25,648.8,649.2,216
2026-08-17 14:57:53,649,649.2,648.8,649,1241
2026-08-17 14:58:54,649,649,648.95,648.95,85
2026-08-17 14:59:57,648.9,648.9,648.1,648.1,3310
2026-08-17 15:00:53,648.45,648.45,648.05,648.05,2311
2026-08-17 15:01:56,648.25,648.25,647.8,648.2,1448
2026-08-17 15:02:57,648.45,648.9,648.45,648.5,3495
2026-08-17 15:03:56,648.5,648.5,647.95,648.45,1168
2026-08-17 15:04:59,648.5,648.5,648,648.15,963
2026-08-17 15:05:56,648.15,648.15,646.95,646.95,3591
2026-08-17 15:06:53,646.95,646.95,646.5,646.55,5607
2026-08-17 15:07:55,646.75,647,646.5,646.5,3186
2026-08-17 15:08:53,646.75,646.85,646.3,646.85,5159
2026-08-17 15:09:57,646.9,647.6,646.9,647.6,1589
2026-08-17 15:10:54,647.2,647.35,647.05,647.3,2131
2026-08-17 15:11:56,647.35,647.75,647.35,647.75,2308
2026-08-17 15:12:54,648.1,648.1,647.35,647.5,4957
2026-08-17 15:13:57,647.5,647.85,647.05,647.8,1408
2026-08-17 15:14:59,647.8,647.8,647.1,647.15,2380
2026-08-17 15:15:55,647.45,647.45,646.55,646.85,2436
2026-08-17 15:16:55,646.8,646.95,646.8,646.9,1261
2026-08-17 15:17:58,646.9,646.9,646.35,646.35,1003
2026-08-17 15:18:57,646.85,646.85,646.5,646.75,1857
2026-08-17 15:19:56,646.8,646.9,646.1,646.75,1443
2026-08-17 15:20:57,646.75,647,646.65,647,4599
2026-08-17 15:21:59,647,647.75,646.8,647.1,4420
2026-08-17 15:22:54,646.75,647.3,646.75,647.3,392
2026-08-17 15:23:59,647.3,647.4,647.15,647.4,1073
2026-08-17 15:24:56,646.75,646.95,646,646.55,3122
2026-08-17 15:25:55,646.55,646.8,646.2,646.5,9464
2026-08-17 15:26:58,646.15,646.85,646.15,646.8,830
2026-08-17 15:27:55,647,647,646.75,646.85,2019
2026-08-17 15:28:56,646.2,646.5,646,646,2888
2026-08-17 15:29:58,646.8,646.9,646.1,646.2,2020
2026-08-18 09:07:39,646.9,646.9,646.9,646.9,4150
2026-08-18 09:15:56,649,653.9,649,651,14441
2026-08-18 09:16:57,650.3,651.45,650.15,650.15,2780
2026-08-18 09:17:53,649.85,650.85,649.2,649.5,5675
2026-08-18 09:18:55,649.5,650.7,649.4,650.7,1893
2026-08-18 09:19:56,650.1,650.8,650.1,650.1,2211
2026-08-18 09:20:56,648.8,649.75,648.8,649.55,5434
2026-08-18 09:21:56,649.7,649.95,649.15,649.95,1172
2026-08-18 09:22:54,649.85,649.85,648.55,648.55,1806
2026-08-18 09:23:58,648.55,649.1,648.1,648.1,4428
2026-08-18 09:24:54,648.2,648.45,648.1,648.1,638
2026-08-18 09:25:58,648.05,648.4,647.75,647.9,1106
2026-08-18 09:26:53,648.2,648.7,647.75,648.7,2372
2026-08-18 09:27:56,648.6,648.7,648.6,648.6,1095
2026-08-18 09:28:57,648.65,648.9,648.5,648.85,785
2026-08-18 09:29:57,648.4,648.4,647.95,647.95,2448
2026-08-18 09:30:52,647.95,648.2,647.95,648.2,1270
2026-08-18 09:31:53,648.2,648.2,647.6,647.95,552
2026-08-18 09:32:53,647.55,647.7,647.1,647.7,2197
2026-08-18 09:33:53,647.5,647.95,647.35,647.35,644
2026-08-18 09:34:59,647.45,648.5,647.45,648.4,565
2026-08-18 09:35:58,648.2,648.5,648.1,648.3,749
2026-08-18 09:36:59,648.4,648.85,648.1,648.85,1291
2026-08-18 09:37:57,649.1,649.45,649,649.2,5456
2026-08-18 09:38:54,649.7,650.85,649.7,650.85,4194
2026-08-18 09:39:54,652,652.55,651.5,651.5,7120
2026-08-18 09:40:53,652,652.2,651.2,651.85,2358
2026-08-18 09:41:58,651.5,652,651.5,651.9,1377
2026-08-18 09:42:54,651.5,651.5,651,651,477
2026-08-18 09:43:58,651.6,651.75,651,651,810
2026-08-18 09:44:55,651.2,651.45,651,651,1285
2026-08-18 09:45:54,650.5,651.05,650.35,651.05,4996
2026-08-18 09:46:58,651.1,651.2,650.25,650.25,701
2026-08-18 09:47:54,650.3,650.5,650,650.15,540
2026-08-18 09:48:56,650.5,650.5,650.05,650.15,232
2026-08-18 09:49:59,650.5,651.15,650.5,651.15,1239
2026-08-18 09:50:54,651,651.85,651,651.85,1414
2026-08-18 09:51:55,651.75,652,651.75,651.9,925
2026-08-18 09:52:56,652,652,651.6,651.75,1086
2026-08-18 09:53:55,651.75,651.85,651.35,651.5,1363
2026-08-18 09:54:55,651.5,651.5,651.5,651.5,608
2026-08-18 09:55:54,651.05,651.05,651.05,651.05,374
2026-08-18 09:56:53,651,651.15,650.7,650.85,2130
2026-08-18 09:57:57,650.85,651,650.85,651,785
2026-08-18 09:58:54,651,651,650.6,650.6,296
2026-08-18 09:59:57,651.95,652.65,651.9,652.65,2890
2026-08-18 10:00:55,652.85,652.85,652.5,652.8,322
2026-08-18 10:01:57,652.5,652.8,652.5,652.5,145
2026-08-18 10:02:58,652.5,652.6,651.95,651.95,541
2026-08-18 10:03:56,651.8,651.8,651.05,651.2,496
2026-08-18 10:04:55,651.05,651.9,651.05,651.65,505
2026-08-18 10:05:59,651.9,652.15,651.75,651.75,849
2026-08-18 10:06:56,652,652.7,652,652.7,861
2026-08-18 10:07:53,652.7,652.75,652.4,652.4,983
2026-08-18 10:08:55,652.75,652.75,652.3,652.3,352
2026-08-18 10:09:57,652.75,652.75,652.15,652.2,590
2026-08-18 10:10:55,652.45,652.7,652.15,652.7,799
2026-08-18 10:11:56,653.2,653.85,652.9,653,3402
2026-08-18 10:12:56,653.45,653.45,653,653.1,1365
2026-08-18 10:13:55,653.4,653.5,653,653.35,837
2026-08-18 10:14:54,653.35,653.5,653.15,653.5,1760
2026-08-18 10:15:54,653.3,653.75,652.75,652.75,1480
2026-08-18 10:16:59,653.25,653.25,652.75,653,626
2026-08-18 10:17:56,653.15,653.15,652.5,652.5,919
2026-08-18 10:18:59,653,653.05,652.6,652.65,728
2026-08-18 10:19:57,653.05,653.6,652.65,653.6,1253
2026-08-18 10:20:57,653.45,653.45,653.05,653.05,622
2026-08-18 10:21:55,653.05,653.9,653.05,653.8,822
2026-08-18 10:22:54,653.8,653.8,653.05,653.4,2962
2026-08-18 10:23:59,653.05,653.05,652.4,652.5,1955
2026-08-18 10:24:54,651.2,651.55,651.2,651.25,2224
2026-08-18 10:25:58,651.3,652.75,651.3,652.5,1050
2026-08-18 10:26:54,652.5,652.55,652.15,652.15,627
2026-08-18 10:27:58,652.5,652.8,652.4,652.4,183
2026-08-18 10:28:57,653.25,654.2,652.8,654.2,6028
2026-08-18 10:29:56,653.95,653.95,653.05,653.25,1292
2026-08-18 10:30:59,653.95,653.95,653.15,653.15,809
2026-08-18 10:31:57,653.5,653.5,653.5,653.5,899
2026-08-18 10:32:59,653.5,653.8,653.5,653.5,420
2026-08-18 10:33:55,653.5,653.8,653.5,653.5,372
2026-08-18 10:34:54,654,654.3,653.5,653.5,1641
2026-08-18 10:35:56,653.5,654,653.5,654,306
2026-08-18 10:36:59,654,654.3,654,654.05,673
2026-08-18 10:37:56,654,655,654,654.25,3221
2026-08-18 10:38:57,654.05,654.1,653.55,653.55,844
2026-08-18 10:39:56,654,654,653.5,653.9,2398
2026-08-18 10:40:58,653.5,653.5,653.05,653.05,466
2026-08-18 10:41:59,653.05,653.3,653,653,657
2026-08-18 10:42:58,653,653,652.4,652.85,618
2026-08-18 10:43:54,652.45,652.55,652.1,652.1,1668
2026-08-18 10:44:55,652.1,652.55,652.1,652.2,450
2026-08-18 10:45:56,652.65,652.65,652.05,652.5,318
2026-08-18 10:46:59,652.4,652.4,652,652,106
2026-08-18 10:47:54,652,652.4,652,652.4,623
2026-08-18 10:48:58,651.75,652.3,651.75,652,3014
2026-08-18 10:49:59,651.9,652,651.9,652,2928
2026-08-18 10:50:58,651.9,652.05,651.9,652.05,655
2026-08-18 10:51:55,652.45,652.45,651.8,651.8,635
2026-08-18 10:52:59,651.2,651.5,651.2,651.4,933
2026-08-18 10:53:58,651.5,651.5,651.5,651.5,227
2026-08-18 10:54:58,651.5,651.8,651.35,651.8,562
2026-08-18 10:55:54,651.4,651.9,651.35,651.35,769
2026-08-18 10:56:55,651.25,651.6,651.25,651.25,1012
2026-08-18 10:57:56,651.7,651.7,651.7,651.7,200
2026-08-18 10:58:54,651.7,652.4,651.7,652.15,896
2026-08-18 10:59:59,652,652,651.55,651.75,213
2026-08-18 11:00:59,651.75,652,651.75,651.95,94
2026-08-18 11:01:58,651.9,651.9,651.25,651.5,434
2026-08-18 11:02:55,651.25,651.5,651.25,651.5,247
2026-08-18 11:03:56,651.2,651.5,651.2,651.2,413
2026-08-18 11:04:56,651.45,651.8,651.45,651.5,185
2026-08-18 11:05:55,651.55,651.55,651.3,651.55,13
2026-08-18 11:06:58,651.6,651.65,651.35,651.35,470
2026-08-18 11:07:55,651.3,651.3,651.3,651.3,1652
2026-08-18 11:08:58,651.35,651.35,651.15,651.15,148
2026-08-18 11:09:56,651.3,651.3,651.15,651.15,86
2026-08-18 11:10:49,651.15,651.35,651.15,651.15,60
2026-08-18 11:11:59,651.35,651.35,651,651,298
2026-08-18 11:12:59,651,651,650.5,650.75,965
2026-08-18 11:13:59,650.6,650.6,650.1,650.55,361
2026-08-18 11:14:57,650.2,650.7,650.2,650.45,427
2026-08-18 11:15:51,650.45,650.45,650.45,650.45,616
2026-08-18 11:16:58,650.4,651,650.4,650.75,654
2026-08-18 11:17:59,650.55,650.55,650.5,650.5,362
2026-08-18 11:18:57,650.5,650.9,650.5,650.8,127
2026-08-18 11:19:55,650.9,650.9,650.9,650.9,30
2026-08-18 11:20:57,650.5,650.5,650.45,650.45,409
2026-08-18 11:21:56,650.2,650.5,650.2,650.5,158
2026-08-18 11:22:58,650.5,650.5,650.2,650.5,172
2026-08-18 11:23:59,650.2,650.2,649.6,649.6,4376
2026-08-18 11:24:55,649.7,650,649.7,650,590
2026-08-18 11:25:58,649.65,650,649.65,649.85,248
2026-08-18 11:26:58,649.6,649.95,649.6,649.95,526
2026-08-18 11:27:58,649.4,649.5,649.15,649.4,2404
2026-08-18 11:28:59,649.05,649.4,649.05,649.4,73
2026-08-18 11:29:57,649.1,649.4,649,649.1,518
2026-08-18 11:30:57,649.35,649.35,648.95,649,1223
2026-08-18 11:31:57,648.55,648.8,648.5,648.5,261
2026-08-18 11:32:56,649.05,649.05,648.05,648.5,1550
2026-08-18 11:33:51,648.5,648.55,648.15,648.55,344
2026-08-18 11:34:58,648.5,648.9,648.5,648.9,85
2026-08-18 11:35:56,648.9,648.9,648.55,648.9,822
2026-08-18 11:36:58,649,649,648.55,648.55,522
2026-08-18 11:37:55,648.85,648.85,648.55,648.55,338
2026-08-18 11:38:56,648.55,649.2,648.55,649,1811
2026-08-18 11:39:57,649.55,649.55,649.1,649.1,589
2026-08-18 11:40:57,649,649,649,649,116
2026-08-18 11:41:59,649.2,649.5,648.8,649.25,1365
2026-08-18 11:42:58,649.25,649.25,648.6,648.7,3337
2026-08-18 11:43:57,648.75,649,648.75,649,127
2026-08-18 11:44:59,648.75,649.3,648.75,649.3,119
2026-08-18 11:45:59,649.3,649.3,649.3,649.3,28
2026-08-18 11:46:58,649.3,649.3,649.05,649.3,1204
2026-08-18 11:47:58,649,649.15,648.85,649.15,512
2026-08-18 11:48:56,648.8,649.15,648.8,649,374
2026-08-18 11:49:56,649,649,648.75,649,138
2026-08-18 11:50:59,648.75,649,648.75,649,444
2026-08-18 11:51:56,649,649,648.75,648.75,99
2026-08-18 11:52:56,649.3,649.3,648.75,649.1,1030
2026-08-18 11:53:58,649.3,649.3,648.85,649.25,97
2026-08-18 11:54:56,649.2,649.25,649,649,121
2026-08-18 11:55:57,649,649,649,649,53
2026-08-18 11:56:54,648.8,649,648.8,648.8,79
2026-08-18 11:57:55,649,649.2,649,649.15,362
2026-08-18 11:58:56,649.15,649.25,648.85,649.25,109
2026-08-18 11:59:58,649.3,649.3,649,649.2,55
2026-08-18 12:00:58,649,649.2,649,649.2,287
2026-08-18 12:01:57,649,649.2,649,649.2,534
2026-08-18 12:02:55,649.2,649.2,648.55,648.7,1223
2026-08-18 12:03:58,648.7,649.1,648.7,648.7,2288
2026-08-18 12:04:55,649.1,649.1,648.7,648.7,143
2026-08-18 12:05:58,648.7,649.2,648.7,648.75,671
2026-08-18 12:07:56,649.2,649.2,649.2,649.2,241
2026-08-18 12:08:57,648.85,648.85,648.85,648.85,2
2026-08-18 12:09:59,649.2,649.2,648.85,648.85,445
2026-08-18 12:10:51,649.15,649.15,649.15,649.15,1
2026-08-18 12:11:56,649.15,649.15,648.9,648.9,33
2026-08-18 12:12:56,649.1,649.3,648.55,648.8,1234
2026-08-18 12:13:48,648.8,648.8,648.5,648.5,44
2026-08-18 12:14:59,648.9,648.9,648.4,648.4,838
2026-08-18 12:15:58,648.65,648.65,648.4,648.65,144
2026-08-18 12:16:55,648.75,648.75,648.75,648.75,1
2026-08-18 12:17:57,648.75,648.9,648.65,648.65,112
2026-08-18 12:18:58,648.95,648.95,648.95,648.95,53
2026-08-18 12:19:49,648.7,648.85,648.7,648.85,127
2026-08-18 12:20:57,648.7,648.7,648.7,648.7,2
2026-08-18 12:21:56,648.85,648.85,648.7,648.7,70
2026-08-18 12:22:59,648.4,648.75,648.25,648.75,246
2026-08-18 12:23:55,649,649,648.5,648.5,180
2026-08-18 12:24:54,648.65,649,648.65,648.75,110
2026-08-18 12:25:53,648.75,649.15,648.75,649.15,233
2026-08-18 12:26:57,649.1,649.8,649.1,649.8,536
2026-08-18 12:27:56,649.6,649.9,649.55,649.55,1066
2026-08-18 12:28:55,649.95,649.95,649.9,649.9,220
2026-08-18 12:29:50,649.75,649.75,649.5,649.5,118
2026-08-18 12:30:56,649.8,649.8,649.3,649.3,118
2026-08-18 12:31:59,649.7,649.7,649.3,649.3,142
2026-08-18 12:32:56,649.65,649.65,649.25,649.25,575
2026-08-18 12:33:59,649,649,649,649,50
2026-08-18 12:34:55,649.35,649.35,649.35,649.35,165
2026-08-18 12:35:56,649.4,649.4,649.1,649.35,281
2026-08-18 12:36:50,649.35,649.35,649.1,649.35,16
2026-08-18 12:37:55,649.05,649.35,649.05,649.05,58
2026-08-18 12:38:59,649.35,649.35,649,649.35,15
2026-08-18 12:39:58,649,649,648.5,648.5,607
2026-08-18 12:40:58,648.5,648.9,648.5,648.9,72
2026-08-18 12:41:56,648.9,648.9,648.55,648.8,239
2026-08-18 12:42:55,648.85,648.85,648.5,648.5,482
2026-08-18 12:43:58,648.5,648.5,648.45,648.45,91
2026-08-18 12:44:55,648.5,648.5,648.05,648.5,2200
2026-08-18 12:45:50,648.5,648.5,648.2,648.2,171
2026-08-18 12:46:56,648.25,648.65,648.25,648.25,431
2026-08-18 12:47:56,648.3,648.9,648.3,648.9,90
2026-08-18 12:48:59,648.9,649.3,648.55,648.55,869
2026-08-18 12:49:56,648.6,648.6,648.6,648.6,1
2026-08-18 12:50:58,649.55,649.55,649.3,649.3,6989
2026-08-18 12:51:59,649.3,649.85,649,649.85,2976
2026-08-18 12:52:58,650.55,650.95,650.4,650.7,6785
2026-08-18 12:53:54,650.7,650.7,650.4,650.4,34
2026-08-18 12:54:55,650.7,650.7,650,650,571
2026-08-18 12:55:57,650,650.25,649.95,649.95,1284
2026-08-18 12:56:57,650.45,650.45,649.85,650.1,206
2026-08-18 12:57:55,649.75,650,649.75,649.9,194
2026-08-18 12:58:58,649.9,650,649.9,650,158
2026-08-18 12:59:57,650,650,649.65,649.65,481
2026-08-18 13:00:57,649.55,650,649.45,649.45,371
2026-08-18 13:01:56,649.45,649.85,649.45,649.5,171
2026-08-18 13:02:56,649.55,650,649.55,649.95,131
2026-08-18 13:03:55,649.95,649.95,649.5,649.5,90
2026-08-18 13:04:55,649.55,649.55,649.3,649.55,269
2026-08-18 13:05:55,649.55,649.55,649.55,649.55,37
2026-08-18 13:06:53,649.3,649.3,649.3,649.3,27
2026-08-18 13:07:51,649.15,649.5,649.15,649.5,22
2026-08-18 13:08:54,649.5,649.55,649.25,649.25,122
2026-08-18 13:09:58,649.55,649.75,649.55,649.75,153
2026-08-18 13:10:59,649.7,649.7,649.3,649.3,14
2026-08-18 13:11:57,649.25,649.25,649.2,649.2,171
2026-08-18 13:12:55,649.7,649.7,649.3,649.3,53
2026-08-18 13:13:59,649.3,649.75,649.3,649.75,255
2026-08-18 13:14:54,649.75,649.75,649.75,649.75,88
2026-08-18 13:15:56,649.9,649.95,649.75,649.95,35
2026-08-18 13:16:55,649.75,650,649.75,650,320
2026-08-18 13:17:56,649.8,650,649.8,650,12
2026-08-18 13:18:56,650,650,650,650,168
2026-08-18 13:19:57,650,650,650,650,44
2026-08-18 13:20:57,649.8,649.8,649.8,649.8,162
2026-08-18 13:21:52,650,650,649.8,649.8,312
2026-08-18 13:23:57,649.75,650,649.75,650,63
2026-08-18 13:24:55,649.75,649.75,649.75,649.75,225
2026-08-18 13:25:59,649.75,650,649.3,649.3,2263
2026-08-18 13:26:56,649.7,649.7,649.45,649.45,55
2026-08-18 13:27:57,649.3,649.3,649.3,649.3,20
2026-08-18 13:28:58,649.3,649.6,649.3,649.3,98
2026-08-18 13:29:55,649.6,649.6,649.2,649.2,243
2026-08-18 13:30:58,649.3,649.6,649.2,649.2,9
2026-08-18 13:31:48,649.3,649.6,649.3,649.6,147
2026-08-18 13:32:59,649.3,649.6,649.3,649.5,40
2026-08-18 13:33:59,649.5,649.65,649.5,649.65,119
2026-08-18 13:34:50,649.5,649.5,649.5,649.5,107
2026-08-18 13:35:58,649.15,649.15,649.15,649.15,100
2026-08-18 13:36:52,649.15,649.15,649.1,649.1,119
2026-08-18 13:37:55,649.1,649.1,648.2,648.2,4057
2026-08-18 13:38:51,648.65,648.65,648.3,648.3,112
2026-08-18 13:39:58,648.4,648.4,648.35,648.35,187
2026-08-18 13:40:55,648.35,648.35,648.35,648.35,11
2026-08-18 13:41:57,648.35,648.75,648.35,648.75,364
2026-08-18 13:42:55,648.5,648.5,648.5,648.5,9
2026-08-18 13:43:56,648.4,648.5,648.4,648.5,357
2026-08-18 13:44:58,648.25,648.7,648.25,648.7,116
2026-08-18 13:45:59,648.7,648.8,648.25,648.8,616
2026-08-18 13:46:54,648.7,649.1,648.7,648.8,126
2026-08-18 13:47:59,649.1,649.1,649.1,649.1,74
2026-08-18 13:48:55,649.2,649.2,648.7,649.2,409
2026-08-18 13:49:57,649.2,649.2,649.2,649.2,250
2026-08-18 13:50:58,649.2,649.2,649,649,26
2026-08-18 13:51:57,649,649.2,649,649.2,1004
2026-08-18 13:52:48,649.2,649.2,649.2,649.2,10
2026-08-18 13:53:52,648.75,649.15,648.7,649.15,37
2026-08-18 13:54:40,649.15,649.15,648.8,648.8,108
2026-08-18 13:55:56,648.8,649.3,648.75,648.75,428
2026-08-18 13:56:54,649.2,649.45,649.2,649.45,707
2026-08-18 13:57:56,649.1,649.5,649.1,649.2,154
2026-08-18 13:58:57,649.5,649.65,649.15,649.65,125
2026-08-18 13:59:58,649.5,649.5,649.25,649.25,50
2026-08-18 14:00:58,649.3,649.5,648.8,648.8,506
2026-08-18 14:01:56,648.8,648.8,648.65,648.8,207
2026-08-18 14:02:55,648.8,648.8,648.4,648.7,306
2026-08-18 14:03:58,648.7,648.7,648.4,648.4,180
2026-08-18 14:04:55,648.4,648.8,648.4,648.45,106
2026-08-18 14:05:55,648.8,648.8,648.5,648.5,187
2026-08-18 14:06:58,648.5,648.5,648.5,648.5,182
2026-08-18 14:07:57,648.5,648.8,648.5,648.8,312
2026-08-18 14:08:50,648.55,648.8,648.55,648.8,57
2026-08-18 14:09:59,648.8,649,648.7,648.8,1803
2026-08-18 14:10:57,648.55,648.85,648.25,648.25,1387
2026-08-18 14:11:57,648.2,648.5,648.2,648.2,48
2026-08-18 14:12:54,648.5,648.5,648.1,648.15,543
2026-08-18 14:13:57,648.15,648.5,648.15,648.2,156
2026-08-18 14:14:59,648.5,648.6,648.25,648.25,8
2026-08-18 14:15:57,648.25,648.55,648.25,648.55,19
2026-08-18 14:16:58,648.1,648.2,647.9,648.2,1928
2026-08-18 14:17:55,648,648.2,648,648.2,122
2026-08-18 14:18:56,648.2,648.2,648.2,648.2,3
2026-08-18 14:19:57,648.2,648.35,648.2,648.35,176
2026-08-18 14:20:58,648.2,648.35,648.2,648.35,50
2026-08-18 14:21:54,648.35,648.35,648,648,68
2026-08-18 14:22:57,648.35,648.35,648,648.25,105
2026-08-18 14:23:54,648.25,648.25,648,648.25,47
2026-08-18 14:24:58,648,648,648,648,73
2026-08-18 14:25:55,648.25,648.25,648.2,648.2,107
2026-08-18 14:26:57,648.2,648.2,648,648.2,62
2026-08-18 14:27:54,648.2,648.2,648,648.05,118
2026-08-18 14:28:58,648.45,648.45,648.2,648.2,2089
2026-08-18 14:29:58,648.35,648.35,648.2,648.35,144
2026-08-18 14:30:58,648.35,649.6,648.35,648.9,1446
2026-08-18 14:31:56,648.65,648.95,648.65,648.65,67
2026-08-18 14:32:59,648.65,648.75,648.6,648.75,337
2026-08-18 14:33:59,648.75,648.95,648.75,648.85,179
2026-08-18 14:34:57,648.8,648.8,648.5,648.5,70
2026-08-18 14:35:55,648.5,648.5,648.45,648.5,173
2026-08-18 14:36:58,648.5,648.5,648.5,648.5,107
2026-08-18 14:37:57,648.65,648.7,648.5,648.5,115
2026-08-18 14:38:59,648.7,648.7,648.5,648.5,36
2026-08-18 14:39:54,648.5,648.75,648.5,648.75,117
2026-08-18 14:40:55,648.7,648.7,648.7,648.7,2
2026-08-18 14:41:57,648.7,648.7,648.45,648.5,99
2026-08-18 14:42:57,648.55,648.55,648.2,648.2,966
2026-08-18 14:43:58,648.3,648.75,648.1,648.1,369
2026-08-18 14:44:55,648.5,648.7,648.2,648.7,444
2026-08-18 14:45:58,648.65,648.7,648.3,648.5,478
2026-08-18 14:46:56,648.6,648.65,648.4,648.6,26
2026-08-18 14:47:57,648.6,648.6,648.35,648.6,103
2026-08-18 14:48:55,648.6,648.6,648.35,648.55,84
2026-08-18 14:49:54,648.55,648.6,648.5,648.6,179
2026-08-18 14:50:54,648.6,648.6,648.2,648.6,440
2026-08-18 14:51:54,648.6,649.35,648.6,649.3,2884
2026-08-18 14:52:54,649.3,649.3,649.25,649.25,553
2026-08-18 14:53:54,649.2,649.2,648.9,649,195
2026-08-18 14:54:58,649,649,648.75,649,159
2026-08-18 14:55:56,649,649,648.8,648.8,805
2026-08-18 14:56:56,648.8,649.2,648.3,649.15,4923
2026-08-18 14:57:57,649,649.35,649,649,1160
2026-08-18 14:58:59,649,649.2,649,649,1065
2026-08-18 14:59:57,649,649.2,648.95,649.15,751
2026-08-18 15:00:53,648.9,648.9,648.2,648.2,2426
2026-08-18 15:01:57,649.05,649.3,648.95,648.95,3395
2026-08-18 15:02:59,649,649.1,648.9,648.9,1099
2026-08-18 15:03:57,648.8,649.1,648.5,648.5,2748
2026-08-18 15:04:53,648.2,648.55,648.2,648.5,424
2026-08-18 15:05:56,648.5,648.5,647.55,647.9,4269
2026-08-18 15:06:59,647.95,648.2,647.95,648.2,4265
2026-08-18 15:07:56,647.55,648.15,647.4,647.4,2783
2026-08-18 15:08:53,647.6,647.6,647.45,647.45,480
2026-08-18 15:09:55,647.5,647.5,647.4,647.45,1895
2026-08-18 15:10:57,647.45,647.45,647,647.05,860
2026-08-18 15:11:53,647.15,647.4,647.15,647.4,1630
2026-08-18 15:12:59,647.4,647.4,647,647.2,2444
2026-08-18 15:13:55,647.3,647.3,647,647.25,1017
2026-08-18 15:14:55,647.2,647.2,647,647.2,2461
2026-08-18 15:15:57,647.2,647.2,647.1,647.15,649
2026-08-18 15:16:58,647.15,647.15,647,647,1559
2026-08-18 15:17:59,647,647.05,647,647,1018
2026-08-18 15:18:58,647.05,647.05,647,647,1508
2026-08-18 15:19:59,647.05,647.05,646.1,646.8,3571
2026-08-18 15:20:56,646.8,646.9,646.8,646.9,2380
2026-08-18 15:21:54,646.85,647,646.85,646.95,1127
2026-08-18 15:22:54,646.95,647,646.9,647,388
2026-08-18 15:23:59,646.95,647,646.9,646.95,1327
2026-08-18 15:24:55,646.1,646.8,646,646.3,3608
2026-08-18 15:25:54,646.3,646.3,645.8,645.8,1267
2026-08-18 15:26:58,645.8,646,645.8,646,2567
2026-08-18 15:27:53,646.25,646.25,646.05,646.25,1081
2026-08-18 15:28:54,646.2,647.1,646.2,647.1,2764
2026-08-18 15:29:55,647.1,647.1,646.5,647.1,1192
2026-08-18 15:30:02,647.55,647.55,647.55,647.55,29
2026-08-19 09:07:37,652.9,652.9,652.9,652.9,4704
2026-08-19 09:15:59,656.6,659.25,654.25,658.7,27793
2026-08-19 09:16:57,659.3,665.6,659.3,664.8,52168
2026-08-19 09:17:59,666.3,666.6,664.25,664.65,53691
2026-08-19 09:18:59,664.6,674.55,664,674.1,116734
2026-08-19 09:19:59,674.45,676,672.5,672.5,145210
2026-08-19 09:20:59,672.8,673.6,671.05,672.2,53489
2026-08-19 09:21:59,673.55,675.6,672.35,675.6,62027
2026-08-19 09:22:59,674.6,679.8,674.4,675.25,208095
2026-08-19 09:23:59,676.3,677,669.4,670.4,202384
2026-08-19 09:24:59,669.55,670.6,666.2,666.85,147837
2026-08-19 09:25:59,666.1,667.55,664,666.1,122628
2026-08-19 09:26:59,666.1,666.25,663.25,665.15,49778
2026-08-19 09:27:59,665.15,666,661.9,662.95,75243
2026-08-19 09:28:59,662.85,664,661.35,663.05,36218
2026-08-19 09:29:59,663.1,664,662.25,662.9,37807
2026-08-19 09:30:59,662.75,667.2,662.75,667.2,54839
2026-08-19 09:31:59,667.3,667.3,664.4,665.7,34128
2026-08-19 09:32:59,665.7,665.8,663.95,663.95,36789
2026-08-19 09:33:59,663.6,665.35,663.6,665,8068
2026-08-19 09:34:59,664.6,665,663.8,664.6,16693
2026-08-19 09:35:59,664.8,664.8,663.1,663.4,12081
2026-08-19 09:36:59,663.95,664.9,663.4,664.5,15951
2026-08-19 09:37:59,664.05,664.35,661.55,661.55,27238
2026-08-19 09:38:59,661.6,663,661,662.15,42229
2026-08-19 09:39:59,662.2,662.95,661.8,662.35,9913
2026-08-19 09:40:59,662.35,662.4,659.95,661.05,56877
2026-08-19 09:41:59,661.45,662,660.65,661.55,14744
2026-08-19 09:42:59,661.65,661.8,660.55,661.8,8280
2026-08-19 09:43:55,661.5,663.4,661.45,662.7,24564
2026-08-19 09:44:59,663.15,664.6,662.3,663.45,21994
2026-08-19 09:45:59,663.15,663.6,662.4,662.85,7290
2026-08-19 09:46:56,662.8,663.85,662.55,663.45,8814
2026-08-19 09:47:55,663.8,664.15,663.05,663.8,10744
2026-08-19 09:48:58,663.6,665.25,663.6,664.4,27787
2026-08-19 09:49:58,664.7,665.5,664.5,665.4,19441
2026-08-19 09:50:59,665.3,666.75,664.75,666.6,39007
2026-08-19 09:51:59,666.9,666.9,664.6,665,24458
2026-08-19 09:52:59,664.65,665,663.1,663.8,11074
2026-08-19 09:53:57,663.8,664.85,663.25,664.55,7918
2026-08-19 09:54:58,664.75,665.15,664.25,665.15,5020
2026-08-19 09:55:54,665.65,665.95,665.4,665.4,2029
2026-08-19 09:56:53,665.5,666.6,665.4,666,13385
2026-08-19 09:57:55,665.75,666,665.65,665.65,6472
2026-08-19 09:58:56,665.65,665.95,665.1,665.45,2495
2026-08-19 09:59:58,665.45,665.5,665,665.45,2943
2026-08-19 10:00:58,665.35,665.75,665.3,665.4,2826
2026-08-19 10:01:54,665.35,665.8,663.85,664.3,34120
2026-08-19 10:02:59,664.2,665.55,664.2,665.5,5475
2026-08-19 10:03:58,665.2,665.85,665,665.25,4628
2026-08-19 10:04:55,665.4,665.4,664.1,664.4,8563
2026-08-19 10:05:58,664.05,664.5,664,664.05,2306
2026-08-19 10:06:55,663.8,664.25,663.3,663.65,4025
2026-08-19 10:07:57,664.2,664.2,663.4,663.65,6468
2026-08-19 10:08:53,664,664,663.45,663.6,1173
2026-08-19 10:09:56,663.6,663.8,663.45,663.75,2094
2026-08-19 10:10:58,663.65,663.75,663.25,663.5,3073
2026-08-19 10:11:54,663.75,664,663.3,663.35,4695
2026-08-19 10:12:55,663.35,663.6,663.3,663.3,3197
2026-08-19 10:13:56,663.3,663.65,662.15,662.15,24581
2026-08-19 10:14:54,662.65,662.9,662.15,662.55,6272
2026-08-19 10:15:58,662.45,663,662.4,662.85,2500
2026-08-19 10:16:54,662.5,662.5,661.35,661.35,8146
2026-08-19 10:17:57,661.8,662.55,661.1,662.55,13985
2026-08-19 10:18:54,662.65,662.8,662,662,6242
2026-08-19 10:19:57,662.3,662.3,661.5,661.85,4905
2026-08-19 10:20:58,661.5,661.9,661.5,661.9,3678
2026-08-19 10:21:58,661.55,661.9,661.55,661.9,1774
2026-08-19 10:22:57,662,662,661.65,662,3121
2026-08-19 10:23:55,661.65,662,661.65,661.95,3008
2026-08-19 10:24:54,661.7,662,661.7,662,1118
2026-08-19 10:25:58,662,662.75,662,662.35,2231
2026-08-19 10:26:55,662.75,663.35,662.4,663.25,6039
2026-08-19 10:27:54,663.25,663.6,663,663,6601
2026-08-19 10:28:57,662.4,662.7,662.3,662.6,1682
2026-08-19 10:29:55,662.35,662.55,661.7,662,6220
2026-08-19 10:30:59,662,662,661.65,662,2286
2026-08-19 10:31:57,661.7,661.85,661.5,661.5,4034
2026-08-19 10:32:54,661.85,661.9,661.55,661.55,1702
2026-08-19 10:33:58,661.55,662,660.9,661.1,15851
2026-08-19 10:34:56,660.7,660.9,660.5,660.5,4399
2026-08-19 10:35:55,660.5,660.8,659.6,659.75,26907
2026-08-19 10:36:59,659.9,660.7,659.9,660.35,5286
2026-08-19 10:37:57,660.35,661.6,660.35,661.15,6096
2026-08-19 10:38:57,661.45,661.45,661,661.25,2614
2026-08-19 10:39:54,661,661.5,661,661.45,2413
2026-08-19 10:40:56,661.2,661.6,661.2,661.2,1640
2026-08-19 10:41:55,661.6,661.6,661,661,2173
2026-08-19 10:42:59,661,661.25,660.65,661.25,2748
2026-08-19 10:43:58,661.25,661.35,661,661,631
2026-08-19 10:44:55,661,661.5,660.85,661.1,2353
2026-08-19 10:45:56,660.85,661.45,660.85,661.1,2042
2026-08-19 10:46:58,661.1,661.5,661.1,661.5,3349
2026-08-19 10:47:59,661.35,661.55,661.05,661.05,2191
2026-08-19 10:48:55,661.05,661.25,660.35,660.35,5578
2026-08-19 10:49:55,660.3,660.65,660.2,660.2,5764
2026-08-19 10:50:55,660.2,660.25,660.1,660.25,2320
2026-08-19 10:51:56,660.25,660.3,660.1,660.1,2126
2026-08-19 10:52:59,660.1,660.5,660.1,660.5,2891
2026-08-19 10:53:58,660.5,660.9,660.5,660.5,4100
2026-08-19 10:54:58,660.75,660.9,660.5,660.55,1430
2026-08-19 10:55:55,660.75,661.6,660.55,661.6,8453
2026-08-19 10:56:57,661.6,661.6,661.05,661.35,1700
2026-08-19 10:57:58,661.05,661.6,658.6,658.6,21258
2026-08-19 10:58:59,658.6,668.05,657.85,667.75,83537
2026-08-19 10:59:59,667.75,667.85,666.35,666.35,27288
2026-08-19 11:00:59,666.25,667.4,666.05,667,26640
2026-08-19 11:01:59,666,666.05,664.9,665.5,16099
2026-08-19 11:02:59,665.75,665.75,663.5,663.5,11559
2026-08-19 11:03:59,663.55,664.65,663.55,664.1,11939
2026-08-19 11:04:59,664.1,664.25,663.7,664.1,7165
2026-08-19 11:05:55,663.85,663.85,663,663,6295
2026-08-19 11:06:59,663,663.2,661.8,661.8,11417
2026-08-19 11:07:59,661.9,662.45,661.25,662.45,8747
2026-08-19 11:08:59,662.25,662.45,661.5,662.4,7087
2026-08-19 11:09:59,662.1,662.5,661.8,662.1,6486
2026-08-19 11:10:56,662.5,662.5,662.05,662.45,6148
2026-08-19 11:11:56,662.2,662.85,662.2,662.5,5583
2026-08-19 11:12:56,662.05,662.7,661.95,662.7,5193
2026-08-19 11:13:54,662.45,663.2,662.2,663.2,4793
2026-08-19 11:14:57,662.9,663.2,662.65,663.2,4352
2026-08-19 11:15:57,663.3,663.85,663.3,663.35,8494
2026-08-19 11:16:58,663,663.05,662.35,663.05,5092
2026-08-19 11:17:55,662.55,663.3,662.5,663,4969
2026-08-19 11:18:58,662.45,662.7,662.15,662.15,4970
2026-08-19 11:19:57,662.3,663,662.3,662.85,5011
2026-08-19 11:20:59,662.6,662.6,661.9,661.9,5527
2026-08-19 11:21:59,660.8,662,660.65,662,28151
2026-08-19 11:22:59,661.85,661.85,659.25,659.5,11443
2026-08-19 11:23:59,658.2,662.65,657.1,660.25,33447
2026-08-19 11:24:59,660,663.45,659.9,662.75,16239
2026-08-19 11:25:59,662.85,663.25,662.25,663.25,6559
2026-08-19 11:26:59,663.25,663.25,662.1,662.35,6225
2026-08-19 11:27:59,662.45,663,662.25,662.9,4521
2026-08-19 11:28:55,662.45,662.8,662.2,662.65,4711
2026-08-19 11:29:56,662.6,662.95,662.3,662.95,4385
2026-08-19 11:30:59,662.7,663,662.25,662.95,5651
2026-08-19 11:31:57,662.45,662.75,662,662.35,4802
2026-08-19 11:32:58,662.1,662.7,662.1,662.65,4714
2026-08-19 11:33:54,662.65,662.95,662.25,662.95,4521
2026-08-19 11:34:56,662.85,663.3,662.45,663.3,6759
2026-08-19 11:35:56,663.05,663.15,662.55,662.75,6539
2026-08-19 11:36:57,662.45,663.1,662.45,662.85,4474
2026-08-19 11:37:59,662.6,662.6,662.2,662.6,4072
2026-08-19 11:38:59,662.2,663.15,662.2,663.15,3877
2026-08-19 11:39:58,663.05,663.3,662.55,662.95,5557
2026-08-19 11:40:57,663.05,663.35,663,663.25,4746
2026-08-19 11:41:58,663,663.45,663,663.3,9862
2026-08-19 11:42:57,663.45,663.9,662.85,663.9,5978
2026-08-19 11:43:56,663.6,664.45,663.3,664.45,7009
2026-08-19 11:44:59,663.8,664.6,663.8,664.6,5885
2026-08-19 11:45:55,664.3,664.5,664,664,11196
2026-08-19 11:46:58,664.05,664.9,664,664.5,7503
2026-08-19 11:47:56,664.35,664.85,664.05,664.85,4482
2026-08-19 11:48:59,664.95,665,664.05,664.5,11729
2026-08-19 11:49:57,664.6,665.5,664.6,665.5,6832
2026-08-19 11:50:57,665.25,665.3,665,665,5569
2026-08-19 11:51:59,664.75,665.2,664.35,664.7,7146
2026-08-19 11:52:59,665.1,665.45,664.55,665.45,8334
2026-08-19 11:53:56,665.2,666,665.2,665.8,11779
2026-08-19 11:54:59,665.8,666,665.65,665.95,7634
2026-08-19 11:55:59,665.7,666.15,665.55,666,10662
2026-08-19 11:56:58,666.2,667.85,666.2,667.85,29344
2026-08-19 11:57:59,667.2,667.6,666.9,666.9,12853
2026-08-19 11:58:59,667,667.05,666.5,666.55,7783
2026-08-19 11:59:59,667.05,667.3,666.8,667.2,12233
2026-08-19 12:00:59,667.1,667.5,667,667,8836
2026-08-19 12:01:54,667,667.65,666.8,667.65,15559
2026-08-19 12:02:59,667.4,667.8,667.2,667.2,8858
2026-08-19 12:03:59,667.15,670,666.6,670,51283
2026-08-19 12:04:59,670,670.55,668.75,669.25,43194
2026-08-19 12:05:59,669.35,669.65,669,669,15526
2026-08-19 12:06:59,669.2,672.05,669.15,671.95,43607
2026-08-19 12:07:59,671.95,672.05,670.8,670.8,25830
2026-08-19 12:08:59,670.75,672.35,670.6,671.45,27047
2026-08-19 12:09:59,672.1,673,671.85,672.1,22164
2026-08-19 12:10:59,671.95,672.5,671.5,672.35,20923
2026-08-19 12:11:59,672.5,675,672.4,674.95,60585
2026-08-19 12:12:59,675,676,674.95,676,78486
2026-08-19 12:13:59,675.8,678.25,675.8,677.35,85694
2026-08-19 12:14:59,677.05,678.55,677,677,61425
2026-08-19 12:15:58,677.6,682.6,677.15,682.45,175716
2026-08-19 12:16:59,682,687.7,682,685.7,222155
2026-08-19 12:17:59,684.85,687.9,682.25,682.55,160215
2026-08-19 12:18:59,683.2,686.45,682,682.7,130486
2026-08-19 12:19:59,683.05,685,682.95,684.4,74316
2026-08-19 12:20:59,684.25,686,679.15,679.15,185719
2026-08-19 12:21:59,679.8,681.8,679.2,681.25,65158
2026-08-19 12:22:59,681.3,681.3,679.15,680.35,65933
2026-08-19 12:23:59,680.55,681.9,679.5,680.2,49802
2026-08-19 12:24:59,680.1,680.5,678.7,680.45,41597
2026-08-19 12:25:59,680.5,682,679.95,681.2,40729
2026-08-19 12:26:59,681.25,681.5,680.6,680.9,19668
2026-08-19 12:27:59,681,682.6,680.85,681.65,25783
2026-08-19 12:28:59,681.65,681.9,681.05,681.25,18657
2026-08-19 12:29:59,680.95,681.35,680,681,31331
2026-08-19 12:30:59,680.85,680.85,677.55,677.95,45920
2026-08-19 12:31:59,677.3,679,676.4,678.65,43332
2026-08-19 12:32:59,678.9,679.4,678,678.95,23372
2026-08-19 12:33:59,678.65,680.9,678.25,680.8,64879
2026-08-19 12:34:58,680.35,680.8,679.75,680.8,18614
2026-08-19 12:35:59,680.9,680.9,677.2,677.5,51085
2026-08-19 12:36:59,678,678,674.45,675,109495
2026-08-19 12:37:59,674.75,675.85,674.15,674.8,53628
2026-08-19 12:38:59,674.85,674.85,672.8,672.9,68134
2026-08-19 12:39:59,672.65,672.65,671.3,671.95,66625
2026-08-19 12:40:59,671.7,671.8,670.2,671,60445
2026-08-19 12:41:59,671.2,671.2,669.2,669.9,52385
2026-08-19 12:42:59,670,671.2,669.6,670.3,41239
2026-08-19 12:43:59,669.95,669.95,668.25,669.45,74238
2026-08-19 12:44:59,669.1,669.8,669.05,669.7,17656
2026-08-19 12:45:59,669.4,670.95,669.15,669.7,36544
2026-08-19 12:46:59,669.9,669.9,669.2,669.5,13123
2026-08-19 12:47:59,669.25,670.35,669.25,670.25,16774
2026-08-19 12:48:59,670.3,676.5,669.2,676,122124
2026-08-19 12:49:59,676.15,676.5,674.15,675.55,63889
2026-08-19 12:50:59,675.3,676.5,675,676.1,36987
2026-08-19 12:51:59,676.1,676.1,673.4,675,67505
2026-08-19 12:52:59,675.05,675.4,674.5,675.4,18389
2026-08-19 12:53:59,675.25,675.4,675,675.25,6900
2026-08-19 12:54:57,674.5,676.5,674.5,676.4,48320
2026-08-19 12:55:59,676.45,678.05,674.1,678,77014
2026-08-19 12:56:59,677.75,679.25,677.35,678.15,61213
2026-08-19 12:57:59,678.3,678.8,676.45,678.65,37249
2026-08-19 12:58:59,678.25,678.95,677.55,678.5,33590
2026-08-19 12:59:59,678.55,679,678,678.3,36362
2026-08-19 13:00:59,678.3,678.9,676,676,76696
2026-08-19 13:01:59,677.2,677.8,676.4,676.75,17472
2026-08-19 13:02:59,676.5,676.8,676,676.45,18825
2026-08-19 13:03:59,676.25,677.45,676.15,676.75,9731
2026-08-19 13:04:59,676.75,677,676.25,676.25,12688
2026-08-19 13:05:59,676.2,676.6,676.05,676.45,11524
2026-08-19 13:06:59,676.85,676.95,676.5,676.8,9675
2026-08-19 13:07:59,676.55,676.95,676.45,676.6,9590
2026-08-19 13:08:57,676.5,676.6,676,676.1,12789
2026-08-19 13:09:58,675.85,676.1,675.4,675.85,14435
2026-08-19 13:10:59,675.9,675.9,675.4,675.85,12210
2026-08-19 13:11:59,675.65,675.85,674.7,675,33155
2026-08-19 13:12:59,674.95,675.15,674.8,674.9,15922
2026-08-19 13:13:59,674.7,674.8,673.6,674,24164
2026-08-19 13:14:59,673.8,674.75,673.8,674.5,15141
2026-08-19 13:15:59,674.2,674.5,673.75,674.45,13742
2026-08-19 13:16:59,674.45,674.95,674,674.25,22156
2026-08-19 13:17:59,674.25,674.25,673.6,673.7,10072
2026-08-19 13:18:59,673.75,674.15,673.7,674.1,7279
2026-08-19 13:19:56,673.85,674.1,673.7,673.7,9272
2026-08-19 13:20:55,673.55,673.95,673.55,673.95,9893
2026-08-19 13:21:59,674.2,674.25,673.35,673.35,18188
2026-08-19 13:22:59,673.3,674,673.15,673.7,5975
2026-08-19 13:23:59,673.65,673.65,673.15,673.5,10177
2026-08-19 13:24:59,673.55,674.4,673.55,674,13296
2026-08-19 13:25:59,673.6,673.75,673.05,673.6,10726
2026-08-19 13:26:59,673.35,673.65,673.25,673.6,6155
2026-08-19 13:27:59,673.4,673.55,673.05,673.5,11023
2026-08-19 13:28:59,673.25,673.25,671.55,672.45,26184
2026-08-19 13:29:59,672.4,672.4,671.55,671.95,15382
2026-08-19 13:30:59,672.1,672.85,671.6,671.9,16960
2026-08-19 13:31:59,671.9,672.7,671.65,672.7,10822
2026-08-19 13:32:59,672.75,672.8,672.05,672.7,8386
2026-08-19 13:33:59,672.5,672.8,672.15,672.4,9584
2026-08-19 13:34:59,672.4,672.4,670.45,670.8,22566
2026-08-19 13:35:59,670.8,670.9,670.15,670.15,16017
2026-08-19 13:36:58,670.6,672,670.6,672,49985
2026-08-19 13:37:59,671.95,672.3,671.45,671.45,13749
2026-08-19 13:38:59,671.5,671.6,671,671.5,6728
2026-08-19 13:39:58,671.25,671.6,671.1,671.6,8987
2026-08-19 13:40:59,671.8,671.95,671.55,671.55,8665
2026-08-19 13:41:59,671.45,671.65,671,671.5,8814
2026-08-19 13:42:59,671.15,671.25,670.35,671,13562
2026-08-19 13:43:59,671,671.5,670.7,671.5,11739
2026-08-19 13:44:58,671.25,671.25,670.55,670.9,4317
2026-08-19 13:45:56,670.8,671.35,670.5,671.1,9025
2026-08-19 13:46:59,670.65,671.25,670.4,671.05,9125
2026-08-19 13:47:59,670.8,671,670.35,670.95,7163
2026-08-19 13:48:57,671,671,670.55,671,7235
2026-08-19 13:49:56,671,671.5,668.55,669,58277
2026-08-19 13:50:59,668.6,669.5,668.6,669.05,12606
2026-08-19 13:51:59,669.1,669.15,668.6,668.95,9357
2026-08-19 13:52:59,668.95,669.5,668.7,669.5,8485
2026-08-19 13:53:59,669.25,669.7,669,669.65,10538
2026-08-19 13:54:59,669.25,669.4,668.7,669,7610
2026-08-19 13:55:59,669,669.7,669,669.7,6783
2026-08-19 13:56:59,669.45,669.75,669.05,669.75,7674
2026-08-19 13:57:55,669.5,670.8,669.2,670.7,16636
2026-08-19 13:58:59,670.7,670.7,670,670.55,8643
2026-08-19 13:59:59,670.3,671,669.1,669.45,22123
2026-08-19 14:00:59,669.2,669.55,669.1,669.5,8351
2026-08-19 14:01:58,669.25,669.6,669.05,669.15,13163
2026-08-19 14:02:59,668.7,668.85,668.2,668.85,23763
2026-08-19 14:03:59,668.8,668.85,668.45,668.45,11159
2026-08-19 14:04:53,668.45,668.8,668.25,668.8,9058
2026-08-19 14:05:59,668.6,668.6,667.2,668.35,22567
2026-08-19 14:06:59,668.45,669.4,668.15,669.1,11903
2026-08-19 14:07:59,669.05,669.35,668.65,668.65,10332
2026-08-19 14:08:59,668.75,669.35,668.75,669.35,8529
2026-08-19 14:09:55,669.1,669.3,668.75,669,5378
2026-08-19 14:10:58,668.75,669,668.5,668.55,11139
2026-08-19 14:11:57,668.6,669,668.55,669,7157
2026-08-19 14:12:58,668.75,668.75,668.3,668.5,6367
2026-08-19 14:13:59,668.5,668.65,668.25,668.35,9220
2026-08-19 14:14:59,667.75,667.8,666.55,667.35,28002
2026-08-19 14:15:59,667.5,667.7,667,667.1,12087
2026-08-19 14:16:59,667.25,667.7,667.15,667.7,7531
2026-08-19 14:17:59,667.45,667.7,667.45,667.6,7243
2026-08-19 14:18:56,667.35,667.8,667.35,667.5,7278
2026-08-19 14:19:58,667.55,667.85,667.1,667.5,7254
2026-08-19 14:20:57,667.75,667.85,667.6,667.65,5725
2026-08-19 14:21:54,667.65,667.85,667.25,667.6,7700
2026-08-19 14:22:54,667.75,667.75,667,667.1,12843
2026-08-19 14:23:56,667.1,667.1,666.2,666.2,14980
2026-08-19 14:24:59,666.2,667.05,666.2,666.5,16322
2026-08-19 14:25:58,666.6,667.05,666.5,666.65,7790
2026-08-19 14:26:59,666.7,666.9,666.3,666.85,7013
2026-08-19 14:27:57,666.6,666.95,666.3,666.85,7818
2026-08-19 14:28:59,666.65,667.35,666.65,667.35,6302
2026-08-19 14:29:58,667.05,667.3,666.25,666.75,7186
2026-08-19 14:30:58,666.15,666.15,665.45,665.85,16159
2026-08-19 14:31:59,666.1,666.5,665.95,666.5,7612
2026-08-19 14:32:58,666.25,666.8,666.2,666.5,8310
2026-08-19 14:33:57,666.5,666.85,666.25,666.45,5691
2026-08-19 14:34:59,666.4,666.95,666.4,666.55,5011
2026-08-19 14:35:54,666.7,667.6,666.3,667.6,12701
2026-08-19 14:36:59,667.6,667.65,666.45,667.35,11488
2026-08-19 14:37:59,667.1,667.2,663.1,663.1,51191
2026-08-19 14:38:59,663.25,664.55,663.1,664,20139
2026-08-19 14:39:58,664,665.25,663.75,664.5,12939
2026-08-19 14:40:59,664.5,665,664.2,664.7,10002
2026-08-19 14:41:59,664.6,665,664.55,664.9,5461
2026-08-19 14:42:57,664.85,665,664.7,664.9,9330
2026-08-19 14:43:59,665,665,664.3,664.65,10100
2026-08-19 14:44:59,664.8,664.9,664.5,664.85,5421
2026-08-19 14:45:58,664.9,665.25,664.55,664.65,6594
2026-08-19 14:46:59,665.1,665.9,665,665.9,10295
2026-08-19 14:47:59,665.55,665.6,665,665,7648
2026-08-19 14:48:59,665,665.3,664.55,664.65,7991
2026-08-19 14:49:59,665,665.9,664.9,665.9,6982
2026-08-19 14:50:59,665.5,666.35,665.2,666.1,14210
2026-08-19 14:51:59,666.4,666.9,666.15,666.5,17185
2026-08-19 14:52:59,666.4,667,666.1,666.15,14050
2026-08-19 14:53:59,666.15,666.8,666.15,666.65,6925
2026-08-19 14:54:56,666.65,666.85,666.55,666.85,7408
2026-08-19 14:55:59,667.3,668.9,667.15,667.4,35057
2026-08-19 14:56:59,667.4,668.3,667.4,668,18187
2026-08-19 14:57:59,667.75,668.95,667.75,668.15,21586
2026-08-19 14:58:59,668.45,669.1,668.05,669,13716
2026-08-19 14:59:59,669.1,669.4,668.6,669,20479
2026-08-19 15:00:59,668.65,669.35,668.05,668.95,37127
2026-08-19 15:01:59,668.65,668.8,667.35,667.45,15626
2026-08-19 15:02:58,667.25,669,667.25,669,20099
2026-08-19 15:03:59,670.05,670.75,669,669,64087
2026-08-19 15:04:59,669,669.85,668.7,668.7,19022
2026-08-19 15:05:54,668.7,668.95,667.9,668.15,13024
2026-08-19 15:06:59,668.25,668.25,665.65,666.85,36837
2026-08-19 15:07:59,666.45,666.5,665.8,665.8,11230
2026-08-19 15:08:54,665.5,665.9,664.35,664.35,19445
2026-08-19 15:09:59,664.65,664.65,663.3,664.05,32641
2026-08-19 15:10:59,664.25,664.5,663,663.6,18793
2026-08-19 15:11:59,663.35,664.6,663,664.6,23414
2026-08-19 15:12:59,664.1,664.35,661,662.35,61394
2026-08-19 15:13:59,661.75,663.4,661.5,663.4,10932
2026-08-19 15:14:59,663.1,663.8,662.85,662.85,10411
2026-08-19 15:15:59,662.75,664.3,662.15,664.2,10802
2026-08-19 15:16:59,663.95,663.95,662.5,663.15,7197
2026-08-19 15:17:59,663,663.4,662.6,663.1,8495
2026-08-19 15:18:59,662.85,663.05,662.4,662.5,9115
2026-08-19 15:19:59,662.5,662.9,662,662.9,21277
2026-08-19 15:20:56,663.1,663.1,662,662.3,10856
2026-08-19 15:21:59,662.3,662.65,662.05,662.05,10663
2026-08-19 15:22:59,660.7,661,660,661,13373
2026-08-19 15:23:57,661,661.6,660.45,661.55,10150
2026-08-19 15:24:59,661.35,661.35,660.3,660.95,22812
2026-08-19 15:25:59,660.7,660.9,657.65,659.25,42771
2026-08-19 15:26:59,658.85,659.2,658,659.05,13259
2026-08-19 15:27:58,659,659,658.55,658.7,7395
2026-08-19 15:28:59,658.75,659.9,658.2,659.75,12745
2026-08-19 15:29:59,659.8,660.9,658.2,660.9,13567
2026-08-20 09:07:02,666.5,666.5,666.5,666.5,6016
2026-08-20 09:15:51,666.5,666.5,663.15,663.85,35083
2026-08-20 09:16:51,664.15,665,663.1,663.15,16094
2026-08-20 09:17:57,663.75,664.5,662.9,663.45,11507
2026-08-20 09:18:51,663.2,665.9,662.3,665.4,13847
2026-08-20 09:19:54,665.5,665.5,664.3,664.85,10825
2026-08-20 09:20:56,665,665.35,664.8,664.8,8483
2026-08-20 09:21:55,665.1,665.75,664.65,665.5,3403
2026-08-20 09:22:54,665.15,665.5,665.15,665.5,3587
2026-08-20 09:23:53,665.35,666.35,665,666.35,6397
2026-08-20 09:24:59,667.05,667.5,666.2,666.2,13943
2026-08-20 09:25:55,666.3,667,666.3,667,5352
2026-08-20 09:26:52,666.55,666.95,665.7,665.7,10293
2026-08-20 09:27:56,666,666.45,665.5,666,3625
2026-08-20 09:28:58,666,666,665.6,665.6,4406
2026-08-20 09:29:53,665.25,665.25,664.75,664.75,2848
2026-08-20 09:30:57,664.7,665.25,664.7,664.85,5351
2026-08-20 09:31:59,664.95,665.45,664.8,665.45,1760
2026-08-20 09:32:55,665.45,665.45,665,665.2,478
2026-08-20 09:33:56,665,665.35,665,665.35,1555
2026-08-20 09:34:56,665.15,665.4,665.15,665.4,515
2026-08-20 09:35:56,665.35,665.8,665.35,665.8,1003
2026-08-20 09:36:54,665.8,665.9,665.45,665.65,2940
2026-08-20 09:37:55,665.4,666.05,665.4,665.65,1381
2026-08-20 09:38:52,665.9,666.05,665.45,665.8,5293
2026-08-20 09:39:57,665.5,665.8,665.4,665.8,1429
2026-08-20 09:40:55,665.8,665.8,665,665.15,5797
2026-08-20 09:41:59,665.1,665.5,665.1,665.4,1602
2026-08-20 09:42:57,665.5,665.7,665.15,665.5,4072
2026-08-20 09:43:55,665.3,665.85,665.3,665.6,1004
2026-08-20 09:44:59,665.55,665.7,665.55,665.7,422
2026-08-20 09:45:56,665.5,665.95,665.4,665.8,2456
2026-08-20 09:46:55,666,666,665.55,665.9,1524
2026-08-20 09:47:54,665.9,666,665.5,666,1682
2026-08-20 09:48:58,665.85,665.85,665.2,665.5,586
2026-08-20 09:49:53,665.5,665.5,665.1,665.15,444
2026-08-20 09:50:56,665.2,665.4,665.1,665.1,716
2026-08-20 09:51:58,665.1,665.35,665.1,665.35,590
2026-08-20 09:52:58,665.35,665.35,665.35,665.35,190
2026-08-20 09:53:57,665.35,665.35,664.5,665.1,10918
2026-08-20 09:54:56,665.75,665.9,665.45,665.9,1038
2026-08-20 09:55:55,665.9,665.9,665.65,665.85,937
2026-08-20 09:56:54,665.4,666.25,665.4,666,3801
2026-08-20 09:57:59,666.1,666.2,666,666,560
2026-08-20 09:58:57,666,666,665.65,665.7,1339
2026-08-20 09:59:54,666,666,665.7,665.95,1254
2026-08-20 10:00:58,665.7,666,665.45,665.6,531
2026-08-20 10:01:54,665.6,665.6,665.05,665.1,1277
2026-08-20 10:02:57,665.1,665.6,665.05,665.2,437
2026-08-20 10:03:58,665.15,665.6,665.1,665.6,525
2026-08-20 10:04:55,665.4,665.6,665.05,665.1,1532
2026-08-20 10:05:59,665.6,665.6,665.1,665.45,624
2026-08-20 10:06:56,665.45,665.45,665.1,665.15,732
2026-08-20 10:07:54,665.1,665.65,665.1,665.65,787
2026-08-20 10:08:58,665.2,665.65,665.2,665.65,1038
2026-08-20 10:09:54,665.65,665.65,665.2,665.3,2476
2026-08-20 10:10:54,665.3,666.3,665.3,665.7,4481
2026-08-20 10:11:54,665.75,666,665.75,666,1680
2026-08-20 10:12:58,665.65,666,665.65,665.95,788
2026-08-20 10:13:55,665.6,665.9,665.6,665.9,1078
2026-08-20 10:14:56,665.9,667.9,665.5,667.25,24003
2026-08-20 10:15:58,667.4,667.5,666.75,667,3554
2026-08-20 10:16:58,666.9,667.1,666.5,666.7,893
2026-08-20 10:17:58,666.75,667,666.7,666.95,423
2026-08-20 10:18:58,666.5,666.55,665.95,665.95,3420
2026-08-20 10:19:58,666.3,666.75,666.25,666.75,829
2026-08-20 10:20:54,666.25,666.75,666.25,666.6,484
2026-08-20 10:21:59,666.35,666.6,666.1,666.2,909
2026-08-20 10:22:57,666.2,666.5,666.2,666.5,19
2026-08-20 10:23:55,666.75,666.9,666.7,666.9,203
2026-08-20 10:24:54,666.9,667.5,666.9,666.9,1863
2026-08-20 10:25:53,667.15,667.15,666.85,666.85,1280
2026-08-20 10:26:58,666.8,666.8,666.35,666.35,476
2026-08-20 10:27:56,666.75,666.75,666.05,666.05,1624
2026-08-20 10:28:58,666.1,666.45,666.1,666.45,92
2026-08-20 10:29:55,666.2,666.2,666.2,666.2,218
2026-08-20 10:30:59,666.2,666.6,666.2,666.25,109
2026-08-20 10:31:57,666.25,666.6,666.25,666.6,78
2026-08-20 10:32:59,666.2,666.6,666.2,666.2,82
2026-08-20 10:33:55,666.7,666.7,666.3,666.35,399
2026-08-20 10:34:57,666.75,666.75,666.35,666.4,321
2026-08-20 10:35:54,666.4,666.75,666.4,666.75,402
2026-08-20 10:36:57,666.75,666.9,666.75,666.85,368
2026-08-20 10:37:58,666.45,666.8,666.45,666.8,559
2026-08-20 10:38:56,666.45,666.85,666.45,666.5,402
2026-08-20 10:39:56,666.55,666.85,666.5,666.5,56
2026-08-20 10:40:56,666.85,666.85,666.5,666.5,336
2026-08-20 10:41:57,666.85,666.95,666.5,666.95,975
2026-08-20 10:42:58,666.5,666.9,666.5,666.9,880
2026-08-20 10:43:55,666.9,666.9,666.55,666.9,286
2026-08-20 10:44:55,666.55,666.95,666.55,666.75,1310
2026-08-20 10:45:57,666.75,666.85,666.6,666.85,861
2026-08-20 10:46:57,666.85,666.85,666.5,666.55,1145
2026-08-20 10:47:58,666.55,666.9,666.55,666.6,1026
2026-08-20 10:48:59,666.6,666.6,666.5,666.6,234
2026-08-20 10:49:55,666.6,666.6,666.5,666.5,424
2026-08-20 10:50:50,666.5,666.8,666.5,666.5,314
2026-08-20 10:51:56,666.5,666.5,666.5,666.5,176
2026-08-20 10:52:55,666.75,666.75,665.3,665.3,5767
2026-08-20 10:53:55,665.6,665.7,665.3,665.3,1992
2026-08-20 10:54:55,665.7,665.75,665.2,665.75,2255
2026-08-20 10:55:59,665.75,665.75,665.3,665.75,346
2026-08-20 10:56:57,665.3,665.75,665.3,665.75,108
2026-08-20 10:57:54,665.8,665.8,665.3,665.35,534
2026-08-20 10:58:58,665.35,665.8,665.15,665.35,1146
2026-08-20 10:59:57,665.85,665.85,665.2,665.25,1008
2026-08-20 11:00:57,665.65,665.75,665.25,665.75,443
2026-08-20 11:01:59,665.75,665.75,665.3,665.3,16
2026-08-20 11:02:55,665.65,665.65,665.15,665.5,655
2026-08-20 11:03:59,665.15,665.45,664.95,665.3,4667
2026-08-20 11:04:55,665.1,665.3,665.1,665.3,171
2026-08-20 11:05:55,665.1,665.3,665.1,665.3,512
2026-08-20 11:06:56,665.3,665.3,665.3,665.3,195
2026-08-20 11:07:51,665.3,665.6,665.1,665.6,1221
2026-08-20 11:08:57,665.15,665.55,665.05,665.15,396
2026-08-20 11:09:58,665.15,665.45,664.8,664.8,5021
2026-08-20 11:10:57,665.15,665.15,664.85,665.05,1433
2026-08-20 11:11:57,665.15,665.45,664.7,664.85,2624
2026-08-20 11:12:59,665.3,665.35,664.75,665.3,450
2026-08-20 11:13:57,665.35,665.35,664.8,664.85,209
2026-08-20 11:14:55,665,665,664.75,664.75,599
2026-08-20 11:15:55,665,665,664.75,665,1453
2026-08-20 11:16:58,665,665,664.7,665,1298
2026-08-20 11:17:56,664.7,665,664.65,664.65,2838
2026-08-20 11:18:57,664.65,665,662.05,663.9,16711
2026-08-20 11:19:59,663.75,663.75,662.95,663,3918
2026-08-20 11:20:56,663.1,663.35,662.5,663,4527
2026-08-20 11:21:58,663.2,663.5,663,663.35,1867
2026-08-20 11:22:55,663.25,663.55,663.2,663.55,1778
2026-08-20 11:23:57,663.25,663.75,663.2,663.75,377
2026-08-20 11:24:58,663.7,663.7,663.2,663.25,647
2026-08-20 11:25:58,663.25,663.65,663.2,663.3,1000
2026-08-20 11:26:58,663.5,663.5,663.4,663.4,8
2026-08-20 11:27:55,663.4,663.5,663.4,663.5,755
2026-08-20 11:28:57,663.4,664.05,663.4,663.9,1592
2026-08-20 11:29:58,664.1,664.1,663.9,664.1,921
2026-08-20 11:30:57,663.9,664.2,663.9,664.2,333
2026-08-20 11:31:59,663.8,663.85,663.8,663.85,171
2026-08-20 11:32:59,664.25,664.25,664,664.25,35
2026-08-20 11:33:52,663.7,664.35,663.7,664.25,1385
2026-08-20 11:34:56,664.25,664.4,664,664.4,311
2026-08-20 11:35:53,664,664.05,664,664,325
2026-08-20 11:36:50,664,664.05,664,664.05,942
2026-08-20 11:37:56,664,664.05,663.8,663.85,1254
2026-08-20 11:38:57,663.7,663.9,663.7,663.7,92
2026-08-20 11:39:58,663.7,663.85,663.7,663.85,835
2026-08-20 11:40:59,663.85,663.9,663.75,663.75,58
2026-08-20 11:41:55,663.9,663.9,663.75,663.85,320
2026-08-20 11:42:51,663.85,663.85,663.75,663.85,63
2026-08-20 11:43:59,663.85,664,663.7,663.7,1002
2026-08-20 11:44:58,663.7,664,663.7,663.7,56
2026-08-20 11:45:46,663.7,663.7,663.7,663.7,70
2026-08-20 11:46:58,663.95,663.95,663.7,663.75,127
2026-08-20 11:47:59,663.7,664,663.7,664,143
2026-08-20 11:48:59,664,664,663.7,664,239
2026-08-20 11:49:59,664,664.25,664,664.25,704
2026-08-20 11:50:55,664.65,664.65,664,664.4,1314
2026-08-20 11:51:57,664.4,664.4,664,664,582
2026-08-20 11:52:58,664.2,664.2,664.2,664.2,229
2026-08-20 11:53:56,664.2,664.2,664,664,537
2026-08-20 11:54:57,664,664.2,663.85,663.85,507
2026-08-20 11:55:58,664.15,664.15,663.8,663.8,130
2026-08-20 11:56:57,663.9,664.8,663.9,664.65,845
2026-08-20 11:57:57,664.2,664.65,664.2,664.2,143
2026-08-20 11:58:56,664.15,664.6,664.1,664.1,1245
2026-08-20 11:59:57,664.45,664.45,664.45,664.45,8
2026-08-20 12:00:56,664.45,664.45,664.45,664.45,9
2026-08-20 12:01:58,664.15,664.45,664.1,664.45,155
2026-08-20 12:02:56,664.1,664.15,664.05,664.05,472
2026-08-20 12:03:58,664,664,664,664,13
2026-08-20 12:04:49,664,664,663.8,663.8,321
2026-08-20 12:05:58,663.8,664,663.7,664,526
2026-08-20 12:06:54,663.65,663.65,663.45,663.45,4512
2026-08-20 12:07:56,663.45,663.45,663.45,663.45,445
2026-08-20 12:08:57,663.45,663.7,663.45,663.7,187
2026-08-20 12:09:53,663.75,663.75,663.45,663.45,177
2026-08-20 12:10:59,663.8,663.8,663.45,663.8,216
2026-08-20 12:11:58,663.45,663.85,663.45,663.5,405
2026-08-20 12:12:59,663.85,663.85,663.85,663.85,257
2026-08-20 12:13:58,663.9,663.9,663.5,663.5,1310
2026-08-20 12:14:58,663.75,663.8,663.45,663.45,523
2026-08-20 12:15:59,663.8,663.8,663.45,663.45,449
2026-08-20 12:16:57,663.5,664.2,663.5,664.2,2199
2026-08-20 12:17:56,664,664.15,663.6,663.75,317
2026-08-20 12:18:56,663.75,663.75,663.65,663.65,72
2026-08-20 12:19:57,663.75,663.75,663.65,663.65,134
2026-08-20 12:20:57,663.75,664.1,663.75,663.75,24
2026-08-20 12:21:58,663.75,664.1,663.75,664.1,128
2026-08-20 12:22:56,664.15,664.15,663.8,663.8,318
2026-08-20 12:23:59,663.75,663.75,663.75,663.75,230
2026-08-20 12:24:58,664.15,664.25,664.15,664.2,339
2026-08-20 12:25:55,664.2,664.2,663.5,663.5,1353
2026-08-20 12:26:55,663.75,664.2,663.75,664,235
2026-08-20 12:27:55,663.65,663.65,663.45,663.45,1070
2026-08-20 12:28:56,663.85,663.85,663.85,663.85,278
2026-08-20 12:29:59,663.8,664,663.8,664,320
2026-08-20 12:30:57,663.8,663.8,663.75,663.75,441
2026-08-20 12:31:57,663.55,663.55,663.55,663.55,48
2026-08-20 12:32:56,663.55,663.6,663.55,663.6,182
2026-08-20 12:33:59,663.45,663.6,663.3,663.3,874
2026-08-20 12:34:53,663.3,663.5,663.3,663.5,1070
2026-08-20 12:35:57,663.5,663.85,663.3,663.4,1286
2026-08-20 12:36:58,663.5,663.8,663.5,663.8,307
2026-08-20 12:37:56,663.8,663.8,663.75,663.75,1536
2026-08-20 12:38:56,663.5,663.9,663.5,663.9,206
2026-08-20 12:39:55,663.5,663.85,663.5,663.5,357
2026-08-20 12:40:57,663.85,663.85,663.85,663.85,885
2026-08-20 12:41:59,663.45,663.85,663.45,663.85,108
2026-08-20 12:42:56,663.85,663.85,663.45,663.45,116
2026-08-20 12:43:56,664.8,664.8,664.6,664.6,2499
2026-08-20 12:44:55,664.2,664.9,664.2,664.9,783
2026-08-20 12:45:55,664.85,664.85,664.2,664.8,662
2026-08-20 12:46:59,664.8,664.8,664.4,664.4,188
2026-08-20 12:47:59,664.8,664.8,664.4,664.4,46
2026-08-20 12:48:58,664.75,664.8,664.4,664.8,551
2026-08-20 12:49:55,664.95,664.95,664.5,664.55,699
2026-08-20 12:50:59,664.75,664.95,664.55,664.55,245
2026-08-20 12:51:56,664.5,664.85,664.5,664.85,21
2026-08-20 12:52:57,664.8,664.9,664.2,664.2,645
2026-08-20 12:53:55,664.2,664.2,664.2,664.2,33
2026-08-20 12:54:53,664.2,664.65,664.2,664.2,33
2026-08-20 12:55:56,664.2,664.25,664.2,664.25,355
2026-08-20 12:56:57,664.25,664.35,664.25,664.25,388
2026-08-20 12:57:55,664.7,664.7,664.25,664.25,526
2026-08-20 12:58:57,664.25,664.55,664.25,664.55,697
2026-08-20 12:59:58,664.55,664.6,664.25,664.6,871
2026-08-20 13:00:55,664.6,664.6,664.6,664.6,15
2026-08-20 13:01:59,664.6,664.6,664.6,664.6,70
2026-08-20 13:02:58,664.25,664.6,664.25,664.6,11
2026-08-20 13:03:58,664.25,664.6,664.25,664.25,210
2026-08-20 13:04:59,664.6,664.6,664.25,664.25,314
2026-08-20 13:05:59,664.25,664.25,664.1,664.15,262
2026-08-20 13:06:55,664.2,664.2,664.05,664.05,62
2026-08-20 13:07:56,664.45,664.45,664.05,664.05,292
2026-08-20 13:08:57,664.1,664.55,664.05,664.5,563
2026-08-20 13:09:58,664.1,664.1,664,664,520
2026-08-20 13:10:55,664,664,664,664,123
2026-08-20 13:11:56,664,664.2,664,664,630
2026-08-20 13:12:58,664,664,664,664,1212
2026-08-20 13:13:59,663.6,663.95,663.55,663.6,21
2026-08-20 13:14:56,663.9,664.25,663.9,664.25,1803
2026-08-20 13:15:57,665.2,665.2,664.95,664.95,2051
2026-08-20 13:16:58,665,665,664.3,664.7,409
2026-08-20 13:17:59,664.7,664.8,664.25,664.7,291
2026-08-20 13:18:59,664.4,664.4,664.1,664.15,688
2026-08-20 13:19:56,664.65,664.65,664.6,664.6,157
2026-08-20 13:20:57,664.6,664.7,664.6,664.7,362
2026-08-20 13:21:57,664.45,664.45,664.4,664.4,143
2026-08-20 13:22:52,664.2,664.2,664.2,664.2,103
2026-08-20 13:23:57,664.2,664.4,664.1,664.4,238
2026-08-20 13:24:56,664.4,664.4,664.15,664.2,4060
2026-08-20 13:25:56,664.5,664.5,664.15,664.3,363
2026-08-20 13:26:57,664.3,664.7,664.2,664.2,273
2026-08-20 13:27:58,664.2,664.45,664.05,664.15,127
2026-08-20 13:28:56,664,664,664,664,48
2026-08-20 13:29:56,664.05,664.45,664,664,679
2026-08-20 13:30:57,664,664.05,664,664.05,95
2026-08-20 13:31:56,664.35,664.35,664.25,664.3,43
2026-08-20 13:32:56,664,664,664,664,110
2026-08-20 13:33:55,664.3,664.3,664,664.3,33
2026-08-20 13:34:56,664,664,664,664,58
2026-08-20 13:35:56,664,664,663.65,663.65,476
2026-08-20 13:36:57,663.75,663.75,663.75,663.75,101
2026-08-20 13:37:59,663.55,663.6,663.55,663.55,513
2026-08-20 13:38:55,663.55,663.55,663.5,663.5,191
2026-08-20 13:39:55,663.55,663.7,663.5,663.5,530
2026-08-20 13:40:58,664,664,664,664,30
2026-08-20 13:41:56,663.5,663.7,663.5,663.7,3110
2026-08-20 13:42:51,663.5,663.85,663.5,663.5,940
2026-08-20 13:43:57,663.8,664.15,663.6,664.05,3066
2026-08-20 13:44:59,663.8,664.05,663.6,664.05,256
2026-08-20 13:45:55,664.05,664.05,663.55,663.95,139
2026-08-20 13:46:57,664.05,664.05,664.05,664.05,60
2026-08-20 13:47:56,663.7,663.7,663.7,663.7,80
2026-08-20 13:48:59,663.7,663.7,663.6,663.6,589
2026-08-20 13:49:59,663.55,664.05,663.55,664.05,142
2026-08-20 13:50:50,663.6,664.05,663.6,664.05,55
2026-08-20 13:51:55,664,664,663.7,663.7,76
2026-08-20 13:52:55,663.5,663.7,663.5,663.65,179
2026-08-20 13:53:57,664,664,663.65,663.65,16
2026-08-20 13:54:52,664,664,663.65,663.65,386
2026-08-20 13:55:59,663.65,664,663.65,663.95,68
2026-08-20 13:56:47,663.5,663.9,663.5,663.9,601
2026-08-20 13:57:58,663.55,663.55,663.4,663.4,603
2026-08-20 13:58:56,663.8,664.05,663.8,664.05,829
2026-08-20 13:59:56,664,664,664,664,40
2026-08-20 14:00:56,663.95,664,663.95,664,26
2026-08-20 14:01:56,663.55,663.55,663.5,663.5,2
2026-08-20 14:02:56,663.5,663.5,663.5,663.5,75
2026-08-20 14:03:58,663.85,663.85,663.45,663.65,263
2026-08-20 14:04:55,663.95,663.95,663.55,663.55,60
2026-08-20 14:05:59,663.5,663.9,663.5,663.85,73
2026-08-20 14:06:58,663.85,663.9,663.85,663.9,396
2026-08-20 14:07:58,663.95,664.1,663.95,663.95,671
2026-08-20 14:08:54,663.9,664.1,663.9,664.1,114
2026-08-20 14:09:49,664.1,664.1,664.1,664.1,27
2026-08-20 14:10:58,663.7,664,663.55,663.55,411
2026-08-20 14:11:56,663.7,664,663.7,664,22
2026-08-20 14:12:55,664,664,664,664,27
2026-08-20 14:13:58,664,664,663.6,663.95,26
2026-08-20 14:14:56,663.95,663.95,663.6,663.6,5
2026-08-20 14:15:56,663.6,663.95,663.6,663.6,71
2026-08-20 14:16:58,663.95,663.95,663.55,663.85,1480
2026-08-20 14:17:56,663.6,663.9,663.55,663.55,982
2026-08-20 14:18:58,663.9,663.9,663.55,663.9,230
2026-08-20 14:19:59,663.55,663.9,663.55,663.9,1110
2026-08-20 14:20:50,663.9,663.9,663.4,663.4,1501
2026-08-20 14:21:59,663.45,663.45,663.4,663.4,447
2026-08-20 14:22:54,663.8,663.8,663.8,663.8,101
2026-08-20 14:23:56,663.4,663.4,663.4,663.4,1041
2026-08-20 14:24:59,663.55,663.55,663.4,663.4,158
2026-08-20 14:25:55,663.4,663.8,663.4,663.4,59
2026-08-20 14:26:58,663.45,663.6,663.4,663.6,400
2026-08-20 14:27:54,663.4,663.4,663.4,663.4,347
2026-08-20 14:28:56,663.4,663.6,663.4,663.5,2696
2026-08-20 14:29:55,663.3,663.5,663.3,663.5,113
2026-08-20 14:30:56,663.35,663.65,663.35,663.65,241
2026-08-20 14:31:55,663.4,663.75,663.4,663.75,472
2026-08-20 14:32:55,663.75,663.75,663.4,663.75,81
2026-08-20 14:33:56,663.4,663.7,663.4,663.4,362
2026-08-20 14:34:55,663.35,663.75,663.35,663.45,2194
2026-08-20 14:35:59,663.45,663.65,663.35,663.35,231
2026-08-20 14:36:55,663.3,663.65,663.3,663.3,158
2026-08-20 14:37:57,663.3,663.65,663.3,663.4,166
2026-08-20 14:38:59,663.3,663.35,663.3,663.35,729
2026-08-20 14:39:55,663.3,663.5,663.2,663.45,1554
2026-08-20 14:40:57,663.25,663.25,663.2,663.2,2642
2026-08-20 14:41:54,663.2,663.4,660.65,661,15142
2026-08-20 14:42:59,660.9,660.9,658.05,659.7,30316
2026-08-20 14:43:59,659.55,660.45,659.55,660,1558
2026-08-20 14:44:57,660.5,660.75,660.35,660.7,495
2026-08-20 14:45:54,660.7,661.1,660.65,660.85,2308
2026-08-20 14:46:59,660.95,661.35,660.5,661.35,5686
2026-08-20 14:47:55,660.7,661.1,660.7,661.1,829
2026-08-20 14:48:59,661.25,661.75,661.25,661.75,1492
2026-08-20 14:49:56,661.75,662.5,661.5,662.25,3825
2026-08-20 14:50:59,662.55,662.6,661.75,661.75,1445
2026-08-20 14:51:58,661.75,661.75,661.3,661.3,685
2026-08-20 14:52:56,661.75,661.8,661.45,661.8,1206
2026-08-20 14:53:56,661.85,661.85,661.55,661.55,136
2026-08-20 14:54:56,661.8,662.45,661.8,662.25,5096
2026-08-20 14:55:57,662.3,662.5,661.9,662.05,1418
2026-08-20 14:56:56,662.2,662.35,661.7,661.9,427
2026-08-20 14:57:59,662,662,661.7,661.75,860
2026-08-20 14:58:56,661.85,661.85,661.65,661.7,525
2026-08-20 14:59:54,661.7,661.75,661.35,661.35,1483
2026-08-20 15:00:59,661.4,661.4,660.5,660.5,3871
2026-08-20 15:01:57,660.95,661,659.45,659.45,11295
2026-08-20 15:02:59,659.45,660.35,659.3,659.85,2922
2026-08-20 15:03:59,659.85,660,659.5,659.55,7324
2026-08-20 15:04:55,659.6,659.75,659,659,2477
2026-08-20 15:05:58,659.45,659.45,659,659.05,1922
2026-08-20 15:06:55,659.2,659.4,658.5,658.9,5317
2026-08-20 15:07:58,658.6,658.85,658.55,658.75,2124
2026-08-20 15:08:55,658.75,658.75,658.5,658.5,701
2026-08-20 15:09:56,658.5,658.55,658.15,658.55,3878
2026-08-20 15:10:56,658.15,658.15,657.05,657.7,4068
2026-08-20 15:11:57,658,658,657.6,657.9,3273
2026-08-20 15:12:54,657.4,657.4,656.5,656.6,11234
2026-08-20 15:13:57,656.5,657.1,655.9,656.35,21663
2026-08-20 15:14:58,656.8,656.8,656.05,656.25,1321
2026-08-20 15:15:59,656.55,656.8,656.5,656.8,1355
2026-08-20 15:16:58,656.75,657.25,656.6,657,2113
2026-08-20 15:17:59,657.2,657.2,656.8,657.05,3428
2026-08-20 15:18:58,657.15,657.15,656.6,656.95,3372
2026-08-20 15:19:55,656.95,656.95,656.4,656.4,3632
2026-08-20 15:20:55,656.45,656.45,655.3,655.8,5213
2026-08-20 15:21:57,655.95,656.9,655.95,656.85,6569
2026-08-20 15:22:57,656.95,657,656.7,656.7,2674
2026-08-20 15:23:57,657,657.45,657,657.3,1858
2026-08-20 15:24:54,657.3,657.3,656.6,657.1,4380
2026-08-20 15:25:54,657.2,657.95,657,657.3,4707
2026-08-20 15:26:59,657.3,657.3,657,657,1178
2026-08-20 15:27:56,657,657,656.7,656.7,1501
2026-08-20 15:28:58,657,657,656.85,657,2489
2026-08-20 15:29:58,656.9,656.9,656.2,656.9,3597
2026-08-21 09:07:52,658,658,658,658,2037
2026-08-21 09:15:53,659.8,659.8,652.5,654,14023
2026-08-21 09:16:52,652.95,653.4,652,652.85,10586
2026-08-21 09:17:57,653.7,654,653.7,653.8,5122
2026-08-21 09:18:51,653.75,655,653.25,655,15986
2026-08-21 09:19:53,655.4,655.4,654.15,654.55,18338
2026-08-21 09:20:53,654.55,655.75,654.45,654.45,6703
2026-08-21 09:21:53,654.55,654.55,653.9,654.55,4948
2026-08-21 09:22:59,654.35,654.55,654.35,654.4,3050
2026-08-21 09:23:56,654.75,654.95,654.4,654.4,2484
2026-08-21 09:24:53,654.3,654.35,654,654.35,1282
2026-08-21 09:25:51,654.05,654.9,654.05,654.35,5170
2026-08-21 09:26:56,654.2,654.2,653,653,4586
2026-08-21 09:27:53,652.55,652.9,652.25,652.85,4634
2026-08-21 09:28:57,652.7,652.75,652.2,652.35,2911
2026-08-21 09:29:59,652.25,652.25,651.3,651.65,14006
2026-08-21 09:30:57,651.35,652,651,651.5,10885
2026-08-21 09:31:53,651.65,652.05,651.6,651.8,3209
2026-08-21 09:32:55,652.15,652.15,651.1,651.1,2024
2026-08-21 09:33:58,651.05,651.8,650.5,651.8,8446
2026-08-21 09:34:58,651.45,651.65,651.05,651.05,4069
2026-08-21 09:35:58,651,651.65,651,651.65,108
2026-08-21 09:36:57,651.3,651.5,650.9,650.9,8972
2026-08-21 09:37:55,650.85,650.85,650.25,650.45,2466
2026-08-21 09:38:53,650.45,651.2,650.4,651.2,7445
2026-08-21 09:39:57,650.9,651.45,650.65,650.7,5209
2026-08-21 09:40:57,650.65,651.45,650.6,650.6,3992
2026-08-21 09:41:56,650.65,651.2,650.65,651.2,874
2026-08-21 09:42:56,651.2,651.9,651.15,651.7,1456
2026-08-21 09:43:55,651.7,652,651.7,651.7,2107
2026-08-21 09:44:52,651.6,651.6,651.2,651.6,764
2026-08-21 09:45:58,651.6,651.6,651.2,651.2,1328
2026-08-21 09:46:58,651,651.5,651,651.2,1701
2026-08-21 09:47:55,651.45,651.5,650.9,651,1113
2026-08-21 09:48:52,651.5,651.5,650.1,650.35,4018
2026-08-21 09:49:57,650.45,650.75,650.45,650.5,428
2026-08-21 09:50:59,650.7,650.7,650.2,650.25,2991
2026-08-21 09:51:56,650.2,650.7,650.1,650.7,1785
2026-08-21 09:52:57,650.65,650.7,650,650,6908
2026-08-21 09:53:56,649.9,650.65,649.75,650.55,9043
2026-08-21 09:54:58,650.95,651,650.6,651,917
2026-08-21 09:55:47,651,651,650.65,650.85,254
2026-08-21 09:56:55,650.6,650.6,650.1,650.4,1793
2026-08-21 09:57:55,650.3,650.85,650.15,650.3,1073
2026-08-21 09:58:55,650.15,650.25,650.15,650.2,722
2026-08-21 09:59:54,650.15,650.2,650,650,1811
2026-08-21 10:00:59,650.2,650.8,650.2,650.45,1086
2026-08-21 10:01:54,650.4,650.75,650,650.75,6504
2026-08-21 10:02:59,650.35,651.4,650.35,651.4,1207
2026-08-21 10:03:58,651.3,651.3,650.7,651,391
2026-08-21 10:04:55,650.7,651.25,650.7,651,1367
2026-08-21 10:05:59,651.1,651.4,650.9,650.95,1028
2026-08-21 10:06:59,651.05,651.35,650.55,650.95,7375
2026-08-21 10:07:57,650.65,650.75,650.3,650.3,2346
2026-08-21 10:08:55,650,650,649.6,650,5073
2026-08-21 10:09:59,650,650.2,649.75,650.15,2444
2026-08-21 10:10:58,650.15,650.35,649.35,649.5,1874
2026-08-21 10:11:56,649.65,649.65,649.25,649.25,761
2026-08-21 10:12:54,649.65,649.9,649.2,649.3,4165
2026-08-21 10:13:58,649.35,649.5,647.7,648.35,12575
2026-08-21 10:14:55,648.2,648.9,647.95,648.9,12858
2026-08-21 10:15:58,648.5,649.35,648.2,648.2,3167
2026-08-21 10:16:59,648.5,648.7,647.6,648.5,6748
2026-08-21 10:17:55,648.5,648.9,648.05,648.5,2098
2026-08-21 10:18:56,648.5,648.6,648.5,648.5,871
2026-08-21 10:19:57,648,648.35,647,647.2,8170
2026-08-21 10:20:58,647.7,647.7,646.85,646.9,14806
2026-08-21 10:21:57,647.3,647.3,646.8,647,1520
2026-08-21 10:22:56,646.75,647.1,646.5,647,3563
2026-08-21 10:23:57,647,647.35,647,647.35,3756
2026-08-21 10:24:55,647.25,647.5,647.25,647.3,2499
2026-08-21 10:25:54,647.25,647.5,647.25,647.5,1451
2026-08-21 10:26:58,647.5,648.25,647.5,648,2029
2026-08-21 10:27:55,648,648,647.5,647.55,3896
2026-08-21 10:28:59,647.8,647.95,647.5,647.9,1549
2026-08-21 10:29:59,648,648.3,648,648,2273
2026-08-21 10:30:59,648,648.25,648,648,1689
2026-08-21 10:31:58,648,648.4,648,648,1699
2026-08-21 10:32:54,647.9,648,647.85,647.85,1292
2026-08-21 10:33:59,647.55,648,647.55,648,635
2026-08-21 10:34:57,647.85,647.85,647.15,647.5,3785
2026-08-21 10:35:54,647.65,648,647.65,648,745
2026-08-21 10:36:57,648,648.35,648,648,1071
2026-08-21 10:37:54,648.3,648.5,648,648.4,835
2026-08-21 10:38:57,648.45,648.5,648,648,1569
2026-08-21 10:39:59,648.1,648.5,647.65,648.5,1455
2026-08-21 10:40:55,648.1,648.45,648.1,648.35,175
2026-08-21 10:41:56,648.25,648.45,647.95,648.05,1733
2026-08-21 10:42:55,648.4,648.4,648.15,648.4,647
2026-08-21 10:43:57,648.15,648.6,648.15,648.2,511
2026-08-21 10:44:58,648.35,648.55,648.05,648.55,1980
2026-08-21 10:45:56,648.4,648.4,647.7,647.85,1698
2026-08-21 10:46:58,648.35,648.35,647.9,648.3,137
2026-08-21 10:47:55,648.3,648.45,648,648.45,301
2026-08-21 10:48:57,648.45,648.5,648.1,648.45,370
2026-08-21 10:49:59,648.7,649,648.7,649,923
2026-08-21 10:50:55,648.65,649,648.65,648.95,1120
2026-08-21 10:51:55,648.95,649,648.7,648.8,364
2026-08-21 10:52:55,648.75,649.05,648.75,649.05,1555
2026-08-21 10:53:58,648.95,648.95,648.35,648.55,2282
2026-08-21 10:54:55,648.65,649.15,648.25,648.3,2175
2026-08-21 10:55:54,648.3,648.95,648.2,648.95,403
2026-08-21 10:56:57,648.7,648.75,648.5,648.65,300
2026-08-21 10:57:59,648.65,649,648.35,649,285
2026-08-21 10:58:59,648.95,648.95,648.9,648.9,107
2026-08-21 10:59:54,648.9,648.9,648.5,648.5,375
2026-08-21 11:00:57,648.5,648.65,648.4,648.6,1091
2026-08-21 11:01:57,648.3,648.65,648.15,648.6,264
2026-08-21 11:02:58,648.6,648.6,648.15,648.5,429
2026-08-21 11:03:54,648.95,648.95,648.5,648.85,89
2026-08-21 11:04:59,648.8,648.85,648.4,648.5,121
2026-08-21 11:05:59,648.85,649.05,648.85,649,1180
2026-08-21 11:06:58,649,649,648.45,648.85,1211
2026-08-21 11:07:58,648.6,649.1,648.6,648.95,366
2026-08-21 11:08:56,649.1,649.1,648.7,649,287
2026-08-21 11:09:56,649,649.3,648.6,648.9,244
2026-08-21 11:10:55,648.75,649.15,648,648.3,10206
2026-08-21 11:11:57,648.35,648.35,648.35,648.35,110
2026-08-21 11:12:58,648.05,648.6,648.05,648.6,2134
2026-08-21 11:13:59,648.6,648.75,648.5,648.5,974
2026-08-21 11:14:56,648.25,648.6,648.25,648.6,90
2026-08-21 11:15:58,648.8,648.8,648.35,648.65,92
2026-08-21 11:16:56,648.6,648.8,648.35,648.7,74
2026-08-21 11:17:59,648.7,648.7,648.3,648.45,214
2026-08-21 11:18:57,648.45,648.65,648.3,648.3,1768
2026-08-21 11:19:56,648.3,648.65,648.25,648.5,886
2026-08-21 11:20:57,648.55,648.7,648.3,648.3,1407
2026-08-21 11:21:58,648.8,648.8,648.05,648.05,1249
2026-08-21 11:22:56,648.45,648.55,648,648,897
2026-08-21 11:23:59,648.05,648.55,648.05,648.3,1112
2026-08-21 11:24:58,648.55,648.55,648.1,648.5,325
2026-08-21 11:25:57,648.2,648.55,648.2,648.55,162
2026-08-21 11:26:55,648.25,648.75,648,648,2771
2026-08-21 11:27:56,647.95,648.15,647.8,648,1666
2026-08-21 11:28:59,648,648,647.75,647.75,19
2026-08-21 11:29:58,648.2,648.2,648.15,648.15,152
2026-08-21 11:30:56,648.15,648.5,648.05,648.05,500
2026-08-21 11:31:59,648,648,647.85,647.95,473
2026-08-21 11:32:53,647.95,648.2,647.75,648.2,632
2026-08-21 11:33:57,648.2,648.55,647.9,648.3,1829
2026-08-21 11:34:57,648.25,648.35,647.9,648.35,294
2026-08-21 11:35:57,648.5,648.55,648,648.55,632
2026-08-21 11:36:59,648.45,648.45,647.95,647.95,725
2026-08-21 11:37:56,648.3,648.3,648.3,648.3,193
2026-08-21 11:38:58,648.3,648.4,647.9,648.4,857
2026-08-21 11:39:56,647.75,648.35,647.75,648.3,1886
2026-08-21 11:40:58,648.25,648.25,647.95,647.95,874
2026-08-21 11:41:55,648,648.05,647.65,647.65,222
2026-08-21 11:42:56,648,648,647.45,647.55,1873
2026-08-21 11:43:58,647.55,647.8,647.55,647.75,243
2026-08-21 11:44:58,647.8,647.8,647.75,647.75,503
2026-08-21 11:45:57,647.8,648,647.8,648,367
2026-08-21 11:46:57,647.95,648,647.75,648,253
2026-08-21 11:47:56,648,648.1,647.75,648.1,122
2026-08-21 11:48:57,648.1,648.2,648,648,169
2026-08-21 11:49:56,648,648,648,648,88
2026-08-21 11:50:57,648,648,648,648,152
2026-08-21 11:51:56,648,648,648,648,45
2026-08-21 11:52:57,648.4,648.45,648,648.3,3410
2026-08-21 11:53:56,648,648.45,648,648,1136
2026-08-21 11:54:52,648,648,647.8,647.8,711
2026-08-21 11:55:51,647.8,648.1,647.7,647.7,1197
2026-08-21 11:56:59,647.9,647.9,647.7,647.7,115
2026-08-21 11:57:56,647.7,647.7,647.65,647.65,619
2026-08-21 11:58:58,647.6,647.6,647.4,647.5,1329
2026-08-21 11:59:56,647.8,648,647.55,648,614
2026-08-21 12:00:54,648.2,648.2,648,648,384
2026-08-21 12:01:49,648,648,647.8,648,58
2026-08-21 12:02:59,648,648,647.65,647.65,502
2026-08-21 12:03:59,647.65,647.65,647.15,647.15,2420
2026-08-21 12:04:58,647.2,647.55,647.15,647.55,712
2026-08-21 12:05:55,647.55,648,647.5,647.5,605
2026-08-21 12:06:55,647.9,647.9,647.1,647.1,1230
2026-08-21 12:07:56,647.4,647.45,647.05,647.05,2763
2026-08-21 12:08:59,647.5,647.55,647.05,647.05,192
2026-08-21 12:09:55,647.35,647.8,647.35,647.8,655
2026-08-21 12:10:56,647.6,647.7,647.6,647.65,215
2026-08-21 12:11:56,647.6,647.75,647.6,647.75,38
2026-08-21 12:12:56,647.75,647.75,647.05,647.75,1748
2026-08-21 12:13:51,647.25,647.75,647.25,647.4,639
2026-08-21 12:14:58,647.65,647.65,646.8,647.25,5006
2026-08-21 12:15:58,647.25,647.25,646.85,647,612
2026-08-21 12:16:58,647.35,647.35,646.9,647,1151
2026-08-21 12:17:59,647,647.35,647,647.3,405
2026-08-21 12:18:55,647.35,647.35,647,647.3,1419
2026-08-21 12:19:55,647,647.3,647,647,744
2026-08-21 12:20:52,647.05,647.05,647.05,647.05,20
2026-08-21 12:21:57,647.5,647.5,647.05,647.05,325
2026-08-21 12:22:58,647.5,647.5,647.5,647.5,35
2026-08-21 12:23:58,647.15,647.15,647.15,647.15,1
2026-08-21 12:24:56,647.15,647.5,647.15,647.5,317
2026-08-21 12:25:56,647.15,647.6,647.15,647.5,138
2026-08-21 12:26:55,647.5,647.8,647.5,647.5,335
2026-08-21 12:27:56,647.55,647.55,647.5,647.5,144
2026-08-21 12:28:56,647.5,647.55,647.5,647.5,425
2026-08-21 12:29:55,647.75,647.8,647.55,647.6,934
2026-08-21 12:30:57,647.6,647.9,647.6,647.6,75
2026-08-21 12:31:58,647.9,647.9,647.15,647.15,1209
2026-08-21 12:32:57,647.55,647.65,647.2,647.65,514
2026-08-21 12:33:57,647.25,647.75,647,647.05,1136
2026-08-21 12:34:57,647,647.85,647,647.85,1428
2026-08-21 12:35:58,647.85,647.85,647.15,647.15,445
2026-08-21 12:36:55,647.45,647.45,646.8,647.15,1993
2026-08-21 12:37:56,647.15,647.25,647,647,153
2026-08-21 12:38:56,647,647.45,647,647.45,291
2026-08-21 12:39:58,647.55,647.55,647.55,647.55,121
2026-08-21 12:40:58,647.7,647.75,647.7,647.7,255
2026-08-21 12:41:57,647.7,647.8,647.5,647.5,1040
2026-08-21 12:42:58,647.5,648,647.15,647.7,2855
2026-08-21 12:43:56,647.6,648.05,647.2,648.05,2103
2026-08-21 12:44:56,648.05,648.05,647.7,647.9,460
2026-08-21 12:45:57,647.85,647.9,647.55,647.55,804
2026-08-21 12:46:57,647.75,647.75,647.6,647.6,1323
2026-08-21 12:47:58,647.6,647.6,647.6,647.6,752
2026-08-21 12:48:57,647.25,647.7,647.25,647.65,395
2026-08-21 12:49:56,647.45,647.9,647.45,647.45,366
2026-08-21 12:50:58,647.9,647.9,647.45,647.45,112
2026-08-21 12:51:58,647.8,647.8,647.45,647.45,110
2026-08-21 12:52:57,647.7,647.8,647.35,647.7,122
2026-08-21 12:53:55,647.7,647.75,647.7,647.7,128
2026-08-21 12:54:59,647.7,647.8,647.2,647.8,459
2026-08-21 12:55:57,647.8,647.8,647.8,647.8,44
2026-08-21 12:56:59,647.8,647.8,647.25,647.65,366
2026-08-21 12:57:57,647.65,647.65,647.05,647.15,576
2026-08-21 12:58:55,647.15,647.6,647.15,647.2,106
2026-08-21 12:59:58,647.6,647.6,647,647.55,1938
2026-08-21 13:00:58,647.2,647.45,647.05,647.4,275
2026-08-21 13:01:58,647.4,647.4,647.05,647.05,287
2026-08-21 13:02:55,647.25,647.25,647.25,647.25,6276
2026-08-21 13:03:58,647.15,647.6,647.15,647.6,235
2026-08-21 13:04:57,647.5,647.6,647.5,647.6,29
2026-08-21 13:05:57,647.5,647.6,647.3,647.3,1557
2026-08-21 13:06:58,648.15,648.85,648.15,648.6,6608
2026-08-21 13:07:58,648.6,648.6,648.5,648.5,73
2026-08-21 13:08:54,648.5,648.5,648.45,648.5,1732
2026-08-21 13:09:57,648.5,648.5,648,648,1991
2026-08-21 13:10:58,648.35,648.35,648,648,335
2026-08-21 13:11:59,648,648,647.7,647.85,360
2026-08-21 13:12:59,647.8,648.3,647.8,647.85,390
2026-08-21 13:13:59,647.85,648.3,647.85,648.3,154
2026-08-21 13:14:54,647.7,648,647.7,648,257
2026-08-21 13:15:57,647.7,648.1,647.7,648.1,729
2026-08-21 13:16:57,648.1,648.1,647.3,647.3,1810
2026-08-21 13:17:59,647.95,647.95,647.85,647.85,141
2026-08-21 13:18:55,647.85,647.85,647.85,647.85,149
2026-08-21 13:19:55,647.85,647.85,647.25,647.4,1248
2026-08-21 13:20:55,647.45,647.95,647.45,647.95,543
2026-08-21 13:21:55,647.55,647.8,647.55,647.8,62
2026-08-21 13:22:59,647.8,647.8,647.8,647.8,46
2026-08-21 13:23:56,647.5,647.5,647.45,647.45,489
2026-08-21 13:24:58,647.8,647.8,647.45,647.45,12
2026-08-21 13:25:57,647.8,647.8,647.45,647.45,501
2026-08-21 13:26:55,647.45,648,647.45,648,494
2026-08-21 13:27:56,647.65,648,647.65,648,238
2026-08-21 13:28:58,648,648,647.95,647.95,693
2026-08-21 13:29:57,647.95,648.2,647.95,648.15,624
2026-08-21 13:30:53,647.95,648.2,647.95,648.1,5
2026-08-21 13:31:58,647.95,648.05,647.95,647.95,152
2026-08-21 13:32:58,647.95,647.95,647.6,647.6,123
2026-08-21 13:33:56,647.95,647.95,647.6,647.6,317
2026-08-21 13:34:58,647.6,647.9,647.6,647.9,55
2026-08-21 13:35:59,647.6,647.65,647.6,647.65,157
2026-08-21 13:36:58,648.2,648.2,648.05,648.05,2013
2026-08-21 13:37:56,647.7,648.1,647.7,648.1,143
2026-08-21 13:38:57,648.1,648.1,647.65,648,269
2026-08-21 13:39:56,647.85,647.9,647.85,647.9,25
2026-08-21 13:40:59,648,648,648,648,8
2026-08-21 13:41:57,648,648,647.5,647.5,425
2026-08-21 13:42:59,647.5,647.7,647.5,647.5,734
2026-08-21 13:43:58,647.7,647.7,647.7,647.7,4
2026-08-21 13:44:56,647.7,647.7,647.6,647.6,529
2026-08-21 13:45:57,647.9,648,647.45,648,1686
2026-08-21 13:46:54,648.05,648.15,647.95,648.05,1111
2026-08-21 13:47:57,648.05,648.2,648,648.2,621
2026-08-21 13:48:57,647.9,648.2,647.9,647.9,796
2026-08-21 13:49:56,648.05,648.2,647.9,648.2,1568
2026-08-21 13:50:58,648.2,648.2,647.85,648.2,450
2026-08-21 13:51:55,648.2,648.2,648,648.2,525
2026-08-21 13:52:57,648.25,648.35,647.85,648,466
2026-08-21 13:53:57,648,648.35,648,648.35,83
2026-08-21 13:54:56,648.35,648.5,648.35,648.45,2506
2026-08-21 13:55:58,648.5,648.6,648.25,648.5,323
2026-08-21 13:56:58,648.6,648.6,648.05,648.5,1253
2026-08-21 13:57:59,648.1,648.1,648.1,648.1,47
2026-08-21 13:58:59,648.5,648.5,648.05,648.05,47
2026-08-21 13:59:58,648.3,648.3,647.3,647.3,5233
2026-08-21 14:00:56,647.8,647.85,647.45,647.5,588
2026-08-21 14:01:59,647.5,647.85,647.5,647.85,187
2026-08-21 14:02:59,647.85,648.15,647.65,648,1766
2026-08-21 14:03:55,648.15,648.2,647.65,647.65,894
2026-08-21 14:04:55,647.95,648.2,647.65,648.2,259
2026-08-21 14:05:55,648.3,648.3,647.95,647.95,1502
2026-08-21 14:06:59,648.15,648.15,647.6,647.9,3221
2026-08-21 14:07:56,647.9,648.3,647.4,647.4,2333
2026-08-21 14:08:59,647.55,648,647.3,648,2182
2026-08-21 14:09:58,647.85,647.85,647.35,647.4,312
2026-08-21 14:10:55,648,648,647.4,647.4,637
2026-08-21 14:11:59,647.45,647.95,647.4,647.45,509
2026-08-21 14:12:55,647.8,647.8,647.2,647.2,996
2026-08-21 14:13:57,647.25,647.25,647,647.05,4337
2026-08-21 14:14:59,647.15,647.6,647.15,647.6,300
2026-08-21 14:15:56,647.6,647.6,647.15,647.15,617
2026-08-21 14:16:55,647.2,647.2,647.2,647.2,106
2026-08-21 14:17:59,647.55,647.8,647.5,647.8,737
2026-08-21 14:18:58,647.8,648,647.8,647.95,165
2026-08-21 14:19:58,648.1,648.2,647.95,648.2,2970
2026-08-21 14:20:56,648.2,648.2,647.95,647.95,777
2026-08-21 14:21:54,647.75,648.1,647.7,647.95,433
2026-08-21 14:22:54,648.1,648.1,648.1,648.1,104
2026-08-21 14:23:55,647.95,648.15,647.95,648.1,58
2026-08-21 14:24:55,648,648.1,647.95,648,779
2026-08-21 14:25:59,648,648,647.75,648,367
2026-08-21 14:26:59,648,648,647.4,647.4,1339
2026-08-21 14:27:55,647.75,647.75,647.35,647.35,238
2026-08-21 14:28:56,647.8,647.8,647.45,647.45,147
2026-08-21 14:29:55,647.6,647.95,647.6,647.85,415
2026-08-21 14:30:59,647.6,648.15,647.6,647.8,11267
2026-08-21 14:31:58,647.8,647.8,647.5,647.5,102
2026-08-21 14:32:54,647.9,647.9,647.45,647.45,979
2026-08-21 14:33:59,647.65,648,647.5,647.6,974
2026-08-21 14:34:54,647.85,647.95,647.85,647.95,185
2026-08-21 14:35:56,647.9,647.95,647.55,647.55,545
2026-08-21 14:36:56,647.8,647.8,647.6,647.6,234
2026-08-21 14:37:56,648,648,647.4,647.6,2285
2026-08-21 14:38:57,647.4,647.4,646.9,647.05,4648
2026-08-21 14:39:55,647.25,647.25,647.05,647.05,364
2026-08-21 14:40:59,647.05,647.25,647.05,647.05,1172
2026-08-21 14:41:56,647.1,647.25,647.1,647.25,223
2026-08-21 14:42:55,647.05,647.25,647.05,647.2,326
2026-08-21 14:43:59,647.45,647.45,647.2,647.45,75
2026-08-21 14:44:58,647.45,647.45,647.15,647.45,90
2026-08-21 14:45:58,647.45,647.45,647.15,647.45,165
2026-08-21 14:46:57,647.8,647.9,647.6,647.6,1743
2026-08-21 14:47:57,647.55,647.85,647.3,647.85,3336
2026-08-21 14:48:56,648.05,648.05,647.6,647.85,5051
2026-08-21 14:49:57,647.95,647.95,647.7,647.8,247
2026-08-21 14:50:59,648.5,648.5,647.7,647.7,3593
2026-08-21 14:51:54,648,648,647.4,647.4,1629
2026-08-21 14:52:56,647.4,647.7,647.35,647.4,2184
2026-08-21 14:53:58,647.6,647.6,647.4,647.4,819
2026-08-21 14:54:58,647.6,648,647.5,647.95,11336
2026-08-21 14:55:59,647.95,648.1,647.7,647.95,1593
2026-08-21 14:56:56,647.95,648.25,647.7,647.7,4089
2026-08-21 14:57:58,647.9,647.9,647.45,647.55,4565
2026-08-21 14:58:59,647.9,648.2,647.4,647.4,7478
2026-08-21 14:59:59,647.5,647.9,647,647.4,5783
2026-08-21 15:00:56,647.4,647.4,646.2,646.7,9936
2026-08-21 15:01:56,647.15,647.2,646.65,647.15,5576
2026-08-21 15:02:58,647.1,647.4,647.1,647.35,1838
2026-08-21 15:03:59,647.35,647.4,646.8,646.9,5647
2026-08-21 15:04:55,646.8,647,646.5,646.8,2731
2026-08-21 15:05:59,646.45,647,646.45,646.65,11153
2026-08-21 15:06:57,646.7,646.8,646.5,646.8,4310
2026-08-21 15:07:55,646.5,646.95,646.5,646.5,5600
2026-08-21 15:08:58,646.75,647.25,646.75,647.25,4128
2026-08-21 15:09:59,647.1,647.25,647.05,647.1,5985
2026-08-21 15:10:56,646.95,646.95,646.8,646.8,4412
2026-08-21 15:11:59,646.9,647.1,646.7,647.1,2971
2026-08-21 15:12:59,646.2,646.6,646,646.4,9115
2026-08-21 15:13:54,646.35,646.8,646.35,646.75,1637
2026-08-21 15:14:57,646.8,646.8,646.45,646.65,3808
2026-08-21 15:15:55,646.65,646.65,646,646.5,3561
2026-08-21 15:16:59,646.65,646.75,646.45,646.6,2269
2026-08-21 15:17:57,646.6,646.6,644.9,646.35,14584
2026-08-21 15:18:57,645.35,645.5,644.25,645.5,6807
2026-08-21 15:19:59,645.45,645.45,645,645.4,2378
2026-08-21 15:20:58,645.6,646.25,645.6,646.25,2807
2026-08-21 15:21:56,646.25,646.75,646.25,646.7,1861
2026-08-21 15:22:59,646.7,646.85,645.5,646.45,5048
2026-08-21 15:23:54,646.05,646.15,645.95,645.95,2092
2026-08-21 15:24:59,645.95,645.95,644.6,645,10819
2026-08-21 15:25:53,645,645.45,645,645.45,3027
2026-08-21 15:26:58,645.8,645.8,645.6,645.7,1412
2026-08-21 15:27:56,645.7,645.7,644.95,644.95,4883
2026-08-21 15:28:59,644.75,645.2,644,645.2,7214
2026-08-21 15:29:57,645.1,645.3,645.1,645.3,3802
2026-08-21 15:30:03,645.3,645.3,645.3,645.3,5
2026-08-24 09:07:39,649,649,649,649,4074
2026-08-24 09:15:51,649,650.95,648.4,649,8640
2026-08-24 09:16:52,648.75,654.85,648.1,653.05,24731
2026-08-24 09:17:50,653.5,653.5,652.3,652.3,8380
2026-08-24 09:18:54,651.85,652.4,651.35,651.4,5316
2026-08-24 09:19:54,651.25,651.55,650.3,651.55,3092
2026-08-24 09:20:56,651.2,651.55,650.25,650.45,3534
2026-08-24 09:21:57,650,650.35,650,650.35,10533
2026-08-24 09:22:56,650.35,651.15,650.1,651.1,3049
2026-08-24 09:23:56,651.1,651.1,650.55,650.6,631
2026-08-24 09:24:55,650.8,650.95,650.5,650.95,1589
2026-08-24 09:25:52,650.8,650.8,650.35,650.65,1610
2026-08-24 09:26:58,650.4,650.4,649.55,650,16807
2026-08-24 09:27:56,650.15,650.15,649.75,649.8,1221
2026-08-24 09:28:54,649.25,649.8,649.25,649.8,1071
2026-08-24 09:29:58,649.25,649.5,649.15,649.15,2656
2026-08-24 09:30:56,649,649.35,648.55,648.55,3408
2026-08-24 09:31:53,648.95,648.95,648.15,648.15,1171
2026-08-24 09:32:57,648.5,648.5,647.4,647.45,6590
2026-08-24 09:33:52,647.85,648.15,647.85,647.9,4693
2026-08-24 09:34:52,647.6,648,647.5,647.6,696
2026-08-24 09:35:53,647.95,648,647.6,648,2216
2026-08-24 09:36:52,648,648,647.65,647.9,256
2026-08-24 09:37:59,647.9,649.2,647.9,649.05,2031
2026-08-24 09:38:58,648.85,648.9,648.5,648.75,518
2026-08-24 09:39:59,649.2,649.3,648.75,648.75,2030
2026-08-24 09:40:52,648.75,649.05,648.5,648.5,2066
2026-08-24 09:41:54,648.4,649,648.4,648.8,1749
2026-08-24 09:42:53,648.75,648.9,648.6,648.65,978
2026-08-24 09:43:52,648.6,649.15,648.6,649,1263
2026-08-24 09:44:58,649.2,649.3,649,649.3,1349
2026-08-24 09:45:58,649,649.05,649,649.05,132
2026-08-24 09:46:57,649.4,649.7,648.75,649.7,4888
2026-08-24 09:47:55,649.4,649.75,649.3,649.75,589
2026-08-24 09:48:53,649.8,650,649.45,650,206
2026-08-24 09:49:58,649.65,650.5,649.65,650.5,1827
2026-08-24 09:50:55,650.85,651.15,650.85,651,1502
2026-08-24 09:51:59,651,651,650.05,650.45,1805
2026-08-24 09:52:55,650.2,650.5,650,650,990
2026-08-24 09:53:59,650.35,650.55,650,650.55,4488
2026-08-24 09:54:54,650.6,650.6,650.55,650.55,174
2026-08-24 09:55:55,650.85,651,650.55,650.8,3572
2026-08-24 09:56:57,650.3,650.55,650.3,650.45,926
2026-08-24 09:57:57,650.45,650.8,650.45,650.45,544
2026-08-24 09:58:59,650.45,650.55,650.05,650.05,585
2026-08-24 09:59:53,650.05,650.35,650.05,650.05,43
2026-08-24 10:00:55,650.05,650.55,650.05,650.5,1020
2026-08-24 10:01:59,650.15,650.6,650.15,650.15,460
2026-08-24 10:02:58,650.1,650.45,650.1,650.1,269
2026-08-24 10:03:57,650.1,650.5,650.1,650.15,723
2026-08-24 10:04:57,650.15,650.3,650,650.1,1768
2026-08-24 10:05:57,650.1,650.5,650.1,650.5,351
2026-08-24 10:06:57,650.15,650.15,650.05,650.15,225
2026-08-24 10:07:57,650.1,650.1,650.1,650.1,47
2026-08-24 10:08:56,650,650,649.25,649.25,1781
2026-08-24 10:09:54,649.2,649.6,649.2,649.2,528
2026-08-24 10:10:59,649.55,649.55,649.2,649.2,60
2026-08-24 10:11:56,649.2,649.55,649.2,649.55,123
2026-08-24 10:12:58,649.55,649.55,649.15,649.55,1702
2026-08-24 10:13:54,649.55,649.55,649.2,649.55,47
2026-08-24 10:14:57,649.5,649.5,649.2,649.2,723
2026-08-24 10:15:59,649.55,649.55,649.55,649.55,327
2026-08-24 10:16:55,649.25,649.55,649.2,649.2,277
2026-08-24 10:17:57,649.3,649.65,649.3,649.65,1235
2026-08-24 10:18:59,649.3,649.5,649.25,649.5,565
2026-08-24 10:19:56,649.5,649.75,649.5,649.5,2513
2026-08-24 10:20:59,649.9,649.9,649.35,649.9,570
2026-08-24 10:21:53,649.55,649.85,649.35,649.45,240
2026-08-24 10:22:54,649.5,649.9,649.5,649.5,1583
2026-08-24 10:23:55,649.9,650.45,649.7,650.25,3024
2026-08-24 10:24:56,650.25,650.45,650.25,650.45,55
2026-08-24 10:25:58,650.5,650.5,649.9,649.9,2280
2026-08-24 10:26:59,649.9,650.15,649.9,649.9,84
2026-08-24 10:27:58,650.1,650.15,650,650.05,475
2026-08-24 10:28:58,650.1,650.1,649.5,649.7,2862
2026-08-24 10:29:54,649.7,649.7,649.6,649.6,259
2026-08-24 10:30:56,649.35,649.35,649.1,649.1,65
2026-08-24 10:31:57,649.1,649.7,649,649.35,1734
2026-08-24 10:32:56,649.45,649.7,649.15,649.3,1459
2026-08-24 10:33:56,649.7,649.7,649.05,649.05,531
2026-08-24 10:34:55,649.05,649.2,649.05,649.2,569
2026-08-24 10:35:59,649.35,649.45,649.15,649.2,116
2026-08-24 10:36:57,649.2,649.7,649.2,649.4,1046
2026-08-24 10:37:56,649.45,650.25,649.45,649.55,1379
2026-08-24 10:38:54,650,650.2,649.55,649.85,575
2026-08-24 10:39:58,649.35,649.35,649.3,649.3,61
2026-08-24 10:40:56,649.3,649.35,649.3,649.3,120
2026-08-24 10:41:56,649.3,649.95,649.3,649.55,212
2026-08-24 10:42:59,649.6,649.85,649.45,649.45,269
2026-08-24 10:43:59,649.75,649.85,649.4,649.6,1045
2026-08-24 10:44:56,649.85,650,649.6,649.9,99
2026-08-24 10:45:59,650.1,650.1,649.65,649.9,402
2026-08-24 10:46:57,649.9,649.9,649.9,649.9,193
2026-08-24 10:47:54,649.9,649.9,649.9,649.9,8
2026-08-24 10:48:58,649.9,649.95,649.55,649.55,420
2026-08-24 10:49:55,649.55,649.55,649.4,649.4,108
2026-08-24 10:50:59,649.35,649.45,649.35,649.45,474
2026-08-24 10:51:56,649.35,649.7,649.35,649.7,23
2026-08-24 10:52:54,649.45,649.45,649.3,649.45,150
2026-08-24 10:53:56,649.3,649.65,649.3,649.3,259
2026-08-24 10:54:59,649.55,649.65,649.3,649.3,136
2026-08-24 10:55:55,649.05,649.05,649,649,559
2026-08-24 10:56:56,649,649,648.8,648.85,275
2026-08-24 10:57:54,648.8,648.85,648.8,648.8,181
2026-08-24 10:58:55,648.8,649.15,648.55,648.55,848
2026-08-24 10:59:54,649,649,648.45,648.45,1290
2026-08-24 11:00:58,648.15,648.2,648.15,648.15,201
2026-08-24 11:01:54,648.15,648.15,648.15,648.15,295
2026-08-24 11:02:58,648.25,648.6,648.15,648.15,264
2026-08-24 11:03:59,648.5,648.5,647.8,647.8,1675
2026-08-24 11:04:54,647.8,648,647.65,648,763
2026-08-24 11:05:58,647.55,647.95,647.55,647.9,72
2026-08-24 11:06:58,647.95,648,647.5,648,859
2026-08-24 11:07:56,647.65,648,647.65,647.9,326
2026-08-24 11:08:58,647.75,647.75,647.6,647.65,222
2026-08-24 11:09:55,647.6,647.9,647.6,647.9,683
2026-08-24 11:10:58,647.6,647.85,647.6,647.6,167
2026-08-24 11:11:55,647.8,647.8,647.5,647.5,462
2026-08-24 11:12:57,647.05,647.05,646.5,646.5,4516
2026-08-24 11:13:58,646.8,646.8,646.5,646.8,450
2026-08-24 11:14:59,646.5,646.9,646.45,646.9,1485
2026-08-24 11:15:59,646.5,647,646.5,646.65,303
2026-08-24 11:16:55,646.65,646.7,646.65,646.7,311
2026-08-24 11:17:59,647,647,647,647,13
2026-08-24 11:18:55,647,647.2,647,647,623
2026-08-24 11:19:55,647,647,647,647,19
2026-08-24 11:20:56,647,647,646.75,646.75,425
2026-08-24 11:21:55,646.95,646.95,646.3,646.5,1598
2026-08-24 11:22:58,646.55,646.75,646.2,646.75,773
2026-08-24 11:23:58,646.65,646.65,645.35,645.55,5114
2026-08-24 11:24:55,646.2,646.25,646.2,646.2,257
2026-08-24 11:25:55,646.25,646.25,646.2,646.2,275
2026-08-24 11:26:58,646.6,646.6,645.55,645.55,617
2026-08-24 11:27:54,645.9,645.9,645.5,645.9,1803
2026-08-24 11:28:55,645.9,645.9,645.8,645.9,160
2026-08-24 11:29:57,645.85,645.9,645.8,645.9,875
2026-08-24 11:30:54,645.8,646,645.8,645.8,629
2026-08-24 11:31:59,646,646,645.55,645.55,204
2026-08-24 11:32:57,645.55,645.95,645.5,645.9,252
2026-08-24 11:33:57,645.55,645.55,645.45,645.45,1877
2026-08-24 11:34:57,645.45,645.45,645.2,645.2,1716
2026-08-24 11:35:59,645.4,645.4,645.2,645.3,310
2026-08-24 11:36:58,645.3,645.3,645.05,645.3,93
2026-08-24 11:37:56,645.05,645.65,645.05,645.35,1492
2026-08-24 11:38:57,645.35,645.85,645.35,645.7,560
2026-08-24 11:39:58,645.7,645.75,645.3,645.6,1147
2026-08-24 11:40:57,645.65,645.65,645.1,645.1,518
2026-08-24 11:41:58,645.35,645.45,645.35,645.35,243
2026-08-24 11:42:57,645.35,645.4,645.35,645.4,105
2026-08-24 11:43:55,645.4,645.6,645.4,645.55,328
2026-08-24 11:44:59,645.65,645.65,645.4,645.6,103
2026-08-24 11:45:56,645.65,645.65,645.65,645.65,119
2026-08-24 11:46:55,645.75,645.75,645.7,645.75,1581
2026-08-24 11:47:59,645.75,645.75,645.7,645.7,94
2026-08-24 11:48:58,645.75,645.95,645.75,645.95,1236
2026-08-24 11:49:52,645.85,645.95,645.7,645.7,228
2026-08-24 11:50:56,645.7,645.95,645.7,645.95,367
2026-08-24 11:51:54,645.7,646,645.7,645.95,83
2026-08-24 11:52:56,645.95,646,645.7,645.7,411
2026-08-24 11:53:59,645.7,645.9,645.15,645.9,2396
2026-08-24 11:54:56,645.7,645.8,645.35,645.35,31
2026-08-24 11:55:55,645.7,645.85,645.15,645.15,1033
2026-08-24 11:56:53,645.25,645.65,645.25,645.3,803
2026-08-24 11:57:59,645.65,645.65,645.3,645.65,25
2026-08-24 11:58:59,645.65,645.75,645.3,645.4,293
2026-08-24 11:59:52,645.45,645.75,645.45,645.75,194
2026-08-24 12:00:55,645.5,645.5,644.6,645.05,4065
2026-08-24 12:01:57,644.8,645,644.8,645,30
2026-08-24 12:02:55,644.45,644.9,644.3,644.5,1796
2026-08-24 12:03:56,644.5,644.5,644,644.1,3235
2026-08-24 12:04:56,644.45,644.45,644,644.05,951
2026-08-24 12:05:55,644.05,644.3,644.05,644.3,297
2026-08-24 12:06:58,644.3,644.3,644.05,644.25,686
2026-08-24 12:07:56,644.25,644.3,644.1,644.3,526
2026-08-24 12:08:59,644.3,644.5,644.3,644.5,208
2026-08-24 12:09:58,644.65,644.85,644.5,644.85,704
2026-08-24 12:10:56,644.7,645.25,644.35,645.25,1061
2026-08-24 12:11:58,645,645.1,644.55,645.1,413
2026-08-24 12:12:56,645,645,645,645,25
2026-08-24 12:13:57,644.7,645,644.7,644.95,302
2026-08-24 12:14:58,644.7,645,644.7,644.95,315
2026-08-24 12:15:59,644.95,644.95,644.95,644.95,22
2026-08-24 12:16:55,644.95,644.95,644.4,644.4,597
2026-08-24 12:17:58,644.4,644.4,644.35,644.35,178
2026-08-24 12:18:59,644.4,644.4,644.35,644.4,29
2026-08-24 12:19:55,644.65,644.85,644.65,644.85,216
2026-08-24 12:20:50,644.85,644.9,644.5,644.9,99
2026-08-24 12:21:56,644.85,644.85,644.25,644.3,537
2026-08-24 12:22:58,644.3,644.3,644.05,644.05,1662
2026-08-24 12:23:55,644.45,644.6,644.05,644.6,222
2026-08-24 12:24:56,644.05,644.5,644.05,644.2,1382
2026-08-24 12:25:57,644.85,644.95,644.4,644.4,3131
2026-08-24 12:26:57,644.7,644.75,644.1,644.7,1035
2026-08-24 12:27:59,644.4,644.7,644.3,644.7,187
2026-08-24 12:28:55,644.35,644.75,644.3,644.65,354
2026-08-24 12:29:57,644.65,644.65,643.9,644.1,2956
2026-08-24 12:30:55,644.1,644.1,644,644.1,15
2026-08-24 12:31:56,644.1,644.25,643.65,644,1717
2026-08-24 12:32:56,644,644.15,643.7,644.05,589
2026-08-24 12:33:59,644.05,644.1,644.05,644.1,118
2026-08-24 12:34:57,644.25,644.25,644,644,205
2026-08-24 12:35:53,644,644.3,644,644.3,117
2026-08-24 12:36:59,644.05,644.05,644.05,644.05,109
2026-08-24 12:37:51,644.05,644.3,644.05,644.3,37
2026-08-24 12:38:56,644.3,644.45,644.05,644.45,347
2026-08-24 12:39:56,644.05,644.05,643.8,644.05,1204
2026-08-24 12:40:58,644.05,644.05,643.8,644.05,66
2026-08-24 12:41:58,644,644,644,644,4
2026-08-24 12:42:57,643.85,644.05,643.85,644,521
2026-08-24 12:43:55,643.8,644,643.8,644,28
2026-08-24 12:44:55,644,644.15,643.55,644.15,925
2026-08-24 12:45:59,644.3,644.55,644,644.5,632
2026-08-24 12:46:58,644.45,644.5,644.05,644.05,200
2026-08-24 12:47:58,644.3,644.3,643.9,644.3,322
2026-08-24 12:48:55,644,644.35,644,644,194
2026-08-24 12:49:57,644.35,644.35,644,644,592
2026-08-24 12:50:58,643.85,644,643.8,643.9,2608
2026-08-24 12:51:58,643.65,643.9,643.5,643.9,417
2026-08-24 12:52:55,643.85,644,643.55,643.55,633
2026-08-24 12:53:56,643.55,643.85,643.55,643.6,188
2026-08-24 12:54:54,643.3,643.5,643.05,643.3,1115
2026-08-24 12:55:55,644,644,644,644,2050
2026-08-24 12:56:57,644,644,643.75,643.75,881
2026-08-24 12:57:56,644,644,644,644,534
2026-08-24 12:58:57,644,644,643.75,644,44
2026-08-24 12:59:58,643.9,644,643.7,644,230
2026-08-24 13:00:59,643.7,644,643.65,643.65,299
2026-08-24 13:01:59,643.45,643.65,643.25,643.65,1064
2026-08-24 13:02:58,643.5,643.75,643.5,643.7,285
2026-08-24 13:03:59,643.7,643.7,643.5,643.5,164
2026-08-24 13:04:55,643.3,643.7,643.2,643.3,432
2026-08-24 13:05:56,643.65,643.65,643.5,643.5,156
2026-08-24 13:06:55,643.3,643.3,643.2,643.2,85
2026-08-24 13:07:56,643.2,643.3,643.2,643.3,51
2026-08-24 13:08:58,643.3,643.6,643.3,643.6,44
2026-08-24 13:09:57,643.6,643.85,643.25,643.85,2962
2026-08-24 13:10:59,644.1,644.4,644.1,644.3,157
2026-08-24 13:11:56,644.2,644.4,644.2,644.4,559
2026-08-24 13:12:56,644.15,644.35,643.8,643.8,91
2026-08-24 13:13:57,644.2,644.35,643.6,643.7,1350
2026-08-24 13:14:58,643.8,643.8,643.8,643.8,503
2026-08-24 13:15:55,643.4,643.8,643.4,643.8,111
2026-08-24 13:16:55,643.8,643.85,643.75,643.85,220
2026-08-24 13:17:57,643.85,644,643.85,643.95,1007
2026-08-24 13:18:57,643.95,644,643.8,644,58
2026-08-24 13:19:58,644,644,644,644,23
2026-08-24 13:20:59,643.8,644,643.8,643.9,224
2026-08-24 13:21:55,644,644.25,644,644.25,1634
2026-08-24 13:22:58,644.4,644.6,644.25,644.25,27
2026-08-24 13:23:58,644.55,644.55,644.55,644.55,113
2026-08-24 13:24:59,644.55,644.55,644.5,644.5,60
2026-08-24 13:25:57,644.5,644.5,644.5,644.5,100
2026-08-24 13:26:58,644.25,644.45,644.25,644.25,273
2026-08-24 13:27:59,644.25,644.45,644,644,785
2026-08-24 13:28:55,644,644,644,644,959
2026-08-24 13:29:55,644.45,644.45,644.45,644.45,4
2026-08-24 13:30:58,644.45,644.45,644.15,644.4,560
2026-08-24 13:31:55,644.4,644.4,643.9,643.9,358
2026-08-24 13:32:55,643.95,643.95,643.85,643.95,446
2026-08-24 13:33:55,644,644.05,643.7,644.05,1318
2026-08-24 13:34:57,644.05,644.1,643.95,644.1,959
2026-08-24 13:35:54,644.1,644.1,643.65,643.95,442
2026-08-24 13:36:58,643.75,644.1,643.65,644.05,279
2026-08-24 13:37:59,643.65,644.05,643.6,644.05,83
2026-08-24 13:38:59,644.05,644.05,644.05,644.05,3
2026-08-24 13:39:59,644,644.35,643.6,644.35,3834
2026-08-24 13:40:58,643.75,644.15,643.75,643.75,313
2026-08-24 13:41:59,643.8,644.25,643.8,644.15,76
2026-08-24 13:42:59,644,644.15,644,644.1,53
2026-08-24 13:43:56,644.1,644.1,643.7,643.75,29
2026-08-24 13:44:57,644.15,644.2,643.8,643.85,341
2026-08-24 13:45:54,643.85,644.3,643.85,644.3,265
2026-08-24 13:46:59,644.35,644.35,644,644,375
2026-08-24 13:47:56,644,644,643.95,643.95,33
2026-08-24 13:48:58,644,644,643.95,644,14
2026-08-24 13:49:55,643.95,644.15,643.95,644,100
2026-08-24 13:50:56,644,644.2,644,644.2,32
2026-08-24 13:51:58,644.2,644.2,644,644,29
2026-08-24 13:52:55,644.2,644.2,644.05,644.05,14
2026-08-24 13:53:58,644.2,644.2,644.05,644.1,17
2026-08-24 13:54:59,644.05,644.1,643.8,643.85,587
2026-08-24 13:55:56,643.85,644,643.85,644,32
2026-08-24 13:56:59,643.75,644,643.7,643.7,30
2026-08-24 13:57:59,643.7,643.95,643.7,643.95,74
2026-08-24 13:58:56,643.95,643.95,643.8,643.8,64
2026-08-24 13:59:56,643.95,643.95,643.95,643.95,31
2026-08-24 14:00:56,643.95,643.95,643.8,643.8,42
2026-08-24 14:01:57,643.8,643.8,643.6,643.8,206
2026-08-24 14:02:59,643.65,644.3,643.65,643.95,1887
2026-08-24 14:03:57,643.95,643.95,643.2,643.55,1763
2026-08-24 14:04:59,643.5,643.5,643.15,643.15,101
2026-08-24 14:05:57,643.5,643.95,643.15,643.95,1630
2026-08-24 14:06:55,643.95,644,643.55,643.9,114
2026-08-24 14:07:56,643.85,643.9,643.85,643.9,36
2026-08-24 14:08:55,643.4,643.95,643.4,643.95,184
2026-08-24 14:09:59,643.9,643.9,643.55,643.9,187
2026-08-24 14:10:58,643.55,643.95,643.55,643.9,165
2026-08-24 14:11:56,643.5,643.9,643.35,643.8,865
2026-08-24 14:12:58,643.8,643.8,643.3,643.3,451
2026-08-24 14:13:59,643.7,643.7,643.25,643.7,41
2026-08-24 14:14:58,643.7,643.7,643.3,643.3,92
2026-08-24 14:15:57,643.65,643.65,643.3,643.5,235
2026-08-24 14:16:58,643.5,643.55,642.8,643,5402
2026-08-24 14:17:55,643.15,643.35,643.15,643.35,74
2026-08-24 14:18:56,643.35,643.35,643.05,643.05,301
2026-08-24 14:19:57,643.05,643.35,643.05,643.25,632
2026-08-24 14:20:59,643.3,643.3,643.3,643.3,1
2026-08-24 14:21:54,643.3,643.3,643.05,643.05,203
2026-08-24 14:22:59,643,643.1,643,643.05,77
2026-08-24 14:23:55,642.8,643.1,642.5,642.8,2119
2026-08-24 14:24:57,642.8,642.8,642.4,642.75,668
2026-08-24 14:25:59,642.7,642.75,642.1,642.1,1227
2026-08-24 14:26:55,642.7,643.2,642.7,642.9,1639
2026-08-24 14:27:59,643.1,643.2,642.75,642.9,333
2026-08-24 14:28:56,643.2,643.2,642.9,643.2,27
2026-08-24 14:29:55,643,643.2,643,643.2,215
2026-08-24 14:30:54,643.15,643.5,643.15,643.5,644
2026-08-24 14:31:57,643.5,643.9,643.5,643.9,192
2026-08-24 14:32:55,643.65,643.8,643.5,643.75,130
2026-08-24 14:33:59,643.5,643.9,643.5,643.9,269
2026-08-24 14:34:54,643.8,643.8,643.5,643.5,924
2026-08-24 14:35:56,643.5,643.75,643.5,643.75,379
2026-08-24 14:36:58,643.75,643.75,643.35,643.75,257
2026-08-24 14:37:55,643.45,643.75,643.4,643.4,319
2026-08-24 14:38:56,643.7,643.7,643.4,643.4,60
2026-08-24 14:39:54,643.75,643.75,643.4,643.4,115
2026-08-24 14:40:57,643.2,643.2,642.9,642.9,310
2026-08-24 14:41:55,643,643,642.85,642.85,948
2026-08-24 14:42:55,643.2,643.2,642.85,643.2,25
2026-08-24 14:43:58,643.2,643.2,642.95,643.15,67
2026-08-24 14:44:57,643.15,643.4,643.15,643.15,2828
2026-08-24 14:45:55,643.15,643.4,642.95,643.35,1950
2026-08-24 14:46:59,643.4,643.4,643.15,643.15,191
2026-08-24 14:47:57,643.15,643.45,643.05,643.05,1074
2026-08-24 14:48:58,643.1,643.4,643,643.05,342
2026-08-24 14:49:57,643.45,643.65,643.3,643.3,494
2026-08-24 14:50:55,643.25,643.55,643.1,643.15,760
2026-08-24 14:51:53,643,643.4,643,643.4,326
2026-08-24 14:52:59,643.4,643.65,643,643.1,1481
2026-08-24 14:53:58,643.5,643.75,643.1,643.1,3969
2026-08-24 14:54:55,643.55,643.95,643.3,643.95,6091
2026-08-24 14:55:58,644.2,644.2,643.35,643.35,5318
2026-08-24 14:56:56,643.55,643.7,643.35,643.5,1675
2026-08-24 14:57:56,643.5,643.65,643.3,643.3,2476
2026-08-24 14:58:58,643.35,643.35,643.1,643.35,206
2026-08-24 14:59:57,643.35,643.4,642.95,642.95,1040
2026-08-24 15:00:54,643,643,642.85,642.85,1429
2026-08-24 15:01:59,642.7,642.8,642.45,642.45,2359
2026-08-24 15:02:54,642.35,642.35,640.6,640.6,7965
2026-08-24 15:03:54,641.15,641.15,640.85,640.85,1449
2026-08-24 15:04:56,641.15,641.15,640.5,640.75,1098
2026-08-24 15:05:59,640.9,640.9,640.05,640.1,6262
2026-08-24 15:06:55,640.4,640.7,640,640,4444
2026-08-24 15:07:54,640,640.2,639.5,639.9,3778
2026-08-24 15:08:57,639.95,640,639.55,639.65,2038
2026-08-24 15:09:58,639.95,640.2,639.65,640.05,6375
2026-08-24 15:10:55,640.05,640.2,639.95,640.2,1004
2026-08-24 15:11:53,640.05,640.45,639.5,639.5,3479
2026-08-24 15:12:59,640.05,640.05,639,639.5,4618
2026-08-24 15:13:53,639.65,639.75,638.95,638.95,3220
2026-08-24 15:14:58,639,639,638.1,638.45,3415
2026-08-24 15:15:56,638.15,638.5,638,638,6713
2026-08-24 15:16:56,638.35,638.35,638,638.3,917
2026-08-24 15:17:57,638.2,638.3,638.1,638.3,3614
2026-08-24 15:18:55,638.3,638.3,638,638.3,955
2026-08-24 15:19:57,638.3,638.6,638.2,638.6,1640
2026-08-24 15:20:59,638.6,638.6,638,638,1545
2026-08-24 15:21:57,638.05,638.4,638.05,638.35,718
2026-08-24 15:22:59,638.3,638.9,638.3,638.75,2104
2026-08-24 15:23:55,638.65,638.9,638.65,638.9,1248
2026-08-24 15:24:59,638.9,639,638.6,639,4177
2026-08-24 15:25:59,638.6,638.8,638,638.8,4093
2026-08-24 15:26:59,639,639.75,639,639.65,5368
2026-08-24 15:27:57,639.65,640,639.35,639.95,1729
2026-08-24 15:28:52,640,640,639.05,639.85,1503
2026-08-24 15:29:59,639.95,639.95,638,639,3159
2026-08-25 09:08:10,639.6,639.6,639.6,639.6,3124
2026-08-25 09:15:57,639,640.45,636.1,636.4,9367
2026-08-25 09:16:54,636.6,637.2,635.45,637.1,6122
2026-08-25 09:17:59,636.8,637.2,636,636,6146
2026-08-25 09:18:52,636.1,637.3,636.1,637.3,1577
2026-08-25 09:19:53,637.35,639.05,637.35,639,3963
2026-08-25 09:20:54,638.9,639,638.5,639,1719
2026-08-25 09:21:54,639.15,639.5,639.15,639.5,4109
2026-08-25 09:22:53,639.15,639.15,638.7,639.15,1073
2026-08-25 09:23:58,639.15,640.35,638.25,639.65,4823
2026-08-25 09:24:55,640.05,640.65,639.2,639.25,2584
2026-08-25 09:25:52,639.35,639.85,639.35,639.85,201
2026-08-25 09:26:57,639.85,641.6,639.85,640.85,9005
2026-08-25 09:27:53,640.7,640.95,640.3,640.3,1819
2026-08-25 09:28:56,640.45,641,640,640,5197
2026-08-25 09:29:58,640,641.4,640,641.35,1493
2026-08-25 09:30:54,641.35,641.35,641,641,2166
2026-08-25 09:31:57,641,641.4,641,641.15,5121
2026-08-25 09:32:58,641,641,640.1,640.3,1982
2026-08-25 09:33:59,640.05,640.05,639.25,639.5,1637
2026-08-25 09:34:57,639.5,640,639.45,639.8,1005
2026-08-25 09:35:58,639.75,639.75,639.75,639.75,397
2026-08-25 09:36:59,639.65,640,639.25,639.6,1018
2026-08-25 09:37:59,639.6,639.95,639.35,639.95,839
2026-08-25 09:38:57,639.95,639.95,639.65,639.85,185
2026-08-25 09:39:56,639.65,639.95,639.4,639.95,462
2026-08-25 09:40:56,639.5,640,639.5,640,338
2026-08-25 09:41:53,639.7,639.7,639.25,639.35,526
2026-08-25 09:42:57,639.35,639.85,639.35,639.85,217
2026-08-25 09:43:54,639.05,639.5,639.05,639.5,2784
2026-08-25 09:44:57,639.5,639.55,638.8,638.8,1538
2026-08-25 09:45:54,639,639,638.7,638.95,1198
2026-08-25 09:46:59,640.05,640.3,639.6,639.6,2714
2026-08-25 09:47:54,639.85,639.85,639.5,639.5,307
2026-08-25 09:48:57,639.8,639.85,639.6,639.6,170
2026-08-25 09:49:59,639.5,639.5,639,639,2756
2026-08-25 09:50:55,639,639.4,638.55,639,2582
2026-08-25 09:51:55,638.85,638.85,638.4,638.4,781
2026-08-25 09:52:56,638.4,638.75,638.35,638.35,859
2026-08-25 09:53:53,638.35,638.5,637.6,637.6,2382
2026-08-25 09:54:55,637.3,637.45,637.2,637.45,281
2026-08-25 09:55:56,637.45,638,637.2,637.65,6533
2026-08-25 09:56:56,637.7,638.4,637.65,638.4,660
2026-08-25 09:57:55,638.55,638.6,637.9,638.25,6631
2026-08-25 09:58:54,638.3,638.3,638,638.2,1207
2026-08-25 09:59:58,638.3,638.65,637.7,638.65,1340
2026-08-25 10:00:55,638.45,638.65,638.05,638.05,1553
2026-08-25 10:01:51,638.05,638.05,637.45,637.45,2251
2026-08-25 10:02:54,637.4,637.45,637.4,637.45,494
2026-08-25 10:03:54,637.8,637.8,637.4,637.45,3775
2026-08-25 10:04:58,637.2,637.7,637.2,637.45,1215
2026-08-25 10:05:54,637.2,637.2,637.2,637.2,130
2026-08-25 10:06:58,636.8,637.25,636.8,637.25,4042
2026-08-25 10:07:59,637.2,637.2,637,637,534
2026-08-25 10:08:56,637.15,637.2,637,637.2,278
2026-08-25 10:09:58,637.2,637.35,637.2,637.2,154
2026-08-25 10:10:54,637.2,637.2,636.8,636.8,1246
2026-08-25 10:11:57,636.8,637.05,636.6,637,553
2026-08-25 10:12:58,637,637,637,637,91
2026-08-25 10:13:59,636.95,636.95,636.65,636.65,107
2026-08-25 10:14:59,636.2,636.5,636.2,636.5,3890
2026-08-25 10:15:48,636.7,636.7,636.35,636.5,329
2026-08-25 10:16:55,636.5,636.5,636.2,636.5,628
2026-08-25 10:17:57,636.5,636.5,636.5,636.5,283
2026-08-25 10:18:52,636.5,636.5,636.5,636.5,126
2026-08-25 10:19:55,636.5,636.5,636.2,636.2,448
2026-08-25 10:20:57,636.25,636.5,636.25,636.25,26
2026-08-25 10:21:57,636.5,636.6,636.25,636.3,1237
2026-08-25 10:22:58,636.25,636.95,636.25,636.95,825
2026-08-25 10:23:59,636.8,636.8,636.05,636.25,4022
2026-08-25 10:24:59,636.25,636.25,636.1,636.1,235
2026-08-25 10:25:56,636.25,636.35,636.1,636.1,328
2026-08-25 10:26:58,636.1,636.4,636.1,636.25,343
2026-08-25 10:27:58,636.2,637.2,636.2,637.15,4818
2026-08-25 10:28:57,637.35,638.25,637.35,637.65,1619
2026-08-25 10:29:58,637.45,637.7,637.4,637.7,360
2026-08-25 10:30:52,637.7,637.9,637.35,637.9,284
2026-08-25 10:31:58,637.75,638,637.6,638,1733
2026-08-25 10:32:55,637.85,637.85,637.45,637.75,538
2026-08-25 10:33:57,637.2,637.95,637.2,637.85,1624
2026-08-25 10:34:58,637.8,637.8,637.7,637.7,48
2026-08-25 10:35:54,637.3,637.3,637.05,637.05,3473
2026-08-25 10:36:55,637.5,637.5,637.05,637.15,122
2026-08-25 10:37:57,637.45,637.85,637.45,637.85,399
2026-08-25 10:38:59,637.65,637.85,637.45,637.6,1474
2026-08-25 10:39:59,637.85,638,637.55,637.55,220
2026-08-25 10:40:55,637.85,637.95,637.6,637.85,339
2026-08-25 10:41:56,637.55,637.55,637.45,637.45,755
2026-08-25 10:42:59,637.1,637.5,637.1,637.1,258
2026-08-25 10:43:59,637.1,637.1,636.7,636.7,1005
2026-08-25 10:44:58,636.65,636.95,636.65,636.95,307
2026-08-25 10:45:53,636.85,636.95,636.65,636.95,1788
2026-08-25 10:46:58,637,637,637,637,25
2026-08-25 10:47:57,637.2,637.45,637,637.4,327
2026-08-25 10:48:58,637.45,637.45,637.1,637.1,298
2026-08-25 10:49:58,637,637.45,637,637.1,372
2026-08-25 10:50:55,637.25,637.45,637.2,637.2,1279
2026-08-25 10:51:56,637.05,637.45,637,637.45,856
2026-08-25 10:52:55,637.35,637.9,637.35,637.9,413
2026-08-25 10:53:55,637.45,637.5,637.45,637.5,624
2026-08-25 10:54:57,637.85,637.85,637.05,637.05,464
2026-08-25 10:55:57,637,637.45,637,637.45,1125
2026-08-25 10:56:59,637.7,637.9,637.7,637.9,202
2026-08-25 10:57:58,637.7,638.3,637.7,638.3,2653
2026-08-25 10:58:56,638.1,638.3,637.7,637.7,592
2026-08-25 10:59:55,637.5,637.85,637.4,637.85,788
2026-08-25 11:00:55,637.75,637.75,637.6,637.75,203
2026-08-25 11:01:54,637.8,638.5,637.8,638.5,3566
2026-08-25 11:02:59,638.15,638.15,637.5,637.5,460
2026-08-25 11:03:56,637.5,637.9,637.5,637.9,108
2026-08-25 11:04:58,637.55,637.65,637.55,637.65,4
2026-08-25 11:05:59,637.9,638.05,637.65,637.65,628
2026-08-25 11:06:56,637.65,638.95,637.65,638.75,4862
2026-08-25 11:07:58,638.6,638.6,637.75,638.1,1327
2026-08-25 11:08:59,638.05,638.1,638.05,638.1,1163
2026-08-25 11:09:57,638.4,638.4,638,638.3,460
2026-08-25 11:10:55,638.05,638.7,638.05,638.7,591
2026-08-25 11:11:56,638.2,638.7,638.2,638.7,228
2026-08-25 11:12:59,637.7,638.2,637.5,638,3051
2026-08-25 11:13:56,637.7,638,637.7,637.75,358
2026-08-25 11:14:57,638,638.1,638,638.1,394
2026-08-25 11:15:58,638.1,638.25,638.1,638.1,101
2026-08-25 11:16:57,638.2,638.4,638.05,638.4,149
2026-08-25 11:17:52,638.45,638.45,638.05,638.05,700
2026-08-25 11:18:58,638.35,638.35,638.05,638.05,161
2026-08-25 11:19:55,638.35,638.35,638.1,638.35,831
2026-08-25 11:20:55,638.1,638.1,637.5,637.5,1640
2026-08-25 11:21:55,637.8,637.95,637.5,637.95,367
2026-08-25 11:22:56,637.85,638.95,637.85,638.95,3913
2026-08-25 11:23:56,638.95,638.95,638.75,638.9,422
2026-08-25 11:24:56,639.25,639.25,639.15,639.15,981
2026-08-25 11:25:58,639.15,639.15,638.6,638.6,405
2026-08-25 11:26:56,638.9,638.9,638.9,638.9,11
2026-08-25 11:27:55,638.65,638.9,638.65,638.65,163
2026-08-25 11:28:59,639.5,639.8,639.1,639.1,2080
2026-08-25 11:29:55,639,639.2,638.65,639.1,307
2026-08-25 11:30:56,639.1,639.1,638.7,639.05,243
2026-08-25 11:31:58,639.05,639.05,638.45,638.85,961
2026-08-25 11:32:56,638.85,638.85,638.5,638.5,117
2026-08-25 11:33:56,638.75,639.4,638.75,639.4,1191
2026-08-25 11:34:58,639,639.1,638.75,638.9,331
2026-08-25 11:35:58,639.1,639.1,638.65,638.65,620
2026-08-25 11:36:58,638.85,639,638.85,639,153
2026-08-25 11:37:57,639,639,638.45,638.95,436
2026-08-25 11:38:57,638.85,638.85,638.8,638.8,51
2026-08-25 11:39:47,638.8,638.9,638.8,638.9,401
2026-08-25 11:40:58,638.65,638.9,638.65,638.75,154
2026-08-25 11:41:57,638.25,638.35,638.1,638.3,954
2026-08-25 11:42:58,638.15,638.15,637.5,637.8,3162
2026-08-25 11:43:58,638.15,638.15,638.1,638.1,35
2026-08-25 11:44:55,638.65,638.65,638.05,638.4,2137
2026-08-25 11:45:57,637.7,637.85,636.85,637.8,3585
2026-08-25 11:46:57,637.75,638,637.75,637.75,384
2026-08-25 11:47:59,637.85,638,637.8,637.8,367
2026-08-25 11:48:55,637.6,637.85,637.5,637.85,172
2026-08-25 11:49:57,637.8,637.8,637.45,637.45,19
2026-08-25 11:50:58,637.5,637.95,637.5,637.95,103
2026-08-25 11:52:57,637.55,637.9,637.35,637.9,576
2026-08-25 11:53:56,638,638.15,637.55,637.55,330
2026-08-25 11:54:56,637.65,638,637.65,638,144
2026-08-25 11:55:58,637.65,637.95,637.6,637.95,99
2026-08-25 11:56:57,637.4,637.8,637.4,637.8,513
2026-08-25 11:57:56,637.9,638,637.9,638,37
2026-08-25 11:58:57,638,638,637.65,638,262
2026-08-25 11:59:56,638,638,638,638,349
2026-08-25 12:00:56,637.6,637.95,637.6,637.95,304
2026-08-25 12:01:55,637.65,637.95,637.65,637.95,62
2026-08-25 12:02:56,637.65,637.95,637.65,637.95,386
2026-08-25 12:03:53,637.65,637.95,637.65,637.95,101
2026-08-25 12:04:58,637.65,638,637.65,638,211
2026-08-25 12:05:53,637.75,638,637.7,638,9
2026-08-25 12:06:58,638,638,637.8,638,219
2026-08-25 12:07:57,637.75,638,637.65,637.8,2281
2026-08-25 12:08:58,637.8,637.8,637.8,637.8,125
2026-08-25 12:09:57,637.65,637.7,637.6,637.7,110
2026-08-25 12:10:58,637.7,637.7,637.5,637.5,567
2026-08-25 12:11:57,637.25,637.4,637.05,637.4,221
2026-08-25 12:12:58,637.1,637.25,637,637.25,1179
2026-08-25 12:13:57,637,637.2,637,637.2,82
2026-08-25 12:14:58,637.2,637.2,637.2,637.2,45
2026-08-25 12:15:54,637.2,637.2,637,637.2,127
2026-08-25 12:16:54,637.5,637.65,637.25,637.25,239
2026-08-25 12:17:56,637.65,637.65,637.1,637.1,357
2026-08-25 12:18:58,637.15,637.15,637.15,637.15,97
2026-08-25 12:19:57,637.1,637.55,637.1,637.2,608
2026-08-25 12:20:58,637.25,637.8,637.15,637.7,568
2026-08-25 12:21:58,637.25,637.7,637.25,637.7,3
2026-08-25 12:22:43,637.3,637.3,636.85,637,2600
2026-08-25 12:23:57,636.65,637,636.65,636.95,126
2026-08-25 12:24:59,636.95,636.95,636.6,636.95,76
2026-08-25 12:25:55,636.6,636.65,636.6,636.65,254
2026-08-25 12:26:57,636.7,636.95,636.7,636.95,154
2026-08-25 12:27:56,636.9,636.95,636.55,636.55,640
2026-08-25 12:28:55,636.9,636.9,636.9,636.9,410
2026-08-25 12:29:59,636.5,637.4,636.5,637.4,2302
2026-08-25 12:30:58,637,637.05,636.6,636.65,199
2026-08-25 12:31:59,637,637.35,636.85,636.85,258
2026-08-25 12:32:59,636.95,637.35,636.5,636.55,1214
2026-08-25 12:33:56,636.95,636.95,636.65,636.7,38
2026-08-25 12:34:59,636.7,637.15,636.65,637.15,321
2026-08-25 12:35:59,637.15,637.15,636.75,636.8,1020
2026-08-25 12:36:59,636.8,637.35,636.8,636.85,552
2026-08-25 12:37:56,636.95,636.95,636.75,636.85,698
2026-08-25 12:38:58,636.65,636.75,636.6,636.6,77
2026-08-25 12:39:55,636.6,636.6,636.5,636.5,47
2026-08-25 12:40:48,636.8,636.8,636.8,636.8,67
2026-08-25 12:41:54,636.95,636.95,636.6,636.85,118
2026-08-25 12:42:55,636.9,636.9,636.55,636.55,262
2026-08-25 12:43:59,636.5,636.75,636.5,636.75,67
2026-08-25 12:44:59,637,637,636.75,636.75,7
2026-08-25 12:45:56,636.75,637,636.7,637,285
2026-08-25 12:46:59,636.65,637,636.65,637,153
2026-08-25 12:47:56,637,637.1,636.6,637.05,229
2026-08-25 12:48:57,636.6,637,636.6,637,111
2026-08-25 12:49:56,636.85,637,636.85,637,261
2026-08-25 12:50:59,636.95,637,636.95,637,119
2026-08-25 12:51:59,637.2,637.6,637,637.6,196
2026-08-25 12:52:59,637.55,637.8,637.55,637.8,962
2026-08-25 12:53:59,637.15,639.1,637.15,639.1,1859
2026-08-25 12:54:55,639.1,639.1,638.55,638.55,1412
2026-08-25 12:55:56,638.9,638.9,638.45,638.8,140
2026-08-25 12:56:57,638.8,638.8,638.8,638.8,141
2026-08-25 12:57:59,638.4,638.8,638.4,638.45,58
2026-08-25 12:58:57,638.45,638.8,638.45,638.8,23
2026-08-25 12:59:55,638.7,638.7,638.6,638.6,225
2026-08-25 13:00:56,638.6,638.6,638,638,874
2026-08-25 13:01:58,637.65,637.65,637,637.4,792
2026-08-25 13:02:59,637,637.45,637,637.05,121
2026-08-25 13:03:58,637.05,637.55,637.05,637.2,258
2026-08-25 13:04:57,637.05,637.3,637,637,110
2026-08-25 13:05:55,637,637,637,637,122
2026-08-25 13:06:56,637.1,637.2,637,637.2,47
2026-08-25 13:07:59,637,637.2,637,637.2,371
2026-08-25 13:08:57,637,637,636.5,636.5,196
2026-08-25 13:09:55,636.5,636.55,636.5,636.5,40
2026-08-25 13:10:58,636.5,636.75,636.3,636.6,207
2026-08-25 13:11:49,636.35,636.75,636.35,636.75,4121
2026-08-25 13:12:57,637,637,636.5,636.5,82
2026-08-25 13:13:55,636.5,636.85,636.5,636.85,104
2026-08-25 13:14:58,636.6,636.7,636.6,636.6,58
2026-08-25 13:15:55,636.6,636.6,636.35,636.4,291
2026-08-25 13:16:59,636.35,636.95,636.35,636.85,618
2026-08-25 13:17:47,636.6,636.85,636.55,636.55,47
2026-08-25 13:18:54,636.55,636.85,636.55,636.55,150
2026-08-25 13:19:56,636.55,636.6,636.55,636.6,310
2026-08-25 13:20:58,636.6,636.8,636.55,636.8,401
2026-08-25 13:21:56,636.55,637,636.55,636.7,458
2026-08-25 13:22:59,636.75,637,636.55,636.55,206
2026-08-25 13:23:57,636.95,636.95,636.55,636.55,226
2026-08-25 13:24:56,636.55,636.55,636.55,636.55,406
2026-08-25 13:25:55,636.55,636.9,636.55,636.55,53
2026-08-25 13:26:53,636.55,636.9,636.55,636.55,165
2026-08-25 13:27:52,636.55,636.9,636.55,636.6,2113
2026-08-25 13:28:55,636.55,637.05,636.55,637.05,762
2026-08-25 13:29:52,637.1,637.1,637.1,637.1,152
2026-08-25 13:30:58,637.4,637.4,637,637,327
2026-08-25 13:31:50,637,637.05,637,637,5261
2026-08-25 13:32:56,637,637,637,637,402
2026-08-25 13:33:58,637,637,636.55,636.55,446
2026-08-25 13:34:59,636.6,636.6,636.55,636.55,603
2026-08-25 13:35:56,636.6,637,636.6,637,310
2026-08-25 13:36:54,637,637,636.65,636.65,114
2026-08-25 13:37:56,637,637,637,637,20
2026-08-25 13:38:58,637,637,636.8,636.8,122
2026-08-25 13:39:45,636.8,636.8,636.3,636.3,5970
2026-08-25 13:40:51,635.9,636.35,635.9,636.35,207
2026-08-25 13:41:59,636.35,636.35,636.05,636.05,71
2026-08-25 13:42:52,636.5,636.5,636.15,636.15,192
2026-08-25 13:43:51,636.45,636.55,636.15,636.55,159
2026-08-25 13:44:54,636.5,636.75,636.5,636.75,247
2026-08-25 13:45:43,636.5,636.65,636.5,636.65,759
2026-08-25 13:46:57,636.5,636.65,636.5,636.65,21
2026-08-25 13:47:57,636.65,636.65,636.5,636.5,25
2026-08-25 13:48:56,636.5,636.5,636.5,636.5,1
2026-08-25 13:49:55,636.5,636.5,636.1,636.4,96
2026-08-25 13:50:57,636.4,636.4,636.1,636.1,170
2026-08-25 13:51:59,636.4,636.45,636.4,636.45,167
2026-08-25 13:52:51,636.6,636.6,636.4,636.6,166
2026-08-25 13:53:59,636.45,636.5,636.4,636.5,126
2026-08-25 13:54:55,637.05,637.55,637.05,637.3,5836
2026-08-25 13:55:51,636.95,637.5,636.95,637,807
2026-08-25 13:56:57,637.3,637.55,636.85,637.2,1831
2026-08-25 13:57:57,637.2,637.2,636.85,637,672
2026-08-25 13:58:54,636.65,636.85,636.65,636.8,39
2026-08-25 13:59:56,636.85,636.85,636.85,636.85,87
2026-08-25 14:00:52,636.85,637.3,636.85,637.3,563
2026-08-25 14:01:55,637.35,637.35,637.3,637.3,102
2026-08-25 14:02:58,637,637.45,637,637.4,378
2026-08-25 14:03:55,637.45,637.45,636.9,636.9,252
2026-08-25 14:04:55,636.85,637,636.75,637,845
2026-08-25 14:05:58,637,637,636.6,636.6,255
2026-08-25 14:06:59,637,637,637,637,53
2026-08-25 14:07:55,636.65,637,636.65,637,28
2026-08-25 14:08:55,636.6,636.95,636.55,636.55,329
2026-08-25 14:09:59,636.5,636.8,636.35,636.45,427
2026-08-25 14:10:59,636.8,636.8,636.4,636.8,3
2026-08-25 14:11:55,636.55,636.95,636.55,636.65,1027
2026-08-25 14:12:59,636.8,636.9,636.8,636.85,211
2026-08-25 14:13:54,636.8,636.85,636.8,636.8,97
2026-08-25 14:14:57,636.8,636.8,636.8,636.8,43
2026-08-25 14:15:50,636.8,636.8,636.5,636.8,85
2026-08-25 14:16:59,636.8,637,636.65,636.65,638
2026-08-25 14:17:52,637,637,637,637,72
2026-08-25 14:18:55,636.7,637,636.7,637,78
2026-08-25 14:19:59,637,637.15,636.9,637.15,29
2026-08-25 14:20:57,636.75,637.15,636.75,637.1,93
2026-08-25 14:21:57,636.9,637.1,636.85,636.85,53
2026-08-25 14:22:57,637,637.25,636.95,636.95,129
2026-08-25 14:23:58,637.25,637.4,637,637.4,623
2026-08-25 14:24:58,637.35,637.55,637.35,637.55,290
2026-08-25 14:25:55,637.45,637.45,637.1,637.1,126
2026-08-25 14:26:55,637,637.3,637,637.3,311
2026-08-25 14:27:55,637.45,637.45,637.45,637.45,9
2026-08-25 14:28:56,637.3,637.3,637.1,637.3,26
2026-08-25 14:29:59,637.05,637.35,636.85,637.25,694
2026-08-25 14:30:56,637.4,637.4,637.2,637.2,71
2026-08-25 14:31:55,637.2,637.35,636.9,637.35,137
2026-08-25 14:32:54,637.2,637.4,637,637.1,954
2026-08-25 14:33:56,637.35,637.4,636.95,637.35,607
2026-08-25 14:34:56,637.4,637.4,637,637.3,700
2026-08-25 14:35:55,637.3,637.3,637,637,55
2026-08-25 14:36:58,637.25,637.3,637,637.3,113
2026-08-25 14:37:56,637.3,637.3,637,637,293
2026-08-25 14:38:49,637.15,637.25,637,637,363
2026-08-25 14:39:55,637,637.2,637,637,1047
2026-08-25 14:40:59,637.2,637.25,637,637.25,412
2026-08-25 14:41:57,637.25,637.25,636.85,636.95,3768
2026-08-25 14:42:55,636.85,637.05,636.35,637.05,227
2026-08-25 14:43:55,636.6,637.05,636.2,637.05,596
2026-08-25 14:44:55,637.05,637.25,636.95,637.2,433
2026-08-25 14:45:54,637.15,637.25,637.1,637.25,396
2026-08-25 14:46:59,637.35,637.5,637.15,637.2,329
2026-08-25 14:47:57,637.1,637.9,637.1,637.5,1538
2026-08-25 14:48:59,637.85,638,637.8,637.95,706
2026-08-25 14:49:54,637.7,637.95,637.7,637.95,311
2026-08-25 14:50:55,638,638,637.45,637.45,1353
2026-08-25 14:51:57,637.4,637.5,637,637.2,5840
2026-08-25 14:52:59,637.3,637.3,636.9,637,506
2026-08-25 14:53:55,637.05,637.25,636.9,637.25,64
2026-08-25 14:54:54,637.35,637.4,637.15,637.15,4532
2026-08-25 14:55:58,637,637.1,636.9,636.9,748
2026-08-25 14:56:57,637.3,637.35,636.95,637,395
2026-08-25 14:57:57,637,637.05,637,637.05,550
2026-08-25 14:58:59,637.05,637.05,636.95,637,2158
2026-08-25 14:59:57,637.2,637.2,636.95,636.95,467
2026-08-25 15:00:53,636.95,637.6,636.95,637.5,3029
2026-08-25 15:01:59,637.5,639.1,637.3,639.1,25826
2026-08-25 15:02:59,640.85,643.7,640.6,641.5,17047
2026-08-25 15:03:53,641.6,641.6,639.3,639.3,4801
2026-08-25 15:04:56,639.7,639.85,639.5,639.5,1816
2026-08-25 15:05:59,639.4,639.4,639.2,639.4,2118
2026-08-25 15:06:53,639.4,639.5,639,639.25,1653
2026-08-25 15:07:56,639.25,639.5,639.15,639.5,9950
2026-08-25 15:08:57,639.5,639.5,639.25,639.5,15868
2026-08-25 15:09:57,639.5,639.5,639,639.5,2673
2026-08-25 15:10:57,639.45,639.45,639.2,639.45,758
2026-08-25 15:11:55,639,639.45,639,639.45,3979
2026-08-25 15:12:54,639.3,639.5,638.15,639.2,5276
2026-08-25 15:13:57,638.85,639.2,638.2,638.75,2116
2026-08-25 15:14:58,639.15,639.5,638.15,639.05,2914
2026-08-25 15:15:58,639.2,639.45,639,639.45,1214
2026-08-25 15:16:55,639.45,640.5,639.25,640.5,3740
2026-08-25 15:17:59,640.4,640.4,639.3,639.7,3089
2026-08-25 15:18:59,639.5,639.55,639.25,639.45,3028
2026-08-25 15:19:59,639.35,639.55,638.45,639.4,4254
2026-08-25 15:20:56,639.55,640.25,639.55,639.9,3657
2026-08-25 15:21:59,639.3,640.65,639.25,640.65,2752
2026-08-25 15:22:59,640.5,641.45,640.45,641.45,1500
2026-08-25 15:23:58,640.7,641.7,640.7,641,2607
2026-08-25 15:24:59,641,641.4,640.95,641,4837
2026-08-25 15:25:57,640.8,642.35,640.8,642,11508
2026-08-25 15:26:59,641.55,644.6,641.55,644,2512
2026-08-25 15:27:54,644.45,644.95,643.9,644.85,4556
2026-08-25 15:28:59,644.95,644.95,643.85,644.6,7557
2026-08-25 15:29:57,644.1,644.7,644.1,644.1,2574
2026-08-26 09:07:19,645.45,645.45,645.45,645.45,2481
2026-08-26 09:15:51,645.05,647.95,645,647.85,7741
2026-08-26 09:16:56,649.1,649.7,646.65,646.65,19508
2026-08-26 09:17:59,647.05,647.9,645.5,645.5,17240
2026-08-26 09:18:52,645.2,645.2,643.5,643.8,12410
2026-08-26 09:19:51,642.6,643.5,642.35,643.25,14003
2026-08-26 09:20:57,642.7,642.8,641.95,642.8,10283
2026-08-26 09:21:57,643.1,643.3,641.6,641.6,10593
2026-08-26 09:22:55,642.05,642.2,641.1,641.65,3695
2026-08-26 09:23:53,641.65,642,641.5,642,2681
2026-08-26 09:24:57,642.15,642.5,641.95,642,1790
2026-08-26 09:25:52,641.9,641.9,640.9,641.4,6866
2026-08-26 09:26:56,641.5,641.8,641.5,641.65,1445
2026-08-26 09:27:59,641.8,641.8,641.1,641.2,1090
2026-08-26 09:28:54,641.6,641.65,641,641,2248
2026-08-26 09:29:56,641.05,641.45,641.05,641.1,1074
2026-08-26 09:30:54,641.45,641.8,641.2,641.7,1524
2026-08-26 09:31:57,641.7,641.8,641.35,641.35,1186
2026-08-26 09:32:59,641.35,641.8,641.35,641.5,1254
2026-08-26 09:33:55,641.8,642.5,641.8,642.3,713
2026-08-26 09:34:54,642.3,642.55,642.25,642.25,313
2026-08-26 09:35:53,642.7,643,642.3,643,758
2026-08-26 09:36:58,642.85,644.6,642.85,644.6,6584
2026-08-26 09:37:56,644.75,645.15,644.55,645,9079
2026-08-26 09:38:59,645.1,645.5,644.6,645.45,3407
2026-08-26 09:39:55,645.55,652.25,645.3,648.45,59769
2026-08-26 09:40:59,649,649.5,648.45,648.45,14015
2026-08-26 09:41:56,648.95,650,648.5,650,5771
2026-08-26 09:42:55,650.5,651.05,650,651.05,6159
2026-08-26 09:43:57,650.5,651,650.25,650.85,7143
2026-08-26 09:44:53,650.85,651,650.4,650.6,3074
2026-08-26 09:45:55,651.6,651.9,651.15,651.6,11580
2026-08-26 09:46:56,652,652,651.15,651.35,12794
2026-08-26 09:47:57,651.2,651.9,651.15,651.8,3478
2026-08-26 09:48:59,652,652.45,651.8,651.8,1811
2026-08-26 09:49:59,651.7,651.7,651.05,651.25,4403
2026-08-26 09:50:54,651.3,651.5,651.05,651.25,1863
2026-08-26 09:51:57,651.15,651.95,651.15,651.5,3707
2026-08-26 09:52:55,651.5,652.4,651.45,651.45,6472
2026-08-26 09:53:59,652.5,654.3,652.5,653.45,10148
2026-08-26 09:54:57,653.55,654.7,652.25,652.25,12398
2026-08-26 09:55:55,652.05,652.05,651,651,5253
2026-08-26 09:56:55,650.8,651,650.4,650.9,5282
2026-08-26 09:57:59,650.2,650.5,649.75,650.4,5950
2026-08-26 09:58:58,650.85,651,650.2,650.85,6188
2026-08-26 09:59:57,650.9,650.9,650,650.2,657
2026-08-26 10:00:55,650.2,650.8,650,650.5,12550
2026-08-26 10:01:57,650.5,650.85,650.45,650.5,1939
2026-08-26 10:02:59,650.8,650.8,650.4,650.4,1850
2026-08-26 10:03:59,650.4,650.65,650,650.05,1816
2026-08-26 10:04:54,650.05,650.4,649.95,650.05,2468
2026-08-26 10:05:57,650.05,650.3,649.7,650.05,3766
2026-08-26 10:06:58,650.05,650.05,649.55,649.6,259
2026-08-26 10:07:57,649.6,649.6,649,649,2278
2026-08-26 10:08:59,649,649,648.95,649,1458
2026-08-26 10:09:55,649,649.3,648.9,649.1,2897
2026-08-26 10:10:58,648.95,649,648.4,648.4,2457
2026-08-26 10:11:59,648.4,648.7,648.3,648.3,297
2026-08-26 10:12:59,648.3,648.4,648.3,648.4,297
2026-08-26 10:13:58,648.8,648.85,648.5,648.85,318
2026-08-26 10:14:54,648.65,649,648.5,648.5,2650
2026-08-26 10:15:55,649,649,647.75,647.75,6948
2026-08-26 10:16:55,647.75,647.9,647.75,647.85,789
2026-08-26 10:17:56,647.85,647.85,647.6,647.7,471
2026-08-26 10:18:59,647.7,647.7,647.15,647.3,3392
2026-08-26 10:19:58,647.5,647.5,647,647.4,1362
2026-08-26 10:20:56,647.35,648.4,647.35,648,5906
2026-08-26 10:21:57,647.85,647.85,646.9,646.9,1328
2026-08-26 10:22:56,646.9,647.3,646.55,647.3,4742
2026-08-26 10:23:56,647.3,647.3,646.85,647.15,824
2026-08-26 10:24:56,647,647.15,647,647.15,213
2026-08-26 10:25:59,647.55,648.45,647.15,647.55,585
2026-08-26 10:26:55,647.5,647.5,647.5,647.5,41
2026-08-26 10:27:56,647.95,647.95,647.2,647.2,131
2026-08-26 10:28:58,647.2,647.55,647,647.55,448
2026-08-26 10:29:54,647,647.15,647,647.15,138
2026-08-26 10:30:58,647.75,647.75,646.85,646.85,2374
2026-08-26 10:31:56,646.45,646.95,646.35,646.45,1688
2026-08-26 10:32:58,647.05,647.25,646.55,647,1126
2026-08-26 10:33:57,647,647,646.65,646.65,342
2026-08-26 10:34:55,647,647,646.7,646.7,455
2026-08-26 10:35:59,646.7,647.7,646.7,647.6,4509
2026-08-26 10:36:55,647.5,647.6,647.5,647.6,72
2026-08-26 10:37:55,647.6,647.7,647.5,647.5,178
2026-08-26 10:38:57,647.4,647.4,647.4,647.4,1095
2026-08-26 10:39:58,647.55,648,647.55,647.6,202
2026-08-26 10:40:58,648.05,648.05,647.65,648,649
2026-08-26 10:41:54,648.25,648.95,648.1,648.4,3358
2026-08-26 10:42:59,648.45,648.95,648.2,648.8,1914
2026-08-26 10:43:51,648.8,648.9,648.8,648.9,101
2026-08-26 10:45:58,648.4,648.4,648.2,648.2,2469
2026-08-26 10:46:52,647.9,647.9,647.6,647.9,872
2026-08-26 10:47:58,647.7,648.25,647.7,648,201
2026-08-26 10:48:48,648.25,648.25,648.25,648.25,114
2026-08-26 10:49:59,648.25,648.55,648.25,648.25,678
2026-08-26 10:50:59,648.15,648.15,648.05,648.05,13
2026-08-26 10:51:59,647.55,647.55,647.4,647.55,240
2026-08-26 10:52:55,647.55,647.95,647.45,647.6,433
2026-08-26 10:53:58,647.6,647.6,647.6,647.6,122
2026-08-26 10:54:58,647.6,647.6,647.6,647.6,10
2026-08-26 10:55:57,647.6,647.95,647.6,647.95,83
2026-08-26 10:56:57,647.55,647.75,647.2,647.75,1068
2026-08-26 10:57:57,647.5,647.95,647.1,647.3,2033
2026-08-26 10:58:57,647.3,647.3,647.1,647.2,556
2026-08-26 10:59:56,647.2,647.5,647.2,647.5,66
2026-08-26 11:00:59,647.4,647.4,647.1,647.2,654
2026-08-26 11:01:57,647.15,647.7,647.15,647.7,954
2026-08-26 11:02:56,647.75,647.95,647.75,647.95,81
2026-08-26 11:03:57,647.95,647.95,647.85,647.85,228
2026-08-26 11:04:56,647.45,647.85,647.45,647.85,29
2026-08-26 11:05:55,647.45,647.85,647.4,647.8,431
2026-08-26 11:06:59,647.4,647.85,647.4,647.85,205
2026-08-26 11:07:58,647.85,647.85,647.4,647.4,195
2026-08-26 11:08:54,647.55,647.55,647.55,647.55,41
2026-08-26 11:09:53,647.6,647.85,647.6,647.85,96
2026-08-26 11:10:57,647.5,648,647.5,648,237
2026-08-26 11:11:56,648.25,648.25,647.25,647.25,667
2026-08-26 11:12:56,647.25,647.55,647.25,647.55,63
2026-08-26 11:13:57,647.25,647.25,647.25,647.25,4
2026-08-26 11:14:59,647.6,647.6,647.6,647.6,130
2026-08-26 11:15:58,647.3,647.6,647.3,647.3,13
2026-08-26 11:16:59,647.9,647.9,647.8,647.8,640
2026-08-26 11:17:54,647.8,647.8,647.4,647.75,256
2026-08-26 11:18:55,647.3,647.3,647.25,647.25,262
2026-08-26 11:19:58,647.25,647.8,647.25,647.65,584
2026-08-26 11:20:57,647.3,647.3,647.3,647.3,34
2026-08-26 11:21:59,647.25,647.25,647.25,647.25,1006
2026-08-26 11:22:58,647.75,647.75,647.25,647.25,268
2026-08-26 11:23:56,646.5,646.95,646.5,646.5,9235
2026-08-26 11:24:59,646.75,647.6,646.75,647.2,745
2026-08-26 11:25:56,647.15,647.25,646.75,647.25,205
2026-08-26 11:26:54,647.35,647.35,646.9,646.9,126
2026-08-26 11:27:58,646.85,647.15,646.7,647.15,93
2026-08-26 11:28:59,647.15,647.15,647.15,647.15,20
2026-08-26 11:29:56,646.75,646.75,646.75,646.75,1123
2026-08-26 11:30:58,647.05,647.3,647.05,647.3,270
2026-08-26 11:31:59,647.15,647.3,646.8,647.1,845
2026-08-26 11:32:59,647.1,647.1,646.75,647.1,2038
2026-08-26 11:33:58,647.3,647.3,646.9,647.1,294
2026-08-26 11:34:56,646.75,647.15,646.75,646.75,405
2026-08-26 11:35:56,647,647,646.75,646.75,270
2026-08-26 11:36:58,647,647.05,646.75,646.75,364
2026-08-26 11:37:59,646.8,647.3,646.8,646.95,295
2026-08-26 11:38:58,646.95,647.35,646.95,647,315
2026-08-26 11:39:58,647,647,647,647,40
2026-08-26 11:40:58,647,647.3,646.75,646.9,571
2026-08-26 11:41:58,646.9,647.15,646.75,647.15,341
2026-08-26 11:42:57,647.25,647.3,647,647.3,291
2026-08-26 11:43:58,647.3,647.3,647.15,647.3,37
2026-08-26 11:44:58,647.1,647.55,647.1,647.55,116
2026-08-26 11:45:54,647.15,647.15,647.15,647.15,2
2026-08-26 11:46:58,647.15,647.35,646.8,646.8,1316
2026-08-26 11:47:56,647.1,647.1,646.75,647,253
2026-08-26 11:48:54,646.75,647,646.7,647,664
2026-08-26 11:49:55,647,647,646.7,647,214
2026-08-26 11:50:55,647,647.05,646.8,646.8,546
2026-08-26 11:51:53,646.7,646.8,646.7,646.8,790
2026-08-26 11:52:58,646.8,647,646.8,647,55
2026-08-26 11:53:59,646.85,647,646.6,647,2593
2026-08-26 11:54:59,646.6,646.6,646,646.55,4607
2026-08-26 11:55:58,646.55,646.6,646.55,646.6,252
2026-08-26 11:56:56,646.6,646.9,646.4,646.9,53
2026-08-26 11:57:57,647,647,646.4,646.4,297
2026-08-26 11:58:59,646.4,646.4,646.4,646.4,801
2026-08-26 11:59:59,646.4,646.4,646,646.4,1277
2026-08-26 12:00:58,646.4,646.4,645.6,645.6,1269
2026-08-26 12:01:56,645.75,646.05,645.75,646.05,360
2026-08-26 12:02:45,645.6,645.6,645.5,645.5,98
2026-08-26 12:03:55,645.45,645.9,645.3,645.85,480
2026-08-26 12:04:55,645.6,645.6,645.3,645.35,172
2026-08-26 12:05:57,645.7,645.8,645.4,645.4,144
2026-08-26 12:06:56,645.8,645.8,645.5,645.5,160
2026-08-26 12:07:55,645.45,645.8,645.15,645.15,1712
2026-08-26 12:08:59,645.65,645.8,645.65,645.8,6
2026-08-26 12:09:57,645.35,646.1,645.35,645.5,1265
2026-08-26 12:10:56,645.85,645.85,645.2,645.6,653
2026-08-26 12:11:56,645.8,645.8,645.4,645.7,790
2026-08-26 12:12:58,645.75,645.75,645.7,645.75,1726
2026-08-26 12:13:57,645.75,646.05,645.55,646.05,107
2026-08-26 12:14:57,646.2,646.2,646,646.2,112
2026-08-26 12:15:59,646.4,646.6,646.2,646.6,1684
2026-08-26 12:16:58,646.35,646.75,646.35,646.35,171
2026-08-26 12:17:59,646.75,646.85,646.4,646.5,183
2026-08-26 12:18:55,646.8,647,646.8,646.8,514
2026-08-26 12:19:56,647,647,647,647,205
2026-08-26 12:20:58,647.1,647.15,646.7,647,300
2026-08-26 12:21:55,647,647.1,646.75,647.1,178
2026-08-26 12:22:57,647.1,647.25,647.1,647.25,106
2026-08-26 12:23:57,647.25,647.55,646.95,647.55,1107
2026-08-26 12:24:58,647.5,647.5,647.5,647.5,12
2026-08-26 12:25:55,647,647.45,647,647.45,268
2026-08-26 12:26:56,647.5,647.5,647,647.45,818
2026-08-26 12:27:57,647.1,647.25,646.8,647.25,249
2026-08-26 12:28:57,646.9,647.2,646.9,647.2,33
2026-08-26 12:29:56,647,647.2,646.95,647.15,129
2026-08-26 12:30:57,646.9,647,646.8,646.8,93
2026-08-26 12:31:53,647.15,647.15,646.7,647,236
2026-08-26 12:32:57,646.95,647,646.7,646.7,4594
2026-08-26 12:33:55,646.8,646.8,646.65,646.65,501
2026-08-26 12:34:56,647.15,647.15,646.75,647,58
2026-08-26 12:35:57,647,647,647,647,115
2026-08-26 12:36:58,646.85,647,646.85,646.85,94
2026-08-26 12:37:59,647,647,647,647,28
2026-08-26 12:38:58,647,647,647,647,282
2026-08-26 12:39:53,646.85,646.85,646.7,646.7,167
2026-08-26 12:40:52,646.7,646.7,646.7,646.7,214
2026-08-26 12:41:56,646.6,646.6,646.5,646.5,165
2026-08-26 12:42:55,646.6,646.6,646.5,646.55,12
2026-08-26 12:43:57,646.55,646.6,646.5,646.5,61
2026-08-26 12:44:55,646.55,646.6,646.55,646.6,74
2026-08-26 12:45:58,646.7,647,646.7,647,194
2026-08-26 12:46:55,647,647,646.55,647,612
2026-08-26 12:47:57,647,647,646.65,646.95,280
2026-08-26 12:48:55,646.6,647,646.55,646.6,643
2026-08-26 12:49:58,646.6,646.95,646.6,646.6,115
2026-08-26 12:50:58,646.95,647,646.95,647,544
2026-08-26 12:51:58,647,647.35,647,647.2,1158
2026-08-26 12:52:58,647.5,647.5,647.5,647.5,1
2026-08-26 12:53:59,647.25,647.5,647.2,647.2,145
2026-08-26 12:54:56,647.15,647.15,646.9,646.95,87
2026-08-26 12:55:57,646.9,647.1,646.9,647.1,35
2026-08-26 12:56:57,646.9,647,646.9,647,94
2026-08-26 12:57:53,646.7,647,646.7,647,28
2026-08-26 12:58:59,647,647,646.9,647,76
2026-08-26 12:59:57,647,647,646.7,646.7,37
2026-08-26 13:00:55,647,647,647,647,142
2026-08-26 13:01:59,646.9,647,646.9,647,114
2026-08-26 13:02:58,646.95,646.95,646.7,646.7,104
2026-08-26 13:03:59,646.25,646.85,646.25,646.85,1035
2026-08-26 13:04:56,646.85,647.05,646.85,647.05,3
2026-08-26 13:05:50,646.65,647.1,646.55,647.1,310
2026-08-26 13:06:59,646.65,647.1,646.65,647.1,8
2026-08-26 13:07:56,647.1,647.1,647,647.1,37
2026-08-26 13:08:59,647,647,646.4,646.4,1193
2026-08-26 13:09:58,646.95,646.95,646.9,646.9,26
2026-08-26 13:10:56,646.85,646.85,646.5,646.5,7
2026-08-26 13:11:58,646.55,646.75,646.35,646.75,109
2026-08-26 13:12:54,646.75,647.9,646.75,647.55,5304
2026-08-26 13:13:57,647.6,647.6,647.2,647.2,44
2026-08-26 13:14:59,647.2,647.2,647.2,647.2,29
2026-08-26 13:15:56,647.6,647.6,647,647.1,866
2026-08-26 13:16:58,647.55,647.6,647.3,647.3,99
2026-08-26 13:17:58,647.5,647.55,647.15,647.15,48
2026-08-26 13:18:53,647.05,647.45,647.05,647.45,93
2026-08-26 13:19:56,647.5,647.6,647.2,647.2,95
2026-08-26 13:20:50,647.6,647.6,647.35,647.35,16
2026-08-26 13:21:57,647.6,647.7,647.3,647.7,308
2026-08-26 13:22:54,647.45,647.45,647.25,647.25,123
2026-08-26 13:23:55,647.25,647.65,647.25,647.65,72
2026-08-26 13:24:56,647.3,647.65,647.3,647.65,61
2026-08-26 13:25:58,647.3,647.6,647,647.35,139
2026-08-26 13:26:56,647,647.4,646.7,646.75,763
2026-08-26 13:27:59,646.5,646.75,646.5,646.55,110
2026-08-26 13:28:59,646.7,646.7,646.35,646.5,710
2026-08-26 13:29:59,646.5,646.5,646.2,646.5,225
2026-08-26 13:30:57,646.35,646.35,646.1,646.1,4381
2026-08-26 13:31:57,645.85,645.85,645.8,645.8,1108
2026-08-26 13:32:57,645.8,645.9,645.8,645.9,46
2026-08-26 13:33:55,645.55,646,645.55,645.95,119
2026-08-26 13:34:56,645.95,646,645.8,646,65
2026-08-26 13:35:56,645.7,646,645.7,645.8,83
2026-08-26 13:36:57,645.8,645.8,645.7,645.8,352
2026-08-26 13:37:59,645.8,645.8,645.7,645.8,109
2026-08-26 13:38:59,645.8,645.8,645.7,645.8,31
2026-08-26 13:39:53,645.7,646,645.7,645.7,1005
2026-08-26 13:40:57,646.1,646.35,646.1,646.35,5887
2026-08-26 13:41:57,646.35,646.35,646,646,351
2026-08-26 13:42:57,646,646.35,645.75,645.75,913
2026-08-26 13:43:57,646,646,646,646,10
2026-08-26 13:44:57,646,646.35,646,646.35,101
2026-08-26 13:45:59,646.35,646.35,646,646,233
2026-08-26 13:46:59,646.35,646.35,646,646.35,397
2026-08-26 13:47:59,645.9,646.35,645.9,646.3,155
2026-08-26 13:48:58,646,646.35,646,646.35,505
2026-08-26 13:49:59,646.35,646.35,646.35,646.35,54
2026-08-26 13:50:55,646.35,646.35,645.6,645.6,1426
2026-08-26 13:51:56,646.2,646.2,645.8,645.85,23
2026-08-26 13:52:56,646.15,646.2,646.15,646.2,104
2026-08-26 13:53:57,646,646.2,645.8,645.8,631
2026-08-26 13:54:58,646.2,646.3,645.8,646.2,719
2026-08-26 13:55:55,646.25,646.35,645.9,645.9,959
2026-08-26 13:56:59,646.3,646.3,646,646.3,34
2026-08-26 13:57:57,646.3,646.35,646,646,193
2026-08-26 13:58:56,646.35,646.35,646.35,646.35,104
2026-08-26 13:59:58,646.35,646.35,646,646,208
2026-08-26 14:00:49,646.1,646.1,646.1,646.1,76
2026-08-26 14:01:56,645.9,646.1,645.8,645.85,173
2026-08-26 14:02:59,646.1,646.1,645.5,645.5,739
2026-08-26 14:03:59,645.5,645.75,645.5,645.75,489
2026-08-26 14:04:56,645.9,646.1,645.65,645.75,184
2026-08-26 14:05:59,645.5,645.75,645.45,645.45,304
2026-08-26 14:06:50,645.85,645.85,645.5,645.5,210
2026-08-26 14:07:57,645.45,645.5,645.25,645.4,2211
2026-08-26 14:08:59,645.15,645.5,645.15,645.5,7
2026-08-26 14:09:55,645.5,645.5,645.2,645.2,65
2026-08-26 14:10:56,645.5,645.5,645.5,645.5,182
2026-08-26 14:11:56,645.5,645.9,645.3,645.9,149
2026-08-26 14:12:58,645.9,645.9,645.8,645.8,422
2026-08-26 14:13:55,645.9,645.9,645.8,645.9,192
2026-08-26 14:14:56,645.8,645.9,645.8,645.9,170
2026-08-26 14:15:59,646,646,645.75,645.75,1167
2026-08-26 14:16:56,645.45,645.85,645.45,645.8,313
2026-08-26 14:17:58,645.85,645.85,645.25,645.25,288
2026-08-26 14:18:55,645.25,645.5,645.25,645.5,106
2026-08-26 14:19:58,645.5,645.5,645.05,645.05,960
2026-08-26 14:20:56,645.15,645.5,645.15,645.5,18
2026-08-26 14:21:57,645.15,645.5,645.15,645.5,56
2026-08-26 14:22:49,645.2,645.5,645.15,645.15,90
2026-08-26 14:23:55,645.2,645.5,645.15,645.5,563
2026-08-26 14:24:59,645.1,645.5,645.05,645.1,723
2026-08-26 14:25:59,645.15,645.15,645,645.15,653
2026-08-26 14:26:59,645,645.15,644.75,645,1887
2026-08-26 14:27:58,645,645.35,645,645.35,90
2026-08-26 14:28:54,645,645.35,645,645,44
2026-08-26 14:29:57,645.25,645.35,645,645.35,236
2026-08-26 14:30:58,645.35,645.5,645.05,645.5,427
2026-08-26 14:31:56,645.5,645.5,645.35,645.5,454
2026-08-26 14:32:58,645.5,645.5,645.35,645.5,254
2026-08-26 14:33:56,645.35,645.5,645.35,645.5,139
2026-08-26 14:34:58,645.5,645.5,645.45,645.45,298
2026-08-26 14:35:58,645.85,645.85,645.35,645.5,216
2026-08-26 14:36:58,645.5,645.5,645.4,645.5,66
2026-08-26 14:37:58,645.4,645.7,645.4,645.7,141
2026-08-26 14:38:58,645.7,645.7,645.4,645.4,545
2026-08-26 14:39:58,645.4,646.5,645.4,646.5,3311
2026-08-26 14:40:54,646.5,646.85,646.5,646.55,3574
2026-08-26 14:41:55,646.5,646.5,646.4,646.4,671
2026-08-26 14:42:58,646.5,646.5,646.15,646.15,142
2026-08-26 14:43:58,646.45,646.45,646.15,646.2,540
2026-08-26 14:44:59,646.2,646.5,646.2,646.2,186
2026-08-26 14:45:59,646.5,647.1,646.5,647.1,4601
2026-08-26 14:46:56,646.8,646.85,646.55,646.55,539
2026-08-26 14:47:59,646.8,646.8,646.7,646.7,30
2026-08-26 14:48:57,646.7,646.7,646.2,646.4,828
2026-08-26 14:49:49,646.7,646.8,646.55,646.8,2790
2026-08-26 14:50:54,646.9,647,646.6,646.6,867
2026-08-26 14:51:55,646.6,646.65,646.4,646.65,172
2026-08-26 14:52:56,646.4,646.75,646.4,646.75,1199
2026-08-26 14:53:57,646.45,646.85,646.45,646.85,138
2026-08-26 14:54:55,646.85,647,646.6,646.65,2716
2026-08-26 14:55:53,647,648,646.95,647.7,843
2026-08-26 14:56:55,647.95,648.25,647.5,647.5,1710
2026-08-26 14:57:54,647.7,647.85,647.5,647.55,625
2026-08-26 14:58:55,647.65,647.95,647.65,647.95,528
2026-08-26 14:59:59,647.7,647.9,647.7,647.9,447
2026-08-26 15:00:57,647.9,648,647.8,648,5261
2026-08-26 15:01:53,648,648.25,647.9,648.1,2079
2026-08-26 15:02:59,648.35,649.6,648.35,649.3,3850
2026-08-26 15:03:58,649.45,649.45,648.55,649.1,3544
2026-08-26 15:04:59,648.45,648.95,640.1,645.35,58370
2026-08-26 15:05:58,645.5,645.9,645.3,645.85,4543
2026-08-26 15:06:55,645.6,646.05,645.55,645.75,4077
2026-08-26 15:07:59,645.45,645.95,645.45,645.9,3083
2026-08-26 15:08:55,645.7,645.9,645.5,645.75,1710
2026-08-26 15:09:56,645.8,645.8,644.45,645.15,16344
2026-08-26 15:10:56,644.95,644.95,644.15,644.15,2236
2026-08-26 15:11:57,644.5,644.7,644.45,644.5,2935
2026-08-26 15:12:56,643.35,643.35,642.15,642.6,7454
2026-08-26 15:13:58,643.35,643.35,642.55,643.05,1606
2026-08-26 15:14:58,643.05,643.7,643,643.55,1035
2026-08-26 15:15:55,643.05,643.5,643.05,643.2,1446
2026-08-26 15:16:57,643.3,643.3,643.2,643.3,610
2026-08-26 15:17:59,643.4,643.4,643,643,953
2026-08-26 15:18:59,643,643,642,642.05,2068
2026-08-26 15:19:59,641.75,642.85,641.7,642.2,4085
2026-08-26 15:20:57,642.2,642.9,642,642.9,2056
2026-08-26 15:21:54,642.9,642.95,642.55,642.9,1780
2026-08-26 15:22:53,642.7,642.7,642.25,642.25,972
2026-08-26 15:23:58,642.25,642.65,642.25,642.45,142
2026-08-26 15:24:54,642.45,642.45,642.25,642.25,678
2026-08-26 15:25:59,642.45,642.45,641.7,642.35,6993
2026-08-26 15:26:56,641.6,641.6,639.35,640.7,25816
2026-08-26 15:27:59,640.25,640.9,640.25,640.6,4136
2026-08-26 15:28:57,640.85,642,640.85,642,6030
2026-08-26 15:29:58,642,643,641,641.5,1568
2026-08-26 15:30:59,643.5,643.7,643.5,643.7,1007
2026-08-27 09:07:04,643,643,643,643,2585
2026-08-27 09:15:57,644,644.2,643.15,643.6,4199
2026-08-27 09:16:56,642.35,642.7,641.5,641.5,13506
2026-08-27 09:17:53,641.25,641.45,640.15,641.45,11521
2026-08-27 09:18:56,641.35,641.85,641.35,641.45,3097
2026-08-27 09:19:59,640.5,640.85,640,640.85,7874
2026-08-27 09:20:51,641,641.35,641,641.35,4095
2026-08-27 09:21:59,641.55,641.95,641.25,641.25,5325
2026-08-27 09:22:56,641.05,641.35,640.7,640.8,6374
2026-08-27 09:23:55,640.8,641.15,640.65,640.75,3652
2026-08-27 09:24:52,641,641.6,641,641.15,2175
2026-08-27 09:25:56,641.15,641.7,641.15,641.7,4502
2026-08-27 09:26:53,641.45,641.7,641.4,641.5,1443
2026-08-27 09:27:57,641.5,641.5,640.2,640.5,4723
2026-08-27 09:28:53,641,641,640.55,640.6,4907
2026-08-27 09:29:56,640.6,641.25,640.6,640.85,1506
2026-08-27 09:30:59,640.55,642.6,640.55,642,7892
2026-08-27 09:31:54,643.15,643.25,642.35,642.8,3777
2026-08-27 09:32:56,642.8,643,642.45,642.45,8779
2026-08-27 09:33:55,642.45,642.45,641.65,641.65,1669
2026-08-27 09:34:55,641.65,641.95,641.65,641.95,434
2026-08-27 09:35:55,641.2,642,641.2,641.7,1731
2026-08-27 09:36:54,642.1,642.95,642.05,642.4,3027
2026-08-27 09:37:59,642.75,642.75,642,642.2,3859
2026-08-27 09:38:56,642.35,642.7,642.25,642.3,793
2026-08-27 09:39:53,642.25,642.5,642.25,642.3,614
2026-08-27 09:40:57,642.4,643.85,642.35,643.35,2245
2026-08-27 09:41:56,643.4,643.4,642.95,643.35,1726
2026-08-27 09:42:59,643,643,642.5,642.5,2003
2026-08-27 09:43:55,642.5,642.5,642.35,642.35,1810
2026-08-27 09:44:59,642.5,642.75,641.55,642.6,9751
2026-08-27 09:45:57,642.35,642.5,641.85,642,1857
2026-08-27 09:46:56,641.85,642,641.85,642,1180
2026-08-27 09:47:53,642,642.3,641.95,642.3,660
2026-08-27 09:48:56,642.45,642.65,642.25,642.3,704
2026-08-27 09:49:57,642.55,642.65,642.3,642.6,1488
2026-08-27 09:50:58,642.6,642.9,642.6,642.8,1635
2026-08-27 09:51:53,642.45,642.75,642.4,642.5,1834
2026-08-27 09:52:54,644.1,644.4,643,643.05,4254
2026-08-27 09:53:53,643,643,642.5,642.75,3499
2026-08-27 09:54:56,643,643.05,642.2,642.2,699
2026-08-27 09:55:59,642.05,642.05,640.55,641.55,12316
2026-08-27 09:56:53,641.5,642,641.45,642,572
2026-08-27 09:57:53,642.1,642.3,641.5,642.3,859
2026-08-27 09:58:54,641.9,641.9,641.35,641.35,1037
2026-08-27 09:59:55,641.7,641.7,641.35,641.35,1347
2026-08-27 10:00:55,641.65,641.65,641.35,641.35,1262
2026-08-27 10:01:54,641.35,641.35,641,641,3390
2026-08-27 10:02:59,641.35,641.35,641,641,719
2026-08-27 10:03:58,640.85,640.9,640.8,640.9,411
2026-08-27 10:04:55,640.85,641.3,640.85,641.2,1415
2026-08-27 10:05:58,640.9,641.2,640.8,640.8,711
2026-08-27 10:06:55,640.95,640.95,639.75,640,8234
2026-08-27 10:07:54,640,640.4,639.95,640.05,698
2026-08-27 10:08:57,640,640.4,640,640.4,360
2026-08-27 10:09:59,640.15,640.5,640.05,640.45,715
2026-08-27 10:10:55,640.15,640.8,640.15,640.35,847
2026-08-27 10:11:57,640.4,640.95,640.4,640.45,749
2026-08-27 10:12:58,640.45,640.95,640.05,640.3,2856
2026-08-27 10:13:57,640.1,640.45,640,640.4,1132
2026-08-27 10:14:57,640,640.15,639.6,639.6,976
2026-08-27 10:15:54,639.6,639.6,639.2,639.3,974
2026-08-27 10:16:59,639.3,639.6,639.3,639.6,663
2026-08-27 10:17:59,639.7,639.7,639.3,639.3,1882
2026-08-27 10:18:58,639.3,639.35,639.3,639.3,860
2026-08-27 10:19:57,639.75,639.9,639.35,639.65,2253
2026-08-27 10:20:56,639.9,640.6,639.65,639.65,3579
2026-08-27 10:21:54,639.5,639.9,639.45,639.8,395
2026-08-27 10:22:58,639.55,639.95,639.5,639.5,3288
2026-08-27 10:23:56,639.55,640.3,639.55,640.05,907
2026-08-27 10:24:56,640.1,640.3,639.9,640,744
2026-08-27 10:25:56,640.25,640.25,639.8,640.2,602
2026-08-27 10:26:54,639.8,640.3,639.8,639.9,323
2026-08-27 10:27:58,639.85,640.35,639.85,639.95,377
2026-08-27 10:28:56,640,640.5,640,640.3,535
2026-08-27 10:29:54,640,640.3,640,640.3,162
2026-08-27 10:30:59,640.35,640.5,640,640.1,3957
2026-08-27 10:31:58,640.05,640.45,640,640,639
2026-08-27 10:32:57,640,640.05,640,640,166
2026-08-27 10:33:59,640,640.65,640,640.65,677
2026-08-27 10:34:54,640.6,642,640.4,641.9,3224
2026-08-27 10:35:58,641.65,642,640.95,640.95,4202
2026-08-27 10:36:55,640.95,641.15,640.6,641.15,500
2026-08-27 10:37:57,641.35,641.45,640.8,640.8,700
2026-08-27 10:38:58,640.75,641.25,640.75,640.95,240
2026-08-27 10:39:55,641.25,641.25,640.65,640.65,159
2026-08-27 10:40:56,640.7,641,640.35,640.35,279
2026-08-27 10:41:56,640.3,640.7,640.1,640.1,767
2026-08-27 10:42:55,640.6,640.85,640.5,640.6,1052
2026-08-27 10:43:55,640.6,640.95,640.2,640.2,644
2026-08-27 10:44:59,640.15,640.55,640.15,640.5,515
2026-08-27 10:45:59,640.2,640.2,640.05,640.05,420
2026-08-27 10:46:55,640.05,640.15,640.05,640.15,1116
2026-08-27 10:47:56,640.5,640.5,640.05,640.05,645
2026-08-27 10:48:58,640.05,640.05,639.55,639.7,2770
2026-08-27 10:49:59,639.6,640,639.6,640,1374
2026-08-27 10:50:59,640,640,639.75,639.9,226
2026-08-27 10:51:59,639.9,639.95,639.5,639.5,1088
2026-08-27 10:52:58,639.5,639.95,639.5,639.55,457
2026-08-27 10:53:58,639.55,639.95,639.55,639.6,482
2026-08-27 10:54:58,639.55,640.25,639.55,640,1151
2026-08-27 10:55:59,640.3,640.3,639.6,639.65,649
2026-08-27 10:56:58,639.65,640.45,639.65,640.05,1791
2026-08-27 10:57:57,639.65,639.9,639.65,639.9,541
2026-08-27 10:58:55,639.55,639.6,639.2,639.2,4773
2026-08-27 10:59:58,639.3,639.9,639.3,639.4,468
2026-08-27 11:00:59,639.4,639.95,639.4,639.95,743
2026-08-27 11:01:58,640,640,639.6,639.75,527
2026-08-27 11:02:58,640.1,641.9,640.1,641.9,2677
2026-08-27 11:03:57,641.8,642.4,641.45,642.25,1950
2026-08-27 11:04:55,642.15,642.3,641.95,641.95,1721
2026-08-27 11:05:59,641.95,642.4,641.9,642.05,527
2026-08-27 11:06:57,642.05,642.4,642,642,193
2026-08-27 11:07:59,642,642,641.9,641.9,422
2026-08-27 11:08:56,641.85,642.9,641.85,642.3,7371
2026-08-27 11:09:59,642.4,644.85,642.4,644.35,12713
2026-08-27 11:10:56,644.65,644.75,644.1,644.5,3418
2026-08-27 11:11:58,644.05,644.7,643.6,644.65,6271
2026-08-27 11:12:58,644.25,645.35,644.25,644.85,9061
2026-08-27 11:13:58,645.15,646,645.15,645.95,8251
2026-08-27 11:14:57,645.6,646,644.4,644.4,6247
2026-08-27 11:15:56,644.3,644.55,644.05,644.05,796
2026-08-27 11:16:57,644.05,644.05,643.45,643.45,860
2026-08-27 11:17:55,643.45,643.85,643.3,643.3,1574
2026-08-27 11:18:58,643.3,643.3,642.65,643.25,1505
2026-08-27 11:19:56,644,644,643.5,643.5,7144
2026-08-27 11:20:55,643.5,643.75,643.4,643.45,667
2026-08-27 11:21:59,643.7,644.65,643.7,644.1,5502
2026-08-27 11:22:57,644.15,644.5,644.1,644.1,1111
2026-08-27 11:23:55,644.1,644.6,644.05,644.1,1456
2026-08-27 11:24:58,644.2,644.5,644.15,644.15,454
2026-08-27 11:25:56,643.5,643.5,643.45,643.45,2132
2026-08-27 11:26:58,643.5,643.85,643.4,643.4,538
2026-08-27 11:27:58,643.4,643.4,642.65,642.95,1773
2026-08-27 11:28:58,642.95,643.5,642.8,643.5,592
2026-08-27 11:29:54,643.2,643.5,643.05,643.2,474
2026-08-27 11:30:50,643.2,643.3,642.95,643.3,1043
2026-08-27 11:31:57,643.2,643.5,643.05,643.2,569
2026-08-27 11:32:56,643.2,643.6,643.2,643.6,660
2026-08-27 11:33:57,643.65,644.1,643.65,644.1,1605
2026-08-27 11:34:55,644.1,644.1,643.1,643.3,1658
2026-08-27 11:35:57,643.3,643.65,643.3,643.4,501
2026-08-27 11:36:58,643.4,643.4,643.35,643.35,151
2026-08-27 11:37:53,643.2,643.35,643,643.35,761
2026-08-27 11:38:55,643,643.75,643,643.75,940
2026-08-27 11:39:55,643.5,643.5,643.5,643.5,243
2026-08-27 11:40:59,643.45,643.85,643.45,643.85,310
2026-08-27 11:41:59,643.85,643.85,643.3,643.55,912
2026-08-27 11:42:50,643.55,643.75,643.4,643.45,130
2026-08-27 11:43:56,643.4,643.65,643.4,643.4,619
2026-08-27 11:44:59,643.4,643.4,643.05,643.1,482
2026-08-27 11:45:56,643.05,643.05,643.05,643.05,1656
2026-08-27 11:46:52,643.05,643.05,643,643,369
2026-08-27 11:47:55,643,643.25,642.15,642.15,10496
2026-08-27 11:48:58,642.45,643,642.4,642.65,4389
2026-08-27 11:49:58,642.65,642.65,642.5,642.6,920
2026-08-27 11:50:59,642.65,642.9,642.65,642.7,243
2026-08-27 11:51:55,642.65,642.65,642.65,642.65,213
2026-08-27 11:52:56,642.65,642.65,642.55,642.6,307
2026-08-27 11:53:59,642.95,643.35,642.6,643,640
2026-08-27 11:54:57,643.05,643.05,643,643,601
2026-08-27 11:55:59,643,643.2,642.9,643.15,189
2026-08-27 11:56:54,642.9,643.15,642.85,642.95,339
2026-08-27 11:57:55,642.95,643.25,642.9,643.25,392
2026-08-27 11:58:56,642.95,643.9,642.95,643.9,2592
2026-08-27 11:59:57,643.8,643.9,643.75,643.75,632
2026-08-27 12:00:59,643.75,644.1,643.65,644,1771
2026-08-27 12:01:59,644.1,644.1,643.5,643.95,1765
2026-08-27 12:02:57,644,644.2,643.7,643.7,338
2026-08-27 12:03:56,643.5,644.45,643.5,644.45,541
2026-08-27 12:04:59,644.7,644.7,644.1,644.25,463
2026-08-27 12:05:59,644.25,644.75,644.1,644.3,6958
2026-08-27 12:06:57,644.25,645.35,644.25,644.9,1981
2026-08-27 12:07:56,644.95,645.1,644.95,645,1894
2026-08-27 12:08:58,645,645,644.5,644.5,673
2026-08-27 12:09:58,644.5,644.5,644.05,644.05,858
2026-08-27 12:10:57,644.15,644.15,644,644.1,748
2026-08-27 12:11:55,644.1,644.35,644.1,644.1,309
2026-08-27 12:12:59,644.1,644.5,644.1,644.45,1043
2026-08-27 12:13:54,644.45,644.7,644.25,644.5,560
2026-08-27 12:14:56,644.5,644.75,644.45,644.5,706
2026-08-27 12:15:59,644.75,644.75,644.5,644.5,277
2026-08-27 12:16:56,644.5,644.5,644.1,644.15,828
2026-08-27 12:17:55,644.15,644.65,644.15,644.5,726
2026-08-27 12:18:57,644.5,644.7,644.5,644.5,269
2026-08-27 12:19:59,644.25,644.6,644.25,644.3,735
2026-08-27 12:20:56,644.3,644.55,643.6,643.6,2330
2026-08-27 12:21:58,643.65,644.5,643.65,644.05,1736
2026-08-27 12:22:57,643.9,644.05,643.45,643.6,3038
2026-08-27 12:23:57,643.65,643.9,643.45,643.45,2935
2026-08-27 12:24:58,643.55,643.85,643.5,643.55,252
2026-08-27 12:25:58,643.55,643.55,643.1,643.1,2303
2026-08-27 12:26:55,643.45,643.45,643.1,643.1,176
2026-08-27 12:27:58,643.1,643.1,643.05,643.05,151
2026-08-27 12:28:56,643.05,643.45,643,643.2,569
2026-08-27 12:29:56,643.2,643.2,643.1,643.15,1665
2026-08-27 12:30:58,643.15,643.8,643.05,643.05,1068
2026-08-27 12:31:56,643,643.3,643,643,872
2026-08-27 12:32:58,643.25,643.25,643,643,1160
2026-08-27 12:33:59,643,643,642.5,642.5,3623
2026-08-27 12:34:56,642.5,643.3,642.5,642.75,1041
2026-08-27 12:35:58,642.75,642.75,642.65,642.65,183
2026-08-27 12:36:55,643.05,643.05,642.5,642.5,1243
2026-08-27 12:37:55,642.5,642.95,642.5,642.7,3440
2026-08-27 12:38:57,642.65,642.65,642.65,642.65,378
2026-08-27 12:39:56,642.7,642.75,642.7,642.75,325
2026-08-27 12:40:59,643.25,643.25,642.8,643,395
2026-08-27 12:41:55,643.2,643.35,643,643,358
2026-08-27 12:42:59,643.3,643.3,643,643,180
2026-08-27 12:43:57,643,643.05,643,643.05,130
2026-08-27 12:44:56,643.05,643.35,643.05,643.05,192
2026-08-27 12:45:59,643.05,643.4,643.05,643.05,345
2026-08-27 12:46:59,643.05,643.45,643.05,643.45,280
2026-08-27 12:47:59,643.05,643.4,643.05,643.4,323
2026-08-27 12:48:58,643.4,643.5,643.3,643.35,214
2026-08-27 12:49:55,643.35,643.75,643.3,643.3,359
2026-08-27 12:50:59,643.4,643.85,643.4,643.85,250
2026-08-27 12:51:55,643.8,643.85,643.55,643.55,308
2026-08-27 12:52:56,643.8,644.25,643.45,643.45,3898
2026-08-27 12:53:58,643.3,643.35,643.15,643.3,737
2026-08-27 12:54:56,643.3,643.5,643.25,643.45,345
2026-08-27 12:55:59,643.45,643.55,643.05,643.2,1236
2026-08-27 12:56:59,643.25,643.45,643.05,643.1,295
2026-08-27 12:57:56,643.1,643.55,643.05,643.05,362
2026-08-27 12:58:57,643.1,643.3,643.1,643.15,528
2026-08-27 12:59:58,643.1,643.1,642.75,643,1787
2026-08-27 13:00:59,643.1,643.1,642.05,642.15,7276
2026-08-27 13:01:56,642.15,642.55,641.6,641.85,358
2026-08-27 13:02:56,641.6,641.75,641.45,641.5,841
2026-08-27 13:03:57,641.5,641.65,641.5,641.5,386
2026-08-27 13:04:59,641.55,642,641.5,641.95,1173
2026-08-27 13:05:55,641.6,641.95,641.6,641.7,266
2026-08-27 13:06:56,641.55,642,641.55,641.8,488
2026-08-27 13:07:57,641.9,642.45,641.9,642.15,1085
2026-08-27 13:08:58,642.15,642.2,641.85,641.85,193
2026-08-27 13:09:58,641.8,642.3,641.8,642,253
2026-08-27 13:10:57,642,642.1,641.95,641.95,194
2026-08-27 13:11:57,641.9,642.25,641.9,642.05,177
2026-08-27 13:12:57,641.9,642.2,641.9,641.95,297
2026-08-27 13:13:59,642,642.25,641.95,642.25,228
2026-08-27 13:14:55,641.95,642.25,641.6,641.75,2151
2026-08-27 13:15:58,641.6,642.6,641.6,642.15,3232
2026-08-27 13:16:59,641.8,641.95,641.55,641.55,165
2026-08-27 13:17:59,641.7,641.7,641.35,641.35,862
2026-08-27 13:18:55,641.35,641.7,641.35,641.7,223
2026-08-27 13:19:58,641.8,642.1,641.8,642.05,376
2026-08-27 13:20:55,642,642.4,642,642.15,752
2026-08-27 13:21:56,642.15,642.3,642.1,642.25,165
2026-08-27 13:22:59,642.3,642.3,642.25,642.3,470
2026-08-27 13:23:55,641.85,642.15,641.7,641.85,2493
2026-08-27 13:24:57,641.55,642.25,641.5,641.75,442
2026-08-27 13:25:58,641.7,641.95,641.7,641.7,194
2026-08-27 13:26:55,642.1,642.1,641.7,642.05,203
2026-08-27 13:27:57,642,642.1,641.8,641.8,190
2026-08-27 13:28:59,641.8,641.85,641.8,641.85,145
2026-08-27 13:29:56,641.85,641.85,641.5,641.6,214
2026-08-27 13:30:59,641.5,641.8,641.5,641.7,187
2026-08-27 13:31:59,641.55,641.55,640.65,640.7,2423
2026-08-27 13:32:59,640.6,641.05,640.6,640.7,596
2026-08-27 13:33:58,640.75,641.15,640.7,641,221
2026-08-27 13:34:56,640.85,641.2,640.85,641,1126
2026-08-27 13:35:59,641.2,641.2,641,641.1,516
2026-08-27 13:36:56,641.05,641.2,641.05,641.15,551
2026-08-27 13:37:58,641.2,641.2,641.1,641.15,205
2026-08-27 13:38:55,641.25,641.5,641.25,641.35,339
2026-08-27 13:39:55,641.25,641.5,641.25,641.25,346
2026-08-27 13:40:55,641.25,641.8,641.25,641.6,358
2026-08-27 13:41:56,641.5,641.6,641.3,641.45,957
2026-08-27 13:42:57,641,641.35,640.85,640.9,1221
2026-08-27 13:43:54,640.8,641.1,640.8,641,515
2026-08-27 13:44:56,641.05,641.2,640.65,640.75,438
2026-08-27 13:45:59,640.65,640.85,640.4,640.5,251
2026-08-27 13:46:54,640.35,640.6,640.35,640.55,291
2026-08-27 13:47:58,640.8,640.9,640.7,640.7,1428
2026-08-27 13:48:54,640.55,640.7,640.4,640.45,396
2026-08-27 13:49:55,640.5,640.65,640.1,640.25,1004
2026-08-27 13:50:55,640.25,640.4,640.15,640.4,425
2026-08-27 13:51:58,640.25,640.7,640.25,640.25,305
2026-08-27 13:52:59,640.25,640.55,640.2,640.55,194
2026-08-27 13:53:57,640.2,640.2,640,640.05,1268
2026-08-27 13:54:59,640.05,640.45,640.05,640.25,314
2026-08-27 13:55:58,640.3,640.55,640.15,640.55,218
2026-08-27 13:56:57,640.45,640.45,640.15,640.25,188
2026-08-27 13:57:56,640.55,640.55,640.2,640.35,151
2026-08-27 13:58:54,640.35,640.55,640.3,640.35,425
2026-08-27 13:59:58,640.55,640.55,640.2,640.35,277
2026-08-27 14:00:58,640.35,640.55,640.3,640.35,1341
2026-08-27 14:01:56,640.35,640.55,640.2,640.2,407
2026-08-27 14:02:56,640.2,640.4,640.05,640.3,433
2026-08-27 14:03:59,640.1,640.5,640.1,640.25,290
2026-08-27 14:04:58,640.05,640.55,640.05,640.55,467
2026-08-27 14:05:57,640.3,640.55,640.3,640.45,165
2026-08-27 14:06:57,640.45,640.55,640.45,640.55,162
2026-08-27 14:07:58,640.55,640.75,640.5,640.7,279
2026-08-27 14:08:54,640.75,640.9,640.75,640.9,2594
2026-08-27 14:09:59,640.95,640.95,640.6,640.65,246
2026-08-27 14:10:59,640.95,640.95,640.65,640.9,241
2026-08-27 14:11:59,641,641.45,641,641,417
2026-08-27 14:12:57,641,641.15,640.7,640.8,431
2026-08-27 14:13:56,640.8,641.15,640.75,640.75,251
2026-08-27 14:14:56,640.7,641,640.7,640.8,264
2026-08-27 14:15:56,640.75,640.75,640,640.5,2573
2026-08-27 14:16:58,640.15,640.5,640.1,640.1,155
2026-08-27 14:17:56,640.05,640.4,640,640.15,3431
2026-08-27 14:18:56,640,640.3,639.95,640,1284
2026-08-27 14:19:57,640,640.35,639.95,640,1304
2026-08-27 14:20:55,640,640.2,640,640.1,287
2026-08-27 14:21:55,640.05,640.5,640,640.45,779
2026-08-27 14:22:56,640.35,640.5,640,640,785
2026-08-27 14:23:56,640,640.45,640,640.35,159
2026-08-27 14:24:58,640.2,640.2,640,640.05,286
2026-08-27 14:25:59,640,640,639.65,639.65,1516
2026-08-27 14:26:55,639.65,640,639.6,639.85,158
2026-08-27 14:27:55,639.8,639.95,639.8,639.8,264
2026-08-27 14:28:55,639.65,639.65,639.05,639.35,2436
2026-08-27 14:29:59,639.35,639.8,639.35,639.55,480
2026-08-27 14:30:58,640.4,640.45,640,640,574
2026-08-27 14:31:58,640.15,640.15,639.6,639.85,189
2026-08-27 14:32:59,639.9,639.9,639.7,639.7,608
2026-08-27 14:33:58,639.65,639.9,639.6,639.65,196
2026-08-27 14:34:54,639.65,639.9,639.45,639.6,254
2026-08-27 14:35:56,639.75,640,639.45,639.55,405
2026-08-27 14:36:58,639.8,640.1,639.55,640.05,577
2026-08-27 14:37:54,640.05,640.55,639.95,640.5,1163
2026-08-27 14:38:57,640.75,640.75,640.1,640.15,404
2026-08-27 14:39:58,640.25,640.5,640.15,640.25,1020
2026-08-27 14:40:59,640.45,641.4,640.45,641.4,3770
2026-08-27 14:41:56,641,641.5,641,641.35,763
2026-08-27 14:42:58,641.5,641.6,641.35,641.6,1254
2026-08-27 14:43:56,641.35,641.6,641.25,641.45,249
2026-08-27 14:44:54,641.6,641.85,641.5,641.6,351
2026-08-27 14:45:58,641.75,642,641.5,641.9,842
2026-08-27 14:46:56,642.15,643.85,642.1,643.85,6717
2026-08-27 14:47:59,643.75,644.3,643.45,644,10394
2026-08-27 14:48:58,644,644,643.6,643.6,3294
2026-08-27 14:49:57,643.9,644.7,643.9,644.45,13242
2026-08-27 14:50:58,644.7,644.75,643.85,644,14189
2026-08-27 14:51:53,643.9,644,643.1,643.5,3675
2026-08-27 14:52:54,643.3,643.85,643.25,643.8,4233
2026-08-27 14:53:59,643.7,643.95,643.1,643.75,3304
2026-08-27 14:54:58,643.4,644,643.4,643.95,5962
2026-08-27 14:55:55,644.4,644.8,644.4,644.8,3085
2026-08-27 14:56:53,644.8,644.8,644.1,644.1,6575
2026-08-27 14:57:59,644.4,644.5,643.6,643.8,2861
2026-08-27 14:58:59,643.75,643.75,643.55,643.65,1721
2026-08-27 14:59:58,643.75,644.1,643.45,644.1,2903
2026-08-27 15:00:56,643.85,644.35,643.75,644.35,2709
2026-08-27 15:01:59,644.5,644.9,644.5,644.8,8714
2026-08-27 15:02:59,644.55,644.8,644.15,644.75,8060
2026-08-27 15:03:56,644.65,644.75,644.3,644.65,2904
2026-08-27 15:04:56,644.5,644.65,644.1,644.2,3596
2026-08-27 15:05:57,643.85,644.35,643.85,643.85,6175
2026-08-27 15:06:53,643.85,644.35,643.85,644.25,2271
2026-08-27 15:07:57,644.5,644.5,644,644,5369
2026-08-27 15:08:59,644.15,644.45,644,644.35,2449
2026-08-27 15:09:55,644.4,644.5,644.15,644.35,1763
2026-08-27 15:10:52,644.4,644.5,644.05,644.05,3110
2026-08-27 15:11:56,644.55,645.85,644.5,645.85,25084
2026-08-27 15:12:54,645.95,646.5,644.8,646.4,10464
2026-08-27 15:13:55,646.45,646.45,645.55,645.55,2864
2026-08-27 15:14:54,645.5,646.35,645.5,645.5,5185
2026-08-27 15:15:57,646,646,645.7,645.95,3362
2026-08-27 15:16:59,645.95,645.95,645.6,645.9,1364
2026-08-27 15:17:54,645.9,645.9,645.6,645.6,2357
2026-08-27 15:18:55,645.6,645.9,645.5,645.6,2002
2026-08-27 15:19:59,645.6,646,645.6,646,2733
2026-08-27 15:20:56,646.25,646.3,645.95,645.95,3227
2026-08-27 15:21:58,646,646,645.7,645.75,1804
2026-08-27 15:22:58,646,646,645.65,645.85,1917
2026-08-27 15:23:58,646,646.3,645.55,646.2,2472
2026-08-27 15:24:55,646,647.15,646,646.4,13611
2026-08-27 15:25:54,646.65,647.25,646.05,646.75,7495
2026-08-27 15:26:55,646.7,646.85,646.2,646.6,1220
2026-08-27 15:27:55,646.9,647,646.65,646.8,3418
2026-08-27 15:28:58,646.65,646.8,646.55,646.55,1924
2026-08-27 15:29:57,646.7,646.7,645.05,645.05,2250
2026-08-28 09:07:10,644,644,644,644,1055
2026-08-28 09:15:59,644,645.15,642.15,643.8,4341
2026-08-28 09:16:57,642.4,643.05,641.05,641.6,12312
2026-08-28 09:17:59,642.1,642.35,641.6,641.75,6302
2026-08-28 09:18:58,641.6,642,640.25,640.85,7930
2026-08-28 09:19:57,640.6,640.6,639.5,640.45,4111
2026-08-28 09:20:55,640,641.05,639.85,640.75,3695
2026-08-28 09:21:59,640.4,640.4,640,640.1,1736
2026-08-28 09:22:55,640.05,641,640.05,640.25,1907
2026-08-28 09:23:57,639.7,640.85,639.7,640.6,2673
2026-08-28 09:24:59,640.55,640.85,640.3,640.3,3262
2026-08-28 09:25:54,641,641.35,640.6,641.35,2311
2026-08-28 09:26:57,641.2,641.4,641,641.05,698
2026-08-28 09:27:59,641.35,641.85,641.35,641.85,443
2026-08-28 09:28:58,641.55,641.65,641,641.65,1299
2026-08-28 09:29:57,641.55,641.6,641.2,641.6,253
2026-08-28 09:30:55,641.3,641.75,641.3,641.3,878
2026-08-28 09:31:56,641.4,641.5,640.8,640.8,1925
2026-08-28 09:32:57,641.15,641.3,640.8,641.3,2189
2026-08-28 09:33:55,641.55,641.6,641.4,641.4,1005
2026-08-28 09:34:53,641.4,641.4,640.8,641.35,711
2026-08-28 09:35:57,641.25,641.25,640.65,640.8,780
2026-08-28 09:36:53,640.8,640.8,640.65,640.7,884
2026-08-28 09:37:58,640.7,640.85,640.4,640.85,1332
2026-08-28 09:38:54,640.45,640.9,640.45,640.9,225
2026-08-28 09:39:56,640.15,640.9,640.1,640.6,1274
2026-08-28 09:40:57,640.5,640.9,640.5,640.9,632
2026-08-28 09:41:53,640.8,641,640.8,641,530
2026-08-28 09:42:56,641.05,641.4,641.05,641.4,92
2026-08-28 09:43:53,641.4,641.7,641.4,641.5,585
2026-08-28 09:44:55,641.65,641.65,641.2,641.45,1546
2026-08-28 09:45:58,641.5,641.7,641.5,641.55,998
2026-08-28 09:46:40,641.55,641.7,641.3,641.7,168
2026-08-28 09:47:56,641.3,641.65,641.25,641.25,236
2026-08-28 09:48:57,641.2,641.6,641.2,641.3,623
2026-08-28 09:49:57,641.05,641.05,641.05,641.05,163
2026-08-28 09:50:59,641.05,641.5,641.05,641.1,1680
2026-08-28 09:51:59,641.5,641.5,641.2,641.45,359
2026-08-28 09:52:54,641,641.7,641,641.35,1036
2026-08-28 09:53:58,641.75,641.8,641.6,641.8,651
2026-08-28 09:54:56,641.8,642.1,641.6,641.6,3596
2026-08-28 09:55:59,641.5,641.5,641,641.5,2907
2026-08-28 09:56:57,641.05,641.25,640.75,640.75,1185
2026-08-28 09:57:56,641.4,641.4,641.05,641.05,329
2026-08-28 09:58:59,641.05,641.35,641,641.05,243
2026-08-28 09:59:55,641.55,641.95,641,641.95,1161
2026-08-28 10:00:57,641.8,641.8,641.15,641.6,653
2026-08-28 10:01:58,641.4,641.5,641.05,641.5,111
2026-08-28 10:02:58,641.45,641.8,641.15,641.8,798
2026-08-28 10:03:58,641.55,641.55,641.35,641.35,138
2026-08-28 10:04:57,641.35,641.35,641,641,578
2026-08-28 10:05:59,641,641.25,641,641.2,130
2026-08-28 10:06:54,641.2,641.2,641,641,23
2026-08-28 10:07:57,641,641.55,641,641.3,620
2026-08-28 10:08:54,641.75,641.75,641.5,641.5,234
2026-08-28 10:09:55,640.8,641.55,640.8,641.5,4317
2026-08-28 10:10:56,641.45,641.45,641.1,641.15,651
2026-08-28 10:11:49,641.25,641.5,641.15,641.15,220
2026-08-28 10:12:54,641.5,641.5,641.15,641.15,3
2026-08-28 10:13:55,641.05,641.4,641.05,641.4,294
2026-08-28 10:14:54,641.4,641.4,641.4,641.4,51
2026-08-28 10:15:54,641.3,641.5,641.3,641.5,17
2026-08-28 10:16:59,641.4,641.5,641.4,641.5,137
2026-08-28 10:17:55,641.5,641.5,641.5,641.5,100
2026-08-28 10:18:55,641.8,641.8,641.5,641.5,524
2026-08-28 10:19:56,641.3,641.5,641.3,641.5,67
2026-08-28 10:20:56,641.5,641.6,641.5,641.6,315
2026-08-28 10:21:59,641.5,641.5,641.3,641.3,344
2026-08-28 10:22:55,641.35,641.6,641.35,641.6,450
2026-08-28 10:23:55,641.5,641.75,641.2,641.25,1082
2026-08-28 10:24:56,641.15,641.15,641,641.15,2228
2026-08-28 10:25:54,640.8,641.2,640.8,641.2,6
2026-08-28 10:26:51,641.2,641.2,640.7,640.7,532
2026-08-28 10:27:58,641.2,641.2,640.75,640.75,154
2026-08-28 10:28:59,641,641,641,641,35
2026-08-28 10:29:59,641.45,641.45,640.8,641.4,521
2026-08-28 10:30:56,640.5,640.5,640.5,640.5,696
2026-08-28 10:31:48,640.5,640.95,640.5,640.95,784
2026-08-28 10:32:57,640.55,640.95,640.55,640.95,35
2026-08-28 10:33:56,641.1,641.1,640.6,641.05,273
2026-08-28 10:34:55,640.8,641.1,640.6,641,696
2026-08-28 10:35:57,640.85,640.85,640.55,640.55,916
2026-08-28 10:36:58,640.85,640.85,640.85,640.85,231
2026-08-28 10:37:59,640.85,640.85,640.65,640.85,844
2026-08-28 10:38:55,640.15,640.45,640.15,640.45,4100
2026-08-28 10:39:56,640.45,640.45,640,640,1271
2026-08-28 10:40:56,640.35,640.35,640.05,640.05,90
2026-08-28 10:41:56,640.1,640.1,640.1,640.1,382
2026-08-28 10:42:57,640.1,640.6,640.05,640.5,536
2026-08-28 10:43:57,640.1,640.6,640.1,640.6,196
2026-08-28 10:44:58,640.6,640.6,640.2,640.6,186
2026-08-28 10:45:58,640.6,640.6,640.6,640.6,6
2026-08-28 10:46:57,640.6,640.6,640.25,640.25,217
2026-08-28 10:47:57,640.6,641,640.6,641,583
2026-08-28 10:48:56,641,641,640.6,640.6,907
2026-08-28 10:49:51,640.8,640.8,640.8,640.8,1
2026-08-28 10:50:53,640.8,641.2,640.8,641.2,74
2026-08-28 10:51:56,640.8,641.3,640.8,641.1,574
2026-08-28 10:52:50,641.15,641.15,640.8,641.15,226
2026-08-28 10:53:58,641.2,641.2,641.15,641.15,110
2026-08-28 10:54:55,641.15,641.35,640.75,640.75,706
2026-08-28 10:55:56,640.75,640.95,640.7,640.7,37
2026-08-28 10:56:58,640.65,641,640.65,641,74
2026-08-28 10:57:52,641,641,641,641,43
2026-08-28 10:58:55,640.7,640.9,640.7,640.9,70
2026-08-28 10:59:58,640.6,640.95,640.6,640.65,204
2026-08-28 11:00:53,640.2,640.3,640.2,640.3,1965
2026-08-28 11:01:56,640.3,640.45,640.3,640.3,72
2026-08-28 11:02:59,640.5,640.5,640.35,640.5,112
2026-08-28 11:03:45,640.5,640.5,640.5,640.5,61
2026-08-28 11:04:58,640.25,640.25,640.1,640.1,831
2026-08-28 11:05:56,640.2,640.2,640.2,640.2,1
2026-08-28 11:06:54,640.5,640.5,640.2,640.2,653
2026-08-28 11:07:58,640.4,640.4,640.2,640.2,51
2026-08-28 11:08:55,640.2,640.4,640.2,640.4,137
2026-08-28 11:09:59,640.4,640.4,640.2,640.2,501
2026-08-28 11:10:58,640.2,640.35,640.2,640.35,31
2026-08-28 11:11:56,640.4,640.4,640.4,640.4,17
2026-08-28 11:12:49,640.4,640.5,640.4,640.45,330
2026-08-28 11:13:58,640.5,640.5,640.5,640.5,97
2026-08-28 11:14:55,640.5,640.5,640.5,640.5,9
2026-08-28 11:15:40,640.5,640.5,640.5,640.5,55
2026-08-28 11:16:59,640.45,640.5,640.45,640.5,2
2026-08-28 11:17:46,640.5,640.5,640.5,640.5,1
2026-08-28 11:18:39,640.5,640.5,640.5,640.5,35
2026-08-28 11:19:41,640.5,640.75,640.5,640.75,84
2026-08-28 11:20:59,640.75,640.75,640.5,640.5,24
2026-08-28 11:21:55,640.5,640.5,640.5,640.5,843
2026-08-28 11:22:52,640.65,640.65,640.2,640.2,135
2026-08-28 11:23:59,640.35,640.45,640.35,640.45,153
2026-08-28 11:24:47,640.2,640.2,640.2,640.2,38
2026-08-28 11:25:58,640.2,640.4,640.2,640.4,47
2026-08-28 11:26:56,640.1,640.1,640.05,640.05,1704
2026-08-28 11:27:55,640,640.15,640,640.1,982
2026-08-28 11:28:57,640.1,640.2,640,640,597
2026-08-28 11:29:59,640.3,640.3,640,640,149
2026-08-28 11:30:59,640,640,640,640,943
2026-08-28 11:31:59,640,640.35,640,640.35,223
2026-08-28 11:32:53,640.35,640.35,640.35,640.35,72
2026-08-28 11:33:57,640.35,640.35,639.7,639.9,6129
2026-08-28 11:34:58,639.7,639.7,639.7,639.7,550
2026-08-28 11:35:58,639.9,640.15,639.9,640.15,48
2026-08-28 11:36:44,639.9,640.1,639.9,640,131
2026-08-28 11:37:55,640,640.1,640,640.1,15
2026-08-28 11:38:57,640.1,640.1,640,640,46
2026-08-28 11:39:56,640.1,640.35,640.1,640.35,79
2026-08-28 11:40:59,640.1,640.3,640,640.3,642
2026-08-28 11:41:59,640,640.35,640,640.35,113
2026-08-28 11:42:58,640.35,640.4,639.8,639.8,3007
2026-08-28 11:43:56,639.85,639.85,639.8,639.8,348
2026-08-28 11:44:57,639.55,639.55,639.5,639.5,976
2026-08-28 11:45:59,639.6,639.6,639.25,639.45,1032
2026-08-28 11:46:59,639.45,639.6,639.45,639.55,244
2026-08-28 11:47:58,640,640,639.6,639.6,154
2026-08-28 11:48:58,639.6,639.6,639.6,639.6,66
2026-08-28 11:49:54,639.65,640,639.65,640,59
2026-08-28 11:50:56,639.7,640,639.7,640,251
2026-08-28 11:51:59,640.15,640.2,639.8,639.8,436
2026-08-28 11:52:55,639.8,639.8,639.7,639.8,463
2026-08-28 11:53:51,639.8,639.8,639.8,639.8,169
2026-08-28 11:54:57,639.9,639.9,639.6,639.6,531
2026-08-28 11:55:55,639.6,639.6,639.5,639.5,153
2026-08-28 11:56:53,639.6,639.6,639.2,639.2,507
2026-08-28 11:57:55,639.1,639.1,639.1,639.1,223
2026-08-28 11:58:56,639.1,639.45,639.1,639.45,54
2026-08-28 11:59:56,639.3,639.55,639.3,639.55,33
2026-08-28 12:00:53,639.55,639.55,639.55,639.55,1
2026-08-28 12:01:59,639.5,639.5,639,639.4,1963
2026-08-28 12:02:59,639.4,639.4,639.1,639.1,120
2026-08-28 12:03:51,639.45,639.45,639.15,639.45,49
2026-08-28 12:04:59,638.85,639.85,638.85,639.85,3842
2026-08-28 12:05:52,639.65,639.65,639.15,639.15,343
2026-08-28 12:06:43,639.5,639.5,639.5,639.5,203
2026-08-28 12:07:53,639.05,639.4,639,639.4,229
2026-08-28 12:08:55,639.1,639.4,639.1,639.1,24
2026-08-28 12:09:57,639.4,639.4,639,639,221
2026-08-28 12:10:59,639,639.25,639,639,117
2026-08-28 12:11:55,639,639.2,639,639,606
2026-08-28 12:12:50,639,639.05,639,639.05,580
2026-08-28 12:13:58,638.7,638.75,638,638.75,3781
2026-08-28 12:14:56,638.9,638.9,638.6,638.85,722
2026-08-28 12:15:58,638.65,638.65,638.15,638.55,939
2026-08-28 12:16:57,638.55,638.55,638.25,638.25,32
2026-08-28 12:17:59,638.55,639.4,638.55,639.4,1152
2026-08-28 12:18:57,638.7,639.2,638.7,639.2,367
2026-08-28 12:19:55,638.85,639,638.85,639,153
2026-08-28 12:20:56,639,639,639,639,1
2026-08-28 12:21:56,639.4,639.4,639.4,639.4,92
2026-08-28 12:22:58,639.4,639.4,639,639,232
2026-08-28 12:23:43,639,639,639,639,24
2026-08-28 12:25:59,638.85,638.85,638.85,638.85,500
2026-08-28 12:26:57,639.25,639.4,639.25,639.4,110
2026-08-28 12:27:57,639.1,639.4,639.1,639.4,116
2026-08-28 12:28:55,639.4,639.4,639.4,639.4,1
2026-08-28 12:29:59,639.45,639.5,639.15,639.5,115
2026-08-28 12:30:59,639.35,639.75,639.35,639.65,358
2026-08-28 12:31:54,639.35,639.8,639.3,639.7,344
2026-08-28 12:32:58,639.4,639.45,639.4,639.4,235
2026-08-28 12:33:58,639.4,639.45,639.4,639.45,55
2026-08-28 12:34:41,639.35,639.35,639.35,639.35,23
2026-08-28 12:35:55,639.45,639.65,639,639.25,255
2026-08-28 12:36:57,639,639.05,639,639.05,85
2026-08-28 12:37:56,639.4,639.4,639.1,639.1,100
2026-08-28 12:38:58,639.4,639.4,639.15,639.15,20
2026-08-28 12:39:57,639.2,639.4,639.1,639.4,304
2026-08-28 12:41:57,639.1,639.4,639.1,639.4,217
2026-08-28 12:43:56,639,639.2,639,639.2,351
2026-08-28 12:44:53,639.45,639.45,639,639,355
2026-08-28 12:45:58,639,639.45,639,639.45,75
2026-08-28 12:46:55,639.4,639.4,639.05,639.4,145
2026-08-28 12:47:52,639.4,639.4,639.4,639.4,208
2026-08-28 12:48:59,639.35,639.4,639.1,639.35,69
2026-08-28 12:49:55,639.1,639.4,639.1,639.4,555
2026-08-28 12:50:57,639.4,639.4,639,639,40
2026-08-28 12:51:59,639.4,639.4,639.4,639.4,70
2026-08-28 12:52:59,639.4,639.4,639,639,47
2026-08-28 12:53:56,639,639,639,639,242
2026-08-28 12:54:49,638.9,639,638.9,639,136
2026-08-28 12:55:58,639,639,638.9,639,14
2026-08-28 12:56:45,638.95,638.95,638.9,638.9,176
2026-08-28 12:57:57,638.85,638.85,638.8,638.85,910
2026-08-28 12:58:57,639.3,639.3,638.95,639.3,69
2026-08-28 12:59:59,639.1,639.1,638.95,638.95,520
2026-08-28 13:00:54,639.05,639.2,639,639.2,543
2026-08-28 13:01:56,639.05,639.45,639.05,639.45,309
2026-08-28 13:02:54,639.35,639.35,639.35,639.35,2
2026-08-28 13:03:53,639.35,639.35,639.3,639.3,15
2026-08-28 13:04:56,639.45,639.55,639,639.55,593
2026-08-28 13:05:46,639.5,639.6,639.5,639.6,208
2026-08-28 13:06:56,639.6,639.6,639,639,578
2026-08-28 13:07:53,639.5,639.55,639.2,639.55,28
2026-08-28 13:08:58,639.55,639.8,639.55,639.8,47
2026-08-28 13:09:55,639.65,639.75,639.35,639.75,158
2026-08-28 13:10:57,639.45,639.45,639.45,639.45,7
2026-08-28 13:11:50,639.45,639.45,639.45,639.45,50
2026-08-28 13:12:58,639.75,639.75,639.75,639.75,26
2026-08-28 13:13:56,639.5,639.9,639.5,639.5,316
2026-08-28 13:14:53,639.8,639.8,639.45,639.6,80
2026-08-28 13:15:57,639.45,639.7,639.3,639.7,123
2026-08-28 13:16:57,639.75,639.8,639.75,639.8,64
2026-08-28 13:17:58,639.8,639.8,639.75,639.75,2
2026-08-28 13:18:54,639.85,639.85,639.85,639.85,30
2026-08-28 13:19:52,640,640,639.7,639.7,502
2026-08-28 13:20:40,639.7,639.7,639.7,639.7,17
2026-08-28 13:21:59,639.4,639.85,639.35,639.85,390
2026-08-28 13:22:58,639.35,639.35,639.3,639.3,101
2026-08-28 13:23:57,639.4,639.85,639.4,639.85,150
2026-08-28 13:24:57,639.85,639.85,639.85,639.85,60
2026-08-28 13:25:59,639.85,639.85,639.3,639.3,520
2026-08-28 13:26:59,639.55,639.55,639.55,639.55,5
2026-08-28 13:27:53,639.55,640,639.55,640,47
2026-08-28 13:28:51,639.85,639.85,639.85,639.85,109
2026-08-28 13:29:57,639.85,639.85,639.45,639.55,85
2026-08-28 13:30:58,639.8,640,639.55,639.6,510
2026-08-28 13:31:58,639.6,639.6,639.55,639.55,140
2026-08-28 13:32:57,639.85,639.9,639.75,639.85,235
2026-08-28 13:33:58,640,640,640,640,54
2026-08-28 13:34:51,640,640.15,640,640,65
2026-08-28 13:35:59,640,640,640,640,206
2026-08-28 13:36:56,639.65,639.95,639.65,639.95,79
2026-08-28 13:37:58,640,640,640,640,55
2026-08-28 13:38:55,640,640,639.8,639.8,77
2026-08-28 13:39:58,639.95,640,639.95,639.95,502
2026-08-28 13:40:59,640.1,640.1,640.1,640.1,24
2026-08-28 13:41:56,639.85,639.85,639.85,639.85,51
2026-08-28 13:42:58,640,640,640,640,5
2026-08-28 13:43:56,639.85,640.1,639.85,639.85,242
2026-08-28 13:44:57,639.85,639.85,639.85,639.85,142
2026-08-28 13:45:58,639.85,640.05,639.85,640.05,101
2026-08-28 13:46:59,640.05,640.05,640.05,640.05,1
2026-08-28 13:47:58,640,640,640,640,52
2026-08-28 13:48:58,640,640,639.85,639.9,69
2026-08-28 13:49:58,639.9,639.9,639.55,639.85,1351
2026-08-28 13:50:55,639.85,640.1,639.85,640.1,550
2026-08-28 13:51:46,639.55,639.55,639.55,639.55,313
2026-08-28 13:52:59,639.55,639.55,639.55,639.55,13
2026-08-28 13:53:58,639.5,639.55,639.5,639.5,71
2026-08-28 13:56:53,639.5,639.5,639.5,639.5,1
2026-08-28 13:57:56,639.85,639.9,639.8,639.9,984
2026-08-28 13:58:55,639.85,639.85,639.85,639.85,1
2026-08-28 13:59:49,639.55,639.9,639.55,639.9,89
2026-08-28 14:00:45,639.85,639.85,639.55,639.85,23
2026-08-28 14:01:59,639.85,639.85,639.85,639.85,10
2026-08-28 14:02:55,639.8,639.8,639.55,639.55,51
2026-08-28 14:04:50,639.55,639.55,639.55,639.55,136
2026-08-28 14:05:53,639.55,639.9,639.5,639.9,1001
2026-08-28 14:06:55,639.85,639.85,639.85,639.85,234
2026-08-28 14:07:56,639.55,639.55,639.5,639.5,202
2026-08-28 14:08:53,639.4,639.8,639.4,639.4,181
2026-08-28 14:09:55,639.4,639.4,639.4,639.4,36
2026-08-28 14:10:58,639.75,639.8,639.4,639.4,124
2026-08-28 14:11:55,639.8,639.8,639.3,639.75,770
2026-08-28 14:12:53,639.7,639.7,639.3,639.3,121
2026-08-28 14:14:56,639.35,639.75,639.3,639.75,131
2026-08-28 14:15:48,639.35,639.35,639.35,639.35,48
2026-08-28 14:16:58,639.75,639.75,639.35,639.35,180
2026-08-28 14:17:55,639.35,639.35,639.35,639.35,261
2026-08-28 14:18:57,639.4,639.85,639.4,639.5,64
2026-08-28 14:19:59,639.85,639.85,639.85,639.85,212
2026-08-28 14:20:57,639.85,639.85,639.45,639.45,181
2026-08-28 14:21:54,639.4,639.85,639.4,639.85,74
2026-08-28 14:22:57,639.45,639.85,639.4,639.4,55
2026-08-28 14:23:56,639.8,639.85,639.8,639.85,111
2026-08-28 14:24:54,639.85,639.85,639.65,639.65,34
2026-08-28 14:25:58,639.85,640,639.85,640,481
2026-08-28 14:26:55,639.85,639.85,639.85,639.85,10
2026-08-28 14:27:53,639.85,639.85,639.5,639.55,214
2026-08-28 14:28:51,639.85,639.85,639.8,639.8,72
2026-08-28 14:29:58,639.4,639.8,639.4,639.8,65
2026-08-28 14:30:59,639.8,639.85,639.8,639.85,836
2026-08-28 14:31:57,640,640,639.4,639.4,439
2026-08-28 14:32:59,639.5,639.85,639.5,639.85,43
2026-08-28 14:33:55,639.8,639.85,639.5,639.85,111
2026-08-28 14:34:58,639.85,639.9,639.85,639.9,19
2026-08-28 14:35:52,639.9,639.9,639.55,639.55,131
2026-08-28 14:36:56,639.85,639.85,639.7,639.7,124
2026-08-28 14:37:56,639.8,639.85,639.5,639.85,161
2026-08-28 14:38:57,639.5,639.85,639.3,639.3,2366
2026-08-28 14:39:52,639,639.5,639,639.5,9112
2026-08-28 14:40:59,639.75,639.75,639.2,639.3,532
2026-08-28 14:41:59,639.55,639.6,639.15,639.2,198
2026-08-28 14:42:56,639.35,639.6,639.2,639.2,15
2026-08-28 14:43:58,639.5,639.6,639.15,639.2,700
2026-08-28 14:44:56,639.2,639.6,639.2,639.4,43
2026-08-28 14:45:54,639.55,639.55,639,639.05,2038
2026-08-28 14:46:58,639.55,639.55,639.5,639.55,344
2026-08-28 14:47:56,639.45,640.1,639.45,640.05,5095
2026-08-28 14:48:54,640.2,640.3,639.9,640.25,693
2026-08-28 14:49:59,640.3,640.3,640.05,640.15,43
2026-08-28 14:50:58,640.2,640.3,640,640.3,2346
2026-08-28 14:51:56,640.2,640.25,639.9,640,222
2026-08-28 14:52:56,640.15,640.15,639.85,640,88
2026-08-28 14:53:56,640.15,640.15,639.9,640.15,1254
2026-08-28 14:54:53,640.15,640.15,639.6,639.6,1592
2026-08-28 14:55:56,639.65,639.65,639.4,639.45,437
2026-08-28 14:56:54,639.2,639.45,639,639,991
2026-08-28 14:57:54,639.25,639.25,639,639.25,403
2026-08-28 14:58:55,639,639.25,639,639.05,312
2026-08-28 14:59:59,639,639.25,639,639.25,233
2026-08-28 15:00:56,638.25,638.65,638.15,638.6,6499
2026-08-28 15:01:59,638.9,639.25,638.65,639.15,1096
2026-08-28 15:02:59,639.15,639.2,638.75,638.75,1535
2026-08-28 15:03:58,638.8,638.95,638.35,638.5,2043
2026-08-28 15:04:58,638.4,638.45,637.35,637.35,4225
2026-08-28 15:05:59,637.55,637.55,637,637.05,4832
2026-08-28 15:06:54,637.1,637.25,637.05,637.05,1352
2026-08-28 15:07:58,637.15,637.25,637,637.05,1843
2026-08-28 15:08:58,637.05,637.35,637.05,637.1,1031
2026-08-28 15:09:57,637.1,637.2,635.55,635.7,4776
2026-08-28 15:10:59,635.05,636,635,636,6660
2026-08-28 15:11:56,636.1,636.1,635.7,635.7,3359
2026-08-28 15:12:54,636,636,635.5,635.7,6807
2026-08-28 15:13:56,635.5,635.9,635.5,635.65,2259
2026-08-28 15:14:54,635.65,636,635.65,635.8,2471
2026-08-28 15:15:57,635.8,635.9,635.65,635.8,2660
2026-08-28 15:16:57,635.85,636.55,635.65,636.55,8574
2026-08-28 15:17:57,636.2,636.5,636,636,966
2026-08-28 15:18:59,635.85,636.45,635.85,636.45,1726
2026-08-28 15:19:59,636.15,636.8,636.15,636.75,2338
2026-08-28 15:20:55,636.25,636.35,636.15,636.35,1126
2026-08-28 15:21:55,636.25,636.5,636.15,636.2,1795
2026-08-28 15:22:57,636,636.35,635.7,635.7,1340
2026-08-28 15:23:56,635.65,636.35,635.65,636,1059
2026-08-28 15:24:58,636,636.2,635.65,635.85,3687
2026-08-28 15:25:54,635.45,635.75,635.1,635.4,5150
2026-08-28 15:26:57,635.2,635.7,635.15,635.7,2460
2026-08-28 15:27:54,635.7,637.5,635.45,637.5,2415
2026-08-28 15:28:54,635.95,636.4,635.8,636.4,1434
2026-08-28 15:29:58,636.4,639.5,636,639.5,3326
2026-08-31 09:07:36,636,636,636,636,5541
2026-08-31 09:15:53,636.5,638.35,631.35,633,25915
2026-08-31 09:16:51,633,633,630.45,631,31303
2026-08-31 09:17:54,632.85,632.85,629,630.2,24915
2026-08-31 09:18:56,629.75,631.2,628.4,631.2,11570
2026-08-31 09:19:58,630.1,630.7,629.3,630.7,20526
2026-08-31 09:20:58,629.8,630.35,629.8,630.2,4074
2026-08-31 09:21:59,630.3,630.8,630.2,630.65,3959
2026-08-31 09:22:59,630.5,631,630.15,631,4701
2026-08-31 09:23:56,631.2,631.2,630.45,630.6,5648
2026-08-31 09:24:54,630.45,630.45,629.7,629.7,1330
2026-08-31 09:25:52,629.65,629.65,629.1,629.1,2067
2026-08-31 09:26:57,629.1,629.1,628.1,628.65,7841
2026-08-31 09:27:54,629.1,629.35,628.5,628.5,2373
2026-08-31 09:28:59,628.55,629.2,628.5,629.2,1180
2026-08-31 09:29:55,629.2,629.6,629.2,629.5,1292
2026-08-31 09:30:52,629.5,630.25,629.25,630.25,925
2026-08-31 09:31:55,630.6,630.9,630.35,630.35,2573
2026-08-31 09:32:52,630.65,631.3,630.55,631,841
2026-08-31 09:33:55,631.2,631.8,631,631.8,2362
2026-08-31 09:34:57,631.75,631.9,631.6,631.7,710
2026-08-31 09:35:57,631.7,631.7,631.05,631.05,5351
2026-08-31 09:36:57,631.35,631.35,631.05,631.25,492
2026-08-31 09:37:58,631.1,631.25,630.7,631,3883
2026-08-31 09:38:58,630.75,630.75,630.15,630.55,5649
2026-08-31 09:39:58,630.1,631.35,630.1,631.35,4479
2026-08-31 09:40:57,631.35,631.35,630.95,631,583
2026-08-31 09:41:57,631,631.25,630.3,630.3,2168
2026-08-31 09:42:55,630.45,630.65,630,630.5,1297
2026-08-31 09:43:57,630.65,630.95,630.2,630.5,1854
2026-08-31 09:44:57,630.15,630.15,629.6,630,2583
2026-08-31 09:45:57,629.65,629.65,629.15,629.15,1220
2026-08-31 09:46:59,629.55,630.1,629.3,630.1,2506
2026-08-31 09:47:59,630.6,630.6,630,630,783
2026-08-31 09:48:59,629.75,630.05,629.6,629.6,849
2026-08-31 09:49:57,629.55,629.8,629.55,629.8,1656
2026-08-31 09:50:55,629.5,630,629.5,629.8,479
2026-08-31 09:51:58,629.35,629.85,629.35,629.45,738
2026-08-31 09:52:55,629.4,629.4,628.8,628.8,1278
2026-08-31 09:53:59,628.5,628.9,628,628.9,5130
2026-08-31 09:54:55,628.7,628.7,628.25,628.4,1071
2026-08-31 09:55:57,628.4,629.4,628.4,629.25,6417
2026-08-31 09:56:53,629.5,629.5,628,628.4,1216
2026-08-31 09:57:56,628.1,628.3,627.7,627.7,1800
2026-08-31 09:58:58,627.7,628.1,627.7,628.05,1212
2026-08-31 09:59:59,628,628.4,627.7,628.3,10974
2026-08-31 10:00:59,628.55,629.1,628.55,629.1,547
2026-08-31 10:01:58,629,629,628.55,628.55,1369
2026-08-31 10:02:58,628.2,628.4,628.2,628.3,297
2026-08-31 10:03:58,628.35,628.35,628,628.15,1206
2026-08-31 10:04:56,628.15,628.2,627.8,628,1738
2026-08-31 10:05:55,627.85,628.45,627.85,628,1861
2026-08-31 10:06:59,628.3,628.35,628.25,628.35,289
2026-08-31 10:07:59,628.4,628.75,628.4,628.65,1048
2026-08-31 10:08:58,628.4,628.7,628.4,628.7,130
2026-08-31 10:09:57,628.5,628.5,628.45,628.45,504
2026-08-31 10:10:55,628.45,628.45,628.05,628.3,419
2026-08-31 10:11:54,628.3,628.35,627.7,627.7,2409
2026-08-31 10:12:54,627.8,627.8,627.2,627.5,1130
2026-08-31 10:13:58,627.25,627.25,627.05,627.1,1993
2026-08-31 10:14:54,627.4,627.45,627.2,627.25,561
2026-08-31 10:15:55,627.2,627.2,626.55,627,6288
2026-08-31 10:16:58,627.15,627.15,626.85,627,740
2026-08-31 10:17:55,627,627.4,627,627.4,718
2026-08-31 10:18:56,627.4,627.45,627.05,627.05,316
2026-08-31 10:19:59,627.3,627.3,627,627.2,1504
2026-08-31 10:20:54,627.3,627.3,627.1,627.1,970
2026-08-31 10:21:54,627.1,627.3,627.1,627.25,479
2026-08-31 10:22:55,627.25,627.35,627.2,627.2,306
2026-08-31 10:23:55,627.35,627.35,627.1,627.35,251
2026-08-31 10:24:55,627.35,627.4,627.1,627.4,195
2026-08-31 10:25:55,627.4,627.4,627.4,627.4,21
2026-08-31 10:26:58,627.4,628.25,627.2,628.15,1151
2026-08-31 10:27:58,628.1,628.2,628.1,628.1,119
2026-08-31 10:28:58,628.1,628.25,628.1,628.1,381
2026-08-31 10:29:57,628.1,628.25,628.1,628.1,336
2026-08-31 10:30:56,628.15,628.25,628.1,628.25,175
2026-08-31 10:31:55,628.1,628.25,628,628,1429
2026-08-31 10:32:57,627.95,628,627.65,627.85,302
2026-08-31 10:33:56,627.8,628.15,627.45,627.7,5023
2026-08-31 10:34:56,627.3,627.75,627.3,627.45,114
2026-08-31 10:35:54,627.9,627.9,627.55,627.85,185
2026-08-31 10:36:58,627.85,627.85,627.45,627.45,215
2026-08-31 10:37:50,627.7,627.7,627.3,627.3,685
2026-08-31 10:38:55,627.3,627.5,627.3,627.3,928
2026-08-31 10:39:58,627.3,627.45,627.3,627.3,492
2026-08-31 10:40:59,627.5,627.5,627.3,627.3,147
2026-08-31 10:41:56,627.3,627.3,627,627.2,1920
2026-08-31 10:42:58,627.25,627.25,627.25,627.25,1
2026-08-31 10:43:54,627.4,627.45,627.2,627.4,221
2026-08-31 10:44:56,627.2,627.45,627.2,627.4,747
2026-08-31 10:45:59,627.45,628.2,627.45,628,1373
2026-08-31 10:46:56,628,628.1,627.75,627.85,186
2026-08-31 10:47:56,627.75,628.05,627.6,628.05,1265
2026-08-31 10:48:57,628,628.5,628,628.5,4368
2026-08-31 10:49:58,628.5,628.5,628.05,628.4,284
2026-08-31 10:50:59,628.4,628.4,628,628.2,616
2026-08-31 10:51:50,628.2,628.2,628.2,628.2,60
2026-08-31 10:52:56,628.2,628.2,628.2,628.2,114
2026-08-31 10:53:57,628.2,628.2,627.9,628.15,613
2026-08-31 10:54:54,628,628.1,627.85,628.1,215
2026-08-31 10:55:58,628.05,628.65,627.75,628.5,2540
2026-08-31 10:56:59,628.5,628.5,628.05,628.2,459
2026-08-31 10:57:59,628.3,628.7,628.2,628.7,1124
2026-08-31 10:58:58,628.35,628.65,628.35,628.6,197
2026-08-31 10:59:59,628.3,628.6,627.8,628.4,3117
2026-08-31 11:00:56,628.25,628.7,628.25,628.45,485
2026-08-31 11:01:50,628.2,628.4,628.2,628.4,105
2026-08-31 11:02:55,628.4,628.45,628.05,628.4,348
2026-08-31 11:03:55,628,628,627.6,627.85,223
2026-08-31 11:04:57,627.5,627.95,627.5,627.95,311
2026-08-31 11:05:57,627.6,628,627.6,627.85,176
2026-08-31 11:06:51,627.6,627.6,627.5,627.5,436
2026-08-31 11:07:57,627.9,627.95,627.5,627.5,362
2026-08-31 11:08:57,627.5,627.7,627.5,627.7,209
2026-08-31 11:09:57,627.7,627.85,627.7,627.85,567
2026-08-31 11:10:55,627.85,627.85,627.85,627.85,410
2026-08-31 11:11:59,627.7,627.85,627.15,627.45,2957
2026-08-31 11:12:57,627.1,627.45,627.1,627.4,93
2026-08-31 11:13:58,627.4,627.6,627.4,627.6,234
2026-08-31 11:14:57,627.5,627.5,627.4,627.4,146
2026-08-31 11:15:58,627.5,627.5,627.35,627.5,136
2026-08-31 11:16:59,627.25,627.5,627.25,627.45,262
2026-08-31 11:17:58,627.3,627.45,627.25,627.4,570
2026-08-31 11:18:57,627.45,627.45,627.3,627.45,179
2026-08-31 11:19:55,627.45,627.45,627.15,627.15,200
2026-08-31 11:20:56,627.45,627.85,627.45,627.85,420
2026-08-31 11:21:59,627.85,627.85,627.65,627.85,306
2026-08-31 11:22:57,627.85,628.1,627.85,628.1,238
2026-08-31 11:23:55,627.85,628.1,627.85,628.1,185
2026-08-31 11:24:57,627.85,628.05,627.75,627.75,177
2026-08-31 11:25:59,628,628.1,628,628,103
2026-08-31 11:26:56,628,628.7,628,628.3,1746
2026-08-31 11:27:58,628.6,628.6,628.45,628.6,559
2026-08-31 11:28:54,628.55,628.7,628.55,628.55,1298
2026-08-31 11:29:58,628.55,628.7,628.55,628.65,289
2026-08-31 11:30:57,628.65,628.65,628.5,628.55,920
2026-08-31 11:31:55,628.55,628.55,627.85,627.85,1247
2026-08-31 11:32:54,628.15,628.35,628.1,628.1,154
2026-08-31 11:33:58,628.1,628.1,627.8,627.95,498
2026-08-31 11:34:58,627.95,627.95,627.55,627.95,47
2026-08-31 11:35:57,627.95,628.1,627.9,627.9,52
2026-08-31 11:36:56,627.8,628.05,627.75,627.95,146
2026-08-31 11:37:59,627.95,628.25,627.75,628.25,206
2026-08-31 11:38:46,628.25,628.25,628.05,628.2,208
2026-08-31 11:39:58,628,628.2,628,628.2,105
2026-08-31 11:40:54,628.45,628.7,628.35,628.7,786
2026-08-31 11:41:54,628.45,629.25,628.45,629.25,8193
2026-08-31 11:42:58,629.15,629.5,628.55,629.5,2498
2026-08-31 11:43:59,629.05,629.5,629.05,629.15,1711
2026-08-31 11:44:59,629.25,629.3,629,629,1455
2026-08-31 11:45:59,628.65,629,628.35,628.8,227
2026-08-31 11:46:59,629,629.15,628.8,629.15,138
2026-08-31 11:47:59,629.15,629.3,628.95,628.95,686
2026-08-31 11:48:56,629,629.15,628.75,628.75,5713
2026-08-31 11:49:58,628.85,629,628.75,628.85,340
2026-08-31 11:50:57,628.75,628.9,628.75,628.9,131
2026-08-31 11:51:57,628.75,628.9,628.75,628.9,67
2026-08-31 11:52:50,628.9,629,628.75,629,492
2026-08-31 11:53:59,629,629.1,628.75,628.75,328
2026-08-31 11:54:53,628.75,629.45,628.75,629.1,1379
2026-08-31 11:55:55,629,629.25,628.85,629.1,563
2026-08-31 11:56:56,629.05,629.3,628.9,629.3,319
2026-08-31 11:57:58,629.35,629.35,629.1,629.1,150
2026-08-31 11:58:58,629,629,628.75,628.75,221
2026-08-31 11:59:56,628.6,628.7,628.35,628.35,247
2026-08-31 12:00:54,628.5,628.8,628.5,628.55,150
2026-08-31 12:01:58,628.8,628.8,628.3,628.45,478
2026-08-31 12:02:57,628.4,628.75,628.4,628.4,115
2026-08-31 12:03:59,628.4,628.4,628.3,628.3,307
2026-08-31 12:04:55,628.35,628.75,628.35,628.35,238
2026-08-31 12:05:57,628.4,628.7,628.4,628.55,282
2026-08-31 12:06:58,628.45,628.45,628.15,628.45,285
2026-08-31 12:07:59,628.2,628.2,628.2,628.2,76
2026-08-31 12:08:57,628.2,628.2,628.1,628.15,86
2026-08-31 12:09:56,628.4,628.4,628.1,628.1,146
2026-08-31 12:10:56,628.15,629.1,628.05,629.1,3694
2026-08-31 12:11:59,629.05,629.15,629.05,629.15,1168
2026-08-31 12:12:58,629,629.35,629,629.3,225
2026-08-31 12:13:57,629.3,629.3,629.3,629.3,16
2026-08-31 12:14:57,629.3,629.3,628.6,628.85,1019
2026-08-31 12:15:54,628.85,628.85,628.45,628.7,72
2026-08-31 12:16:58,628.75,628.85,628.65,628.65,257
2026-08-31 12:17:56,628.85,629.15,628.7,629.15,545
2026-08-31 12:18:56,629.25,629.25,629.1,629.1,79
2026-08-31 12:19:55,629.1,629.1,629,629,646
2026-08-31 12:20:58,629.15,629.65,629.15,629.4,2848
2026-08-31 12:21:56,629.35,629.35,629,629,156
2026-08-31 12:22:56,628.85,628.85,628.65,628.65,123
2026-08-31 12:23:58,628.95,628.95,628.65,628.65,292
2026-08-31 12:24:55,628.95,628.95,628.1,628.1,926
2026-08-31 12:25:57,628.1,628.1,627.4,627.4,2821
2026-08-31 12:26:54,627.5,627.5,627,627.45,1369
2026-08-31 12:27:57,627.1,627.2,626.4,626.5,5924
2026-08-31 12:28:57,626.8,626.95,626.5,626.85,676
2026-08-31 12:29:55,626.85,626.85,626.8,626.85,1729
2026-08-31 12:30:56,626.85,626.9,626.6,626.6,1480
2026-08-31 12:31:58,626.65,626.65,626.65,626.65,288
2026-08-31 12:32:59,626.9,626.9,626.65,626.65,451
2026-08-31 12:33:54,626.65,626.95,626.5,626.5,3739
2026-08-31 12:34:59,626.5,626.7,626.45,626.45,1024
2026-08-31 12:35:56,626.45,626.9,626.45,626.8,467
2026-08-31 12:36:56,626.8,626.8,626.5,626.8,110
2026-08-31 12:37:57,626.5,626.8,626.5,626.8,247
2026-08-31 12:38:57,626.5,626.85,626.45,626.85,1324
2026-08-31 12:39:55,626.85,626.85,626.45,626.75,73
2026-08-31 12:40:56,626.45,626.85,626.45,626.5,550
2026-08-31 12:41:55,626.5,626.8,626.4,626.5,987
2026-08-31 12:42:56,626.5,626.75,626.5,626.75,31
2026-08-31 12:43:59,626.65,626.65,626.4,626.4,646
2026-08-31 12:44:56,626.4,626.4,626.2,626.3,538
2026-08-31 12:45:57,626.3,626.5,626.25,626.25,292
2026-08-31 12:46:59,626.25,626.6,626.25,626.4,999
2026-08-31 12:47:56,626.4,626.4,626.25,626.4,128
2026-08-31 12:48:56,626.25,626.4,626.25,626.25,97
2026-08-31 12:49:56,626.25,626.4,626,626,6449
2026-08-31 12:50:56,626.15,626.15,625.5,625.75,5948
2026-08-31 12:51:56,626.05,626.05,625.75,625.75,331
2026-08-31 12:52:59,625.8,626.1,625.7,625.75,540
2026-08-31 12:53:58,625.75,626,625.6,625.6,579
2026-08-31 12:54:57,625.6,625.95,625.6,625.6,189
2026-08-31 12:55:56,625.65,625.95,625.5,625.5,1861
2026-08-31 12:56:56,625.35,625.5,625.25,625.3,1325
2026-08-31 12:57:59,624.65,624.65,621.5,622,29284
2026-08-31 12:58:59,622,623.1,621.85,623.1,2600
2026-08-31 12:59:59,622.75,623.1,620.25,620.8,8000
2026-08-31 13:00:59,620.45,621,620.2,620.5,5198
2026-08-31 13:01:59,621.3,621.5,620.5,621.2,3479
2026-08-31 13:02:59,620.9,621,620.15,620.95,3074
2026-08-31 13:03:55,620.5,621.55,620.2,621.1,6959
2026-08-31 13:04:57,621.1,623.4,621.1,623,2675
2026-08-31 13:05:56,623.4,623.4,622.4,622.5,3537
2026-08-31 13:06:59,622.7,622.85,622.4,622.65,1873
2026-08-31 13:07:58,622.25,622.35,622.05,622.05,668
2026-08-31 13:08:58,622,622.2,621.65,621.65,361
2026-08-31 13:09:56,621.65,622.15,621.65,622.15,662
2026-08-31 13:10:56,622.15,622.85,622.15,622.35,975
2026-08-31 13:11:56,622.85,622.85,622.85,622.85,155
2026-08-31 13:12:59,622.85,623.05,622.8,623.05,412
2026-08-31 13:13:57,623,623,623,623,893
2026-08-31 13:14:56,623,623,622.8,622.8,536
2026-08-31 13:15:59,623,623.4,622.8,623,3192
2026-08-31 13:16:56,623,623.05,623,623.05,355
2026-08-31 13:17:59,623.35,623.4,623,623,4164
2026-08-31 13:18:56,623.15,623.15,623.15,623.15,141
2026-08-31 13:19:55,623.15,623.15,622.65,622.65,720
2026-08-31 13:20:57,622.65,623,622.65,622.65,132
2026-08-31 13:21:55,622.65,623,622.65,623,141
2026-08-31 13:22:56,623,623.45,622.65,623.2,5600
2026-08-31 13:23:59,623.6,623.7,623.45,623.65,749
2026-08-31 13:24:57,623.8,623.8,622.75,622.75,9967
2026-08-31 13:25:56,623.25,623.6,623.25,623.6,1276
2026-08-31 13:26:58,623.3,623.6,623.3,623.4,1486
2026-08-31 13:27:58,623.4,623.6,623.4,623.6,613
2026-08-31 13:28:56,623.6,623.6,623.1,623.4,1055
2026-08-31 13:29:55,623.4,623.4,623.4,623.4,221
2026-08-31 13:30:59,623,623.35,623,623,314
2026-08-31 13:31:56,623.3,623.5,623.3,623.5,982
2026-08-31 13:32:56,623.6,624.75,623.5,624.3,4201
2026-08-31 13:33:56,623.9,624.3,623.5,623.8,259
2026-08-31 13:34:59,623.8,623.8,623.5,623.65,413
2026-08-31 13:35:58,623.65,623.65,623.5,623.65,454
2026-08-31 13:36:58,623.3,623.6,623.25,623.25,90
2026-08-31 13:37:58,623.2,623.35,623.2,623.35,501
2026-08-31 13:38:54,623.2,623.65,623.2,623.4,767
2026-08-31 13:39:58,623.45,623.65,623.4,623.65,525
2026-08-31 13:40:50,623.6,623.6,623.4,623.55,88
2026-08-31 13:41:55,623.55,623.55,623,623,3358
2026-08-31 13:42:55,623,623,622.5,622.8,595
2026-08-31 13:43:55,622.8,622.8,622.05,622.05,2204
2026-08-31 13:44:57,622,622.35,622,622.35,1218
2026-08-31 13:45:55,622.6,622.7,622.15,622.2,1500
2026-08-31 13:46:57,622.55,622.65,622.55,622.65,335
2026-08-31 13:47:58,622.3,622.65,622.25,622.65,265
2026-08-31 13:48:56,622.3,622.65,622.25,622.65,1040
2026-08-31 13:49:58,622.35,622.8,622.3,622.35,1395
2026-08-31 13:50:56,622.7,622.8,622.5,622.7,337
2026-08-31 13:51:58,622.7,622.7,622.3,622.7,565
2026-08-31 13:52:55,622.7,622.7,622.2,622.2,1241
2026-08-31 13:53:58,622.4,622.55,622.25,622.4,338
2026-08-31 13:54:51,622.5,622.5,622.45,622.45,710
2026-08-31 13:55:58,622.2,622.3,622,622,1062
2026-08-31 13:56:55,622,622.2,622,622.2,989
2026-08-31 13:57:58,622.2,622.2,621.55,621.6,1597
2026-08-31 13:58:56,621.7,621.9,621.7,621.85,533
2026-08-31 13:59:58,622,622,621.7,621.7,836
2026-08-31 14:00:55,621.7,621.75,621.7,621.75,764
2026-08-31 14:01:59,622,622,621.35,621.75,951
2026-08-31 14:02:57,621.75,621.75,621.5,621.5,151
2026-08-31 14:03:59,621.5,621.75,621.5,621.55,325
2026-08-31 14:04:58,621.7,621.7,621.25,621.25,1180
2026-08-31 14:05:55,621.2,621.5,621.05,621.25,1722
2026-08-31 14:06:58,621.25,621.55,621.25,621.55,402
2026-08-31 14:07:56,621.8,621.85,621.45,621.85,1060
2026-08-31 14:08:58,621.85,621.85,621.7,621.7,280
2026-08-31 14:09:57,621.8,621.85,621.8,621.85,748
2026-08-31 14:10:57,621.85,621.85,621.7,621.7,195
2026-08-31 14:11:55,621.85,621.85,621.7,621.7,352
2026-08-31 14:12:57,621.85,621.9,621.7,621.9,471
2026-08-31 14:13:59,621.9,621.9,621.5,621.85,411
2026-08-31 14:14:56,621.85,621.85,621.5,621.7,808
2026-08-31 14:15:55,621.75,621.75,621.35,621.35,286
2026-08-31 14:16:59,621.75,621.75,621.4,621.75,898
2026-08-31 14:17:54,621.9,622.35,621.9,622,994
2026-08-31 14:18:59,622.25,622.25,621.6,621.6,191
2026-08-31 14:19:59,621.5,622.6,621.5,622.6,1981
2026-08-31 14:20:59,622.55,622.55,622.15,622.15,177
2026-08-31 14:21:59,622.2,622.25,621.95,622.2,468
2026-08-31 14:22:59,622.2,622.55,622.05,622.05,448
2026-08-31 14:23:55,622.05,622.45,622.05,622.3,310
2026-08-31 14:24:55,622.4,622.4,622,622,529
2026-08-31 14:25:57,622.25,622.25,621.55,621.55,1269
2026-08-31 14:26:59,621.65,622,621.55,621.55,727
2026-08-31 14:27:56,621.8,621.8,621.4,621.5,859
2026-08-31 14:28:54,621.4,621.6,621.4,621.55,1489
2026-08-31 14:29:54,621.4,621.6,621.4,621.6,88
2026-08-31 14:30:58,621.6,621.6,621.05,621.45,984
2026-08-31 14:31:59,621.45,621.45,621.25,621.25,1121
2026-08-31 14:32:59,621.45,621.45,621.3,621.4,809
2026-08-31 14:33:55,621.4,621.4,621.4,621.4,856
2026-08-31 14:34:56,621.4,621.4,621.05,621.3,340
2026-08-31 14:35:57,621.3,621.3,621,621.3,247
2026-08-31 14:36:57,621.3,621.75,621.05,621.75,401
2026-08-31 14:37:57,621.45,621.7,621.15,621.7,336
2026-08-31 14:38:59,621.4,621.6,621.25,621.6,1468
2026-08-31 14:39:57,621.6,621.8,621.6,621.75,624
2026-08-31 14:40:54,621.75,622.55,621.75,622.55,5463
2026-08-31 14:41:55,622.4,622.5,622.2,622.4,541
2026-08-31 14:42:57,622.05,622.05,621.5,621.75,1986
2026-08-31 14:43:54,621.75,621.75,621.75,621.75,279
2026-08-31 14:44:59,621.75,622.35,621.55,622.35,1249
2026-08-31 14:45:58,622.35,622.35,622,622.2,1750
2026-08-31 14:46:57,622.25,622.85,622.15,622.7,15639
2026-08-31 14:47:54,622.5,622.5,622.1,622.15,695
2026-08-31 14:48:56,622.35,622.35,622.15,622.15,208
2026-08-31 14:49:55,622.05,622.2,622,622,1146
2026-08-31 14:50:55,622,622,622,622,480
2026-08-31 14:51:57,622,622,621.65,621.75,622
2026-08-31 14:52:59,621.75,621.75,621.2,621.2,1496
2026-08-31 14:53:58,621.55,622,621.4,621.8,1635
2026-08-31 14:54:52,621.8,621.8,621.25,621.25,842
2026-08-31 14:55:56,622.3,622.55,621.65,622,6572
2026-08-31 14:56:56,621.65,621.95,621.55,621.95,545
2026-08-31 14:57:56,621.95,622,621.55,622,1564
2026-08-31 14:58:58,622,622,621.75,621.75,2354
2026-08-31 14:59:57,622,622,621.4,621.9,1046
2026-08-31 15:00:55,621.95,621.95,621.35,621.85,2146
2026-08-31 15:01:57,621.7,622.15,621.45,622.1,6346
2026-08-31 15:02:59,622.1,622.1,621.2,621.95,7687
2026-08-31 15:03:55,621.6,621.8,621.5,621.7,2771
2026-08-31 15:04:59,621.4,621.7,621.2,621.2,4386
2026-08-31 15:05:57,621.5,622.5,621.05,622.5,7419
2026-08-31 15:06:54,621.75,622.1,620.05,621.85,15236
2026-08-31 15:07:58,621.8,622,621.45,621.45,2995
2026-08-31 15:08:55,621.45,622.15,621,621.55,23085
2026-08-31 15:09:58,621.45,623.2,621.45,622.95,8992
2026-08-31 15:10:58,622.3,623.75,622.3,623.75,9206
2026-08-31 15:11:58,623.55,623.85,623.4,623.7,5201
2026-08-31 15:12:56,623.25,623.5,622,622.25,2506
2026-08-31 15:13:56,622,622.55,621.9,622.45,1924
2026-08-31 15:14:54,622.55,623.35,622.35,622.35,6920
2026-08-31 15:15:55,622.85,622.85,622.65,622.85,1902
2026-08-31 15:16:54,622.7,623,622.65,622.65,1767
2026-08-31 15:17:59,622.8,622.8,622.05,622.1,2625
2026-08-31 15:18:59,622.6,622.7,622,622.15,5335
2026-08-31 15:19:58,622.6,622.6,622,622.1,3987
2026-08-31 15:20:58,622.05,622.95,622.05,622.95,2603
2026-08-31 15:21:58,622.1,622.45,622,622.45,3941
2026-08-31 15:22:57,622.45,622.45,622,622.25,1664
2026-08-31 15:23:55,622.25,622.25,622,622,4647
2026-08-31 15:24:55,621.7,621.7,620,620.8,7924
2026-08-31 15:25:56,620.55,621.55,616,620.05,28598
2026-08-31 15:26:58,620.05,620.2,620,620.15,2944
2026-08-31 15:27:56,620.1,620.15,619.35,619.35,5981
2026-08-31 15:28:59,618.7,618.95,615.1,618.95,12681
2026-08-31 15:29:55,619,620,619,620,2294
2026-08-31 15:30:02,620,620,620,620,87
2026-09-01 09:08:05,621.65,621.65,621.65,621.65,2312
2026-09-01 09:15:59,621.7,629.35,621.7,626.95,15776
2026-09-01 09:16:55,625.7,626.45,625.7,626.45,13487
2026-09-01 09:17:52,626.05,626.85,625.6,626.5,7240
2026-09-01 09:18:53,626.6,627.75,626.05,627.25,13698
2026-09-01 09:19:54,626.95,627.8,626.95,627,4755
2026-09-01 09:20:53,627.95,627.95,626.45,626.9,5284
2026-09-01 09:21:51,627.25,627.3,626.75,627,4009
2026-09-01 09:22:58,626.85,627.9,626.85,627.7,3243
2026-09-01 09:23:55,628.6,629.65,627.5,629.65,12765
2026-09-01 09:24:52,629.3,629.7,627,627.15,5685
2026-09-01 09:25:54,627.15,628.15,627.15,627.5,5877
2026-09-01 09:26:58,628.05,628.3,627.75,628.3,2498
2026-09-01 09:27:54,628,628.3,626,626.65,3857
2026-09-01 09:28:57,626.7,626.95,625.3,625.35,3078
2026-09-01 09:29:57,625.4,626.3,625.4,625.9,2469
2026-09-01 09:30:53,625.25,625.8,625.2,625.8,3853
2026-09-01 09:31:55,625.8,625.8,624.75,624.95,1360
2026-09-01 09:32:57,625.3,626,625.3,625.65,2718
2026-09-01 09:33:58,626.05,626.3,626,626.3,1631
2026-09-01 09:34:57,626.85,626.85,626.15,626.8,4051
2026-09-01 09:35:56,626.8,626.8,626,626.2,2141
2026-09-01 09:36:55,626.25,626.85,626.05,626.35,734
2026-09-01 09:37:54,626.3,626.3,625.75,626.05,1342
2026-09-01 09:38:59,626.25,626.55,625.75,625.8,709
2026-09-01 09:39:57,625.8,625.8,625.2,625.7,553
2026-09-01 09:40:54,625.05,625.4,624.75,624.9,1738
2026-09-01 09:41:58,624.7,625,624.15,624.65,2801
2026-09-01 09:42:54,624,624.65,623.65,624.6,9257
2026-09-01 09:43:58,624.5,624.5,623.85,624,1878
2026-09-01 09:44:56,623.85,624,623.15,623.15,3114
2026-09-01 09:45:54,623.55,623.7,623.3,623.6,2700
2026-09-01 09:46:58,623.15,623.75,623,623,4663
2026-09-01 09:47:55,623.2,623.25,622.45,622.85,3462
2026-09-01 09:48:57,622.5,623,622.5,622.85,915
2026-09-01 09:49:57,622.5,622.85,621.65,621.65,3465
2026-09-01 09:50:58,622,622.45,621.5,622.45,1260
2026-09-01 09:51:58,622.1,622.7,622.1,622.3,2738
2026-09-01 09:52:57,622.45,622.65,622.1,622.65,747
2026-09-01 09:53:56,622.5,623,622.4,623,1547
2026-09-01 09:54:57,623.15,623.4,622.65,622.85,947
2026-09-01 09:55:56,622.95,624.8,622.95,624.8,1352
2026-09-01 09:56:57,624.3,624.85,624,624.05,3030
2026-09-01 09:57:56,623.5,624,623.5,623.5,636
2026-09-01 09:58:59,623.05,624,623.05,624,584
2026-09-01 09:59:56,624.1,624.3,623.8,624,3637
2026-09-01 10:00:59,624.05,624.05,623.4,623.4,983
2026-09-01 10:01:54,623.8,623.8,623.35,623.4,1112
2026-09-01 10:02:55,623.4,624.05,623.3,623.75,763
2026-09-01 10:03:56,622.6,623.95,622.4,623.95,7478
2026-09-01 10:04:59,624,624.9,624,624.9,4340
2026-09-01 10:05:57,625.65,626,625.65,626,6688
2026-09-01 10:06:53,625.25,625.25,624.65,625.2,2454
2026-09-01 10:07:58,625.6,628.75,625.45,627.35,26494
2026-09-01 10:08:58,627.65,627.7,626.65,627.2,2455
2026-09-01 10:09:56,626.95,629,626.95,628.85,11967
2026-09-01 10:10:58,628.5,628.5,627.85,628,7157
2026-09-01 10:11:55,628,628.6,627.8,628.4,2076
2026-09-01 10:12:56,628,628.55,628,628.5,1553
2026-09-01 10:13:57,628.2,628.2,627.45,627.6,1292
2026-09-01 10:14:59,627.15,627.75,627.15,627.75,1836
2026-09-01 10:15:55,627.2,627.25,626.65,626.65,7896
2026-09-01 10:16:58,626.5,626.85,625.15,625.4,11170
2026-09-01 10:17:55,625.45,625.55,624.8,624.9,1857
2026-09-01 10:18:56,624.9,625.3,624.5,624.5,774
2026-09-01 10:19:57,625,625,624.8,624.8,1799
2026-09-01 10:20:59,624.95,625.3,624.8,625.15,2642
2026-09-01 10:21:58,625,625.55,625,625.55,322
2026-09-01 10:22:52,625.55,626.2,625.55,625.9,1964
2026-09-01 10:23:59,625.9,625.9,625.35,625.55,394
2026-09-01 10:24:55,625.55,625.55,625.5,625.55,605
2026-09-01 10:25:56,626.2,626.2,625.1,625.7,6512
2026-09-01 10:26:59,625.3,625.75,625.2,625.25,262
2026-09-01 10:27:59,625.6,625.6,625.1,625.5,293
2026-09-01 10:28:59,625.1,625.5,624.8,624.9,1980
2026-09-01 10:29:57,624.8,625.6,624.8,625.6,120
2026-09-01 10:30:57,625.6,625.6,625.15,625.15,297
2026-09-01 10:31:58,625.7,625.75,625,625.55,1033
2026-09-01 10:32:59,625.15,625.5,625,625,1141
2026-09-01 10:33:55,625.05,625.95,625.05,625.95,275
2026-09-01 10:34:58,625.45,625.45,624.9,624.9,167
2026-09-01 10:35:57,625.15,625.15,625.15,625.15,1
2026-09-01 10:36:54,625.25,625.25,624.8,625.25,2802
2026-09-01 10:37:54,625.65,625.65,625.65,625.65,224
2026-09-01 10:38:58,625.95,625.95,625.05,625.7,1898
2026-09-01 10:39:55,625.95,626,625.6,625.85,762
2026-09-01 10:40:56,626.3,626.3,626,626.05,1193
2026-09-01 10:41:58,625.95,625.95,625.8,625.8,38
2026-09-01 10:42:58,625.75,625.95,625.75,625.95,184
2026-09-01 10:43:54,625.55,625.55,625.35,625.55,101
2026-09-01 10:44:55,625.55,626.5,625.55,626.5,428
2026-09-01 10:45:56,626.05,626.4,625.55,625.55,1330
2026-09-01 10:46:56,626,626,625,625,2309
2026-09-01 10:47:57,625.15,625.65,625.15,625.65,533
2026-09-01 10:48:58,625.65,625.8,625.1,625.35,225
2026-09-01 10:49:55,625.45,625.7,625.05,625.65,1682
2026-09-01 10:50:58,625.65,625.65,625.2,625.65,96
2026-09-01 10:51:54,626.1,626.5,626.1,626.5,993
2026-09-01 10:52:55,626.45,626.5,625.8,626.5,1646
2026-09-01 10:53:56,626.5,626.85,626.35,626.35,428
2026-09-01 10:54:57,626.4,626.85,626.2,626.2,1375
2026-09-01 10:55:57,626.2,626.5,626,626.45,276
2026-09-01 10:56:58,626.45,626.5,626.4,626.5,278
2026-09-01 10:57:56,626.5,626.5,625.75,625.75,1261
2026-09-01 10:58:57,625.9,626,625.55,625.55,760
2026-09-01 10:59:55,625.15,625.55,625.1,625.55,142
2026-09-01 11:00:57,625.55,625.55,625.2,625.55,37
2026-09-01 11:01:58,625.05,625.5,625.05,625.1,451
2026-09-01 11:02:56,625.5,625.55,624.75,624.75,2429
2026-09-01 11:03:56,624.3,625.05,624.3,625,1021
2026-09-01 11:04:59,624.9,625.2,624.35,625.2,510
2026-09-01 11:05:56,624.8,625.2,624.8,625,109
2026-09-01 11:06:58,624.4,624.55,624.4,624.55,218
2026-09-01 11:07:56,624.85,625,624.85,625,1631
2026-09-01 11:08:54,625.45,625.75,625.15,625.75,1292
2026-09-01 11:09:54,625.45,625.45,625.25,625.25,204
2026-09-01 11:10:50,625.2,625.2,625.2,625.2,288
2026-09-01 11:11:58,625.15,625.3,625.15,625.3,541
2026-09-01 11:12:55,625.45,625.65,625.45,625.65,54
2026-09-01 11:13:59,625.5,625.75,625.35,625.75,145
2026-09-01 11:14:58,625.8,625.8,625.45,625.75,157
2026-09-01 11:15:59,625.35,625.65,625.05,625.65,772
2026-09-01 11:16:55,625,625.2,625,625.2,1065
2026-09-01 11:17:58,625.15,625.4,625.15,625.4,94
2026-09-01 11:18:54,625.35,625.35,624.55,625.35,594
2026-09-01 11:19:57,624.7,624.8,624.7,624.8,1487
2026-09-01 11:20:58,625.15,625.15,624.8,625.15,21
2026-09-01 11:21:54,624.8,625.2,624.8,625.2,377
2026-09-01 11:22:58,625.1,625.1,624,624,2086
2026-09-01 11:23:57,624.15,624.55,624,624,1512
2026-09-01 11:24:55,624.35,624.35,624,624.35,113
2026-09-01 11:25:54,624.05,624.3,624.05,624.1,1179
2026-09-01 11:26:59,624.5,624.7,624.35,624.35,551
2026-09-01 11:27:56,624.5,624.8,624.35,624.8,402
2026-09-01 11:28:57,625.05,625.3,625.05,625.05,663
2026-09-01 11:29:56,624.85,624.9,624.85,624.9,35
2026-09-01 11:30:54,624.9,624.9,624.9,624.9,63
2026-09-01 11:31:57,624.95,624.95,624.45,624.85,109
2026-09-01 11:32:58,625.05,625.1,624.6,625.1,364
2026-09-01 11:33:58,625.1,625.25,625.1,625.25,219
2026-09-01 11:34:58,624.9,625.25,624.7,625.15,10
2026-09-01 11:35:58,625.1,625.1,625.1,625.1,31
2026-09-01 11:36:51,625.1,625.1,625.1,625.1,93
2026-09-01 11:37:58,625.1,625.1,625,625,206
2026-09-01 11:38:57,625,625,624.7,624.7,53
2026-09-01 11:39:54,625,625,624.65,624.95,214
2026-09-01 11:40:42,624.5,624.5,624.5,624.5,1
2026-09-01 11:41:59,624.5,624.5,624.15,624.15,1573
2026-09-01 11:42:55,624.15,624.15,624,624.05,935
2026-09-01 11:43:59,624,624.25,624,624.05,463
2026-09-01 11:44:56,624.4,624.7,624.4,624.7,810
2026-09-01 11:45:54,624.8,624.8,624.5,624.75,330
2026-09-01 11:46:59,624.75,624.75,624.5,624.5,68
2026-09-01 11:47:51,624.7,624.7,624.5,624.5,38
2026-09-01 11:48:56,624.15,624.55,624.15,624.15,350
2026-09-01 11:49:56,623.5,623.8,623.05,623.05,3633
2026-09-01 11:50:58,623,623.25,622.35,622.75,3522
2026-09-01 11:51:55,622.75,622.75,622,622.35,1316
2026-09-01 11:52:58,622,622.55,622,622.55,370
2026-09-01 11:53:55,622.35,622.55,622,622,1056
2026-09-01 11:54:59,622.25,622.45,622,622.45,371
2026-09-01 11:55:52,622.45,622.45,621.9,621.9,2071
2026-09-01 11:56:56,621.9,622.45,621.9,622.1,1167
2026-09-01 11:57:57,622.4,622.4,622,622.4,386
2026-09-01 11:58:54,622.45,622.6,622.45,622.55,122
2026-09-01 11:59:56,622.05,622.65,622.05,622.65,808
2026-09-01 12:00:59,622.65,622.65,622.6,622.65,109
2026-09-01 12:01:57,622.65,622.65,622.45,622.45,165
2026-09-01 12:02:56,622.45,622.45,622.45,622.45,37
2026-09-01 12:03:55,622.6,622.65,622.6,622.6,70
2026-09-01 12:04:57,622.6,623,622.45,623,172
2026-09-01 12:05:55,622.6,622.95,622.6,622.9,1241
2026-09-01 12:06:58,622.9,623.2,622.65,623.2,267
2026-09-01 12:07:59,623.45,623.45,622.95,622.95,452
2026-09-01 12:08:59,623.15,623.25,623.15,623.25,362
2026-09-01 12:09:56,622.95,623.45,622.95,623.05,589
2026-09-01 12:10:55,623.05,623.35,623.05,623.05,221
2026-09-01 12:11:57,623.45,623.5,623.45,623.5,734
2026-09-01 12:12:58,623.45,624,623.45,624,506
2026-09-01 12:13:56,623.75,624.05,623.65,624.05,681
2026-09-01 12:14:56,624.3,624.45,623.5,623.8,1446
2026-09-01 12:15:58,623.8,623.8,623.8,623.8,410
2026-09-01 12:16:55,624.25,624.6,624.25,624.6,563
2026-09-01 12:17:55,624.3,624.6,624.25,624.6,56
2026-09-01 12:18:59,624.65,624.75,624.35,624.75,114
2026-09-01 12:19:56,624.4,624.4,623.9,623.9,1749
2026-09-01 12:20:57,623.9,623.9,623.3,623.7,999
2026-09-01 12:21:58,623.7,623.8,623.7,623.8,191
2026-09-01 12:22:55,624,624,623.9,623.9,1202
2026-09-01 12:23:57,623.55,623.85,623.5,623.85,205
2026-09-01 12:24:55,623.85,623.85,623.5,623.5,53
2026-09-01 12:25:50,623.7,623.7,623.15,623.15,280
2026-09-01 12:26:58,623.75,623.75,623.75,623.75,20
2026-09-01 12:27:59,623.7,623.7,623.2,623.55,1234
2026-09-01 12:28:59,623.15,623.25,623,623,182
2026-09-01 12:29:59,623,623.2,622.65,622.65,1191
2026-09-01 12:30:55,622.5,622.5,622.45,622.5,200
2026-09-01 12:31:56,622.85,623,622.6,622.6,1236
2026-09-01 12:32:58,623.1,623.1,623,623,34
2026-09-01 12:33:59,622.55,622.55,622.45,622.45,732
2026-09-01 12:34:57,622.75,622.75,622.45,622.7,185
2026-09-01 12:35:56,622.7,622.7,622.5,622.5,183
2026-09-01 12:36:57,623,623,622.05,622.05,722
2026-09-01 12:37:59,622.4,622.4,622.15,622.15,108
2026-09-01 12:38:53,622.15,622.5,622.15,622.2,642
2026-09-01 12:39:56,622.2,622.3,622,622,299
2026-09-01 12:40:49,622.05,622.35,622.05,622.05,253
2026-09-01 12:41:53,622.1,622.5,622.1,622.3,121
2026-09-01 12:42:58,622,622.35,622,622,262
2026-09-01 12:43:59,622,622.35,622,622,638
2026-09-01 12:44:56,622.35,622.45,622,622.45,265
2026-09-01 12:45:59,622.05,622.4,622,622.35,553
2026-09-01 12:46:59,622,622.45,621.6,621.95,5028
2026-09-01 12:47:59,621.85,621.85,621.6,621.65,1075
2026-09-01 12:48:57,621.35,621.75,621.3,621.75,227
2026-09-01 12:49:53,621.65,622,621.4,622,1267
2026-09-01 12:50:59,621.5,622.5,621.5,622.5,599
2026-09-01 12:51:57,622.5,622.5,622.35,622.35,133
2026-09-01 12:52:56,622,622,621.95,621.95,80
2026-09-01 12:53:53,622.45,622.5,622.45,622.5,139
2026-09-01 12:54:55,622.45,622.45,622.45,622.45,27
2026-09-01 12:55:58,622.45,622.45,622,622.05,332
2026-09-01 12:56:57,622.05,622.4,622.05,622.4,21
2026-09-01 12:57:54,622.25,622.6,622.05,622.55,581
2026-09-01 12:58:56,622.5,622.6,622.5,622.6,323
2026-09-01 12:59:53,622.15,622.45,622.1,622.45,213
2026-09-01 13:00:57,622.1,622.3,622,622,328
2026-09-01 13:01:58,622,622.25,621.85,622.25,1259
2026-09-01 13:02:57,622.35,622.4,622,622,223
2026-09-01 13:03:59,622.2,622.45,622.2,622.45,231
2026-09-01 13:04:57,622.15,622.5,622.15,622.35,108
2026-09-01 13:05:58,622.5,622.5,622.5,622.5,1128
2026-09-01 13:06:57,622.5,622.5,622.05,622.05,417
2026-09-01 13:07:55,622.45,622.5,622.2,622.45,162
2026-09-01 13:08:59,622.4,622.45,622.4,622.45,52
2026-09-01 13:09:57,622,622.45,622,622.45,118
2026-09-01 13:10:50,622.45,622.45,622,622,179
2026-09-01 13:11:57,622.35,622.35,622.2,622.2,51
2026-09-01 13:12:57,622.25,622.25,621.6,621.95,827
2026-09-01 13:13:59,621.65,621.65,621.55,621.55,124
2026-09-01 13:14:55,621.55,621.55,621.4,621.4,1117
2026-09-01 13:15:58,621.4,621.55,621.4,621.4,25
2026-09-01 13:16:59,621.35,621.4,621.25,621.4,337
2026-09-01 13:17:55,621.05,621.05,620.8,620.8,2817
2026-09-01 13:18:56,620.95,620.95,620.5,620.65,1355
2026-09-01 13:19:57,620.7,621.6,620.7,621.6,1652
2026-09-01 13:20:57,621.95,621.95,621.5,621.65,179
2026-09-01 13:21:59,621.4,621.8,621.4,621.8,508
2026-09-01 13:22:58,621.8,621.8,621.55,621.8,38
2026-09-01 13:23:57,621.8,621.8,621.5,621.8,693
2026-09-01 13:24:57,621.8,621.8,621.5,621.8,271
2026-09-01 13:25:59,621.5,621.6,621.5,621.6,200
2026-09-01 13:26:58,621.6,621.8,621.5,621.5,1512
2026-09-01 13:27:55,621.5,621.65,621.45,621.65,1161
2026-09-01 13:28:58,622.1,622.35,621.45,621.45,2740
2026-09-01 13:29:58,621.5,621.75,621.5,621.75,1074
2026-09-01 13:30:58,621.75,622.15,621.75,622.15,1802
2026-09-01 13:31:59,622.15,622.5,622.15,622.25,391
2026-09-01 13:32:58,621.85,622.2,621.8,621.8,412
2026-09-01 13:33:55,621.8,621.8,621.65,621.75,121
2026-09-01 13:34:57,621.65,621.75,621.1,621.1,989
2026-09-01 13:35:57,621.3,621.3,620.65,620.7,1464
2026-09-01 13:36:57,621,621,620.05,620.15,541
2026-09-01 13:37:55,620.15,620.45,620.15,620.2,659
2026-09-01 13:38:58,620.9,620.95,620.3,620.45,951
2026-09-01 13:39:55,620.8,620.95,620.6,620.95,222
2026-09-01 13:40:55,620.9,620.9,620.5,620.5,131
2026-09-01 13:41:59,620.7,620.7,619.2,619.4,4088
2026-09-01 13:42:57,619.15,619.5,618.45,618.55,4140
2026-09-01 13:43:55,618.85,619,618.65,619,873
2026-09-01 13:44:55,619,619,618.8,619,339
2026-09-01 13:45:54,618.7,619.1,618.65,619.1,694
2026-09-01 13:46:58,619.5,619.5,619.5,619.5,1080
2026-09-01 13:47:58,619.6,619.6,619.1,619.45,969
2026-09-01 13:48:58,619.45,619.75,619.45,619.65,362
2026-09-01 13:49:57,619.65,619.75,619.45,619.45,565
2026-09-01 13:50:58,619.65,619.65,619.1,619.25,1809
2026-09-01 13:51:58,619,619.35,618.75,618.75,1348
2026-09-01 13:52:54,618.95,619,618.75,619,349
2026-09-01 13:53:54,619,619,618.2,618.3,1607
2026-09-01 13:54:54,618.3,618.6,618.1,618.6,255
2026-09-01 13:55:55,618.3,618.3,618,618.3,646
2026-09-01 13:56:55,618,618.05,617.55,618.05,1729
2026-09-01 13:57:58,618.1,618.1,617.5,618,963
2026-09-01 13:58:57,618.25,618.7,617.45,617.45,3483
2026-09-01 13:59:55,617.75,618.2,617.25,618.2,1517
2026-09-01 14:00:50,618,618,617.6,617.6,279
2026-09-01 14:01:58,617.55,617.65,617.2,617.6,355
2026-09-01 14:02:58,617.4,617.5,617.35,617.5,1125
2026-09-01 14:03:57,617.35,617.55,617.05,617.55,641
2026-09-01 14:04:59,617.5,618.2,617.45,617.85,705
2026-09-01 14:05:56,618.25,618.25,617.7,618.1,1719
2026-09-01 14:06:56,618.25,618.7,618.25,618.7,697
2026-09-01 14:07:55,618.4,618.7,618.4,618.65,568
2026-09-01 14:08:58,618.5,618.5,617.85,617.85,536
2026-09-01 14:09:53,618.3,618.3,617.5,617.5,1125
2026-09-01 14:10:56,617.85,617.85,617.3,617.4,1031
2026-09-01 14:11:59,617.9,618.25,617.9,618.25,393
2026-09-01 14:12:54,618.15,618.25,618.15,618.25,157
2026-09-01 14:13:59,618,618.3,618,618.2,455
2026-09-01 14:14:59,618.3,618.3,618.05,618.15,1038
2026-09-01 14:15:57,618.1,618.15,617.7,617.7,904
2026-09-01 14:16:57,617.65,618.1,617.6,617.7,386
2026-09-01 14:17:58,617.95,618,617.95,618,70
2026-09-01 14:18:56,617.95,617.95,617.6,617.9,151
2026-09-01 14:19:50,617.6,617.6,617.6,617.6,25
2026-09-01 14:20:56,617.8,618,617.6,617.6,1104
2026-09-01 14:21:59,617.6,617.9,617,617.35,1690
2026-09-01 14:22:58,617.35,617.35,616.9,617.25,738
2026-09-01 14:23:53,617,617.4,614.85,615.75,29564
2026-09-01 14:24:59,615.5,615.5,614.2,614.95,3720
2026-09-01 14:25:59,615,615,612,613.45,22348
2026-09-01 14:26:54,613.45,613.6,613.35,613.4,1908
2026-09-01 14:27:54,613.55,613.6,613.05,613.25,1499
2026-09-01 14:28:56,613,613,612.55,612.9,3746
2026-09-01 14:29:55,612.9,614,612.9,613.5,1546
2026-09-01 14:30:57,613.65,614.05,612.9,612.9,1378
2026-09-01 14:31:56,612.8,612.8,612.1,612.35,3497
2026-09-01 14:32:57,612.7,613.05,612.6,613.05,745
2026-09-01 14:33:55,613,613,612.55,612.55,1406
2026-09-01 14:34:55,612.55,612.8,612.15,612.8,1807
2026-09-01 14:35:57,612.85,613.2,612.6,612.65,2777
2026-09-01 14:36:56,612.7,612.9,612.45,612.45,1268
2026-09-01 14:37:55,612.45,612.8,612.4,612.8,461
2026-09-01 14:38:55,612.85,613.2,612.55,613.2,1789
2026-09-01 14:39:59,613.2,613.4,612.85,613.1,1347
2026-09-01 14:40:57,613.1,613.1,612.6,612.85,606
2026-09-01 14:41:57,612.95,613.2,612.85,613.2,746
2026-09-01 14:42:56,613.2,613.95,613.2,613.7,1732
2026-09-01 14:43:56,613.7,613.7,613.4,613.55,4395
2026-09-01 14:44:55,613.1,613.55,613.1,613.35,949
2026-09-01 14:45:58,613.55,613.9,612.95,613.9,2591
2026-09-01 14:46:59,613.7,613.9,613.6,613.6,803
2026-09-01 14:47:55,613.7,613.7,613.1,613.1,1221
2026-09-01 14:48:54,613.5,614.1,613.5,614.1,1012
2026-09-01 14:49:54,614.05,614.2,613.7,614.2,352
2026-09-01 14:50:55,613.75,614.35,613.7,614.1,1067
2026-09-01 14:51:56,614.15,614.3,613.75,614,172
2026-09-01 14:52:58,614.3,614.4,614.2,614.2,3081
2026-09-01 14:53:58,614.25,614.5,614.25,614.45,547
2026-09-01 14:54:56,614,614.6,614,614.6,1065
2026-09-01 14:55:59,614.55,614.6,614.25,614.25,5533
2026-09-01 14:56:58,614.2,614.55,614.2,614.55,1642
2026-09-01 14:57:57,614.5,614.5,614.35,614.35,1127
2026-09-01 14:58:58,614.35,614.35,614.15,614.3,388
2026-09-01 14:59:57,614.5,614.5,614.05,614.3,4617
2026-09-01 15:00:53,614.05,614.7,614.05,614.45,8407
2026-09-01 15:01:57,614.4,615.5,614.1,615.15,4904
2026-09-01 15:02:57,615.3,616.25,615.3,615.45,6948
2026-09-01 15:03:57,614.95,615.45,614.85,615,4107
2026-09-01 15:04:58,614.45,614.95,614.45,614.6,2256
2026-09-01 15:05:54,614.65,614.65,614.1,614.4,3745
2026-09-01 15:06:58,614.4,614.4,613.1,613.6,5525
2026-09-01 15:07:55,613.6,613.65,613.1,613.1,3842
2026-09-01 15:08:59,613.3,613.8,613.15,613.8,3152
2026-09-01 15:09:58,613.8,614,613.6,613.6,1824
2026-09-01 15:10:53,614,614,613.5,613.5,2225
2026-09-01 15:11:58,613.8,613.8,613,613,4270
2026-09-01 15:12:56,613.2,613.35,612.85,612.85,8490
2026-09-01 15:13:58,613.15,613.3,611.4,613.25,7335
2026-09-01 15:14:59,613.1,613.8,613.1,613.65,9478
2026-09-01 15:15:55,613.65,613.7,613.1,613.3,7628
2026-09-01 15:16:59,613.25,613.85,613.2,613.35,2895
2026-09-01 15:17:59,613.7,613.8,613.35,613.65,2257
2026-09-01 15:18:56,613.25,613.7,613.25,613.55,1401
2026-09-01 15:19:56,613.6,614.15,613.35,614.15,5761
2026-09-01 15:20:57,614.1,614.1,613.35,613.7,3210
2026-09-01 15:21:55,613.5,614.4,613.5,614.35,1130
2026-09-01 15:22:55,614.3,614.45,614.25,614.45,1546
2026-09-01 15:23:56,614.5,615.35,614.35,615.35,6020
2026-09-01 15:24:59,615.6,615.6,610,615.3,22410
2026-09-01 15:25:59,615.3,615.3,612.2,614.7,6339
2026-09-01 15:26:55,614.55,614.95,614.05,614.7,2576
2026-09-01 15:27:58,614.5,614.85,614.3,614.45,5802
2026-09-01 15:28:53,614.8,614.9,614.15,614.9,4913
2026-09-01 15:29:56,615.2,616,613,613,4303
2026-09-01 15:30:03,615,615,615,615,10
2026-09-02 09:07:57,613.95,613.95,613.95,613.95,4022
2026-09-02 09:15:58,613.95,613.95,609.7,610.65,9391
2026-09-02 09:16:54,609.2,609.55,607.1,608.6,11804
2026-09-02 09:17:56,608.9,610.05,608.55,608.75,10990
2026-09-02 09:18:56,609.15,611.35,609.15,609.5,4314
2026-09-02 09:19:58,609.75,609.75,607.75,607.75,12809
2026-09-02 09:20:59,607,607.65,606.2,607.1,7359
2026-09-02 09:21:59,606.95,606.95,604.55,606,8283
2026-09-02 09:22:58,606,606.5,604.7,604.7,18794
2026-09-02 09:23:56,604.9,606.25,604.4,606.25,13896
2026-09-02 09:24:54,606.1,606.7,605.8,606.7,1575
2026-09-02 09:25:51,606.75,607,606.45,606.45,4485
2026-09-02 09:26:58,606.25,606.6,605.7,606.1,9389
2026-09-02 09:27:56,606.4,606.4,605.7,605.8,2889
2026-09-02 09:28:53,606.2,606.2,605.15,605.7,2557
2026-09-02 09:29:57,605.25,605.65,604.3,605.05,4435
2026-09-02 09:30:54,604.75,605.5,604.75,605.3,2453
2026-09-02 09:31:58,605.3,606.4,605.3,606.4,1631
2026-09-02 09:32:54,606.2,606.85,605.8,605.8,3074
2026-09-02 09:33:57,606.5,607.55,606.5,607.55,3011
2026-09-02 09:34:52,607.85,608.2,607.65,607.65,2970
2026-09-02 09:35:53,607.8,608,607.6,608,2353
2026-09-02 09:36:55,608.2,608.3,607.8,607.85,3024
2026-09-02 09:37:56,607.7,608.7,607.55,608.7,1743
2026-09-02 09:38:56,608.9,610.9,608.9,610.65,8001
2026-09-02 09:39:56,610.55,610.55,609.25,609.65,2654
2026-09-02 09:40:56,609,610.15,609,610.05,1588
2026-09-02 09:41:56,610.6,610.6,609.8,609.85,3347
2026-09-02 09:42:54,609.45,609.85,609.45,609.65,1176
2026-09-02 09:43:59,609.55,609.55,608.85,608.85,2453
2026-09-02 09:44:58,609.35,609.45,608.75,609.25,824
2026-09-02 09:45:57,609.5,609.5,608.7,608.7,1541
2026-09-02 09:46:56,609,610.55,608.85,609.85,3131
2026-09-02 09:47:54,609.95,611.4,609.95,611.4,2983
2026-09-02 09:48:53,611.4,611.4,610.8,611.1,8765
2026-09-02 09:49:59,610.8,611.7,610.8,610.8,4383
2026-09-02 09:50:58,610.85,612.5,610.85,612.4,4393
2026-09-02 09:51:54,612.8,613.15,612.2,612.2,3121
2026-09-02 09:52:56,612.1,612.65,611.8,612,7962
2026-09-02 09:53:58,611.3,611.7,610.95,611.05,1838
2026-09-02 09:54:55,611.1,611.65,611.1,611.6,948
2026-09-02 09:55:56,611.6,611.85,611.5,611.55,1782
2026-09-02 09:56:57,611.65,612.4,611.6,612.4,1651
2026-09-02 09:57:58,612,612.55,611.9,611.9,1757
2026-09-02 09:58:59,612.05,613.15,612.05,612.75,3229
2026-09-02 09:59:53,612.85,613.15,612.8,613.05,2938
2026-09-02 10:00:54,612.65,613.15,611.95,611.95,1449
2026-09-02 10:01:56,611.65,612.5,611.65,612.5,1853
2026-09-02 10:02:57,611.9,613.15,611.9,613.05,1187
2026-09-02 10:03:58,613.1,613.2,612.55,613.2,880
2026-09-02 10:04:58,612.75,615.4,612.75,615.4,8726
2026-09-02 10:05:57,615.95,616.2,614.95,615.6,3977
2026-09-02 10:06:56,615.6,615.9,615.15,615.15,2794
2026-09-02 10:07:53,615,615.45,614.95,615.4,1261
2026-09-02 10:08:59,615.05,616.85,615.05,616.65,4699
2026-09-02 10:09:58,616.75,617.2,616.75,616.9,4167
2026-09-02 10:10:56,616.9,617.1,616.5,617,2832
2026-09-02 10:11:56,617,617,615.35,615.35,2856
2026-09-02 10:12:54,615.6,616.45,615.45,616.45,4230
2026-09-02 10:13:59,616.2,616.5,616.2,616.3,1194
2026-09-02 10:14:57,616.5,616.6,616,616.6,1417
2026-09-02 10:15:56,616.2,617.7,616.2,617.05,4315
2026-09-02 10:16:58,617.15,617.15,616,616.4,1560
2026-09-02 10:17:58,616.05,616.65,616,616,1747
2026-09-02 10:18:59,616.05,616.45,615.95,615.95,1299
2026-09-02 10:19:57,616.05,616.35,615.8,616.1,1083
2026-09-02 10:20:54,615.5,616,615.35,616,2662
2026-09-02 10:21:58,616,617,615.75,617,3382
2026-09-02 10:22:59,617.1,617.1,616.7,616.75,996
2026-09-02 10:23:57,616.75,616.95,616.55,616.9,492
2026-09-02 10:24:59,616.85,616.9,616.4,616.85,1921
2026-09-02 10:25:55,616.45,616.9,616.3,616.6,1961
2026-09-02 10:26:56,616.6,616.6,616.05,616.25,706
2026-09-02 10:27:56,616.55,616.85,616.55,616.6,650
2026-09-02 10:28:57,616.6,616.8,616.6,616.75,3115
2026-09-02 10:29:53,616.85,617.25,616.85,617.25,750
2026-09-02 10:30:54,616.95,617.05,616.3,616.9,2485
2026-09-02 10:31:57,616.95,617.65,616.95,617,1480
2026-09-02 10:32:58,617.5,617.55,617,617.45,783
2026-09-02 10:33:57,617.2,617.45,617,617,210
2026-09-02 10:34:55,617.4,617.4,616.9,617,928
2026-09-02 10:35:59,617.6,618.25,617.6,618.1,7578
2026-09-02 10:36:58,618.1,618.5,617.75,617.9,4733
2026-09-02 10:37:56,618.4,619.25,618.15,618.8,3920
2026-09-02 10:38:56,619.2,619.9,618.9,619.4,5015
2026-09-02 10:39:59,619.1,624.95,619.1,623.3,35503
2026-09-02 10:40:58,623.4,623.7,622.45,623.45,7430
2026-09-02 10:41:59,622.6,622.7,621.45,621.8,8649
2026-09-02 10:42:57,621.5,622,621,621.05,1749
2026-09-02 10:43:55,621,621.05,620.35,621,3491
2026-09-02 10:44:56,620.8,621.35,620.8,621.15,713
2026-09-02 10:45:59,620.8,621.5,620.8,621.25,1396
2026-09-02 10:46:55,621.5,621.5,620.65,620.8,1391
2026-09-02 10:47:57,620.8,621.3,620.8,621.1,1012
2026-09-02 10:48:59,621.1,621.1,619.5,619.5,6880
2026-09-02 10:49:56,619.5,619.85,619.05,619.6,3565
2026-09-02 10:50:54,619.25,619.55,617.95,618.6,22299
2026-09-02 10:51:57,618.6,618.6,617.5,617.5,3528
2026-09-02 10:52:54,617.85,617.85,617.25,617.3,1982
2026-09-02 10:53:54,617.45,617.45,617.1,617.35,2042
2026-09-02 10:54:56,617.35,617.7,617.1,617.7,1486
2026-09-02 10:55:57,617.9,617.9,617.7,617.75,634
2026-09-02 10:56:56,617.75,617.85,617.75,617.85,418
2026-09-02 10:57:58,617.9,618.45,617.9,618.35,1627
2026-09-02 10:58:55,618.35,618.8,618.25,618.8,946
2026-09-02 10:59:57,618.85,618.85,617.95,618,951
2026-09-02 11:00:57,618,618.95,618,618.85,1783
2026-09-02 11:01:56,618.8,618.8,618.25,618.25,936
2026-09-02 11:02:55,618.45,618.45,617.8,618.25,459
2026-09-02 11:03:58,618.25,618.25,617.65,618.1,755
2026-09-02 11:04:55,617.75,617.75,617,617,1895
2026-09-02 11:05:59,617.4,617.65,617.05,617.65,1549
2026-09-02 11:06:58,617.5,617.65,617.5,617.65,419
2026-09-02 11:07:57,617.6,618.85,617.6,618.7,2406
2026-09-02 11:08:58,618.75,619,618.75,618.95,2009
2026-09-02 11:09:56,619,619.15,618.8,619.1,1574
2026-09-02 11:10:59,619.1,619.1,618.85,618.85,415
2026-09-02 11:11:56,618.85,618.9,618.7,618.7,629
2026-09-02 11:12:54,618.95,618.95,618.4,618.65,1081
2026-09-02 11:13:59,618.65,618.85,618.3,618.85,687
2026-09-02 11:14:57,618.85,618.85,618.3,618.3,1077
2026-09-02 11:15:59,618.3,618.85,618.3,618.85,899
2026-09-02 11:16:55,619.05,619.2,618.75,619.1,885
2026-09-02 11:17:56,619.1,619.25,618.65,618.65,672
2026-09-02 11:18:59,619,619.35,619,619.35,977
2026-09-02 11:19:54,619.65,619.65,619.3,619.3,1249
2026-09-02 11:20:54,619.1,619.7,619.1,619.7,254
2026-09-02 11:21:56,619.7,619.7,619.15,619.15,262
2026-09-02 11:22:57,619.15,619.15,618.8,618.8,899
2026-09-02 11:23:58,618.8,618.8,618.3,618.7,1968
2026-09-02 11:24:56,618.6,618.85,618.15,618.45,2575
2026-09-02 11:25:54,618.5,618.5,618,618.35,477
2026-09-02 11:26:59,618.35,618.85,618.35,618.85,1694
2026-09-02 11:27:59,618.95,618.95,618.3,618.85,471
2026-09-02 11:28:58,618.8,619,618.5,619,674
2026-09-02 11:29:56,619,619,618.85,618.85,316
2026-09-02 11:30:59,618.8,619.1,618.8,619.05,738
2026-09-02 11:31:55,619,619.5,619,619.1,1328
2026-09-02 11:32:56,619.5,619.55,619.5,619.5,208
2026-09-02 11:33:56,619.2,619.5,619.1,619.45,404
2026-09-02 11:34:54,619.4,619.5,619,619.1,1137
2026-09-02 11:35:55,617.6,617.6,615.85,615.85,7159
2026-09-02 11:36:59,615.25,615.7,615.15,615.6,5065
2026-09-02 11:37:59,615.65,616.05,615.6,615.65,4391
2026-09-02 11:38:59,615.5,615.6,615.5,615.5,931
2026-09-02 11:39:58,615.3,615.9,615.3,615.6,3550
2026-09-02 11:40:56,615.9,616.05,615.7,615.7,272
2026-09-02 11:41:58,616.35,616.35,615.15,615.15,8123
2026-09-02 11:42:56,615.2,615.55,615.2,615.55,73
2026-09-02 11:43:56,615.6,615.7,615.35,615.7,1119
2026-09-02 11:44:55,615.05,615.45,615.05,615.45,1316
2026-09-02 11:45:59,615,615.6,615,615.55,559
2026-09-02 11:46:56,615.55,615.55,614.9,615.45,1318
2026-09-02 11:47:51,615.4,615.6,615.4,615.5,490
2026-09-02 11:48:54,615.5,615.5,615.1,615.1,307
2026-09-02 11:49:59,615.3,615.3,614.5,614.75,2133
2026-09-02 11:50:58,614.75,615.2,614.75,615.2,958
2026-09-02 11:51:58,615.2,615.2,615.15,615.15,527
2026-09-02 11:52:58,615.15,615.3,615.15,615.3,134
2026-09-02 11:53:57,615.25,615.3,614.85,615.3,211
2026-09-02 11:54:55,615.15,615.15,615,615.1,161
2026-09-02 11:55:59,615.1,615.2,614.65,614.65,702
2026-09-02 11:56:59,614.85,615.15,614.85,615.1,338
2026-09-02 11:57:55,614.7,615,614.7,615,237
2026-09-02 11:58:57,615,615,614.55,614.55,297
2026-09-02 11:59:58,614.5,614.55,614,614.4,995
2026-09-02 12:00:57,615.25,615.55,614.95,615.25,3909
2026-09-02 12:01:58,615.15,615.35,615.05,615.35,1230
2026-09-02 12:02:59,615.45,615.45,614.5,614.5,1177
2026-09-02 12:03:57,614.8,614.8,614.4,614.4,573
2026-09-02 12:04:56,614.25,614.6,614.25,614.25,269
2026-09-02 12:05:55,614.65,614.8,614.3,614.4,158
2026-09-02 12:06:58,614.9,614.9,614.5,614.6,224
2026-09-02 12:07:55,614.75,614.75,614.3,614.6,379
2026-09-02 12:08:55,614.3,614.85,614.3,614.85,555
2026-09-02 12:09:55,614.7,614.85,614.5,614.5,129
2026-09-02 12:10:54,614.7,614.75,614.65,614.75,237
2026-09-02 12:11:54,614.75,615.45,614.75,615.45,232
2026-09-02 12:12:56,615.5,615.5,615.15,615.5,173
2026-09-02 12:13:55,615.55,615.7,615.25,615.7,297
2026-09-02 12:14:59,615.75,616.5,615.75,616.5,3033
2026-09-02 12:15:56,616.55,617.05,616.55,617.05,346
2026-09-02 12:16:54,617.15,619.15,617.15,619.15,5160
2026-09-02 12:17:59,619.25,619.35,618.55,618.85,5181
2026-09-02 12:18:58,619.2,619.55,618.6,619.25,3152
2026-09-02 12:19:55,619.3,619.5,618.85,619.25,1916
2026-09-02 12:20:57,619.25,619.4,619,619,2196
2026-09-02 12:21:56,619.05,619.45,619,619.45,1053
2026-09-02 12:22:56,618.9,618.95,618,618.55,1769
2026-09-02 12:23:55,618.25,618.25,617.75,617.75,8973
2026-09-02 12:24:57,616.75,617.05,616.75,617,6877
2026-09-02 12:25:57,617.3,617.45,616.95,617,425
2026-09-02 12:26:55,617,617.6,616.8,616.8,1615
2026-09-02 12:27:58,616.75,616.8,616.15,616.75,404
2026-09-02 12:28:59,616.8,617.2,616.8,617.15,411
2026-09-02 12:29:54,617.15,617.15,616.45,616.65,3191
2026-09-02 12:30:57,616.8,617.25,616.8,617.25,567
2026-09-02 12:31:56,617.55,617.7,617.55,617.7,1274
2026-09-02 12:32:59,617.6,617.65,617.15,617.6,132
2026-09-02 12:33:55,617.15,617.7,616.9,617.6,605
2026-09-02 12:34:56,617.15,617.6,617.15,617.5,89
2026-09-02 12:35:57,617.5,617.6,616.9,617.35,682
2026-09-02 12:36:55,617.45,617.45,616.85,617.25,118
2026-09-02 12:37:55,617.15,617.4,617,617.4,261
2026-09-02 12:38:58,617.4,617.4,617,617.35,321
2026-09-02 12:39:55,617.3,617.3,616.85,616.85,95
2026-09-02 12:40:57,616.85,617.6,616.85,617.25,1790
2026-09-02 12:41:55,617.6,617.6,617.15,617.25,327
2026-09-02 12:42:57,617.15,617.5,616.95,617.1,1422
2026-09-02 12:43:55,617.5,617.9,617.4,617.9,1634
2026-09-02 12:44:47,617.5,617.65,617.2,617.6,629
2026-09-02 12:45:57,617.55,617.55,617.15,617.55,309
2026-09-02 12:46:54,617.25,617.25,617.25,617.25,300
2026-09-02 12:47:57,617.25,617.6,617,617,716
2026-09-02 12:48:58,616.8,617,616.8,617,568
2026-09-02 12:49:57,617.1,617.6,617.05,617.6,839
2026-09-02 12:50:58,617.8,618.55,617.55,618.1,3723
2026-09-02 12:51:58,618.2,618.8,618.2,618.2,1161
2026-09-02 12:52:58,618.7,618.7,618.3,618.3,155
2026-09-02 12:53:59,618.3,618.7,618.1,618.65,522
2026-09-02 12:54:55,618.65,618.85,618,618.35,3137
2026-09-02 12:55:57,618.75,618.75,618.05,618.5,87
2026-09-02 12:56:59,618,618.65,618,618.2,1092
2026-09-02 12:57:54,618.25,618.4,618.1,618.1,502
2026-09-02 12:58:57,618.1,618.45,618,618.45,502
2026-09-02 12:59:59,618.35,618.8,618.35,618.8,1003
2026-09-02 13:00:53,618.4,618.4,618.15,618.15,256
2026-09-02 13:01:56,618.4,618.4,617.75,617.75,3346
2026-09-02 13:02:58,617.75,617.75,617.4,617.4,241
2026-09-02 13:03:52,617.75,617.75,617.3,617.3,397
2026-09-02 13:04:54,617.6,617.6,617.05,617.35,150
2026-09-02 13:05:56,617.65,617.65,617,617.45,553
2026-09-02 13:06:57,617.25,617.6,617.25,617.55,27
2026-09-02 13:07:52,617.25,617.5,617.15,617.5,1315
2026-09-02 13:08:54,617.25,617.5,617.05,617.5,709
2026-09-02 13:09:56,617.65,617.8,617.25,617.25,1410
2026-09-02 13:10:54,617.75,617.75,617.25,617.25,148
2026-09-02 13:11:58,617.55,617.65,617.2,617.5,383
2026-09-02 13:12:58,617.55,617.55,617.55,617.55,366
2026-09-02 13:13:57,617.25,617.8,617.25,617.7,132
2026-09-02 13:14:59,617.7,617.7,617.4,617.4,66
2026-09-02 13:15:55,617.7,617.7,617.65,617.65,51
2026-09-02 13:16:59,617.65,617.65,617.25,617.25,220
2026-09-02 13:17:57,617.55,617.55,617.25,617.55,152
2026-09-02 13:18:59,617.25,617.5,616.6,617.5,2119
2026-09-02 13:19:56,617.5,617.5,616.9,617.4,720
2026-09-02 13:20:58,616.8,617.45,616.8,617.35,1887
2026-09-02 13:21:57,616.85,617.5,616.85,617.5,1031
2026-09-02 13:22:58,617.5,617.5,616.8,616.8,1456
2026-09-02 13:23:56,617.45,617.65,617.25,617.6,290
2026-09-02 13:24:55,617.6,617.6,617.2,617.6,498
2026-09-02 13:25:57,617.2,617.55,616.95,617.55,182
2026-09-02 13:26:56,617.25,617.4,617.1,617.4,12
2026-09-02 13:27:59,617.35,617.8,617.35,617.8,3340
2026-09-02 13:28:56,617.35,617.75,617.35,617.75,58
2026-09-02 13:29:56,617.4,617.65,617.3,617.65,186
2026-09-02 13:30:57,617.6,617.9,617.3,617.9,2809
2026-09-02 13:31:55,617.85,617.85,617.15,617.25,779
2026-09-02 13:32:56,617.3,617.4,617,617.25,2159
2026-09-02 13:33:58,617.7,617.7,617.25,617.25,412
2026-09-02 13:34:58,617.6,617.7,617,617.7,679
2026-09-02 13:35:59,617.7,617.85,617.45,617.45,460
2026-09-02 13:36:55,617.8,617.85,617.8,617.8,43
2026-09-02 13:37:56,617.8,617.8,617.5,617.5,203
2026-09-02 13:38:57,617.8,617.8,617.5,617.5,223
2026-09-02 13:39:59,617.5,617.75,616.7,616.9,2821
2026-09-02 13:40:58,616.55,616.95,616.55,616.95,303
2026-09-02 13:41:58,617.15,617.2,617.15,617.15,113
2026-09-02 13:42:55,616.85,616.95,616.75,616.85,130
2026-09-02 13:43:55,616.9,616.9,616.55,616.55,564
2026-09-02 13:44:56,616.7,616.7,616.7,616.7,517
2026-09-02 13:45:57,616.9,617,616.9,617,91
2026-09-02 13:46:58,616.9,617.4,616.9,617.4,515
2026-09-02 13:47:59,617,617.35,616.95,617.35,4363
2026-09-02 13:48:58,617.15,617.35,616.8,616.9,154
2026-09-02 13:49:57,617.15,617.15,617.15,617.15,5
2026-09-02 13:50:56,616.8,617.15,616.8,617.05,30
2026-09-02 13:51:54,616.8,616.8,616.7,616.75,720
2026-09-02 13:52:59,616.7,617,616.55,616.55,273
2026-09-02 13:53:59,616.85,616.9,616.55,616.55,713
2026-09-02 13:54:58,616.6,617,616.55,616.55,962
2026-09-02 13:55:58,616.6,616.85,616.55,616.55,118
2026-09-02 13:56:56,616.55,616.9,616.55,616.9,1582
2026-09-02 13:57:51,616.65,617,616.65,617,608
2026-09-02 13:58:59,616.6,616.6,616.05,616.15,2116
2026-09-02 13:59:58,616.15,616.5,616,616,674
2026-09-02 14:00:56,616.15,616.35,616,616,388
2026-09-02 14:01:58,616.35,616.35,615.9,616,238
2026-09-02 14:02:56,616,616,615.35,615.35,471
2026-09-02 14:03:56,615.8,616.15,615.65,615.75,2156
2026-09-02 14:04:57,615.5,615.85,615.5,615.55,1070
2026-09-02 14:05:54,615.8,616,615.8,615.95,414
2026-09-02 14:06:59,616,616.2,615.8,616.2,610
2026-09-02 14:07:51,615.8,616.15,615.8,616.15,89
2026-09-02 14:08:55,615.8,616.15,615.8,616.15,81
2026-09-02 14:09:57,615.8,616.4,615.8,615.85,1068
2026-09-02 14:10:50,615.8,615.8,615.8,615.8,1002
2026-09-02 14:11:56,616,616.25,616,616.25,638
2026-09-02 14:12:55,616.25,616.25,616.25,616.25,459
2026-09-02 14:13:55,616.25,616.25,615.8,615.8,632
2026-09-02 14:14:59,615.8,616.05,615.8,616.05,22
2026-09-02 14:15:55,615.5,615.75,615.35,615.75,331
2026-09-02 14:16:54,615.5,615.5,615.25,615.4,794
2026-09-02 14:17:56,615.85,615.95,615.55,615.55,1279
2026-09-02 14:18:56,615.5,615.5,615.1,615.45,918
2026-09-02 14:19:57,615.4,615.4,614.5,614.9,1592
2026-09-02 14:20:59,614.9,614.9,614.5,614.7,335
2026-09-02 14:21:59,614.7,614.7,614.5,614.5,1192
2026-09-02 14:22:58,614.5,614.85,614.5,614.5,3512
2026-09-02 14:23:53,614.55,614.95,614.55,614.8,171
2026-09-02 14:24:56,615.1,615.45,614.8,614.8,961
2026-09-02 14:25:57,614.75,615.25,614.6,614.8,1563
2026-09-02 14:26:59,614.8,615.1,614.5,614.5,645
2026-09-02 14:27:57,614.5,615.1,614.5,614.5,2218
2026-09-02 14:28:55,614.8,614.95,614.55,614.95,151
2026-09-02 14:29:57,614.95,615.25,614.85,615.25,1765
2026-09-02 14:30:55,615.6,615.85,615.6,615.85,3004
2026-09-02 14:31:59,615.25,615.25,615.2,615.2,26
2026-09-02 14:32:55,615.05,615.5,615.05,615.5,260
2026-09-02 14:33:58,615.5,615.7,615.25,615.5,265
2026-09-02 14:34:54,615.25,615.45,615.1,615.45,41
2026-09-02 14:35:51,615.4,615.5,615.4,615.4,583
2026-09-02 14:36:59,615.45,615.45,615.1,615.1,106
2026-09-02 14:37:55,615.1,616.8,615.1,616.3,5179
2026-09-02 14:38:54,616.65,616.65,615.9,616.05,249
2026-09-02 14:39:51,616.05,616.2,616,616,188
2026-09-02 14:40:54,616,616,616,616,1219
2026-09-02 14:41:56,616.35,616.6,616.25,616.25,2102
2026-09-02 14:42:59,616.25,616.25,616.15,616.15,4
2026-09-02 14:43:55,616.25,616.75,616.2,616.3,602
2026-09-02 14:44:54,616.7,616.9,616.35,616.8,728
2026-09-02 14:45:55,616.85,616.85,616.3,616.75,482
2026-09-02 14:46:59,616.85,617.4,616.85,617,2678
2026-09-02 14:47:54,617.35,617.35,616.75,617.15,2261
2026-09-02 14:48:55,616.55,617.25,616.55,616.95,923
2026-09-02 14:49:59,617.25,617.5,617,617,1434
2026-09-02 14:50:59,616.95,617,616.7,616.7,1362
2026-09-02 14:51:55,616.75,616.85,615.6,615.8,2237
2026-09-02 14:52:56,615.8,616,615.5,616,917
2026-09-02 14:53:57,615.95,616,615.8,615.8,2246
2026-09-02 14:54:57,615.85,615.85,615.6,615.85,167
2026-09-02 14:55:54,615.4,615.4,614.95,615.15,1863
2026-09-02 14:56:54,615.15,615.15,614.9,614.9,638
2026-09-02 14:57:54,614.7,615.05,614.5,614.6,3319
2026-09-02 14:58:55,614.8,615,614.8,614.85,1988
2026-09-02 14:59:58,615,615,614.6,614.65,419
2026-09-02 15:00:56,614.7,614.7,614.45,614.55,1907
2026-09-02 15:01:53,615.05,615.3,615,615.25,7667
2026-09-02 15:02:55,615.25,615.25,614.7,615,779
2026-09-02 15:03:55,615,615,614.55,614.95,1903
2026-09-02 15:04:57,614.9,614.9,614.25,614.5,2410
2026-09-02 15:05:54,614.5,614.5,613.5,613.9,2876
2026-09-02 15:06:56,613.8,613.9,613.45,613.9,8337
2026-09-02 15:07:53,613.9,613.95,613.7,613.9,1084
2026-09-02 15:08:56,613.8,614.25,613.75,614.25,2756
2026-09-02 15:09:56,614.25,614.25,613.7,614.05,3356
2026-09-02 15:10:54,614.4,614.55,614.2,614.45,2058
2026-09-02 15:11:57,614.35,614.45,614.2,614.45,1612
2026-09-02 15:12:56,614.05,614.45,613.7,614.4,7031
2026-09-02 15:13:56,614.5,614.65,614.15,614.65,1380
2026-09-02 15:14:56,614.25,614.8,614.25,614.75,999
2026-09-02 15:15:56,614.8,615,614.5,615,3294
2026-09-02 15:16:59,615,616.2,615,615.9,1584
2026-09-02 15:17:57,616.25,616.3,615.5,615.95,956
2026-09-02 15:18:55,615.4,616.2,615.35,616.05,3152
2026-09-02 15:19:59,616.05,616.3,615.6,615.95,2840
2026-09-02 15:20:56,615.95,616.4,615.6,616.4,3331
2026-09-02 15:21:58,616.2,616.4,615.95,616.4,1748
2026-09-02 15:22:57,615.75,616.25,615.75,616.25,995
2026-09-02 15:23:59,616.25,616.25,616,616.2,1742
2026-09-02 15:24:57,616.3,616.7,616,616.6,4224
2026-09-02 15:25:56,616.15,616.15,614.75,615.8,4674
2026-09-02 15:26:55,615.8,615.95,615,615.6,1339
2026-09-02 15:27:58,615.05,615.6,615.05,615.6,5276
2026-09-02 15:28:52,615.55,615.6,615.1,615.1,1523
2026-09-02 15:29:56,615.7,618,615.7,618,3185
2026-09-03 09:07:43,618.8,618.8,618.8,618.8,1643
2026-09-03 09:15:58,620,621.15,618.1,619.15,10983
2026-09-03 09:16:53,619.5,619.55,617,617,7186
2026-09-03 09:17:55,617,617.9,616.3,616.8,6697
2026-09-03 09:18:57,616.5,617.75,616.5,617.6,3222
2026-09-03 09:19:59,617.6,618.6,617.1,618.6,3217
2026-09-03 09:20:59,618.45,619,618.15,618.6,2371
2026-09-03 09:21:59,618.55,619.05,618.1,618.4,1807
2026-09-03 09:22:57,618.8,620.45,618.8,620.35,2369
2026-09-03 09:23:54,620.15,620.3,619.6,619.65,1780
2026-09-03 09:24:52,619,619.5,619,619.5,2063
2026-09-03 09:25:57,619.1,619.5,618.4,618.4,1929
2026-09-03 09:26:54,618.35,619.1,618.35,619.1,588
2026-09-03 09:27:58,619,619,618.1,618.6,1001
2026-09-03 09:28:54,619.65,622,619.65,621.4,13642
2026-09-03 09:29:58,621.55,621.55,620.4,621,3444
2026-09-03 09:30:55,621.15,621.15,619.9,619.9,3351
2026-09-03 09:31:59,620.15,620.2,619.45,619.55,741
2026-09-03 09:32:53,619.35,620,619.35,619.95,628
2026-09-03 09:33:58,619.9,620.1,619.45,620.1,989
2026-09-03 09:34:52,620.25,620.8,620.25,620.65,1321
2026-09-03 09:35:55,620.35,620.35,619.45,619.95,1475
2026-09-03 09:36:54,620,620.15,619.5,620.15,3906
2026-09-03 09:37:56,619.6,620.15,619.2,619.45,2904
2026-09-03 09:38:55,619.5,619.6,619.15,619.6,905
2026-09-03 09:39:54,619.55,619.85,619.5,619.5,161
2026-09-03 09:40:54,620,620,619.65,619.8,459
2026-09-03 09:41:55,619.8,620.3,619.8,620.3,610
2026-09-03 09:42:55,620,620,619.8,620,358
2026-09-03 09:43:54,620.3,620.3,620,620.05,1089
2026-09-03 09:44:59,619.8,620.1,619.65,619.65,388
2026-09-03 09:45:59,619.35,619.65,619.15,619.65,846
2026-09-03 09:46:58,619.8,619.8,619.25,619.45,354
2026-09-03 09:47:57,619.5,619.75,619.2,619.75,150
2026-09-03 09:48:55,619.7,619.7,619.35,619.4,572
2026-09-03 09:49:53,619.7,619.8,619.7,619.8,263
2026-09-03 09:50:58,619.4,619.4,619.35,619.35,622
2026-09-03 09:51:55,619.6,619.95,619.6,619.95,1407
2026-09-03 09:52:51,619.95,619.95,619.85,619.85,265
2026-09-03 09:53:54,619.85,619.9,619.15,619.55,323
2026-09-03 09:54:57,619.65,619.85,618.85,618.85,5213
2026-09-03 09:55:53,619,619,618.65,618.65,66
2026-09-03 09:56:55,618.7,619.45,618.7,619.45,3738
2026-09-03 09:57:58,618.8,619,618.65,618.75,1012
2026-09-03 09:58:54,619.2,619.2,618.6,618.6,748
2026-09-03 09:59:54,618.75,618.75,618.25,618.25,720
2026-09-03 10:00:54,618.25,618.55,618.2,618.55,264
2026-09-03 10:01:59,618.9,618.9,618.3,618.75,659
2026-09-03 10:02:57,618.65,619,618.45,618.9,1764
2026-09-03 10:03:55,618.5,618.95,618.3,618.9,264
2026-09-03 10:04:59,618.8,618.8,618.15,618.45,782
2026-09-03 10:05:56,618.7,618.7,617.4,617.4,3178
2026-09-03 10:06:54,617.5,617.9,617.5,617.5,277
2026-09-03 10:07:54,617.5,617.5,617.1,617.1,2236
2026-09-03 10:08:54,617.45,617.45,617.45,617.45,228
2026-09-03 10:09:58,617.85,617.85,617.1,617.65,2796
2026-09-03 10:10:56,617.65,618,617.3,617.95,1345
2026-09-03 10:11:59,617.95,618,617.65,618,303
2026-09-03 10:12:57,618,618,617.15,617.45,343
2026-09-03 10:13:55,617.55,617.65,617.2,617.2,187
2026-09-03 10:14:58,617.2,617.65,617.2,617.65,71
2026-09-03 10:15:56,617.5,617.5,616.9,616.9,3869
2026-09-03 10:16:58,616.75,616.75,616.6,616.6,41
2026-09-03 10:17:55,616.9,616.9,616.6,616.6,429
2026-09-03 10:18:56,616.9,616.9,616.55,616.9,1038
2026-09-03 10:19:56,616.9,616.9,616.9,616.9,195
2026-09-03 10:20:58,616.9,616.9,615.6,615.7,2447
2026-09-03 10:21:54,615.4,615.95,615.3,615.65,916
2026-09-03 10:22:54,616,616,615.65,615.65,1239
2026-09-03 10:23:56,616.15,616.15,615.9,616.15,703
2026-09-03 10:24:57,616.2,616.2,615.9,616.2,293
2026-09-03 10:25:59,616.2,616.2,615.75,615.9,639
2026-09-03 10:26:54,615.7,616.1,615.7,616.1,467
2026-09-03 10:27:56,616.1,616.15,615.75,615.75,19
2026-09-03 10:28:56,615.95,616.25,615.95,616.25,560
2026-09-03 10:29:58,616.9,616.9,616.45,616.45,1530
2026-09-03 10:30:58,616.35,617.4,616.35,617.4,2114
2026-09-03 10:31:58,617.35,617.7,617,617,2734
2026-09-03 10:32:53,616.55,616.65,616.55,616.65,799
2026-09-03 10:33:59,616.65,616.65,615.6,616.45,3104
2026-09-03 10:34:58,616.55,616.7,615.85,616.35,874
2026-09-03 10:35:59,616.25,616.65,616.25,616.4,37
2026-09-03 10:36:59,616.35,616.35,614.6,614.9,6975
2026-09-03 10:37:57,614.95,614.95,614.05,614.6,1916
2026-09-03 10:38:58,615.55,615.55,615,615.2,2790
2026-09-03 10:39:55,615.2,615.8,615.2,615.8,162
2026-09-03 10:40:56,615.95,616.05,615.8,615.95,655
2026-09-03 10:41:42,615.7,615.7,615.05,615.05,218
2026-09-03 10:42:57,615.05,615.4,615,615,1167
2026-09-03 10:43:59,615.1,616.05,615,616.05,3894
2026-09-03 10:44:54,615.95,616.05,615.4,615.5,171
2026-09-03 10:45:58,615.95,616.35,615.65,616,419
2026-09-03 10:46:56,616.45,616.45,616.05,616.4,74
2026-09-03 10:47:54,616.4,616.4,616,616.4,117
2026-09-03 10:48:59,616.4,616.45,615.85,616.45,383
2026-09-03 10:49:57,616.35,616.35,616,616,82
2026-09-03 10:50:49,616.45,616.45,616.45,616.45,283
2026-09-03 10:51:56,616.45,616.45,616.05,616.05,265
2026-09-03 10:52:59,616.4,616.4,615.9,616.25,592
2026-09-03 10:53:57,616.25,616.25,616.25,616.25,491
2026-09-03 10:54:49,616.4,616.45,616.2,616.2,219
2026-09-03 10:55:54,616.45,616.45,616.2,616.45,140
2026-09-03 10:56:57,616.45,616.6,616.45,616.6,495
2026-09-03 10:57:59,616.7,616.7,616.7,616.7,59
2026-09-03 10:58:56,616.8,616.8,616.25,616.3,304
2026-09-03 10:59:58,616.6,616.6,616.25,616.55,53
2026-09-03 11:00:57,616.4,616.4,616.15,616.15,71
2026-09-03 11:01:57,616,616,615.55,615.85,644
2026-09-03 11:02:54,615.5,615.55,615.35,615.55,455
2026-09-03 11:03:57,615.35,615.35,615.35,615.35,603
2026-09-03 11:04:51,615.25,615.6,615.15,615.15,647
2026-09-03 11:05:57,615.3,615.6,615,615.6,589
2026-09-03 11:06:55,615.3,615.3,615.3,615.3,131
2026-09-03 11:07:55,615.65,615.65,615.3,615.5,79
2026-09-03 11:08:54,615.75,615.75,615.15,615.45,566
2026-09-03 11:09:53,615.15,615.15,615,615,1147
2026-09-03 11:10:59,615.25,615.25,615,615.25,139
2026-09-03 11:11:56,615.25,615.6,615.2,615.2,35
2026-09-03 11:12:54,615,615.5,615,615.5,507
2026-09-03 11:13:58,615.55,615.55,615.1,615.1,81
2026-09-03 11:14:57,615.55,615.6,615.2,615.55,670
2026-09-03 11:15:56,615.15,615.15,615.15,615.15,6
2026-09-03 11:16:55,615.1,616.45,615.1,615.9,1591
2026-09-03 11:17:59,615.9,616.3,615.7,615.9,806
2026-09-03 11:18:57,615.9,615.9,615.6,615.75,1164
2026-09-03 11:19:59,615.7,615.8,615.7,615.8,67
2026-09-03 11:20:56,615.7,615.8,615.5,615.5,257
2026-09-03 11:21:51,615.7,615.85,615.65,615.85,356
2026-09-03 11:22:56,615.8,615.85,615.55,615.55,888
2026-09-03 11:23:57,615.85,616.15,615.75,615.8,253
2026-09-03 11:24:59,616.1,616.1,615.55,615.8,79
2026-09-03 11:25:54,615.85,615.85,615.55,615.55,14
2026-09-03 11:26:44,615.5,615.85,615.5,615.85,605
2026-09-03 11:27:55,615.85,615.85,615.6,615.6,7
2026-09-03 11:28:54,615.95,616,615.85,615.85,11
2026-09-03 11:29:55,615.85,615.9,615.85,615.9,264
2026-09-03 11:30:55,615.95,616,615.95,616,341
2026-09-03 11:31:54,616,616.5,616,616.5,2018
2026-09-03 11:32:55,616.25,616.5,616.05,616.5,79
2026-09-03 11:33:55,616.4,616.55,616,616.3,1229
2026-09-03 11:34:49,616.4,616.4,616.15,616.15,8
2026-09-03 11:35:55,616.4,616.4,616.15,616.4,109
2026-09-03 11:36:55,616.5,616.55,616.5,616.55,260
2026-09-03 11:37:57,616.55,616.55,616.15,616.2,927
2026-09-03 11:38:58,616,616.2,616,616.2,12
2026-09-03 11:39:51,616.2,616.25,616.2,616.25,38
2026-09-03 11:40:58,616.55,616.6,616.55,616.6,83
2026-09-03 11:41:54,616.55,616.6,616.55,616.6,65
2026-09-03 11:42:55,616.75,616.75,616.2,616.5,516
2026-09-03 11:43:56,616.2,616.2,615.65,615.65,1279
2026-09-03 11:44:50,615.75,615.75,615.65,615.65,2070
2026-09-03 11:45:54,615.7,615.95,615.7,615.95,285
2026-09-03 11:46:58,615.5,615.7,615.5,615.5,222
2026-09-03 11:47:53,615.5,615.7,615.5,615.7,107
2026-09-03 11:48:57,615.7,616,615.7,616,127
2026-09-03 11:49:59,615.95,615.95,615.95,615.95,11
2026-09-03 11:50:55,615.8,615.8,615.8,615.8,67
2026-09-03 11:51:58,615.7,615.9,615.7,615.9,76
2026-09-03 11:52:57,615.7,615.7,615.7,615.7,101
2026-09-03 11:54:54,615.7,615.7,615.5,615.5,156
2026-09-03 11:55:54,615.5,615.85,615.5,615.5,266
2026-09-03 11:56:56,615.5,615.5,615.4,615.4,1621
2026-09-03 11:57:55,615.4,615.45,615.15,615.15,103
2026-09-03 11:58:59,615.2,615.25,615.2,615.25,19
2026-09-03 11:59:56,615.3,615.3,615.3,615.3,10
2026-09-03 12:00:55,615.25,615.25,615.25,615.25,443
2026-09-03 12:01:54,615.25,615.25,614.9,614.9,4129
2026-09-03 12:02:55,614.9,614.95,614.6,614.7,203
2026-09-03 12:03:56,614.9,614.9,614.65,614.9,341
2026-09-03 12:04:57,614.9,615.35,614.9,615,602
2026-09-03 12:05:58,615.35,615.45,615.05,615.25,192
2026-09-03 12:06:57,615.1,615.25,615.1,615.25,345
2026-09-03 12:07:56,615,615.25,614.75,614.75,380
2026-09-03 12:08:57,615.35,615.35,614.75,615.1,488
2026-09-03 12:09:57,614.75,614.75,614.75,614.75,67
2026-09-03 12:10:57,614.5,614.65,614.5,614.65,1050
2026-09-03 12:11:55,615.05,615.05,614.7,614.7,152
2026-09-03 12:12:59,614.8,615.1,614.75,615,436
2026-09-03 12:13:57,615,615,614.4,614.6,1765
2026-09-03 12:14:54,614.3,614.3,614.3,614.3,26
2026-09-03 12:15:58,614.25,614.25,614.25,614.25,43
2026-09-03 12:16:56,614.6,614.6,614.3,614.5,299
2026-09-03 12:17:58,614.35,614.6,614.35,614.35,129
2026-09-03 12:18:55,614.5,614.5,613.55,614,7213
2026-09-03 12:19:58,614,614.15,613.55,614,786
2026-09-03 12:20:55,614.05,614.05,614.05,614.05,78
2026-09-03 12:21:58,614.35,614.35,614.05,614.05,101
2026-09-03 12:22:58,614.05,614.2,614.05,614.2,171
2026-09-03 12:23:56,614.3,614.55,614.3,614.5,434
2026-09-03 12:24:56,614.3,614.35,614,614.35,1099
2026-09-03 12:25:57,615.35,616.2,615.35,615.6,7230
2026-09-03 12:26:59,616.2,617.2,616.15,617,4688
2026-09-03 12:27:57,617,617.2,616.5,616.95,1020
2026-09-03 12:28:56,616.95,617.4,616.95,617.25,5022
2026-09-03 12:29:59,616.85,617.25,616.85,617.25,483
2026-09-03 12:30:55,617.25,617.4,617.05,617.25,638
2026-09-03 12:31:59,617.4,617.5,617.25,617.4,4337
2026-09-03 12:32:56,617.5,617.9,617.4,617.4,569
2026-09-03 12:33:57,618,618,617.55,617.7,769
2026-09-03 12:34:58,617.7,617.7,617.65,617.65,705
2026-09-03 12:35:56,617.65,617.7,617.45,617.7,1241
2026-09-03 12:36:55,617.5,617.85,617.5,617.7,14
2026-09-03 12:37:51,617.5,617.55,617.5,617.55,101
2026-09-03 12:38:59,617.55,617.55,617.25,617.4,588
2026-09-03 12:39:51,616.95,617.55,616.95,617.55,613
2026-09-03 12:40:48,617.55,617.55,617.4,617.4,61
2026-09-03 12:41:50,617.5,617.5,617.3,617.3,221
2026-09-03 12:42:58,617.5,617.5,617.25,617.25,21
2026-09-03 12:43:44,617.4,617.5,617.4,617.4,58
2026-09-03 12:44:55,617.45,617.55,617.15,617.5,848
2026-09-03 12:45:51,617.55,617.9,617.55,617.6,105
2026-09-03 12:46:53,617.6,618,617.6,617.6,232
2026-09-03 12:47:56,617.6,617.6,617.6,617.6,151
2026-09-03 12:48:58,617.85,617.85,617.85,617.85,30
2026-09-03 12:49:59,617.85,617.85,617.6,617.6,153
2026-09-03 12:50:50,617.4,617.4,616,616,1085
2026-09-03 12:51:56,616.55,616.55,615.5,615.5,299
2026-09-03 12:52:51,615.25,615.75,615.05,615.35,1159
2026-09-03 12:53:58,615.4,615.4,615.25,615.3,812
2026-09-03 12:54:59,615.1,615.1,614.65,615,2660
2026-09-03 12:55:59,614.05,616.5,614.05,615.8,10343
2026-09-03 12:56:52,615.7,615.7,615.65,615.65,12
2026-09-03 12:57:59,616.05,616.05,615.65,615.65,97
2026-09-03 12:58:58,615.55,615.55,615.2,615.3,633
2026-09-03 12:59:55,615.3,615.9,615.3,615.9,54
2026-09-03 13:00:58,615.4,615.4,615.4,615.4,200
2026-09-03 13:01:59,615.45,615.45,615.4,615.4,596
2026-09-03 13:02:57,615.15,615.4,615,615.15,44
2026-09-03 13:03:52,615.7,615.7,615.55,615.55,88
2026-09-03 13:04:58,615.7,616.1,615.7,616.1,5158
2026-09-03 13:05:56,616,616.5,615.95,616.5,5664
2026-09-03 13:06:56,616.3,616.3,615.8,615.8,37
2026-09-03 13:07:57,615.9,615.9,615.9,615.9,16
2026-09-03 13:08:57,616.15,616.15,615.8,615.8,126
2026-09-03 13:09:53,615.8,616.15,615.8,616.15,45
2026-09-03 13:10:46,616.2,616.2,616.2,616.2,15
2026-09-03 13:11:59,616.3,616.3,615.55,615.55,853
2026-09-03 13:12:58,615.7,616.2,615.7,616.2,26615
2026-09-03 13:13:59,616.5,616.8,616,616,26987
2026-09-03 13:14:59,616.3,617.8,616.3,617.8,29831
2026-09-03 13:15:57,617.25,617.65,617.25,617.25,2762
2026-09-03 13:16:56,617.25,617.3,616.9,617.3,389
2026-09-03 13:17:58,616.9,617.35,616.9,617.35,200
2026-09-03 13:18:54,617.05,617.35,617.05,617.35,101
2026-09-03 13:20:58,617.35,617.35,616.9,617,282
2026-09-03 13:21:57,617.05,617.05,616.6,616.6,149
2026-09-03 13:22:56,616.4,616.85,616.4,616.85,142
2026-09-03 13:23:59,616.4,616.75,616.4,616.75,47
2026-09-03 13:24:56,616.35,616.65,616.2,616.65,363
2026-09-03 13:25:58,616.6,616.6,616.6,616.6,100
2026-09-03 13:26:59,616,616.65,616,616.65,102
2026-09-03 13:27:55,616.25,616.65,616,616,722
2026-09-03 13:28:55,616.25,616.25,616.1,616.25,235
2026-09-03 13:30:50,616.55,616.6,616.3,616.4,155
2026-09-03 13:31:50,616.5,616.55,616.4,616.55,31
2026-09-03 13:32:55,616.65,616.65,616.65,616.65,204
2026-09-03 13:33:55,616.7,616.95,616.7,616.95,369
2026-09-03 13:34:49,616.95,616.95,616.65,616.65,115
2026-09-03 13:35:57,616.55,616.55,616.5,616.5,189
2026-09-03 13:36:57,616.5,616.5,616.4,616.4,67
2026-09-03 13:37:55,616.3,616.3,616.3,616.3,50
2026-09-03 13:38:56,616.5,616.5,616.05,616.05,872
2026-09-03 13:39:54,616,616,616,616,85
2026-09-03 13:40:57,616.15,616.4,616,616.4,1169
2026-09-03 13:41:58,616.45,616.45,615.85,615.85,263
2026-09-03 13:42:55,615.8,615.9,615.8,615.9,127
2026-09-03 13:43:56,616.35,616.35,615.95,616,159
2026-09-03 13:44:56,616,616.4,615.85,615.85,142
2026-09-03 13:45:59,616.3,616.3,615.95,615.95,19
2026-09-03 13:46:53,616,616.35,616,616,76
2026-09-03 13:47:56,615.85,615.85,615.85,615.85,100
2026-09-03 13:48:48,616.2,616.3,616.2,616.3,41
2026-09-03 13:49:56,615.9,616,615.9,616,26
2026-09-03 13:50:56,616,616,615.85,615.85,130
2026-09-03 13:51:56,616,616.05,616,616.05,76
2026-09-03 13:52:57,616,616.3,616,616.3,19
2026-09-03 13:53:44,616,616,616,616,57
2026-09-03 13:54:34,616,616,616,616,83
2026-09-03 13:55:54,616,616.2,616,616.2,218
2026-09-03 13:56:58,616,616.2,616,616.2,120
2026-09-03 13:57:54,616.1,616.1,616.1,616.1,25
2026-09-03 13:58:56,616.4,616.5,616.4,616.45,597
2026-09-03 13:59:58,616.55,616.55,616,616,525
2026-09-03 14:00:54,616.4,616.4,616.05,616.05,78
2026-09-03 14:01:55,616.15,616.15,616.15,616.15,210
2026-09-03 14:02:54,616.15,616.2,615.95,616.15,182
2026-09-03 14:03:59,615.75,616.1,615.75,616.1,168
2026-09-03 14:04:59,616,616,616,616,3
2026-09-03 14:05:57,615.8,615.8,615.8,615.8,27
2026-09-03 14:06:55,616,616.35,615.85,615.85,217
2026-09-03 14:07:58,616.35,617.2,616,617.2,3935
2026-09-03 14:08:58,617.1,617.3,616.65,616.65,422
2026-09-03 14:09:57,616.75,617.2,616.65,616.8,361
2026-09-03 14:10:54,616.8,617.35,616.7,617.2,465
2026-09-03 14:11:57,617.25,617.25,616.7,616.75,255
2026-09-03 14:12:56,617,617,616.6,616.6,251
2026-09-03 14:13:59,616.7,617.15,616.5,616.55,817
2026-09-03 14:14:51,617.05,617.05,616.6,616.65,22
2026-09-03 14:15:54,616.55,616.55,616.55,616.55,22
2026-09-03 14:16:54,616.95,616.95,616.5,616.5,542
2026-09-03 14:17:59,616.65,616.7,616.5,616.7,99
2026-09-03 14:18:58,616.7,616.85,616.7,616.7,171
2026-09-03 14:19:51,616.7,616.7,616.7,616.7,353
2026-09-03 14:20:51,616.7,616.7,616.4,616.4,351
2026-09-03 14:21:58,616.45,616.7,616.3,616.3,590
2026-09-03 14:22:55,616.3,616.7,616.3,616.35,561
2026-09-03 14:23:55,616.45,616.7,616.4,616.7,141
2026-09-03 14:24:55,616.7,616.7,616.25,616.7,540
2026-09-03 14:25:57,616.7,616.7,616.2,616.25,273
2026-09-03 14:26:58,616.6,616.6,616.25,616.5,234
2026-09-03 14:27:58,616.5,616.5,616.2,616.2,411
2026-09-03 14:28:53,616.2,616.3,616.05,616.3,437
2026-09-03 14:29:49,616.3,616.3,616.1,616.1,146
2026-09-03 14:30:51,616.15,616.3,616.15,616.3,112
2026-09-03 14:31:59,616.1,616.3,616.05,616.3,208
2026-09-03 14:32:57,616.05,616.3,616.05,616.3,136
2026-09-03 14:33:45,616.05,616.2,616.05,616.2,21
2026-09-03 14:34:58,616.2,616.2,616.05,616.05,16
2026-09-03 14:35:57,616,616.15,616,616.15,237
2026-09-03 14:36:55,616,616.2,616,616.2,275
2026-09-03 14:37:54,616.75,617.1,616.5,616.55,4194
2026-09-03 14:38:57,616.9,616.9,616.45,616.45,436
2026-09-03 14:39:57,616.8,616.8,616.45,616.45,271
2026-09-03 14:40:58,616.75,616.75,616.75,616.75,51
2026-09-03 14:41:54,616.8,616.8,616.75,616.75,98
2026-09-03 14:42:57,616.75,616.75,616.45,616.5,183
2026-09-03 14:43:54,616.3,616.3,616.2,616.2,106
2026-09-03 14:44:57,616.45,616.45,616.2,616.2,928
2026-09-03 14:45:56,616.45,616.45,616.1,616.3,337
2026-09-03 14:46:56,616.45,616.45,616.45,616.45,80
2026-09-03 14:47:55,616.45,616.45,616.4,616.4,58
2026-09-03 14:48:54,616.7,616.8,616.7,616.8,322
2026-09-03 14:49:59,616.8,616.8,616.3,616.3,207
2026-09-03 14:50:59,616.2,616.6,616.2,616.6,583
2026-09-03 14:51:59,616.45,616.6,616.1,616.1,1203
2026-09-03 14:52:54,616.45,616.55,616.2,616.35,196
2026-09-03 14:53:59,616.55,616.55,616.3,616.3,241
2026-09-03 14:54:54,616.3,616.55,616,616.45,1498
2026-09-03 14:55:59,615.65,615.7,615.2,615.7,14413
2026-09-03 14:56:54,615.9,616,615.7,615.7,221
2026-09-03 14:57:58,615.95,616,615.6,616,159
2026-09-03 14:58:56,616,616.35,615.75,616.05,1342
2026-09-03 14:59:55,616,616.3,615.85,615.85,9239
2026-09-03 15:00:57,615.55,616.1,615.3,615.55,3283
2026-09-03 15:01:53,615.6,615.9,615.4,615.85,963
2026-09-03 15:02:55,615.6,615.6,615.2,615.2,1856
2026-09-03 15:03:57,615.6,615.7,615.35,615.55,2070
2026-09-03 15:04:55,615.35,615.85,615.2,615.35,843
2026-09-03 15:05:58,615.45,615.45,614.45,614.55,3514
2026-09-03 15:06:55,615.35,615.35,614.65,614.9,2742
2026-09-03 15:07:54,614.9,614.9,614.7,614.8,624
2026-09-03 15:08:57,614.9,614.9,614.4,614.75,1722
2026-09-03 15:09:59,614.7,614.9,614.7,614.75,934
2026-09-03 15:10:58,614.75,614.75,613.75,614.15,2504
2026-09-03 15:11:56,614.1,614.1,613,613.85,23520
2026-09-03 15:12:54,614,614.8,614,614.5,4077
2026-09-03 15:13:57,614.5,614.5,612.95,613.75,1763
2026-09-03 15:14:58,613.85,613.9,613.1,613.75,1133
2026-09-03 15:15:56,613.95,614.25,613.5,614.1,1624
2026-09-03 15:16:56,613.9,613.95,613.75,613.95,345
2026-09-03 15:17:57,613.95,614,613.8,614,730
2026-09-03 15:18:58,614,614,613.8,613.9,768
2026-09-03 15:19:55,613.9,614.3,613.5,614.3,2700
2026-09-03 15:20:58,614,614.5,613.45,614.45,2504
2026-09-03 15:21:54,614.45,614.8,614.25,614.8,1013
2026-09-03 15:22:59,614.8,614.8,614.05,614.7,545
2026-09-03 15:23:56,614.1,614.75,614.1,614.75,886
2026-09-03 15:24:55,614.75,614.95,614.3,614.9,2881
2026-09-03 15:25:54,614.9,614.95,614.9,614.95,3148
2026-09-03 15:26:54,614.3,614.4,614,614,2090
2026-09-03 15:27:55,614.1,614.5,613.5,614.15,1975
2026-09-03 15:28:53,613.55,614,613.1,613.5,787
2026-09-03 15:29:57,613.9,614,613.1,613.1,2318
2026-09-03 15:30:01,614,614,614,614,74
2026-09-04 09:07:53,614,614,614,614,1612
2026-09-04 09:15:51,614.05,616.15,614.05,614.4,7347
2026-09-04 09:16:58,614.8,616.4,614.8,615,4028
2026-09-04 09:17:59,614.4,614.75,614.05,614.15,1834
2026-09-04 09:18:52,614.15,614.95,614.15,614.95,4313
2026-09-04 09:19:52,615.4,615.5,615.05,615.05,2438
2026-09-04 09:20:59,615.1,615.3,614.5,615,2049
2026-09-04 09:21:57,615.45,615.45,614.1,614.45,2814
2026-09-04 09:22:55,614.15,614.45,614.1,614.4,567
2026-09-04 09:23:59,614.55,615.3,614.4,615.3,1883
2026-09-04 09:24:55,615.3,615.5,614.95,614.95,1215
2026-09-04 09:25:52,614.85,614.9,614.5,614.8,1193
2026-09-04 09:26:55,614.8,614.8,614.5,614.75,1780
2026-09-04 09:27:58,614.55,614.9,614.55,614.55,681
2026-09-04 09:28:53,614.95,614.95,614.5,614.55,4897
2026-09-04 09:29:56,614.5,614.5,613.5,613.65,4631
2026-09-04 09:30:53,614,614.55,613.9,614.25,1215
2026-09-04 09:31:56,613.85,614,613.6,613.6,1124
2026-09-04 09:32:58,613.6,613.6,613.1,613.5,1235
2026-09-04 09:33:58,613.4,614.2,613.35,614.2,1048
2026-09-04 09:34:58,614.2,614.7,614.2,614.45,1879
2026-09-04 09:35:58,614.35,614.35,613.7,613.7,588
2026-09-04 09:36:58,614.3,614.35,614.1,614.35,669
2026-09-04 09:37:58,614.45,617.95,614.45,617.7,8603
2026-09-04 09:38:59,617.7,617.7,616.6,616.6,2660
2026-09-04 09:39:55,616.45,616.5,615.9,615.9,1024
2026-09-04 09:40:52,615.9,615.9,615.25,615.5,879
2026-09-04 09:41:58,615.5,615.5,615.05,615.4,803
2026-09-04 09:42:55,615.4,615.4,614.5,614.9,1419
2026-09-04 09:43:57,614.8,614.85,614.15,614.5,1789
2026-09-04 09:44:53,614.4,614.4,613.65,613.95,3702
2026-09-04 09:45:52,613.95,614.25,613.95,614.25,295
2026-09-04 09:46:56,614.3,615.25,614.3,614.65,1994
2026-09-04 09:47:53,614.6,615,614.6,614.7,511
2026-09-04 09:48:55,614.7,614.9,614.7,614.75,991
2026-09-04 09:49:57,614.45,614.75,614.45,614.75,51
2026-09-04 09:50:58,614.45,614.5,614.15,614.5,584
2026-09-04 09:51:59,614.15,614.95,614.15,614.8,1012
2026-09-04 09:52:57,614.85,615,614.6,614.65,563
2026-09-04 09:53:57,614.9,615.35,614.55,614.9,1440
2026-09-04 09:54:58,615.45,615.45,614.9,615.25,2048
2026-09-04 09:55:58,615,615,614.95,615,475
2026-09-04 09:56:58,614.85,614.85,614.4,614.85,1206
2026-09-04 09:57:58,614.85,615,614.75,615,199
2026-09-04 09:58:57,614.9,615.3,614.9,615.3,651
2026-09-04 09:59:57,614.75,615.15,614.45,614.8,6368
2026-09-04 10:00:56,614.8,614.95,614.55,614.9,301
2026-09-04 10:01:59,614.9,615.3,614.9,615.05,1893
2026-09-04 10:02:55,615.3,616,615.3,615.85,7138
2026-09-04 10:03:57,615.8,617.6,615.8,617.6,13690
2026-09-04 10:04:55,617.7,617.75,617,617.1,2135
2026-09-04 10:05:55,617.1,617.5,616.7,616.7,1837
2026-09-04 10:06:59,616.8,616.8,616.3,616.65,1106
2026-09-04 10:07:56,616.3,617.35,616.3,617.35,1378
2026-09-04 10:08:54,617.35,617.35,616.7,616.7,828
2026-09-04 10:09:59,616.85,616.95,616.4,616.55,1037
2026-09-04 10:10:55,616.55,616.95,616.5,616.75,612
2026-09-04 10:11:57,617.15,619.7,616.65,618.3,13902
2026-09-04 10:12:59,617.85,618.75,617.85,618.75,1473
2026-09-04 10:13:56,618.4,618.65,618.25,618.5,997
2026-09-04 10:14:57,618.5,618.5,617.8,617.8,1021
2026-09-04 10:15:56,618,618,617.9,617.9,1516
2026-09-04 10:16:58,617.9,618.45,617.9,618.25,5900
2026-09-04 10:17:54,618.15,618.4,617.75,617.75,836
2026-09-04 10:18:54,617.75,618.2,617.6,618.2,673
2026-09-04 10:19:56,618.2,618.25,617.6,617.6,9085
2026-09-04 10:20:57,617.95,617.95,617.55,617.55,2169
2026-09-04 10:21:57,617.5,617.85,617.2,617.8,869
2026-09-04 10:22:56,617.45,617.8,617.45,617.45,413
2026-09-04 10:23:55,617.85,619.8,617.85,618.8,15991
2026-09-04 10:24:58,618.6,618.65,618.2,618.2,861
2026-09-04 10:25:59,618.2,618.65,618.2,618.65,973
2026-09-04 10:26:57,618.6,618.65,618.35,618.4,1004
2026-09-04 10:27:55,618.5,618.8,618.45,618.5,428
2026-09-04 10:28:58,618.4,618.4,618.1,618.35,1290
2026-09-04 10:29:55,618.35,618.35,617.65,618,659
2026-09-04 10:30:55,618.15,618.15,617.65,617.85,1045
2026-09-04 10:31:55,617.4,617.7,617,617,2292
2026-09-04 10:32:58,617,617.2,617,617,530
2026-09-04 10:33:56,616.85,616.85,616.45,616.45,968
2026-09-04 10:34:55,616.5,617,616.5,616.5,624
2026-09-04 10:35:59,616.5,616.95,616.5,616.5,933
2026-09-04 10:36:57,616.75,616.75,616.3,616.3,354
2026-09-04 10:37:55,616.65,616.65,616.15,616.25,443
2026-09-04 10:38:57,616.65,617.15,616.4,617.15,1024
2026-09-04 10:39:58,616.8,617.1,616.8,616.85,377
2026-09-04 10:40:54,616.8,617.3,616.8,617.25,1172
2026-09-04 10:41:57,617.3,617.3,616.9,617.3,562
2026-09-04 10:42:58,617.4,617.75,616.75,617.25,1553
2026-09-04 10:43:54,617.25,617.25,617.25,617.25,82
2026-09-04 10:44:50,617.5,617.5,617.05,617.05,120
2026-09-04 10:45:57,617.05,617.35,617,617.1,136
2026-09-04 10:46:58,617,617,616.75,617,126
2026-09-04 10:47:59,616.95,617.2,616.6,617.2,1155
2026-09-04 10:48:54,617.1,617.1,616.55,616.95,563
2026-09-04 10:49:58,616.55,617,616.55,616.95,256
2026-09-04 10:50:58,616.6,616.6,616.6,616.6,30
2026-09-04 10:51:37,616.6,616.7,616.6,616.6,95
2026-09-04 10:52:57,616.65,616.8,616.3,616.4,403
2026-09-04 10:53:55,616.4,616.4,616.25,616.3,298
2026-09-04 10:54:59,616.3,616.45,616.05,616.45,240
2026-09-04 10:55:59,616.5,616.5,616.1,616.2,961
2026-09-04 10:56:57,616.6,616.6,616.2,616.2,307
2026-09-04 10:57:56,616.1,616.5,616.1,616.5,112
2026-09-04 10:58:52,616.5,616.5,616.1,616.5,97
2026-09-04 10:59:59,616.1,616.15,616,616,1952
2026-09-04 11:00:58,615.5,615.7,615.5,615.7,2116
2026-09-04 11:01:54,615.7,616.05,615.6,615.6,1152
2026-09-04 11:02:54,615.7,615.7,615.5,615.5,226
2026-09-04 11:03:54,615.35,615.5,615.35,615.5,109
2026-09-04 11:04:59,615.7,616.25,615.7,616.25,4612
2026-09-04 11:05:58,616.4,616.4,616.05,616.2,113
2026-09-04 11:06:58,616.05,616.05,615.6,615.85,1132
2026-09-04 11:07:58,615.9,616,615.75,615.8,232
2026-09-04 11:08:54,615.9,615.9,615.35,615.35,562
2026-09-04 11:09:56,615.25,615.85,615.25,615.75,174
2026-09-04 11:10:57,615.8,615.8,615.15,615.15,493
2026-09-04 11:11:57,615.15,615.75,615.15,615.65,454
2026-09-04 11:12:57,615.25,615.6,615.25,615.6,436
2026-09-04 11:13:57,615.8,615.8,615.6,615.8,1333
2026-09-04 11:14:55,615.8,616.05,615.65,616.05,440
2026-09-04 11:15:59,616.05,616.05,615.7,616.05,65
2026-09-04 11:16:59,616.05,616.05,615.55,615.55,603
2026-09-04 11:17:58,615.9,615.9,615.8,615.9,97
2026-09-04 11:18:59,615.6,615.95,615.6,615.85,758
2026-09-04 11:19:59,615.85,615.85,615.5,615.55,54
2026-09-04 11:20:59,615.85,616.45,615.6,616.35,11210
2026-09-04 11:21:47,616,616.15,616,616.1,1065
2026-09-04 11:22:58,616.1,616.1,615.75,616.1,95
2026-09-04 11:23:59,616.1,616.1,615.75,615.95,575
2026-09-04 11:24:58,615.7,616.2,615.65,615.65,489
2026-09-04 11:25:58,615.5,615.85,615.5,615.65,347
2026-09-04 11:26:58,616,616,615.55,615.55,324
2026-09-04 11:27:59,615.65,616.05,615.65,615.75,313
2026-09-04 11:28:59,615.8,616.1,615.8,616.1,2
2026-09-04 11:29:59,615.5,615.5,615.5,615.5,970
2026-09-04 11:30:54,615.85,616.1,615.85,616,224
2026-09-04 11:31:59,616.1,616.1,615.9,616.05,389
2026-09-04 11:32:56,616.05,616.05,615.65,615.7,11
2026-09-04 11:33:56,616,616,615.7,615.95,8
2026-09-04 11:34:57,615.95,616,615.5,615.5,2557
2026-09-04 11:35:54,615.3,615.6,615.3,615.3,186
2026-09-04 11:36:57,615.3,615.85,615.3,615.85,223
2026-09-04 11:37:56,615.8,615.85,615.4,615.7,155
2026-09-04 11:38:56,615.5,615.8,615.5,615.7,304
2026-09-04 11:39:58,615.3,615.6,615.3,615.6,1135
2026-09-04 11:40:58,615.55,615.55,615.5,615.5,1076
2026-09-04 11:41:56,615.5,615.5,615.1,615.5,57
2026-09-04 11:42:56,615.1,615.6,615.1,615.6,150
2026-09-04 11:43:51,615.2,615.5,615.2,615.5,110
2026-09-04 11:44:59,615.5,615.5,615.1,615.15,108
2026-09-04 11:45:59,615.6,615.65,615.6,615.65,200
2026-09-04 11:46:58,615.25,615.6,615.25,615.6,31
2026-09-04 11:47:57,615.35,615.8,615.3,615.3,469
2026-09-04 11:48:56,615.7,615.7,615.05,615.7,2374
2026-09-04 11:49:59,615.8,616.4,615.7,615.8,4174
2026-09-04 11:50:59,615.65,615.85,615.45,615.45,1175
2026-09-04 11:51:58,615.3,615.6,615.3,615.6,194
2026-09-04 11:52:55,616.1,616.1,616.1,616.1,1100
2026-09-04 11:53:59,615.55,616,615.55,616,370
2026-09-04 11:54:56,616,616.2,615.6,616.2,113
2026-09-04 11:55:59,616.1,616.15,616.1,616.1,2242
2026-09-04 11:56:54,616.25,616.95,616.1,616.1,16401
2026-09-04 11:57:55,616.5,616.5,616.15,616.5,35
2026-09-04 11:58:53,616.5,616.65,616.4,616.6,332
2026-09-04 11:59:56,616.75,616.75,616.4,616.4,864
2026-09-04 12:00:55,616.1,616.4,616.1,616.4,620
2026-09-04 12:01:55,616.2,616.2,616.1,616.1,244
2026-09-04 12:02:55,616.1,616.4,616,616.3,1070
2026-09-04 12:03:58,616.5,616.5,616.15,616.5,817
2026-09-04 12:04:59,616.4,616.6,616.4,616.6,258
2026-09-04 12:05:53,616.2,616.6,616.2,616.45,227
2026-09-04 12:06:56,616.45,616.7,616.4,616.7,78
2026-09-04 12:07:57,616.45,616.65,616.45,616.65,148
2026-09-04 12:08:49,616.3,616.7,616.3,616.7,56
2026-09-04 12:09:56,616.7,616.7,616.25,616.45,352
2026-09-04 12:10:54,616,616.5,616,616.5,108
2026-09-04 12:11:59,616.45,616.45,616,616.25,157
2026-09-04 12:12:56,616.25,616.25,615.85,615.95,248
2026-09-04 12:13:54,615.9,616.05,615.9,616.05,514
2026-09-04 12:14:55,616.05,616.4,615.95,616.4,20
2026-09-04 12:15:54,615.95,615.95,615.7,615.7,93
2026-09-04 12:16:57,616,616,615.65,615.95,118
2026-09-04 12:17:55,615.95,615.95,615.95,615.95,16
2026-09-04 12:18:58,615.65,616.2,615.65,615.8,178
2026-09-04 12:19:51,616.2,616.2,616.2,616.2,5
2026-09-04 12:20:57,616,616,615.1,615.45,441
2026-09-04 12:21:59,615.05,615.4,615.05,615.1,196
2026-09-04 12:22:54,615.45,615.45,615.45,615.45,49
2026-09-04 12:23:56,615.35,615.35,615.35,615.35,121
2026-09-04 12:24:58,615.05,615.35,615.05,615.1,231
2026-09-04 12:25:55,615.15,615.15,615.15,615.15,499
2026-09-04 12:26:57,615.35,615.35,615.1,615.1,3515
2026-09-04 12:27:58,615,615.4,615,615.4,619
2026-09-04 12:28:55,615.25,615.55,615.25,615.55,122
2026-09-04 12:29:54,615.3,615.7,615.3,615.6,64
2026-09-04 12:30:58,615.65,615.65,615.65,615.65,10
2026-09-04 12:31:50,615.8,615.8,615.8,615.8,17
2026-09-04 12:32:57,615.45,615.85,615.45,615.85,27
2026-09-04 12:33:55,615.85,615.9,615.65,615.65,73
2026-09-04 12:34:56,615.05,615.4,615,615.4,946
2026-09-04 12:35:59,615.4,615.55,615.3,615.55,118
2026-09-04 12:36:45,615.3,615.55,615.3,615.3,225
2026-09-04 12:37:57,615.25,615.25,615.25,615.25,106
2026-09-04 12:38:57,615.3,615.9,615.3,615.9,351
2026-09-04 12:39:55,615.35,615.65,615.35,615.65,37
2026-09-04 12:40:55,615.3,615.7,615.3,615.5,372
2026-09-04 12:41:59,615.5,615.5,615.2,615.5,98
2026-09-04 12:43:51,615.05,615.05,615.05,615.05,200
2026-09-04 12:44:58,615.2,615.2,615.2,615.2,10
2026-09-04 12:45:51,615,615.15,615,615.15,188
2026-09-04 12:46:59,615.15,615.15,615,615,183
2026-09-04 12:47:58,615.15,615.5,615.05,615.3,1054
2026-09-04 12:48:55,615.3,615.3,615,615,500
2026-09-04 12:49:58,615.05,615.05,615,615,790
2026-09-04 12:50:58,615.05,615.4,615.05,615.35,335
2026-09-04 12:51:46,615.25,615.25,615,615.25,1372
2026-09-04 12:52:52,615.2,615.25,615,615.25,116
2026-09-04 12:54:56,615.2,615.5,615.2,615.5,268
2026-09-04 12:55:52,615.4,615.45,615.4,615.45,136
2026-09-04 12:56:54,615.45,615.45,615.1,615.1,271
2026-09-04 12:57:56,615.2,615.2,614.7,614.7,1629
2026-09-04 12:58:56,614.7,614.75,614.7,614.75,115
2026-09-04 12:59:50,614.75,615.05,614.7,615.05,491
2026-09-04 13:00:55,614.7,615.1,614.7,614.75,316
2026-09-04 13:01:46,615.1,615.1,615.1,615.1,47
2026-09-04 13:02:57,615.1,615.1,614.7,615.05,197
2026-09-04 13:03:57,615.1,615.1,614.75,614.75,20
2026-09-04 13:04:56,615.05,615.05,615.05,615.05,17
2026-09-04 13:05:47,615.05,615.05,615.05,615.05,618
2026-09-04 13:06:58,614.75,615.05,614.75,614.75,62
2026-09-04 13:07:55,614.75,614.9,614.7,614.7,314
2026-09-04 13:08:58,614.6,615,614.5,615,1902
2026-09-04 13:09:57,615,615,614.7,614.7,22
2026-09-04 13:10:57,615.1,615.5,614.95,615.5,522
2026-09-04 13:11:57,615.5,615.5,615.05,615.05,195
2026-09-04 13:12:58,615.55,615.55,615.5,615.55,18
2026-09-04 13:13:58,615.15,615.25,615.15,615.25,144
2026-09-04 13:14:51,615.25,615.7,615.25,615.3,1120
2026-09-04 13:15:56,615.25,615.55,615.2,615.2,22
2026-09-04 13:16:57,615.55,615.55,615.15,615.15,411
2026-09-04 13:17:53,615.5,615.5,615.5,615.5,251
2026-09-04 13:18:59,615.1,615.5,615.1,615.5,445
2026-09-04 13:19:51,615.6,615.6,615.05,615.05,355
2026-09-04 13:20:57,615.2,615.2,615.1,615.1,296
2026-09-04 13:21:59,615.1,615.1,615,615,539
2026-09-04 13:22:54,615.35,615.35,615.35,615.35,82
2026-09-04 13:23:59,615,615.35,615,615,140
2026-09-04 13:24:54,615.4,615.4,615,615,17
2026-09-04 13:25:55,615.55,615.55,615.05,615.05,224
2026-09-04 13:26:58,615.05,615.55,615.05,615.55,52
2026-09-04 13:27:55,615.1,615.65,615.1,615.2,206
2026-09-04 13:28:56,615.25,615.25,615.1,615.1,172
2026-09-04 13:29:57,615.5,615.5,615,615,2240
2026-09-04 13:30:58,615.45,615.5,615.1,615.1,88
2026-09-04 13:31:53,615.05,615.4,615.05,615.35,108
2026-09-04 13:32:55,615,615.3,614.55,614.85,1016
2026-09-04 13:33:58,614.6,615,614.6,615,75
2026-09-04 13:34:53,614.85,614.85,614.85,614.85,52
2026-09-04 13:35:57,614.5,614.55,614.5,614.55,37
2026-09-04 13:37:51,614.55,614.55,614.55,614.55,59
2026-09-04 13:38:52,615,615,615,615,147
2026-09-04 13:39:53,615,615,615,615,18
2026-09-04 13:40:55,615,615,614.55,614.9,210
2026-09-04 13:41:58,614.9,614.9,614.55,614.55,100
2026-09-04 13:42:58,614.55,614.85,614.55,614.55,310
2026-09-04 13:43:55,614.8,614.85,614.55,614.85,962
2026-09-04 13:44:55,615,615.15,614.55,614.8,3001
2026-09-04 13:45:58,614.8,615,614.8,615,193
2026-09-04 13:46:55,615.15,615.15,614.8,615,196
2026-09-04 13:47:56,615,615,614.8,614.8,207
2026-09-04 13:48:58,615,615,614.8,614.8,29
2026-09-04 13:49:55,615,615,614.8,615,242
2026-09-04 13:50:54,615.2,615.3,615.2,615.3,268
2026-09-04 13:51:59,615.2,615.3,615.2,615.25,566
2026-09-04 13:52:54,615.25,615.25,614.8,614.8,1035
2026-09-04 13:53:59,615,615,614.8,615,82
2026-09-04 13:54:59,614.8,614.8,614.8,614.8,165
2026-09-04 13:55:55,614.8,615,614.8,615,207
2026-09-04 13:56:45,615,615,614.5,614.5,2010
2026-09-04 13:58:57,614.85,615,614.55,615,563
2026-09-04 13:59:58,614.9,614.9,614.5,614.5,46
2026-09-04 14:00:57,614.5,614.5,614.5,614.5,96
2026-09-04 14:01:55,614.5,614.8,614.5,614.8,83
2026-09-04 14:02:59,614.8,614.8,614.5,614.8,207
2026-09-04 14:03:57,614.8,614.85,614.8,614.8,498
2026-09-04 14:04:50,614.9,614.95,614.7,614.95,209
2026-09-04 14:05:59,615,615,614.65,614.65,38
2026-09-04 14:06:48,615,615,614.6,615,37
2026-09-04 14:07:57,615.05,615.05,614.65,614.95,241
2026-09-04 14:08:47,614.65,614.65,614.65,614.65,117
2026-09-04 14:09:55,615,615,614.95,614.95,187
2026-09-04 14:10:54,614.65,614.65,614.5,614.55,982
2026-09-04 14:11:58,614.55,614.55,614.5,614.5,282
2026-09-04 14:12:59,614.45,614.9,614.45,614.9,878
2026-09-04 14:13:58,614.8,614.8,614.75,614.75,85
2026-09-04 14:14:43,614.75,614.75,614.4,614.4,73
2026-09-04 14:15:56,614.3,614.3,614.05,614.15,1621
2026-09-04 14:16:57,614.45,614.45,614.05,614.05,239
2026-09-04 14:17:56,614.45,614.45,614.1,614.1,40
2026-09-04 14:18:56,614.05,614.45,613.55,613.55,6805
2026-09-04 14:19:57,612.55,613,612.55,612.95,2006
2026-09-04 14:20:56,613,613.15,612.95,613.15,142
2026-09-04 14:21:56,613.3,613.3,613.05,613.3,156
2026-09-04 14:22:51,613.35,613.35,613.05,613.3,250
2026-09-04 14:23:57,613.3,613.3,612.9,613.1,2897
2026-09-04 14:24:57,613.1,613.1,612.7,613,413
2026-09-04 14:25:59,613,613,613,613,10
2026-09-04 14:26:56,613.15,613.15,613,613,117
2026-09-04 14:27:58,613.25,613.35,613,613.3,899
2026-09-04 14:28:59,613,613.4,613,613.1,95
2026-09-04 14:29:58,613.15,613.15,612.9,612.9,2050
2026-09-04 14:30:59,613.05,613.25,613,613.25,47
2026-09-04 14:31:55,613.05,613.2,612.2,612.65,9225
2026-09-04 14:32:56,612.65,612.9,612.3,612.9,933
2026-09-04 14:33:56,612.5,612.85,612.5,612.5,978
2026-09-04 14:34:58,612.5,613,612.5,613,605
2026-09-04 14:35:55,612.85,612.85,612.5,612.55,960
2026-09-04 14:36:56,612.55,612.85,612.55,612.85,395
2026-09-04 14:37:58,612.85,612.85,612.5,612.75,1300
2026-09-04 14:38:56,612.5,613,612.5,612.7,1556
2026-09-04 14:39:57,612.7,612.85,612.5,612.8,236
2026-09-04 14:40:54,612.8,612.8,612,612.4,2742
2026-09-04 14:41:57,612.65,612.65,612.3,612.65,490
2026-09-04 14:42:55,612.65,612.7,612.5,612.7,291
2026-09-04 14:43:59,612.75,612.9,612.7,612.85,1771
2026-09-04 14:44:59,612.9,612.9,612.7,612.85,768
2026-09-04 14:45:59,612.85,612.85,612.5,612.55,414
2026-09-04 14:46:59,612.5,612.65,612.25,612.6,1271
2026-09-04 14:47:58,612.6,612.6,612.55,612.55,294
2026-09-04 14:48:57,612.55,612.85,612.2,612.85,812
2026-09-04 14:49:57,612.85,612.85,612.6,612.8,364
2026-09-04 14:50:58,613,613,612.55,612.55,1367
2026-09-04 14:51:58,612.55,612.8,612.45,612.8,322
2026-09-04 14:52:59,612.8,613,612.65,613,2925
2026-09-04 14:53:56,613.05,613.05,612.8,612.9,233
2026-09-04 14:54:53,612.95,613,612.75,612.9,163
2026-09-04 14:55:56,612.7,612.8,612.55,612.6,797
2026-09-04 14:56:55,612.7,613.15,612.7,612.7,2317
2026-09-04 14:57:59,612.75,612.95,612.7,612.7,609
2026-09-04 14:58:59,612.7,612.8,612.5,612.75,1722
2026-09-04 14:59:58,612.75,612.75,612.5,612.75,418
2026-09-04 15:00:58,612.85,613.05,612.8,613.05,619
2026-09-04 15:01:59,613.35,613.4,613.15,613.25,531
2026-09-04 15:02:58,613.25,613.5,613.25,613.5,1974
2026-09-04 15:03:57,613.3,613.5,613,613.35,1711
2026-09-04 15:04:56,613.1,613.35,613.05,613.25,475
2026-09-04 15:05:53,613.3,613.3,612.9,613,468
2026-09-04 15:06:59,613.2,613.35,612.7,612.7,1431
2026-09-04 15:07:57,613,613,612.3,612.5,2887
2026-09-04 15:08:54,612.45,612.5,612.3,612.3,478
2026-09-04 15:09:58,612.25,612.35,612.2,612.2,2430
2026-09-04 15:10:54,612.4,612.75,612.4,612.75,2308
2026-09-04 15:11:57,612.4,612.4,611,611.25,9547
2026-09-04 15:12:58,611.25,611.7,610.55,611.7,4151
2026-09-04 15:13:54,611.5,611.75,611,611,9614
2026-09-04 15:14:55,611.35,611.75,611.35,611.75,1862
2026-09-04 15:15:56,611.1,611.55,611.1,611.55,281
2026-09-04 15:16:58,611.6,611.65,611.45,611.45,1473
2026-09-04 15:17:56,611.65,611.65,611.45,611.55,985
2026-09-04 15:18:57,611.55,612.15,611,611.8,5692
2026-09-04 15:19:56,612.1,612.45,612.05,612.4,3721
2026-09-04 15:20:54,612.35,612.75,612.35,612.65,4621
2026-09-04 15:21:59,612.75,613.1,612.75,613.1,2086
2026-09-04 15:22:56,613.05,613.8,612.95,613.8,1646
2026-09-04 15:23:54,613.55,614,613.55,614,942
2026-09-04 15:24:59,613.85,614.35,613.65,614.15,1769
2026-09-04 15:25:54,614.05,614.75,613.4,614.75,4106
2026-09-04 15:26:55,614.3,614.3,613.6,613.65,929
2026-09-04 15:27:57,613.95,614.3,613.5,614.3,2501
2026-09-04 15:28:58,614.3,614.85,614,614.05,1865
2026-09-04 15:29:56,614.7,614.7,614,614.65,1525
2026-09-04 15:30:01,614,614,614,614,220
