timestamp_ist,open,high,low,close,volume
2026-08-04 09:07:31,143.47,143.47,143.47,143.47,33951
2026-08-04 09:15:58,143.26,143.26,142.4,142.85,239881
2026-08-04 09:16:52,142.84,142.97,142.84,142.96,51858
2026-08-04 09:17:54,142.96,143.07,142.96,143.04,71475
2026-08-04 09:18:55,143.06,143.2,142.97,142.97,37593
2026-08-04 09:19:55,142.84,142.98,142.84,142.98,57188
2026-08-04 09:20:54,142.94,143.01,142.87,142.9,34437
2026-08-04 09:21:58,142.85,142.9,142.83,142.88,21313
2026-08-04 09:22:54,142.89,142.9,142.8,142.9,22370
2026-08-04 09:23:56,142.89,143.1,142.89,143.07,36158
2026-08-04 09:24:59,143.03,143.03,142.93,142.98,32468
2026-08-04 09:25:52,142.97,143,142.95,143,10581
2026-08-04 09:26:52,143.13,143.13,142.91,142.91,28251
2026-08-04 09:27:52,142.92,142.92,142.87,142.87,7514
2026-08-04 09:28:52,142.85,142.9,142.85,142.89,45751
2026-08-04 09:29:59,142.89,142.94,142.75,142.75,46353
2026-08-04 09:30:59,142.77,142.9,142.77,142.9,61436
2026-08-04 09:31:58,142.89,142.97,142.89,142.92,8501
2026-08-04 09:32:56,142.93,142.96,142.93,142.95,14856
2026-08-04 09:33:54,142.95,142.96,142.92,142.92,12827
2026-08-04 09:34:58,142.93,142.99,142.9,142.99,14538
2026-08-04 09:35:55,142.98,143.06,142.97,143.02,21797
2026-08-04 09:36:58,143.04,143.07,142.94,142.94,21085
2026-08-04 09:37:54,142.91,142.97,142.9,142.95,14246
2026-08-04 09:38:57,142.95,143.13,142.92,143.13,23337
2026-08-04 09:39:54,143.12,143.19,143.1,143.19,23877
2026-08-04 09:40:58,143.27,143.27,143.13,143.15,60587
2026-08-04 09:41:55,143.15,143.18,143.13,143.18,8752
2026-08-04 09:42:56,143.24,143.24,143.1,143.12,19815
2026-08-04 09:43:59,143.14,143.15,143.08,143.15,23161
2026-08-04 09:44:55,143.12,143.15,143.09,143.1,12473
2026-08-04 09:45:58,143.14,143.2,143.14,143.15,8010
2026-08-04 09:46:58,143.17,143.17,143.1,143.11,12121
2026-08-04 09:47:59,143.11,143.23,143.11,143.23,35425
2026-08-04 09:48:59,143.3,143.4,143.22,143.22,28175
2026-08-04 09:49:59,143.12,143.22,143.06,143.21,47991
2026-08-04 09:50:59,143.2,143.23,143.1,143.17,27335
2026-08-04 09:51:59,143.2,143.39,143.13,143.36,31351
2026-08-04 09:52:54,143.33,143.36,143.26,143.3,20128
2026-08-04 09:53:59,143.24,143.29,143.17,143.2,11164
2026-08-04 09:54:57,143.21,143.22,143.17,143.17,6514
2026-08-04 09:55:54,143.2,143.32,143.17,143.27,10037
2026-08-04 09:56:59,143.27,143.28,143.25,143.25,11704
2026-08-04 09:57:59,143.25,143.26,143.22,143.24,8996
2026-08-04 09:58:56,143.22,143.28,143.22,143.25,7636
2026-08-04 09:59:58,143.27,143.27,143.24,143.25,7630
2026-08-04 10:00:55,143.3,143.32,143.3,143.32,12842
2026-08-04 10:01:57,143.32,143.32,143.25,143.25,62125
2026-08-04 10:02:58,143.29,143.3,143.25,143.27,5570
2026-08-04 10:03:58,143.27,143.27,143.24,143.24,8624
2026-08-04 10:04:54,143.24,143.29,143.2,143.26,13344
2026-08-04 10:05:59,143.57,143.65,143.48,143.5,127875
2026-08-04 10:06:55,143.53,143.69,143.5,143.6,34989
2026-08-04 10:07:55,143.51,143.58,143.47,143.57,12913
2026-08-04 10:08:54,143.52,143.55,143.5,143.5,23272
2026-08-04 10:09:57,143.5,143.5,143.48,143.49,10360
2026-08-04 10:10:57,143.5,143.55,143.48,143.55,18691
2026-08-04 10:11:58,143.55,143.55,143.53,143.55,14156
2026-08-04 10:12:58,143.59,143.6,143.57,143.59,23930
2026-08-04 10:13:56,143.66,143.66,143.59,143.64,18496
2026-08-04 10:14:54,143.64,143.66,143.64,143.66,24129
2026-08-04 10:15:58,143.67,143.67,143.57,143.6,15045
2026-08-04 10:16:57,143.6,143.63,143.55,143.62,29271
2026-08-04 10:17:54,143.62,143.63,143.58,143.61,16045
2026-08-04 10:18:54,143.75,143.82,143.71,143.71,84200
2026-08-04 10:19:57,143.71,143.75,143.71,143.75,13034
2026-08-04 10:20:55,143.73,143.74,143.65,143.66,19718
2026-08-04 10:21:58,143.66,143.67,143.56,143.62,13809
2026-08-04 10:22:54,143.62,143.62,143.57,143.61,12761
2026-08-04 10:23:57,143.62,143.62,143.55,143.55,14783
2026-08-04 10:24:55,143.55,143.55,143.54,143.55,8207
2026-08-04 10:25:57,143.55,143.7,143.55,143.57,24792
2026-08-04 10:26:58,143.57,143.61,143.53,143.53,12071
2026-08-04 10:27:56,143.55,143.56,143.5,143.53,6056
2026-08-04 10:28:56,143.53,143.55,143.52,143.52,13327
2026-08-04 10:29:57,143.52,143.59,143.51,143.56,9309
2026-08-04 10:30:58,143.59,143.61,143.55,143.55,14049
2026-08-04 10:31:54,143.55,143.59,143.54,143.55,8459
2026-08-04 10:32:59,143.55,143.59,143.55,143.55,15922
2026-08-04 10:33:59,143.55,143.59,143.55,143.59,5166
2026-08-04 10:34:58,143.59,143.7,143.56,143.62,46554
2026-08-04 10:35:58,143.62,143.62,143.58,143.6,9347
2026-08-04 10:36:59,143.54,143.62,143.54,143.62,7583
2026-08-04 10:37:54,143.57,143.65,143.57,143.62,12457
2026-08-04 10:38:59,143.65,143.65,143.51,143.51,28182
2026-08-04 10:39:59,143.57,143.59,143.56,143.56,69780
2026-08-04 10:40:58,143.54,143.55,143.48,143.54,16597
2026-08-04 10:41:56,143.55,143.6,143.55,143.59,16253
2026-08-04 10:42:59,143.59,143.65,143.59,143.65,10721
2026-08-04 10:43:58,143.64,143.65,143.64,143.65,7538
2026-08-04 10:44:56,143.65,143.65,143.6,143.61,15488
2026-08-04 10:45:56,143.6,143.65,143.6,143.61,4058
2026-08-04 10:46:57,143.65,143.7,143.61,143.7,19314
2026-08-04 10:47:59,143.7,143.7,143.61,143.65,20069
2026-08-04 10:48:58,143.65,143.65,143.61,143.61,9178
2026-08-04 10:49:55,143.62,143.63,143.61,143.63,5813
2026-08-04 10:50:58,143.63,143.65,143.63,143.65,10068
2026-08-04 10:51:56,143.65,143.65,143.55,143.56,26986
2026-08-04 10:52:57,143.55,143.56,143.52,143.54,11255
2026-08-04 10:53:55,143.54,143.56,143.53,143.53,9907
2026-08-04 10:54:59,143.54,143.54,143.51,143.52,7988
2026-08-04 10:55:56,143.52,143.53,143.51,143.53,5652
2026-08-04 10:56:56,143.53,143.54,143.4,143.4,25115
2026-08-04 10:57:58,143.47,143.49,143.44,143.45,9505
2026-08-04 10:58:59,143.49,143.5,143.45,143.45,4694
2026-08-04 10:59:56,143.45,143.54,143.45,143.5,10106
2026-08-04 11:00:56,143.53,143.69,143.53,143.69,15426
2026-08-04 11:01:57,143.64,143.65,143.64,143.65,14039
2026-08-04 11:02:58,143.63,143.69,143.63,143.65,7845
2026-08-04 11:03:58,143.67,143.68,143.65,143.67,6619
2026-08-04 11:04:56,143.65,143.69,143.65,143.65,6496
2026-08-04 11:05:57,143.7,143.7,143.65,143.68,9437
2026-08-04 11:06:56,143.69,143.69,143.65,143.68,8436
2026-08-04 11:07:56,143.65,143.66,143.63,143.65,11503
2026-08-04 11:08:59,143.66,143.75,143.65,143.75,21060
2026-08-04 11:09:55,143.74,143.75,143.7,143.74,15283
2026-08-04 11:10:56,143.7,143.75,143.7,143.74,10623
2026-08-04 11:11:57,143.78,143.8,143.7,143.7,47846
2026-08-04 11:12:58,143.76,143.76,143.7,143.73,6779
2026-08-04 11:13:57,143.72,143.75,143.65,143.65,9038
2026-08-04 11:14:55,143.71,143.71,143.65,143.67,4832
2026-08-04 11:15:59,143.67,143.73,143.67,143.67,16255
2026-08-04 11:16:57,143.67,143.67,143.63,143.67,8169
2026-08-04 11:17:57,143.63,143.63,143.6,143.62,6730
2026-08-04 11:18:57,143.62,143.62,143.45,143.47,21060
2026-08-04 11:19:56,143.46,143.47,143.45,143.46,7243
2026-08-04 11:20:58,143.54,143.54,143.48,143.48,37147
2026-08-04 11:21:58,143.5,143.5,143.45,143.48,15667
2026-08-04 11:22:56,143.48,143.55,143.47,143.47,31783
2026-08-04 11:23:59,143.49,143.5,143.45,143.45,10796
2026-08-04 11:24:57,143.42,143.48,143.42,143.46,5185
2026-08-04 11:25:56,143.46,143.46,143.28,143.31,32344
2026-08-04 11:26:59,143.3,143.36,143.3,143.32,3567
2026-08-04 11:27:55,143.36,143.4,143.33,143.35,12624
2026-08-04 11:28:58,143.35,143.35,143.22,143.25,29058
2026-08-04 11:29:58,143.25,143.35,143.24,143.35,8753
2026-08-04 11:30:59,143.35,143.35,143.29,143.3,6669
2026-08-04 11:31:58,143.35,143.36,143.17,143.17,59336
2026-08-04 11:32:56,143.17,143.18,143.12,143.15,17913
2026-08-04 11:33:58,143.15,143.15,143.11,143.14,7355
2026-08-04 11:34:56,143.13,143.13,142.86,142.9,71797
2026-08-04 11:35:59,142.81,142.92,142.81,142.82,20286
2026-08-04 11:36:56,142.82,142.83,142.7,142.73,47249
2026-08-04 11:37:59,142.68,142.82,142.65,142.78,18797
2026-08-04 11:38:59,142.78,142.86,142.76,142.79,19478
2026-08-04 11:39:58,142.8,142.86,142.79,142.86,11395
2026-08-04 11:40:59,142.86,142.89,142.81,142.83,23293
2026-08-04 11:41:57,142.81,142.86,142.81,142.86,7915
2026-08-04 11:42:57,142.86,142.87,142.71,142.71,34138
2026-08-04 11:43:55,142.7,142.7,142.67,142.68,13583
2026-08-04 11:44:58,142.7,142.75,142.68,142.75,17140
2026-08-04 11:45:55,142.75,142.75,142.7,142.7,14994
2026-08-04 11:46:55,142.72,142.73,142.7,142.72,8243
2026-08-04 11:47:57,142.69,142.7,142.52,142.52,57842
2026-08-04 11:48:59,142.56,142.56,142.53,142.55,12567
2026-08-04 11:49:58,142.6,142.6,142.55,142.58,19024
2026-08-04 11:50:55,142.59,142.64,142.58,142.64,15200
2026-08-04 11:51:59,142.67,142.72,142.66,142.66,24312
2026-08-04 11:52:55,142.65,142.66,142.58,142.62,8470
2026-08-04 11:53:59,142.66,142.8,142.66,142.75,13195
2026-08-04 11:54:59,142.7,142.74,142.62,142.73,26153
2026-08-04 11:55:57,142.68,142.74,142.61,142.61,21545
2026-08-04 11:56:58,142.66,142.66,142.61,142.63,6057
2026-08-04 11:57:57,142.63,142.68,142.63,142.67,11665
2026-08-04 11:58:57,142.67,142.67,142.63,142.64,14046
2026-08-04 11:59:56,142.65,142.69,142.64,142.64,19705
2026-08-04 12:00:57,142.64,142.66,142.55,142.55,31086
2026-08-04 12:01:56,142.58,142.69,142.57,142.63,7918
2026-08-04 12:02:57,142.65,142.69,142.65,142.67,7941
2026-08-04 12:03:59,142.74,142.87,142.71,142.85,22316
2026-08-04 12:04:58,142.83,142.86,142.75,142.76,20856
2026-08-04 12:05:56,142.82,142.82,142.76,142.77,6860
2026-08-04 12:06:58,142.81,142.83,142.77,142.83,5725
2026-08-04 12:07:55,142.82,142.83,142.78,142.78,12836
2026-08-04 12:08:58,142.82,142.83,142.76,142.83,6485
2026-08-04 12:09:55,142.83,142.84,142.7,142.7,27064
2026-08-04 12:10:57,142.66,142.72,142.66,142.71,15756
2026-08-04 12:11:58,142.71,142.78,142.7,142.73,17095
2026-08-04 12:12:59,142.7,142.74,142.7,142.74,5102
2026-08-04 12:13:57,142.75,142.85,142.75,142.85,9105
2026-08-04 12:14:59,142.82,142.86,142.79,142.8,11948
2026-08-04 12:15:55,142.8,142.84,142.77,142.81,9800
2026-08-04 12:16:55,142.81,142.86,142.8,142.82,7924
2026-08-04 12:17:57,142.82,142.85,142.81,142.82,8148
2026-08-04 12:18:59,142.82,142.85,142.74,142.74,16969
2026-08-04 12:19:58,142.72,142.79,142.72,142.76,19067
2026-08-04 12:20:55,142.8,142.81,142.78,142.78,11109
2026-08-04 12:21:56,142.8,142.8,142.57,142.57,20720
2026-08-04 12:22:59,142.61,142.62,142.31,142.38,84575
2026-08-04 12:23:59,142.36,142.36,142.26,142.34,25566
2026-08-04 12:24:59,142.28,142.33,142.28,142.32,12551
2026-08-04 12:25:59,142.32,142.33,142.3,142.32,7995
2026-08-04 12:26:59,142.31,142.32,142.25,142.32,36663
2026-08-04 12:27:56,142.32,142.32,142.14,142.15,28228
2026-08-04 12:28:59,142.15,142.18,142.05,142.15,24051
2026-08-04 12:29:59,142.15,142.33,142.12,142.33,18707
2026-08-04 12:30:59,142.33,142.36,142.28,142.35,10965
2026-08-04 12:31:56,142.36,142.37,142.33,142.35,8776
2026-08-04 12:32:59,142.35,142.4,142.33,142.4,13711
2026-08-04 12:33:59,142.4,142.4,142.3,142.31,16260
2026-08-04 12:34:57,142.31,142.33,142.24,142.24,23187
2026-08-04 12:35:55,142.21,142.25,142.16,142.17,16448
2026-08-04 12:36:55,142.11,142.12,142.05,142.09,26668
2026-08-04 12:37:59,142.1,142.1,142,142.02,20953
2026-08-04 12:38:59,142.06,142.17,142.06,142.14,9211
2026-08-04 12:39:56,142.17,142.23,142.15,142.22,15916
2026-08-04 12:40:59,142.17,142.31,142.17,142.25,12479
2026-08-04 12:41:59,142.25,142.31,142.25,142.25,11393
2026-08-04 12:42:58,142.25,142.26,142.05,142.14,20872
2026-08-04 12:43:58,142.14,142.15,142.11,142.14,5948
2026-08-04 12:44:58,142.15,142.2,142.14,142.2,6223
2026-08-04 12:45:59,142.18,142.22,142.15,142.19,12679
2026-08-04 12:46:59,142.24,142.24,142.18,142.22,5779
2026-08-04 12:47:59,142.22,142.25,142.18,142.18,15444
2026-08-04 12:48:59,142.17,142.2,142.12,142.18,7840
2026-08-04 12:49:57,142.19,142.23,142.09,142.2,11952
2026-08-04 12:50:56,142.23,142.25,142.2,142.22,6099
2026-08-04 12:51:58,142.25,142.31,142.25,142.29,12906
2026-08-04 12:52:57,142.3,142.3,142.27,142.3,5415
2026-08-04 12:53:59,142.35,142.41,142.31,142.37,13577
2026-08-04 12:54:59,142.36,142.36,142.22,142.33,15820
2026-08-04 12:55:55,142.33,142.36,142.27,142.29,14745
2026-08-04 12:56:59,142.29,142.3,142.27,142.29,19363
2026-08-04 12:57:56,142.28,142.36,142.27,142.32,8190
2026-08-04 12:58:56,142.36,142.36,142.27,142.3,13798
2026-08-04 12:59:56,142.3,142.31,142.27,142.31,16551
2026-08-04 13:00:57,142.33,142.34,142.25,142.34,17722
2026-08-04 13:01:58,142.37,142.43,142.37,142.4,9692
2026-08-04 13:02:58,142.4,142.43,142.38,142.38,8312
2026-08-04 13:03:59,142.39,142.45,142.38,142.39,7770
2026-08-04 13:04:56,142.43,142.45,142.39,142.43,5185
2026-08-04 13:05:59,142.44,142.48,142.33,142.34,14133
2026-08-04 13:06:59,142.34,142.38,142.32,142.38,4883
2026-08-04 13:07:58,142.4,142.42,142.34,142.38,5184
2026-08-04 13:08:58,142.38,142.42,142.34,142.41,5065
2026-08-04 13:09:59,142.41,142.44,142.37,142.4,5587
2026-08-04 13:10:57,142.42,142.43,142.37,142.38,12727
2026-08-04 13:11:56,142.37,142.43,142.36,142.42,15534
2026-08-04 13:12:57,142.35,142.41,142.32,142.41,4745
2026-08-04 13:13:56,142.43,142.43,142.37,142.37,12740
2026-08-04 13:14:58,142.32,142.37,142.32,142.32,4247
2026-08-04 13:15:58,142.35,142.35,142.27,142.27,13415
2026-08-04 13:16:58,142.28,142.35,142.28,142.35,5414
2026-08-04 13:17:59,142.35,142.39,142.34,142.37,11115
2026-08-04 13:18:58,142.39,142.44,142.38,142.39,9509
2026-08-04 13:19:58,142.44,142.44,142.35,142.38,23030
2026-08-04 13:20:58,142.37,142.38,142.31,142.32,15105
2026-08-04 13:21:58,142.33,142.39,142.33,142.38,9741
2026-08-04 13:22:57,142.37,142.43,142.36,142.43,4808
2026-08-04 13:23:57,142.43,142.45,142.39,142.45,7701
2026-08-04 13:24:57,142.49,142.56,142.46,142.49,12672
2026-08-04 13:25:56,142.54,142.54,142.33,142.46,32271
2026-08-04 13:26:59,142.46,142.47,142.36,142.44,10424
2026-08-04 13:27:58,142.44,142.48,142.42,142.44,4908
2026-08-04 13:28:56,142.47,142.47,142.27,142.34,23260
2026-08-04 13:29:58,142.27,142.35,142.27,142.3,15090
2026-08-04 13:30:58,142.3,142.3,142.24,142.25,24759
2026-08-04 13:31:59,142.25,142.25,142.2,142.2,7609
2026-08-04 13:32:58,142.2,142.23,142.2,142.23,8215
2026-08-04 13:33:58,142.23,142.28,142.2,142.28,10518
2026-08-04 13:34:55,142.27,142.35,142.27,142.29,7577
2026-08-04 13:35:56,142.33,142.33,142.24,142.28,8452
2026-08-04 13:36:58,142.27,142.29,142.23,142.25,9872
2026-08-04 13:37:58,142.25,142.25,142.19,142.24,13538
2026-08-04 13:38:59,142.24,142.33,142.23,142.3,7970
2026-08-04 13:39:56,142.3,142.36,142.3,142.36,2923
2026-08-04 13:40:58,142.36,142.36,142.33,142.35,6056
2026-08-04 13:41:59,142.34,142.36,142.3,142.3,11696
2026-08-04 13:42:59,142.31,142.33,142.27,142.3,2541
2026-08-04 13:43:59,142.27,142.35,142.27,142.35,4697
2026-08-04 13:44:57,142.35,142.35,142.27,142.31,7834
2026-08-04 13:45:59,142.31,142.31,142.25,142.26,8416
2026-08-04 13:46:58,142.3,142.3,142.25,142.25,1465
2026-08-04 13:47:57,142.26,142.26,142.22,142.24,2623
2026-08-04 13:48:56,142.24,142.28,142.22,142.27,12298
2026-08-04 13:49:58,142.3,142.3,142.27,142.29,4707
2026-08-04 13:50:57,142.3,142.3,142.27,142.27,5145
2026-08-04 13:51:59,142.3,142.33,142.27,142.33,2525
2026-08-04 13:52:59,142.32,142.35,142.27,142.27,10584
2026-08-04 13:53:58,142.31,142.32,142.26,142.28,3461
2026-08-04 13:54:55,142.26,142.37,142.2,142.27,46935
2026-08-04 13:55:59,142.22,142.29,142.2,142.26,3350
2026-08-04 13:56:58,142.28,142.28,142.23,142.23,5523
2026-08-04 13:57:56,142.24,142.25,142.18,142.18,9648
2026-08-04 13:58:58,142.17,142.17,142.1,142.12,8764
2026-08-04 13:59:57,142.12,142.19,142.12,142.15,9698
2026-08-04 14:00:55,142.17,142.17,142.14,142.16,8745
2026-08-04 14:01:59,142.1,142.17,142.1,142.14,5852
2026-08-04 14:02:58,142.14,142.19,142.07,142.15,47007
2026-08-04 14:03:59,142.16,142.16,142.11,142.16,5095
2026-08-04 14:04:57,142.13,142.17,142.06,142.11,8161
2026-08-04 14:05:57,142.15,142.16,142.15,142.15,5057
2026-08-04 14:06:57,142.16,142.2,142.15,142.2,10295
2026-08-04 14:07:57,142.2,142.26,142.18,142.25,7814
2026-08-04 14:08:57,142.26,142.27,142.25,142.25,15926
2026-08-04 14:09:56,142.26,142.26,142.25,142.25,2178
2026-08-04 14:10:58,142.26,142.27,142.25,142.27,11310
2026-08-04 14:11:57,142.25,142.33,142.21,142.31,16346
2026-08-04 14:12:59,142.4,142.4,142.32,142.34,22581
2026-08-04 14:13:57,142.34,142.34,142.25,142.3,18252
2026-08-04 14:14:56,142.3,142.34,142.27,142.31,12734
2026-08-04 14:15:55,142.34,142.34,142.29,142.29,7943
2026-08-04 14:16:57,142.25,142.29,142.22,142.22,15820
2026-08-04 14:17:59,142.24,142.25,142.2,142.21,42007
2026-08-04 14:18:57,142.2,142.28,142.18,142.28,26027
2026-08-04 14:19:56,142.27,142.34,142.25,142.32,37418
2026-08-04 14:20:59,142.31,142.31,142.2,142.2,25995
2026-08-04 14:21:59,142.24,142.28,142.14,142.14,31174
2026-08-04 14:22:59,142.17,142.25,142.15,142.22,19156
2026-08-04 14:23:54,142.21,142.21,142.15,142.15,14286
2026-08-04 14:24:59,142.15,142.19,142.14,142.14,20991
2026-08-04 14:25:57,142.15,142.2,142.12,142.14,23424
2026-08-04 14:26:56,142.19,142.2,142.14,142.2,12900
2026-08-04 14:27:55,142.23,142.27,142.17,142.27,41397
2026-08-04 14:28:59,142.21,142.28,142.19,142.19,19965
2026-08-04 14:29:56,142.18,142.18,142.08,142.14,24419
2026-08-04 14:30:55,142.13,142.14,142.08,142.13,27321
2026-08-04 14:31:58,142.07,142.13,142.06,142.06,31953
2026-08-04 14:32:56,142.08,142.1,142.03,142.09,29364
2026-08-04 14:33:54,142.07,142.07,142.05,142.06,24183
2026-08-04 14:34:58,142.05,142.09,142.04,142.06,16783
2026-08-04 14:35:56,142.14,142.15,142.05,142.08,46725
2026-08-04 14:36:58,142.08,142.08,142.04,142.04,21795
2026-08-04 14:37:56,142.07,142.07,142.03,142.06,11998
2026-08-04 14:38:55,142.06,142.06,142.02,142.04,25118
2026-08-04 14:39:56,142.04,142.1,142.04,142.05,22815
2026-08-04 14:40:55,142.05,142.1,142.04,142.1,20043
2026-08-04 14:41:59,142.08,142.1,142.05,142.06,26177
2026-08-04 14:42:59,142.06,142.12,142.04,142.05,26442
2026-08-04 14:43:59,142.05,142.09,142.04,142.04,23881
2026-08-04 14:44:54,142.02,142.07,142.01,142.04,25554
2026-08-04 14:45:56,142.04,142.12,142.04,142.08,27911
2026-08-04 14:46:58,142.08,142.08,142.03,142.06,17409
2026-08-04 14:47:55,142.06,142.1,142.01,142.05,23553
2026-08-04 14:48:55,142.08,142.1,142.04,142.06,17345
2026-08-04 14:49:56,142.06,142.11,142.06,142.11,15460
2026-08-04 14:50:57,142.11,142.13,142.03,142.03,27965
2026-08-04 14:51:59,142.08,142.09,142.04,142.05,15277
2026-08-04 14:52:59,142.08,142.09,142.03,142.09,20372
2026-08-04 14:53:59,142.08,142.13,142.07,142.08,21966
2026-08-04 14:54:59,142.07,142.13,142.06,142.1,22028
2026-08-04 14:55:59,142.08,142.14,142.06,142.08,28351
2026-08-04 14:56:59,142.06,142.13,142.05,142.06,26614
2026-08-04 14:57:59,142.06,142.1,142.04,142.08,36818
2026-08-04 14:58:59,142.04,142.07,142.04,142.05,19090
2026-08-04 14:59:59,142.04,142.07,142.01,142.01,35191
2026-08-04 15:00:57,142.01,142.14,142.01,142.1,33289
2026-08-04 15:01:59,142.1,142.2,142.1,142.15,93587
2026-08-04 15:02:59,142.17,142.22,142.12,142.13,51244
2026-08-04 15:03:59,142.13,142.17,142.05,142.05,48794
2026-08-04 15:04:59,142.12,142.12,142.05,142.08,41249
2026-08-04 15:05:59,142.07,142.07,141.81,141.85,155858
2026-08-04 15:06:53,141.93,141.97,141.8,141.86,65936
2026-08-04 15:07:59,141.88,141.88,141.74,141.85,45825
2026-08-04 15:08:57,141.83,141.87,141.82,141.83,30334
2026-08-04 15:09:57,141.83,141.89,141.7,141.84,49031
2026-08-04 15:10:57,141.89,141.95,141.87,141.87,74920
2026-08-04 15:11:58,141.93,141.95,141.9,141.94,46033
2026-08-04 15:12:57,141.95,141.95,141.85,141.94,102249
2026-08-04 15:13:55,141.93,141.97,141.9,141.95,42855
2026-08-04 15:14:59,141.96,142.11,141.94,142.11,28273
2026-08-04 15:20:57,142.11,142.11,142.11,142.11,71802
2026-08-04 15:21:55,142.11,142.11,142.11,142.11,507
2026-08-04 15:22:58,142.11,142.11,142.11,142.11,3878
2026-08-04 15:23:55,142.11,142.11,142.11,142.11,136
2026-08-04 15:24:56,142.11,142.11,142.11,142.11,1478
2026-08-04 15:26:57,142.11,142.11,142.11,142.11,1030
2026-08-04 15:28:25,141.6,141.6,141.6,141.6,7397176
2026-08-05 09:07:16,143.89,143.89,143.89,143.89,69882
2026-08-05 09:15:55,143.9,143.95,143.31,143.6,243651
2026-08-05 09:16:51,143.7,144.07,143.6,143.76,242858
2026-08-05 09:17:55,143.8,143.88,143.6,143.6,86739
2026-08-05 09:18:56,143.69,143.85,143.69,143.76,126188
2026-08-05 09:19:54,143.75,143.78,143.64,143.78,57492
2026-08-05 09:20:53,143.85,143.85,143.69,143.69,91419
2026-08-05 09:21:59,143.72,143.77,143.7,143.71,33831
2026-08-05 09:22:56,143.79,143.8,143.72,143.77,55435
2026-08-05 09:23:52,143.75,143.85,143.72,143.85,67679
2026-08-05 09:24:55,143.87,144.5,143.87,144.31,242188
2026-08-05 09:25:59,144.36,144.36,144.06,144.1,67841
2026-08-05 09:26:59,144.1,144.2,144.02,144.2,77848
2026-08-05 09:27:59,144.17,144.2,143.96,144.09,40438
2026-08-05 09:28:59,144.08,144.35,144.05,144.2,65398
2026-08-05 09:29:59,144.23,144.6,144.23,144.5,198628
2026-08-05 09:30:59,144.51,144.51,143.79,143.79,113391
2026-08-05 09:31:59,143.79,143.82,143.72,143.75,33998
2026-08-05 09:32:55,143.75,143.91,143.71,143.86,101282
2026-08-05 09:33:59,143.87,143.87,143.74,143.75,30337
2026-08-05 09:34:53,143.75,143.8,143.74,143.75,28340
2026-08-05 09:35:54,143.75,143.75,143.67,143.71,33720
2026-08-05 09:36:52,143.77,143.8,143.61,143.61,74423
2026-08-05 09:37:58,143.61,143.67,143.61,143.63,74319
2026-08-05 09:38:55,143.6,143.63,143.59,143.59,28490
2026-08-05 09:39:57,143.6,143.6,143.55,143.59,24684
2026-08-05 09:40:54,143.6,143.71,143.6,143.7,45180
2026-08-05 09:41:58,143.7,143.8,143.68,143.8,24441
2026-08-05 09:42:53,143.74,143.84,143.74,143.78,17058
2026-08-05 09:43:55,143.78,143.78,143.7,143.75,6872
2026-08-05 09:44:58,143.75,144.19,143.75,144.19,136931
2026-08-05 09:45:59,144.21,144.31,144.11,144.13,96497
2026-08-05 09:46:59,144.09,144.17,143.98,144.12,29171
2026-08-05 09:47:58,144.12,144.15,144.1,144.15,49650
2026-08-05 09:48:53,144.13,144.13,144.02,144.05,35896
2026-08-05 09:49:53,144.01,144.11,144.01,144.08,60454
2026-08-05 09:50:54,144.04,144.04,143.92,143.92,23082
2026-08-05 09:51:55,143.92,143.99,143.87,143.87,38440
2026-08-05 09:52:57,143.86,143.86,143.81,143.81,11413
2026-08-05 09:53:56,143.8,143.87,143.8,143.87,39811
2026-08-05 09:54:56,143.84,143.85,143.78,143.78,67108
2026-08-05 09:55:54,143.71,143.78,143.71,143.73,36702
2026-08-05 09:56:59,143.73,143.78,143.71,143.78,43700
2026-08-05 09:57:56,143.77,143.83,143.77,143.8,15527
2026-08-05 09:58:58,143.8,143.8,143.77,143.77,4182
2026-08-05 09:59:54,143.8,143.8,143.76,143.8,50901
2026-08-05 10:00:57,143.83,143.99,143.83,143.96,50446
2026-08-05 10:01:58,143.95,143.97,143.91,143.97,14080
2026-08-05 10:02:59,143.95,143.95,143.8,143.8,29355
2026-08-05 10:03:59,143.85,143.88,143.8,143.88,12353
2026-08-05 10:04:56,143.88,144.03,143.86,144,53142
2026-08-05 10:05:54,144.07,144.07,143.9,143.94,51237
2026-08-05 10:06:59,143.92,143.92,143.82,143.89,15850
2026-08-05 10:07:57,143.88,143.89,143.83,143.83,10990
2026-08-05 10:08:54,143.83,143.9,143.83,143.89,26837
2026-08-05 10:09:56,143.89,143.89,143.83,143.87,7645
2026-08-05 10:10:59,143.83,143.93,143.83,143.89,46513
2026-08-05 10:11:54,143.89,143.89,143.83,143.84,3247
2026-08-05 10:12:55,143.85,143.89,143.85,143.86,5416
2026-08-05 10:13:56,143.88,143.89,143.86,143.87,5531
2026-08-05 10:14:57,143.88,143.88,143.85,143.86,10455
2026-08-05 10:15:58,143.86,143.86,143.71,143.82,43260
2026-08-05 10:16:58,143.82,143.87,143.82,143.85,15299
2026-08-05 10:17:58,143.83,144.05,143.82,143.88,87442
2026-08-05 10:18:57,143.9,143.9,143.75,143.79,42606
2026-08-05 10:19:58,143.78,143.84,143.78,143.84,13380
2026-08-05 10:20:58,143.83,143.98,143.78,143.94,36241
2026-08-05 10:21:57,143.95,143.98,143.9,143.97,57772
2026-08-05 10:22:55,144,144.06,143.97,144.01,57706
2026-08-05 10:23:58,144.01,144.07,143.96,144.03,53729
2026-08-05 10:24:58,144.06,144.19,144.01,144.19,50476
2026-08-05 10:25:58,144.2,144.2,144.09,144.16,53034
2026-08-05 10:26:59,144.18,144.18,144.02,144.08,17504
2026-08-05 10:27:58,144.07,144.09,144.03,144.09,9206
2026-08-05 10:28:57,144.09,144.15,144.09,144.15,64362
2026-08-05 10:29:55,144.06,144.15,144.06,144.15,25611
2026-08-05 10:30:55,144.13,144.13,144.06,144.1,25954
2026-08-05 10:31:55,144.1,144.1,143.94,143.94,49634
2026-08-05 10:32:55,143.94,144,143.9,144,26183
2026-08-05 10:33:59,144.06,144.09,143.99,144.09,16616
2026-08-05 10:34:57,144.09,144.14,144.04,144.04,37677
2026-08-05 10:35:59,144.08,144.08,144.03,144.05,4187
2026-08-05 10:36:57,144.08,144.08,144.07,144.08,17496
2026-08-05 10:37:55,144.04,144.08,143.96,143.96,21132
2026-08-05 10:38:57,143.96,144.04,143.96,144.01,12781
2026-08-05 10:39:58,144.04,144.05,144.01,144.05,19783
2026-08-05 10:40:58,144.04,144.08,144.04,144.06,7470
2026-08-05 10:41:58,144.04,144.15,144.04,144.15,33069
2026-08-05 10:42:54,144.15,144.15,144.12,144.14,17085
2026-08-05 10:43:58,144.14,144.2,144.13,144.18,25244
2026-08-05 10:44:57,144.19,144.27,144.19,144.22,67417
2026-08-05 10:45:56,144.22,144.24,144.14,144.19,14407
2026-08-05 10:46:56,144.15,144.27,144.1,144.2,48179
2026-08-05 10:47:56,144.09,144.09,144.03,144.09,25170
2026-08-05 10:48:57,144.09,144.15,144.09,144.13,34658
2026-08-05 10:49:58,144.09,144.26,144.09,144.26,23710
2026-08-05 10:50:57,144.25,144.25,144.21,144.21,12183
2026-08-05 10:51:59,144.21,144.21,144.16,144.17,13437
2026-08-05 10:52:55,144.17,144.17,144.05,144.11,7674
2026-08-05 10:53:54,144.11,144.11,143.9,143.96,54194
2026-08-05 10:54:59,143.95,143.96,143.91,143.95,8760
2026-08-05 10:55:56,143.95,143.96,143.91,143.91,2698
2026-08-05 10:56:57,143.91,143.95,143.91,143.92,5148
2026-08-05 10:57:56,143.94,143.95,143.92,143.95,1106
2026-08-05 10:58:57,143.93,143.93,143.91,143.91,13446
2026-08-05 10:59:56,143.91,143.93,143.9,143.91,27660
2026-08-05 11:00:59,143.91,143.92,143.9,143.92,52666
2026-08-05 11:01:58,143.96,143.96,143.92,143.92,2536
2026-08-05 11:02:58,143.95,143.97,143.87,143.87,16032
2026-08-05 11:03:57,143.9,143.9,143.81,143.81,5045
2026-08-05 11:04:56,143.85,143.87,143.8,143.81,20279
2026-08-05 11:05:58,143.8,143.99,143.8,143.9,110501
2026-08-05 11:06:56,143.94,143.97,143.85,143.95,17377
2026-08-05 11:07:59,143.91,143.95,143.87,143.93,10066
2026-08-05 11:08:57,143.89,143.95,143.88,143.88,22551
2026-08-05 11:09:57,143.88,143.88,143.85,143.85,3220
2026-08-05 11:10:59,143.85,143.85,143.8,143.8,17916
2026-08-05 11:11:58,143.81,143.81,143.76,143.77,7579
2026-08-05 11:12:56,143.74,143.8,143.74,143.8,17005
2026-08-05 11:13:59,143.81,143.82,143.8,143.81,3599
2026-08-05 11:14:58,143.81,143.82,143.81,143.82,3610
2026-08-05 11:15:56,143.82,143.86,143.81,143.84,14505
2026-08-05 11:16:54,143.85,143.85,143.81,143.81,13819
2026-08-05 11:17:57,143.84,143.84,143.74,143.74,13504
2026-08-05 11:18:55,143.74,143.77,143.71,143.76,5756
2026-08-05 11:19:56,143.77,143.84,143.75,143.78,15876
2026-08-05 11:20:54,143.77,143.8,143.77,143.8,10117
2026-08-05 11:21:58,143.8,143.85,143.77,143.77,57979
2026-08-05 11:22:55,143.78,143.79,143.7,143.7,7692
2026-08-05 11:23:56,143.7,143.74,143.7,143.71,4835
2026-08-05 11:24:59,143.7,143.71,143.65,143.71,38506
2026-08-05 11:25:56,143.65,143.72,143.65,143.72,19110
2026-08-05 11:26:58,143.66,143.7,143.66,143.67,5715
2026-08-05 11:27:57,143.68,143.7,143.67,143.7,3798
2026-08-05 11:28:58,143.69,143.71,143.69,143.71,5312
2026-08-05 11:29:59,143.71,143.72,143.69,143.69,18852
2026-08-05 11:30:57,143.67,143.68,143.67,143.68,20292
2026-08-05 11:31:59,143.67,143.72,143.64,143.67,28264
2026-08-05 11:32:55,143.71,143.71,143.7,143.7,1756
2026-08-05 11:33:55,143.8,143.8,143.69,143.74,12849
2026-08-05 11:34:55,143.74,143.74,143.65,143.69,20729
2026-08-05 11:35:55,143.69,143.69,143.65,143.66,14906
2026-08-05 11:36:59,143.66,143.74,143.66,143.74,3823
2026-08-05 11:37:56,143.73,143.73,143.7,143.72,8870
2026-08-05 11:38:57,143.73,143.73,143.64,143.7,33812
2026-08-05 11:39:54,143.65,143.7,143.65,143.69,2590
2026-08-05 11:40:59,143.7,143.71,143.69,143.71,6550
2026-08-05 11:41:57,143.71,143.71,143.7,143.7,757
2026-08-05 11:42:58,143.7,143.72,143.7,143.72,12134
2026-08-05 11:43:57,143.72,143.73,143.71,143.71,545
2026-08-05 11:44:55,143.71,143.73,143.71,143.73,4694
2026-08-05 11:45:55,143.73,143.73,143.72,143.73,3550
2026-08-05 11:46:55,143.72,143.84,143.72,143.84,11258
2026-08-05 11:47:56,143.8,143.88,143.8,143.88,11276
2026-08-05 11:48:56,143.89,143.96,143.76,143.76,35821
2026-08-05 11:49:57,143.8,143.8,143.66,143.66,14133
2026-08-05 11:50:56,143.65,143.67,143.25,143.3,94986
2026-08-05 11:51:59,143.3,143.3,143.22,143.27,28568
2026-08-05 11:52:58,143.27,143.35,143.22,143.35,14789
2026-08-05 11:53:56,143.35,143.35,143.29,143.3,2998
2026-08-05 11:54:58,143.35,143.35,143.31,143.35,2768
2026-08-05 11:55:57,143.34,143.35,143.33,143.34,8707
2026-08-05 11:56:57,143.33,143.33,143.3,143.33,5039
2026-08-05 11:57:57,143.33,143.34,143.32,143.33,20318
2026-08-05 11:58:56,143.35,143.35,143.32,143.33,10245
2026-08-05 11:59:56,143.32,143.39,143.32,143.35,2056
2026-08-05 12:00:57,143.35,143.4,143.35,143.36,3364
2026-08-05 12:01:55,143.38,143.51,143.38,143.51,8809
2026-08-05 12:02:58,143.49,143.5,143.48,143.49,3605
2026-08-05 12:03:56,143.48,143.55,143.38,143.44,93628
2026-08-05 12:04:59,143.4,143.47,143.35,143.47,2570
2026-08-05 12:05:59,143.46,143.46,143.42,143.42,1401
2026-08-05 12:06:55,143.46,143.47,143.4,143.45,3799
2026-08-05 12:07:59,143.41,143.5,143.41,143.47,4375
2026-08-05 12:08:59,143.5,143.56,143.49,143.56,2747
2026-08-05 12:09:58,143.56,143.56,143.52,143.55,1399
2026-08-05 12:10:58,143.53,143.58,143.53,143.54,11780
2026-08-05 12:11:58,143.54,143.57,143.48,143.51,21356
2026-08-05 12:12:58,143.48,143.51,143.44,143.5,1618
2026-08-05 12:13:59,143.5,143.51,143.46,143.51,1138
2026-08-05 12:14:56,143.47,143.51,143.47,143.51,125
2026-08-05 12:15:59,143.51,143.51,143.48,143.48,4638
2026-08-05 12:16:58,143.48,143.48,143.45,143.45,8249
2026-08-05 12:17:57,143.45,143.55,143.45,143.55,4753
2026-08-05 12:18:58,143.5,143.55,143.5,143.54,1371
2026-08-05 12:19:58,143.52,143.54,143.32,143.32,121819
2026-08-05 12:20:57,143.34,143.34,143.31,143.32,2059
2026-08-05 12:21:57,143.3,143.32,143.29,143.31,9506
2026-08-05 12:22:58,143.32,143.41,143.31,143.41,13092
2026-08-05 12:23:57,143.4,143.41,143.38,143.41,6247
2026-08-05 12:24:59,143.41,143.53,143.41,143.52,8489
2026-08-05 12:25:59,143.49,143.49,143.45,143.45,14178
2026-08-05 12:26:57,143.5,143.5,143.46,143.46,1574
2026-08-05 12:27:55,143.46,143.48,143.44,143.47,9311
2026-08-05 12:28:58,143.46,143.48,143.46,143.48,1610
2026-08-05 12:29:57,143.46,143.49,143.44,143.44,7443
2026-08-05 12:30:59,143.44,143.44,143.42,143.42,5619
2026-08-05 12:31:58,143.35,143.36,143.32,143.32,10016
2026-08-05 12:32:55,143.35,143.39,143.32,143.38,7024
2026-08-05 12:33:56,143.39,143.39,143.34,143.34,4450
2026-08-05 12:34:56,143.34,143.39,143.31,143.31,10431
2026-08-05 12:35:56,143.28,143.3,143.21,143.25,18761
2026-08-05 12:36:57,143.22,143.25,143.22,143.25,4943
2026-08-05 12:37:56,143.25,143.3,143.23,143.24,9179
2026-08-05 12:38:56,143.28,143.3,143.27,143.27,12516
2026-08-05 12:39:56,143.27,143.37,143.27,143.35,10106
2026-08-05 12:40:56,143.36,143.4,143.36,143.39,3523
2026-08-05 12:41:55,143.39,143.41,143.39,143.4,5769
2026-08-05 12:42:59,143.39,143.39,143.34,143.34,21815
2026-08-05 12:43:58,143.31,143.34,143.3,143.3,5328
2026-08-05 12:44:55,143.34,143.34,143.3,143.3,3402
2026-08-05 12:45:59,143.34,143.34,143.3,143.34,2045
2026-08-05 12:46:57,143.34,143.34,143.3,143.3,16982
2026-08-05 12:47:58,143.3,143.34,143.27,143.31,11749
2026-08-05 12:48:55,143.35,143.42,143.35,143.35,6684
2026-08-05 12:49:56,143.32,143.36,143.28,143.3,17692
2026-08-05 12:50:55,143.35,143.37,143.35,143.37,2333
2026-08-05 12:51:57,143.35,143.39,143.34,143.39,3155
2026-08-05 12:52:58,143.39,143.39,143.36,143.37,4124
2026-08-05 12:53:56,143.37,143.39,143.37,143.39,2721
2026-08-05 12:54:59,143.37,143.39,143.37,143.37,4149
2026-08-05 12:55:58,143.39,143.42,143.38,143.42,14597
2026-08-05 12:56:58,143.42,143.44,143.38,143.4,22298
2026-08-05 12:57:59,143.38,143.4,143.38,143.4,770
2026-08-05 12:58:57,143.4,143.45,143.38,143.42,33146
2026-08-05 12:59:56,143.42,143.42,143.33,143.36,9371
2026-08-05 13:00:57,143.36,143.37,143.3,143.3,27857
2026-08-05 13:01:56,143.36,143.36,143.31,143.35,2324
2026-08-05 13:02:58,143.35,143.39,143.35,143.39,12808
2026-08-05 13:03:57,143.42,143.42,143.41,143.41,4087
2026-08-05 13:04:55,143.42,143.48,143.38,143.38,26444
2026-08-05 13:05:57,143.43,143.43,143.35,143.35,3677
2026-08-05 13:06:55,143.37,143.37,143.34,143.35,1617
2026-08-05 13:07:57,143.36,143.36,143.32,143.36,3214
2026-08-05 13:08:57,143.37,143.5,143.37,143.48,9669
2026-08-05 13:09:59,143.5,143.54,143.48,143.52,17342
2026-08-05 13:10:58,143.54,143.54,143.52,143.53,1500
2026-08-05 13:11:56,143.52,143.53,143.47,143.47,11307
2026-08-05 13:12:56,143.44,143.47,143.42,143.46,5917
2026-08-05 13:13:57,143.46,143.5,143.42,143.49,9126
2026-08-05 13:14:55,143.42,143.45,143.4,143.44,4683
2026-08-05 13:15:57,143.44,143.48,143.36,143.48,15608
2026-08-05 13:16:56,143.48,143.54,143.48,143.5,8978
2026-08-05 13:17:59,143.53,143.53,143.52,143.53,9245
2026-08-05 13:18:55,143.53,143.53,143.52,143.53,5678
2026-08-05 13:19:57,143.53,143.59,143.52,143.59,15755
2026-08-05 13:20:59,143.56,143.59,143.56,143.57,7645
2026-08-05 13:21:58,143.56,143.57,143.52,143.57,14740
2026-08-05 13:22:59,143.52,143.57,143.52,143.53,4337
2026-08-05 13:23:54,143.56,143.59,143.56,143.57,23327
2026-08-05 13:24:59,143.54,143.54,143.45,143.47,25469
2026-08-05 13:25:59,143.47,143.47,143.4,143.4,9495
2026-08-05 13:26:57,143.4,143.46,143.4,143.46,3330
2026-08-05 13:27:59,143.44,143.47,143.42,143.46,9115
2026-08-05 13:28:57,143.42,143.47,143.42,143.47,13765
2026-08-05 13:29:59,143.47,143.47,143.42,143.47,2971
2026-08-05 13:30:57,143.47,143.47,143.43,143.47,3947
2026-08-05 13:31:59,143.47,143.51,143.44,143.5,4763
2026-08-05 13:32:55,143.5,143.5,143.46,143.49,2808
2026-08-05 13:33:57,143.46,143.5,143.46,143.5,3629
2026-08-05 13:34:57,143.5,143.5,143.41,143.42,3796
2026-08-05 13:35:56,143.42,143.43,143.42,143.43,1931
2026-08-05 13:36:55,143.45,143.45,143.42,143.43,3005
2026-08-05 13:37:59,143.45,143.48,143.42,143.45,4841
2026-08-05 13:38:59,143.44,143.5,143.44,143.46,4913
2026-08-05 13:39:58,143.46,143.46,143.45,143.46,4396
2026-08-05 13:40:57,143.44,143.46,143.44,143.46,2242
2026-08-05 13:41:57,143.45,143.47,143.43,143.47,4329
2026-08-05 13:42:57,143.47,143.47,143.36,143.38,14804
2026-08-05 13:43:57,143.37,143.37,143.21,143.21,41018
2026-08-05 13:44:56,143.2,143.2,142.94,143.03,129386
2026-08-05 13:45:59,142.96,143.12,142.96,143.09,15081
2026-08-05 13:46:55,143.1,143.2,143.09,143.17,10356
2026-08-05 13:47:59,143.2,143.2,143.15,143.18,3065
2026-08-05 13:48:55,143.18,143.2,143.17,143.2,10065
2026-08-05 13:49:56,143.2,143.24,143.2,143.23,4027
2026-08-05 13:50:58,143.24,143.3,143.23,143.29,17837
2026-08-05 13:51:55,143.24,143.29,143.23,143.23,13419
2026-08-05 13:52:57,143.22,143.22,143.15,143.2,11528
2026-08-05 13:53:55,143.2,143.2,143.15,143.17,4849
2026-08-05 13:54:57,143.17,143.2,143.16,143.18,7304
2026-08-05 13:55:59,143.2,143.2,143.19,143.19,5312
2026-08-05 13:56:56,143.18,143.3,143.18,143.29,17929
2026-08-05 13:57:56,143.29,143.3,143.27,143.29,5429
2026-08-05 13:58:57,143.3,143.34,143.29,143.3,4156
2026-08-05 13:59:58,143.34,143.39,143.33,143.34,8150
2026-08-05 14:00:59,143.34,143.34,143.3,143.3,3332
2026-08-05 14:01:54,143.35,143.35,143.21,143.27,21782
2026-08-05 14:02:58,143.23,143.27,143.21,143.27,3860
2026-08-05 14:03:59,143.27,143.27,143.23,143.25,4961
2026-08-05 14:04:56,143.27,143.27,143.25,143.27,2165
2026-08-05 14:05:58,143.27,143.27,143.22,143.25,9522
2026-08-05 14:06:59,143.22,143.24,143.22,143.23,2039
2026-08-05 14:07:55,143.24,143.39,143.23,143.38,29347
2026-08-05 14:08:55,143.38,143.38,143.29,143.29,13712
2026-08-05 14:09:57,143.3,143.3,143.29,143.29,12692
2026-08-05 14:10:59,143.29,143.29,143.25,143.26,9521
2026-08-05 14:11:55,143.29,143.29,143.22,143.25,25293
2026-08-05 14:12:58,143.26,143.29,143.25,143.28,13895
2026-08-05 14:13:58,143.27,143.28,143.27,143.27,6371
2026-08-05 14:14:58,143.25,143.26,143.15,143.15,24428
2026-08-05 14:15:56,143.18,143.2,143.16,143.17,3789
2026-08-05 14:16:59,143.17,143.17,143.12,143.15,13961
2026-08-05 14:17:55,143.15,143.15,143.12,143.15,10745
2026-08-05 14:18:55,143.12,143.12,143.02,143.08,20002
2026-08-05 14:19:56,143.08,143.12,143.04,143.05,11967
2026-08-05 14:20:59,143.09,143.11,143.05,143.11,7494
2026-08-05 14:21:58,143.11,143.21,143.09,143.2,15972
2026-08-05 14:22:55,143.2,143.21,143.1,143.14,10043
2026-08-05 14:23:58,143.14,143.15,143.14,143.15,4251
2026-08-05 14:24:55,143.15,143.16,143.09,143.09,8330
2026-08-05 14:25:59,143.08,143.14,143.08,143.12,7380
2026-08-05 14:26:57,143.13,143.13,143.08,143.1,14366
2026-08-05 14:27:56,143.11,143.11,143.1,143.1,10779
2026-08-05 14:28:55,143.15,143.15,143.1,143.14,2595
2026-08-05 14:29:57,143.13,143.17,143.13,143.15,5180
2026-08-05 14:30:55,143.15,143.15,143.13,143.15,3569
2026-08-05 14:31:57,143.16,143.16,143.13,143.15,6912
2026-08-05 14:32:59,143.15,143.2,143.15,143.2,16671
2026-08-05 14:33:57,143.2,143.21,143.16,143.21,4435
2026-08-05 14:34:59,143.16,143.21,143.15,143.15,21292
2026-08-05 14:35:56,143.15,143.17,143.15,143.17,9358
2026-08-05 14:36:56,143.17,143.25,143.14,143.25,10180
2026-08-05 14:37:59,143.2,143.27,143.2,143.27,5658
2026-08-05 14:38:59,143.28,143.28,143.25,143.27,12565
2026-08-05 14:39:58,143.27,143.27,143.25,143.27,4893
2026-08-05 14:40:56,143.27,143.27,143.2,143.2,31158
2026-08-05 14:41:56,143.23,143.23,143.2,143.2,9173
2026-08-05 14:42:57,143.2,143.21,143.16,143.21,9296
2026-08-05 14:43:57,143.21,143.21,143.17,143.21,4538
2026-08-05 14:44:59,143.21,143.21,143.05,143.08,35086
2026-08-05 14:45:56,143.04,143.08,143.03,143.08,18507
2026-08-05 14:46:59,143.11,143.19,143.11,143.16,9317
2026-08-05 14:47:55,143.2,143.2,143.1,143.15,10271
2026-08-05 14:48:57,143.18,143.19,143.15,143.18,4659
2026-08-05 14:49:58,143.2,143.25,143.18,143.25,16059
2026-08-05 14:50:55,143.22,143.25,143.18,143.22,12684
2026-08-05 14:51:59,143.19,143.19,143.16,143.17,10037
2026-08-05 14:52:57,143.17,143.27,143.17,143.21,25244
2026-08-05 14:53:59,143.16,143.19,143.15,143.19,4073
2026-08-05 14:54:57,143.19,143.2,143.16,143.2,7163
2026-08-05 14:55:53,143.19,143.19,143.11,143.11,80638
2026-08-05 14:56:59,143.11,143.18,143.08,143.18,22345
2026-08-05 14:57:59,143.13,143.23,143.13,143.23,28073
2026-08-05 14:58:53,143.23,143.25,143.2,143.2,13712
2026-08-05 14:59:56,143.24,143.25,143.21,143.22,12533
2026-08-05 15:00:58,143.2,143.21,143.19,143.19,41441
2026-08-05 15:01:58,143.16,143.16,143.12,143.13,20652
2026-08-05 15:02:54,143.16,143.2,143.16,143.18,14973
2026-08-05 15:03:58,143.19,143.2,143.13,143.13,45828
2026-08-05 15:04:53,143.13,143.16,143.13,143.14,11854
2026-08-05 15:05:54,143.14,143.14,143.01,143.11,53677
2026-08-05 15:06:57,143.09,143.12,143.05,143.06,45680
2026-08-05 15:07:54,143.06,143.16,143.06,143.16,17996
2026-08-05 15:08:56,143.16,143.16,143.15,143.16,11152
2026-08-05 15:09:54,143.17,143.17,143.11,143.16,20462
2026-08-05 15:10:55,143.24,143.24,143.15,143.15,94365
2026-08-05 15:11:56,143.13,143.13,143.02,143.07,47169
2026-08-05 15:12:56,143.06,143.18,143.05,143.1,47120
2026-08-05 15:13:55,143.1,143.17,143.09,143.15,28713
2026-08-05 15:14:54,143.12,143.17,143.05,143.17,19719
2026-08-05 15:15:18,143.17,143.17,143.17,143.17,588
2026-08-05 15:20:58,143.17,143.17,143.17,143.17,27221
2026-08-05 15:22:56,143.17,143.17,143.17,143.17,70
2026-08-05 15:24:56,143.17,143.17,143.17,143.17,352
2026-08-05 15:25:56,143.17,143.17,143.17,143.17,5
2026-08-05 15:27:56,143.17,143.17,143.17,143.17,105
2026-08-05 15:28:48,143.17,144,143.17,144,8425697
2026-08-06 09:07:58,144,144,144,144,35068
2026-08-06 09:15:51,143.99,144.02,142.55,142.64,196938
2026-08-06 09:16:54,142.6,142.9,142.35,142.72,122766
2026-08-06 09:17:54,142.81,142.93,142.74,142.89,96893
2026-08-06 09:18:54,143.09,143.14,143.02,143.02,83589
2026-08-06 09:19:53,142.97,143,142.9,142.94,20493
2026-08-06 09:20:52,142.97,143,142.89,142.98,35928
2026-08-06 09:21:59,142.92,142.92,142.76,142.89,34901
2026-08-06 09:22:56,142.88,142.89,142.85,142.85,13822
2026-08-06 09:23:59,142.88,142.89,142.75,142.86,39830
2026-08-06 09:24:57,142.87,143.04,142.87,143.04,27095
2026-08-06 09:25:55,142.98,142.98,142.92,142.92,18272
2026-08-06 09:26:58,142.92,142.94,142.91,142.93,10161
2026-08-06 09:27:53,142.93,142.98,142.91,142.98,32386
2026-08-06 09:28:54,142.95,142.98,142.85,142.91,35514
2026-08-06 09:29:54,142.89,142.91,142.77,142.79,15186
2026-08-06 09:30:55,142.89,142.93,142.86,142.86,11248
2026-08-06 09:31:57,142.81,142.81,142.73,142.75,12856
2026-08-06 09:32:57,142.79,142.92,142.74,142.85,13799
2026-08-06 09:33:55,142.79,142.81,142.75,142.81,6657
2026-08-06 09:34:54,142.81,142.82,142.74,142.82,18391
2026-08-06 09:35:53,142.96,142.96,142.87,142.91,123182
2026-08-06 09:36:57,142.91,142.91,142.87,142.87,13978
2026-08-06 09:37:54,142.91,143.03,142.87,143.01,29368
2026-08-06 09:38:59,143.07,143.45,143.03,143.24,49630
2026-08-06 09:39:59,143.17,143.2,143.08,143.16,9170
2026-08-06 09:40:59,143.16,143.24,143.1,143.22,35615
2026-08-06 09:41:55,143.21,143.21,143.14,143.15,6705
2026-08-06 09:42:57,143.14,143.14,143.09,143.14,6001
2026-08-06 09:43:58,143.1,143.14,143.08,143.08,6560
2026-08-06 09:44:59,143.1,143.1,143.06,143.06,7471
2026-08-06 09:45:59,143,143,142.85,142.92,79560
2026-08-06 09:46:58,142.91,143.13,142.91,143.08,27467
2026-08-06 09:47:59,143.07,143.17,142.97,143.04,41494
2026-08-06 09:48:59,143.04,143.04,142.9,142.9,26037
2026-08-06 09:49:58,142.9,142.92,142.82,142.85,17688
2026-08-06 09:50:59,142.88,142.88,142.84,142.88,4875
2026-08-06 09:51:57,142.87,142.96,142.83,142.94,56048
2026-08-06 09:52:59,142.94,142.94,142.88,142.9,4161
2026-08-06 09:53:54,142.88,142.93,142.88,142.93,12331
2026-08-06 09:54:54,142.91,142.99,142.91,142.99,7382
2026-08-06 09:55:54,143,143,142.89,142.9,39398
2026-08-06 09:56:56,142.88,142.88,142.81,142.84,26000
2026-08-06 09:57:57,142.84,142.86,142.81,142.84,14430
2026-08-06 09:58:55,142.84,142.84,142.76,142.8,55587
2026-08-06 09:59:59,142.8,142.8,142.75,142.76,10543
2026-08-06 10:00:58,142.75,142.75,142.7,142.71,41920
2026-08-06 10:01:55,142.74,142.76,142.65,142.67,25731
2026-08-06 10:02:58,142.65,142.67,142.63,142.63,12040
2026-08-06 10:03:56,142.66,142.66,142.42,142.42,171698
2026-08-06 10:04:59,142.4,142.45,142.4,142.45,30673
2026-08-06 10:05:56,142.4,142.4,142.3,142.37,36986
2026-08-06 10:06:58,142.37,142.53,142.37,142.53,28489
2026-08-06 10:07:59,142.54,142.61,142.49,142.57,20506
2026-08-06 10:08:56,142.61,142.61,142.59,142.6,9391
2026-08-06 10:09:58,142.6,142.65,142.55,142.65,25826
2026-08-06 10:10:54,142.67,142.72,142.67,142.7,17801
2026-08-06 10:11:54,142.7,142.72,142.66,142.7,14214
2026-08-06 10:12:57,142.7,142.75,142.7,142.74,7915
2026-08-06 10:13:59,142.74,142.74,142.7,142.7,4479
2026-08-06 10:14:55,142.69,142.69,142.65,142.65,11227
2026-08-06 10:15:55,142.67,142.67,142.54,142.62,30663
2026-08-06 10:16:58,142.6,142.63,142.6,142.63,3794
2026-08-06 10:17:57,142.6,142.67,142.6,142.63,7727
2026-08-06 10:18:54,142.7,142.7,142.65,142.68,3956
2026-08-06 10:19:59,142.65,142.68,142.62,142.68,56236
2026-08-06 10:20:58,142.62,142.62,142.6,142.6,28967
2026-08-06 10:21:57,142.6,142.62,142.6,142.62,3257
2026-08-06 10:22:59,142.62,142.62,142.61,142.62,6557
2026-08-06 10:23:57,142.62,142.76,142.62,142.74,16021
2026-08-06 10:24:59,142.72,142.8,142.72,142.8,38328
2026-08-06 10:25:59,142.87,142.87,142.7,142.85,227464
2026-08-06 10:26:59,142.85,143.04,142.83,143,248105
2026-08-06 10:27:59,143.06,143.15,143.05,143.12,62990
2026-08-06 10:28:57,143.18,143.43,143.15,143.38,92837
2026-08-06 10:29:59,143.44,143.49,143.34,143.46,125584
2026-08-06 10:30:59,143.46,143.6,143.46,143.46,30047
2026-08-06 10:31:59,143.46,143.71,143.46,143.71,92602
2026-08-06 10:32:59,143.7,143.7,143.35,143.38,128699
2026-08-06 10:33:57,143.36,143.36,143.31,143.35,28470
2026-08-06 10:34:59,143.35,143.36,143.34,143.35,52481
2026-08-06 10:35:57,143.32,143.33,143.2,143.2,79693
2026-08-06 10:36:59,143.28,143.28,143.02,143.2,47521
2026-08-06 10:37:59,143.2,143.2,143.06,143.08,17184
2026-08-06 10:38:56,143.05,143.21,143.02,143.21,24693
2026-08-06 10:39:59,143.25,143.33,143.17,143.3,57034
2026-08-06 10:40:59,143.3,143.31,143.16,143.17,21481
2026-08-06 10:41:59,143.16,143.24,143.1,143.2,60327
2026-08-06 10:42:55,143.2,143.3,143.2,143.2,7138
2026-08-06 10:43:56,143.2,143.24,143.18,143.2,10410
2026-08-06 10:44:59,143.24,143.34,143.24,143.31,12993
2026-08-06 10:45:56,143.31,143.31,143.21,143.21,24211
2026-08-06 10:46:56,143.21,143.21,143.11,143.14,50023
2026-08-06 10:47:57,143.14,143.16,143.07,143.1,20712
2026-08-06 10:48:58,143.1,143.18,143.1,143.14,24135
2026-08-06 10:49:59,143.14,143.18,143.09,143.14,31649
2026-08-06 10:50:58,143.13,143.2,143.1,143.2,33569
2026-08-06 10:51:58,143.2,143.2,143.15,143.2,5709
2026-08-06 10:52:57,143.2,143.2,143.15,143.19,3089
2026-08-06 10:53:56,143.15,143.18,143.11,143.16,10346
2026-08-06 10:54:57,143.16,143.19,143.06,143.06,13796
2026-08-06 10:55:56,143.1,143.15,143.1,143.12,16915
2026-08-06 10:56:57,143.12,143.32,143.12,143.32,28359
2026-08-06 10:57:56,143.3,143.37,143.3,143.31,18216
2026-08-06 10:58:55,143.36,143.45,143.36,143.4,68571
2026-08-06 10:59:55,143.4,143.43,143.4,143.4,5031
2026-08-06 11:00:56,143.41,143.41,143.4,143.41,6930
2026-08-06 11:01:55,143.4,143.4,143.33,143.35,9541
2026-08-06 11:02:59,143.35,143.45,143.35,143.43,21895
2026-08-06 11:03:59,143.42,143.42,143.4,143.41,3094
2026-08-06 11:04:58,143.44,143.44,143.4,143.4,4908
2026-08-06 11:05:59,143.4,143.44,143.4,143.44,7213
2026-08-06 11:06:56,143.41,143.44,143.35,143.35,5956
2026-08-06 11:07:55,143.31,143.31,143.24,143.25,6430
2026-08-06 11:08:58,143.25,143.47,143.25,143.41,79814
2026-08-06 11:09:56,143.4,143.4,143.32,143.33,10268
2026-08-06 11:10:59,143.33,143.43,143.24,143.4,21509
2026-08-06 11:11:58,143.39,143.4,143.35,143.35,2744
2026-08-06 11:12:57,143.38,143.4,143.35,143.35,14651
2026-08-06 11:13:56,143.36,143.38,143.35,143.36,16068
2026-08-06 11:14:58,143.35,143.35,143.24,143.25,26051
2026-08-06 11:15:57,143.27,143.31,143.24,143.26,28823
2026-08-06 11:16:59,143.26,143.26,143.25,143.25,16584
2026-08-06 11:17:56,143.22,143.38,143.22,143.3,31806
2026-08-06 11:18:59,143.3,143.3,143.11,143.11,83029
2026-08-06 11:19:55,143.11,143.36,143.1,143.3,32325
2026-08-06 11:20:58,143.35,143.42,143.27,143.27,13947
2026-08-06 11:21:59,143.25,143.27,143.22,143.24,2891
2026-08-06 11:22:59,143.25,143.27,143.19,143.25,16454
2026-08-06 11:23:59,143.25,143.45,143.2,143.43,38426
2026-08-06 11:24:59,143.41,143.49,143.4,143.4,7925
2026-08-06 11:25:59,143.41,143.41,143.4,143.41,3524
2026-08-06 11:26:55,143.41,143.42,143.4,143.42,15737
2026-08-06 11:27:56,143.41,143.43,143.38,143.38,26520
2026-08-06 11:28:59,143.38,143.39,143.34,143.34,19870
2026-08-06 11:29:56,143.35,143.35,143.34,143.34,1199
2026-08-06 11:30:56,143.35,143.4,143.34,143.35,16453
2026-08-06 11:31:58,143.39,143.39,143.34,143.35,7442
2026-08-06 11:32:59,143.35,143.38,143.35,143.37,4216
2026-08-06 11:33:57,143.36,143.37,143.35,143.37,1047
2026-08-06 11:34:55,143.37,143.4,143.35,143.4,9289
2026-08-06 11:35:56,143.35,143.4,143.35,143.4,4305
2026-08-06 11:36:59,143.38,143.38,143.35,143.36,13029
2026-08-06 11:37:55,143.36,143.36,143.33,143.33,1073
2026-08-06 11:38:55,143.35,143.37,143.33,143.37,5252
2026-08-06 11:39:57,143.42,143.56,143.42,143.56,91687
2026-08-06 11:40:54,143.62,143.62,143.46,143.46,6693
2026-08-06 11:41:55,143.45,143.5,143.45,143.48,2521
2026-08-06 11:42:56,143.48,143.48,143.43,143.47,3117
2026-08-06 11:43:57,143.47,143.47,143.42,143.42,2141
2026-08-06 11:44:55,143.42,143.48,143.42,143.48,7591
2026-08-06 11:45:58,143.44,143.45,143.4,143.4,5105
2026-08-06 11:46:59,143.4,143.51,143.4,143.49,18112
2026-08-06 11:47:57,143.5,143.51,143.42,143.42,23213
2026-08-06 11:48:58,143.4,143.42,143.4,143.42,2348
2026-08-06 11:49:59,143.5,143.57,143.43,143.46,22195
2026-08-06 11:50:55,143.47,143.5,143.44,143.44,3527
2026-08-06 11:51:56,143.44,143.52,143.41,143.52,18733
2026-08-06 11:52:56,143.62,143.65,143.55,143.62,14539
2026-08-06 11:53:55,143.57,143.99,143.57,143.99,126663
2026-08-06 11:54:58,143.9,143.9,143.74,143.81,253502
2026-08-06 11:55:59,143.81,143.86,143.71,143.72,15477
2026-08-06 11:56:56,143.65,143.73,143.65,143.67,21710
2026-08-06 11:57:59,143.73,143.8,143.65,143.74,12664
2026-08-06 11:58:55,143.74,143.82,143.74,143.8,10552
2026-08-06 11:59:56,143.8,143.9,143.8,143.88,38211
2026-08-06 12:00:57,143.91,143.98,143.8,143.98,43389
2026-08-06 12:01:59,144.15,144.32,144.01,144.3,310138
2026-08-06 12:02:59,144.3,144.55,144.2,144.5,263810
2026-08-06 12:03:59,144.5,144.75,144.4,144.55,103756
2026-08-06 12:04:59,144.55,144.55,144.27,144.27,25547
2026-08-06 12:05:58,144.3,144.34,144.26,144.27,22374
2026-08-06 12:06:57,144.29,144.3,144.21,144.24,22242
2026-08-06 12:07:57,144.2,144.2,144.13,144.19,24350
2026-08-06 12:08:55,144.18,144.24,144.12,144.21,31144
2026-08-06 12:09:59,144.39,144.65,144.33,144.55,120000
2026-08-06 12:10:59,144.59,144.59,144.51,144.53,26592
2026-08-06 12:11:59,144.53,144.53,144.41,144.41,31142
2026-08-06 12:12:55,144.42,144.59,144.42,144.54,49616
2026-08-06 12:13:59,144.52,144.54,144.45,144.48,20886
2026-08-06 12:14:59,144.47,144.47,144.41,144.42,25198
2026-08-06 12:15:59,144.41,144.42,144.34,144.34,41443
2026-08-06 12:16:58,144.29,144.34,144.21,144.21,7923
2026-08-06 12:17:59,144.21,144.21,144.18,144.2,18546
2026-08-06 12:18:59,144.2,144.2,144.17,144.19,11439
2026-08-06 12:19:59,144.2,144.2,144.05,144.05,23472
2026-08-06 12:20:58,144.06,144.09,144.01,144.05,47384
2026-08-06 12:21:57,144.01,144.28,144.01,144.28,24314
2026-08-06 12:22:59,144.27,144.27,144.19,144.2,13469
2026-08-06 12:23:58,144.2,144.2,144.15,144.15,13668
2026-08-06 12:24:57,144.17,144.17,144.15,144.15,1190
2026-08-06 12:25:56,144.15,144.16,144.1,144.15,6698
2026-08-06 12:26:55,144.15,144.3,144.11,144.25,17787
2026-08-06 12:27:59,144.2,144.25,144.16,144.21,3401
2026-08-06 12:28:58,144.24,144.39,144.16,144.39,29197
2026-08-06 12:29:59,144.3,144.36,144.27,144.29,1411
2026-08-06 12:30:57,144.3,144.33,144.27,144.27,3098
2026-08-06 12:31:57,144.27,144.29,144.2,144.2,6090
2026-08-06 12:32:57,144.2,144.27,144.19,144.21,10215
2026-08-06 12:33:56,144.25,144.25,144.17,144.21,6426
2026-08-06 12:34:59,144.19,144.3,144.19,144.3,24769
2026-08-06 12:35:57,144.3,144.33,144.25,144.33,20636
2026-08-06 12:36:59,144.29,144.34,144.26,144.3,5407
2026-08-06 12:37:56,144.26,144.39,144.26,144.3,9735
2026-08-06 12:38:59,144.3,144.32,144.24,144.32,3448
2026-08-06 12:39:58,144.26,144.32,144.25,144.3,42551
2026-08-06 12:40:56,144.3,144.3,144.23,144.25,36780
2026-08-06 12:41:56,144.28,144.35,144.2,144.35,10096
2026-08-06 12:42:59,144.29,144.44,144.29,144.38,50153
2026-08-06 12:43:57,144.38,144.43,144.38,144.4,7427
2026-08-06 12:44:56,144.4,144.42,144.4,144.41,8704
2026-08-06 12:45:55,144.4,144.42,144.4,144.42,9746
2026-08-06 12:46:59,144.42,144.42,144.36,144.36,33834
2026-08-06 12:47:57,144.36,144.39,144.35,144.35,2990
2026-08-06 12:48:56,144.32,144.32,144.25,144.25,8528
2026-08-06 12:49:56,144.22,144.26,144.2,144.23,1867
2026-08-06 12:50:58,144.21,144.22,144.12,144.12,37133
2026-08-06 12:51:59,144.15,144.17,144.13,144.17,10440
2026-08-06 12:52:57,144.17,144.19,144.13,144.15,4958
2026-08-06 12:53:56,144.17,144.17,144.1,144.1,12829
2026-08-06 12:54:58,144.1,144.11,144.1,144.11,4408
2026-08-06 12:55:58,144.1,144.12,144.1,144.11,10345
2026-08-06 12:56:56,144.11,144.11,144.1,144.11,6141
2026-08-06 12:57:57,144.1,144.12,144.04,144.1,10360
2026-08-06 12:58:58,144.05,144.2,144.05,144.2,5920
2026-08-06 12:59:57,144.2,144.21,144.13,144.13,7486
2026-08-06 13:00:58,144.13,144.16,144.09,144.15,7327
2026-08-06 13:01:57,144.2,144.3,144.14,144.18,14575
2026-08-06 13:02:55,144.21,144.21,144.1,144.1,11507
2026-08-06 13:03:55,144.12,144.2,144.12,144.15,11951
2026-08-06 13:04:58,144.15,144.19,144.15,144.19,1026
2026-08-06 13:05:56,144.14,144.18,144.1,144.1,13722
2026-08-06 13:06:56,144.13,144.13,144.1,144.11,9628
2026-08-06 13:07:57,144.1,144.1,144.05,144.06,9247
2026-08-06 13:08:59,144.06,144.06,144.05,144.06,5444
2026-08-06 13:09:59,144.09,144.1,144,144,21117
2026-08-06 13:10:58,144,144.04,144,144.01,12223
2026-08-06 13:11:58,144.02,144.05,144.01,144.03,13167
2026-08-06 13:12:58,144.05,144.05,143.92,143.92,32974
2026-08-06 13:13:57,143.9,143.97,143.9,143.97,11112
2026-08-06 13:14:58,143.9,143.95,143.85,143.86,34987
2026-08-06 13:15:59,143.86,143.86,143.8,143.83,12068
2026-08-06 13:16:59,143.91,143.94,143.83,143.94,9613
2026-08-06 13:17:57,143.89,143.94,143.87,143.87,6238
2026-08-06 13:18:59,143.9,143.94,143.87,143.89,5513
2026-08-06 13:19:56,143.89,143.94,143.86,143.91,4782
2026-08-06 13:20:54,143.94,144,143.87,143.88,8301
2026-08-06 13:21:56,143.88,143.92,143.87,143.89,2273
2026-08-06 13:22:58,143.89,143.89,143.87,143.87,10958
2026-08-06 13:23:58,143.89,143.89,143.82,143.85,14345
2026-08-06 13:24:57,143.85,143.85,143.84,143.85,1556
2026-08-06 13:25:59,143.83,143.86,143.81,143.81,17892
2026-08-06 13:26:59,143.8,143.87,143.8,143.81,2193
2026-08-06 13:27:54,143.81,143.87,143.81,143.83,4478
2026-08-06 13:28:55,143.88,143.88,143.81,143.82,3332
2026-08-06 13:29:55,143.81,143.88,143.81,143.86,2695
2026-08-06 13:30:56,143.82,143.88,143.81,143.85,5058
2026-08-06 13:31:55,143.85,143.85,143.8,143.8,7434
2026-08-06 13:32:55,143.85,143.85,143.81,143.85,3672
2026-08-06 13:33:55,143.85,143.85,143.8,143.84,7824
2026-08-06 13:34:56,143.8,143.85,143.8,143.8,4528
2026-08-06 13:35:56,143.8,143.85,143.79,143.85,3553
2026-08-06 13:36:57,143.85,143.85,143.77,143.85,15001
2026-08-06 13:37:57,143.86,143.95,143.86,143.86,15983
2026-08-06 13:38:55,143.86,143.91,143.8,143.8,3860
2026-08-06 13:39:58,143.8,143.85,143.8,143.8,2451
2026-08-06 13:40:57,143.8,143.84,143.79,143.84,3842
2026-08-06 13:41:58,143.84,143.84,143.78,143.79,2571
2026-08-06 13:42:56,143.82,143.82,143.74,143.76,6337
2026-08-06 13:43:59,143.78,143.78,143.72,143.78,5621
2026-08-06 13:44:55,143.78,143.78,143.71,143.76,3839
2026-08-06 13:45:57,143.76,143.76,143.71,143.72,6162
2026-08-06 13:46:55,143.71,143.72,143.69,143.71,6620
2026-08-06 13:47:59,143.69,143.71,143.65,143.67,1930
2026-08-06 13:48:55,143.65,143.65,143.64,143.65,3701
2026-08-06 13:49:58,143.67,143.67,143.64,143.65,3307
2026-08-06 13:50:57,143.64,143.65,143.62,143.62,9702
2026-08-06 13:51:59,143.62,143.67,143.62,143.63,7691
2026-08-06 13:52:57,143.69,143.74,143.68,143.74,8464
2026-08-06 13:53:57,143.74,143.76,143.67,143.7,6282
2026-08-06 13:54:56,143.7,143.75,143.69,143.75,5136
2026-08-06 13:55:58,143.69,143.73,143.66,143.71,4180
2026-08-06 13:56:56,143.75,143.75,143.68,143.74,5873
2026-08-06 13:57:57,143.69,143.75,143.68,143.7,7834
2026-08-06 13:58:58,143.7,143.76,143.68,143.76,9665
2026-08-06 13:59:58,143.73,143.79,143.71,143.75,3802
2026-08-06 14:00:55,143.79,143.79,143.76,143.79,1876
2026-08-06 14:01:54,143.79,143.8,143.75,143.8,3985
2026-08-06 14:02:59,143.75,143.8,143.75,143.79,2811
2026-08-06 14:03:57,143.76,143.79,143.7,143.73,4147
2026-08-06 14:04:57,143.75,143.78,143.73,143.74,2918
2026-08-06 14:05:57,143.75,143.78,143.74,143.76,2350
2026-08-06 14:06:55,143.77,143.86,143.72,143.86,8664
2026-08-06 14:07:59,143.85,143.93,143.78,143.79,13641
2026-08-06 14:08:57,143.84,143.85,143.79,143.8,4821
2026-08-06 14:09:59,143.85,143.85,143.8,143.8,6012
2026-08-06 14:10:59,143.8,143.8,143.77,143.8,2769
2026-08-06 14:11:55,143.77,143.8,143.77,143.8,11668
2026-08-06 14:12:56,143.75,143.83,143.75,143.8,7015
2026-08-06 14:13:57,143.76,143.8,143.75,143.76,4300
2026-08-06 14:14:59,143.84,143.84,143.8,143.83,2912
2026-08-06 14:15:56,143.8,143.83,143.76,143.8,4192
2026-08-06 14:16:58,143.78,143.8,143.76,143.8,1694
2026-08-06 14:17:57,143.8,143.8,143.76,143.78,4073
2026-08-06 14:18:56,143.8,143.83,143.77,143.79,4417
2026-08-06 14:19:56,143.83,143.84,143.79,143.83,3572
2026-08-06 14:20:57,143.84,143.85,143.82,143.82,1531
2026-08-06 14:21:57,143.82,143.85,143.82,143.85,8530
2026-08-06 14:22:55,143.85,143.85,143.84,143.84,4208
2026-08-06 14:23:56,143.85,143.85,143.75,143.79,23909
2026-08-06 14:24:57,143.75,143.86,143.73,143.86,19026
2026-08-06 14:25:59,143.8,143.85,143.78,143.82,6610
2026-08-06 14:26:59,143.8,143.83,143.7,143.83,35863
2026-08-06 14:27:54,143.77,143.86,143.77,143.86,5066
2026-08-06 14:28:59,143.87,143.88,143.82,143.84,8683
2026-08-06 14:29:55,143.88,143.88,143.83,143.84,2831
2026-08-06 14:30:57,143.88,143.88,143.84,143.84,2313
2026-08-06 14:31:58,143.84,143.88,143.82,143.86,10462
2026-08-06 14:32:58,143.84,143.9,143.82,143.9,8034
2026-08-06 14:33:59,143.83,143.86,143.82,143.83,2803
2026-08-06 14:34:59,143.83,143.89,143.83,143.85,6757
2026-08-06 14:35:54,143.84,143.85,143.83,143.83,6202
2026-08-06 14:36:56,143.84,143.85,143.7,143.7,14674
2026-08-06 14:37:57,143.69,143.74,143.68,143.68,11471
2026-08-06 14:38:59,143.68,143.72,143.68,143.69,6469
2026-08-06 14:39:55,143.69,143.74,143.65,143.66,8595
2026-08-06 14:40:57,143.73,143.73,143.66,143.71,4255
2026-08-06 14:41:58,143.66,143.71,143.66,143.67,5932
2026-08-06 14:42:59,143.67,143.72,143.66,143.71,21708
2026-08-06 14:43:59,143.71,143.71,143.66,143.67,6086
2026-08-06 14:44:56,143.6,143.61,143.6,143.6,25525
2026-08-06 14:45:54,143.61,143.61,143.6,143.61,13156
2026-08-06 14:46:57,143.56,143.56,143.5,143.52,90000
2026-08-06 14:47:55,143.5,143.52,143.5,143.51,19382
2026-08-06 14:48:58,143.51,143.51,143.5,143.51,18184
2026-08-06 14:49:55,143.5,143.51,143.5,143.51,10076
2026-08-06 14:50:59,143.51,143.52,143.4,143.43,43291
2026-08-06 14:51:59,143.43,143.46,143.43,143.44,6203
2026-08-06 14:52:59,143.44,143.44,143.42,143.43,22009
2026-08-06 14:53:59,143.42,143.43,143.41,143.41,8751
2026-08-06 14:54:56,143.4,143.41,143.35,143.35,37202
2026-08-06 14:55:58,143.31,143.36,143.31,143.32,46841
2026-08-06 14:56:55,143.32,143.34,143.3,143.32,9789
2026-08-06 14:57:58,143.3,143.3,143.21,143.26,22929
2026-08-06 14:58:57,143.25,143.25,143.23,143.23,10455
2026-08-06 14:59:53,143.25,143.25,143.23,143.25,25728
2026-08-06 15:00:55,143.24,143.34,143.22,143.34,110069
2026-08-06 15:01:59,143.39,143.39,143.28,143.33,58021
2026-08-06 15:02:58,143.33,143.33,143.27,143.3,24463
2026-08-06 15:03:58,143.3,143.3,143.25,143.25,30496
2026-08-06 15:04:59,143.25,143.25,143.18,143.18,99910
2026-08-06 15:05:54,143.17,143.17,143.12,143.17,93695
2026-08-06 15:06:56,143.17,143.17,143.15,143.15,25625
2026-08-06 15:07:56,143.14,143.18,143.13,143.14,89263
2026-08-06 15:08:57,143.16,143.25,143.16,143.24,22444
2026-08-06 15:09:59,143.23,143.26,143.15,143.26,33129
2026-08-06 15:10:58,143.26,143.3,143.21,143.3,58995
2026-08-06 15:11:58,143.3,143.34,143.29,143.29,50747
2026-08-06 15:12:53,143.3,143.31,143.25,143.3,55055
2026-08-06 15:13:53,143.29,143.31,143.28,143.3,29047
2026-08-06 15:14:59,143.3,143.33,143.26,143.26,27518
2026-08-06 15:20:53,143.26,143.26,143.26,143.26,61873
2026-08-06 15:21:55,143.26,143.26,143.26,143.26,2950
2026-08-06 15:24:55,143.26,143.26,143.26,143.26,233
2026-08-06 15:25:58,143.26,143.26,143.26,143.26,730
2026-08-06 15:27:57,143.26,143.26,143.26,143.26,12117
2026-08-06 15:28:56,143.26,143.26,142.66,142.66,9207943
2026-08-07 09:07:55,141.99,141.99,141.99,141.99,53755
2026-08-07 09:15:54,141.84,142.77,141.84,142.61,244677
2026-08-07 09:16:56,142.8,142.93,142.33,142.33,156436
2026-08-07 09:17:58,142.55,142.71,142.54,142.54,123942
2026-08-07 09:18:57,142.5,142.58,142.43,142.5,57599
2026-08-07 09:19:56,142.64,142.65,142.5,142.65,43799
2026-08-07 09:20:59,142.68,142.8,142.61,142.8,69854
2026-08-07 09:21:53,142.78,142.88,142.74,142.8,66784
2026-08-07 09:22:55,142.85,142.96,142.85,142.94,45928
2026-08-07 09:23:53,142.87,142.9,142.81,142.9,22206
2026-08-07 09:24:58,142.8,142.93,142.8,142.85,43061
2026-08-07 09:25:52,142.9,142.9,142.85,142.86,2504
2026-08-07 09:26:53,142.88,143.08,142.88,143.03,56213
2026-08-07 09:27:54,143,143.18,142.94,143.17,45284
2026-08-07 09:28:55,143.2,143.24,143.06,143.07,38465
2026-08-07 09:29:54,143.07,143.07,143,143,12326
2026-08-07 09:30:55,143,143,142.88,142.98,81701
2026-08-07 09:31:54,142.92,142.98,142.9,142.94,29042
2026-08-07 09:32:52,142.9,142.99,142.9,142.98,8817
2026-08-07 09:33:58,142.98,142.98,142.9,142.92,24337
2026-08-07 09:34:57,142.91,142.91,142.85,142.85,3297
2026-08-07 09:35:56,142.87,142.97,142.85,142.95,8529
2026-08-07 09:36:57,142.89,142.9,142.83,142.88,52308
2026-08-07 09:37:57,142.87,142.87,142.85,142.85,2797
2026-08-07 09:38:55,142.83,142.84,142.82,142.84,11506
2026-08-07 09:39:53,142.84,142.84,142.82,142.83,8176
2026-08-07 09:40:57,142.83,142.87,142.77,142.87,18793
2026-08-07 09:41:54,142.82,142.82,142.8,142.82,4542
2026-08-07 09:42:57,142.82,142.9,142.81,142.9,22042
2026-08-07 09:43:59,142.9,142.9,142.8,142.8,22772
2026-08-07 09:44:59,142.87,142.98,142.85,142.93,28417
2026-08-07 09:45:54,142.87,142.93,142.84,142.87,3653
2026-08-07 09:46:55,142.87,142.88,142.8,142.83,12081
2026-08-07 09:47:57,142.8,142.89,142.77,142.85,11947
2026-08-07 09:48:58,142.85,142.85,142.8,142.8,4300
2026-08-07 09:49:58,142.75,142.86,142.75,142.8,18982
2026-08-07 09:50:58,142.75,142.84,142.75,142.84,1542
2026-08-07 09:51:58,142.84,142.95,142.84,142.95,21582
2026-08-07 09:52:57,142.94,142.94,142.84,142.85,5831
2026-08-07 09:53:55,142.86,142.9,142.86,142.86,3533
2026-08-07 09:54:54,142.9,142.93,142.86,142.86,12521
2026-08-07 09:55:54,142.89,142.95,142.86,142.91,12585
2026-08-07 09:56:58,142.92,142.97,142.9,142.94,4087
2026-08-07 09:57:56,142.94,142.94,142.87,142.87,11175
2026-08-07 09:58:59,142.85,142.98,142.85,142.93,25914
2026-08-07 09:59:56,142.99,142.99,142.93,142.93,2965
2026-08-07 10:00:57,142.96,142.98,142.91,142.93,3989
2026-08-07 10:01:54,142.93,142.96,142.91,142.95,6827
2026-08-07 10:02:57,142.9,142.99,142.9,142.96,12740
2026-08-07 10:03:58,142.95,142.99,142.95,142.97,11743
2026-08-07 10:04:59,142.99,142.99,142.94,142.94,1986
2026-08-07 10:05:55,142.91,142.94,142.9,142.94,4689
2026-08-07 10:06:58,142.94,142.94,142.85,142.85,24090
2026-08-07 10:07:58,142.85,142.9,142.84,142.89,3740
2026-08-07 10:08:59,142.85,142.89,142.85,142.86,3596
2026-08-07 10:09:57,142.86,142.86,142.8,142.8,9742
2026-08-07 10:10:57,142.8,142.8,142.75,142.8,14496
2026-08-07 10:11:59,142.77,142.9,142.77,142.85,17670
2026-08-07 10:12:56,142.85,142.85,142.8,142.8,1019
2026-08-07 10:13:57,142.8,142.8,142.75,142.75,14859
2026-08-07 10:14:58,142.76,142.81,142.73,142.78,9859
2026-08-07 10:15:59,142.75,142.78,142.75,142.78,3599
2026-08-07 10:16:59,142.71,142.78,142.71,142.73,6943
2026-08-07 10:17:56,142.78,142.78,142.66,142.66,22935
2026-08-07 10:18:59,142.65,142.65,142.36,142.37,77293
2026-08-07 10:19:57,142.38,142.45,142.35,142.45,13484
2026-08-07 10:20:55,142.46,142.5,142.45,142.46,9734
2026-08-07 10:21:54,142.55,142.62,142.55,142.57,13512
2026-08-07 10:22:58,142.66,142.66,142.58,142.6,15555
2026-08-07 10:23:59,142.6,142.65,142.55,142.58,2784
2026-08-07 10:24:59,142.56,142.56,142.5,142.52,14942
2026-08-07 10:25:58,142.55,142.55,142.5,142.5,3872
2026-08-07 10:26:55,142.53,142.53,142.49,142.49,27824
2026-08-07 10:27:56,142.48,142.48,142.41,142.42,15792
2026-08-07 10:28:54,142.45,142.45,142.41,142.44,2415
2026-08-07 10:29:56,142.44,142.51,142.41,142.51,13062
2026-08-07 10:30:59,142.5,142.5,142.44,142.5,9953
2026-08-07 10:31:59,142.5,142.69,142.48,142.64,18876
2026-08-07 10:32:57,142.61,142.61,142.51,142.55,3268
2026-08-07 10:33:59,142.57,142.68,142.54,142.64,13305
2026-08-07 10:34:59,142.63,142.78,142.6,142.75,15508
2026-08-07 10:35:58,142.75,142.75,142.67,142.72,2993
2026-08-07 10:36:59,142.72,142.8,142.72,142.75,15922
2026-08-07 10:37:56,142.79,142.8,142.75,142.76,2229
2026-08-07 10:38:57,142.76,142.79,142.75,142.79,11486
2026-08-07 10:39:57,142.75,142.78,142.7,142.76,3706
2026-08-07 10:40:59,142.76,142.8,142.74,142.76,9894
2026-08-07 10:41:58,142.81,142.86,142.75,142.75,4480
2026-08-07 10:42:56,142.73,142.73,142.71,142.73,3018
2026-08-07 10:43:55,142.73,142.78,142.72,142.72,8492
2026-08-07 10:44:59,142.72,142.72,142.7,142.72,6610
2026-08-07 10:45:58,142.72,142.72,142.65,142.65,8499
2026-08-07 10:46:59,142.65,142.98,142.62,142.98,21044
2026-08-07 10:47:58,142.94,143.1,142.92,143.08,55498
2026-08-07 10:48:57,143.08,143.18,143.08,143.15,24616
2026-08-07 10:49:55,143.2,143.2,143.1,143.1,39548
2026-08-07 10:50:59,143.24,143.36,143.18,143.29,29209
2026-08-07 10:51:59,143.24,143.25,143.18,143.21,12848
2026-08-07 10:52:57,143.21,143.25,143.2,143.25,7853
2026-08-07 10:53:56,143.23,143.29,143.19,143.25,20447
2026-08-07 10:54:55,143.24,143.27,143.19,143.21,8750
2026-08-07 10:55:59,143.19,143.21,143.09,143.16,12880
2026-08-07 10:56:58,143.18,143.27,143.16,143.21,8712
2026-08-07 10:57:57,143.25,143.25,143.21,143.22,5551
2026-08-07 10:58:59,143.22,143.22,143.14,143.2,8688
2026-08-07 10:59:59,143.15,143.2,143.15,143.18,6788
2026-08-07 11:00:55,143.2,143.2,143.19,143.19,527
2026-08-07 11:01:54,143.2,143.27,143.2,143.24,17795
2026-08-07 11:02:59,143.24,143.25,143.18,143.22,8002
2026-08-07 11:03:59,143.22,143.25,143.18,143.23,1140
2026-08-07 11:04:59,143.22,143.22,143.15,143.18,2607
2026-08-07 11:05:59,143.15,143.22,143.15,143.22,5849
2026-08-07 11:06:56,143.24,143.25,143.19,143.25,5008
2026-08-07 11:07:54,143.25,143.25,143.2,143.2,2412
2026-08-07 11:08:58,143.24,143.27,143.24,143.24,15567
2026-08-07 11:09:55,143.28,143.28,143.15,143.2,8709
2026-08-07 11:10:58,143.15,143.32,143.15,143.29,17648
2026-08-07 11:11:55,143.27,143.29,143.25,143.29,1253
2026-08-07 11:12:55,143.23,143.3,143.23,143.25,1921
2026-08-07 11:13:55,143.22,143.25,143.2,143.23,1462
2026-08-07 11:14:58,143.24,143.25,143.2,143.2,1279
2026-08-07 11:15:56,143.2,143.25,143.2,143.22,2058
2026-08-07 11:16:55,143.17,143.2,143.11,143.13,19559
2026-08-07 11:17:59,143.13,143.17,143.11,143.17,5020
2026-08-07 11:18:59,143.17,143.17,143.11,143.13,4510
2026-08-07 11:19:59,143.16,143.16,143.1,143.16,2172
2026-08-07 11:20:59,143.12,143.17,143.12,143.17,9829
2026-08-07 11:21:59,143.16,143.24,143.16,143.22,1496
2026-08-07 11:22:58,143.17,143.33,143.17,143.29,16918
2026-08-07 11:23:58,143.29,143.4,143.24,143.34,19173
2026-08-07 11:24:57,143.39,143.39,143.32,143.35,3390
2026-08-07 11:25:59,143.32,143.33,143.19,143.26,6539
2026-08-07 11:26:59,143.26,143.27,143.23,143.26,2250
2026-08-07 11:27:59,143.27,143.27,143.24,143.26,2010
2026-08-07 11:28:59,143.26,143.35,143.25,143.3,7415
2026-08-07 11:29:59,143.25,143.32,143.24,143.27,4374
2026-08-07 11:30:57,143.3,143.3,143.25,143.29,2278
2026-08-07 11:31:58,143.29,143.29,143.24,143.29,2699
2026-08-07 11:32:59,143.29,143.29,143.25,143.29,1783
2026-08-07 11:33:54,143.24,143.38,143.24,143.29,9308
2026-08-07 11:34:56,143.34,143.34,143.26,143.31,4403
2026-08-07 11:35:56,143.3,143.3,143.28,143.3,874
2026-08-07 11:36:56,143.3,143.3,143.22,143.27,7918
2026-08-07 11:37:55,143.25,143.27,143.25,143.25,1316
2026-08-07 11:38:58,143.25,143.27,143.22,143.25,838
2026-08-07 11:39:55,143.22,143.25,143.19,143.2,4404
2026-08-07 11:40:59,143.19,143.23,143.15,143.17,29539
2026-08-07 11:41:54,143.17,143.23,143.17,143.23,762
2026-08-07 11:42:58,143.23,143.23,143.15,143.15,2084
2026-08-07 11:43:58,143.15,143.2,143.13,143.19,7604
2026-08-07 11:44:59,143.29,143.29,143.2,143.2,43038
2026-08-07 11:45:59,143.18,143.26,143.16,143.26,5600
2026-08-07 11:46:59,143.26,143.26,143.18,143.26,1594
2026-08-07 11:47:57,143.26,143.27,143.16,143.23,6417
2026-08-07 11:48:59,143.18,143.24,143.15,143.2,217
2026-08-07 11:49:59,143.15,143.2,143.15,143.17,220
2026-08-07 11:50:59,143.12,143.22,143.05,143.22,16669
2026-08-07 11:51:59,143.12,143.16,143.09,143.12,3835
2026-08-07 11:52:59,143.04,143.12,143.04,143.1,2631
2026-08-07 11:53:59,143.06,143.11,143.05,143.08,1750
2026-08-07 11:54:59,143.1,143.1,143.05,143.09,7492
2026-08-07 11:55:58,143.09,143.09,143.02,143.04,2918
2026-08-07 11:56:58,143.08,143.08,143.06,143.08,4265
2026-08-07 11:57:57,143.09,143.09,143.05,143.08,1434
2026-08-07 11:58:56,143.08,143.08,143.06,143.07,3215
2026-08-07 11:59:59,143.07,143.14,143.06,143.14,13091
2026-08-07 12:00:56,143.14,143.14,143.08,143.08,3001
2026-08-07 12:01:56,143.1,143.12,143.08,143.08,8254
2026-08-07 12:02:58,143.08,143.09,143.08,143.08,1697
2026-08-07 12:03:58,143.1,143.11,143.1,143.1,7201
2026-08-07 12:04:59,143.09,143.1,143.08,143.09,10754
2026-08-07 12:05:58,143.09,143.09,143.05,143.05,8171
2026-08-07 12:06:57,143.06,143.07,143.06,143.07,4204
2026-08-07 12:07:57,143.07,143.07,143,143.03,16290
2026-08-07 12:08:58,143.03,143.06,143.01,143.06,9592
2026-08-07 12:09:57,143.05,143.06,143.05,143.06,1860
2026-08-07 12:10:58,143.06,143.09,143.03,143.09,13657
2026-08-07 12:11:59,143.07,143.14,143.07,143.1,7020
2026-08-07 12:12:56,143.14,143.14,143.1,143.13,945
2026-08-07 12:13:58,143.1,143.13,143.05,143.06,11861
2026-08-07 12:14:59,143.05,143.05,143.02,143.05,13737
2026-08-07 12:15:59,143.05,143.05,143.02,143.02,3032
2026-08-07 12:16:59,143.02,143.05,142.97,143,59381
2026-08-07 12:17:57,143,143,142.82,142.84,2947
2026-08-07 12:18:59,142.85,142.85,142.63,142.63,85167
2026-08-07 12:19:55,142.63,142.69,142.55,142.67,4134
2026-08-07 12:20:58,142.6,142.62,142.52,142.6,8720
2026-08-07 12:21:58,142.55,142.74,142.55,142.65,5311
2026-08-07 12:22:59,142.72,142.72,142.63,142.63,3796
2026-08-07 12:23:59,142.63,142.67,142.58,142.58,10824
2026-08-07 12:24:56,142.6,142.6,142.56,142.58,4671
2026-08-07 12:25:59,142.59,142.59,142.53,142.59,3889
2026-08-07 12:26:59,142.59,142.59,142.56,142.59,1563
2026-08-07 12:27:56,142.56,142.59,142.56,142.59,2222
2026-08-07 12:28:57,142.59,142.61,142.59,142.61,3152
2026-08-07 12:29:59,142.61,142.61,142.6,142.6,1320
2026-08-07 12:30:59,142.61,142.61,142.56,142.61,10794
2026-08-07 12:31:56,142.61,142.61,142.56,142.61,2760
2026-08-07 12:32:58,142.61,142.64,142.61,142.64,1205
2026-08-07 12:33:58,142.64,142.65,142.64,142.65,4293
2026-08-07 12:34:55,142.65,142.68,142.61,142.67,21217
2026-08-07 12:35:58,142.61,142.67,142.61,142.64,1391
2026-08-07 12:36:58,142.64,142.68,142.64,142.68,2948
2026-08-07 12:37:59,142.68,142.68,142.65,142.68,210
2026-08-07 12:38:55,142.65,142.69,142.65,142.69,5764
2026-08-07 12:39:56,142.69,142.69,142.64,142.66,3717
2026-08-07 12:40:55,142.66,142.66,142.62,142.63,1085
2026-08-07 12:41:55,142.62,142.62,142.58,142.59,15908
2026-08-07 12:42:59,142.59,142.59,142.58,142.58,1096
2026-08-07 12:43:59,142.58,142.59,142.52,142.52,13067
2026-08-07 12:44:58,142.52,142.52,142.51,142.52,1590
2026-08-07 12:45:58,142.52,142.52,142.51,142.52,2427
2026-08-07 12:46:59,142.52,142.62,142.51,142.56,21350
2026-08-07 12:47:56,142.62,142.63,142.59,142.6,1818
2026-08-07 12:48:56,142.65,142.67,142.6,142.67,3554
2026-08-07 12:49:59,142.65,142.67,142.53,142.61,51483
2026-08-07 12:50:55,142.57,142.64,142.57,142.64,1159
2026-08-07 12:51:59,142.58,142.64,142.38,142.42,32468
2026-08-07 12:52:59,142.38,142.42,142.19,142.2,33809
2026-08-07 12:53:58,142.2,142.23,142.08,142.16,25351
2026-08-07 12:54:58,142.16,142.16,142.05,142.07,21750
2026-08-07 12:55:56,142.13,142.13,142.05,142.05,13871
2026-08-07 12:56:58,142.05,142.1,142.04,142.1,26521
2026-08-07 12:57:55,142.05,142.13,142.05,142.11,6106
2026-08-07 12:58:57,142.13,142.17,142.11,142.15,12676
2026-08-07 12:59:58,142.15,142.15,142.1,142.14,6305
2026-08-07 13:00:58,142.14,142.14,142.06,142.09,9533
2026-08-07 13:01:58,142.09,142.14,142.09,142.11,3731
2026-08-07 13:02:59,142.11,142.14,142.11,142.14,2469
2026-08-07 13:03:59,142.11,142.2,142.11,142.2,4434
2026-08-07 13:04:56,142.2,142.21,142.2,142.21,6821
2026-08-07 13:05:59,142.21,142.24,142.2,142.22,7060
2026-08-07 13:06:57,142.22,142.24,142.2,142.2,2713
2026-08-07 13:07:59,142.24,142.25,142.21,142.25,2872
2026-08-07 13:08:57,142.28,142.28,142.12,142.16,13913
2026-08-07 13:09:59,142.12,142.18,142.12,142.18,5627
2026-08-07 13:10:59,142.18,142.21,142.12,142.2,9528
2026-08-07 13:11:58,142.2,142.2,142.12,142.18,1744
2026-08-07 13:12:59,142.18,142.21,142.14,142.15,2600
2026-08-07 13:13:56,142.21,142.21,142.13,142.13,1841
2026-08-07 13:14:59,142.13,142.19,142.11,142.16,5493
2026-08-07 13:15:59,142.16,142.16,142.1,142.15,1827
2026-08-07 13:16:56,142.15,142.15,142.08,142.13,11214
2026-08-07 13:17:58,142.13,142.13,142.09,142.13,1208
2026-08-07 13:18:55,142.13,142.13,142.08,142.08,3036
2026-08-07 13:19:58,142.07,142.07,142.06,142.06,3080
2026-08-07 13:20:58,142.05,142.12,142.05,142.12,23178
2026-08-07 13:21:57,142.11,142.12,142.11,142.12,809
2026-08-07 13:22:59,142.12,142.2,142.11,142.2,3269
2026-08-07 13:23:57,142.2,142.25,142.2,142.25,3881
2026-08-07 13:24:58,142.19,142.27,142.15,142.16,2359
2026-08-07 13:25:57,142.23,142.25,142.17,142.25,1253
2026-08-07 13:26:55,142.25,142.25,142.18,142.24,744
2026-08-07 13:27:58,142.24,142.25,142.2,142.25,1139
2026-08-07 13:28:56,142.25,142.26,142.21,142.21,1979
2026-08-07 13:29:58,142.21,142.21,142.2,142.21,3991
2026-08-07 13:30:57,142.21,142.25,142.21,142.24,2583
2026-08-07 13:31:56,142.25,142.25,142.21,142.25,3834
2026-08-07 13:32:55,142.25,142.25,142.13,142.2,12677
2026-08-07 13:33:59,142.2,142.2,142.16,142.16,1086
2026-08-07 13:34:55,142.16,142.16,142.09,142.09,8429
2026-08-07 13:35:58,142.05,142.09,142.05,142.09,1617
2026-08-07 13:36:59,142.06,142.1,142.06,142.1,4122
2026-08-07 13:37:59,142.1,142.24,142.09,142.1,33988
2026-08-07 13:38:59,142.1,142.13,142.09,142.09,4609
2026-08-07 13:39:59,142.09,142.11,142.05,142.11,11716
2026-08-07 13:40:59,142.15,142.16,142.11,142.16,5232
2026-08-07 13:41:59,142.1,142.1,142.05,142.09,2358
2026-08-07 13:42:57,142.09,142.16,142.09,142.13,2114
2026-08-07 13:43:59,142.13,142.13,142.05,142.05,5183
2026-08-07 13:44:56,142.1,142.17,142.05,142.15,17192
2026-08-07 13:45:58,142.15,142.16,142.11,142.16,1437
2026-08-07 13:46:57,142.14,142.14,142.1,142.14,918
2026-08-07 13:47:58,142.18,142.18,142.1,142.1,5733
2026-08-07 13:48:56,142.12,142.14,142.12,142.14,3452
2026-08-07 13:49:56,142.15,142.15,142.07,142.12,7834
2026-08-07 13:50:57,142.14,142.14,142.07,142.12,13793
2026-08-07 13:51:59,142.12,142.25,142.12,142.25,30472
2026-08-07 13:52:59,142.28,142.28,142.2,142.2,2129
2026-08-07 13:53:54,142.26,142.28,142.2,142.2,1949
2026-08-07 13:54:59,142.21,142.25,142.17,142.25,2063
2026-08-07 13:55:59,142.21,142.24,142.17,142.19,32128
2026-08-07 13:56:59,142.18,142.21,142.17,142.19,1960
2026-08-07 13:57:57,142.19,142.19,142.04,142.04,12435
2026-08-07 13:58:58,142.07,142.1,142.07,142.1,5381
2026-08-07 13:59:56,142.1,142.12,142.08,142.1,10428
2026-08-07 14:00:57,142.1,142.14,142.1,142.14,2156
2026-08-07 14:01:56,142.13,142.16,142.13,142.16,1106
2026-08-07 14:02:56,142.15,142.16,142.06,142.1,13026
2026-08-07 14:03:59,142.1,142.1,141.97,141.97,78417
2026-08-07 14:04:57,141.97,141.97,141.94,141.96,2467
2026-08-07 14:05:55,141.93,141.94,141.92,141.92,8916
2026-08-07 14:06:55,141.93,141.93,141.89,141.89,39656
2026-08-07 14:07:58,141.85,141.95,141.81,141.95,14071
2026-08-07 14:08:59,141.91,141.96,141.9,141.92,8252
2026-08-07 14:09:59,141.98,142,141.95,142,5534
2026-08-07 14:10:59,141.98,141.98,141.93,141.94,561
2026-08-07 14:11:58,141.94,141.94,141.93,141.94,4059
2026-08-07 14:12:57,141.94,141.94,141.91,141.91,1932
2026-08-07 14:13:57,142,142,141.96,141.97,13897
2026-08-07 14:14:59,141.97,142.06,141.97,142.06,24418
2026-08-07 14:15:59,142.02,142.02,141.98,142.02,6538
2026-08-07 14:16:56,142.02,142.13,142,142.13,17718
2026-08-07 14:17:58,142.16,142.16,142.09,142.1,6742
2026-08-07 14:18:59,142.1,142.12,142.1,142.12,1951
2026-08-07 14:19:57,142.12,142.13,142.06,142.11,4877
2026-08-07 14:20:57,142.11,142.12,142.1,142.1,2789
2026-08-07 14:21:57,142.12,142.12,142.03,142.1,6554
2026-08-07 14:22:57,142.09,142.09,142.01,142.09,8158
2026-08-07 14:23:57,142.09,142.09,142.05,142.09,13029
2026-08-07 14:24:59,142.05,142.1,142.05,142.1,26146
2026-08-07 14:25:59,142.17,142.17,142.12,142.16,3398
2026-08-07 14:26:59,142.15,142.16,142.12,142.13,3101
2026-08-07 14:27:57,142.16,142.16,142.06,142.14,1944
2026-08-07 14:28:58,142.14,142.14,142.1,142.1,1693
2026-08-07 14:29:56,142.06,142.1,142.06,142.06,4530
2026-08-07 14:30:59,142.1,142.1,142.09,142.09,1336
2026-08-07 14:31:55,142.09,142.11,142.09,142.11,5287
2026-08-07 14:32:56,142.14,142.14,142.12,142.14,983
2026-08-07 14:33:56,142.14,142.14,142.11,142.13,1926
2026-08-07 14:34:56,142.13,142.16,142.12,142.16,9573
2026-08-07 14:35:57,142.16,142.16,142.14,142.15,2098
2026-08-07 14:36:56,142.15,142.15,142.13,142.13,4280
2026-08-07 14:37:56,142.13,142.15,142.13,142.13,2216
2026-08-07 14:38:56,142.16,142.18,142.15,142.16,10792
2026-08-07 14:39:57,142.15,142.16,142.11,142.12,6016
2026-08-07 14:40:59,142.12,142.12,142.11,142.12,4497
2026-08-07 14:41:58,142.12,142.12,142.06,142.06,12542
2026-08-07 14:42:55,142.06,142.1,142.06,142.09,6238
2026-08-07 14:43:58,142.13,142.13,142.09,142.1,2096
2026-08-07 14:44:57,142.1,142.13,142.1,142.11,7356
2026-08-07 14:45:56,142.11,142.18,142.11,142.17,7308
2026-08-07 14:46:59,142.15,142.24,142.15,142.24,9576
2026-08-07 14:47:56,142.24,142.32,142.24,142.31,27658
2026-08-07 14:48:59,142.31,142.34,142.3,142.3,7405
2026-08-07 14:49:58,142.28,142.31,142.27,142.31,6134
2026-08-07 14:50:57,142.3,142.34,142.28,142.28,4484
2026-08-07 14:51:57,142.28,142.3,142.27,142.3,15013
2026-08-07 14:52:57,142.28,142.35,142.28,142.33,7589
2026-08-07 14:53:56,142.34,142.35,142.34,142.35,9262
2026-08-07 14:54:54,142.33,142.34,142.26,142.32,26227
2026-08-07 14:55:57,142.32,142.33,142.27,142.32,10201
2026-08-07 14:56:57,142.32,142.32,142.22,142.26,12880
2026-08-07 14:57:57,142.27,142.3,142.25,142.29,8596
2026-08-07 14:58:57,142.29,142.33,142.26,142.33,5049
2026-08-07 14:59:59,142.32,142.32,142.29,142.3,13781
2026-08-07 15:00:53,142.34,142.37,142.34,142.37,35704
2026-08-07 15:01:55,142.37,142.42,142.35,142.38,26089
2026-08-07 15:02:59,142.38,142.38,142.37,142.38,7011
2026-08-07 15:03:56,142.38,142.38,142.33,142.33,19136
2026-08-07 15:04:53,142.38,142.38,142.35,142.35,3872
2026-08-07 15:05:57,142.34,142.37,142.34,142.35,9695
2026-08-07 15:06:53,142.35,142.38,142.3,142.32,85697
2026-08-07 15:07:57,142.27,142.35,142.27,142.34,6076
2026-08-07 15:08:59,142.28,142.3,142.28,142.3,11347
2026-08-07 15:09:54,142.31,142.38,142.31,142.35,15697
2026-08-07 15:10:58,142.35,142.4,142.35,142.38,27761
2026-08-07 15:11:59,142.41,142.43,142.31,142.42,38477
2026-08-07 15:12:53,142.43,142.47,142.37,142.43,32686
2026-08-07 15:13:55,142.47,142.47,142.36,142.38,82098
2026-08-07 15:14:57,142.46,142.49,142.4,142.48,14671
2026-08-07 15:15:16,142.47,142.47,142.47,142.47,111
2026-08-07 15:20:54,142.47,142.47,142.47,142.47,239042
2026-08-07 15:21:58,142.47,142.47,142.47,142.47,795
2026-08-07 15:22:54,142.47,142.47,142.47,142.47,346
2026-08-07 15:23:55,142.47,142.47,142.47,142.47,201
2026-08-07 15:24:57,142.47,142.47,142.47,142.47,688
2026-08-07 15:25:57,142.47,142.47,142.47,142.47,2869
2026-08-07 15:26:55,142.47,142.47,142.47,142.47,100
2026-08-07 15:27:54,142.47,142.47,142.47,142.47,2
2026-08-07 15:29:36,142.47,143.38,142.47,143.38,4786585
2026-08-10 09:07:59,143,143,143,143,37346
2026-08-10 09:15:54,142.99,143.01,142.12,142.33,126863
2026-08-10 09:16:53,142.3,142.33,142.18,142.33,40139
2026-08-10 09:17:58,142.22,142.33,142.22,142.25,44091
2026-08-10 09:18:58,142.33,142.52,142.33,142.47,45247
2026-08-10 09:19:58,142.51,142.6,142.34,142.45,23416
2026-08-10 09:20:58,142.5,142.5,142.33,142.4,49623
2026-08-10 09:21:59,142.4,142.46,142.32,142.38,23646
2026-08-10 09:22:53,142.33,142.45,142.33,142.34,14874
2026-08-10 09:23:52,142.27,142.27,141.95,142.11,138502
2026-08-10 09:24:57,142.15,142.15,141.92,142,25186
2026-08-10 09:25:52,142,142.07,142,142.07,11496
2026-08-10 09:26:55,142.06,142.07,141.91,141.97,20910
2026-08-10 09:27:59,141.94,141.99,141.85,141.96,25091
2026-08-10 09:28:53,141.96,141.99,141.92,141.99,7355
2026-08-10 09:29:56,142.01,142.01,141.89,141.95,26730
2026-08-10 09:30:59,141.91,141.92,141.81,141.92,19517
2026-08-10 09:31:54,141.89,141.92,141.89,141.91,17271
2026-08-10 09:32:55,141.92,141.92,141.75,141.78,23053
2026-08-10 09:33:56,141.81,141.81,141.58,141.6,42140
2026-08-10 09:34:57,141.62,141.63,141.56,141.62,21802
2026-08-10 09:35:57,141.62,141.65,141.6,141.65,11514
2026-08-10 09:36:57,141.64,141.8,141.64,141.8,12629
2026-08-10 09:37:57,141.8,141.8,141.65,141.66,12959
2026-08-10 09:38:56,141.7,141.79,141.66,141.79,13013
2026-08-10 09:39:59,141.79,141.8,141.72,141.75,3609
2026-08-10 09:40:55,141.72,141.73,141.6,141.68,13421
2026-08-10 09:41:55,141.71,141.72,141.65,141.65,7488
2026-08-10 09:42:53,141.67,141.67,141.55,141.63,15305
2026-08-10 09:43:57,141.6,141.64,141.6,141.6,12905
2026-08-10 09:44:55,141.6,141.68,141.6,141.68,2358
2026-08-10 09:45:53,141.68,141.68,141.61,141.65,10990
2026-08-10 09:46:56,141.65,141.65,141.61,141.65,3054
2026-08-10 09:47:59,141.64,141.65,141.6,141.65,14357
2026-08-10 09:48:57,141.61,141.69,141.6,141.69,10909
2026-08-10 09:49:59,141.68,141.69,141.65,141.69,7511
2026-08-10 09:50:56,141.68,141.69,141.6,141.69,7062
2026-08-10 09:51:59,141.69,141.69,141.61,141.61,8885
2026-08-10 09:52:53,141.64,141.65,141.6,141.63,16264
2026-08-10 09:53:55,141.65,141.65,141.52,141.64,28230
2026-08-10 09:54:57,141.65,141.69,141.56,141.56,15183
2026-08-10 09:55:57,141.61,141.61,141.6,141.6,4237
2026-08-10 09:56:58,141.6,141.62,141.6,141.62,4713
2026-08-10 09:57:57,141.62,141.62,141.51,141.62,28474
2026-08-10 09:58:58,141.55,141.62,141.55,141.6,13357
2026-08-10 09:59:58,141.6,141.64,141.6,141.64,2261
2026-08-10 10:00:54,141.65,141.65,141.6,141.61,6776
2026-08-10 10:01:54,141.67,141.67,141.6,141.65,13634
2026-08-10 10:02:54,141.65,141.69,141.65,141.65,6443
2026-08-10 10:03:54,141.62,141.72,141.62,141.66,9900
2026-08-10 10:04:56,141.74,141.75,141.68,141.68,22687
2026-08-10 10:05:56,141.73,141.74,141.68,141.73,2983
2026-08-10 10:06:55,141.68,141.74,141.68,141.74,9801
2026-08-10 10:07:58,141.74,141.75,141.73,141.75,3803
2026-08-10 10:08:55,141.75,141.75,141.72,141.75,4738
2026-08-10 10:09:59,141.74,141.74,141.52,141.6,52311
2026-08-10 10:10:56,141.56,141.61,141.56,141.61,4399
2026-08-10 10:11:59,141.6,141.69,141.6,141.68,7062
2026-08-10 10:12:57,141.61,141.73,141.61,141.7,11159
2026-08-10 10:13:55,141.66,141.74,141.66,141.71,6333
2026-08-10 10:14:55,141.71,141.79,141.69,141.75,8476
2026-08-10 10:15:58,141.88,141.97,141.88,141.97,27241
2026-08-10 10:16:57,141.98,141.99,141.94,141.97,6500
2026-08-10 10:17:54,141.97,142.05,141.97,142.04,20703
2026-08-10 10:18:57,142.04,142.04,142,142.04,11191
2026-08-10 10:19:59,142.04,142.04,141.97,142.03,10127
2026-08-10 10:20:55,142.03,142.04,142,142,9492
2026-08-10 10:21:58,142.03,142.1,142.02,142.1,17129
2026-08-10 10:22:55,142.1,142.1,142.06,142.1,3950
2026-08-10 10:23:56,142.1,142.1,142.1,142.1,5769
2026-08-10 10:24:59,142.09,142.19,142.09,142.14,37366
2026-08-10 10:25:55,142.17,142.21,142.17,142.18,10930
2026-08-10 10:26:57,142.12,142.12,142.05,142.05,10176
2026-08-10 10:27:58,142.06,142.1,142.05,142.1,4827
2026-08-10 10:28:57,142.1,142.17,142.1,142.1,20529
2026-08-10 10:29:57,142.1,142.14,142.09,142.1,5796
2026-08-10 10:30:59,142.1,142.17,142.09,142.15,7123
2026-08-10 10:31:59,142.15,142.15,142.09,142.1,2958
2026-08-10 10:32:59,142.1,142.1,142.03,142.05,7709
2026-08-10 10:33:57,142.1,142.11,142,142.01,12154
2026-08-10 10:34:57,142.01,142.01,141.99,142,15493
2026-08-10 10:35:55,142.02,142.07,142.02,142.07,5253
2026-08-10 10:36:58,142.07,142.2,142.07,142.11,24016
2026-08-10 10:37:59,142.13,142.13,141.99,142.05,8017
2026-08-10 10:38:55,142.07,142.07,142,142.07,4206
2026-08-10 10:39:58,142,142.06,142,142.04,586
2026-08-10 10:40:57,142.01,142.04,142,142.01,2421
2026-08-10 10:41:55,142.01,142.02,142,142.02,6040
2026-08-10 10:42:59,142.07,142.09,142.06,142.09,6877
2026-08-10 10:43:56,142.08,142.2,142.08,142.2,4374
2026-08-10 10:44:54,142.18,142.2,142.18,142.2,1540
2026-08-10 10:45:59,142.19,142.2,142.19,142.2,4028
2026-08-10 10:46:57,142.2,142.26,142.2,142.21,10937
2026-08-10 10:47:59,142.11,142.2,142.11,142.19,4703
2026-08-10 10:48:59,142.19,142.19,142.11,142.16,3324
2026-08-10 10:49:57,142.16,142.16,142.15,142.16,3062
2026-08-10 10:50:59,142.16,142.16,142.05,142.08,4540
2026-08-10 10:51:59,142.06,142.06,142,142.05,30775
2026-08-10 10:52:54,142.05,142.05,142,142.05,1967
2026-08-10 10:53:54,142.05,142.05,142.04,142.05,1658
2026-08-10 10:54:54,142.05,142.06,142.05,142.06,3829
2026-08-10 10:55:56,142.06,142.06,142.05,142.06,1125
2026-08-10 10:56:56,142.06,142.1,142.04,142.1,9954
2026-08-10 10:57:59,142.05,142.05,142.04,142.04,2311
2026-08-10 10:58:59,142.05,142.1,142.04,142.06,2466
2026-08-10 10:59:58,142.11,142.11,142.08,142.1,1621
2026-08-10 11:00:59,142.12,142.18,142.12,142.18,10333
2026-08-10 11:01:54,142.18,142.18,142.17,142.18,3906
2026-08-10 11:02:55,142.17,142.18,142.16,142.17,1156
2026-08-10 11:03:54,142.16,142.18,142.16,142.18,6160
2026-08-10 11:04:59,142.18,142.18,142.14,142.14,3470
2026-08-10 11:05:55,142.14,142.2,142.14,142.19,6528
2026-08-10 11:06:55,142.18,142.18,142.16,142.18,1977
2026-08-10 11:07:59,142.18,142.18,142.18,142.18,1720
2026-08-10 11:08:59,142.18,142.18,142.13,142.15,2576
2026-08-10 11:09:58,142.13,142.14,142.13,142.14,1749
2026-08-10 11:10:59,142.14,142.14,142.14,142.14,1560
2026-08-10 11:11:59,142.14,142.18,142.13,142.15,4907
2026-08-10 11:12:58,142.15,142.15,142.14,142.15,2495
2026-08-10 11:13:57,142.14,142.2,142.13,142.2,25606
2026-08-10 11:14:57,142.2,142.25,142.2,142.25,31771
2026-08-10 11:15:54,142.25,142.25,142.24,142.24,15735
2026-08-10 11:16:59,142.25,142.29,142.24,142.28,8886
2026-08-10 11:17:58,142.28,142.34,142.26,142.32,14769
2026-08-10 11:18:58,142.32,142.32,142.26,142.32,3441
2026-08-10 11:19:59,142.3,142.44,142.26,142.31,41188
2026-08-10 11:20:56,142.31,142.38,142.31,142.36,8264
2026-08-10 11:21:54,142.36,142.37,142.32,142.37,20823
2026-08-10 11:22:56,142.36,142.36,142.32,142.32,6373
2026-08-10 11:23:55,142.32,142.43,142.29,142.43,17446
2026-08-10 11:24:59,142.45,142.66,142.4,142.41,53167
2026-08-10 11:25:58,142.4,142.43,142.32,142.32,9961
2026-08-10 11:26:59,142.32,142.32,142.25,142.28,5523
2026-08-10 11:27:59,142.28,142.38,142.25,142.36,22027
2026-08-10 11:28:58,142.36,142.39,142.36,142.39,4006
2026-08-10 11:29:56,142.39,142.48,142.35,142.48,21146
2026-08-10 11:30:54,142.57,142.57,142.42,142.47,17282
2026-08-10 11:31:59,142.42,142.45,142.42,142.43,743
2026-08-10 11:32:56,142.42,142.45,142.42,142.42,3191
2026-08-10 11:33:59,142.45,142.45,142.42,142.42,4702
2026-08-10 11:34:56,142.4,142.42,142.32,142.35,2920
2026-08-10 11:35:55,142.35,142.44,142.35,142.44,38820
2026-08-10 11:36:57,142.42,142.42,142.4,142.4,4753
2026-08-10 11:37:56,142.4,142.4,142.39,142.39,3127
2026-08-10 11:38:55,142.39,142.51,142.39,142.5,35629
2026-08-10 11:39:58,142.5,142.55,142.5,142.51,19970
2026-08-10 11:40:56,142.5,142.57,142.5,142.55,9370
2026-08-10 11:41:54,142.55,142.55,142.46,142.48,7045
2026-08-10 11:42:56,142.48,142.48,142.4,142.41,9011
2026-08-10 11:43:55,142.45,142.45,142.38,142.39,10743
2026-08-10 11:44:57,142.39,142.42,142.38,142.39,874
2026-08-10 11:45:59,142.39,142.42,142.37,142.37,8057
2026-08-10 11:46:59,142.41,142.41,142.29,142.31,7318
2026-08-10 11:47:59,142.34,142.36,142.3,142.31,3149
2026-08-10 11:48:54,142.34,142.36,142.32,142.36,2939
2026-08-10 11:49:57,142.4,142.45,142.37,142.45,12955
2026-08-10 11:50:56,142.39,142.43,142.3,142.35,9512
2026-08-10 11:51:59,142.35,142.35,142.31,142.31,2663
2026-08-10 11:52:59,142.3,142.44,142.3,142.38,12068
2026-08-10 11:53:59,142.39,142.44,142.39,142.44,1421
2026-08-10 11:54:59,142.44,142.44,142.38,142.42,4134
2026-08-10 11:55:57,142.42,142.42,142.38,142.38,942
2026-08-10 11:56:58,142.4,142.4,142.38,142.4,667
2026-08-10 11:57:58,142.38,142.4,142.35,142.35,13446
2026-08-10 11:58:57,142.32,142.35,142.3,142.33,8475
2026-08-10 11:59:55,142.33,142.33,142.3,142.31,5244
2026-08-10 12:00:59,142.31,142.31,142.3,142.3,8964
2026-08-10 12:01:56,142.31,142.33,142.3,142.33,7856
2026-08-10 12:02:58,142.33,142.33,142.31,142.31,1254
2026-08-10 12:03:57,142.31,142.33,142.31,142.33,932
2026-08-10 12:04:55,142.33,142.34,142.32,142.33,2861
2026-08-10 12:05:55,142.35,142.35,142.33,142.33,1481
2026-08-10 12:06:57,142.33,142.33,142.3,142.3,4160
2026-08-10 12:07:58,142.31,142.31,142.3,142.3,1509
2026-08-10 12:08:55,142.3,142.31,142.3,142.3,15887
2026-08-10 12:09:55,142.3,142.31,142.3,142.3,4413
2026-08-10 12:10:55,142.31,142.32,142.3,142.32,3237
2026-08-10 12:11:56,142.31,142.32,142.3,142.31,6220
2026-08-10 12:12:57,142.31,142.31,142.3,142.31,3910
2026-08-10 12:13:59,142.35,142.35,142.26,142.26,18864
2026-08-10 12:14:56,142.26,142.31,142.25,142.3,8133
2026-08-10 12:15:59,142.3,142.43,142.25,142.39,28013
2026-08-10 12:16:59,142.39,142.4,142.32,142.35,4056
2026-08-10 12:17:58,142.43,142.43,142.32,142.37,6873
2026-08-10 12:18:59,142.32,142.38,142.32,142.34,7923
2026-08-10 12:19:54,142.38,142.38,142.22,142.22,9039
2026-08-10 12:20:56,142.29,142.3,142.24,142.29,2598
2026-08-10 12:21:55,142.3,142.3,142.26,142.3,1233
2026-08-10 12:22:56,142.3,142.32,142.26,142.3,1855
2026-08-10 12:23:59,142.27,142.3,142.26,142.27,4353
2026-08-10 12:24:59,142.3,142.3,142.2,142.2,8283
2026-08-10 12:25:55,142.2,142.25,142.2,142.25,1325
2026-08-10 12:26:58,142.2,142.25,142.2,142.24,6632
2026-08-10 12:27:58,142.24,142.24,142.2,142.23,13146
2026-08-10 12:28:58,142.23,142.24,142.23,142.24,1088
2026-08-10 12:29:58,142.24,142.24,142.22,142.24,6352
2026-08-10 12:30:59,142.24,142.24,142.2,142.2,8879
2026-08-10 12:31:59,142.2,142.2,142.07,142.1,15611
2026-08-10 12:32:58,142.1,142.1,142.07,142.1,1578
2026-08-10 12:33:58,142.07,142.1,142.07,142.1,352
2026-08-10 12:34:58,142.1,142.1,142.07,142.09,2745
2026-08-10 12:35:54,142.08,142.09,142.07,142.09,2699
2026-08-10 12:36:55,142.07,142.1,142.07,142.1,9803
2026-08-10 12:37:55,142.1,142.1,142.03,142.03,21521
2026-08-10 12:38:59,142,142.08,142,142.08,7403
2026-08-10 12:39:59,142.08,142.1,142.07,142.1,6059
2026-08-10 12:40:57,142.07,142.1,142.07,142.1,961
2026-08-10 12:41:57,142.07,142.1,142.06,142.1,3446
2026-08-10 12:42:58,142.05,142.05,141.93,142.03,56806
2026-08-10 12:43:59,142.03,142.05,142,142.05,3194
2026-08-10 12:44:59,142.05,142.05,142.01,142.03,3123
2026-08-10 12:45:56,142.01,142.03,142,142,4846
2026-08-10 12:46:57,142,142.04,142,142.03,5899
2026-08-10 12:47:57,142.02,142.04,142,142,3037
2026-08-10 12:48:56,142.01,142.02,142,142.01,11309
2026-08-10 12:49:55,142.01,142.02,142.01,142.01,6071
2026-08-10 12:50:58,142.01,142.02,141.99,141.99,26243
2026-08-10 12:51:57,141.99,142.02,141.99,142,809
2026-08-10 12:52:58,142.01,142.02,142,142,1952
2026-08-10 12:53:57,142.02,142.02,141.96,141.96,6855
2026-08-10 12:54:57,141.98,141.99,141.92,141.92,1406
2026-08-10 12:55:55,141.95,141.95,141.85,141.85,5286
2026-08-10 12:56:58,141.85,141.89,141.85,141.85,7496
2026-08-10 12:57:59,141.84,141.85,141.82,141.85,4058
2026-08-10 12:58:58,141.85,141.87,141.85,141.86,1964
2026-08-10 12:59:57,141.86,141.87,141.85,141.85,2986
2026-08-10 13:00:56,141.87,141.87,141.84,141.85,8260
2026-08-10 13:01:55,141.84,141.85,141.83,141.84,2329
2026-08-10 13:02:58,141.83,141.85,141.82,141.82,3141
2026-08-10 13:03:57,141.82,141.85,141.82,141.84,3734
2026-08-10 13:04:59,141.83,141.83,141.82,141.83,1551
2026-08-10 13:05:58,141.83,141.83,141.82,141.82,1652
2026-08-10 13:06:57,141.83,141.83,141.8,141.81,6760
2026-08-10 13:07:59,141.81,141.81,141.66,141.68,46593
2026-08-10 13:08:58,141.68,141.74,141.68,141.74,10034
2026-08-10 13:09:59,141.74,141.74,141.7,141.74,9826
2026-08-10 13:10:55,141.74,141.74,141.7,141.71,2618
2026-08-10 13:11:59,141.71,141.75,141.71,141.71,3942
2026-08-10 13:12:56,141.71,141.75,141.71,141.75,7281
2026-08-10 13:13:56,141.72,141.79,141.72,141.75,2035
2026-08-10 13:14:55,141.76,141.82,141.75,141.82,2881
2026-08-10 13:15:57,141.85,141.86,141.77,141.8,6106
2026-08-10 13:16:58,141.77,141.8,141.77,141.8,1352
2026-08-10 13:17:58,141.78,141.79,141.76,141.76,5630
2026-08-10 13:18:57,141.76,141.84,141.76,141.82,6000
2026-08-10 13:19:58,141.78,141.82,141.78,141.82,2230
2026-08-10 13:20:55,141.82,141.82,141.79,141.79,1682
2026-08-10 13:21:55,141.79,141.85,141.79,141.82,8154
2026-08-10 13:22:56,141.85,141.85,141.78,141.79,9327
2026-08-10 13:23:55,141.78,141.79,141.78,141.79,3137
2026-08-10 13:24:55,141.79,141.79,141.77,141.77,1487
2026-08-10 13:25:59,141.78,141.85,141.77,141.78,5434
2026-08-10 13:26:58,141.78,141.84,141.77,141.8,27989
2026-08-10 13:27:58,141.8,141.8,141.79,141.79,1219
2026-08-10 13:28:57,141.85,141.85,141.81,141.85,5283
2026-08-10 13:29:58,141.85,141.85,141.8,141.81,4904
2026-08-10 13:30:59,141.82,141.85,141.81,141.85,1426
2026-08-10 13:31:59,141.85,141.95,141.84,141.9,4146
2026-08-10 13:32:59,141.9,141.94,141.9,141.9,4594
2026-08-10 13:33:59,141.94,141.94,141.86,141.94,3639
2026-08-10 13:34:59,141.9,141.95,141.88,141.95,2456
2026-08-10 13:35:59,141.91,141.94,141.88,141.9,5498
2026-08-10 13:36:59,141.89,141.92,141.88,141.89,2544
2026-08-10 13:37:58,141.88,141.94,141.88,141.91,3248
2026-08-10 13:38:56,141.91,141.92,141.88,141.88,2391
2026-08-10 13:39:59,141.92,141.92,141.89,141.9,2017
2026-08-10 13:40:55,141.89,142.03,141.89,141.98,18260
2026-08-10 13:41:59,141.98,141.98,141.96,141.96,3468
2026-08-10 13:42:59,141.97,141.97,141.92,141.92,2446
2026-08-10 13:43:58,141.93,141.97,141.92,141.97,6009
2026-08-10 13:44:57,141.98,141.99,141.93,141.95,5251
2026-08-10 13:45:58,141.95,141.99,141.95,141.99,7958
2026-08-10 13:46:59,141.99,141.99,141.95,141.99,2809
2026-08-10 13:47:59,141.99,142.03,141.98,141.98,7740
2026-08-10 13:48:56,141.99,142.03,141.9,141.9,8335
2026-08-10 13:49:57,141.96,141.97,141.9,141.97,6408
2026-08-10 13:50:57,141.92,141.97,141.9,141.9,2723
2026-08-10 13:51:59,141.88,141.96,141.88,141.91,2884
2026-08-10 13:52:57,141.91,141.95,141.9,141.94,2718
2026-08-10 13:53:56,141.94,141.95,141.9,141.91,5051
2026-08-10 13:54:56,141.91,142.14,141.91,142.1,41210
2026-08-10 13:55:57,142.12,142.12,142.04,142.1,17222
2026-08-10 13:56:59,142.1,142.13,142.05,142.05,18154
2026-08-10 13:57:58,142.06,142.06,141.97,142.04,2523
2026-08-10 13:58:59,142.01,142.1,142.01,142.09,13616
2026-08-10 13:59:57,142.09,142.19,142.08,142.16,9115
2026-08-10 14:00:58,142.16,142.16,142.02,142.02,18011
2026-08-10 14:01:59,142.02,142.02,142,142,1996
2026-08-10 14:02:56,142,142,141.97,141.97,13936
2026-08-10 14:03:59,141.95,141.95,141.83,141.83,32548
2026-08-10 14:04:57,141.87,141.93,141.87,141.9,3283
2026-08-10 14:05:59,141.9,141.91,141.9,141.91,1878
2026-08-10 14:06:54,141.92,141.92,141.86,141.92,7432
2026-08-10 14:07:58,141.92,141.94,141.92,141.94,2827
2026-08-10 14:08:59,141.94,141.94,141.93,141.94,1598
2026-08-10 14:09:59,141.94,141.94,141.93,141.93,1491
2026-08-10 14:10:59,141.94,141.94,141.92,141.94,6046
2026-08-10 14:11:59,141.93,141.94,141.9,141.94,11141
2026-08-10 14:12:55,141.94,141.94,141.9,141.94,3595
2026-08-10 14:13:57,141.9,141.94,141.9,141.91,1258
2026-08-10 14:14:54,141.93,141.93,141.87,141.87,7437
2026-08-10 14:15:59,141.87,141.9,141.84,141.85,8129
2026-08-10 14:16:59,141.88,141.94,141.88,141.94,10922
2026-08-10 14:17:57,141.94,141.95,141.87,141.95,5927
2026-08-10 14:18:56,141.89,141.95,141.89,141.95,3696
2026-08-10 14:19:54,141.96,141.96,141.91,141.91,1979
2026-08-10 14:20:55,141.9,141.91,141.9,141.91,1602
2026-08-10 14:21:59,141.91,141.92,141.9,141.92,2647
2026-08-10 14:22:59,141.92,141.95,141.9,141.95,1811
2026-08-10 14:23:59,141.95,141.97,141.9,141.9,14972
2026-08-10 14:24:56,141.95,141.97,141.87,141.96,9442
2026-08-10 14:25:59,141.94,141.96,141.9,141.96,1109
2026-08-10 14:26:58,141.96,141.96,141.83,141.88,6298
2026-08-10 14:27:57,141.86,141.88,141.81,141.88,9868
2026-08-10 14:28:59,141.88,141.88,141.81,141.88,3523
2026-08-10 14:29:56,141.88,141.89,141.88,141.88,1975
2026-08-10 14:30:59,141.89,141.94,141.89,141.89,3199
2026-08-10 14:31:56,141.89,141.89,141.85,141.88,6252
2026-08-10 14:32:56,141.88,141.88,141.81,141.81,4178
2026-08-10 14:33:55,141.87,141.88,141.82,141.88,7775
2026-08-10 14:34:55,141.88,141.88,141.84,141.84,2917
2026-08-10 14:35:58,141.84,141.92,141.84,141.92,16842
2026-08-10 14:36:59,141.91,141.92,141.85,141.9,2010
2026-08-10 14:37:57,141.91,141.93,141.84,141.84,22911
2026-08-10 14:38:58,141.9,141.9,141.85,141.9,1668
2026-08-10 14:39:59,141.89,141.89,141.85,141.89,8181
2026-08-10 14:40:55,141.85,141.9,141.84,141.89,3936
2026-08-10 14:41:57,141.9,141.91,141.88,141.9,6988
2026-08-10 14:42:58,141.9,141.9,141.83,141.88,18923
2026-08-10 14:43:58,141.93,141.93,141.85,141.9,15504
2026-08-10 14:44:55,141.9,141.93,141.89,141.9,708
2026-08-10 14:45:54,141.89,141.93,141.88,141.9,4004
2026-08-10 14:46:59,141.86,141.9,141.86,141.86,6997
2026-08-10 14:47:55,141.86,141.86,141.82,141.82,9357
2026-08-10 14:48:59,141.82,141.86,141.82,141.85,3159
2026-08-10 14:49:57,141.85,141.85,141.66,141.73,50622
2026-08-10 14:50:55,141.73,141.73,141.67,141.67,22934
2026-08-10 14:51:59,141.68,141.7,141.62,141.7,6780
2026-08-10 14:52:58,141.7,141.7,141.66,141.66,10415
2026-08-10 14:53:59,141.72,141.75,141.7,141.75,62834
2026-08-10 14:54:59,141.7,141.75,141.7,141.73,1035
2026-08-10 14:55:59,141.72,141.73,141.7,141.73,13938
2026-08-10 14:56:59,141.7,141.75,141.7,141.74,10772
2026-08-10 14:57:56,141.74,141.8,141.74,141.79,16602
2026-08-10 14:58:59,141.79,141.84,141.73,141.78,15852
2026-08-10 14:59:59,141.78,141.8,141.75,141.75,9499
2026-08-10 15:00:55,141.78,141.78,141.75,141.78,14222
2026-08-10 15:01:58,141.75,141.78,141.72,141.72,13141
2026-08-10 15:02:59,141.73,141.73,141.72,141.72,8359
2026-08-10 15:03:56,141.73,141.74,141.7,141.72,10208
2026-08-10 15:04:58,141.73,141.73,141.72,141.73,14872
2026-08-10 15:05:55,141.74,141.74,141.68,141.72,21081
2026-08-10 15:06:58,141.75,141.75,141.62,141.7,44752
2026-08-10 15:07:54,141.71,141.71,141.63,141.69,10829
2026-08-10 15:08:54,141.68,141.74,141.66,141.73,22341
2026-08-10 15:09:56,141.73,141.73,141.62,141.67,14271
2026-08-10 15:10:54,141.69,141.69,141.51,141.51,61646
2026-08-10 15:11:56,141.5,141.56,141.5,141.56,23038
2026-08-10 15:12:55,141.64,141.71,141.62,141.65,59496
2026-08-10 15:13:57,141.64,141.68,141.55,141.67,13021
2026-08-10 15:14:57,141.66,141.66,141.6,141.61,20406
2026-08-10 15:15:16,141.66,141.66,141.66,141.66,500
2026-08-10 15:20:57,141.66,141.66,141.66,141.66,191
2026-08-10 15:21:54,141.66,141.66,141.66,141.66,117
2026-08-10 15:22:57,141.66,141.66,141.66,141.66,3915
2026-08-10 15:24:54,141.66,141.66,141.66,141.66,15
2026-08-10 15:25:54,141.66,141.66,141.66,141.66,1221
2026-08-10 15:26:57,141.66,141.66,141.66,141.66,50
2026-08-10 15:29:39,141.66,142,141.66,142,4014755
2026-08-11 09:08:00,141.5,141.5,141.5,141.5,76559
2026-08-11 09:15:58,140.64,141.6,140.1,140.58,276124
2026-08-11 09:16:54,140.54,140.67,140.43,140.52,80423
2026-08-11 09:17:56,140.53,140.53,140.24,140.31,60052
2026-08-11 09:18:55,140.11,140.11,139.76,139.84,288909
2026-08-11 09:19:54,139.77,139.87,139.66,139.82,104493
2026-08-11 09:20:53,139.84,139.92,139.74,139.92,102300
2026-08-11 09:21:59,139.75,139.86,139.65,139.82,107589
2026-08-11 09:22:55,139.86,139.93,139.8,139.93,97525
2026-08-11 09:23:59,139.89,139.99,139.89,139.94,53417
2026-08-11 09:24:55,139.92,140.05,139.88,140.05,107746
2026-08-11 09:25:59,140.06,140.19,140.06,140.14,24722
2026-08-11 09:26:53,140.14,140.14,140.13,140.13,29510
2026-08-11 09:27:54,140.13,140.2,140.05,140.09,40973
2026-08-11 09:28:55,140.09,140.09,140.03,140.07,23363
2026-08-11 09:29:55,140.07,140.07,140.06,140.07,28840
2026-08-11 09:30:57,139.99,140.07,139.94,139.95,59609
2026-08-11 09:31:58,139.95,139.95,139.93,139.93,30232
2026-08-11 09:32:57,139.94,139.95,139.94,139.94,28831
2026-08-11 09:33:54,139.94,139.94,139.9,139.94,26899
2026-08-11 09:34:59,139.97,139.99,139.96,139.99,44129
2026-08-11 09:35:57,139.99,140,139.9,139.92,71308
2026-08-11 09:36:57,139.95,139.95,139.85,139.9,93320
2026-08-11 09:37:55,139.89,139.9,139.89,139.89,20780
2026-08-11 09:38:53,139.89,139.99,139.85,139.99,32689
2026-08-11 09:39:57,139.99,140,139.94,139.95,28075
2026-08-11 09:40:56,139.94,139.94,139.88,139.93,11663
2026-08-11 09:41:53,139.93,139.98,139.92,139.98,23534
2026-08-11 09:42:57,139.98,140.02,139.98,140.02,14545
2026-08-11 09:43:54,140,140,139.92,139.96,15824
2026-08-11 09:44:57,139.95,140,139.95,140,18714
2026-08-11 09:45:54,139.98,140,139.95,139.96,11653
2026-08-11 09:46:59,139.96,139.96,139.95,139.96,10247
2026-08-11 09:47:56,139.96,139.96,139.95,139.95,17443
2026-08-11 09:48:58,139.94,139.95,139.9,139.9,17392
2026-08-11 09:49:53,139.93,139.93,139.9,139.91,7082
2026-08-11 09:50:55,139.9,139.93,139.9,139.93,24411
2026-08-11 09:51:55,139.93,140.12,139.93,140.12,50696
2026-08-11 09:52:56,140.17,140.17,140.07,140.07,20565
2026-08-11 09:53:57,140.06,140.12,140.06,140.09,16917
2026-08-11 09:54:56,140.09,140.09,140.02,140.02,4722
2026-08-11 09:55:57,140.03,140.07,140,140.02,9774
2026-08-11 09:56:56,140.01,140.29,140.01,140.26,43764
2026-08-11 09:57:55,140.29,140.29,140.25,140.28,13304
2026-08-11 09:58:59,140.29,140.34,140.25,140.26,69982
2026-08-11 09:59:56,140.31,140.32,140.3,140.32,13827
2026-08-11 10:00:55,140.32,140.32,140.25,140.26,15058
2026-08-11 10:01:59,140.26,140.28,140.26,140.26,5010
2026-08-11 10:02:58,140.26,140.26,140.16,140.16,17011
2026-08-11 10:03:57,140.16,140.2,140.15,140.16,9418
2026-08-11 10:04:54,140.2,140.3,140.2,140.3,50440
2026-08-11 10:05:58,140.3,140.43,140.29,140.43,50990
2026-08-11 10:06:56,140.43,140.46,140.4,140.46,16847
2026-08-11 10:07:59,140.39,140.45,140.39,140.44,10108
2026-08-11 10:08:54,140.4,140.46,140.32,140.32,49431
2026-08-11 10:09:58,140.33,140.39,140.28,140.29,12635
2026-08-11 10:10:53,140.29,140.29,140.26,140.28,4944
2026-08-11 10:11:54,140.21,140.39,140.21,140.39,34948
2026-08-11 10:12:56,140.44,140.44,140.22,140.22,64951
2026-08-11 10:13:56,140.26,140.37,140.22,140.36,13538
2026-08-11 10:14:58,140.36,140.47,140.3,140.39,16910
2026-08-11 10:15:59,140.39,140.39,140.26,140.33,14610
2026-08-11 10:16:56,140.3,140.42,140.3,140.42,13110
2026-08-11 10:17:56,140.48,140.59,140.3,140.3,53017
2026-08-11 10:18:56,140.3,140.35,140.26,140.26,24424
2026-08-11 10:19:57,140.26,140.28,140.22,140.22,9765
2026-08-11 10:20:56,140.22,140.25,140.13,140.19,33530
2026-08-11 10:21:56,140.13,140.17,140.05,140.05,67950
2026-08-11 10:22:55,140.05,140.15,140.02,140.15,49075
2026-08-11 10:23:55,140.15,140.15,140.07,140.07,5279
2026-08-11 10:24:54,140.17,140.17,140.08,140.1,6937
2026-08-11 10:25:55,140.1,140.12,140.1,140.1,12531
2026-08-11 10:26:54,140.11,140.19,140.11,140.15,20815
2026-08-11 10:27:59,140.15,140.16,140.11,140.16,12701
2026-08-11 10:28:58,140.16,140.32,140.13,140.25,21998
2026-08-11 10:29:59,140.32,140.39,140.26,140.32,55920
2026-08-11 10:30:56,140.39,140.39,140.33,140.33,20528
2026-08-11 10:31:56,140.34,140.35,140.34,140.34,8213
2026-08-11 10:32:55,140.34,140.44,140.3,140.44,48537
2026-08-11 10:33:58,140.42,140.44,140.4,140.43,9216
2026-08-11 10:34:57,140.43,140.44,140.4,140.4,28270
2026-08-11 10:35:54,140.4,140.41,140.34,140.38,22128
2026-08-11 10:36:57,140.35,140.35,140.29,140.29,37082
2026-08-11 10:37:55,140.25,140.35,140.25,140.32,12260
2026-08-11 10:38:59,140.38,140.4,140.33,140.39,20455
2026-08-11 10:39:59,140.4,140.45,140.39,140.43,26046
2026-08-11 10:40:56,140.43,140.44,140.38,140.43,20154
2026-08-11 10:41:57,140.43,140.48,140.42,140.47,13509
2026-08-11 10:42:55,140.48,140.48,140.42,140.42,6183
2026-08-11 10:43:59,140.43,140.43,140.2,140.26,54856
2026-08-11 10:44:55,140.21,140.25,140.16,140.2,3040
2026-08-11 10:45:56,140.2,140.21,140.2,140.2,11537
2026-08-11 10:46:55,140.2,140.21,140.13,140.14,23797
2026-08-11 10:47:55,140.13,140.15,140.13,140.13,7580
2026-08-11 10:48:59,140.13,140.13,140.12,140.12,18480
2026-08-11 10:49:56,140.13,140.13,140.05,140.06,31257
2026-08-11 10:50:56,140.06,140.07,140.03,140.07,12613
2026-08-11 10:51:56,140.03,140.08,140.03,140.08,36199
2026-08-11 10:52:59,140.08,140.08,140.06,140.07,14187
2026-08-11 10:53:56,140.07,140.17,140.07,140.17,15046
2026-08-11 10:54:57,140.16,140.16,140.09,140.09,9371
2026-08-11 10:55:57,140.08,140.23,140.08,140.17,32027
2026-08-11 10:56:56,140.12,140.23,140.12,140.2,19542
2026-08-11 10:57:55,140.19,140.3,140.17,140.21,35844
2026-08-11 10:58:55,140.21,140.24,140.2,140.2,5407
2026-08-11 10:59:57,140.2,140.24,140.2,140.24,3332
2026-08-11 11:00:59,140.19,140.2,140.11,140.13,14144
2026-08-11 11:01:57,140.13,140.17,140.12,140.15,4755
2026-08-11 11:02:57,140.15,140.15,140.1,140.1,2993
2026-08-11 11:03:54,140.1,140.15,140.1,140.1,12817
2026-08-11 11:04:59,140.05,140.09,140.05,140.09,7060
2026-08-11 11:05:59,140.09,140.09,140.06,140.07,5563
2026-08-11 11:06:59,140.08,140.12,140.08,140.12,1873
2026-08-11 11:07:57,140.09,140.16,140.09,140.1,6456
2026-08-11 11:08:55,140.14,140.16,140.07,140.14,9913
2026-08-11 11:09:55,140.11,140.15,140.06,140.06,4631
2026-08-11 11:10:56,140.06,140.11,139.91,139.91,123914
2026-08-11 11:11:56,139.93,140.01,139.92,140,25291
2026-08-11 11:12:54,139.99,140.05,139.96,139.96,8660
2026-08-11 11:13:57,139.96,139.98,139.93,139.96,30244
2026-08-11 11:14:56,139.93,139.96,139.9,139.91,21723
2026-08-11 11:15:56,139.93,139.93,139.9,139.92,8649
2026-08-11 11:16:55,139.92,139.92,139.9,139.91,10948
2026-08-11 11:17:59,139.92,139.92,139.82,139.82,45381
2026-08-11 11:18:59,139.8,139.84,139.75,139.84,68319
2026-08-11 11:19:57,139.84,139.85,139.81,139.82,12029
2026-08-11 11:20:59,139.82,139.85,139.82,139.85,6244
2026-08-11 11:21:56,139.83,139.94,139.83,139.9,37595
2026-08-11 11:22:57,139.9,139.9,139.87,139.87,4060
2026-08-11 11:23:57,139.87,139.89,139.87,139.88,8296
2026-08-11 11:24:56,139.88,139.89,139.88,139.89,9284
2026-08-11 11:25:55,139.8,139.81,139.8,139.8,76958
2026-08-11 11:26:56,139.8,139.81,139.8,139.8,5150
2026-08-11 11:27:59,139.8,139.81,139.8,139.81,15634
2026-08-11 11:28:59,139.77,139.8,139.65,139.7,78343
2026-08-11 11:29:58,139.66,139.76,139.66,139.73,19416
2026-08-11 11:30:56,139.73,139.77,139.73,139.75,5798
2026-08-11 11:31:57,139.76,139.8,139.76,139.77,28002
2026-08-11 11:32:58,139.79,139.8,139.75,139.8,5466
2026-08-11 11:33:56,139.76,139.78,139.75,139.75,13775
2026-08-11 11:34:58,139.72,139.75,139.7,139.75,17426
2026-08-11 11:35:55,139.71,139.78,139.71,139.75,18477
2026-08-11 11:36:56,139.74,139.78,139.72,139.74,5830
2026-08-11 11:37:58,139.78,139.78,139.74,139.76,18746
2026-08-11 11:38:58,139.76,139.76,139.74,139.74,17158
2026-08-11 11:39:59,139.75,139.75,139.74,139.75,6464
2026-08-11 11:40:56,139.76,139.9,139.76,139.83,21369
2026-08-11 11:41:57,139.89,139.89,139.83,139.85,4693
2026-08-11 11:42:59,139.85,139.89,139.83,139.88,8369
2026-08-11 11:43:59,139.89,139.89,139.83,139.83,8408
2026-08-11 11:44:59,139.83,139.89,139.83,139.89,15864
2026-08-11 11:45:56,139.83,139.94,139.83,139.86,8261
2026-08-11 11:46:57,139.83,139.88,139.8,139.85,21570
2026-08-11 11:47:57,139.85,139.86,139.81,139.86,5494
2026-08-11 11:48:57,139.86,139.86,139.82,139.83,11729
2026-08-11 11:49:58,139.86,139.91,139.83,139.86,14513
2026-08-11 11:50:59,139.86,139.91,139.86,139.89,4954
2026-08-11 11:51:58,139.89,139.89,139.71,139.76,82055
2026-08-11 11:52:57,139.75,139.75,139.71,139.71,7764
2026-08-11 11:53:56,139.72,139.73,139.72,139.72,6373
2026-08-11 11:54:59,139.72,139.73,139.7,139.7,17457
2026-08-11 11:55:55,139.71,139.71,139.65,139.67,72508
2026-08-11 11:56:55,139.65,139.7,139.65,139.66,36155
2026-08-11 11:57:56,139.66,139.7,139.55,139.59,64721
2026-08-11 11:58:56,139.6,139.6,139.53,139.54,22522
2026-08-11 11:59:59,139.58,139.58,139.55,139.58,29706
2026-08-11 12:00:59,139.55,139.65,139.55,139.62,47274
2026-08-11 12:01:56,139.59,139.62,139.58,139.6,6868
2026-08-11 12:02:58,139.62,139.62,139.58,139.6,3855
2026-08-11 12:03:55,139.62,139.62,139.55,139.6,10671
2026-08-11 12:04:58,139.56,139.6,139.55,139.56,10400
2026-08-11 12:05:59,139.55,139.56,139.54,139.54,12963
2026-08-11 12:06:59,139.54,139.55,139.54,139.54,5019
2026-08-11 12:07:57,139.54,139.55,139.54,139.54,12447
2026-08-11 12:08:59,139.54,139.55,139.52,139.53,33088
2026-08-11 12:09:56,139.52,139.54,139.51,139.51,22011
2026-08-11 12:10:59,139.52,139.52,139.51,139.52,20628
2026-08-11 12:11:56,139.52,139.55,139.52,139.53,67526
2026-08-11 12:12:59,139.55,139.55,139.53,139.53,16091
2026-08-11 12:13:58,139.55,139.55,139.53,139.53,5326
2026-08-11 12:14:58,139.53,139.55,139.53,139.54,8626
2026-08-11 12:15:55,139.54,139.55,139.54,139.55,15103
2026-08-11 12:16:56,139.54,139.55,139.54,139.55,9135
2026-08-11 12:17:57,139.55,139.55,139.5,139.5,50970
2026-08-11 12:18:59,139.47,139.47,139.4,139.43,172541
2026-08-11 12:19:59,139.43,139.47,139.43,139.44,9071
2026-08-11 12:20:58,139.44,139.46,139.43,139.44,31625
2026-08-11 12:21:59,139.43,140.48,139.43,140.3,283682
2026-08-11 12:22:59,140.25,140.25,139.78,139.8,32181
2026-08-11 12:23:59,139.8,139.8,139.74,139.78,10644
2026-08-11 12:24:55,139.8,139.8,139.71,139.71,6242
2026-08-11 12:25:59,139.7,139.75,139.68,139.74,11808
2026-08-11 12:26:59,139.7,139.74,139.7,139.7,3724
2026-08-11 12:27:59,139.74,139.74,139.64,139.64,10573
2026-08-11 12:28:59,139.7,139.7,139.56,139.67,48377
2026-08-11 12:29:59,139.65,139.74,139.54,139.7,46958
2026-08-11 12:30:59,139.74,139.84,139.7,139.72,11423
2026-08-11 12:31:59,139.8,139.8,139.74,139.75,6635
2026-08-11 12:32:56,139.79,139.79,139.72,139.75,6270
2026-08-11 12:33:59,139.72,139.75,139.66,139.71,7455
2026-08-11 12:34:57,139.66,139.75,139.66,139.71,19341
2026-08-11 12:35:58,139.71,139.74,139.67,139.67,6250
2026-08-11 12:36:56,139.73,139.81,139.68,139.75,20398
2026-08-11 12:37:59,139.8,140.64,139.77,140.59,652004
2026-08-11 12:38:59,140.6,140.63,140.56,140.59,127777
2026-08-11 12:39:59,140.59,140.68,140.59,140.65,80133
2026-08-11 12:40:58,140.62,140.77,140.6,140.77,184918
2026-08-11 12:41:59,140.84,141,140.78,140.9,139776
2026-08-11 12:42:59,140.89,140.9,140.62,140.64,72308
2026-08-11 12:43:59,140.6,140.69,140.59,140.67,25194
2026-08-11 12:44:56,140.67,140.72,140.64,140.67,26270
2026-08-11 12:45:58,140.7,140.72,140.65,140.72,29252
2026-08-11 12:46:59,140.72,140.81,140.72,140.75,33487
2026-08-11 12:47:58,140.78,140.78,140.68,140.71,17713
2026-08-11 12:48:57,140.74,140.8,140.71,140.72,24508
2026-08-11 12:49:56,140.77,140.77,140.71,140.75,17056
2026-08-11 12:50:59,140.71,140.87,140.71,140.8,50400
2026-08-11 12:51:54,140.8,140.86,140.79,140.84,18853
2026-08-11 12:52:59,140.83,141.25,140.83,140.91,241043
2026-08-11 12:53:59,140.96,140.96,140.8,140.81,47116
2026-08-11 12:54:56,140.85,140.85,140.74,140.75,4716
2026-08-11 12:55:59,140.88,140.92,140.8,140.85,45409
2026-08-11 12:56:59,140.8,140.82,140.73,140.79,14395
2026-08-11 12:57:56,140.79,140.79,140.73,140.74,7318
2026-08-11 12:58:56,140.73,140.73,140.65,140.68,14235
2026-08-11 12:59:55,140.76,140.87,140.76,140.78,83658
2026-08-11 13:00:57,140.83,140.83,140.77,140.79,20629
2026-08-11 13:01:58,140.79,140.79,140.69,140.75,4632
2026-08-11 13:02:55,140.7,140.87,140.7,140.8,32566
2026-08-11 13:03:59,140.81,140.86,140.76,140.76,1249
2026-08-11 13:04:56,140.76,140.78,140.76,140.78,1283
2026-08-11 13:05:56,140.78,140.78,140.7,140.71,17070
2026-08-11 13:06:56,140.7,140.87,140.61,140.61,108471
2026-08-11 13:07:55,140.64,140.66,140.61,140.62,5660
2026-08-11 13:08:57,140.59,140.7,140.59,140.62,21763
2026-08-11 13:09:59,140.68,140.7,140.63,140.69,5390
2026-08-11 13:10:57,140.62,140.69,140.56,140.56,5600
2026-08-11 13:11:55,140.56,140.65,140.55,140.6,20708
2026-08-11 13:12:55,140.6,140.64,140.58,140.64,1565
2026-08-11 13:13:55,140.6,140.7,140.6,140.64,24582
2026-08-11 13:14:57,140.68,140.68,140.55,140.6,25178
2026-08-11 13:15:55,140.59,140.59,140.5,140.5,20176
2026-08-11 13:16:59,140.46,140.5,140.4,140.46,24752
2026-08-11 13:17:58,140.42,140.49,140.41,140.46,26685
2026-08-11 13:18:56,140.4,140.46,140.4,140.4,3318
2026-08-11 13:19:58,140.4,140.51,140.4,140.5,20054
2026-08-11 13:20:59,140.46,140.52,140.46,140.5,18104
2026-08-11 13:21:55,140.51,140.51,140.46,140.51,4197
2026-08-11 13:22:57,140.51,140.51,140.44,140.44,5011
2026-08-11 13:23:56,140.44,140.47,140.41,140.45,1469
2026-08-11 13:24:55,140.41,140.52,140.38,140.38,86627
2026-08-11 13:25:59,140.33,140.37,140.33,140.36,9544
2026-08-11 13:26:55,140.35,140.36,140.3,140.3,14883
2026-08-11 13:27:56,140.3,140.44,140.3,140.44,41739
2026-08-11 13:28:59,140.4,140.44,140.35,140.4,5012
2026-08-11 13:29:57,140.35,140.4,140.35,140.35,12399
2026-08-11 13:30:55,140.39,140.39,140.35,140.35,15188
2026-08-11 13:31:59,140.37,140.37,140.35,140.35,17756
2026-08-11 13:32:58,140.36,140.36,140.35,140.36,8076
2026-08-11 13:33:57,140.36,140.36,140.35,140.35,1226
2026-08-11 13:34:55,140.35,140.36,140.35,140.35,22990
2026-08-11 13:35:59,140.35,140.36,140.35,140.36,10699
2026-08-11 13:36:57,140.35,140.36,140.31,140.31,30964
2026-08-11 13:37:55,140.3,140.3,140.26,140.28,19519
2026-08-11 13:38:59,140.25,140.56,140.25,140.47,140117
2026-08-11 13:39:59,140.47,140.52,140.47,140.51,12240
2026-08-11 13:40:59,140.51,140.55,140.5,140.55,5393
2026-08-11 13:41:57,140.55,140.58,140.5,140.58,16424
2026-08-11 13:42:55,140.58,140.58,140.54,140.58,4947
2026-08-11 13:43:59,140.55,140.58,140.55,140.58,19857
2026-08-11 13:44:59,140.52,140.58,140.5,140.5,17508
2026-08-11 13:45:58,140.55,140.55,140.51,140.55,15059
2026-08-11 13:46:56,140.51,140.55,140.5,140.5,5221
2026-08-11 13:47:55,140.55,140.55,140.5,140.54,1734
2026-08-11 13:48:55,140.5,140.65,140.5,140.65,64538
2026-08-11 13:49:59,140.7,140.71,140.63,140.7,57659
2026-08-11 13:50:59,140.7,140.7,140.64,140.7,10075
2026-08-11 13:51:57,140.7,140.7,140.65,140.67,12415
2026-08-11 13:52:57,140.61,140.62,140.47,140.47,32743
2026-08-11 13:53:59,140.45,140.63,140.45,140.63,139960
2026-08-11 13:54:59,140.63,140.63,140.55,140.63,9886
2026-08-11 13:55:59,140.63,140.63,140.56,140.57,2541
2026-08-11 13:56:59,140.62,140.62,140.55,140.6,11747
2026-08-11 13:57:59,140.6,140.6,140.55,140.55,3168
2026-08-11 13:58:59,140.55,140.56,140.47,140.52,8347
2026-08-11 13:59:57,140.47,140.56,140.47,140.51,92785
2026-08-11 14:00:59,140.6,140.6,140.55,140.55,18471
2026-08-11 14:01:55,140.59,140.59,140.51,140.55,15108
2026-08-11 14:02:59,140.55,140.55,140.45,140.54,56475
2026-08-11 14:03:59,140.55,140.64,140.55,140.61,21476
2026-08-11 14:04:59,140.61,140.61,140.5,140.51,16334
2026-08-11 14:05:56,140.55,140.58,140.5,140.58,37697
2026-08-11 14:06:59,140.56,140.59,140.55,140.58,22609
2026-08-11 14:07:58,140.57,140.57,140.49,140.53,24749
2026-08-11 14:08:56,140.53,140.53,140.53,140.53,6648
2026-08-11 14:09:58,140.53,140.65,140.47,140.65,63978
2026-08-11 14:10:55,140.65,140.65,140.58,140.61,15043
2026-08-11 14:11:55,140.6,140.6,140.55,140.6,6542
2026-08-11 14:12:55,140.55,140.6,140.5,140.5,10693
2026-08-11 14:13:59,140.56,140.6,140.56,140.56,46281
2026-08-11 14:14:57,140.6,140.6,140.53,140.54,9008
2026-08-11 14:15:57,140.6,140.6,140.56,140.56,7765
2026-08-11 14:16:55,140.56,140.7,140.5,140.7,88220
2026-08-11 14:17:59,140.63,140.7,140.63,140.65,36046
2026-08-11 14:18:59,140.7,140.7,140.64,140.65,18605
2026-08-11 14:19:59,140.65,140.65,140.53,140.56,40621
2026-08-11 14:20:59,140.56,140.59,140.52,140.54,51369
2026-08-11 14:21:58,140.55,140.67,140.5,140.65,69788
2026-08-11 14:22:58,140.68,140.68,140.6,140.67,7331
2026-08-11 14:23:59,140.66,140.67,140.62,140.62,12611
2026-08-11 14:24:59,140.62,140.62,140.54,140.54,7892
2026-08-11 14:25:59,140.57,140.58,140.53,140.54,54858
2026-08-11 14:26:59,140.53,140.57,140.53,140.57,12519
2026-08-11 14:27:54,140.57,140.59,140.57,140.59,26334
2026-08-11 14:28:56,140.58,140.59,140.53,140.58,9561
2026-08-11 14:29:55,140.56,140.57,140.54,140.56,10062
2026-08-11 14:30:56,140.56,140.56,140.5,140.52,5689
2026-08-11 14:31:56,140.54,140.6,140.54,140.6,47223
2026-08-11 14:32:59,140.6,140.6,140.55,140.55,15572
2026-08-11 14:33:59,140.59,140.59,140.53,140.55,3548
2026-08-11 14:34:55,140.55,140.55,140.48,140.49,46405
2026-08-11 14:35:57,140.48,140.6,140.42,140.6,65904
2026-08-11 14:36:58,140.59,140.61,140.57,140.57,21156
2026-08-11 14:37:58,140.57,140.65,140.52,140.65,33970
2026-08-11 14:38:58,140.61,140.68,140.6,140.68,45382
2026-08-11 14:39:59,140.69,140.69,140.61,140.66,10806
2026-08-11 14:40:58,140.65,140.72,140.6,140.72,283526
2026-08-11 14:41:59,140.78,140.82,140.78,140.8,11576
2026-08-11 14:42:58,140.81,140.82,140.77,140.77,11644
2026-08-11 14:43:54,140.77,140.78,140.7,140.7,5704
2026-08-11 14:44:55,140.72,140.72,140.7,140.72,36467
2026-08-11 14:45:54,140.71,140.79,140.7,140.75,75018
2026-08-11 14:46:59,140.71,140.9,140.71,140.9,81490
2026-08-11 14:47:55,140.9,140.9,140.88,140.9,38977
2026-08-11 14:48:54,140.9,140.9,140.87,140.9,37511
2026-08-11 14:49:57,140.9,140.9,140.85,140.85,50031
2026-08-11 14:50:57,140.86,140.88,140.83,140.88,75820
2026-08-11 14:51:56,140.85,140.9,140.85,140.89,146773
2026-08-11 14:52:55,140.89,140.95,140.89,140.9,93765
2026-08-11 14:53:55,140.89,140.96,140.87,140.96,24622
2026-08-11 14:54:58,140.93,140.95,140.9,140.92,22946
2026-08-11 14:55:54,140.89,140.99,140.89,140.97,75422
2026-08-11 14:56:59,141,141,140.94,140.98,86985
2026-08-11 14:57:58,140.87,140.87,140.7,140.73,69196
2026-08-11 14:58:57,140.71,140.74,140.65,140.65,79840
2026-08-11 14:59:54,140.66,140.67,140.61,140.61,7979
2026-08-11 15:00:56,140.65,140.65,140.59,140.59,80686
2026-08-11 15:01:59,140.57,140.63,140.54,140.55,112587
2026-08-11 15:02:58,140.52,140.56,140.43,140.43,40353
2026-08-11 15:03:56,140.44,140.48,140.43,140.43,42417
2026-08-11 15:04:59,140.48,140.48,140.42,140.43,40129
2026-08-11 15:05:54,140.43,140.43,140.37,140.4,49757
2026-08-11 15:06:56,140.38,140.38,140.29,140.35,234251
2026-08-11 15:07:59,140.38,140.54,140.38,140.52,49872
2026-08-11 15:08:56,140.47,140.52,140.42,140.47,34546
2026-08-11 15:09:57,140.47,140.47,140.4,140.41,40904
2026-08-11 15:10:54,140.43,140.44,140.41,140.42,112457
2026-08-11 15:11:57,140.42,140.52,140.42,140.52,106935
2026-08-11 15:12:57,140.52,140.73,140.47,140.69,62469
2026-08-11 15:13:59,140.67,140.7,140.56,140.56,22106
2026-08-11 15:14:59,140.55,140.88,140.55,140.6,45200
2026-08-11 15:15:16,140.7,140.7,140.7,140.7,25
2026-08-11 15:20:54,140.7,140.7,140.7,140.7,88745
2026-08-11 15:21:58,140.7,140.7,140.7,140.7,2962
2026-08-11 15:23:59,140.7,140.7,140.7,140.7,10399
2026-08-11 15:26:58,140.7,140.7,140.7,140.7,63
2026-08-11 15:27:53,140.7,140.7,140.7,140.7,256
2026-08-11 15:29:56,140,140,140,140,12995028
2026-08-12 09:07:27,140.63,140.63,140.63,140.63,16462
2026-08-12 09:15:58,140.48,141.07,140.33,141,159578
2026-08-12 09:16:56,141.15,141.55,141.15,141.44,126580
2026-08-12 09:17:59,141.28,141.28,140.95,140.96,104151
2026-08-12 09:18:59,140.96,141.12,140.93,141.06,37207
2026-08-12 09:19:52,141.06,141.22,141.03,141.22,63567
2026-08-12 09:20:51,141.22,141.28,141.21,141.24,73836
2026-08-12 09:21:58,141.21,141.25,141.21,141.25,94443
2026-08-12 09:22:55,141.18,141.22,141.1,141.12,39088
2026-08-12 09:23:58,141.12,141.47,141.07,141.42,113389
2026-08-12 09:24:59,141.43,141.88,141.43,141.77,208409
2026-08-12 09:25:59,141.7,141.7,141.6,141.68,97375
2026-08-12 09:26:54,141.71,141.83,141.67,141.83,41933
2026-08-12 09:27:56,141.85,141.96,141.8,141.85,124601
2026-08-12 09:28:58,141.85,142.05,141.85,142.05,111613
2026-08-12 09:29:53,142,142.04,141.97,141.97,46669
2026-08-12 09:30:59,141.99,141.99,141.74,141.82,142390
2026-08-12 09:31:58,141.82,141.85,141.74,141.79,61050
2026-08-12 09:32:59,141.75,141.75,141.7,141.72,22281
2026-08-12 09:33:57,141.66,141.86,141.66,141.86,31882
2026-08-12 09:34:59,141.86,141.91,141.67,141.71,45264
2026-08-12 09:35:52,141.7,141.7,141.59,141.63,57974
2026-08-12 09:36:59,141.56,141.66,141.56,141.6,24229
2026-08-12 09:37:57,141.58,141.7,141.57,141.7,21686
2026-08-12 09:38:55,141.71,141.71,141.67,141.68,24560
2026-08-12 09:39:53,141.7,141.73,141.68,141.68,42825
2026-08-12 09:40:52,141.67,141.72,141.65,141.72,47949
2026-08-12 09:41:56,141.64,141.68,141.56,141.59,23270
2026-08-12 09:42:54,141.59,141.63,141.53,141.53,20846
2026-08-12 09:43:59,141.55,141.55,141.38,141.38,44828
2026-08-12 09:44:59,141.34,141.39,141.26,141.35,57023
2026-08-12 09:45:53,141.31,141.35,141.24,141.27,32647
2026-08-12 09:46:58,141.26,141.35,141.26,141.35,34805
2026-08-12 09:47:54,141.32,141.37,141.32,141.37,11612
2026-08-12 09:48:57,141.36,141.41,141.32,141.41,31798
2026-08-12 09:49:57,141.4,141.41,141.36,141.39,10014
2026-08-12 09:50:53,141.35,141.35,141.26,141.3,48957
2026-08-12 09:51:55,141.25,141.36,141.25,141.35,31316
2026-08-12 09:52:54,141.3,141.33,141.3,141.3,13615
2026-08-12 09:53:54,141.27,141.42,141.25,141.32,44141
2026-08-12 09:54:54,141.35,141.38,141.33,141.37,19916
2026-08-12 09:55:55,141.31,141.35,141.22,141.25,24151
2026-08-12 09:56:55,141.25,141.29,141.2,141.21,31553
2026-08-12 09:57:55,141.23,141.23,141.14,141.2,20469
2026-08-12 09:58:56,141.13,141.19,141.11,141.12,25388
2026-08-12 09:59:55,141.1,141.12,141.1,141.1,44066
2026-08-12 10:00:54,141.1,141.1,140.9,140.9,76868
2026-08-12 10:01:58,140.91,140.91,140.85,140.85,82790
2026-08-12 10:02:55,140.88,140.92,140.87,140.91,32943
2026-08-12 10:03:59,140.88,140.9,140.81,140.86,10015
2026-08-12 10:04:57,140.86,140.86,140.79,140.79,29483
2026-08-12 10:05:55,140.82,140.84,140.8,140.8,16401
2026-08-12 10:06:54,140.75,140.8,140.75,140.8,11391
2026-08-12 10:07:59,140.8,140.86,140.78,140.86,29537
2026-08-12 10:08:56,140.86,140.89,140.83,140.84,24924
2026-08-12 10:09:58,140.84,140.84,140.77,140.82,16662
2026-08-12 10:10:56,140.8,140.88,140.78,140.81,26383
2026-08-12 10:11:58,140.81,140.9,140.81,140.9,18847
2026-08-12 10:12:54,140.89,140.9,140.83,140.88,17548
2026-08-12 10:13:56,140.86,140.88,140.84,140.85,11526
2026-08-12 10:14:58,140.85,140.85,140.76,140.77,24724
2026-08-12 10:15:59,140.8,140.8,140.62,140.62,57751
2026-08-12 10:16:58,140.61,140.76,140.6,140.66,47260
2026-08-12 10:17:55,140.69,140.7,140.6,140.68,48040
2026-08-12 10:18:57,140.68,140.74,140.67,140.74,20388
2026-08-12 10:19:53,140.71,140.71,140.63,140.63,15498
2026-08-12 10:20:55,140.63,140.65,140.63,140.65,9629
2026-08-12 10:21:58,140.64,140.7,140.64,140.69,9480
2026-08-12 10:22:58,140.69,140.69,140.69,140.69,4940
2026-08-12 10:23:56,140.69,140.7,140.65,140.66,16530
2026-08-12 10:24:57,140.66,140.69,140.65,140.69,6945
2026-08-12 10:25:58,140.65,140.69,140.65,140.69,26156
2026-08-12 10:26:57,140.57,140.62,140.57,140.57,81183
2026-08-12 10:27:57,140.57,140.61,140.57,140.57,2556
2026-08-12 10:28:58,140.61,140.61,140.53,140.57,5811
2026-08-12 10:29:56,140.55,140.55,140.5,140.5,24324
2026-08-12 10:30:56,140.51,140.52,140.5,140.52,47351
2026-08-12 10:31:59,140.52,140.53,140.52,140.53,7009
2026-08-12 10:32:59,140.52,140.54,140.52,140.53,14022
2026-08-12 10:33:59,140.54,140.65,140.53,140.65,7914
2026-08-12 10:34:58,140.65,140.65,140.62,140.63,15455
2026-08-12 10:35:59,140.62,140.65,140.54,140.55,30271
2026-08-12 10:36:58,140.55,140.59,140.53,140.55,14983
2026-08-12 10:37:59,140.59,140.59,140.55,140.58,17693
2026-08-12 10:38:59,140.55,140.58,140.51,140.51,16710
2026-08-12 10:39:59,140.52,140.52,140.36,140.43,125931
2026-08-12 10:40:59,140.44,140.5,140.4,140.4,12745
2026-08-12 10:41:59,140.4,140.42,140.38,140.42,2563
2026-08-12 10:42:59,140.44,140.44,140.4,140.41,17175
2026-08-12 10:43:59,140.41,140.58,140.4,140.52,33824
2026-08-12 10:44:59,140.52,140.53,140.42,140.48,7644
2026-08-12 10:45:54,140.48,140.48,140.43,140.44,10221
2026-08-12 10:46:57,140.44,140.48,140.43,140.43,12537
2026-08-12 10:47:58,140.49,140.49,140.36,140.36,23645
2026-08-12 10:48:56,140.36,140.36,140.31,140.31,19862
2026-08-12 10:49:59,140.22,140.22,140.16,140.22,56951
2026-08-12 10:50:55,140.23,140.25,140.2,140.2,9908
2026-08-12 10:51:57,140.18,140.29,140.18,140.23,12488
2026-08-12 10:52:57,140.23,140.25,140.22,140.22,6673
2026-08-12 10:53:56,140.2,140.25,140.2,140.21,15626
2026-08-12 10:54:59,140.21,140.25,140.21,140.24,8406
2026-08-12 10:55:59,140.24,140.29,140.2,140.21,40045
2026-08-12 10:56:59,140.21,140.25,140.16,140.16,35107
2026-08-12 10:57:55,140.17,140.19,140.16,140.17,22468
2026-08-12 10:58:57,140.17,140.17,140.01,140.08,68928
2026-08-12 10:59:59,140.13,140.13,140.08,140.08,25619
2026-08-12 11:00:56,140.06,140.06,140.01,140.05,10025
2026-08-12 11:01:54,140.02,140.02,139.81,139.82,139407
2026-08-12 11:02:59,139.83,139.9,139.83,139.85,43192
2026-08-12 11:03:56,139.85,139.85,139.83,139.83,7137
2026-08-12 11:04:57,139.83,139.83,139.81,139.82,10003
2026-08-12 11:05:54,139.82,139.83,139.71,139.79,94910
2026-08-12 11:06:54,139.79,139.79,139.7,139.75,30822
2026-08-12 11:07:57,139.79,139.79,139.7,139.7,11987
2026-08-12 11:08:57,139.7,139.75,139.7,139.73,43177
2026-08-12 11:09:56,139.73,139.77,139.72,139.77,11268
2026-08-12 11:10:59,139.77,139.83,139.77,139.8,18796
2026-08-12 11:11:59,139.8,139.94,139.8,139.83,25264
2026-08-12 11:12:58,139.83,139.88,139.6,139.75,64184
2026-08-12 11:13:59,139.81,139.93,139.76,139.91,19952
2026-08-12 11:14:59,139.73,139.75,139.62,139.71,44295
2026-08-12 11:15:57,139.79,139.79,139.67,139.71,16278
2026-08-12 11:16:58,139.71,139.74,139.71,139.74,9757
2026-08-12 11:17:58,139.72,139.74,139.55,139.55,48630
2026-08-12 11:18:59,139.55,139.59,139.42,139.5,108683
2026-08-12 11:19:56,139.53,139.56,139.5,139.56,13038
2026-08-12 11:20:56,139.56,139.56,139.48,139.52,17466
2026-08-12 11:21:56,139.52,139.53,139.52,139.52,9954
2026-08-12 11:22:59,139.52,139.53,139.52,139.53,5173
2026-08-12 11:23:55,139.52,139.53,139.5,139.51,14606
2026-08-12 11:24:54,139.51,139.53,139.4,139.46,51420
2026-08-12 11:25:57,139.46,139.49,139.44,139.45,19510
2026-08-12 11:26:57,139.42,139.45,139.4,139.42,5427
2026-08-12 11:27:59,139.44,139.44,139.36,139.41,34804
2026-08-12 11:28:59,139.41,139.44,139.4,139.44,3448
2026-08-12 11:29:59,139.44,139.51,139.41,139.45,16871
2026-08-12 11:30:59,139.45,139.48,139.38,139.38,14578
2026-08-12 11:31:55,139.38,139.43,139.38,139.42,13283
2026-08-12 11:32:59,139.44,139.49,139.42,139.49,5500
2026-08-12 11:33:59,139.49,139.49,139.29,139.36,55589
2026-08-12 11:34:58,139.3,139.44,139.29,139.38,19606
2026-08-12 11:35:58,139.44,139.46,139.39,139.44,17626
2026-08-12 11:36:55,139.45,139.5,139.45,139.45,6730
2026-08-12 11:37:57,139.45,139.46,139.45,139.46,3659
2026-08-12 11:38:59,139.45,139.56,139.45,139.53,19669
2026-08-12 11:39:59,139.53,139.53,139.45,139.45,29918
2026-08-12 11:40:58,139.46,139.46,139.33,139.33,21362
2026-08-12 11:41:59,139.34,139.44,139.32,139.4,37441
2026-08-12 11:42:59,139.44,139.54,139.41,139.44,23433
2026-08-12 11:43:58,139.44,139.48,139.44,139.48,6698
2026-08-12 11:44:59,139.49,139.63,139.49,139.63,17430
2026-08-12 11:45:59,139.62,139.63,139.49,139.55,30277
2026-08-12 11:46:59,139.52,139.6,139.52,139.53,4158
2026-08-12 11:47:56,139.53,139.66,139.53,139.66,15723
2026-08-12 11:48:59,139.57,139.66,139.57,139.66,23769
2026-08-12 11:49:59,139.61,139.73,139.6,139.7,24973
2026-08-12 11:50:58,139.7,139.73,139.58,139.61,47090
2026-08-12 11:51:56,139.6,139.6,139.53,139.58,16150
2026-08-12 11:52:57,139.53,139.6,139.53,139.59,59644
2026-08-12 11:53:59,139.61,139.64,139.58,139.6,22237
2026-08-12 11:54:59,139.64,139.64,139.53,139.58,18056
2026-08-12 11:55:57,139.53,139.63,139.53,139.58,10993
2026-08-12 11:56:56,139.58,139.6,139.5,139.5,22384
2026-08-12 11:57:59,139.5,139.53,139.5,139.5,5070
2026-08-12 11:58:59,139.53,139.53,139.5,139.51,6456
2026-08-12 11:59:54,139.5,139.56,139.5,139.54,19068
2026-08-12 12:00:55,139.54,139.55,139.52,139.53,8479
2026-08-12 12:01:59,139.55,139.59,139.54,139.59,9797
2026-08-12 12:02:58,139.54,139.59,139.52,139.56,9291
2026-08-12 12:03:59,139.52,139.57,139.5,139.52,28628
2026-08-12 12:04:59,139.52,139.56,139.52,139.56,1706
2026-08-12 12:05:59,139.55,139.59,139.55,139.59,13247
2026-08-12 12:06:59,139.57,139.59,139.55,139.55,7532
2026-08-12 12:07:58,139.55,139.59,139.41,139.41,45195
2026-08-12 12:08:55,139.4,139.49,139.4,139.44,14272
2026-08-12 12:09:57,139.44,139.48,139.43,139.47,9494
2026-08-12 12:10:59,139.46,139.49,139.46,139.48,15178
2026-08-12 12:11:55,139.51,139.51,139.5,139.5,3207
2026-08-12 12:12:57,139.51,139.59,139.51,139.51,16713
2026-08-12 12:13:56,139.5,139.53,139.5,139.52,12205
2026-08-12 12:14:59,139.5,139.52,139.42,139.48,85249
2026-08-12 12:15:56,139.43,139.51,139.43,139.51,5137
2026-08-12 12:16:58,139.51,139.58,139.51,139.56,2525
2026-08-12 12:17:59,139.56,139.61,139.56,139.61,19350
2026-08-12 12:18:58,139.61,139.64,139.58,139.63,52112
2026-08-12 12:19:59,139.65,139.7,139.65,139.68,22541
2026-08-12 12:20:59,139.65,139.69,139.56,139.56,32178
2026-08-12 12:21:59,139.59,139.66,139.51,139.52,59050
2026-08-12 12:22:59,139.69,139.7,139.6,139.65,85826
2026-08-12 12:23:57,139.65,139.65,139.6,139.62,3336
2026-08-12 12:24:57,139.62,139.66,139.61,139.66,8213
2026-08-12 12:25:58,139.66,139.66,139.62,139.62,8307
2026-08-12 12:26:59,139.62,139.71,139.62,139.7,14663
2026-08-12 12:27:56,139.7,139.73,139.7,139.73,3841
2026-08-12 12:28:56,139.76,139.76,139.69,139.74,11349
2026-08-12 12:29:57,139.74,139.78,139.73,139.78,11696
2026-08-12 12:30:59,139.79,139.82,139.79,139.81,13983
2026-08-12 12:31:59,139.82,139.9,139.75,139.79,20846
2026-08-12 12:32:56,139.79,139.82,139.77,139.81,3992
2026-08-12 12:33:59,139.81,139.89,139.81,139.89,11998
2026-08-12 12:34:59,139.87,139.96,139.8,139.82,32553
2026-08-12 12:35:59,139.82,139.9,139.82,139.87,8598
2026-08-12 12:36:59,139.85,139.94,139.82,139.92,49915
2026-08-12 12:37:55,139.88,139.98,139.88,139.93,9808
2026-08-12 12:38:55,139.92,139.97,139.89,139.96,6332
2026-08-12 12:39:59,139.94,139.98,139.93,139.98,10452
2026-08-12 12:40:56,139.96,140.12,139.96,140.1,20561
2026-08-12 12:41:58,140.07,140.17,140.06,140.12,24287
2026-08-12 12:42:56,140.21,140.35,140.21,140.34,68465
2026-08-12 12:43:58,140.33,140.33,140.25,140.25,46117
2026-08-12 12:44:59,140.28,140.28,140.14,140.16,34935
2026-08-12 12:45:59,140.2,140.3,140.15,140.24,23822
2026-08-12 12:46:59,140.24,140.31,140.23,140.31,34978
2026-08-12 12:47:59,140.27,140.36,140.27,140.28,14604
2026-08-12 12:48:59,140.29,140.37,140.29,140.35,24341
2026-08-12 12:49:57,140.35,140.38,140.35,140.36,12486
2026-08-12 12:50:57,140.36,140.4,140.35,140.4,45256
2026-08-12 12:51:56,140.4,140.43,140.4,140.41,11466
2026-08-12 12:52:59,140.4,140.42,140.4,140.41,9247
2026-08-12 12:53:59,140.42,140.42,140.35,140.35,19990
2026-08-12 12:54:59,140.35,140.39,140.35,140.38,2465
2026-08-12 12:55:59,140.36,140.38,140.3,140.31,21404
2026-08-12 12:56:55,140.31,140.4,140.31,140.31,21286
2026-08-12 12:57:58,140.3,140.37,140.3,140.31,17989
2026-08-12 12:58:59,140.35,140.35,140.28,140.28,15031
2026-08-12 12:59:57,140.28,140.32,140.28,140.29,9305
2026-08-12 13:00:55,140.32,140.32,140.29,140.29,10077
2026-08-12 13:01:59,140.28,140.35,140.28,140.35,21029
2026-08-12 13:02:58,140.36,140.37,140.32,140.35,17829
2026-08-12 13:03:59,140.28,140.34,140.28,140.31,12777
2026-08-12 13:04:56,140.32,140.32,140.28,140.32,8670
2026-08-12 13:05:59,140.28,140.32,140.27,140.27,6206
2026-08-12 13:06:57,140.27,140.31,140.25,140.25,4405
2026-08-12 13:07:56,140.26,140.31,140.25,140.31,8355
2026-08-12 13:08:58,140.3,140.53,140.29,140.53,73693
2026-08-12 13:09:57,140.5,140.5,140.45,140.5,20983
2026-08-12 13:10:58,140.5,140.55,140.49,140.49,13418
2026-08-12 13:11:57,140.5,140.6,140.5,140.58,26443
2026-08-12 13:12:59,140.54,140.58,140.54,140.55,3974
2026-08-12 13:13:56,140.56,140.59,140.56,140.59,6104
2026-08-12 13:14:58,140.56,140.59,140.56,140.56,10516
2026-08-12 13:15:56,140.57,140.58,140.55,140.55,11485
2026-08-12 13:16:56,140.55,140.62,140.53,140.62,24249
2026-08-12 13:17:59,140.62,140.62,140.55,140.56,8884
2026-08-12 13:18:58,140.58,140.58,140.56,140.56,6660
2026-08-12 13:19:58,140.56,140.6,140.55,140.55,5635
2026-08-12 13:20:56,140.57,140.59,140.57,140.58,3661
2026-08-12 13:21:59,140.57,140.58,140.57,140.57,7668
2026-08-12 13:22:58,140.57,140.59,140.57,140.57,5652
2026-08-12 13:23:59,140.57,140.57,140.4,140.4,20445
2026-08-12 13:24:59,140.4,140.41,140.33,140.34,10978
2026-08-12 13:25:54,140.34,140.39,140.34,140.36,1375
2026-08-12 13:26:59,140.39,140.39,140.36,140.37,13757
2026-08-12 13:27:58,140.38,140.38,140.29,140.3,18269
2026-08-12 13:28:58,140.29,140.34,140.14,140.14,29936
2026-08-12 13:29:58,140.17,140.23,140.17,140.2,11381
2026-08-12 13:30:59,140.19,140.37,140.19,140.37,16987
2026-08-12 13:31:59,140.36,140.44,140.34,140.38,17613
2026-08-12 13:32:59,140.38,140.43,140.35,140.41,11663
2026-08-12 13:33:57,140.43,140.43,140.4,140.4,9333
2026-08-12 13:34:57,140.4,140.41,140.4,140.4,30456
2026-08-12 13:35:59,140.4,140.48,140.4,140.42,23562
2026-08-12 13:36:59,140.42,140.47,140.42,140.46,2683
2026-08-12 13:37:59,140.46,140.46,140.38,140.38,13447
2026-08-12 13:38:55,140.34,140.37,140.29,140.29,8801
2026-08-12 13:39:59,140.27,140.36,140.23,140.36,63048
2026-08-12 13:40:59,140.37,140.4,140.36,140.38,8823
2026-08-12 13:41:59,140.4,140.44,140.3,140.35,21716
2026-08-12 13:42:59,140.3,140.34,140.28,140.28,11924
2026-08-12 13:43:58,140.28,140.34,140.26,140.3,4512
2026-08-12 13:44:55,140.3,140.33,140.26,140.31,26820
2026-08-12 13:45:59,140.29,140.33,140.29,140.32,1076
2026-08-12 13:46:56,140.33,140.35,140.32,140.34,19554
2026-08-12 13:47:56,140.34,140.34,140.28,140.3,10531
2026-08-12 13:48:59,140.28,140.29,140.26,140.29,12677
2026-08-12 13:49:57,140.29,140.33,140.29,140.32,12298
2026-08-12 13:50:57,140.32,140.33,140.32,140.33,7334
2026-08-12 13:51:58,140.32,140.35,140.32,140.34,7139
2026-08-12 13:52:56,140.34,140.39,140.34,140.39,6787
2026-08-12 13:53:59,140.38,140.39,140.38,140.38,5110
2026-08-12 13:54:58,140.38,140.38,140.3,140.3,27484
2026-08-12 13:55:58,140.32,140.38,140.3,140.38,15892
2026-08-12 13:56:55,140.36,140.38,140.35,140.35,6593
2026-08-12 13:57:59,140.38,140.38,140.23,140.29,53996
2026-08-12 13:58:59,140.29,140.46,140.23,140.39,29493
2026-08-12 13:59:59,140.39,140.48,140.37,140.41,17570
2026-08-12 14:00:59,140.42,140.52,140.42,140.45,15361
2026-08-12 14:01:56,140.44,140.49,140.44,140.48,2928
2026-08-12 14:02:59,140.47,140.49,140.44,140.44,2346
2026-08-12 14:03:58,140.48,140.48,140.44,140.46,11155
2026-08-12 14:04:56,140.46,140.46,140.42,140.44,12976
2026-08-12 14:05:58,140.42,140.48,140.42,140.43,12687
2026-08-12 14:06:59,140.43,140.48,140.43,140.44,9821
2026-08-12 14:07:59,140.4,140.41,140.4,140.4,26579
2026-08-12 14:08:55,140.41,140.44,140.38,140.38,16077
2026-08-12 14:09:58,140.38,140.45,140.38,140.41,13997
2026-08-12 14:10:55,140.45,140.45,140.38,140.38,8097
2026-08-12 14:11:55,140.38,140.44,140.38,140.4,3955
2026-08-12 14:12:59,140.4,140.4,140.35,140.37,11949
2026-08-12 14:13:56,140.37,140.39,140.37,140.39,16211
2026-08-12 14:14:54,140.38,140.43,140.38,140.43,13802
2026-08-12 14:15:59,140.44,140.48,140.44,140.45,3905
2026-08-12 14:16:59,140.45,140.46,140.45,140.45,13570
2026-08-12 14:17:58,140.45,140.5,140.45,140.49,34238
2026-08-12 14:18:56,140.52,140.53,140.52,140.53,2618
2026-08-12 14:19:55,140.48,140.48,140.43,140.43,41343
2026-08-12 14:20:59,140.42,140.47,140.42,140.47,681
2026-08-12 14:21:54,140.43,140.47,140.43,140.43,8466
2026-08-12 14:22:59,140.43,140.45,140.43,140.43,8341
2026-08-12 14:23:55,140.43,140.45,140.42,140.45,8053
2026-08-12 14:24:57,140.45,140.45,140.41,140.45,9310
2026-08-12 14:25:58,140.43,140.45,140.42,140.43,8641
2026-08-12 14:26:58,140.43,140.45,140.43,140.43,4745
2026-08-12 14:27:59,140.45,140.45,140.42,140.45,15014
2026-08-12 14:28:55,140.44,140.48,140.44,140.45,4866
2026-08-12 14:29:57,140.45,140.5,140.45,140.5,21382
2026-08-12 14:30:55,140.49,140.55,140.49,140.54,7624
2026-08-12 14:31:56,140.54,140.55,140.54,140.55,6517
2026-08-12 14:32:59,140.55,140.6,140.54,140.56,12600
2026-08-12 14:33:59,140.6,140.69,140.6,140.69,95794
2026-08-12 14:34:59,140.65,140.69,140.62,140.62,31784
2026-08-12 14:35:55,140.6,140.63,140.56,140.56,21709
2026-08-12 14:36:57,140.6,140.6,140.54,140.59,11184
2026-08-12 14:37:54,140.54,140.59,140.54,140.54,1259
2026-08-12 14:38:57,140.58,140.65,140.58,140.65,28213
2026-08-12 14:39:59,140.64,140.68,140.63,140.63,14469
2026-08-12 14:40:57,140.61,140.61,140.54,140.54,14386
2026-08-12 14:41:55,140.58,140.58,140.54,140.55,20697
2026-08-12 14:42:58,140.55,140.55,140.55,140.55,944
2026-08-12 14:43:56,140.55,140.61,140.55,140.6,19667
2026-08-12 14:44:55,140.6,140.61,140.49,140.5,29399
2026-08-12 14:45:55,140.5,140.58,140.49,140.52,19740
2026-08-12 14:46:59,140.52,140.55,140.52,140.54,1889
2026-08-12 14:47:58,140.54,140.55,140.54,140.55,3475
2026-08-12 14:48:57,140.55,140.55,140.5,140.5,29062
2026-08-12 14:49:56,140.51,140.54,140.5,140.52,3069
2026-08-12 14:50:55,140.5,140.53,140.5,140.53,12000
2026-08-12 14:51:55,140.55,140.59,140.5,140.5,39193
2026-08-12 14:52:54,140.5,140.54,140.5,140.54,1678
2026-08-12 14:53:57,140.52,140.54,140.5,140.52,23029
2026-08-12 14:54:58,140.59,140.68,140.59,140.67,71900
2026-08-12 14:55:56,140.72,140.74,140.72,140.72,20694
2026-08-12 14:56:56,140.72,140.73,140.59,140.65,60380
2026-08-12 14:57:56,140.62,140.7,140.62,140.7,13615
2026-08-12 14:58:56,140.7,140.7,140.63,140.65,35702
2026-08-12 14:59:59,140.65,140.69,140.65,140.66,49526
2026-08-12 15:00:55,140.66,140.67,140.66,140.66,12016
2026-08-12 15:01:56,140.66,140.66,140.66,140.66,26556
2026-08-12 15:02:54,140.66,140.66,140.66,140.66,18327
2026-08-12 15:03:59,140.66,140.67,140.66,140.66,26271
2026-08-12 15:04:57,140.67,140.67,140.61,140.65,76544
2026-08-12 15:05:53,140.65,140.66,140.6,140.64,43394
2026-08-12 15:06:55,140.63,140.65,140.63,140.64,84024
2026-08-12 15:07:57,140.65,140.65,140.62,140.65,75263
2026-08-12 15:08:58,140.62,140.63,140.62,140.62,21099
2026-08-12 15:09:59,140.55,140.56,140.51,140.55,62774
2026-08-12 15:10:55,140.55,140.55,140.54,140.54,21936
2026-08-12 15:11:58,140.54,140.55,140.47,140.47,74618
2026-08-12 15:12:56,140.48,140.55,140.48,140.55,149791
2026-08-12 15:13:59,140.56,140.6,140.55,140.6,109004
2026-08-12 15:14:54,140.61,140.8,140.55,140.6,66281
2026-08-12 15:15:14,140.6,140.6,140.6,140.6,2412
2026-08-12 15:20:58,140.6,140.6,140.6,140.6,49809
2026-08-12 15:21:55,140.6,140.6,140.6,140.6,3415
2026-08-12 15:22:58,140.6,140.6,140.6,140.6,4514
2026-08-12 15:23:55,140.6,140.6,140.6,140.6,140
2026-08-12 15:24:59,140.6,140.6,140.6,140.6,1756
2026-08-12 15:25:53,140.6,140.6,140.6,140.6,4031
2026-08-12 15:27:54,140.6,140.6,140.6,140.6,126
2026-08-12 15:28:34,140.6,140.6,140.6,140.6,9796053
2026-08-13 09:07:48,140.9,140.9,140.9,140.9,24329
2026-08-13 09:15:58,140.66,140.85,140.64,140.84,51955
2026-08-13 09:16:54,140.93,141,140.5,140.63,60155
2026-08-13 09:17:59,140.54,140.92,140.54,140.9,49326
2026-08-13 09:18:56,140.9,140.9,140.7,140.76,42346
2026-08-13 09:19:56,140.84,140.84,140.64,140.64,36656
2026-08-13 09:20:54,140.57,140.7,140.55,140.67,13857
2026-08-13 09:21:59,140.73,140.77,140.7,140.77,16087
2026-08-13 09:22:56,140.74,140.79,140.7,140.79,11536
2026-08-13 09:23:59,140.75,140.77,140.64,140.73,29894
2026-08-13 09:24:55,140.71,140.79,140.7,140.75,21652
2026-08-13 09:25:58,140.71,140.78,140.64,140.64,24582
2026-08-13 09:26:52,140.65,140.68,140.64,140.68,5334
2026-08-13 09:27:59,140.69,140.75,140.65,140.72,13501
2026-08-13 09:28:57,140.68,140.92,140.61,140.92,47863
2026-08-13 09:29:59,140.88,140.99,140.84,140.94,11445
2026-08-13 09:30:59,140.94,140.99,140.73,140.73,38384
2026-08-13 09:31:52,140.73,141.06,140.73,140.99,64054
2026-08-13 09:32:59,140.89,140.89,140.76,140.8,9357
2026-08-13 09:33:59,140.81,140.83,140.8,140.83,4642
2026-08-13 09:34:57,140.76,140.83,140.76,140.81,24377
2026-08-13 09:35:56,140.8,140.81,140.71,140.75,3295
2026-08-13 09:36:56,140.75,140.8,140.71,140.8,15284
2026-08-13 09:37:55,140.76,140.85,140.76,140.8,11222
2026-08-13 09:38:59,140.8,140.98,140.8,140.98,71670
2026-08-13 09:39:58,140.95,140.99,140.95,140.98,26240
2026-08-13 09:40:53,141,141,140.91,140.91,14989
2026-08-13 09:41:58,140.95,140.99,140.87,140.95,10033
2026-08-13 09:42:53,140.95,140.95,140.82,140.82,17368
2026-08-13 09:43:57,140.78,140.78,140.63,140.68,31437
2026-08-13 09:44:53,140.69,140.69,140.65,140.65,20404
2026-08-13 09:45:58,140.68,140.71,140.65,140.7,12280
2026-08-13 09:46:55,140.68,140.7,140.65,140.66,8800
2026-08-13 09:47:59,140.7,140.74,140.66,140.7,6574
2026-08-13 09:48:55,140.74,140.8,140.7,140.72,11344
2026-08-13 09:49:58,140.72,140.72,140.7,140.72,5541
2026-08-13 09:50:54,140.72,140.76,140.7,140.76,6614
2026-08-13 09:51:56,140.72,140.74,140.7,140.74,7532
2026-08-13 09:52:58,140.72,140.74,140.58,140.58,55301
2026-08-13 09:53:59,140.55,140.55,140.53,140.55,10827
2026-08-13 09:54:53,140.56,140.56,140.55,140.56,4518
2026-08-13 09:55:59,140.55,140.56,140.53,140.55,4786
2026-08-13 09:56:56,140.56,140.57,140.55,140.57,5063
2026-08-13 09:57:53,140.56,140.58,140.56,140.57,3348
2026-08-13 09:58:59,140.57,140.62,140.57,140.62,8098
2026-08-13 09:59:58,140.62,140.64,140.58,140.6,6596
2026-08-13 10:00:57,140.6,140.63,140.6,140.63,4107
2026-08-13 10:01:53,140.6,140.65,140.58,140.6,4056
2026-08-13 10:02:57,140.58,140.6,140.57,140.6,5936
2026-08-13 10:03:56,140.56,140.56,140.53,140.53,7852
2026-08-13 10:04:58,140.55,140.55,140.54,140.54,3252
2026-08-13 10:05:57,140.54,140.6,140.54,140.55,5411
2026-08-13 10:06:59,140.6,140.6,140.54,140.6,13906
2026-08-13 10:07:55,140.6,140.6,140.6,140.6,2486
2026-08-13 10:08:57,140.56,140.6,140.56,140.6,10933
2026-08-13 10:09:54,140.56,140.56,140.52,140.53,5192
2026-08-13 10:10:57,140.53,140.53,140.12,140.19,47848
2026-08-13 10:11:54,140.11,140.14,140.11,140.11,6440
2026-08-13 10:12:56,140.11,140.19,140.1,140.19,38131
2026-08-13 10:13:57,140.22,140.22,140.15,140.15,3437
2026-08-13 10:14:56,140.18,140.28,140.15,140.28,7111
2026-08-13 10:15:58,140.31,140.31,140.27,140.27,8534
2026-08-13 10:16:54,140.21,140.25,140.16,140.16,37013
2026-08-13 10:17:55,140.16,140.25,140.16,140.2,3936
2026-08-13 10:18:59,140.2,140.25,140.2,140.25,4456
2026-08-13 10:19:54,140.25,140.29,140.25,140.28,7830
2026-08-13 10:20:55,140.21,140.26,140.2,140.26,12682
2026-08-13 10:21:56,140.25,140.26,140.2,140.26,4436
2026-08-13 10:22:55,140.25,140.26,140.21,140.26,3128
2026-08-13 10:23:58,140.23,140.31,140.23,140.31,5963
2026-08-13 10:24:56,140.3,140.31,140.26,140.3,3512
2026-08-13 10:25:58,140.3,140.31,140.29,140.31,4008
2026-08-13 10:26:54,140.31,140.31,140.27,140.29,7146
2026-08-13 10:27:58,140.27,140.33,140.27,140.27,7410
2026-08-13 10:28:59,140.32,140.33,140.27,140.27,2746
2026-08-13 10:29:58,140.33,140.33,140.27,140.33,4859
2026-08-13 10:30:57,140.24,140.29,140.2,140.29,9439
2026-08-13 10:31:59,140.23,140.29,140.23,140.28,2771
2026-08-13 10:32:57,140.28,140.28,140.25,140.27,7430
2026-08-13 10:33:54,140.27,140.27,140.25,140.27,4436
2026-08-13 10:34:58,140.25,140.27,140.25,140.27,4981
2026-08-13 10:35:55,140.27,140.29,140.27,140.29,3320
2026-08-13 10:36:59,140.29,140.29,140.26,140.26,7100
2026-08-13 10:37:59,140.26,140.27,140.26,140.26,5313
2026-08-13 10:38:54,140.26,140.28,140.26,140.27,2740
2026-08-13 10:39:59,140.27,140.29,140.27,140.28,6581
2026-08-13 10:40:58,140.28,140.35,140.28,140.35,10153
2026-08-13 10:41:59,140.35,140.35,140.3,140.33,3703
2026-08-13 10:42:59,140.3,140.32,140.28,140.3,4178
2026-08-13 10:43:54,140.3,140.3,140.28,140.3,1780
2026-08-13 10:44:55,140.3,140.3,140.28,140.3,2239
2026-08-13 10:45:55,140.28,140.3,140.27,140.3,7284
2026-08-13 10:46:55,140.28,140.32,140.28,140.32,4388
2026-08-13 10:47:59,140.31,140.35,140.31,140.34,3263
2026-08-13 10:48:58,140.35,140.35,140.34,140.35,3750
2026-08-13 10:49:58,140.35,140.35,140.34,140.35,2828
2026-08-13 10:50:57,140.35,140.38,140.34,140.38,3373
2026-08-13 10:51:58,140.35,140.38,140.27,140.34,24691
2026-08-13 10:52:59,140.34,140.35,140.28,140.34,4730
2026-08-13 10:53:59,140.28,140.33,140.27,140.27,2384
2026-08-13 10:54:59,140.29,140.34,140.29,140.34,15616
2026-08-13 10:55:54,140.34,140.34,140.3,140.34,2949
2026-08-13 10:56:55,140.34,140.34,140.28,140.28,16754
2026-08-13 10:57:54,140.28,140.33,140.28,140.28,3682
2026-08-13 10:58:59,140.27,140.35,140.27,140.33,5604
2026-08-13 10:59:57,140.33,140.33,140.3,140.33,3968
2026-08-13 11:00:56,140.33,140.33,140.27,140.29,2900
2026-08-13 11:01:54,140.28,140.35,140.28,140.3,8659
2026-08-13 11:02:54,140.29,140.35,140.29,140.3,11063
2026-08-13 11:03:54,140.3,140.35,140.3,140.35,3348
2026-08-13 11:04:54,140.3,140.35,140.29,140.29,3013
2026-08-13 11:05:55,140.29,140.35,140.29,140.3,3171
2026-08-13 11:06:59,140.29,140.34,140.28,140.34,7303
2026-08-13 11:07:58,140.29,140.3,140.27,140.3,14751
2026-08-13 11:08:56,140.36,140.36,140.31,140.34,5404
2026-08-13 11:09:59,140.34,140.34,140.27,140.3,3698
2026-08-13 11:10:56,140.28,140.34,140.28,140.33,5596
2026-08-13 11:11:58,140.33,140.33,140.3,140.3,2374
2026-08-13 11:12:57,140.21,140.21,140.16,140.21,26897
2026-08-13 11:13:58,140.2,140.2,140.16,140.2,9415
2026-08-13 11:14:55,140.16,140.2,140.16,140.2,1528
2026-08-13 11:15:55,140.16,140.2,140.1,140.1,10790
2026-08-13 11:16:57,140.1,140.13,140.02,140.02,29986
2026-08-13 11:17:59,140.02,140.06,140.02,140.02,11829
2026-08-13 11:18:58,140.05,140.1,140.03,140.05,18385
2026-08-13 11:19:55,140.08,140.19,140.08,140.14,11383
2026-08-13 11:20:58,140.14,140.19,140.14,140.15,2730
2026-08-13 11:21:57,140.15,140.2,140.14,140.14,3557
2026-08-13 11:22:58,140.15,140.2,140.14,140.15,4704
2026-08-13 11:23:58,140.2,140.21,140.15,140.17,4907
2026-08-13 11:24:59,140.15,140.27,140.15,140.22,14323
2026-08-13 11:25:59,140.22,140.24,140.18,140.23,13942
2026-08-13 11:26:59,140.18,140.25,140.16,140.2,9613
2026-08-13 11:27:59,140.18,140.23,140.16,140.2,1969
2026-08-13 11:28:56,140.2,140.23,140.2,140.23,5581
2026-08-13 11:29:59,140.2,140.23,140.16,140.22,5202
2026-08-13 11:30:58,140.23,140.23,140.17,140.2,1833
2026-08-13 11:31:55,140.2,140.23,140.2,140.21,3269
2026-08-13 11:32:59,140.2,140.21,140.18,140.21,10128
2026-08-13 11:33:56,140.18,140.21,140.18,140.18,4379
2026-08-13 11:34:59,140.17,140.17,140.12,140.12,44106
2026-08-13 11:35:59,140.12,140.17,140.1,140.17,6814
2026-08-13 11:36:59,140.12,140.25,140.12,140.25,13946
2026-08-13 11:37:58,140.23,140.25,140.2,140.25,3834
2026-08-13 11:38:59,140.2,140.25,140.18,140.25,5052
2026-08-13 11:39:59,140.2,140.25,140.18,140.24,5994
2026-08-13 11:40:56,140.33,140.35,140.27,140.32,20336
2026-08-13 11:41:57,140.29,140.32,140.18,140.2,5129
2026-08-13 11:42:59,140.18,140.21,140.16,140.2,6215
2026-08-13 11:43:56,140.2,140.23,140.2,140.22,3309
2026-08-13 11:44:57,140.22,140.23,140.08,140.08,11915
2026-08-13 11:45:57,140.09,140.12,140.06,140.11,12122
2026-08-13 11:46:57,140.07,140.11,139.81,139.93,146261
2026-08-13 11:47:56,139.93,139.99,139.93,139.98,1893
2026-08-13 11:48:57,139.93,139.98,139.92,139.98,6948
2026-08-13 11:49:58,139.95,139.97,139.92,139.95,9279
2026-08-13 11:50:59,139.95,140.02,139.95,140.02,18578
2026-08-13 11:51:58,139.96,140.06,139.96,139.98,6359
2026-08-13 11:52:58,140,140.1,139.99,140.1,11390
2026-08-13 11:53:59,140.05,140.1,140.02,140.1,5928
2026-08-13 11:54:59,140.04,140.15,140.04,140.09,7678
2026-08-13 11:55:59,140.07,140.09,140.07,140.09,3413
2026-08-13 11:56:59,140.08,140.2,140.08,140.2,5418
2026-08-13 11:57:55,140.18,140.24,140.18,140.2,3446
2026-08-13 11:58:58,140.24,140.26,140.21,140.23,4534
2026-08-13 11:59:57,140.23,140.24,140.22,140.24,3252
2026-08-13 12:00:59,140.22,140.36,140.21,140.36,17296
2026-08-13 12:01:56,140.34,140.4,140.31,140.4,11911
2026-08-13 12:02:55,140.36,140.4,140.35,140.36,3961
2026-08-13 12:03:55,140.39,140.44,140.36,140.44,8809
2026-08-13 12:04:57,140.4,140.49,140.4,140.48,7967
2026-08-13 12:05:57,140.43,140.48,140.36,140.39,11995
2026-08-13 12:06:58,140.35,140.42,140.35,140.42,27618
2026-08-13 12:07:57,140.41,140.41,140.36,140.41,3583
2026-08-13 12:08:57,140.41,140.41,140.36,140.36,7308
2026-08-13 12:09:59,140.36,140.41,140.36,140.4,9240
2026-08-13 12:10:58,140.41,140.41,140.37,140.37,2931
2026-08-13 12:11:55,140.36,140.36,140.3,140.3,7412
2026-08-13 12:12:59,140.3,140.53,140.3,140.34,178899
2026-08-13 12:13:59,140.34,141.12,140.34,141,324028
2026-08-13 12:14:59,141,141.04,141,141,21389
2026-08-13 12:15:56,141,141.01,141,141,77223
2026-08-13 12:16:59,141,141.01,141,141,57178
2026-08-13 12:17:57,141,141.01,141,141,29660
2026-08-13 12:18:57,141,141.01,141,141.01,8246
2026-08-13 12:19:59,141,141.01,141,141,20956
2026-08-13 12:20:54,140.96,141.09,140.96,141.04,37234
2026-08-13 12:21:56,141.04,141.18,141.04,141.18,17096
2026-08-13 12:22:56,141.17,141.2,141.11,141.11,17954
2026-08-13 12:23:56,141.11,141.17,141.08,141.1,5001
2026-08-13 12:24:59,141.08,141.13,141.08,141.13,1403
2026-08-13 12:25:57,141.1,141.11,141.03,141.03,11236
2026-08-13 12:26:59,141.1,141.1,141.02,141.02,3839
2026-08-13 12:27:55,141.02,141.06,141,141,3039
2026-08-13 12:28:58,141,141.05,141,141,80842
2026-08-13 12:29:59,141.03,141.03,141,141,9815
2026-08-13 12:30:59,141.02,141.02,141,141.01,7464
2026-08-13 12:31:59,141.02,141.02,141,141.01,11759
2026-08-13 12:32:58,141.01,141.02,141,141.01,2459
2026-08-13 12:33:57,141.01,141.01,141,141,5617
2026-08-13 12:34:55,141,141.01,141,141.01,2138
2026-08-13 12:35:59,141,141.02,141,141.01,31155
2026-08-13 12:36:58,141.01,141.01,141,141.01,11698
2026-08-13 12:37:56,141,141.1,141,141.03,97920
2026-08-13 12:38:56,141.01,141.03,141.01,141.03,2591
2026-08-13 12:39:58,141.01,141.02,141,141.01,8093
2026-08-13 12:40:56,141,141,140.85,140.9,24334
2026-08-13 12:41:55,140.9,140.95,140.83,140.83,7734
2026-08-13 12:42:59,140.83,140.83,140.81,140.83,7978
2026-08-13 12:43:57,140.82,141.01,140.82,141.01,19604
2026-08-13 12:44:58,141,141.01,141,141.01,5612
2026-08-13 12:45:56,141,141.01,141,141.01,3404
2026-08-13 12:46:55,141,141.03,141,141.03,33415
2026-08-13 12:47:58,141.02,141.03,141,141.02,3164
2026-08-13 12:48:59,141,141.16,141,141.14,51280
2026-08-13 12:49:58,141.14,141.14,141.12,141.13,5641
2026-08-13 12:50:56,141.12,141.12,141.1,141.11,44034
2026-08-13 12:51:59,141.11,141.11,141.1,141.11,35613
2026-08-13 12:52:59,141.1,141.11,141.08,141.11,35359
2026-08-13 12:53:59,141.1,141.19,141.1,141.16,27586
2026-08-13 12:54:58,141.15,141.16,141.12,141.16,7372
2026-08-13 12:55:58,141.15,141.15,141.12,141.15,6340
2026-08-13 12:56:57,141.15,141.15,141.11,141.14,3767
2026-08-13 12:57:57,141.14,141.14,141.11,141.14,5973
2026-08-13 12:58:56,141.12,141.12,141.1,141.12,4730
2026-08-13 12:59:56,141.12,141.12,141.1,141.11,58942
2026-08-13 13:00:56,141.11,141.11,141.1,141.11,6575
2026-08-13 13:01:59,141.14,141.15,141.13,141.14,24478
2026-08-13 13:02:59,141.14,141.15,141.12,141.15,3626
2026-08-13 13:03:58,141.12,141.15,141.1,141.13,4087
2026-08-13 13:04:56,141.13,141.13,141.11,141.13,2840
2026-08-13 13:05:59,141.11,141.13,141.11,141.11,2161
2026-08-13 13:06:56,141.13,141.13,141.1,141.12,5785
2026-08-13 13:07:56,141.1,141.12,141.1,141.1,14468
2026-08-13 13:08:56,141.1,141.12,141.1,141.12,4248
2026-08-13 13:09:56,141.12,141.12,141.1,141.11,13179
2026-08-13 13:10:57,141.11,141.12,141.11,141.11,1643
2026-08-13 13:11:58,141.1,141.13,141.1,141.1,3104
2026-08-13 13:12:59,141.1,141.13,141.1,141.12,4909
2026-08-13 13:13:56,141.12,141.12,141.1,141.11,1773
2026-08-13 13:14:58,141.1,141.11,141.1,141.11,12172
2026-08-13 13:15:57,141.1,141.12,141.1,141.12,4053
2026-08-13 13:16:55,141.13,141.13,141.1,141.1,14684
2026-08-13 13:17:55,141.1,141.11,141.1,141.1,3560
2026-08-13 13:18:58,141.1,141.11,141.1,141.11,6887
2026-08-13 13:19:56,141.1,141.13,141.1,141.11,4878
2026-08-13 13:20:58,141.11,141.11,141.1,141.11,2442
2026-08-13 13:21:56,141.1,141.11,141.1,141.11,3363
2026-08-13 13:22:57,141.1,141.11,141.1,141.11,9186
2026-08-13 13:23:55,141.11,141.11,141.1,141.11,7266
2026-08-13 13:24:58,141.1,141.11,141.1,141.11,3256
2026-08-13 13:25:59,141.11,141.11,141.1,141.11,2745
2026-08-13 13:26:57,141.11,141.11,141.1,141.1,10196
2026-08-13 13:27:59,141.11,141.11,141.1,141.11,3956
2026-08-13 13:28:56,141.11,141.11,141.1,141.11,2826
2026-08-13 13:29:56,141.1,141.11,141.1,141.11,222796
2026-08-13 13:30:56,141.11,141.11,141.1,141.1,31707
2026-08-13 13:31:58,141.1,141.11,141.1,141.11,3223
2026-08-13 13:32:58,141.1,141.11,141.1,141.11,6309
2026-08-13 13:33:56,141.11,141.11,141.1,141.1,6267
2026-08-13 13:34:59,141.11,141.11,141.1,141.11,9619
2026-08-13 13:35:57,141.11,141.11,141.1,141.11,11161
2026-08-13 13:36:59,141.1,141.11,141.1,141.11,7010
2026-08-13 13:37:55,141.11,141.11,141.1,141.1,5712
2026-08-13 13:38:56,141.1,141.11,141.1,141.1,9139
2026-08-13 13:39:58,141.1,141.16,141.1,141.16,34992
2026-08-13 13:40:56,141.16,141.19,141.15,141.18,3287
2026-08-13 13:41:55,141.18,141.18,141.1,141.15,18318
2026-08-13 13:42:57,141.14,141.14,141.1,141.11,3143
2026-08-13 13:43:57,141.11,141.19,141.1,141.19,9216
2026-08-13 13:44:58,141.15,141.16,141.12,141.12,26589
2026-08-13 13:45:58,141.1,141.12,141.1,141.12,7012
2026-08-13 13:46:58,141.12,141.12,141.11,141.12,2303
2026-08-13 13:47:59,141.12,141.15,141.1,141.12,5044
2026-08-13 13:48:54,141.12,141.14,141.1,141.14,2233
2026-08-13 13:49:56,141.14,141.14,141.1,141.1,6487
2026-08-13 13:50:56,141.11,141.15,141.1,141.13,6068
2026-08-13 13:51:56,141.11,141.15,141.11,141.15,4447
2026-08-13 13:52:56,141.14,141.18,141.14,141.14,8887
2026-08-13 13:53:56,141.14,141.18,141.12,141.14,5477
2026-08-13 13:54:55,141.14,141.18,141.13,141.18,2913
2026-08-13 13:55:56,141.17,141.18,141.14,141.17,12826
2026-08-13 13:56:55,141.15,141.17,141.14,141.15,3070
2026-08-13 13:57:59,141.15,141.17,141.15,141.16,4804
2026-08-13 13:58:58,141.17,141.17,141.15,141.17,1610
2026-08-13 13:59:58,141.16,141.16,141.12,141.12,3153
2026-08-13 14:00:55,141.11,141.15,141.11,141.15,3924
2026-08-13 14:01:55,141.12,141.15,141.1,141.1,3603
2026-08-13 14:02:59,141.1,141.11,141.1,141.1,7246
2026-08-13 14:03:56,141.11,141.11,141.1,141.11,5517
2026-08-13 14:04:57,141.11,141.14,141.11,141.14,2319
2026-08-13 14:05:58,141.14,141.15,141.1,141.15,17586
2026-08-13 14:06:58,141.13,141.15,141.1,141.13,5965
2026-08-13 14:07:58,141.1,141.12,141.1,141.12,3733
2026-08-13 14:08:59,141.1,141.11,141.1,141.1,3907
2026-08-13 14:09:59,141.11,141.11,141.1,141.1,3197
2026-08-13 14:10:57,141.1,141.11,141.1,141.11,9056
2026-08-13 14:11:54,141.11,141.11,141.1,141.11,5665
2026-08-13 14:12:58,141.1,141.13,141.1,141.12,7794
2026-08-13 14:13:55,141.13,141.13,141.1,141.1,2626
2026-08-13 14:14:55,141.13,141.13,141.1,141.11,3673
2026-08-13 14:15:59,141.1,141.11,141.1,141.1,3035
2026-08-13 14:16:58,141.11,141.15,141.1,141.15,52640
2026-08-13 14:17:57,141.15,141.15,141.14,141.15,2457
2026-08-13 14:18:58,141.15,141.15,141.12,141.15,8403
2026-08-13 14:19:58,141.15,141.22,141.09,141.17,59288
2026-08-13 14:20:57,141.2,141.23,141.19,141.2,6728
2026-08-13 14:21:56,141.2,141.2,141.19,141.2,4145
2026-08-13 14:22:57,141.19,141.3,141.19,141.29,34768
2026-08-13 14:23:56,141.29,141.29,141.25,141.26,4622
2026-08-13 14:24:56,141.25,141.25,141.19,141.24,4481
2026-08-13 14:25:58,141.2,141.25,141.2,141.25,4334
2026-08-13 14:26:59,141.25,141.25,141.2,141.25,6104
2026-08-13 14:27:55,141.25,141.25,141.19,141.23,3705
2026-08-13 14:28:55,141.19,141.23,141.19,141.23,4781
2026-08-13 14:29:58,141.19,141.23,141.19,141.21,2364
2026-08-13 14:30:55,141.21,141.21,141.2,141.21,4527
2026-08-13 14:31:56,141.2,141.26,141.2,141.21,19882
2026-08-13 14:32:55,141.21,141.35,141.21,141.32,43698
2026-08-13 14:33:57,141.34,141.37,141.3,141.33,13823
2026-08-13 14:34:58,141.33,141.39,141.33,141.35,9211
2026-08-13 14:35:59,141.38,141.38,141.34,141.34,9192
2026-08-13 14:36:54,141.34,141.34,141.3,141.32,4755
2026-08-13 14:37:57,141.3,141.35,141.3,141.3,48992
2026-08-13 14:38:57,141.36,141.36,141.3,141.31,6748
2026-08-13 14:39:58,141.31,141.35,141.31,141.34,5378
2026-08-13 14:40:54,141.3,141.34,141.3,141.31,3703
2026-08-13 14:41:56,141.3,141.31,141.3,141.31,11462
2026-08-13 14:42:56,141.31,141.31,141.3,141.31,17133
2026-08-13 14:43:58,141.3,141.31,141.3,141.31,9481
2026-08-13 14:44:55,141.31,141.31,141.3,141.31,6883
2026-08-13 14:45:59,141.31,141.33,141.3,141.33,48331
2026-08-13 14:46:57,141.3,141.32,141.3,141.31,4027
2026-08-13 14:47:55,141.31,141.32,141.3,141.31,8295
2026-08-13 14:48:54,141.3,141.31,141.3,141.31,12397
2026-08-13 14:49:57,141.3,141.31,141.3,141.31,4267
2026-08-13 14:50:56,141.3,141.31,141.3,141.3,15242
2026-08-13 14:51:56,141.3,141.31,141.3,141.3,12167
2026-08-13 14:52:56,141.3,141.31,141.3,141.31,9294
2026-08-13 14:53:55,141.31,141.31,141.3,141.3,20069
2026-08-13 14:54:59,141.31,141.44,141.3,141.33,92498
2026-08-13 14:55:55,141.4,141.4,141.35,141.36,5793
2026-08-13 14:56:54,141.36,141.36,141.34,141.35,4735
2026-08-13 14:57:53,141.35,141.35,141.31,141.35,9470
2026-08-13 14:58:59,141.34,141.35,141.31,141.34,14973
2026-08-13 14:59:56,141.34,141.34,141.31,141.31,21312
2026-08-13 15:00:57,141.31,141.31,141.3,141.31,89487
2026-08-13 15:01:59,141.3,141.31,141.3,141.31,131432
2026-08-13 15:02:54,141.3,141.31,141.3,141.31,13299
2026-08-13 15:03:55,141.3,141.31,141.3,141.31,15737
2026-08-13 15:04:59,141.31,141.31,141.3,141.31,43492
2026-08-13 15:05:55,141.31,141.31,141.3,141.3,225670
2026-08-13 15:06:57,141.3,141.31,141.3,141.31,105033
2026-08-13 15:07:53,141.31,141.31,141.3,141.3,10459
2026-08-13 15:08:54,141.31,141.31,141.3,141.3,75040
2026-08-13 15:09:54,141.31,141.34,141.3,141.34,282213
2026-08-13 15:10:57,141.34,141.4,141.34,141.4,58756
2026-08-13 15:11:58,141.4,141.42,141.32,141.32,68263
2026-08-13 15:12:56,141.36,141.48,141.34,141.4,154219
2026-08-13 15:13:58,141.4,141.43,141.4,141.41,18041
2026-08-13 15:14:58,141.36,141.55,141.27,141.5,68410
2026-08-13 15:21:54,141.5,141.5,141.5,141.5,443
2026-08-13 15:22:55,141.5,141.5,141.5,141.5,1178
2026-08-13 15:23:56,141.5,141.5,141.5,141.5,4189
2026-08-13 15:25:57,141.5,141.5,141.5,141.5,770
2026-08-13 15:26:54,141.5,141.5,141.5,141.5,525
2026-08-13 15:29:29,141.5,141.5,141.5,141.5,6507052
2026-08-14 09:07:25,140.85,140.85,140.85,140.85,44087
2026-08-14 09:15:59,140.7,140.7,139.93,139.93,169379
2026-08-14 09:16:52,139.99,140.16,139.82,140.15,75411
2026-08-14 09:17:53,140.15,140.15,140.08,140.13,52472
2026-08-14 09:18:54,140.1,140.13,139.95,140,64150
2026-08-14 09:19:54,139.95,139.96,139.67,139.81,53950
2026-08-14 09:20:53,139.8,140,139.77,139.92,32055
2026-08-14 09:21:58,139.88,139.92,139.8,139.9,46208
2026-08-14 09:22:54,139.8,139.8,139.6,139.66,75130
2026-08-14 09:23:57,139.7,139.8,139.6,139.67,42533
2026-08-14 09:24:52,139.75,139.92,139.5,139.92,104817
2026-08-14 09:25:54,139.94,140.08,139.94,140.02,37643
2026-08-14 09:26:56,140.02,140.05,140,140.05,16338
2026-08-14 09:27:57,140.07,140.11,140.06,140.06,65599
2026-08-14 09:28:58,140,140.01,140,140.01,31493
2026-08-14 09:29:58,140.01,140.04,140,140,27806
2026-08-14 09:30:53,140.01,140.04,140.01,140.01,22372
2026-08-14 09:31:53,140.01,140.03,139.96,140.03,35802
2026-08-14 09:32:59,140.02,140.04,140,140.02,18415
2026-08-14 09:33:58,140.01,140.08,140.01,140.08,21990
2026-08-14 09:34:58,140.07,140.07,140.02,140.05,5460
2026-08-14 09:35:56,140,140.04,140,140.04,41812
2026-08-14 09:36:55,140.05,140.07,140,140,36731
2026-08-14 09:37:55,140,140.05,140,140.02,19180
2026-08-14 09:38:52,140.09,140.18,140,140.17,71603
2026-08-14 09:39:58,140.15,140.15,140.11,140.12,9466
2026-08-14 09:40:56,140.06,140.16,140.03,140.08,60749
2026-08-14 09:41:59,140.06,140.06,140,140.01,55429
2026-08-14 09:42:54,140.01,140.01,140,140,86563
2026-08-14 09:43:56,140,140.04,140,140,127500
2026-08-14 09:44:59,139.8,139.85,139.67,139.72,46781
2026-08-14 09:45:55,139.7,139.96,139.66,139.96,44942
2026-08-14 09:46:56,139.96,140,139.91,139.95,56631
2026-08-14 09:47:59,139.94,139.94,139.86,139.94,27760
2026-08-14 09:48:53,139.93,139.94,139.85,139.88,21923
2026-08-14 09:49:54,139.87,139.88,139.82,139.83,25362
2026-08-14 09:50:55,139.83,139.85,139.77,139.81,32147
2026-08-14 09:51:56,139.86,139.86,139.79,139.85,23907
2026-08-14 09:52:59,139.87,139.9,139.87,139.88,13000
2026-08-14 09:53:55,139.86,139.88,139.85,139.85,19977
2026-08-14 09:54:57,139.87,139.87,139.82,139.84,14951
2026-08-14 09:55:58,139.83,139.84,139.72,139.82,55692
2026-08-14 09:56:59,139.82,139.98,139.79,139.98,39844
2026-08-14 09:57:56,139.96,140,139.9,139.93,48844
2026-08-14 09:58:58,139.92,139.96,139.88,139.96,10566
2026-08-14 09:59:58,139.95,139.99,139.95,139.99,11332
2026-08-14 10:00:57,139.99,139.99,139.96,139.96,13592
2026-08-14 10:01:53,139.96,139.96,139.94,139.96,17262
2026-08-14 10:02:58,139.94,139.96,139.93,139.95,36855
2026-08-14 10:03:56,139.94,139.94,139.88,139.9,13258
2026-08-14 10:04:59,139.89,139.89,139.89,139.89,7169
2026-08-14 10:05:56,139.89,139.9,139.84,139.89,21343
2026-08-14 10:06:55,139.89,139.89,139.8,139.81,17896
2026-08-14 10:07:58,139.75,139.82,139.73,139.73,26494
2026-08-14 10:08:59,139.81,139.81,139.72,139.75,37100
2026-08-14 10:09:57,139.73,139.78,139.7,139.77,12201
2026-08-14 10:10:58,139.78,139.79,139.64,139.69,205198
2026-08-14 10:11:59,139.68,139.68,139.63,139.68,19561
2026-08-14 10:12:58,139.62,139.68,139.62,139.67,7363
2026-08-14 10:13:54,139.67,139.67,139.6,139.6,13539
2026-08-14 10:14:55,139.63,139.65,139.6,139.6,22881
2026-08-14 10:15:56,139.56,139.62,139.52,139.52,39922
2026-08-14 10:16:57,139.51,139.56,139.45,139.54,164261
2026-08-14 10:17:56,139.5,139.56,139.5,139.56,33855
2026-08-14 10:18:56,139.6,139.6,139.42,139.42,43357
2026-08-14 10:19:59,139.47,139.65,139.35,139.65,51939
2026-08-14 10:20:57,139.64,139.74,139.62,139.62,21934
2026-08-14 10:21:55,139.61,139.62,139.58,139.59,3933
2026-08-14 10:22:58,139.59,139.59,139.57,139.58,5942
2026-08-14 10:23:55,139.58,139.59,139.52,139.53,13487
2026-08-14 10:24:57,139.52,139.53,139.42,139.52,46427
2026-08-14 10:25:54,139.51,139.53,139.51,139.52,5554
2026-08-14 10:26:59,139.51,139.53,139.47,139.51,26025
2026-08-14 10:27:56,139.49,139.5,139.45,139.48,7647
2026-08-14 10:28:59,139.47,139.5,139.47,139.49,4044
2026-08-14 10:29:55,139.48,139.48,139.47,139.48,6528
2026-08-14 10:30:55,139.48,139.5,139.47,139.47,8906
2026-08-14 10:31:58,139.46,139.46,139.3,139.34,67762
2026-08-14 10:32:55,139.33,139.34,139.12,139.13,71174
2026-08-14 10:33:54,139.13,139.16,139.1,139.16,44665
2026-08-14 10:34:57,139.16,139.16,139.14,139.15,17188
2026-08-14 10:35:59,139.16,139.16,139.13,139.16,12651
2026-08-14 10:36:58,139.16,139.16,139.08,139.11,25306
2026-08-14 10:37:54,139.1,139.15,139.07,139.15,51311
2026-08-14 10:38:54,139.14,139.18,139.1,139.1,24419
2026-08-14 10:39:54,139.11,139.18,139.08,139.08,23200
2026-08-14 10:40:56,139.11,139.14,138.9,139.05,213533
2026-08-14 10:41:59,139,139.09,138.98,139.05,28952
2026-08-14 10:42:59,139.04,139.05,139,139.01,11684
2026-08-14 10:43:55,139,139.03,138.98,138.98,16043
2026-08-14 10:44:57,138.99,139.05,138.98,139.05,22440
2026-08-14 10:45:59,139.11,139.15,139.08,139.11,46937
2026-08-14 10:46:57,139.08,139.12,139.07,139.12,20109
2026-08-14 10:47:55,139.11,139.2,139.08,139.19,20314
2026-08-14 10:48:57,139.19,139.2,139.16,139.16,9865
2026-08-14 10:49:59,139.17,139.2,139.17,139.2,4117
2026-08-14 10:50:56,139.2,139.2,139.17,139.17,7766
2026-08-14 10:51:55,139.15,139.19,139.15,139.19,15422
2026-08-14 10:52:55,139.23,139.36,139.23,139.26,43336
2026-08-14 10:53:59,139.26,139.3,139.16,139.23,19959
2026-08-14 10:54:56,139.23,139.25,139.21,139.21,12934
2026-08-14 10:55:59,139.2,139.25,139.18,139.25,35113
2026-08-14 10:56:59,139.25,139.3,139.24,139.28,14741
2026-08-14 10:57:55,139.28,139.35,139.28,139.35,45126
2026-08-14 10:58:57,139.33,139.34,139.22,139.22,15900
2026-08-14 10:59:54,139.22,139.22,139.13,139.16,21597
2026-08-14 11:00:58,139.15,139.18,139.15,139.18,6655
2026-08-14 11:01:59,139.19,139.22,139.17,139.19,9231
2026-08-14 11:02:57,139.2,139.21,139.19,139.21,8085
2026-08-14 11:03:59,139.21,139.28,139.21,139.28,7826
2026-08-14 11:04:55,139.28,139.31,139.28,139.3,11401
2026-08-14 11:05:56,139.29,139.3,139.25,139.27,6268
2026-08-14 11:06:56,139.28,139.29,139.28,139.28,5982
2026-08-14 11:07:56,139.28,139.29,139.27,139.29,5062
2026-08-14 11:08:58,139.29,139.31,139.21,139.22,32167
2026-08-14 11:09:55,139.22,139.35,139.22,139.34,23826
2026-08-14 11:10:58,139.34,139.35,139.29,139.34,11121
2026-08-14 11:11:58,139.33,139.37,139.33,139.33,10816
2026-08-14 11:12:59,139.37,139.37,139.29,139.32,20586
2026-08-14 11:13:59,139.32,139.37,139.3,139.35,13108
2026-08-14 11:14:58,139.35,139.37,139.34,139.37,6619
2026-08-14 11:15:57,139.37,139.39,139.36,139.39,5038
2026-08-14 11:16:57,139.39,139.45,139.39,139.45,15357
2026-08-14 11:17:55,139.45,139.45,139.45,139.45,6536
2026-08-14 11:18:57,139.44,139.45,139.44,139.45,8773
2026-08-14 11:19:56,139.45,139.46,139.44,139.46,15033
2026-08-14 11:20:55,139.46,139.46,139.45,139.45,17577
2026-08-14 11:21:59,139.45,139.53,139.45,139.51,21078
2026-08-14 11:22:58,139.52,139.54,139.52,139.53,16466
2026-08-14 11:23:57,139.54,139.55,139.54,139.55,5252
2026-08-14 11:24:56,139.54,139.55,139.54,139.54,5585
2026-08-14 11:25:58,139.52,139.55,139.5,139.5,13585
2026-08-14 11:26:55,139.49,139.5,139.44,139.44,5040
2026-08-14 11:27:58,139.44,139.46,139.39,139.44,11536
2026-08-14 11:28:56,139.44,139.44,139.39,139.39,30474
2026-08-14 11:29:59,139.37,139.37,139.34,139.34,7892
2026-08-14 11:30:55,139.35,139.39,139.31,139.32,26064
2026-08-14 11:31:57,139.32,139.44,139.32,139.44,3733
2026-08-14 11:32:57,139.44,139.5,139.44,139.5,7304
2026-08-14 11:33:58,139.5,139.5,139.5,139.5,3266
2026-08-14 11:34:55,139.5,139.55,139.5,139.55,18143
2026-08-14 11:35:56,139.55,139.55,139.37,139.45,32977
2026-08-14 11:36:59,139.43,139.43,139.34,139.41,8286
2026-08-14 11:37:59,139.41,139.43,139.25,139.27,33631
2026-08-14 11:38:59,139.25,139.32,139.23,139.3,4564
2026-08-14 11:39:58,139.25,139.51,139.25,139.5,41938
2026-08-14 11:40:59,139.5,139.5,139.45,139.46,5237
2026-08-14 11:41:55,139.47,139.5,139.43,139.5,7344
2026-08-14 11:42:55,139.5,139.55,139.5,139.5,23553
2026-08-14 11:43:56,139.47,139.55,139.47,139.55,4753
2026-08-14 11:44:59,139.55,139.55,139.54,139.54,4334
2026-08-14 11:45:55,139.52,139.55,139.51,139.51,11826
2026-08-14 11:46:57,139.55,139.58,139.51,139.56,25259
2026-08-14 11:47:59,139.54,139.57,139.37,139.49,22913
2026-08-14 11:48:59,139.48,139.49,139.45,139.48,5272
2026-08-14 11:49:59,139.49,139.49,139.45,139.45,12498
2026-08-14 11:50:59,139.45,139.5,139.45,139.49,3982
2026-08-14 11:51:57,139.49,139.51,139.48,139.51,3880
2026-08-14 11:52:56,139.51,139.51,139.44,139.45,18696
2026-08-14 11:53:57,139.46,139.47,139.46,139.47,3414
2026-08-14 11:54:57,139.47,139.47,139.46,139.47,4842
2026-08-14 11:55:57,139.51,139.54,139.5,139.54,16011
2026-08-14 11:56:56,139.55,139.57,139.54,139.56,12052
2026-08-14 11:57:55,139.56,139.56,139.45,139.51,16930
2026-08-14 11:58:58,139.5,139.52,139.42,139.42,7366
2026-08-14 11:59:56,139.46,139.5,139.42,139.5,8547
2026-08-14 12:00:59,139.54,139.58,139.49,139.58,52388
2026-08-14 12:01:56,139.54,139.58,139.49,139.55,36770
2026-08-14 12:02:59,139.57,139.58,139.5,139.58,17119
2026-08-14 12:03:55,139.57,139.58,139.55,139.57,8123
2026-08-14 12:04:59,139.57,139.58,139.41,139.44,29466
2026-08-14 12:05:59,139.44,139.44,139.4,139.4,7224
2026-08-14 12:06:59,139.39,139.41,139.37,139.41,7160
2026-08-14 12:07:56,139.41,139.52,139.4,139.52,15960
2026-08-14 12:08:56,139.52,139.54,139.46,139.47,25361
2026-08-14 12:09:59,139.47,139.47,139.39,139.42,22029
2026-08-14 12:10:59,139.42,139.42,139.35,139.38,13989
2026-08-14 12:11:59,139.38,139.42,139.38,139.42,7589
2026-08-14 12:12:55,139.42,139.43,139.42,139.43,6539
2026-08-14 12:13:59,139.42,139.46,139.42,139.44,19317
2026-08-14 12:14:58,139.44,139.44,139.43,139.44,2777
2026-08-14 12:15:56,139.43,139.44,139.43,139.43,1707
2026-08-14 12:16:57,139.44,139.44,139.41,139.42,12460
2026-08-14 12:17:59,139.42,139.42,139.41,139.41,4763
2026-08-14 12:18:56,139.41,139.42,139.41,139.42,2767
2026-08-14 12:19:59,139.41,139.42,139.41,139.41,2498
2026-08-14 12:20:57,139.42,139.42,139.41,139.42,5756
2026-08-14 12:21:55,139.42,139.42,139.38,139.42,1417
2026-08-14 12:22:56,139.42,139.42,139.41,139.42,4940
2026-08-14 12:23:57,139.42,139.42,139.4,139.42,9358
2026-08-14 12:24:57,139.42,139.42,139.41,139.42,2424
2026-08-14 12:25:58,139.42,139.43,139.42,139.43,3872
2026-08-14 12:26:56,139.42,139.43,139.4,139.42,25254
2026-08-14 12:27:58,139.43,139.43,139.41,139.43,5620
2026-08-14 12:28:57,139.44,139.44,139.4,139.43,9124
2026-08-14 12:29:58,139.43,139.43,139.42,139.42,6472
2026-08-14 12:30:56,139.4,139.4,139.35,139.36,4916
2026-08-14 12:31:55,139.34,139.36,139.31,139.36,20223
2026-08-14 12:32:59,139.36,139.37,139.28,139.3,32182
2026-08-14 12:33:56,139.31,139.31,139.31,139.31,2860
2026-08-14 12:34:58,139.31,139.31,139.27,139.3,15160
2026-08-14 12:35:57,139.3,139.31,139.3,139.31,1552
2026-08-14 12:36:58,139.31,139.35,139.3,139.3,23193
2026-08-14 12:37:56,139.3,139.3,139.29,139.3,3551
2026-08-14 12:38:56,139.29,139.3,139.29,139.3,5462
2026-08-14 12:39:58,139.34,139.38,139.34,139.38,24842
2026-08-14 12:40:59,139.38,139.38,139.3,139.36,19325
2026-08-14 12:41:59,139.35,139.36,139.29,139.29,8674
2026-08-14 12:42:58,139.27,139.28,139.27,139.28,3558
2026-08-14 12:43:57,139.28,139.42,139.28,139.4,21576
2026-08-14 12:44:59,139.39,139.41,139.38,139.41,7446
2026-08-14 12:45:59,139.4,139.41,139.32,139.41,15441
2026-08-14 12:46:58,139.4,139.42,139.37,139.38,6227
2026-08-14 12:47:59,139.38,139.38,139.34,139.36,6465
2026-08-14 12:48:58,139.36,139.36,139.33,139.36,5961
2026-08-14 12:49:55,139.35,139.37,139.35,139.37,4583
2026-08-14 12:50:57,139.36,139.37,139.36,139.37,12306
2026-08-14 12:51:57,139.37,139.37,139.36,139.37,6879
2026-08-14 12:52:58,139.37,139.37,139.36,139.36,7870
2026-08-14 12:53:57,139.37,139.38,139.36,139.38,13487
2026-08-14 12:54:59,139.38,139.41,139.38,139.41,3165
2026-08-14 12:55:59,139.4,139.41,139.38,139.41,5823
2026-08-14 12:56:58,139.41,139.41,139.38,139.41,4411
2026-08-14 12:57:58,139.41,139.41,139.36,139.41,11772
2026-08-14 12:58:58,139.4,139.4,139.34,139.34,20824
2026-08-14 12:59:56,139.35,139.35,139.34,139.35,2121
2026-08-14 13:00:57,139.35,139.44,139.35,139.38,27450
2026-08-14 13:01:58,139.38,139.38,139.35,139.35,2926
2026-08-14 13:02:56,139.39,139.4,139.39,139.4,4380
2026-08-14 13:03:56,139.39,139.4,139.33,139.35,31903
2026-08-14 13:04:59,139.35,139.35,139.3,139.3,13980
2026-08-14 13:05:59,139.33,139.33,139.29,139.29,24586
2026-08-14 13:06:56,139.27,139.3,139.27,139.3,2305
2026-08-14 13:07:55,139.3,139.3,139.29,139.3,1622
2026-08-14 13:08:56,139.29,139.36,139.26,139.36,11779
2026-08-14 13:09:56,139.36,139.39,139.36,139.39,2994
2026-08-14 13:10:57,139.38,139.39,139.33,139.36,4178
2026-08-14 13:11:57,139.36,139.37,139.36,139.36,2875
2026-08-14 13:12:57,139.36,139.42,139.35,139.4,15330
2026-08-14 13:13:57,139.4,139.42,139.39,139.41,3365
2026-08-14 13:14:57,139.4,139.4,139.28,139.35,26050
2026-08-14 13:15:59,139.35,139.37,139.34,139.35,9030
2026-08-14 13:16:57,139.33,139.36,139.26,139.32,14553
2026-08-14 13:17:59,139.32,139.32,139,139.29,201617
2026-08-14 13:18:59,139.23,139.23,139.12,139.2,90185
2026-08-14 13:19:59,139.19,139.24,139.12,139.2,24443
2026-08-14 13:20:59,139.23,139.23,139.1,139.16,13402
2026-08-14 13:21:59,139.16,139.21,139.15,139.15,20995
2026-08-14 13:22:59,139.16,139.16,139.02,139.09,18190
2026-08-14 13:23:59,139.03,139.05,138.82,138.95,57864
2026-08-14 13:24:58,138.95,139.2,138.92,139.16,42353
2026-08-14 13:25:59,139.15,139.15,139.08,139.09,9963
2026-08-14 13:26:56,139.1,139.17,139.06,139.14,16990
2026-08-14 13:27:59,139.1,139.16,139.1,139.16,8562
2026-08-14 13:28:56,139.15,139.19,139.15,139.18,19341
2026-08-14 13:29:57,139.17,139.18,139.05,139.06,23460
2026-08-14 13:30:59,139.1,139.16,139.06,139.16,15775
2026-08-14 13:31:55,139.16,139.2,139.11,139.19,4362
2026-08-14 13:32:55,139.2,139.2,139.15,139.15,7167
2026-08-14 13:33:59,139.15,139.2,139.14,139.2,3674
2026-08-14 13:34:57,139.2,139.2,139.15,139.16,9077
2026-08-14 13:35:55,139.16,139.2,139.14,139.2,14766
2026-08-14 13:36:57,139.2,139.23,139.19,139.19,5995
2026-08-14 13:37:58,139.18,139.23,139.18,139.19,5359
2026-08-14 13:38:56,139.19,139.19,139.19,139.19,1826
2026-08-14 13:39:58,139.19,139.3,139.19,139.3,19870
2026-08-14 13:40:58,139.27,139.3,139.24,139.27,12963
2026-08-14 13:41:59,139.27,139.27,139.25,139.27,3767
2026-08-14 13:42:57,139.26,139.27,139.23,139.25,8436
2026-08-14 13:43:57,139.25,139.3,139.25,139.28,12122
2026-08-14 13:44:56,139.27,139.27,139.26,139.27,13605
2026-08-14 13:45:56,139.27,139.35,139.26,139.35,15667
2026-08-14 13:46:57,139.38,139.4,139.31,139.34,10284
2026-08-14 13:47:59,139.27,139.33,139.25,139.33,16632
2026-08-14 13:48:59,139.33,139.37,139.3,139.35,10840
2026-08-14 13:49:59,139.35,139.37,139.33,139.36,6383
2026-08-14 13:50:59,139.36,139.36,139.29,139.34,10877
2026-08-14 13:51:57,139.3,139.36,139.3,139.36,12330
2026-08-14 13:52:57,139.36,139.37,139.29,139.29,39746
2026-08-14 13:53:59,139.35,139.35,139.3,139.33,6620
2026-08-14 13:54:57,139.33,139.35,139.33,139.35,7092
2026-08-14 13:55:58,139.36,139.36,139.3,139.36,11077
2026-08-14 13:56:56,139.34,139.37,139.33,139.37,4892
2026-08-14 13:57:58,139.37,139.38,139.33,139.37,6347
2026-08-14 13:58:57,139.37,139.38,139.37,139.38,4067
2026-08-14 13:59:57,139.38,139.39,139.31,139.39,93188
2026-08-14 14:00:59,139.38,139.39,139.32,139.37,5356
2026-08-14 14:01:56,139.37,139.38,139.36,139.37,15865
2026-08-14 14:02:56,139.37,139.38,139.36,139.36,5649
2026-08-14 14:03:54,139.36,139.37,139.35,139.35,9612
2026-08-14 14:04:56,139.3,139.34,139.3,139.34,7265
2026-08-14 14:05:59,139.35,139.35,139.33,139.34,7483
2026-08-14 14:06:55,139.34,139.35,139.31,139.35,21450
2026-08-14 14:07:59,139.35,139.37,139.34,139.35,16309
2026-08-14 14:08:58,139.35,139.36,139.3,139.36,7152
2026-08-14 14:09:57,139.36,139.36,139.35,139.36,7305
2026-08-14 14:10:55,139.36,139.36,139.35,139.35,7563
2026-08-14 14:11:59,139.33,139.35,139.33,139.35,12421
2026-08-14 14:12:56,139.35,139.35,139.35,139.35,18736
2026-08-14 14:13:59,139.35,139.35,139.31,139.31,24050
2026-08-14 14:14:58,139.31,139.32,139.3,139.32,13156
2026-08-14 14:15:56,139.34,139.35,139.34,139.34,26288
2026-08-14 14:16:55,139.3,139.35,139.3,139.32,15944
2026-08-14 14:17:56,139.32,139.35,139.32,139.35,9053
2026-08-14 14:18:58,139.35,139.35,139.32,139.35,12826
2026-08-14 14:19:54,139.35,139.35,139.34,139.35,8008
2026-08-14 14:20:56,139.34,139.35,139.34,139.34,19063
2026-08-14 14:21:56,139.35,139.35,139.32,139.35,13999
2026-08-14 14:22:56,139.35,139.35,139.35,139.35,13866
2026-08-14 14:23:57,139.35,139.36,139.25,139.28,189366
2026-08-14 14:24:59,139.28,139.33,139.24,139.29,29799
2026-08-14 14:25:59,139.32,139.33,139.27,139.32,9406
2026-08-14 14:26:57,139.31,139.33,139.28,139.32,9059
2026-08-14 14:27:54,139.3,139.34,139.3,139.32,12569
2026-08-14 14:28:59,139.32,139.39,139.31,139.35,30768
2026-08-14 14:29:59,139.35,139.38,139.32,139.36,8143
2026-08-14 14:30:58,139.36,139.36,139.35,139.35,11894
2026-08-14 14:31:54,139.35,139.35,139.3,139.32,33690
2026-08-14 14:32:57,139.31,139.32,139.31,139.32,7863
2026-08-14 14:33:55,139.35,139.44,139.35,139.43,55895
2026-08-14 14:34:59,139.4,139.49,139.4,139.48,48758
2026-08-14 14:35:56,139.48,139.5,139.45,139.48,36434
2026-08-14 14:36:55,139.48,139.48,139.41,139.45,16936
2026-08-14 14:37:56,139.42,139.45,139.42,139.42,6572
2026-08-14 14:38:56,139.41,139.46,139.41,139.46,18562
2026-08-14 14:39:55,139.44,139.48,139.37,139.47,13526
2026-08-14 14:40:59,139.42,139.5,139.42,139.49,27279
2026-08-14 14:41:57,139.49,139.5,139.49,139.5,13802
2026-08-14 14:42:57,139.5,139.51,139.42,139.51,13409
2026-08-14 14:43:58,139.51,139.53,139.51,139.53,15094
2026-08-14 14:44:59,139.54,139.55,139.47,139.53,25504
2026-08-14 14:45:59,139.53,139.54,139.52,139.52,13224
2026-08-14 14:46:56,139.53,139.54,139.52,139.52,10687
2026-08-14 14:47:56,139.51,139.52,139.49,139.5,12275
2026-08-14 14:48:59,139.48,139.53,139.48,139.53,27839
2026-08-14 14:49:54,139.52,139.53,139.5,139.51,12125
2026-08-14 14:50:59,139.51,139.52,139.5,139.52,17599
2026-08-14 14:51:58,139.52,139.52,139.47,139.51,41824
2026-08-14 14:52:55,139.51,139.51,139.51,139.51,8906
2026-08-14 14:53:54,139.52,139.54,139.51,139.54,9996
2026-08-14 14:54:58,139.54,139.55,139.53,139.55,12387
2026-08-14 14:55:55,139.55,139.55,139.52,139.54,18140
2026-08-14 14:56:58,139.55,139.55,139.52,139.53,12001
2026-08-14 14:57:55,139.53,139.54,139.53,139.54,7954
2026-08-14 14:58:55,139.54,139.54,139.48,139.48,46828
2026-08-14 14:59:59,139.48,139.48,139.35,139.4,26585
2026-08-14 15:00:54,139.41,139.49,139.41,139.49,47964
2026-08-14 15:01:55,139.5,139.51,139.49,139.51,19021
2026-08-14 15:02:54,139.52,139.52,139.47,139.48,37741
2026-08-14 15:03:54,139.48,139.48,139.45,139.47,32345
2026-08-14 15:04:57,139.45,139.45,139.43,139.45,29475
2026-08-14 15:05:59,139.44,139.44,139.41,139.44,64154
2026-08-14 15:06:59,139.44,139.46,139.38,139.42,48687
2026-08-14 15:07:57,139.42,139.44,139.42,139.42,49081
2026-08-14 15:08:57,139.41,139.42,139.39,139.39,29748
2026-08-14 15:09:57,139.4,139.4,139.31,139.32,64373
2026-08-14 15:10:59,139.31,139.37,139.3,139.37,61854
2026-08-14 15:11:54,139.37,139.37,139.35,139.37,53115
2026-08-14 15:12:58,139.35,139.43,139.32,139.35,187781
2026-08-14 15:13:58,139.41,139.43,139.37,139.43,67604
2026-08-14 15:14:55,139.41,139.5,139.41,139.5,27716
2026-08-14 15:15:19,139.5,139.5,139.5,139.5,451
2026-08-14 15:20:56,139.5,139.5,139.5,139.5,566633
2026-08-14 15:23:54,139.5,139.5,139.5,139.5,738
2026-08-14 15:24:56,139.5,139.5,139.5,139.5,2990
2026-08-14 15:25:56,139.5,139.5,139.5,139.5,5094
2026-08-14 15:26:54,139.5,139.5,139.5,139.5,5303
2026-08-14 15:28:35,139.5,139.5,139.4,139.4,8591751
2026-08-17 09:07:11,139.2,139.2,139.2,139.2,27682
2026-08-17 09:15:50,139.4,139.5,138.4,138.49,119401
2026-08-17 09:16:59,138.53,138.74,138.53,138.6,50583
2026-08-17 09:17:55,138.55,138.65,138.55,138.58,16161
2026-08-17 09:18:57,138.62,138.65,138.57,138.65,16335
2026-08-17 09:19:58,138.82,138.82,138.68,138.68,23501
2026-08-17 09:20:59,138.73,138.81,138.73,138.81,20889
2026-08-17 09:21:57,138.77,138.82,138.72,138.75,40315
2026-08-17 09:22:55,138.83,138.83,138.72,138.74,15541
2026-08-17 09:23:53,138.75,138.75,138.67,138.67,24913
2026-08-17 09:24:58,138.69,138.72,138.65,138.72,10115
2026-08-17 09:25:55,138.71,138.82,138.71,138.82,15461
2026-08-17 09:26:59,138.84,138.97,138.82,138.88,21551
2026-08-17 09:27:55,138.86,138.98,138.8,138.8,38022
2026-08-17 09:28:59,138.8,138.9,138.8,138.88,55724
2026-08-17 09:29:53,138.84,138.95,138.84,138.88,15742
2026-08-17 09:30:57,138.9,138.99,138.9,138.98,17773
2026-08-17 09:31:58,138.98,138.99,138.98,138.99,20725
2026-08-17 09:32:52,138.98,138.99,138.91,138.99,12303
2026-08-17 09:33:53,139.02,139.07,138.98,139.05,34302
2026-08-17 09:34:59,139.14,139.6,139.14,139.45,77327
2026-08-17 09:35:59,139.32,139.44,139.24,139.36,14994
2026-08-17 09:36:59,139.3,139.4,139.29,139.31,14071
2026-08-17 09:37:59,139.32,139.8,139.32,139.79,55870
2026-08-17 09:38:52,139.79,139.8,139.65,139.66,30687
2026-08-17 09:39:59,139.69,139.76,139.6,139.67,12911
2026-08-17 09:40:58,139.67,139.74,139.64,139.68,12474
2026-08-17 09:41:56,139.71,139.73,139.62,139.69,9654
2026-08-17 09:42:53,139.69,139.7,139.63,139.63,7832
2026-08-17 09:43:58,139.67,139.67,139.57,139.57,13007
2026-08-17 09:44:59,139.53,139.6,139.53,139.59,10690
2026-08-17 09:45:55,139.55,139.58,139.51,139.51,6872
2026-08-17 09:46:53,139.51,139.59,139.51,139.58,9053
2026-08-17 09:47:58,139.55,139.59,139.52,139.58,4457
2026-08-17 09:48:54,139.52,139.58,139.52,139.56,2966
2026-08-17 09:49:57,139.56,139.56,139.47,139.55,27887
2026-08-17 09:50:54,139.5,139.54,139.36,139.41,21101
2026-08-17 09:51:59,139.48,139.5,139.43,139.49,12154
2026-08-17 09:52:58,139.44,139.51,139.41,139.41,25648
2026-08-17 09:53:55,139.37,139.5,139.37,139.5,16493
2026-08-17 09:54:57,139.45,139.49,139.3,139.37,37068
2026-08-17 09:55:54,139.33,139.45,139.33,139.45,7381
2026-08-17 09:56:59,139.35,139.4,139.31,139.32,51730
2026-08-17 09:57:59,139.35,139.42,139.34,139.39,36347
2026-08-17 09:58:56,139.32,139.44,139.31,139.39,11956
2026-08-17 09:59:56,139.38,139.38,139.27,139.3,9661
2026-08-17 10:00:56,139.34,139.34,139.27,139.32,9266
2026-08-17 10:01:55,139.3,139.34,139.25,139.25,23171
2026-08-17 10:02:53,139.25,139.29,139.22,139.25,2908
2026-08-17 10:03:57,139.28,139.29,139.21,139.24,3099
2026-08-17 10:04:57,139.21,139.23,139.16,139.21,17014
2026-08-17 10:05:56,139.29,139.29,139.18,139.2,24501
2026-08-17 10:06:56,139.21,139.25,139.18,139.18,11749
2026-08-17 10:07:59,139.15,139.21,139.1,139.15,17173
2026-08-17 10:08:59,139.1,139.15,139.05,139.05,9565
2026-08-17 10:09:57,139.05,139.09,139.01,139.07,5728
2026-08-17 10:10:54,139.01,139.07,139.01,139.02,6966
2026-08-17 10:11:59,139.02,139.06,139.02,139.02,5845
2026-08-17 10:12:57,139.01,139.06,139,139.06,8804
2026-08-17 10:13:59,139.02,139.07,138.91,138.93,56107
2026-08-17 10:14:59,138.82,138.86,138.8,138.84,25318
2026-08-17 10:15:57,138.81,138.84,138.81,138.84,7044
2026-08-17 10:16:57,138.82,138.84,138.77,138.77,25043
2026-08-17 10:17:59,138.76,138.76,138.52,138.58,40616
2026-08-17 10:18:59,138.58,138.66,138.5,138.52,68334
2026-08-17 10:19:54,138.5,138.58,138.5,138.58,21152
2026-08-17 10:20:59,138.52,138.63,138.52,138.6,9741
2026-08-17 10:21:59,138.6,138.65,138.57,138.63,11931
2026-08-17 10:22:57,138.6,138.62,138.57,138.57,14275
2026-08-17 10:23:58,138.57,138.57,138.46,138.54,36132
2026-08-17 10:24:57,138.5,138.6,138.5,138.6,34784
2026-08-17 10:25:59,138.55,138.58,138.44,138.49,38620
2026-08-17 10:26:59,138.45,138.5,138.41,138.43,23092
2026-08-17 10:27:59,138.46,138.57,138.43,138.54,21136
2026-08-17 10:28:55,138.48,138.58,138.48,138.58,21216
2026-08-17 10:29:54,138.53,138.6,138.53,138.54,17134
2026-08-17 10:30:57,138.51,138.57,138.5,138.57,11995
2026-08-17 10:31:56,138.6,138.6,138.5,138.5,11729
2026-08-17 10:32:59,138.51,138.52,138.47,138.47,10430
2026-08-17 10:33:56,138.47,138.52,138.46,138.46,9400
2026-08-17 10:34:59,138.5,138.53,138.46,138.53,10811
2026-08-17 10:35:56,138.48,138.54,138.48,138.54,4366
2026-08-17 10:36:58,138.55,138.55,138.46,138.55,14950
2026-08-17 10:37:57,138.53,138.55,138.45,138.48,14130
2026-08-17 10:38:56,138.48,138.48,138.25,138.36,59737
2026-08-17 10:39:59,138.34,138.41,138.34,138.4,10946
2026-08-17 10:40:56,138.4,138.41,138.36,138.41,6706
2026-08-17 10:41:58,138.41,138.41,138.32,138.32,8113
2026-08-17 10:42:54,138.32,138.37,138.3,138.31,21312
2026-08-17 10:43:54,138.25,138.3,138.22,138.3,20552
2026-08-17 10:44:58,138.26,138.31,138.26,138.31,18486
2026-08-17 10:45:56,138.31,138.31,138.12,138.14,50081
2026-08-17 10:46:59,138.19,138.19,138.13,138.13,10244
2026-08-17 10:47:57,138.14,138.22,138.14,138.21,14847
2026-08-17 10:48:59,138.16,138.24,138.15,138.2,4946
2026-08-17 10:49:57,138.24,138.24,138.2,138.23,8128
2026-08-17 10:50:59,138.19,138.24,138.18,138.24,15441
2026-08-17 10:51:55,138.18,138.33,138.18,138.29,21599
2026-08-17 10:52:56,138.28,138.35,138.28,138.31,9233
2026-08-17 10:53:59,138.38,138.74,138.32,138.71,75147
2026-08-17 10:54:59,138.64,138.71,138.6,138.62,10600
2026-08-17 10:55:59,138.6,138.69,138.58,138.66,8439
2026-08-17 10:56:56,138.58,138.66,138.58,138.65,11409
2026-08-17 10:57:57,138.6,138.65,138.55,138.56,9509
2026-08-17 10:58:59,138.6,138.6,138.51,138.57,9120
2026-08-17 10:59:57,138.52,138.57,138.46,138.5,10704
2026-08-17 11:00:57,138.45,138.53,138.42,138.52,10259
2026-08-17 11:01:59,138.45,138.53,138.45,138.51,15384
2026-08-17 11:02:59,138.46,138.52,138.42,138.5,7778
2026-08-17 11:03:59,138.43,138.51,138.39,138.48,11477
2026-08-17 11:04:59,138.51,138.53,138.42,138.5,12797
2026-08-17 11:05:59,138.49,138.5,138.4,138.41,6614
2026-08-17 11:06:57,138.41,138.47,138.38,138.44,6605
2026-08-17 11:07:56,138.36,138.43,138.36,138.42,8738
2026-08-17 11:08:59,138.39,138.46,138.35,138.44,16415
2026-08-17 11:09:59,138.4,138.44,138.35,138.41,17782
2026-08-17 11:10:57,138.41,138.42,138.33,138.41,9054
2026-08-17 11:11:59,138.4,138.41,138.32,138.34,10569
2026-08-17 11:12:57,138.34,138.4,138.32,138.36,7200
2026-08-17 11:13:59,138.35,138.4,138.32,138.4,9444
2026-08-17 11:14:59,138.34,138.4,138.31,138.38,7741
2026-08-17 11:15:58,138.38,138.39,138.31,138.37,12916
2026-08-17 11:16:56,138.37,138.37,138.3,138.36,8336
2026-08-17 11:17:59,138.3,138.35,138.26,138.26,15907
2026-08-17 11:18:55,138.26,138.35,138.26,138.32,6979
2026-08-17 11:19:56,138.32,138.32,138.26,138.3,10817
2026-08-17 11:20:54,138.27,138.3,138.26,138.3,8069
2026-08-17 11:21:57,138.3,138.3,138.25,138.3,13101
2026-08-17 11:22:58,138.25,138.3,138.21,138.21,16535
2026-08-17 11:23:59,138.27,138.27,138.2,138.26,7418
2026-08-17 11:24:55,138.27,138.31,138.22,138.31,8681
2026-08-17 11:25:57,138.3,138.3,138.23,138.3,9743
2026-08-17 11:26:55,138.27,138.32,138.25,138.31,9472
2026-08-17 11:27:59,138.31,138.31,138.23,138.3,8989
2026-08-17 11:28:57,138.23,138.32,138.23,138.31,9994
2026-08-17 11:29:59,138.24,138.31,138.23,138.3,8670
2026-08-17 11:30:59,138.23,138.3,138.2,138.25,20763
2026-08-17 11:31:58,138.2,138.27,138.2,138.24,8258
2026-08-17 11:32:55,138.24,138.27,138.2,138.27,9450
2026-08-17 11:33:56,138.22,138.27,138.21,138.26,8929
2026-08-17 11:34:56,138.21,138.27,138.21,138.27,8717
2026-08-17 11:35:55,138.27,138.39,138.26,138.38,52267
2026-08-17 11:36:59,138.39,138.39,138.28,138.35,13456
2026-08-17 11:37:59,138.34,138.35,138.25,138.32,8493
2026-08-17 11:38:59,138.3,138.32,138.23,138.25,12088
2026-08-17 11:39:55,138.25,138.32,138.2,138.32,22550
2026-08-17 11:40:59,138.32,138.32,138.24,138.32,13891
2026-08-17 11:41:56,138.32,138.32,138.24,138.32,10399
2026-08-17 11:42:56,138.25,138.32,138.21,138.28,13980
2026-08-17 11:43:57,138.22,138.28,138.2,138.27,13571
2026-08-17 11:44:56,138.17,138.24,138.16,138.24,73784
2026-08-17 11:45:59,138.17,138.25,138.17,138.25,11113
2026-08-17 11:46:56,138.24,138.26,138.2,138.24,9284
2026-08-17 11:47:59,138.2,138.27,138.17,138.24,9432
2026-08-17 11:48:58,138.17,138.3,138.17,138.28,8766
2026-08-17 11:49:59,138.28,138.28,138.2,138.21,10830
2026-08-17 11:50:59,138.21,138.31,138.21,138.28,13677
2026-08-17 11:51:56,138.23,138.4,138.23,138.39,95798
2026-08-17 11:52:59,138.39,138.4,138.32,138.39,17518
2026-08-17 11:53:59,138.35,138.39,138.3,138.35,11365
2026-08-17 11:54:59,138.35,138.38,138.23,138.37,25262
2026-08-17 11:55:59,138.37,138.39,138.26,138.38,9136
2026-08-17 11:56:58,138.37,138.4,138.29,138.38,8296
2026-08-17 11:57:55,138.38,138.4,138.29,138.4,8355
2026-08-17 11:58:59,138.4,138.47,138.36,138.46,21885
2026-08-17 11:59:59,138.39,138.48,138.38,138.45,9072
2026-08-17 12:00:59,138.47,138.48,138.38,138.45,10814
2026-08-17 12:01:58,138.45,138.45,138.37,138.45,12302
2026-08-17 12:02:59,138.37,138.45,138.35,138.43,10039
2026-08-17 12:03:59,138.36,138.46,138.35,138.38,10627
2026-08-17 12:04:57,138.38,138.44,138.35,138.35,8648
2026-08-17 12:05:59,138.34,138.42,138.33,138.4,14673
2026-08-17 12:06:55,138.37,138.42,138.32,138.39,10247
2026-08-17 12:07:58,138.38,138.4,138.33,138.39,11614
2026-08-17 12:08:59,138.33,138.41,138.3,138.39,11462
2026-08-17 12:09:58,138.32,138.37,138.3,138.37,7719
2026-08-17 12:10:59,138.36,138.38,138.29,138.29,7975
2026-08-17 12:11:59,138.3,138.36,138.29,138.36,11751
2026-08-17 12:12:57,138.36,138.4,138.32,138.38,10170
2026-08-17 12:13:59,138.36,138.42,138.3,138.4,17506
2026-08-17 12:14:57,138.33,138.39,138.31,138.35,11582
2026-08-17 12:15:57,138.32,138.35,138.3,138.35,9773
2026-08-17 12:16:59,138.33,138.41,138.33,138.4,16365
2026-08-17 12:17:59,138.35,138.4,138.31,138.38,9163
2026-08-17 12:18:59,138.32,138.4,138.3,138.33,9312
2026-08-17 12:19:58,138.4,138.43,138.35,138.41,13497
2026-08-17 12:20:57,138.35,138.43,138.35,138.43,8005
2026-08-17 12:21:57,138.41,138.42,138.36,138.4,10947
2026-08-17 12:22:56,138.36,138.44,138.36,138.43,11374
2026-08-17 12:23:59,138.38,138.45,138.37,138.45,10339
2026-08-17 12:24:58,138.4,138.45,138.36,138.36,19422
2026-08-17 12:25:57,138.35,138.44,138.35,138.4,8157
2026-08-17 12:26:55,138.4,138.44,138.37,138.43,8322
2026-08-17 12:27:58,138.44,138.53,138.36,138.44,40036
2026-08-17 12:28:57,138.48,138.5,138.44,138.49,7718
2026-08-17 12:29:58,138.44,138.5,138.43,138.48,12899
2026-08-17 12:30:57,138.48,138.48,138.4,138.46,8343
2026-08-17 12:31:59,138.4,138.47,138.4,138.41,8718
2026-08-17 12:32:59,138.4,138.54,138.4,138.5,12695
2026-08-17 12:33:59,138.5,138.53,138.46,138.51,11799
2026-08-17 12:34:55,138.48,138.53,138.44,138.52,9593
2026-08-17 12:35:58,138.47,138.53,138.43,138.52,14268
2026-08-17 12:36:56,138.46,138.53,138.46,138.53,9010
2026-08-17 12:37:56,138.53,138.56,138.46,138.55,13842
2026-08-17 12:38:55,138.57,138.57,138.5,138.53,8144
2026-08-17 12:39:59,138.54,138.54,138.44,138.51,9152
2026-08-17 12:40:59,138.44,138.51,138.42,138.5,15125
2026-08-17 12:41:59,138.5,138.53,138.42,138.51,10550
2026-08-17 12:42:58,138.51,138.52,138.44,138.51,7338
2026-08-17 12:43:59,138.46,138.55,138.42,138.51,15333
2026-08-17 12:44:59,138.46,138.65,138.43,138.65,11839
2026-08-17 12:45:59,138.64,138.73,138.59,138.72,40250
2026-08-17 12:46:59,138.65,138.78,138.65,138.77,22710
2026-08-17 12:47:59,138.74,138.78,138.66,138.78,12002
2026-08-17 12:48:59,138.78,138.8,138.67,138.68,32170
2026-08-17 12:49:59,138.7,138.76,138.68,138.75,10241
2026-08-17 12:50:59,138.68,138.84,138.68,138.8,116670
2026-08-17 12:51:59,138.8,138.97,138.74,138.97,48784
2026-08-17 12:52:59,138.98,139.03,138.9,138.95,28967
2026-08-17 12:53:59,138.97,138.98,138.86,138.89,11911
2026-08-17 12:54:55,138.9,138.91,138.81,138.86,9138
2026-08-17 12:55:59,138.81,138.99,138.81,138.97,61109
2026-08-17 12:56:59,138.96,139.05,138.91,138.95,39641
2026-08-17 12:57:59,138.93,139.04,138.93,138.96,30119
2026-08-17 12:58:59,139.08,139.08,138.94,139.03,31035
2026-08-17 12:59:59,139.03,139.08,138.93,138.98,151512
2026-08-17 13:00:58,139.01,139.1,138.9,138.9,175410
2026-08-17 13:01:59,138.93,139,138.87,138.98,342775
2026-08-17 13:02:59,138.98,139,138.91,138.99,63475
2026-08-17 13:03:59,138.99,139.09,138.92,138.95,153040
2026-08-17 13:04:59,138.96,139.02,138.94,139,40693
2026-08-17 13:05:59,139.02,139.05,138.95,139.01,20321
2026-08-17 13:06:59,138.98,139.03,138.95,139.02,39230
2026-08-17 13:07:59,138.97,139.06,138.95,139,35714
2026-08-17 13:08:59,138.98,139.04,138.97,139.03,16577
2026-08-17 13:09:56,138.97,139.01,138.92,138.98,16466
2026-08-17 13:10:59,138.93,139.02,138.92,138.97,23514
2026-08-17 13:11:59,138.97,139,138.92,138.99,18102
2026-08-17 13:12:59,139,139.04,138.96,139,30751
2026-08-17 13:13:59,139.01,139.01,138.92,138.99,15713
2026-08-17 13:14:59,138.93,139.03,138.92,139,14774
2026-08-17 13:15:59,138.97,139.05,138.94,139,21252
2026-08-17 13:16:59,139,139.04,138.92,139,16821
2026-08-17 13:17:58,139,139.04,138.99,139,15261
2026-08-17 13:18:58,139,139.03,138.95,138.95,14023
2026-08-17 13:19:59,139.02,139.02,138.95,139,8706
2026-08-17 13:20:59,139.03,139.04,138.94,139,17577
2026-08-17 13:21:59,138.94,139.04,138.92,138.99,16021
2026-08-17 13:22:59,138.99,139,138.92,138.99,11030
2026-08-17 13:23:59,138.93,139,138.9,138.96,11325
2026-08-17 13:24:59,138.96,139,138.88,138.98,7826
2026-08-17 13:25:59,138.98,138.99,138.78,138.82,34958
2026-08-17 13:26:55,138.82,138.87,138.75,138.85,11080
2026-08-17 13:27:56,138.85,138.89,138.81,138.89,12409
2026-08-17 13:28:55,138.83,138.9,138.8,138.85,22975
2026-08-17 13:29:59,138.75,138.82,138.69,138.75,35173
2026-08-17 13:30:59,138.75,139,138.72,138.85,228165
2026-08-17 13:31:59,138.8,138.92,138.75,138.85,22201
2026-08-17 13:32:59,138.85,138.99,138.82,138.95,13934
2026-08-17 13:33:59,138.89,139.03,138.87,139.03,8293
2026-08-17 13:34:59,139,139.02,138.91,139.02,30329
2026-08-17 13:35:58,139,139.04,139,139,9367
2026-08-17 13:36:59,139,139.02,139,139.02,12316
2026-08-17 13:37:55,139.02,139.02,139,139,6302
2026-08-17 13:38:56,139,139.04,139,139.04,7037
2026-08-17 13:39:55,139.02,139.05,139,139.05,5369
2026-08-17 13:40:59,139,139.05,139,139.05,9717
2026-08-17 13:41:59,139.05,139.05,139,139.05,6063
2026-08-17 13:42:56,139.05,139.05,139,139.04,6910
2026-08-17 13:43:59,139,139.05,139,139,6598
2026-08-17 13:44:59,139,139.21,138.96,139.19,334557
2026-08-17 13:45:59,139.18,139.2,139.04,139.12,23567
2026-08-17 13:46:57,139.11,139.11,138.98,139.03,17821
2026-08-17 13:47:59,138.97,139.04,138.96,139.02,16921
2026-08-17 13:48:59,138.94,139,138.91,138.97,9377
2026-08-17 13:49:56,138.92,139,138.92,138.99,7927
2026-08-17 13:50:55,138.92,138.98,138.91,138.91,8904
2026-08-17 13:51:59,138.96,138.96,138.76,138.85,74583
2026-08-17 13:52:56,138.85,138.9,138.77,138.83,103054
2026-08-17 13:53:59,138.8,138.83,138.76,138.78,7771
2026-08-17 13:54:58,138.78,138.98,138.76,138.9,120154
2026-08-17 13:55:55,138.9,138.98,138.85,138.9,7542
2026-08-17 13:56:55,138.84,138.9,138.84,138.9,5178
2026-08-17 13:57:58,138.85,138.91,138.82,138.83,5387
2026-08-17 13:58:59,138.83,138.92,138.83,138.9,5343
2026-08-17 13:59:59,138.9,138.95,138.84,138.91,5425
2026-08-17 14:00:59,138.87,138.96,138.84,138.88,7957
2026-08-17 14:01:59,138.88,138.95,138.86,138.94,4546
2026-08-17 14:02:59,138.94,138.97,138.86,138.95,7330
2026-08-17 14:03:59,138.94,138.94,138.84,138.9,6493
2026-08-17 14:04:59,138.9,138.9,138.81,138.89,4542
2026-08-17 14:05:59,138.9,138.93,138.84,138.93,6060
2026-08-17 14:06:59,138.87,138.93,138.85,138.89,4735
2026-08-17 14:07:59,138.89,138.9,138.83,138.9,6654
2026-08-17 14:08:57,138.9,138.9,138.83,138.88,5380
2026-08-17 14:09:59,138.85,138.88,138.85,138.87,6562
2026-08-17 14:10:57,138.87,138.87,138.81,138.87,6229
2026-08-17 14:11:57,138.81,138.87,138.81,138.87,5019
2026-08-17 14:12:59,138.81,138.86,138.8,138.8,6016
2026-08-17 14:13:56,138.83,138.83,138.74,138.8,6753
2026-08-17 14:14:59,138.75,138.83,138.72,138.72,16017
2026-08-17 14:15:57,138.75,138.8,138.72,138.8,7322
2026-08-17 14:16:56,138.73,138.86,138.73,138.86,5056
2026-08-17 14:17:59,138.8,138.88,138.8,138.87,5175
2026-08-17 14:18:58,138.87,138.87,138.79,138.79,5842
2026-08-17 14:19:56,138.84,138.87,138.76,138.84,7717
2026-08-17 14:20:55,138.8,138.84,138.76,138.77,16020
2026-08-17 14:21:56,138.84,138.87,138.75,138.8,14699
2026-08-17 14:22:55,138.75,138.77,138.7,138.73,9618
2026-08-17 14:23:57,138.69,138.73,138.65,138.7,8821
2026-08-17 14:24:58,138.65,138.78,138.65,138.71,17261
2026-08-17 14:25:58,138.71,138.75,138.68,138.74,5697
2026-08-17 14:26:59,138.74,138.75,138.69,138.75,15893
2026-08-17 14:27:59,138.75,138.87,138.75,138.85,11272
2026-08-17 14:28:59,138.8,138.85,138.8,138.8,5648
2026-08-17 14:29:57,138.85,138.85,138.76,138.82,5757
2026-08-17 14:30:59,138.78,138.84,138.76,138.8,4727
2026-08-17 14:31:55,138.8,138.81,138.76,138.8,10074
2026-08-17 14:32:55,138.8,138.84,138.8,138.81,13016
2026-08-17 14:33:59,138.81,138.83,138.73,138.78,13212
2026-08-17 14:34:57,138.78,138.78,138.71,138.75,6480
2026-08-17 14:35:59,138.75,138.83,138.73,138.83,6100
2026-08-17 14:36:56,138.85,138.85,138.8,138.83,5770
2026-08-17 14:37:57,138.83,138.85,138.8,138.85,6364
2026-08-17 14:38:58,138.8,138.87,138.8,138.85,8474
2026-08-17 14:39:59,138.85,138.87,138.8,138.87,5514
2026-08-17 14:40:56,138.81,138.87,138.8,138.87,6248
2026-08-17 14:41:58,138.81,138.87,138.8,138.85,6911
2026-08-17 14:42:54,138.77,138.82,138.75,138.82,5523
2026-08-17 14:43:57,138.78,138.82,138.75,138.81,8829
2026-08-17 14:44:59,138.82,138.82,138.74,138.81,7991
2026-08-17 14:45:57,138.75,138.82,138.75,138.82,11475
2026-08-17 14:46:58,138.75,138.8,138.75,138.75,7875
2026-08-17 14:47:56,138.75,138.8,138.75,138.77,6409
2026-08-17 14:48:55,138.76,138.78,138.75,138.78,8376
2026-08-17 14:49:59,138.77,138.78,138.74,138.78,5520
2026-08-17 14:50:58,138.74,138.86,138.74,138.82,265455
2026-08-17 14:51:53,138.82,138.82,138.72,138.72,9444
2026-08-17 14:52:56,138.78,138.79,138.7,138.79,24359
2026-08-17 14:53:58,138.73,138.94,138.71,138.87,78340
2026-08-17 14:54:56,138.91,139,138.86,138.99,9211
2026-08-17 14:55:59,138.98,138.98,138.91,138.97,6602
2026-08-17 14:56:59,138.92,139.01,138.92,138.98,14202
2026-08-17 14:57:59,138.98,139.02,138.92,138.96,9317
2026-08-17 14:58:59,138.96,139.01,138.92,138.96,9841
2026-08-17 14:59:54,138.92,139,138.9,139,23066
2026-08-17 15:00:57,139.04,139.07,138.99,139.05,71942
2026-08-17 15:01:53,139.06,139.09,139.01,139.09,25894
2026-08-17 15:02:54,139.03,139.09,139.02,139.08,15939
2026-08-17 15:03:53,139.08,139.08,139.02,139.07,28969
2026-08-17 15:04:59,139.05,139.05,139.02,139.02,18376
2026-08-17 15:05:59,139.03,139.08,139.02,139.08,27264
2026-08-17 15:06:56,139.07,139.1,139.07,139.09,51551
2026-08-17 15:07:59,139.09,139.1,139.09,139.1,35457
2026-08-17 15:08:57,139.07,139.09,139.07,139.08,26063
2026-08-17 15:09:54,139.08,139.08,139.02,139.04,21817
2026-08-17 15:10:58,139.06,139.08,139.06,139.06,51642
2026-08-17 15:11:53,139.03,139.15,139.03,139.13,34210
2026-08-17 15:12:58,139.15,139.18,139.13,139.18,49621
2026-08-17 15:13:54,139.23,139.23,139.1,139.13,18058
2026-08-17 15:14:56,139.13,139.15,139.1,139.1,18409
2026-08-17 15:15:14,139.13,139.13,139.13,139.13,26
2026-08-17 15:20:54,139.13,139.13,139.13,139.13,3449
2026-08-17 15:24:59,139.13,139.13,139.13,139.13,961
2026-08-17 15:25:58,139.13,139.13,139.13,139.13,239
2026-08-17 15:28:16,139.13,139.13,138.61,138.61,8037336
2026-08-18 09:07:26,138.12,138.12,138.12,138.12,54664
2026-08-18 09:15:55,138.4,138.6,138.04,138.46,179973
2026-08-18 09:16:57,138.84,138.85,138.54,138.6,101602
2026-08-18 09:17:52,138.61,138.68,138.61,138.68,35883
2026-08-18 09:18:55,138.65,138.87,138.65,138.77,50296
2026-08-18 09:19:56,138.77,138.78,138.65,138.67,38338
2026-08-18 09:20:56,138.69,138.69,138.55,138.63,40809
2026-08-18 09:21:55,138.61,138.79,138.61,138.75,17403
2026-08-18 09:22:53,138.7,138.75,138.7,138.74,19948
2026-08-18 09:23:58,138.75,138.85,138.7,138.79,30966
2026-08-18 09:24:54,138.81,138.96,138.8,138.95,63733
2026-08-18 09:25:57,138.93,138.93,138.83,138.83,21791
2026-08-18 09:26:53,138.8,138.93,138.79,138.93,36979
2026-08-18 09:27:55,138.95,139.2,138.95,139.1,93479
2026-08-18 09:28:56,139,139.1,138.89,138.89,17308
2026-08-18 09:29:57,138.85,138.89,138.81,138.85,7522
2026-08-18 09:30:59,138.8,138.97,138.79,138.8,41752
2026-08-18 09:31:53,138.8,138.89,138.75,138.89,13455
2026-08-18 09:32:52,138.93,138.95,138.9,138.94,25393
2026-08-18 09:33:52,138.91,139,138.91,139,15227
2026-08-18 09:34:58,138.99,139.09,138.99,139.03,13080
2026-08-18 09:35:57,139.06,139.09,139,139.09,11288
2026-08-18 09:36:59,139.09,139.13,139.08,139.13,26339
2026-08-18 09:37:56,139.09,139.09,139.05,139.09,12695
2026-08-18 09:38:54,139.1,139.13,139.09,139.1,16173
2026-08-18 09:39:53,139.1,139.13,139.09,139.1,13086
2026-08-18 09:40:53,139.02,139.06,139.01,139.04,6180
2026-08-18 09:41:58,139.01,139.13,139.01,139.13,8043
2026-08-18 09:42:54,139.12,139.12,139.08,139.08,10402
2026-08-18 09:43:58,139.06,139.08,138.98,139.06,23031
2026-08-18 09:44:54,139.06,139.06,139,139.06,10712
2026-08-18 09:45:53,139.06,139.06,139.05,139.05,17861
2026-08-18 09:46:57,139.06,139.06,139.01,139.02,8939
2026-08-18 09:47:53,138.97,138.97,138.95,138.96,8463
2026-08-18 09:48:56,138.95,138.98,138.95,138.96,5014
2026-08-18 09:49:58,138.97,138.97,138.93,138.95,3749
2026-08-18 09:50:53,138.97,138.97,138.93,138.93,8949
2026-08-18 09:51:54,138.93,138.95,138.85,138.85,12092
2026-08-18 09:52:56,138.86,138.97,138.83,138.95,26047
2026-08-18 09:53:55,138.93,138.95,138.88,138.9,6654
2026-08-18 09:54:55,138.91,138.95,138.91,138.95,3988
2026-08-18 09:55:54,138.95,138.96,138.85,138.92,4701
2026-08-18 09:56:59,138.88,138.92,138.88,138.89,3316
2026-08-18 09:57:56,138.92,138.92,138.82,138.82,11645
2026-08-18 09:58:54,138.9,138.94,138.9,138.91,23246
2026-08-18 09:59:57,138.95,138.95,138.84,138.89,9682
2026-08-18 10:00:54,138.93,138.93,138.89,138.9,20198
2026-08-18 10:01:56,138.9,138.95,138.89,138.93,5774
2026-08-18 10:02:57,138.93,138.99,138.93,138.99,7123
2026-08-18 10:03:56,138.97,138.98,138.97,138.98,11687
2026-08-18 10:04:55,139,139,138.97,138.97,16180
2026-08-18 10:05:58,138.95,138.98,138.92,138.98,17294
2026-08-18 10:06:55,138.98,139.04,138.98,139,7172
2026-08-18 10:07:59,139.04,139.04,138.94,138.98,6753
2026-08-18 10:08:54,138.98,138.98,138.9,138.9,16173
2026-08-18 10:09:57,138.85,138.92,138.85,138.89,6777
2026-08-18 10:10:54,138.89,138.9,138.87,138.88,5447
2026-08-18 10:11:55,138.89,138.95,138.87,138.95,12514
2026-08-18 10:12:55,138.92,138.95,138.86,138.9,11124
2026-08-18 10:13:55,138.92,138.92,138.88,138.9,3163
2026-08-18 10:14:59,138.9,138.94,138.89,138.94,3128
2026-08-18 10:15:54,138.94,138.94,138.9,138.92,3139
2026-08-18 10:16:59,138.9,138.94,138.9,138.94,4116
2026-08-18 10:17:56,138.97,138.97,138.94,138.96,8130
2026-08-18 10:18:59,138.95,138.96,138.95,138.96,3207
2026-08-18 10:19:56,138.96,138.99,138.95,138.96,4027
2026-08-18 10:20:57,138.96,138.98,138.93,138.94,23683
2026-08-18 10:21:54,138.86,138.9,138.86,138.9,4020
2026-08-18 10:22:54,138.89,138.92,138.89,138.91,4298
2026-08-18 10:23:58,138.83,138.87,138.82,138.83,8187
2026-08-18 10:24:59,138.83,139.05,138.77,139.05,29446
2026-08-18 10:25:59,139.05,139.05,139.02,139.05,4922
2026-08-18 10:26:54,139.02,139.05,138.99,139.03,9545
2026-08-18 10:27:57,139.03,139.12,138.82,139.12,33900
2026-08-18 10:28:59,139,139.09,139,139.02,33247
2026-08-18 10:29:55,139,139.02,138.97,139,2749
2026-08-18 10:30:59,139,139,138.99,139,4067
2026-08-18 10:31:57,138.99,139.02,138.99,139,3523
2026-08-18 10:32:59,138.99,139,138.99,139,9602
2026-08-18 10:33:54,138.99,139.02,138.99,139.02,2396
2026-08-18 10:34:59,138.99,139,138.95,138.98,9602
2026-08-18 10:35:55,139,139,138.96,139,1802
2026-08-18 10:36:59,138.96,139,138.9,138.95,23154
2026-08-18 10:37:56,138.95,138.98,138.93,138.95,4202
2026-08-18 10:38:56,138.98,139,138.97,138.97,3197
2026-08-18 10:39:55,139,139,138.97,138.97,3906
2026-08-18 10:40:58,139,139,138.97,138.97,14757
2026-08-18 10:41:58,138.97,139,138.97,139,3627
2026-08-18 10:42:58,138.97,139,138.97,138.97,3882
2026-08-18 10:43:59,138.96,138.96,138.85,138.87,11462
2026-08-18 10:44:54,138.92,138.96,138.92,138.93,10989
2026-08-18 10:45:59,138.93,138.93,138.64,138.65,64011
2026-08-18 10:46:58,138.65,138.71,138.64,138.65,18813
2026-08-18 10:47:59,138.64,138.65,138.6,138.65,12594
2026-08-18 10:48:58,138.61,138.65,138.61,138.65,2388
2026-08-18 10:49:58,138.65,138.65,138.62,138.65,13485
2026-08-18 10:50:58,138.65,138.65,138.61,138.61,33844
2026-08-18 10:51:55,138.61,138.65,138.4,138.4,105058
2026-08-18 10:52:59,138.47,138.55,138.47,138.55,33231
2026-08-18 10:53:58,138.53,138.57,138.49,138.5,11368
2026-08-18 10:54:58,138.49,138.73,138.49,138.66,130103
2026-08-18 10:55:59,138.72,138.72,138.7,138.7,9146
2026-08-18 10:56:59,138.66,138.7,138.58,138.6,26377
2026-08-18 10:57:59,138.6,138.68,138.6,138.61,3226
2026-08-18 10:58:54,138.67,138.72,138.61,138.7,4406
2026-08-18 10:59:59,138.67,138.73,138.67,138.7,4665
2026-08-18 11:00:58,138.7,138.72,138.68,138.7,4812
2026-08-18 11:01:59,138.7,138.7,138.65,138.67,4770
2026-08-18 11:02:55,138.67,138.72,138.65,138.69,9062
2026-08-18 11:03:56,138.65,138.7,138.65,138.66,13587
2026-08-18 11:04:55,138.66,138.67,138.57,138.6,25579
2026-08-18 11:05:55,138.63,138.67,138.61,138.61,7863
2026-08-18 11:06:57,138.61,138.65,138.6,138.61,6378
2026-08-18 11:07:55,138.61,138.61,138.6,138.61,3512
2026-08-18 11:08:58,138.6,138.7,138.6,138.68,48353
2026-08-18 11:09:55,138.68,138.7,138.67,138.7,10278
2026-08-18 11:10:58,138.68,138.75,138.68,138.75,1815
2026-08-18 11:11:59,138.7,138.74,138.7,138.7,32907
2026-08-18 11:12:59,138.7,138.75,138.67,138.67,102950
2026-08-18 11:13:59,138.66,138.72,138.65,138.72,5131
2026-08-18 11:14:57,138.72,138.72,138.7,138.7,4048
2026-08-18 11:15:56,138.69,138.78,138.69,138.78,13712
2026-08-18 11:16:58,138.76,138.79,138.76,138.78,7215
2026-08-18 11:17:59,138.78,138.78,138.76,138.78,10182
2026-08-18 11:18:59,138.77,138.87,138.77,138.85,36826
2026-08-18 11:19:59,138.82,138.86,138.82,138.85,5055
2026-08-18 11:20:56,138.85,138.85,138.82,138.85,2821
2026-08-18 11:21:59,138.82,138.84,138.82,138.82,32745
2026-08-18 11:22:57,138.82,138.84,138.82,138.82,5803
2026-08-18 11:23:59,138.82,138.83,138.82,138.83,15923
2026-08-18 11:24:59,138.83,138.83,138.82,138.83,4167
2026-08-18 11:25:57,138.83,138.83,138.8,138.8,6702
2026-08-18 11:26:58,138.8,138.84,138.75,138.84,7334
2026-08-18 11:27:58,138.78,138.79,138.73,138.78,7081
2026-08-18 11:28:59,138.78,138.8,138.75,138.8,4941
2026-08-18 11:29:59,138.74,138.79,138.74,138.78,36368
2026-08-18 11:30:59,138.77,138.8,138.74,138.8,28174
2026-08-18 11:31:59,138.78,138.8,138.62,138.73,73360
2026-08-18 11:32:56,138.7,138.8,138.7,138.8,19014
2026-08-18 11:33:55,138.8,138.8,138.73,138.74,9166
2026-08-18 11:34:59,138.7,138.8,138.7,138.8,9227
2026-08-18 11:35:55,138.8,138.9,138.78,138.88,22976
2026-08-18 11:36:59,138.86,138.88,138.81,138.86,29882
2026-08-18 11:37:59,138.86,138.91,138.86,138.87,16928
2026-08-18 11:38:56,138.87,138.9,138.85,138.87,8132
2026-08-18 11:39:56,138.87,138.9,138.86,138.89,9275
2026-08-18 11:40:57,138.89,138.89,138.88,138.89,2104
2026-08-18 11:41:59,138.88,138.89,138.86,138.89,6468
2026-08-18 11:42:57,138.88,138.89,138.77,138.85,8371
2026-08-18 11:43:56,138.84,138.85,138.76,138.76,7849
2026-08-18 11:44:59,138.76,138.84,138.76,138.84,6276
2026-08-18 11:45:58,138.84,138.84,138.82,138.82,8664
2026-08-18 11:46:59,138.84,138.84,138.82,138.84,3343
2026-08-18 11:47:59,138.82,138.84,138.79,138.84,6112
2026-08-18 11:48:59,138.83,138.84,138.78,138.83,16621
2026-08-18 11:49:56,138.8,138.84,138.8,138.84,5372
2026-08-18 11:50:59,138.8,138.88,138.8,138.88,4392
2026-08-18 11:51:56,138.86,138.96,138.86,138.94,12055
2026-08-18 11:52:56,138.91,138.99,138.91,138.97,4476
2026-08-18 11:53:57,138.96,138.99,138.95,138.99,8823
2026-08-18 11:54:55,138.96,138.99,138.93,138.96,6894
2026-08-18 11:55:57,138.93,138.99,138.93,138.99,4683
2026-08-18 11:56:53,138.96,138.99,138.96,138.98,3424
2026-08-18 11:57:55,138.96,138.98,138.96,138.97,2577
2026-08-18 11:58:55,138.96,138.98,138.96,138.96,7428
2026-08-18 11:59:58,138.97,138.98,138.96,138.98,4823
2026-08-18 12:00:58,138.98,138.98,138.96,138.98,2845
2026-08-18 12:01:57,138.98,138.98,138.96,138.96,9684
2026-08-18 12:02:55,138.96,138.99,138.91,138.99,24684
2026-08-18 12:03:58,138.95,138.99,138.93,138.99,8332
2026-08-18 12:04:59,138.99,138.99,138.93,138.98,5636
2026-08-18 12:05:57,138.95,138.99,138.95,138.99,881
2026-08-18 12:06:59,139,139,138.95,139,14186
2026-08-18 12:07:55,139,139,138.95,139,7500
2026-08-18 12:08:57,138.95,138.95,138.91,138.91,5307
2026-08-18 12:09:59,138.99,139,138.9,138.98,18688
2026-08-18 12:10:55,138.95,138.98,138.9,138.96,11940
2026-08-18 12:11:56,138.91,138.96,138.91,138.91,1939
2026-08-18 12:12:56,138.91,138.96,138.91,138.96,2729
2026-08-18 12:13:58,138.91,138.95,138.91,138.95,5518
2026-08-18 12:14:59,138.95,138.95,138.92,138.95,2944
2026-08-18 12:15:58,138.95,138.95,138.9,138.92,7090
2026-08-18 12:16:54,138.9,138.9,138.82,138.82,24375
2026-08-18 12:17:57,138.83,138.86,138.83,138.86,2371
2026-08-18 12:18:57,138.86,138.87,138.85,138.85,10656
2026-08-18 12:19:59,138.84,138.85,138.84,138.85,1281
2026-08-18 12:20:56,138.84,138.85,138.84,138.85,3379
2026-08-18 12:21:55,138.85,138.92,138.85,138.9,21767
2026-08-18 12:22:58,138.9,138.91,138.9,138.91,5612
2026-08-18 12:23:55,138.91,138.91,138.9,138.91,1588
2026-08-18 12:24:59,138.9,138.91,138.9,138.91,1785
2026-08-18 12:25:58,138.9,138.9,138.85,138.88,25707
2026-08-18 12:26:56,138.85,138.91,138.85,138.91,3349
2026-08-18 12:27:56,138.88,138.91,138.88,138.91,2216
2026-08-18 12:28:55,138.88,138.91,138.8,138.83,10237
2026-08-18 12:29:59,138.82,138.82,138.77,138.82,32516
2026-08-18 12:30:59,138.8,138.85,138.8,138.85,2128
2026-08-18 12:31:59,138.82,138.85,138.65,138.71,109408
2026-08-18 12:32:56,138.71,138.74,138.66,138.74,6127
2026-08-18 12:33:59,138.68,138.78,138.61,138.66,150187
2026-08-18 12:34:59,138.62,138.71,138.62,138.7,7550
2026-08-18 12:35:56,138.66,138.7,138.65,138.68,9706
2026-08-18 12:36:55,138.68,138.68,138.61,138.67,18398
2026-08-18 12:37:55,138.68,138.75,138.66,138.75,62366
2026-08-18 12:38:59,138.71,138.75,138.63,138.69,70737
2026-08-18 12:39:58,138.68,138.69,138.63,138.68,8557
2026-08-18 12:40:57,138.68,138.68,138.54,138.62,70777
2026-08-18 12:41:59,138.61,138.68,138.61,138.67,39600
2026-08-18 12:42:55,138.63,138.68,138.54,138.55,45430
2026-08-18 12:43:58,138.6,138.63,138.55,138.58,39064
2026-08-18 12:44:59,138.61,138.63,138.55,138.62,38115
2026-08-18 12:45:59,138.56,138.6,138.56,138.57,53383
2026-08-18 12:46:59,138.55,138.67,138.55,138.66,27414
2026-08-18 12:47:59,138.61,138.67,138.61,138.67,12693
2026-08-18 12:48:59,138.61,138.67,138.61,138.67,10423
2026-08-18 12:49:55,138.67,138.67,138.56,138.6,121969
2026-08-18 12:50:59,138.57,138.57,138.45,138.55,118300
2026-08-18 12:51:59,138.51,138.6,138.51,138.6,11640
2026-08-18 12:52:56,138.55,138.58,138.51,138.55,11827
2026-08-18 12:53:59,138.52,138.55,138.5,138.54,12849
2026-08-18 12:54:54,138.5,138.54,138.48,138.53,10182
2026-08-18 12:55:56,138.5,138.55,138.5,138.5,19844
2026-08-18 12:56:56,138.53,138.55,138.51,138.51,12631
2026-08-18 12:57:55,138.55,138.56,138.51,138.55,9054
2026-08-18 12:58:57,138.51,138.56,138.5,138.51,8435
2026-08-18 12:59:57,138.51,138.51,138.35,138.37,93886
2026-08-18 13:00:59,138.37,138.37,138.15,138.23,83957
2026-08-18 13:01:59,138.21,138.31,138.2,138.21,37209
2026-08-18 13:02:59,138.2,138.26,138.17,138.22,29600
2026-08-18 13:03:55,138.2,138.23,138.16,138.16,19936
2026-08-18 13:04:55,138.2,138.22,138.16,138.17,37031
2026-08-18 13:05:59,138.17,138.2,138.17,138.19,6765
2026-08-18 13:06:57,138.2,138.2,138.17,138.18,70322
2026-08-18 13:07:55,138.17,138.23,138.17,138.23,19460
2026-08-18 13:08:58,138.22,138.3,138.22,138.3,17628
2026-08-18 13:09:58,138.26,138.26,138.2,138.26,14358
2026-08-18 13:10:59,138.26,138.3,138.21,138.26,10455
2026-08-18 13:11:57,138.26,138.27,138.21,138.25,8539
2026-08-18 13:12:55,138.21,138.22,138.16,138.16,12507
2026-08-18 13:13:58,138.17,138.21,138.05,138.05,117108
2026-08-18 13:14:59,138.04,138.09,137.96,138.08,242633
2026-08-18 13:15:59,138.05,138.11,138.01,138.09,16752
2026-08-18 13:16:55,138.09,138.11,138,138.04,22285
2026-08-18 13:17:55,138.01,138.04,138,138.04,32230
2026-08-18 13:18:55,138.04,138.1,138.03,138.1,10524
2026-08-18 13:19:56,138.05,138.1,138.05,138.1,7741
2026-08-18 13:20:56,138.05,138.11,138.05,138.07,6382
2026-08-18 13:21:57,138.09,138.09,138.04,138.04,16878
2026-08-18 13:22:57,138.14,138.15,138.09,138.1,31298
2026-08-18 13:23:57,138.09,138.1,138.07,138.1,10510
2026-08-18 13:24:55,138.07,138.1,138,138.05,34093
2026-08-18 13:25:58,138.02,138.08,138.02,138.07,9339
2026-08-18 13:26:56,138.09,138.09,138.05,138.07,13059
2026-08-18 13:27:57,138.09,138.1,138.05,138.08,8214
2026-08-18 13:28:58,138.08,138.1,138.04,138.09,11546
2026-08-18 13:29:59,138.13,138.13,138.09,138.1,14758
2026-08-18 13:30:57,138.1,138.13,138.09,138.1,20336
2026-08-18 13:31:57,138.1,138.14,138.09,138.14,34527
2026-08-18 13:32:58,138.1,138.1,138.08,138.1,23061
2026-08-18 13:33:59,138.1,138.21,138.09,138.21,29545
2026-08-18 13:34:55,138.21,138.32,138.17,138.32,18919
2026-08-18 13:35:59,138.26,138.32,138.25,138.31,17228
2026-08-18 13:36:57,138.27,138.33,138.27,138.32,20554
2026-08-18 13:37:59,138.3,138.38,138.3,138.36,12772
2026-08-18 13:38:56,138.36,138.37,138.32,138.37,6864
2026-08-18 13:39:57,138.37,138.4,138.34,138.4,13374
2026-08-18 13:40:59,138.37,138.37,138.35,138.37,4839
2026-08-18 13:41:57,138.35,138.39,138.32,138.37,11047
2026-08-18 13:42:54,138.37,138.37,138.34,138.34,8349
2026-08-18 13:43:56,138.33,138.37,138.33,138.36,5634
2026-08-18 13:44:57,138.33,138.38,138.33,138.34,18297
2026-08-18 13:45:59,138.34,138.38,138.33,138.38,8081
2026-08-18 13:46:54,138.39,138.39,138.37,138.37,3055
2026-08-18 13:47:58,138.37,138.39,138.36,138.37,4706
2026-08-18 13:48:59,138.37,138.38,138.36,138.38,2064
2026-08-18 13:49:57,138.37,138.38,138.36,138.37,3828
2026-08-18 13:50:58,138.32,138.37,138.32,138.37,56304
2026-08-18 13:51:56,138.37,138.37,138.36,138.36,2803
2026-08-18 13:52:57,138.36,138.4,138.36,138.4,59816
2026-08-18 13:53:57,138.4,138.42,138.38,138.42,7673
2026-08-18 13:54:59,138.42,138.42,138.37,138.38,8361
2026-08-18 13:55:56,138.37,138.41,138.36,138.41,38660
2026-08-18 13:56:58,138.37,138.41,138.37,138.39,10784
2026-08-18 13:57:56,138.4,138.4,138.37,138.37,3010
2026-08-18 13:58:56,138.37,138.46,138.37,138.46,10977
2026-08-18 13:59:57,138.42,138.46,138.41,138.46,2240
2026-08-18 14:00:57,138.45,138.45,138.43,138.44,6000
2026-08-18 14:01:56,138.45,138.49,138.44,138.49,8302
2026-08-18 14:02:54,138.48,138.49,138.45,138.45,11229
2026-08-18 14:03:57,138.46,138.5,138.45,138.45,20274
2026-08-18 14:04:55,138.49,138.5,138.45,138.48,4241
2026-08-18 14:05:59,138.46,138.48,138.46,138.46,6834
2026-08-18 14:06:58,138.46,138.47,138.41,138.46,3230
2026-08-18 14:07:56,138.46,138.47,138.41,138.47,6500
2026-08-18 14:08:55,138.46,138.47,138.42,138.47,1990
2026-08-18 14:09:59,138.47,138.47,138.4,138.44,8128
2026-08-18 14:10:57,138.45,138.45,138.4,138.44,3095
2026-08-18 14:11:57,138.4,138.44,138.4,138.4,1222
2026-08-18 14:12:54,138.4,138.43,138.4,138.4,8265
2026-08-18 14:13:57,138.41,138.41,138.4,138.4,2067
2026-08-18 14:14:58,138.4,138.41,138.4,138.41,3323
2026-08-18 14:15:57,138.4,138.45,138.4,138.4,24368
2026-08-18 14:16:59,138.4,138.42,138.36,138.42,165077
2026-08-18 14:17:59,138.4,138.42,138.26,138.3,67476
2026-08-18 14:18:56,138.3,138.39,138.3,138.36,9476
2026-08-18 14:19:56,138.35,138.37,138.33,138.34,6107
2026-08-18 14:20:57,138.34,138.37,138.33,138.37,15060
2026-08-18 14:21:53,138.37,138.39,138.35,138.35,6336
2026-08-18 14:22:56,138.35,138.39,138.33,138.34,7516
2026-08-18 14:23:54,138.31,138.39,138.31,138.39,10460
2026-08-18 14:24:57,138.35,138.4,138.35,138.35,9615
2026-08-18 14:25:55,138.4,138.42,138.35,138.37,5514
2026-08-18 14:26:57,138.42,138.42,138.3,138.35,7332
2026-08-18 14:27:59,138.35,138.38,138.32,138.38,7463
2026-08-18 14:28:58,138.33,138.44,138.33,138.44,9388
2026-08-18 14:29:58,138.43,138.44,138.37,138.39,16128
2026-08-18 14:30:58,138.43,138.44,138.39,138.4,11034
2026-08-18 14:31:56,138.39,138.45,138.39,138.45,24728
2026-08-18 14:32:58,138.4,138.45,138.4,138.45,4487
2026-08-18 14:33:59,138.45,138.49,138.45,138.49,61326
2026-08-18 14:34:56,138.54,138.54,138.45,138.47,18442
2026-08-18 14:35:55,138.43,138.43,138.35,138.4,15545
2026-08-18 14:36:57,138.35,138.37,138.33,138.37,5095
2026-08-18 14:37:56,138.37,138.37,138.3,138.32,16932
2026-08-18 14:38:58,138.32,138.4,138.3,138.4,8647
2026-08-18 14:39:59,138.4,138.4,138.31,138.35,9824
2026-08-18 14:40:55,138.35,138.36,138.31,138.35,6902
2026-08-18 14:41:57,138.34,138.39,138.27,138.35,28324
2026-08-18 14:42:57,138.35,138.43,138.35,138.43,4659
2026-08-18 14:43:58,138.46,138.47,138.41,138.45,7402
2026-08-18 14:44:55,138.45,138.46,138.39,138.41,12826
2026-08-18 14:45:58,138.44,138.44,138.36,138.38,8792
2026-08-18 14:46:56,138.4,138.41,138.37,138.4,14585
2026-08-18 14:47:57,138.4,138.43,138.39,138.43,9873
2026-08-18 14:48:55,138.43,138.43,138.4,138.41,15439
2026-08-18 14:49:59,138.4,138.41,138.35,138.39,10778
2026-08-18 14:50:54,138.36,138.39,138.36,138.39,17524
2026-08-18 14:51:54,138.38,138.49,138.35,138.44,65428
2026-08-18 14:52:54,138.48,138.49,138.43,138.46,10317
2026-08-18 14:53:59,138.45,138.56,138.43,138.56,67803
2026-08-18 14:54:58,138.52,138.52,138.48,138.51,15408
2026-08-18 14:55:56,138.5,138.52,138.49,138.51,11961
2026-08-18 14:56:56,138.51,138.52,138.51,138.52,15244
2026-08-18 14:57:56,138.47,138.52,138.47,138.5,13049
2026-08-18 14:58:58,138.52,138.52,138.5,138.52,19897
2026-08-18 14:59:56,138.52,138.57,138.5,138.57,32711
2026-08-18 15:00:52,138.57,138.59,138.51,138.54,28216
2026-08-18 15:01:56,138.52,138.56,138.51,138.51,41586
2026-08-18 15:02:58,138.48,138.48,138.43,138.43,43431
2026-08-18 15:03:56,138.46,138.47,138.31,138.31,80882
2026-08-18 15:04:59,138.32,138.32,138.24,138.24,32055
2026-08-18 15:05:56,138.25,138.26,138.2,138.2,83015
2026-08-18 15:06:59,138.16,138.16,137.96,137.96,257414
2026-08-18 15:07:56,137.99,138,137.95,137.99,67654
2026-08-18 15:08:59,137.96,138,137.96,138,19541
2026-08-18 15:09:54,137.99,138,137.96,137.98,45424
2026-08-18 15:10:56,137.98,138,137.92,137.97,67944
2026-08-18 15:11:53,137.97,137.97,137.89,137.92,48112
2026-08-18 15:12:59,137.92,137.92,137.91,137.92,80196
2026-08-18 15:13:54,137.92,137.96,137.91,137.92,60895
2026-08-18 15:14:55,137.92,137.94,137.75,137.9,88302
2026-08-18 15:15:14,137.8,137.8,137.8,137.8,624
2026-08-18 15:21:59,137.8,137.8,137.8,137.8,3595
2026-08-18 15:22:54,137.8,137.8,137.8,137.8,2172
2026-08-18 15:24:55,137.8,137.8,137.8,137.8,276
2026-08-18 15:27:52,137.8,137.8,137.8,137.8,2409
2026-08-18 15:28:54,137.8,137.8,137.8,137.8,928
2026-08-18 15:29:54,137.8,137.8,137.8,137.8,69
2026-08-18 15:30:01,137.8,137.8,137.8,137.8,7959247
2026-08-19 09:07:24,137.5,137.5,137.5,137.5,23351
2026-08-19 09:15:58,137.6,137.98,137.53,137.88,105628
2026-08-19 09:16:56,137.8,137.88,137.8,137.81,28633
2026-08-19 09:17:51,137.9,137.9,137.82,137.85,26319
2026-08-19 09:18:55,137.83,137.88,137.72,137.84,54642
2026-08-19 09:19:56,137.87,137.94,137.85,137.89,36697
2026-08-19 09:20:57,137.85,137.91,137.85,137.9,30821
2026-08-19 09:21:56,137.93,138.1,137.93,138.06,42235
2026-08-19 09:22:54,138.09,138.09,138,138.06,13351
2026-08-19 09:23:59,138.02,138.08,137.98,138,18339
2026-08-19 09:24:56,137.97,137.98,137.87,137.87,12428
2026-08-19 09:25:53,137.9,137.94,137.71,137.75,38532
2026-08-19 09:26:57,137.7,137.8,137.7,137.76,27807
2026-08-19 09:27:53,137.77,137.77,137.71,137.75,12813
2026-08-19 09:28:55,137.7,137.7,137.6,137.6,25736
2026-08-19 09:29:58,137.59,137.59,137.43,137.57,135800
2026-08-19 09:30:59,137.52,137.57,137.31,137.33,86217
2026-08-19 09:31:59,137.32,137.43,137.31,137.37,37730
2026-08-19 09:32:57,137.32,137.47,137.32,137.47,14490
2026-08-19 09:33:57,137.5,137.5,137.45,137.5,30542
2026-08-19 09:34:56,137.52,137.52,137.4,137.44,29425
2026-08-19 09:35:55,137.37,137.42,137.32,137.32,22280
2026-08-19 09:36:54,137.36,137.5,137.36,137.46,14309
2026-08-19 09:37:59,137.5,137.5,137.43,137.48,6844
2026-08-19 09:38:59,137.45,137.48,137.4,137.46,20713
2026-08-19 09:39:59,137.43,137.48,137.38,137.38,28406
2026-08-19 09:40:59,137.38,137.47,137.38,137.47,6082
2026-08-19 09:41:59,137.47,137.5,137.42,137.49,12179
2026-08-19 09:42:59,137.44,137.5,137.44,137.5,10504
2026-08-19 09:43:59,137.5,137.57,137.47,137.49,21343
2026-08-19 09:44:59,137.49,137.53,137.44,137.44,17847
2026-08-19 09:45:59,137.5,137.52,137.41,137.49,10336
2026-08-19 09:46:59,137.44,137.5,137.42,137.49,6754
2026-08-19 09:47:59,137.5,137.5,137.48,137.5,5657
2026-08-19 09:48:59,137.48,137.57,137.47,137.57,9803
2026-08-19 09:49:54,137.51,137.59,137.51,137.59,20335
2026-08-19 09:50:58,137.59,137.65,137.59,137.65,13024
2026-08-19 09:51:59,137.69,137.7,137.64,137.65,7213
2026-08-19 09:52:59,137.65,137.7,137.65,137.66,9491
2026-08-19 09:53:55,137.7,137.7,137.68,137.7,3455
2026-08-19 09:54:57,137.69,137.7,137.68,137.69,7466
2026-08-19 09:55:59,137.69,137.7,137.66,137.7,8991
2026-08-19 09:56:59,137.69,137.7,137.69,137.7,5204
2026-08-19 09:57:53,137.7,137.7,137.69,137.7,5304
2026-08-19 09:58:59,137.69,137.73,137.36,137.49,96715
2026-08-19 09:59:59,137.49,137.59,137.48,137.58,10320
2026-08-19 10:00:58,137.53,137.6,137.53,137.6,5287
2026-08-19 10:01:59,137.59,137.6,137.48,137.48,28048
2026-08-19 10:02:59,137.54,137.59,137.5,137.59,3313
2026-08-19 10:03:59,137.53,137.61,137.51,137.54,10011
2026-08-19 10:04:59,137.59,137.62,137.51,137.58,29075
2026-08-19 10:05:59,137.58,137.58,137.48,137.5,20649
2026-08-19 10:06:59,137.55,137.55,137.5,137.5,3729
2026-08-19 10:07:59,137.51,137.51,137.48,137.51,5782
2026-08-19 10:08:58,137.51,137.51,137.48,137.5,3738
2026-08-19 10:09:55,137.47,137.51,137.47,137.49,7535
2026-08-19 10:10:56,137.51,137.51,137.47,137.51,7091
2026-08-19 10:11:59,137.5,137.51,137.47,137.47,8484
2026-08-19 10:12:54,137.51,137.51,137.5,137.51,3001
2026-08-19 10:13:59,137.5,137.51,137.47,137.5,10353
2026-08-19 10:14:59,137.5,137.51,137.46,137.51,8556
2026-08-19 10:15:59,137.51,137.54,137.47,137.52,9864
2026-08-19 10:16:59,137.5,137.53,137.45,137.5,5527
2026-08-19 10:17:59,137.5,137.51,137.46,137.5,7620
2026-08-19 10:18:58,137.46,137.5,137.31,137.4,54649
2026-08-19 10:19:59,137.34,137.4,137.34,137.34,8992
2026-08-19 10:20:57,137.38,137.38,137.1,137.13,65073
2026-08-19 10:21:56,137.16,137.23,137.16,137.22,11639
2026-08-19 10:22:59,137.22,137.23,137.15,137.18,9770
2026-08-19 10:23:54,137.18,137.23,137.15,137.15,6031
2026-08-19 10:24:59,137.15,137.2,137.11,137.16,21935
2026-08-19 10:25:57,137.16,137.2,137.12,137.2,20970
2026-08-19 10:26:54,137.2,137.21,137.14,137.14,10098
2026-08-19 10:27:59,137.12,137.2,137.11,137.19,9934
2026-08-19 10:28:56,137.15,137.19,137.15,137.18,6687
2026-08-19 10:29:54,137.18,137.19,137.15,137.18,15867
2026-08-19 10:30:58,137.12,137.13,137.12,137.13,6974
2026-08-19 10:31:56,137.14,137.18,137.12,137.16,8378
2026-08-19 10:32:59,137.16,137.18,137.04,137.08,73962
2026-08-19 10:33:57,137.06,137.15,137.02,137.14,34717
2026-08-19 10:34:55,137.07,137.15,137.07,137.13,25260
2026-08-19 10:35:54,137.1,137.14,137.07,137.12,9301
2026-08-19 10:36:58,137.1,137.12,137.06,137.12,19742
2026-08-19 10:37:56,137.15,137.15,137,137.06,47055
2026-08-19 10:38:56,137.03,137.1,137.01,137.09,13296
2026-08-19 10:39:58,137.03,137.05,137.01,137.05,14541
2026-08-19 10:40:55,137.02,137.05,137.01,137.05,6884
2026-08-19 10:41:59,137.05,137.09,137.03,137.09,8358
2026-08-19 10:42:58,137.04,137.14,137.04,137.1,3602
2026-08-19 10:43:57,137.1,137.14,137.1,137.13,7958
2026-08-19 10:44:59,137.13,137.15,137.1,137.15,4881
2026-08-19 10:45:55,137.11,137.16,137.09,137.1,14847
2026-08-19 10:46:57,137.09,137.12,137.07,137.1,6795
2026-08-19 10:47:58,137.08,137.19,137.06,137.19,26289
2026-08-19 10:48:54,137.22,137.23,137.16,137.2,8350
2026-08-19 10:49:54,137.17,137.24,137.17,137.2,16264
2026-08-19 10:50:54,137.16,137.17,137.1,137.17,30114
2026-08-19 10:51:55,137.12,137.17,137.11,137.11,6941
2026-08-19 10:52:58,137.16,137.16,137.09,137.16,18330
2026-08-19 10:53:57,137.11,137.18,137.06,137.06,10965
2026-08-19 10:54:57,137.05,137.11,137.02,137.1,29416
2026-08-19 10:55:54,137.06,137.16,137.06,137.14,7802
2026-08-19 10:56:56,137.12,137.16,137.1,137.1,9250
2026-08-19 10:57:57,137.09,137.13,137.08,137.1,5956
2026-08-19 10:58:58,137.09,137.11,137.06,137.06,11294
2026-08-19 10:59:56,137.1,137.1,137.06,137.06,12992
2026-08-19 11:00:57,137,137.14,137,137.14,50568
2026-08-19 11:01:55,137.1,137.15,137.1,137.1,9416
2026-08-19 11:02:55,137.1,137.11,137.04,137.05,10231
2026-08-19 11:03:55,137.11,137.11,137.05,137.06,7252
2026-08-19 11:04:59,137.08,137.08,137.05,137.07,7444
2026-08-19 11:05:59,137.08,137.18,137.08,137.14,19566
2026-08-19 11:06:58,137.11,137.12,137.07,137.12,10673
2026-08-19 11:07:54,137.07,137.11,137.05,137.05,12262
2026-08-19 11:08:57,137.1,137.11,137.06,137.11,10717
2026-08-19 11:09:59,137.11,137.16,137.1,137.15,8619
2026-08-19 11:10:55,137.17,137.22,137.15,137.22,41675
2026-08-19 11:11:55,137.2,137.24,137.18,137.2,14783
2026-08-19 11:12:54,137.2,137.24,137.2,137.23,15591
2026-08-19 11:13:58,137.22,137.27,137.22,137.27,7624
2026-08-19 11:14:56,137.27,137.42,137.25,137.3,19341
2026-08-19 11:15:59,137.29,137.38,137.29,137.35,11252
2026-08-19 11:16:57,137.35,137.35,137.29,137.33,13713
2026-08-19 11:17:59,137.33,137.39,137.19,137.19,37700
2026-08-19 11:18:56,137.17,137.24,137.16,137.18,9316
2026-08-19 11:19:56,137.23,137.23,137.18,137.19,6288
2026-08-19 11:20:58,137.23,137.23,137.18,137.18,8062
2026-08-19 11:21:59,137.18,137.25,137.18,137.25,6492
2026-08-19 11:22:57,137.25,137.25,137.19,137.2,7163
2026-08-19 11:23:55,137.2,137.24,137.2,137.2,5760
2026-08-19 11:24:58,137.23,137.24,137.19,137.19,11009
2026-08-19 11:25:59,137.21,137.24,137.21,137.24,5805
2026-08-19 11:26:56,137.2,137.25,137.2,137.23,8636
2026-08-19 11:27:59,137.25,137.33,137.23,137.25,101801
2026-08-19 11:28:59,137.26,137.3,137.23,137.25,5550
2026-08-19 11:29:58,137.21,137.23,137.15,137.15,13085
2026-08-19 11:30:58,137.19,137.2,137.13,137.15,7709
2026-08-19 11:31:56,137.15,137.2,137.15,137.2,5876
2026-08-19 11:32:57,137.2,137.2,137.18,137.18,11351
2026-08-19 11:33:59,137.2,137.23,137.18,137.23,6891
2026-08-19 11:34:55,137.23,137.23,137.18,137.18,4883
2026-08-19 11:35:55,137.23,137.23,137.18,137.19,7581
2026-08-19 11:36:56,137.23,137.23,137.18,137.2,8492
2026-08-19 11:37:58,137.22,137.23,137.19,137.23,7921
2026-08-19 11:38:58,137.19,137.33,137.19,137.33,18742
2026-08-19 11:39:59,137.27,137.33,137.25,137.26,5350
2026-08-19 11:40:56,137.26,137.35,137.24,137.31,7628
2026-08-19 11:41:57,137.37,137.37,137.3,137.35,6086
2026-08-19 11:42:56,137.3,137.3,137.19,137.19,13549
2026-08-19 11:43:59,137.2,137.26,137.18,137.23,10441
2026-08-19 11:44:56,137.24,137.24,137.18,137.18,5518
2026-08-19 11:45:58,137.22,137.25,137.18,137.25,7231
2026-08-19 11:46:57,137.2,137.26,137.2,137.2,7609
2026-08-19 11:47:55,137.26,137.26,137.19,137.21,5237
2026-08-19 11:48:56,137.26,137.28,137.21,137.22,9604
2026-08-19 11:49:55,137.28,137.28,137.2,137.28,6071
2026-08-19 11:50:56,137.28,137.29,137.21,137.22,6395
2026-08-19 11:51:58,137.21,137.27,137.2,137.2,9616
2026-08-19 11:52:58,137.26,137.28,137.2,137.28,5575
2026-08-19 11:53:59,137.24,137.32,137.24,137.32,5528
2026-08-19 11:54:57,137.29,137.32,137.28,137.32,5721
2026-08-19 11:55:58,137.3,137.32,137.27,137.27,7501
2026-08-19 11:56:57,137.32,137.32,137.27,137.3,4181
2026-08-19 11:57:56,137.35,137.4,137.3,137.34,11755
2026-08-19 11:58:57,137.32,137.37,137.26,137.26,9217
2026-08-19 11:59:57,137.31,137.31,137.24,137.25,6237
2026-08-19 12:00:57,137.3,137.32,137.24,137.24,4701
2026-08-19 12:01:59,137.29,137.29,137.22,137.26,7035
2026-08-19 12:02:55,137.21,137.27,137.2,137.2,5083
2026-08-19 12:03:56,137.27,137.27,137.18,137.19,5512
2026-08-19 12:04:59,137.23,137.24,137.1,137.16,33860
2026-08-19 12:05:57,137.1,137.15,137.1,137.11,8988
2026-08-19 12:06:59,137.09,137.15,137.07,137.12,11217
2026-08-19 12:07:56,137.12,137.15,137.07,137.07,6211
2026-08-19 12:08:57,137.09,137.14,137.07,137.08,4219
2026-08-19 12:09:59,137.09,137.1,137.06,137.1,9212
2026-08-19 12:10:55,137.07,137.07,136.76,136.76,308403
2026-08-19 12:11:59,136.75,136.8,136.72,136.8,31326
2026-08-19 12:12:59,136.81,136.84,136.73,136.73,17679
2026-08-19 12:13:57,136.72,136.72,136.6,136.61,51350
2026-08-19 12:14:59,136.66,136.76,136.66,136.71,28634
2026-08-19 12:15:58,136.71,136.73,136.65,136.68,20653
2026-08-19 12:16:55,136.64,136.68,136.54,136.54,21518
2026-08-19 12:17:59,136.53,136.57,136.52,136.57,13688
2026-08-19 12:18:58,136.56,136.6,136.53,136.59,10150
2026-08-19 12:19:58,136.53,136.65,136.53,136.63,8235
2026-08-19 12:20:59,136.62,136.67,136.54,136.57,22717
2026-08-19 12:21:56,136.6,136.64,136.55,136.64,12057
2026-08-19 12:22:59,136.6,136.66,136.57,136.62,8288
2026-08-19 12:23:56,136.63,136.68,136.6,136.68,11485
2026-08-19 12:24:55,136.73,136.74,136.66,136.7,15679
2026-08-19 12:25:59,136.74,136.75,136.65,136.74,12543
2026-08-19 12:26:59,136.73,136.73,136.66,136.68,7495
2026-08-19 12:27:56,136.68,136.7,136.65,136.66,9118
2026-08-19 12:28:59,136.67,136.71,136.65,136.71,10958
2026-08-19 12:29:57,136.66,136.75,136.66,136.7,6064
2026-08-19 12:30:57,136.7,136.74,136.7,136.74,6273
2026-08-19 12:31:59,136.74,136.85,136.74,136.8,9967
2026-08-19 12:32:59,136.82,136.86,136.77,136.83,8222
2026-08-19 12:33:59,136.83,136.85,136.79,136.85,12343
2026-08-19 12:34:56,136.86,136.88,136.81,136.84,4911
2026-08-19 12:35:55,136.87,136.89,136.72,136.72,19044
2026-08-19 12:36:59,136.76,136.76,136.7,136.75,9808
2026-08-19 12:37:59,136.7,136.72,136.66,136.7,22924
2026-08-19 12:38:59,136.66,136.71,136.61,136.68,21017
2026-08-19 12:39:59,136.67,136.75,136.64,136.71,6906
2026-08-19 12:40:59,136.74,136.76,136.7,136.73,11773
2026-08-19 12:41:59,136.73,136.75,136.7,136.75,13075
2026-08-19 12:42:59,136.7,136.82,136.7,136.8,6054
2026-08-19 12:43:58,136.75,136.82,136.73,136.79,5160
2026-08-19 12:44:57,136.82,136.82,136.75,136.75,4594
2026-08-19 12:45:55,136.74,136.78,136.72,136.75,7890
2026-08-19 12:46:59,136.79,136.81,136.75,136.81,10097
2026-08-19 12:47:59,136.81,136.81,136.72,136.72,18682
2026-08-19 12:48:57,136.7,136.72,136.67,136.67,33817
2026-08-19 12:49:59,136.67,136.75,136.67,136.73,11158
2026-08-19 12:50:58,136.7,136.74,136.68,136.74,7860
2026-08-19 12:51:59,136.75,136.75,136.67,136.7,6929
2026-08-19 12:52:58,136.7,136.8,136.7,136.8,7388
2026-08-19 12:53:59,136.8,136.85,136.76,136.85,7134
2026-08-19 12:54:56,136.85,136.85,136.77,136.77,11925
2026-08-19 12:55:58,136.78,136.86,136.78,136.84,6414
2026-08-19 12:56:58,136.8,136.86,136.8,136.8,5291
2026-08-19 12:57:56,136.82,136.85,136.8,136.8,7971
2026-08-19 12:58:58,136.85,136.87,136.8,136.85,10249
2026-08-19 12:59:56,136.85,136.87,136.81,136.85,14180
2026-08-19 13:00:55,136.88,136.88,136.76,136.77,31186
2026-08-19 13:01:58,136.8,136.87,136.76,136.85,18623
2026-08-19 13:02:55,136.82,136.89,136.82,136.82,8365
2026-08-19 13:03:59,136.86,136.87,136.8,136.87,7161
2026-08-19 13:04:59,136.83,136.89,136.81,136.88,6021
2026-08-19 13:05:56,136.89,136.89,136.84,136.85,4564
2026-08-19 13:06:55,136.84,136.91,136.82,136.82,7049
2026-08-19 13:07:57,136.89,136.89,136.82,136.82,7388
2026-08-19 13:08:56,136.89,136.89,136.81,136.81,5560
2026-08-19 13:09:56,136.87,136.87,136.8,136.81,7247
2026-08-19 13:10:55,136.87,136.87,136.81,136.85,6412
2026-08-19 13:11:57,136.88,136.88,136.81,136.81,11679
2026-08-19 13:12:55,136.87,136.87,136.8,136.8,5631
2026-08-19 13:13:55,136.84,136.85,136.8,136.8,5952
2026-08-19 13:14:55,136.83,136.85,136.78,136.79,6832
2026-08-19 13:15:59,136.85,136.85,136.8,136.83,6029
2026-08-19 13:16:57,136.83,136.84,136.78,136.78,5970
2026-08-19 13:17:58,136.81,136.81,136.7,136.7,18875
2026-08-19 13:18:55,136.7,136.75,136.7,136.7,13986
2026-08-19 13:19:55,136.73,136.74,136.68,136.68,5871
2026-08-19 13:20:59,136.73,136.74,136.68,136.69,6509
2026-08-19 13:21:58,136.74,136.74,136.68,136.71,17530
2026-08-19 13:22:55,136.68,136.73,136.66,136.67,16816
2026-08-19 13:23:58,136.65,136.72,136.63,136.71,27207
2026-08-19 13:24:56,136.67,136.71,136.63,136.63,16717
2026-08-19 13:25:57,136.63,136.69,136.63,136.64,8010
2026-08-19 13:26:55,136.65,136.8,136.65,136.74,20191
2026-08-19 13:27:59,136.7,136.76,136.68,136.69,4736
2026-08-19 13:28:57,136.7,136.78,136.69,136.73,4679
2026-08-19 13:29:56,136.78,136.79,136.73,136.75,4220
2026-08-19 13:30:59,136.78,136.78,136.74,136.78,7359
2026-08-19 13:31:58,136.78,136.78,136.71,136.78,11879
2026-08-19 13:32:57,136.74,136.78,136.74,136.78,12556
2026-08-19 13:33:57,136.78,136.79,136.73,136.77,14920
2026-08-19 13:34:58,136.74,136.78,136.71,136.74,10252
2026-08-19 13:35:58,136.74,136.77,136.72,136.74,6918
2026-08-19 13:36:58,136.72,136.75,136.7,136.75,10463
2026-08-19 13:37:56,136.75,136.75,136.67,136.67,8668
2026-08-19 13:38:58,136.7,136.74,136.66,136.68,31881
2026-08-19 13:39:56,136.63,136.68,136.61,136.61,23176
2026-08-19 13:40:58,136.65,136.7,136.61,136.67,40002
2026-08-19 13:41:57,136.62,136.74,136.61,136.69,32581
2026-08-19 13:42:58,136.75,136.77,136.68,136.68,24640
2026-08-19 13:43:54,136.77,136.8,136.72,136.8,26794
2026-08-19 13:44:57,136.82,136.82,136.69,136.77,35718
2026-08-19 13:45:55,136.75,136.8,136.69,136.69,23844
2026-08-19 13:46:55,136.67,136.74,136.67,136.71,9586
2026-08-19 13:47:55,136.73,136.73,136.65,136.73,10862
2026-08-19 13:48:56,136.73,136.73,136.65,136.72,15356
2026-08-19 13:49:55,136.72,136.72,136.64,136.65,8383
2026-08-19 13:50:55,136.65,136.68,136.62,136.65,14124
2026-08-19 13:51:59,136.65,136.69,136.63,136.69,11104
2026-08-19 13:52:59,136.65,136.7,136.65,136.7,8495
2026-08-19 13:53:59,136.69,136.7,136.69,136.7,8539
2026-08-19 13:54:58,136.68,136.7,136.67,136.67,26327
2026-08-19 13:55:57,136.66,136.67,136.65,136.66,10441
2026-08-19 13:56:59,136.67,136.69,136.67,136.69,13981
2026-08-19 13:57:59,136.68,136.69,136.67,136.69,6801
2026-08-19 13:58:59,136.68,136.79,136.68,136.77,21270
2026-08-19 13:59:57,136.74,136.8,136.72,136.78,6095
2026-08-19 14:00:56,136.78,136.8,136.75,136.75,4756
2026-08-19 14:01:57,136.72,136.79,136.71,136.79,13003
2026-08-19 14:02:56,136.79,136.79,136.74,136.75,7012
2026-08-19 14:03:55,136.77,136.79,136.75,136.75,5517
2026-08-19 14:04:59,136.79,136.8,136.75,136.8,8539
2026-08-19 14:05:55,136.8,136.8,136.75,136.76,8800
2026-08-19 14:06:58,136.8,136.8,136.76,136.8,3951
2026-08-19 14:07:55,136.79,136.8,136.76,136.76,3453
2026-08-19 14:08:59,136.79,136.8,136.77,136.79,7667
2026-08-19 14:09:59,136.79,136.8,136.76,136.8,2978
2026-08-19 14:10:57,136.77,136.85,136.75,136.85,24349
2026-08-19 14:11:56,136.91,136.95,136.9,136.91,14887
2026-08-19 14:12:57,136.94,136.94,136.91,136.94,3138
2026-08-19 14:13:58,136.94,137.05,136.94,137.05,44517
2026-08-19 14:14:58,137.02,137.03,136.99,137,17239
2026-08-19 14:15:57,136.97,136.99,136.92,136.92,5119
2026-08-19 14:16:59,136.95,136.97,136.93,136.97,4658
2026-08-19 14:17:55,136.93,136.93,136.88,136.88,16294
2026-08-19 14:18:55,136.9,136.92,136.87,136.88,4472
2026-08-19 14:19:55,136.92,136.92,136.88,136.89,8657
2026-08-19 14:20:56,136.89,136.94,136.89,136.91,1215
2026-08-19 14:21:59,136.93,136.93,136.74,136.75,33700
2026-08-19 14:22:58,136.74,136.75,136.7,136.73,108929
2026-08-19 14:23:54,136.7,136.74,136.7,136.72,29582
2026-08-19 14:24:59,136.71,136.73,136.7,136.71,22891
2026-08-19 14:25:56,136.71,136.72,136.67,136.7,11889
2026-08-19 14:26:59,136.7,136.71,136.69,136.71,15459
2026-08-19 14:27:56,136.68,136.78,136.68,136.76,19943
2026-08-19 14:28:58,136.74,136.78,136.73,136.74,10700
2026-08-19 14:29:56,136.74,136.78,136.74,136.78,11793
2026-08-19 14:30:58,136.78,136.8,136.78,136.8,4914
2026-08-19 14:31:55,136.82,136.82,136.79,136.79,14115
2026-08-19 14:32:55,136.81,136.82,136.64,136.72,1302302
2026-08-19 14:33:55,136.7,136.75,136.69,136.74,11607
2026-08-19 14:34:56,136.75,136.79,136.74,136.76,11332
2026-08-19 14:35:59,136.77,136.87,136.73,136.82,116033
2026-08-19 14:36:54,136.8,136.8,136.66,136.69,16155
2026-08-19 14:37:58,136.71,136.74,136.66,136.66,14378
2026-08-19 14:38:58,136.64,136.64,136.54,136.56,52358
2026-08-19 14:39:58,136.6,136.65,136.59,136.6,8111
2026-08-19 14:40:54,136.61,136.61,136.6,136.6,8685
2026-08-19 14:41:57,136.61,136.62,136.56,136.56,13800
2026-08-19 14:42:55,136.59,136.65,136.56,136.64,7291
2026-08-19 14:43:58,136.64,136.67,136.61,136.61,9560
2026-08-19 14:44:57,136.62,136.63,136.58,136.61,12649
2026-08-19 14:45:57,136.64,136.65,136.6,136.6,13077
2026-08-19 14:46:56,136.6,136.61,136.5,136.5,68298
2026-08-19 14:47:56,136.5,136.54,136.4,136.47,107929
2026-08-19 14:48:56,136.45,136.47,136.4,136.47,21020
2026-08-19 14:49:57,136.45,136.48,136.44,136.44,26821
2026-08-19 14:50:55,136.46,136.47,136.42,136.43,143694
2026-08-19 14:51:55,136.42,136.48,136.42,136.46,12015
2026-08-19 14:52:56,136.46,136.48,136.34,136.34,45520
2026-08-19 14:53:57,136.3,136.43,136.28,136.41,72835
2026-08-19 14:54:54,136.38,136.43,136.35,136.42,31766
2026-08-19 14:55:58,136.41,136.41,136.36,136.36,32465
2026-08-19 14:56:57,136.39,136.43,136.36,136.4,11188
2026-08-19 14:57:57,136.41,136.45,136.4,136.4,15741
2026-08-19 14:58:57,136.42,136.42,136.4,136.41,14190
2026-08-19 14:59:55,136.4,136.42,136.39,136.39,26648
2026-08-19 15:00:59,136.39,136.4,136.37,136.39,16043
2026-08-19 15:01:55,136.38,136.4,136.38,136.38,32505
2026-08-19 15:02:57,136.4,136.43,136.4,136.41,31345
2026-08-19 15:03:55,136.43,136.46,136.43,136.43,33700
2026-08-19 15:04:54,136.45,136.46,136.4,136.4,27941
2026-08-19 15:05:53,136.42,136.47,136.41,136.41,40681
2026-08-19 15:06:57,136.43,136.43,136.31,136.31,76509
2026-08-19 15:07:55,136.31,136.35,136.31,136.33,43366
2026-08-19 15:08:59,136.38,136.38,136.3,136.38,31111
2026-08-19 15:09:54,136.29,136.33,136.29,136.3,39795
2026-08-19 15:10:58,136.31,136.45,136.31,136.41,43963
2026-08-19 15:11:57,136.41,136.41,136.33,136.36,76571
2026-08-19 15:12:56,136.38,136.38,136.25,136.3,75327
2026-08-19 15:13:56,136.33,136.39,136.33,136.39,31632
2026-08-19 15:14:59,136.37,136.5,136.36,136.5,25604
2026-08-19 15:20:54,136.5,136.5,136.5,136.5,1891
2026-08-19 15:21:57,136.5,136.5,136.5,136.5,14028
2026-08-19 15:22:55,136.5,136.5,136.5,136.5,6724
2026-08-19 15:23:55,136.5,136.5,136.5,136.5,3297
2026-08-19 15:25:59,136.5,136.5,136.5,136.5,4158
2026-08-19 15:26:57,136.5,136.5,136.5,136.5,10320
2026-08-19 15:29:10,136.3,136.3,136.3,136.3,8075250
2026-08-20 09:07:03,137,137,137,137,12434
2026-08-20 09:15:51,136.99,137.12,136.74,136.85,112183
2026-08-20 09:16:51,136.82,136.82,136.22,136.3,131963
2026-08-20 09:17:56,136.38,136.38,136.22,136.22,82664
2026-08-20 09:18:51,136.16,136.26,136.12,136.26,52265
2026-08-20 09:19:54,136.19,136.19,136,136.1,113585
2026-08-20 09:20:59,135.88,135.94,135.78,135.92,110318
2026-08-20 09:21:54,135.92,136.04,135.85,136,49555
2026-08-20 09:22:54,136,136.05,136,136.02,36316
2026-08-20 09:23:53,135.95,136,135.95,136,60111
2026-08-20 09:24:58,136.07,136.07,135.96,135.96,45566
2026-08-20 09:25:55,135.96,135.99,135.96,135.97,22376
2026-08-20 09:26:59,135.95,135.95,135.6,135.61,137147
2026-08-20 09:27:56,135.68,135.7,135.55,135.59,39802
2026-08-20 09:28:58,135.52,135.54,135.4,135.44,61180
2026-08-20 09:29:53,135.5,135.54,135.42,135.48,68133
2026-08-20 09:30:56,135.43,135.51,135.28,135.45,98782
2026-08-20 09:31:59,135.44,135.49,135.44,135.49,31844
2026-08-20 09:32:55,135.53,135.54,135.44,135.47,93744
2026-08-20 09:33:56,135.49,135.55,135.45,135.5,95444
2026-08-20 09:34:56,135.49,135.5,135.47,135.49,27844
2026-08-20 09:35:56,135.49,135.65,135.47,135.65,21545
2026-08-20 09:36:54,135.6,135.76,135.6,135.74,19601
2026-08-20 09:37:54,135.65,135.72,135.65,135.7,28319
2026-08-20 09:38:59,135.74,135.74,135.61,135.66,35110
2026-08-20 09:39:56,135.65,135.72,135.62,135.72,15328
2026-08-20 09:40:54,135.72,135.76,135.69,135.7,23852
2026-08-20 09:41:59,135.66,135.73,135.59,135.6,62474
2026-08-20 09:42:56,135.64,135.67,135.6,135.66,17241
2026-08-20 09:43:55,135.68,135.75,135.66,135.66,21064
2026-08-20 09:44:59,135.68,135.75,135.65,135.75,29724
2026-08-20 09:45:56,135.76,135.76,135.63,135.64,30501
2026-08-20 09:46:54,135.65,135.72,135.65,135.72,8541
2026-08-20 09:47:53,135.72,135.72,135.65,135.67,18659
2026-08-20 09:48:57,135.61,135.66,135.6,135.65,28424
2026-08-20 09:49:53,135.61,135.66,135.61,135.66,15902
2026-08-20 09:50:56,135.68,135.71,135.66,135.71,16214
2026-08-20 09:51:57,135.7,135.7,135.66,135.66,13815
2026-08-20 09:52:57,135.66,135.66,135.62,135.65,8293
2026-08-20 09:53:57,135.65,135.65,135.6,135.64,31575
2026-08-20 09:54:56,135.64,135.66,135.64,135.65,32016
2026-08-20 09:55:54,135.66,135.75,135.66,135.73,14069
2026-08-20 09:56:54,135.74,135.76,135.71,135.76,8947
2026-08-20 09:57:58,135.76,135.78,135.73,135.75,8770
2026-08-20 09:58:56,135.75,135.77,135.72,135.75,12873
2026-08-20 09:59:54,135.72,135.75,135.72,135.75,13884
2026-08-20 10:00:57,135.75,135.75,135.69,135.69,23956
2026-08-20 10:01:59,135.67,135.67,135.59,135.6,36180
2026-08-20 10:02:56,135.6,135.69,135.6,135.66,17721
2026-08-20 10:03:58,135.64,135.65,135.6,135.64,19093
2026-08-20 10:04:54,135.64,135.68,135.59,135.67,31999
2026-08-20 10:05:58,135.67,135.7,135.62,135.67,7287
2026-08-20 10:06:56,135.67,135.8,135.66,135.8,11485
2026-08-20 10:07:54,135.8,135.86,135.76,135.82,12878
2026-08-20 10:08:58,135.82,135.94,135.82,135.91,26809
2026-08-20 10:09:54,135.94,135.94,135.9,135.94,15497
2026-08-20 10:10:54,135.95,135.98,135.92,135.98,7426
2026-08-20 10:11:53,135.96,135.99,135.95,135.99,9676
2026-08-20 10:12:57,136,136,135.92,135.97,28166
2026-08-20 10:13:54,135.97,136,135.97,136,15220
2026-08-20 10:14:56,135.97,136.04,135.97,136,12767
2026-08-20 10:15:58,136.01,136.01,135.91,135.95,20211
2026-08-20 10:16:58,135.95,135.95,135.9,135.9,28755
2026-08-20 10:17:57,135.9,135.9,135.89,135.89,8011
2026-08-20 10:18:58,135.89,135.89,135.8,135.8,23197
2026-08-20 10:19:58,135.78,135.88,135.78,135.83,17125
2026-08-20 10:20:53,135.9,135.9,135.82,135.82,9840
2026-08-20 10:21:59,135.82,135.85,135.8,135.82,9065
2026-08-20 10:22:56,135.83,135.85,135.81,135.81,35514
2026-08-20 10:23:55,135.78,135.81,135.77,135.8,25546
2026-08-20 10:24:59,135.76,135.82,135.75,135.81,29536
2026-08-20 10:25:58,135.75,135.82,135.75,135.77,9843
2026-08-20 10:26:57,135.81,135.81,135.73,135.77,14068
2026-08-20 10:27:55,135.76,135.79,135.71,135.71,9452
2026-08-20 10:28:58,135.72,135.76,135.66,135.66,35503
2026-08-20 10:29:55,135.69,135.77,135.66,135.77,54219
2026-08-20 10:30:59,135.8,135.8,135.7,135.77,8711
2026-08-20 10:31:57,135.79,135.8,135.76,135.76,6202
2026-08-20 10:32:59,135.78,135.79,135.72,135.78,9444
2026-08-20 10:33:55,135.79,135.79,135.72,135.74,12362
2026-08-20 10:34:57,135.74,135.78,135.74,135.78,6068
2026-08-20 10:35:54,135.77,135.8,135.77,135.78,15853
2026-08-20 10:36:56,135.78,135.78,135.77,135.78,20266
2026-08-20 10:37:58,135.78,135.8,135.77,135.8,10961
2026-08-20 10:38:56,135.8,135.8,135.77,135.8,14802
2026-08-20 10:39:56,135.8,135.8,135.77,135.8,5575
2026-08-20 10:40:56,135.8,135.81,135.77,135.81,5479
2026-08-20 10:41:57,135.81,135.83,135.8,135.8,8778
2026-08-20 10:42:58,135.8,135.83,135.79,135.8,8521
2026-08-20 10:43:55,135.8,135.86,135.8,135.86,29695
2026-08-20 10:44:54,135.85,135.85,135.77,135.8,25491
2026-08-20 10:45:56,135.79,135.84,135.78,135.84,6436
2026-08-20 10:46:56,135.79,135.85,135.79,135.84,12055
2026-08-20 10:47:58,135.84,135.85,135.8,135.85,4055
2026-08-20 10:48:59,135.85,135.88,135.85,135.87,8888
2026-08-20 10:49:55,135.87,135.87,135.84,135.87,5744
2026-08-20 10:50:55,135.85,136.02,135.85,136.02,39601
2026-08-20 10:51:55,136.01,136.05,136.01,136.01,8634
2026-08-20 10:52:54,136,136.01,136,136,14049
2026-08-20 10:53:54,136,136.06,136,136.03,5717
2026-08-20 10:54:55,136.05,136.05,136.02,136.04,4947
2026-08-20 10:55:58,136.03,136.1,136.03,136.1,14905
2026-08-20 10:56:57,136.08,136.1,136.05,136.07,13355
2026-08-20 10:57:59,136.06,136.12,136.05,136.09,16865
2026-08-20 10:58:58,136.1,136.1,136.05,136.06,3232
2026-08-20 10:59:57,136.06,136.1,136.05,136.1,5677
2026-08-20 11:00:59,136.1,136.25,136.1,136.25,22858
2026-08-20 11:01:59,136.22,136.25,136.21,136.24,7053
2026-08-20 11:02:55,136.24,136.29,136.24,136.28,17236
2026-08-20 11:03:59,136.28,136.3,136.25,136.3,24599
2026-08-20 11:04:55,136.3,136.3,136.23,136.25,28008
2026-08-20 11:05:55,136.25,136.29,136.25,136.28,7290
2026-08-20 11:06:56,136.28,136.29,136.27,136.29,7739
2026-08-20 11:07:56,136.29,136.3,136.21,136.3,13025
2026-08-20 11:08:57,136.3,136.35,136.26,136.3,33134
2026-08-20 11:09:57,136.3,136.41,136.3,136.41,17519
2026-08-20 11:10:56,136.4,136.48,136.39,136.39,26335
2026-08-20 11:11:57,136.38,136.39,136.3,136.3,18058
2026-08-20 11:12:59,136.31,136.42,136.31,136.38,15458
2026-08-20 11:13:59,136.4,136.4,136.32,136.35,19443
2026-08-20 11:14:55,136.34,136.36,136.33,136.33,6907
2026-08-20 11:15:55,136.31,136.31,136.22,136.3,29698
2026-08-20 11:16:58,136.3,136.3,136.17,136.23,11454
2026-08-20 11:17:55,136.24,136.24,136.18,136.2,13451
2026-08-20 11:18:57,136.19,136.2,136.18,136.19,5277
2026-08-20 11:19:59,136.18,136.2,136.17,136.2,4660
2026-08-20 11:20:59,136.17,136.2,136.16,136.18,4982
2026-08-20 11:21:58,136.16,136.2,136.16,136.19,2228
2026-08-20 11:22:55,136.16,136.2,136.16,136.18,5114
2026-08-20 11:23:57,136.19,136.2,136.16,136.2,5904
2026-08-20 11:24:57,136.17,136.2,136.16,136.2,6981
2026-08-20 11:25:58,136.2,136.23,136.16,136.23,8263
2026-08-20 11:26:58,136.24,136.28,136.21,136.28,8030
2026-08-20 11:27:59,136.26,136.26,136.2,136.26,2370
2026-08-20 11:28:59,136.21,136.26,136.15,136.24,66263
2026-08-20 11:29:59,136.24,136.27,136.18,136.25,21524
2026-08-20 11:30:57,136.21,136.27,136.21,136.26,1948
2026-08-20 11:31:59,136.22,136.27,136.22,136.27,3026
2026-08-20 11:32:58,136.27,136.27,136.25,136.27,2477
2026-08-20 11:33:57,136.28,136.33,136.28,136.33,6684
2026-08-20 11:34:56,136.32,136.33,136.27,136.33,5580
2026-08-20 11:35:57,136.34,136.38,136.32,136.35,5961
2026-08-20 11:36:59,136.35,136.38,136.35,136.35,8375
2026-08-20 11:37:56,136.36,136.38,136.34,136.37,15524
2026-08-20 11:38:57,136.36,136.5,136.36,136.5,17431
2026-08-20 11:39:58,136.48,136.5,136.44,136.47,20371
2026-08-20 11:40:59,136.49,136.49,136.45,136.49,5776
2026-08-20 11:41:55,136.47,136.56,136.46,136.52,28700
2026-08-20 11:42:56,136.52,136.55,136.44,136.44,32783
2026-08-20 11:43:59,136.44,136.47,136.44,136.44,3815
2026-08-20 11:44:59,136.44,136.47,136.4,136.42,5314
2026-08-20 11:45:55,136.4,136.45,136.4,136.45,4493
2026-08-20 11:46:58,136.42,136.45,136.4,136.4,8729
2026-08-20 11:47:59,136.39,136.39,136.37,136.38,5922
2026-08-20 11:48:59,136.37,136.43,136.37,136.39,3208
2026-08-20 11:49:58,136.39,136.4,136.39,136.4,1497
2026-08-20 11:50:55,136.39,136.4,136.39,136.39,3163
2026-08-20 11:51:56,136.39,136.4,136.39,136.39,3506
2026-08-20 11:52:58,136.39,136.4,136.38,136.39,11900
2026-08-20 11:53:56,136.39,136.41,136.38,136.38,6207
2026-08-20 11:54:57,136.37,136.41,136.37,136.41,8809
2026-08-20 11:55:58,136.39,136.42,136.38,136.38,1544
2026-08-20 11:56:57,136.38,136.45,136.38,136.4,7098
2026-08-20 11:57:57,136.43,136.45,136.39,136.43,4904
2026-08-20 11:58:56,136.39,136.45,136.39,136.43,5041
2026-08-20 11:59:57,136.42,136.45,136.42,136.43,1999
2026-08-20 12:00:55,136.43,136.45,136.43,136.43,4533
2026-08-20 12:01:59,136.43,136.45,136.41,136.42,13863
2026-08-20 12:02:56,136.41,136.43,136.4,136.4,9329
2026-08-20 12:03:58,136.42,136.43,136.39,136.41,6246
2026-08-20 12:04:54,136.4,136.42,136.4,136.42,3303
2026-08-20 12:05:57,136.42,136.43,136.41,136.42,1898
2026-08-20 12:06:59,136.43,136.44,136.41,136.43,1885
2026-08-20 12:07:56,136.43,136.45,136.3,136.3,28771
2026-08-20 12:08:59,136.3,136.31,136.29,136.3,6799
2026-08-20 12:09:58,136.3,136.38,136.29,136.35,16742
2026-08-20 12:10:58,136.35,136.37,136.35,136.36,11287
2026-08-20 12:11:58,136.35,136.36,136.35,136.35,4253
2026-08-20 12:12:59,136.36,136.38,136.35,136.36,4510
2026-08-20 12:13:58,136.36,136.37,136.35,136.36,2004
2026-08-20 12:14:57,136.37,136.4,136.35,136.4,5137
2026-08-20 12:15:58,136.38,136.4,136.37,136.39,5411
2026-08-20 12:16:57,136.4,136.4,136.37,136.37,10373
2026-08-20 12:17:56,136.37,136.39,136.37,136.38,22195
2026-08-20 12:18:56,136.4,136.43,136.37,136.4,6290
2026-08-20 12:19:57,136.39,136.41,136.38,136.38,1830
2026-08-20 12:20:57,136.38,136.42,136.35,136.37,10843
2026-08-20 12:21:57,136.37,136.38,136.35,136.35,2521
2026-08-20 12:22:56,136.36,136.37,136.3,136.32,15523
2026-08-20 12:23:59,136.31,136.36,136.31,136.35,12229
2026-08-20 12:24:58,136.33,136.33,136.32,136.32,5495
2026-08-20 12:25:59,136.32,136.32,136.29,136.3,11030
2026-08-20 12:26:59,136.31,136.31,136.27,136.3,4998
2026-08-20 12:27:55,136.3,136.36,136.3,136.34,12584
2026-08-20 12:28:55,136.34,136.34,136.26,136.3,19132
2026-08-20 12:29:59,136.28,136.3,136.26,136.3,1646
2026-08-20 12:30:56,136.3,136.3,136.26,136.3,5405
2026-08-20 12:31:57,136.3,136.3,136.28,136.3,2969
2026-08-20 12:32:56,136.28,136.3,136.26,136.26,7432
2026-08-20 12:33:59,136.29,136.3,136.28,136.3,1376
2026-08-20 12:34:58,136.3,136.3,136.26,136.3,6553
2026-08-20 12:35:56,136.3,136.32,136.26,136.3,9889
2026-08-20 12:36:57,136.3,136.31,136.28,136.31,4184
2026-08-20 12:37:56,136.28,136.31,136.26,136.3,2416
2026-08-20 12:38:56,136.25,136.28,136.23,136.25,9510
2026-08-20 12:39:54,136.23,136.28,136.23,136.24,4594
2026-08-20 12:40:57,136.28,136.28,136.23,136.28,2199
2026-08-20 12:41:58,136.28,136.28,136.22,136.25,28580
2026-08-20 12:42:55,136.22,136.25,136.19,136.21,20619
2026-08-20 12:43:55,136.22,136.24,136.21,136.24,5371
2026-08-20 12:44:55,136.22,136.26,136.22,136.22,2611
2026-08-20 12:45:59,136.25,136.26,136.2,136.25,8169
2026-08-20 12:46:59,136.21,136.26,136.2,136.26,3274
2026-08-20 12:47:59,136.23,136.26,136.22,136.26,1269
2026-08-20 12:48:58,136.22,136.29,136.22,136.29,16654
2026-08-20 12:49:55,136.25,136.29,136.23,136.23,41449
2026-08-20 12:50:58,136.25,136.26,136.22,136.23,8853
2026-08-20 12:51:56,136.29,136.29,136.24,136.28,98286
2026-08-20 12:52:57,136.24,136.29,136.24,136.28,9090
2026-08-20 12:53:59,136.24,136.3,136.24,136.29,10695
2026-08-20 12:54:58,136.29,136.29,136.24,136.28,4604
2026-08-20 12:55:56,136.28,136.28,136.24,136.24,3843
2026-08-20 12:56:57,136.24,136.29,136.24,136.25,23761
2026-08-20 12:57:55,136.24,136.3,136.24,136.3,9083
2026-08-20 12:58:59,136.24,136.27,136.14,136.17,82262
2026-08-20 12:59:57,136.14,136.2,136.11,136.2,18855
2026-08-20 13:00:59,136.2,136.22,136.16,136.18,1242
2026-08-20 13:01:59,136.18,136.22,136.18,136.2,4264
2026-08-20 13:02:57,136.22,136.23,136.2,136.21,9044
2026-08-20 13:03:59,136.2,136.24,136.14,136.22,9953
2026-08-20 13:04:59,136.18,136.25,136.16,136.2,6260
2026-08-20 13:05:59,136.18,136.22,136.17,136.17,3976
2026-08-20 13:06:59,136.17,136.22,136.17,136.22,3596
2026-08-20 13:07:56,136.2,136.22,136.18,136.22,4636
2026-08-20 13:08:57,136.18,136.24,136.18,136.2,7346
2026-08-20 13:09:58,136.24,136.25,136.21,136.22,5133
2026-08-20 13:10:55,136.2,136.25,136.2,136.24,5370
2026-08-20 13:11:56,136.24,136.25,136.21,136.21,4043
2026-08-20 13:12:58,136.22,136.25,136.21,136.22,3323
2026-08-20 13:13:59,136.22,136.25,136.22,136.25,7333
2026-08-20 13:14:56,136.24,136.3,136.24,136.26,15788
2026-08-20 13:15:57,136.24,136.28,136.24,136.24,4997
2026-08-20 13:16:58,136.28,136.29,136.23,136.24,6564
2026-08-20 13:17:59,136.26,136.26,136.23,136.23,4625
2026-08-20 13:18:59,136.22,136.25,136.22,136.23,2672
2026-08-20 13:19:56,136.21,136.25,136.21,136.21,6889
2026-08-20 13:20:56,136.21,136.25,136.21,136.25,4914
2026-08-20 13:21:57,136.21,136.25,136.2,136.21,5447
2026-08-20 13:22:57,136.2,136.22,136.2,136.22,2313
2026-08-20 13:23:57,136.21,136.23,136.21,136.21,6950
2026-08-20 13:24:56,136.2,136.2,136.13,136.15,26876
2026-08-20 13:25:56,136.2,136.22,136.15,136.19,2585
2026-08-20 13:26:56,136.15,136.19,136.15,136.15,4761
2026-08-20 13:27:57,136.15,136.19,136.15,136.19,2420
2026-08-20 13:28:55,136.15,136.19,136.15,136.17,2653
2026-08-20 13:29:56,136.17,136.21,136.16,136.17,3410
2026-08-20 13:30:57,136.17,136.22,136.17,136.19,1929
2026-08-20 13:31:56,136.19,136.2,136.17,136.17,3434
2026-08-20 13:32:55,136.17,136.2,136.17,136.19,7842
2026-08-20 13:33:55,136.17,136.2,136.16,136.16,5501
2026-08-20 13:34:55,136.2,136.2,136.16,136.16,2358
2026-08-20 13:35:56,136.16,136.19,136.16,136.19,1563
2026-08-20 13:36:57,136.16,136.21,136.16,136.21,8212
2026-08-20 13:37:59,136.21,136.21,136.1,136.14,30356
2026-08-20 13:38:55,136.1,136.14,136.1,136.12,2889
2026-08-20 13:39:55,136.11,136.12,136.1,136.1,11350
2026-08-20 13:40:58,136.08,136.12,136.07,136.07,6515
2026-08-20 13:41:56,136.01,136.07,136.01,136.05,49726
2026-08-20 13:42:56,136.05,136.06,136,136.05,6713
2026-08-20 13:43:59,136.02,136.03,135.91,136,156623
2026-08-20 13:44:59,136,136.02,135.94,135.99,5752
2026-08-20 13:45:55,135.95,135.99,135.95,135.99,1750
2026-08-20 13:46:56,135.99,136,135.97,136,2586
2026-08-20 13:47:56,135.97,135.99,135.97,135.99,1581
2026-08-20 13:48:59,135.97,135.99,135.95,135.97,6810
2026-08-20 13:49:59,135.92,135.97,135.92,135.95,3239
2026-08-20 13:50:55,135.92,135.99,135.91,135.99,6700
2026-08-20 13:51:55,135.99,135.99,135.95,135.95,1965
2026-08-20 13:52:55,135.98,136.01,135.92,135.95,7715
2026-08-20 13:53:57,135.91,135.95,135.9,135.94,15254
2026-08-20 13:54:57,135.91,135.93,135.9,135.92,9171
2026-08-20 13:55:58,135.92,135.95,135.92,135.95,7249
2026-08-20 13:56:59,135.94,135.97,135.9,135.97,13351
2026-08-20 13:57:57,135.97,135.97,135.91,135.93,2165
2026-08-20 13:58:56,135.91,135.91,135.9,135.91,4962
2026-08-20 13:59:55,135.9,135.91,135.9,135.91,12465
2026-08-20 14:00:56,135.9,135.91,135.8,135.8,24808
2026-08-20 14:01:56,135.8,135.85,135.8,135.84,8793
2026-08-20 14:02:56,135.82,135.84,135.82,135.82,11744
2026-08-20 14:03:58,135.81,135.85,135.78,135.85,8136
2026-08-20 14:04:55,135.87,135.89,135.82,135.82,16134
2026-08-20 14:05:58,135.86,135.87,135.82,135.87,1506
2026-08-20 14:06:57,135.85,135.86,135.82,135.84,5874
2026-08-20 14:07:58,135.83,135.86,135.83,135.86,6769
2026-08-20 14:08:59,135.89,135.9,135.81,135.81,10377
2026-08-20 14:09:54,135.82,135.9,135.82,135.84,16087
2026-08-20 14:10:58,135.9,135.9,135.84,135.9,6030
2026-08-20 14:11:56,135.9,135.9,135.85,135.9,18097
2026-08-20 14:12:59,135.89,135.94,135.89,135.92,8663
2026-08-20 14:13:58,135.91,135.92,135.88,135.91,2609
2026-08-20 14:14:56,135.9,135.92,135.85,135.9,3578
2026-08-20 14:15:56,135.9,135.91,135.87,135.9,2107
2026-08-20 14:16:58,135.85,135.9,135.81,135.85,23229
2026-08-20 14:17:56,135.86,135.86,135.83,135.86,1174
2026-08-20 14:18:57,135.86,135.87,135.81,135.87,8798
2026-08-20 14:19:59,135.87,135.9,135.83,135.89,4055
2026-08-20 14:20:56,135.83,135.89,135.83,135.86,6299
2026-08-20 14:21:58,135.83,135.85,135.83,135.85,1906
2026-08-20 14:22:59,135.85,135.85,135.83,135.85,4527
2026-08-20 14:23:56,135.85,135.85,135.83,135.83,5862
2026-08-20 14:24:58,135.82,135.83,135.81,135.83,8022
2026-08-20 14:25:55,135.83,135.85,135.82,135.83,1972
2026-08-20 14:26:58,135.83,135.84,135.81,135.81,11982
2026-08-20 14:27:59,135.82,135.89,135.82,135.89,53198
2026-08-20 14:28:56,135.86,135.9,135.86,135.89,3864
2026-08-20 14:29:54,135.85,135.9,135.85,135.9,3855
2026-08-20 14:30:56,135.9,135.91,135.83,135.83,7355
2026-08-20 14:31:55,135.83,135.88,135.83,135.88,8046
2026-08-20 14:32:54,135.86,135.92,135.85,135.88,20680
2026-08-20 14:33:56,135.88,135.88,135.82,135.85,12912
2026-08-20 14:34:55,135.82,135.88,135.82,135.88,5206
2026-08-20 14:35:59,135.85,135.89,135.85,135.88,5057
2026-08-20 14:36:55,135.86,135.86,135.8,135.8,43067
2026-08-20 14:37:57,135.83,135.89,135.83,135.88,35599
2026-08-20 14:38:59,135.9,135.92,135.86,135.9,7814
2026-08-20 14:39:55,135.86,135.91,135.86,135.91,7614
2026-08-20 14:40:57,135.9,135.91,135.9,135.91,8766
2026-08-20 14:41:59,135.85,135.9,135.85,135.85,10736
2026-08-20 14:42:56,135.89,135.89,135.85,135.86,12694
2026-08-20 14:43:59,135.86,135.87,135.82,135.87,12795
2026-08-20 14:44:56,135.89,135.89,135.87,135.89,7274
2026-08-20 14:45:54,135.89,135.89,135.84,135.85,15003
2026-08-20 14:46:59,135.85,135.85,135.81,135.84,19516
2026-08-20 14:47:55,135.85,135.85,135.82,135.83,3251
2026-08-20 14:48:59,135.83,135.85,135.83,135.84,7661
2026-08-20 14:49:55,135.83,135.85,135.83,135.85,6278
2026-08-20 14:50:58,135.84,135.85,135.83,135.84,9714
2026-08-20 14:51:58,135.84,135.93,135.82,135.86,42177
2026-08-20 14:52:56,135.9,135.9,135.86,135.9,2204
2026-08-20 14:53:56,135.87,135.88,135.86,135.86,14575
2026-08-20 14:54:55,135.85,135.9,135.85,135.88,8876
2026-08-20 14:55:57,135.89,135.89,135.85,135.85,22666
2026-08-20 14:56:55,135.85,135.9,135.85,135.88,10279
2026-08-20 14:57:59,135.88,135.88,135.8,135.8,60877
2026-08-20 14:58:56,135.78,135.8,135.78,135.8,10069
2026-08-20 14:59:54,135.8,135.8,135.76,135.76,15883
2026-08-20 15:00:58,135.76,135.77,135.75,135.77,40718
2026-08-20 15:01:56,135.77,135.77,135.62,135.64,108877
2026-08-20 15:02:59,135.64,135.68,135.64,135.65,11513
2026-08-20 15:03:59,135.65,135.66,135.64,135.65,18474
2026-08-20 15:04:58,135.65,135.68,135.45,135.5,299249
2026-08-20 15:05:58,135.51,135.54,135.4,135.54,44509
2026-08-20 15:06:54,135.5,135.54,135.45,135.49,54293
2026-08-20 15:07:58,135.52,135.54,135.48,135.52,54886
2026-08-20 15:08:55,135.52,135.52,135.49,135.5,24933
2026-08-20 15:09:56,135.55,135.55,135.47,135.52,43909
2026-08-20 15:10:55,135.51,135.52,135.45,135.52,53787
2026-08-20 15:11:57,135.52,135.52,135.45,135.45,72196
2026-08-20 15:12:53,135.45,135.5,135.4,135.45,81591
2026-08-20 15:13:57,135.45,135.54,135.45,135.49,35188
2026-08-20 15:14:58,135.48,135.5,135.41,135.5,31915
2026-08-20 15:15:20,135.65,135.65,135.65,135.65,80
2026-08-20 15:20:55,135.65,135.65,135.65,135.65,56441
2026-08-20 15:21:56,135.65,135.65,135.65,135.65,5238
2026-08-20 15:23:57,135.65,135.65,135.65,135.65,12494
2026-08-20 15:25:54,135.65,135.65,135.65,135.65,1642
2026-08-20 15:28:58,135.65,135.65,135.65,135.65,41
2026-08-20 15:29:57,135.9,135.9,135.9,135.9,6695166
2026-08-21 09:07:39,135.5,135.5,135.5,135.5,34891
2026-08-21 09:15:50,135.69,135.84,135.27,135.46,106286
2026-08-21 09:16:58,135.44,135.64,135.42,135.63,56454
2026-08-21 09:17:53,135.48,135.68,135.46,135.68,41640
2026-08-21 09:18:57,135.71,135.71,135.65,135.69,51193
2026-08-21 09:19:58,135.64,135.8,135.64,135.8,91391
2026-08-21 09:20:59,135.77,135.77,135.61,135.67,15140
2026-08-21 09:21:58,135.66,135.71,135.65,135.71,21791
2026-08-21 09:22:56,135.63,135.71,135.63,135.65,24393
2026-08-21 09:23:53,135.66,135.77,135.66,135.77,7045
2026-08-21 09:24:58,135.77,135.79,135.72,135.75,15769
2026-08-21 09:25:56,135.75,135.79,135.72,135.79,14300
2026-08-21 09:26:53,135.76,135.78,135.66,135.7,16730
2026-08-21 09:27:58,135.7,135.77,135.6,135.6,28923
2026-08-21 09:28:54,135.65,135.67,135.62,135.66,6772
2026-08-21 09:29:56,135.66,135.66,135.63,135.65,8672
2026-08-21 09:30:54,135.71,135.71,135.64,135.68,16865
2026-08-21 09:31:58,135.72,135.83,135.66,135.79,41836
2026-08-21 09:32:52,135.74,135.87,135.69,135.84,33921
2026-08-21 09:33:55,135.8,135.81,135.66,135.66,176944
2026-08-21 09:34:55,135.67,135.71,135.62,135.68,27128
2026-08-21 09:35:55,135.67,135.72,135.67,135.72,10188
2026-08-21 09:36:55,135.83,135.9,135.83,135.84,16314
2026-08-21 09:37:59,135.87,135.95,135.84,135.85,26993
2026-08-21 09:38:57,135.84,135.88,135.79,135.84,17633
2026-08-21 09:39:54,135.88,135.99,135.88,135.99,29292
2026-08-21 09:40:54,135.99,136.15,135.95,136.1,31472
2026-08-21 09:41:53,136.1,136.19,136.05,136.14,127449
2026-08-21 09:42:53,136.14,136.37,136.14,136.31,54383
2026-08-21 09:43:53,136.26,136.34,136.26,136.31,39427
2026-08-21 09:44:57,136.32,136.49,136.32,136.43,26590
2026-08-21 09:45:55,136.45,136.5,136.39,136.4,31314
2026-08-21 09:46:55,136.44,136.44,136.23,136.23,34684
2026-08-21 09:47:59,136.23,136.28,136.22,136.28,10730
2026-08-21 09:48:57,136.27,136.3,136.27,136.27,6455
2026-08-21 09:49:54,136.3,136.36,136.27,136.33,7538
2026-08-21 09:50:56,136.3,136.31,136.26,136.3,15795
2026-08-21 09:51:53,136.27,136.33,136.26,136.3,9408
2026-08-21 09:52:55,136.33,136.33,136.24,136.24,27001
2026-08-21 09:53:53,136.26,136.3,136.24,136.24,6096
2026-08-21 09:54:55,136.24,136.32,136.2,136.2,22452
2026-08-21 09:55:57,136.15,136.24,136.15,136.18,12397
2026-08-21 09:56:59,136.23,136.28,136.23,136.28,7175
2026-08-21 09:57:59,136.3,136.3,136.14,136.19,36980
2026-08-21 09:58:59,136.19,136.26,136.19,136.26,6680
2026-08-21 09:59:58,136.26,136.3,136.26,136.27,14177
2026-08-21 10:00:57,136.3,136.3,136.24,136.24,13403
2026-08-21 10:01:58,136.16,136.17,136.14,136.16,16883
2026-08-21 10:02:57,136.15,136.19,136.15,136.19,4161
2026-08-21 10:03:56,136.19,136.23,136.18,136.18,8400
2026-08-21 10:04:59,136.2,136.2,136.15,136.15,5632
2026-08-21 10:05:56,136.16,136.2,136.16,136.2,5678
2026-08-21 10:06:57,136.2,136.26,136.17,136.25,13528
2026-08-21 10:07:54,136.22,136.29,136.2,136.2,9441
2026-08-21 10:08:59,136.2,136.2,136.05,136.05,28192
2026-08-21 10:09:56,136.08,136.1,136.06,136.08,7840
2026-08-21 10:10:56,136.08,136.09,136.05,136.06,3469
2026-08-21 10:11:54,136.07,136.12,136.07,136.11,12163
2026-08-21 10:12:58,136.11,136.12,136.07,136.08,23405
2026-08-21 10:13:56,136.1,136.12,136.03,136.03,12625
2026-08-21 10:14:59,136.03,136.06,136.01,136.03,55289
2026-08-21 10:15:55,136.03,136.06,136.02,136.06,12931
2026-08-21 10:16:56,136.05,136.15,136.04,136.05,18802
2026-08-21 10:17:59,136.06,136.13,136.06,136.13,18039
2026-08-21 10:18:59,136.13,136.15,136.08,136.12,12428
2026-08-21 10:19:55,136.11,136.14,136.07,136.07,11313
2026-08-21 10:20:55,136.05,136.07,136.05,136.06,9803
2026-08-21 10:21:55,136.06,136.1,136.02,136.04,20238
2026-08-21 10:22:54,136.02,136.1,136.02,136.1,5983
2026-08-21 10:23:54,136.07,136.1,136.05,136.08,12834
2026-08-21 10:24:59,136.08,136.1,136.05,136.1,4055
2026-08-21 10:25:58,136.06,136.1,136.05,136.1,8594
2026-08-21 10:26:56,136.12,136.17,136.1,136.17,5797
2026-08-21 10:27:59,136.17,136.17,136.11,136.11,13729
2026-08-21 10:28:57,136.11,136.14,136.1,136.14,4512
2026-08-21 10:29:56,136.1,136.17,136.1,136.14,7840
2026-08-21 10:30:57,136.2,136.23,136.18,136.19,105156
2026-08-21 10:31:55,136.19,136.19,136.18,136.18,7565
2026-08-21 10:32:58,136.19,136.22,136.15,136.2,12653
2026-08-21 10:33:57,136.16,136.2,136.15,136.2,983
2026-08-21 10:34:55,136.2,136.23,136.16,136.23,5646
2026-08-21 10:35:58,136.18,136.21,136.15,136.2,25172
2026-08-21 10:36:54,136.15,136.27,136.15,136.27,13920
2026-08-21 10:37:58,136.25,136.3,136.25,136.26,7652
2026-08-21 10:38:55,136.3,136.3,136.25,136.25,3551
2026-08-21 10:39:57,136.25,136.29,136.2,136.29,12444
2026-08-21 10:40:58,136.24,136.35,136.24,136.29,3411
2026-08-21 10:41:54,136.31,136.32,136.23,136.23,13016
2026-08-21 10:42:58,136.24,136.3,136.24,136.3,9682
2026-08-21 10:43:55,136.28,136.32,136.28,136.28,4391
2026-08-21 10:44:56,136.28,136.3,136.26,136.27,8697
2026-08-21 10:45:59,136.27,136.37,136.27,136.37,16786
2026-08-21 10:46:56,136.37,136.37,136.35,136.35,6904
2026-08-21 10:47:59,136.35,136.39,136.35,136.39,10768
2026-08-21 10:48:55,136.36,136.37,136.35,136.35,61430
2026-08-21 10:49:57,136.33,136.37,136.33,136.36,13598
2026-08-21 10:50:58,136.36,136.37,136.35,136.36,3698
2026-08-21 10:51:59,136.37,136.41,136.36,136.4,63245
2026-08-21 10:52:58,136.4,136.44,136.39,136.44,20440
2026-08-21 10:53:56,136.42,136.42,136.4,136.4,6392
2026-08-21 10:54:59,136.4,136.45,136.28,136.3,31018
2026-08-21 10:55:58,136.31,136.35,136.26,136.26,9643
2026-08-21 10:56:54,136.3,136.33,136.3,136.33,9130
2026-08-21 10:57:56,136.34,136.38,136.34,136.35,9161
2026-08-21 10:58:57,136.36,136.39,136.35,136.38,20782
2026-08-21 10:59:58,136.43,136.44,136.4,136.42,3735
2026-08-21 11:00:54,136.46,136.46,136.42,136.44,9790
2026-08-21 11:01:55,136.49,136.5,136.45,136.49,17732
2026-08-21 11:02:56,136.47,136.48,136.45,136.45,14413
2026-08-21 11:03:57,136.45,136.46,136.39,136.46,13329
2026-08-21 11:04:57,136.43,136.45,136.42,136.43,6205
2026-08-21 11:05:57,136.43,136.44,136.42,136.44,2506
2026-08-21 11:06:56,136.45,136.45,136.41,136.42,10036
2026-08-21 11:07:55,136.42,136.49,136.42,136.47,6444
2026-08-21 11:08:59,136.48,136.48,136.36,136.36,19840
2026-08-21 11:09:59,136.42,136.45,136.38,136.44,2691
2026-08-21 11:10:58,136.44,136.45,136.43,136.45,10388
2026-08-21 11:11:55,136.43,136.5,136.43,136.47,26615
2026-08-21 11:12:56,136.48,136.53,136.48,136.51,35863
2026-08-21 11:13:57,136.51,136.57,136.51,136.53,11248
2026-08-21 11:14:59,136.54,136.54,136.53,136.54,7366
2026-08-21 11:15:56,136.54,136.58,136.54,136.54,3130
2026-08-21 11:16:59,136.55,136.55,136.54,136.55,5599
2026-08-21 11:17:57,136.55,136.57,136.41,136.44,36705
2026-08-21 11:18:55,136.45,136.49,136.45,136.45,5405
2026-08-21 11:19:59,136.46,136.48,136.45,136.45,8439
2026-08-21 11:20:55,136.44,136.45,136.44,136.44,6750
2026-08-21 11:21:56,136.34,136.37,136.34,136.34,12725
2026-08-21 11:22:59,136.34,136.36,136.32,136.36,16825
2026-08-21 11:23:57,136.36,136.4,136.35,136.4,6805
2026-08-21 11:24:56,136.4,136.4,136.38,136.38,2485
2026-08-21 11:25:55,136.39,136.41,136.38,136.4,6259
2026-08-21 11:26:58,136.4,136.42,136.4,136.4,4341
2026-08-21 11:27:59,136.4,136.44,136.34,136.35,19350
2026-08-21 11:28:57,136.35,136.4,136.34,136.35,3392
2026-08-21 11:29:56,136.37,136.45,136.36,136.45,15438
2026-08-21 11:30:59,136.41,136.47,136.41,136.45,3767
2026-08-21 11:31:57,136.4,136.42,136.39,136.42,6802
2026-08-21 11:32:56,136.39,136.44,136.39,136.4,6973
2026-08-21 11:33:55,136.41,136.44,136.4,136.44,3400
2026-08-21 11:34:54,136.41,136.45,136.4,136.42,9116
2026-08-21 11:35:55,136.4,136.44,136.39,136.41,2711
2026-08-21 11:36:57,136.41,136.43,136.41,136.41,2467
2026-08-21 11:37:59,136.42,136.42,136.41,136.41,4553
2026-08-21 11:38:56,136.38,136.38,136.36,136.37,14264
2026-08-21 11:39:59,136.37,136.4,136.36,136.37,4707
2026-08-21 11:40:56,136.37,136.37,136.35,136.36,15363
2026-08-21 11:41:58,136.35,136.36,136.35,136.35,2499
2026-08-21 11:42:59,136.37,136.42,136.37,136.4,5102
2026-08-21 11:43:56,136.39,136.42,136.39,136.42,4588
2026-08-21 11:44:56,136.42,136.42,136.4,136.42,6144
2026-08-21 11:45:55,136.41,136.42,136.32,136.33,14020
2026-08-21 11:46:55,136.32,136.35,136.32,136.34,1310
2026-08-21 11:47:59,136.34,136.37,136.34,136.35,5531
2026-08-21 11:48:55,136.35,136.39,136.3,136.32,29550
2026-08-21 11:49:59,136.34,136.38,136.33,136.34,2086
2026-08-21 11:50:55,136.34,136.38,136.34,136.38,4438
2026-08-21 11:51:59,136.35,136.36,136.35,136.36,6025
2026-08-21 11:52:55,136.36,136.38,136.36,136.36,6134
2026-08-21 11:53:59,136.36,136.36,136.33,136.34,3761
2026-08-21 11:54:55,136.26,136.3,136.25,136.28,48221
2026-08-21 11:55:59,136.24,136.3,136.24,136.3,4459
2026-08-21 11:56:57,136.28,136.3,136.25,136.25,7538
2026-08-21 11:57:54,136.28,136.3,136.25,136.26,4169
2026-08-21 11:58:56,136.25,136.27,136.22,136.25,11680
2026-08-21 11:59:54,136.3,136.3,136.25,136.25,2369
2026-08-21 12:00:57,136.27,136.3,136.25,136.3,1677
2026-08-21 12:01:58,136.27,136.27,136.25,136.25,7830
2026-08-21 12:02:57,136.29,136.29,136.25,136.29,2393
2026-08-21 12:03:57,136.27,136.3,136.25,136.26,12395
2026-08-21 12:04:56,136.28,136.28,136.24,136.26,5218
2026-08-21 12:05:58,136.25,136.27,136.24,136.24,3683
2026-08-21 12:06:58,136.28,136.28,136.23,136.23,7894
2026-08-21 12:07:59,136.23,136.26,136.23,136.24,2516
2026-08-21 12:08:57,136.24,136.25,136.23,136.25,13763
2026-08-21 12:09:58,136.23,136.25,136.22,136.22,6742
2026-08-21 12:10:59,136.22,136.25,136.22,136.22,2661
2026-08-21 12:11:59,136.23,136.25,136.2,136.2,22085
2026-08-21 12:12:59,136.21,136.21,136.19,136.19,9217
2026-08-21 12:13:55,136.2,136.25,136.2,136.25,2409
2026-08-21 12:14:55,136.21,136.21,136.07,136.17,17537
2026-08-21 12:15:56,136.16,136.17,136.11,136.12,6604
2026-08-21 12:16:56,136.12,136.15,136.1,136.11,13859
2026-08-21 12:17:57,136.11,136.14,136.1,136.14,1730
2026-08-21 12:18:58,136.14,136.15,136.1,136.11,4721
2026-08-21 12:19:58,136.11,136.15,136.11,136.15,2342
2026-08-21 12:20:54,136.14,136.15,136.14,136.15,4952
2026-08-21 12:21:55,136.15,136.17,136.03,136.04,37255
2026-08-21 12:22:56,136.04,136.14,136.04,136.14,5846
2026-08-21 12:23:56,136.14,136.14,136.12,136.13,13248
2026-08-21 12:24:59,136.05,136.15,136.05,136.11,42790
2026-08-21 12:25:59,136.11,136.15,136.11,136.13,7534
2026-08-21 12:26:58,136.14,136.17,136.13,136.15,2825
2026-08-21 12:27:59,136.15,136.21,136.14,136.16,12912
2026-08-21 12:28:59,136.15,136.39,136.12,136.33,66985
2026-08-21 12:29:59,136.34,136.34,135.67,135.68,239707
2026-08-21 12:30:55,135.75,135.77,135.7,135.73,12278
2026-08-21 12:31:56,135.72,135.72,135.65,135.67,44068
2026-08-21 12:32:55,135.73,135.74,135.66,135.69,9756
2026-08-21 12:33:55,135.67,135.67,135.55,135.59,49645
2026-08-21 12:34:59,135.55,135.55,135.45,135.51,101077
2026-08-21 12:35:56,135.51,135.56,135.49,135.56,9290
2026-08-21 12:36:58,135.56,135.56,135.47,135.51,17408
2026-08-21 12:37:59,135.49,135.5,135.47,135.47,7719
2026-08-21 12:38:54,135.49,135.52,135.45,135.51,24378
2026-08-21 12:39:56,135.5,135.56,135.5,135.56,5180
2026-08-21 12:40:56,135.54,135.58,135.51,135.51,11594
2026-08-21 12:41:55,135.53,135.6,135.51,135.6,12546
2026-08-21 12:42:59,135.56,135.6,135.55,135.6,6139
2026-08-21 12:43:59,135.57,135.61,135.55,135.56,29111
2026-08-21 12:44:58,135.57,135.57,135.54,135.56,11443
2026-08-21 12:45:55,135.55,135.57,135.54,135.55,8620
2026-08-21 12:46:55,135.55,135.55,135.52,135.52,15651
2026-08-21 12:47:56,135.53,135.53,135.51,135.51,16434
2026-08-21 12:48:55,135.52,135.56,135.51,135.52,28727
2026-08-21 12:49:59,135.56,135.6,135.54,135.59,3947
2026-08-21 12:50:59,135.58,135.65,135.58,135.64,7479
2026-08-21 12:51:56,135.65,135.73,135.6,135.68,77532
2026-08-21 12:52:59,135.69,135.69,135.6,135.66,25422
2026-08-21 12:53:58,135.69,135.79,135.69,135.76,4079
2026-08-21 12:54:57,135.82,135.88,135.82,135.88,3599
2026-08-21 12:55:59,135.83,135.9,135.78,135.8,23316
2026-08-21 12:56:57,135.8,135.86,135.8,135.8,3206
2026-08-21 12:57:56,135.81,135.87,135.8,135.87,4551
2026-08-21 12:58:59,135.83,136.06,135.83,136.04,40675
2026-08-21 12:59:59,136,136.02,135.87,135.88,21861
2026-08-21 13:00:56,135.9,135.99,135.89,135.97,8855
2026-08-21 13:01:56,135.96,136.02,135.95,136.02,13655
2026-08-21 13:02:58,136.03,136.05,136.01,136.05,8544
2026-08-21 13:03:56,136.04,136.05,136.03,136.03,5645
2026-08-21 13:04:55,136.05,136.08,136.03,136.06,18814
2026-08-21 13:05:55,136.05,136.09,136.05,136.08,3934
2026-08-21 13:06:56,136.09,136.15,136.09,136.1,6794
2026-08-21 13:07:56,136.1,136.17,136.1,136.12,4911
2026-08-21 13:08:57,136.12,136.2,136.12,136.15,12032
2026-08-21 13:09:55,136.16,136.2,136.15,136.2,4404
2026-08-21 13:10:56,136.19,136.2,136.15,136.15,13185
2026-08-21 13:11:57,136.16,136.16,136.09,136.14,29084
2026-08-21 13:12:56,136.11,136.18,136.11,136.16,2438
2026-08-21 13:13:57,136.17,136.2,136.17,136.17,8141
2026-08-21 13:14:57,136.23,136.23,136.16,136.17,12884
2026-08-21 13:15:55,136.17,136.2,136.17,136.2,4770
2026-08-21 13:16:55,136.22,136.22,136.14,136.19,10389
2026-08-21 13:17:57,136.19,136.22,136.18,136.2,2391
2026-08-21 13:18:58,136.2,136.22,136.18,136.21,11489
2026-08-21 13:19:58,136.21,136.31,136.18,136.3,42261
2026-08-21 13:20:58,136.26,136.26,136.15,136.15,29716
2026-08-21 13:21:58,136.13,136.2,136.12,136.2,6476
2026-08-21 13:22:57,136.14,136.19,136.14,136.16,5722
2026-08-21 13:23:58,136.18,136.18,136.15,136.18,2590
2026-08-21 13:24:56,136.18,136.18,136.16,136.18,845
2026-08-21 13:25:55,136.17,136.18,136.16,136.17,2478
2026-08-21 13:26:58,136.17,136.17,136.16,136.16,3816
2026-08-21 13:27:59,136.17,136.19,136.16,136.19,17982
2026-08-21 13:28:56,136.18,136.19,136.17,136.19,4180
2026-08-21 13:29:55,136.19,136.19,136.18,136.18,3212
2026-08-21 13:30:56,136.18,136.18,136.1,136.14,18232
2026-08-21 13:31:56,136.14,136.14,136.13,136.13,2551
2026-08-21 13:32:56,136.14,136.14,136.13,136.14,8068
2026-08-21 13:33:59,136.17,136.17,136.13,136.14,10038
2026-08-21 13:34:56,136.13,136.14,136.13,136.14,2063
2026-08-21 13:35:58,136.13,136.14,136.12,136.12,4129
2026-08-21 13:36:56,136.14,136.14,136.04,136.05,14131
2026-08-21 13:37:58,136.09,136.09,136.05,136.05,4189
2026-08-21 13:38:55,136.07,136.09,136.05,136.09,3887
2026-08-21 13:39:59,136.07,136.14,136.05,136.05,16077
2026-08-21 13:40:57,136.12,136.14,136.05,136.09,3625
2026-08-21 13:41:55,136.06,136.13,136.06,136.11,4530
2026-08-21 13:42:59,136.13,136.14,135.86,135.91,153843
2026-08-21 13:43:59,135.91,135.94,135.86,135.9,23073
2026-08-21 13:44:59,135.9,135.99,135.88,135.96,1964
2026-08-21 13:45:55,135.99,135.99,135.93,135.99,6011
2026-08-21 13:46:58,135.99,135.99,135.97,135.98,2775
2026-08-21 13:47:55,135.99,135.99,135.93,135.94,5438
2026-08-21 13:48:56,135.98,135.98,135.89,135.89,23401
2026-08-21 13:49:59,135.9,135.9,135.83,135.85,20950
2026-08-21 13:50:56,135.88,135.9,135.86,135.9,839
2026-08-21 13:51:58,135.89,135.9,135.88,135.89,3047
2026-08-21 13:52:55,135.92,135.93,135.88,135.9,12092
2026-08-21 13:53:55,135.89,135.98,135.88,135.96,40293
2026-08-21 13:54:58,135.98,135.99,135.94,135.98,3976
2026-08-21 13:55:56,135.98,136,135.95,135.95,9466
2026-08-21 13:56:56,136,136,135.97,135.97,2590
2026-08-21 13:57:56,136,136,135.92,135.98,10924
2026-08-21 13:58:57,135.98,136.02,135.97,136.02,3434
2026-08-21 13:59:56,136,136.02,135.99,136,3635
2026-08-21 14:00:59,135.99,136.02,135.99,136,4127
2026-08-21 14:01:57,136,136.03,135.99,136,8936
2026-08-21 14:02:57,136,136.02,135.98,136,5364
2026-08-21 14:03:58,136,136,135.98,135.99,5670
2026-08-21 14:04:58,136,136.01,135.96,135.96,11525
2026-08-21 14:05:58,135.97,136.02,135.95,135.95,52950
2026-08-21 14:06:57,135.96,136,135.95,135.98,4718
2026-08-21 14:07:54,135.99,135.99,135.98,135.99,2599
2026-08-21 14:08:57,135.99,136,135.95,135.95,7972
2026-08-21 14:09:56,136,136,135.91,135.94,8107
2026-08-21 14:10:58,135.98,135.98,135.94,135.97,754
2026-08-21 14:11:56,135.98,136,135.98,135.99,3763
2026-08-21 14:12:58,136,136,135.98,135.99,3611
2026-08-21 14:13:54,136,136.07,135.98,136,28511
2026-08-21 14:14:57,136,136.04,135.97,136,29897
2026-08-21 14:15:59,136,136.03,135.97,135.97,16155
2026-08-21 14:16:58,135.96,136.02,135.96,135.98,5225
2026-08-21 14:17:57,136,136.02,135.95,135.98,6704
2026-08-21 14:18:56,135.96,136,135.94,135.97,2784
2026-08-21 14:19:55,135.97,136,135.97,136,2181
2026-08-21 14:20:59,135.99,136,135.98,136,2937
2026-08-21 14:21:57,136,136,135.99,136,4817
2026-08-21 14:22:58,135.96,135.98,135.96,135.97,8930
2026-08-21 14:23:58,135.98,136.02,135.98,136,5055
2026-08-21 14:24:58,136.01,136.03,136,136,6579
2026-08-21 14:25:57,136,136.02,135.99,136.02,5216
2026-08-21 14:26:57,136.03,136.03,135.99,136.01,3221
2026-08-21 14:27:58,136.02,136.04,136,136.03,23852
2026-08-21 14:28:54,136.05,136.05,135.99,136,3980
2026-08-21 14:29:58,135.99,136.01,135.99,136,3978
2026-08-21 14:30:56,136.03,136.04,135.99,135.99,26825
2026-08-21 14:31:56,136.04,136.05,135.99,136,16421
2026-08-21 14:32:57,136,136.05,135.99,135.99,9763
2026-08-21 14:33:57,136,136.05,135.97,136,56448
2026-08-21 14:34:57,136,136,135.97,136,19098
2026-08-21 14:35:59,135.97,136,135.96,136,8272
2026-08-21 14:36:59,135.98,136,135.97,136,4040
2026-08-21 14:37:59,135.99,136.01,135.95,135.95,15314
2026-08-21 14:38:55,135.94,135.98,135.93,135.98,2411
2026-08-21 14:39:58,135.98,135.98,135.94,135.95,6389
2026-08-21 14:40:57,135.96,135.96,135.93,135.93,8301
2026-08-21 14:41:54,135.93,135.94,135.92,135.92,8081
2026-08-21 14:42:58,135.92,135.95,135.92,135.93,5637
2026-08-21 14:43:57,135.95,135.95,135.93,135.93,9920
2026-08-21 14:44:56,135.95,135.95,135.92,135.92,1998
2026-08-21 14:45:55,135.94,135.96,135.93,135.96,6892
2026-08-21 14:46:54,135.94,135.99,135.94,135.98,5358
2026-08-21 14:47:54,136.01,136.01,135.97,135.97,6641
2026-08-21 14:48:54,135.99,136,135.98,136,8418
2026-08-21 14:49:54,136,136.02,135.98,136,6286
2026-08-21 14:50:56,136,136.02,135.98,136,7273
2026-08-21 14:51:58,136,136,135.91,135.91,65701
2026-08-21 14:52:59,135.91,135.96,135.86,135.89,33040
2026-08-21 14:53:55,135.86,135.93,135.86,135.89,15373
2026-08-21 14:54:55,135.89,135.89,135.84,135.87,9299
2026-08-21 14:55:53,135.89,135.91,135.88,135.91,12152
2026-08-21 14:56:54,135.91,135.92,135.9,135.9,14128
2026-08-21 14:57:55,135.91,135.93,135.9,135.93,25142
2026-08-21 14:58:57,135.92,135.92,135.81,135.82,118645
2026-08-21 14:59:56,135.82,135.84,135.82,135.83,21227
2026-08-21 15:00:53,135.82,135.85,135.82,135.85,14800
2026-08-21 15:01:54,135.85,135.85,135.84,135.85,36055
2026-08-21 15:02:56,135.85,135.85,135.83,135.85,32819
2026-08-21 15:03:57,135.84,135.85,135.84,135.85,48895
2026-08-21 15:04:59,135.85,135.85,135.85,135.85,14441
2026-08-21 15:05:56,135.85,135.85,135.84,135.84,42380
2026-08-21 15:06:54,135.85,135.85,135.84,135.84,55951
2026-08-21 15:07:59,135.84,135.85,135.84,135.85,36023
2026-08-21 15:08:55,135.85,135.85,135.84,135.85,90715
2026-08-21 15:09:56,135.85,135.85,135.84,135.84,45473
2026-08-21 15:10:53,135.84,135.84,135.84,135.84,26489
2026-08-21 15:11:57,135.84,135.85,135.84,135.85,33186
2026-08-21 15:12:56,135.84,135.87,135.81,135.82,85039
2026-08-21 15:13:58,135.85,135.85,135.75,135.75,156296
2026-08-21 15:14:54,135.73,135.75,135.73,135.75,36472
2026-08-21 15:15:15,135.75,135.75,135.75,135.75,1498
2026-08-21 15:20:55,135.75,135.75,135.75,135.75,72482
2026-08-21 15:22:57,135.75,135.75,135.75,135.75,1144
2026-08-21 15:24:56,135.75,135.75,135.75,135.75,3792
2026-08-21 15:26:55,135.75,135.75,135.75,135.75,2808
2026-08-21 15:28:56,135.75,135.75,135.75,135.75,224
2026-08-21 15:29:54,135.75,135.75,135.75,135.75,3616
2026-08-21 15:30:01,135.9,135.9,135.9,135.9,6496356
2026-08-24 09:07:37,136,136,136,136,35178
2026-08-24 09:15:49,136.01,136.85,135.95,136.85,129872
2026-08-24 09:16:50,136.76,137.63,136.76,137.6,230993
2026-08-24 09:17:59,137.59,137.83,137.13,137.27,187633
2026-08-24 09:18:58,137.27,137.27,137.07,137.1,46492
2026-08-24 09:19:53,137.1,137.15,137.02,137.14,31505
2026-08-24 09:20:54,137.12,137.12,136.9,136.98,102229
2026-08-24 09:21:55,137,137.07,137,137.07,24349
2026-08-24 09:22:55,137.27,137.33,137.22,137.22,71911
2026-08-24 09:23:59,137.24,137.25,137.05,137.05,39852
2026-08-24 09:24:53,137.06,137.29,136.98,137.28,24722
2026-08-24 09:25:58,137.21,137.21,137.06,137.15,16743
2026-08-24 09:26:57,137.14,137.2,137.08,137.14,110462
2026-08-24 09:27:54,137.13,137.2,137.02,137.02,151650
2026-08-24 09:28:53,137.23,137.23,137.09,137.09,155157
2026-08-24 09:29:56,137.2,137.2,137.06,137.17,28647
2026-08-24 09:30:55,137.17,137.17,136.99,136.99,9825
2026-08-24 09:31:59,136.96,136.96,136.88,136.89,17969
2026-08-24 09:32:56,136.87,136.95,136.8,136.95,73277
2026-08-24 09:33:58,136.92,136.92,136.83,136.85,16058
2026-08-24 09:34:58,136.77,136.8,136.74,136.74,22319
2026-08-24 09:35:59,136.73,136.76,136.7,136.7,15544
2026-08-24 09:36:58,136.7,136.83,136.7,136.78,29025
2026-08-24 09:37:57,136.78,136.85,136.78,136.83,23895
2026-08-24 09:38:57,136.85,136.85,136.77,136.77,33893
2026-08-24 09:39:59,136.77,136.82,136.65,136.65,49448
2026-08-24 09:40:59,136.65,136.66,136.6,136.61,33078
2026-08-24 09:41:52,136.63,136.65,136.56,136.56,40609
2026-08-24 09:42:59,136.61,136.65,136.5,136.5,30432
2026-08-24 09:43:58,136.5,136.52,136.43,136.43,15373
2026-08-24 09:44:57,136.45,136.5,136.43,136.45,6654
2026-08-24 09:45:57,136.48,136.59,136.44,136.59,34127
2026-08-24 09:46:59,136.61,136.69,136.52,136.55,37287
2026-08-24 09:47:58,136.57,136.57,136.47,136.55,27087
2026-08-24 09:48:58,136.55,136.59,136.47,136.47,30673
2026-08-24 09:49:56,136.49,136.5,136.45,136.45,4883
2026-08-24 09:50:53,136.48,136.48,136.44,136.44,8366
2026-08-24 09:51:57,136.43,136.44,136.41,136.42,4838
2026-08-24 09:52:54,136.42,136.42,136.27,136.3,26800
2026-08-24 09:53:57,136.33,136.36,136.32,136.33,27280
2026-08-24 09:54:59,136.37,136.4,136.37,136.38,12228
2026-08-24 09:55:54,136.41,136.41,136.38,136.4,14421
2026-08-24 09:56:55,136.4,136.41,136.39,136.39,4772
2026-08-24 09:57:56,136.4,136.42,136.39,136.4,9741
2026-08-24 09:58:57,136.36,136.36,136.33,136.33,24654
2026-08-24 09:59:58,136.34,136.35,136.25,136.25,20855
2026-08-24 10:00:53,136.25,136.25,136.17,136.2,10186
2026-08-24 10:01:58,136.18,136.18,136.15,136.18,14686
2026-08-24 10:02:57,136.18,136.18,136.15,136.18,19410
2026-08-24 10:03:55,136.16,136.16,136.08,136.14,20898
2026-08-24 10:04:55,136.14,136.14,136.1,136.14,14492
2026-08-24 10:05:56,136.1,136.14,136.1,136.14,8724
2026-08-24 10:06:56,136.13,136.14,136.11,136.11,6465
2026-08-24 10:07:55,136.13,136.13,136.1,136.11,9308
2026-08-24 10:08:55,136.14,136.14,136.11,136.14,5487
2026-08-24 10:09:59,136.14,136.14,136.12,136.14,7884
2026-08-24 10:10:58,136.1,136.14,136.1,136.14,13219
2026-08-24 10:11:54,136.1,136.15,136.1,136.15,9490
2026-08-24 10:12:56,136.15,136.15,136.11,136.15,6746
2026-08-24 10:13:59,136.15,136.15,136.04,136.04,18470
2026-08-24 10:14:56,136.13,136.13,136.07,136.09,19099
2026-08-24 10:15:57,136.1,136.11,136.1,136.11,7561
2026-08-24 10:16:54,136.1,136.11,136.1,136.11,2837
2026-08-24 10:17:55,136.07,136.15,136.07,136.11,40893
2026-08-24 10:18:58,136.14,136.25,136.14,136.25,14181
2026-08-24 10:19:54,136.25,136.28,136.21,136.28,11702
2026-08-24 10:20:57,136.28,136.3,136.26,136.27,8013
2026-08-24 10:21:58,136.27,136.27,136.25,136.26,7882
2026-08-24 10:22:59,136.26,136.26,136.21,136.22,5248
2026-08-24 10:23:59,136.26,136.26,136.18,136.22,17885
2026-08-24 10:24:55,136.2,136.2,136.14,136.18,5819
2026-08-24 10:25:57,136.14,136.18,136.14,136.16,5638
2026-08-24 10:26:58,136.18,136.19,136.16,136.19,16841
2026-08-24 10:27:57,136.19,136.2,136.18,136.2,4323
2026-08-24 10:28:57,136.2,136.26,136.2,136.23,23038
2026-08-24 10:29:58,136.21,136.24,136.19,136.2,9229
2026-08-24 10:30:54,136.2,136.24,136.2,136.2,9496
2026-08-24 10:31:56,136.2,136.2,136.2,136.2,2020
2026-08-24 10:32:55,136.2,136.2,136.19,136.19,4280
2026-08-24 10:33:54,136.2,136.21,136.19,136.21,10101
2026-08-24 10:34:59,136.21,136.21,136.2,136.21,5929
2026-08-24 10:35:58,136.21,136.21,136.15,136.2,16309
2026-08-24 10:36:56,136.2,136.2,136.2,136.2,1543
2026-08-24 10:37:55,136.22,136.3,136.22,136.25,21305
2026-08-24 10:38:59,136.25,136.3,136.25,136.28,15439
2026-08-24 10:39:57,136.28,136.28,136.22,136.24,4862
2026-08-24 10:40:55,136.25,136.25,136.22,136.25,4489
2026-08-24 10:41:54,136.25,136.25,136.23,136.25,1957
2026-08-24 10:42:58,136.23,136.25,136.23,136.25,5389
2026-08-24 10:43:57,136.25,136.25,136.18,136.19,8041
2026-08-24 10:44:55,136.22,136.22,136.19,136.2,7260
2026-08-24 10:45:58,136.2,136.2,136.18,136.18,5175
2026-08-24 10:46:56,136.18,136.19,136.18,136.19,3335
2026-08-24 10:47:58,136.19,136.19,136.18,136.18,12499
2026-08-24 10:48:57,136.18,136.24,136.18,136.22,4946
2026-08-24 10:49:59,136.22,136.22,136.2,136.22,1106
2026-08-24 10:50:57,136.22,136.22,136.16,136.22,18488
2026-08-24 10:51:55,136.17,136.22,136.17,136.22,12112
2026-08-24 10:52:58,136.23,136.23,136.17,136.21,17186
2026-08-24 10:53:55,136.22,136.22,136.17,136.19,3981
2026-08-24 10:54:58,136.17,136.31,136.17,136.25,25765
2026-08-24 10:55:59,136.25,136.54,136.21,136.54,34087
2026-08-24 10:56:55,136.5,136.59,136.46,136.59,24353
2026-08-24 10:57:58,136.59,136.59,136.5,136.5,35741
2026-08-24 10:58:54,136.5,136.5,136.46,136.5,7608
2026-08-24 10:59:59,136.44,136.45,136.35,136.35,5314
2026-08-24 11:00:57,136.39,136.39,136.33,136.33,11134
2026-08-24 11:01:58,136.33,136.39,136.33,136.39,1586
2026-08-24 11:02:56,136.39,136.39,136.35,136.35,2620
2026-08-24 11:03:57,136.34,136.34,136.26,136.26,9364
2026-08-24 11:04:58,136.23,136.29,136.23,136.27,14517
2026-08-24 11:05:57,136.26,136.28,136.21,136.25,11655
2026-08-24 11:06:57,136.25,136.3,136.2,136.3,23433
2026-08-24 11:07:54,136.26,136.3,136.26,136.3,3790
2026-08-24 11:08:57,136.3,136.35,136.22,136.31,50296
2026-08-24 11:09:54,136.33,136.33,136.3,136.3,3036
2026-08-24 11:10:57,136.3,136.3,136.28,136.3,4627
2026-08-24 11:11:59,136.3,136.34,136.3,136.34,12332
2026-08-24 11:12:55,136.32,136.34,136.32,136.34,13208
2026-08-24 11:13:57,136.34,136.39,136.34,136.39,8791
2026-08-24 11:14:58,136.39,136.4,136.38,136.4,21720
2026-08-24 11:15:57,136.35,136.39,136.35,136.39,959
2026-08-24 11:16:54,136.39,136.48,136.32,136.48,21161
2026-08-24 11:17:58,136.48,136.48,136.43,136.46,10407
2026-08-24 11:18:59,136.43,136.47,136.43,136.47,10541
2026-08-24 11:19:59,136.47,136.54,136.43,136.47,31207
2026-08-24 11:20:55,136.5,136.5,136.44,136.45,18988
2026-08-24 11:21:59,136.5,136.5,136.43,136.45,25407
2026-08-24 11:22:57,136.45,136.45,136.4,136.4,9138
2026-08-24 11:23:57,136.4,136.4,136.36,136.36,5012
2026-08-24 11:24:59,136.38,136.38,136.37,136.38,5879
2026-08-24 11:25:54,136.38,136.45,136.32,136.45,40489
2026-08-24 11:26:57,136.44,136.48,136.44,136.47,6057
2026-08-24 11:27:58,136.47,136.54,136.47,136.54,12140
2026-08-24 11:28:59,136.52,136.59,136.52,136.56,17259
2026-08-24 11:29:56,136.56,136.56,136.52,136.56,5663
2026-08-24 11:30:58,136.56,136.56,136.5,136.5,44244
2026-08-24 11:31:58,136.53,136.53,136.51,136.51,19796
2026-08-24 11:32:56,136.53,136.7,136.53,136.62,41602
2026-08-24 11:33:56,136.62,136.7,136.62,136.65,19560
2026-08-24 11:34:55,136.65,136.65,136.61,136.64,2635
2026-08-24 11:35:58,136.64,136.64,136.6,136.6,16765
2026-08-24 11:36:57,136.6,136.62,136.56,136.62,15312
2026-08-24 11:37:54,136.63,136.65,136.62,136.65,5829
2026-08-24 11:38:56,136.65,136.67,136.61,136.67,38278
2026-08-24 11:39:56,136.74,136.74,136.66,136.66,7218
2026-08-24 11:40:56,136.67,136.74,136.65,136.74,16349
2026-08-24 11:41:57,136.69,136.73,136.69,136.69,4999
2026-08-24 11:42:55,136.68,136.9,136.68,136.9,57658
2026-08-24 11:43:59,136.95,137.1,136.89,137.07,62515
2026-08-24 11:44:59,137.1,137.18,137.09,137.11,30255
2026-08-24 11:45:55,137.11,137.3,137.1,137.3,64970
2026-08-24 11:46:59,137.25,137.29,137.18,137.28,62917
2026-08-24 11:47:58,137.28,137.28,137.24,137.25,5681
2026-08-24 11:48:57,137.2,137.2,137.1,137.1,6777
2026-08-24 11:49:55,137.15,137.23,137.09,137.21,31461
2026-08-24 11:50:54,137.21,137.21,137.15,137.16,5440
2026-08-24 11:51:58,137.16,137.25,137.16,137.24,10823
2026-08-24 11:52:54,137.23,137.29,137.18,137.24,24134
2026-08-24 11:53:58,137.27,137.32,137.24,137.29,25423
2026-08-24 11:54:55,137.29,137.29,137.25,137.25,6692
2026-08-24 11:55:59,137.24,137.3,137.24,137.28,31871
2026-08-24 11:56:58,137.3,137.5,137.25,137.5,121272
2026-08-24 11:57:59,137.45,137.45,137.3,137.32,55306
2026-08-24 11:58:57,137.36,137.74,137.36,137.74,104093
2026-08-24 11:59:59,137.8,137.9,137.7,137.85,96855
2026-08-24 12:00:59,137.84,137.99,137.75,137.78,88080
2026-08-24 12:01:59,137.79,137.84,137.67,137.8,30652
2026-08-24 12:02:59,137.76,138.06,137.7,138,151570
2026-08-24 12:03:59,138.04,138.19,137.98,138.06,49371
2026-08-24 12:04:59,138.08,138.14,137.92,137.92,25482
2026-08-24 12:05:59,137.95,137.95,137.75,137.75,28540
2026-08-24 12:06:59,137.76,137.9,137.75,137.89,29604
2026-08-24 12:07:59,137.89,138.14,137.89,138,65368
2026-08-24 12:08:59,138.02,138.1,138,138.06,35236
2026-08-24 12:09:59,138.06,138.13,138.04,138.13,64680
2026-08-24 12:10:55,138.13,138.24,138.1,138.2,48740
2026-08-24 12:11:57,138.16,138.2,138.14,138.2,20945
2026-08-24 12:12:54,138.12,138.12,138.08,138.11,25498
2026-08-24 12:13:56,138.1,138.1,138.05,138.1,17695
2026-08-24 12:14:57,138.06,138.2,138.06,138.18,72203
2026-08-24 12:15:58,138.2,138.25,138.12,138.14,46950
2026-08-24 12:16:59,138.2,138.2,138.04,138.1,24893
2026-08-24 12:17:59,138.12,138.2,138.09,138.14,11422
2026-08-24 12:18:58,138.09,138.09,138,138.06,28998
2026-08-24 12:19:59,138.05,138.08,137.98,138.08,26376
2026-08-24 12:20:59,138.1,138.11,138.04,138.05,24040
2026-08-24 12:21:55,138.08,138.2,138.08,138.15,59834
2026-08-24 12:22:57,138.15,138.4,138.15,138.36,76336
2026-08-24 12:23:59,138.35,138.4,138.25,138.28,42541
2026-08-24 12:24:59,138.27,138.39,138.27,138.3,45954
2026-08-24 12:25:59,138.34,138.34,138.3,138.34,11388
2026-08-24 12:26:56,138.3,138.31,138.25,138.3,18910
2026-08-24 12:27:58,138.29,138.32,138,138.07,130554
2026-08-24 12:28:59,138.06,138.17,138.06,138.13,29296
2026-08-24 12:29:59,138.15,138.16,138.05,138.1,14065
2026-08-24 12:30:59,138.1,138.1,138,138.01,16579
2026-08-24 12:31:55,138,138.01,137.9,137.9,27247
2026-08-24 12:32:59,137.95,137.95,137.9,137.9,11578
2026-08-24 12:33:57,137.94,137.94,137.9,137.9,7507
2026-08-24 12:34:56,137.9,138,137.9,137.93,71912
2026-08-24 12:35:57,137.9,137.93,137.9,137.9,3531
2026-08-24 12:36:58,137.9,138.01,137.9,138,27090
2026-08-24 12:37:59,138,138.09,138,138.09,34344
2026-08-24 12:38:59,138.03,138.12,138.03,138.05,15234
2026-08-24 12:39:55,138.05,138.13,138.05,138.12,19308
2026-08-24 12:40:57,138.12,138.12,138.04,138.05,12578
2026-08-24 12:41:56,138.05,138.1,138.05,138.1,17181
2026-08-24 12:42:56,138.1,138.11,138.07,138.1,11586
2026-08-24 12:43:58,138.1,138.12,138.05,138.07,10315
2026-08-24 12:44:59,138.07,138.12,138.03,138.07,11561
2026-08-24 12:45:59,138.07,138.11,138.05,138.09,13725
2026-08-24 12:46:57,138.04,138.09,138.04,138.08,9141
2026-08-24 12:47:57,138.05,138.09,138.02,138.07,14022
2026-08-24 12:48:59,138.04,138.07,138.04,138.04,8158
2026-08-24 12:49:56,138.07,138.07,138.06,138.07,4441
2026-08-24 12:50:57,138.06,138.07,138.02,138.04,2941
2026-08-24 12:51:57,138.02,138.02,138,138,11294
2026-08-24 12:52:59,138,138,137.91,137.92,10132
2026-08-24 12:53:55,137.92,137.96,137.92,137.95,12645
2026-08-24 12:54:58,137.95,137.96,137.93,137.93,4360
2026-08-24 12:55:59,137.94,138.05,137.94,138.05,50845
2026-08-24 12:56:56,138.05,138.2,138.02,138.14,58935
2026-08-24 12:57:59,138.2,138.44,138.19,138.37,97297
2026-08-24 12:58:59,138.4,138.42,138.28,138.29,12864
2026-08-24 12:59:57,138.32,138.36,138.29,138.36,13634
2026-08-24 13:00:58,138.36,138.37,138.3,138.3,12959
2026-08-24 13:01:58,138.35,138.35,138.29,138.29,17959
2026-08-24 13:02:56,138.32,138.34,138.18,138.19,8378
2026-08-24 13:03:57,138.19,138.19,138.14,138.14,12032
2026-08-24 13:04:58,138.14,138.14,138.09,138.09,12812
2026-08-24 13:05:55,138.1,138.1,138.05,138.1,10804
2026-08-24 13:06:58,138.1,138.15,138.02,138.1,16211
2026-08-24 13:07:55,138.1,138.15,138.06,138.1,4047
2026-08-24 13:08:56,138.06,138.1,138.01,138.1,14711
2026-08-24 13:09:56,138.1,138.11,138.09,138.09,22425
2026-08-24 13:10:58,138.07,138.13,138.07,138.1,9819
2026-08-24 13:11:55,138.1,138.1,138.07,138.1,12777
2026-08-24 13:12:55,138.09,138.1,138.05,138.09,5730
2026-08-24 13:13:55,138.05,138.1,138.04,138.04,12069
2026-08-24 13:14:57,138.08,138.08,138,138.02,9016
2026-08-24 13:15:58,138.02,138.13,138.02,138.09,47472
2026-08-24 13:16:59,138.05,138.17,138.03,138.17,19357
2026-08-24 13:17:55,138.13,138.14,138.08,138.08,7707
2026-08-24 13:18:56,138.13,138.13,138.08,138.08,2623
2026-08-24 13:19:57,138.08,138.15,138.07,138.14,13289
2026-08-24 13:20:57,138.14,138.14,138.11,138.13,3729
2026-08-24 13:21:58,138.14,138.16,138.04,138.04,8301
2026-08-24 13:22:57,138.08,138.08,138.02,138.08,15540
2026-08-24 13:23:57,138.05,138.09,138.05,138.06,9374
2026-08-24 13:24:58,138.06,138.06,138.03,138.03,3096
2026-08-24 13:25:56,138.05,138.05,138.01,138.04,2019
2026-08-24 13:26:57,138.01,138.02,138,138.02,21076
2026-08-24 13:27:58,138,138.03,138,138.03,4191
2026-08-24 13:28:59,138.03,138.12,138.02,138.09,44281
2026-08-24 13:29:59,138.09,138.09,138.09,138.09,2222
2026-08-24 13:30:56,138.07,138.1,138.07,138.1,9041
2026-08-24 13:31:59,138.1,138.1,138.05,138.08,1497
2026-08-24 13:32:59,138.08,138.08,138.02,138.02,7772
2026-08-24 13:33:59,138,138.02,138,138.02,4114
2026-08-24 13:34:56,138.02,138.02,138,138.01,6217
2026-08-24 13:35:58,138.01,138.02,138,138.02,21305
2026-08-24 13:36:57,138.02,138.02,138,138.01,21116
2026-08-24 13:37:58,138.01,138.02,138,138.01,5128
2026-08-24 13:38:58,138.02,138.03,138.02,138.03,8277
2026-08-24 13:39:58,138.02,138.03,138.02,138.03,2406
2026-08-24 13:40:57,138.03,138.03,138,138,8392
2026-08-24 13:41:58,138.02,138.08,138,138.03,25603
2026-08-24 13:42:58,138.03,138.08,138.03,138.03,5192
2026-08-24 13:43:55,138.08,138.08,138.03,138.03,9383
2026-08-24 13:44:55,138.03,138.03,138.01,138.03,23777
2026-08-24 13:45:57,138.03,138.09,138.03,138.08,17648
2026-08-24 13:46:57,138.07,138.07,138,138,13111
2026-08-24 13:47:55,138.06,138.08,138.04,138.07,20740
2026-08-24 13:48:56,138.07,138.1,138.03,138.06,26870
2026-08-24 13:49:59,138.09,138.15,138.09,138.09,1848
2026-08-24 13:50:55,138.09,138.1,138.06,138.07,1636
2026-08-24 13:51:57,138.06,138.07,138.06,138.06,968
2026-08-24 13:52:59,138.06,138.06,138.04,138.04,4858
2026-08-24 13:53:56,138.04,138.04,138,138,53480
2026-08-24 13:54:58,138.01,138.01,138,138.01,5685
2026-08-24 13:55:54,138,138.01,138,138.01,9977
2026-08-24 13:56:57,138.01,138.01,138,138,24315
2026-08-24 13:57:59,138,138,137.83,137.83,236453
2026-08-24 13:58:55,137.89,137.89,137.84,137.88,5322
2026-08-24 13:59:55,137.88,137.88,137.86,137.86,3788
2026-08-24 14:00:54,137.86,137.86,137.8,137.85,13156
2026-08-24 14:01:56,137.8,137.85,137.8,137.83,6343
2026-08-24 14:02:58,137.83,137.83,137.8,137.82,16170
2026-08-24 14:03:56,137.82,137.84,137.82,137.84,26080
2026-08-24 14:04:58,137.83,137.84,137.82,137.83,5317
2026-08-24 14:05:55,137.83,137.83,137.82,137.82,3005
2026-08-24 14:06:59,137.82,137.82,137.8,137.81,8666
2026-08-24 14:07:55,137.81,137.81,137.75,137.75,6486
2026-08-24 14:08:59,137.79,137.79,137.75,137.75,4296
2026-08-24 14:09:58,137.75,137.75,137.7,137.74,21420
2026-08-24 14:10:57,137.7,137.75,137.7,137.7,6374
2026-08-24 14:11:55,137.74,137.74,137.68,137.7,7090
2026-08-24 14:12:57,137.7,137.7,137.62,137.67,18014
2026-08-24 14:13:58,137.67,137.67,137.64,137.67,5690
2026-08-24 14:14:57,137.67,137.67,137.64,137.64,6547
2026-08-24 14:15:56,137.6,137.64,137.6,137.63,21818
2026-08-24 14:16:57,137.61,137.62,137.61,137.62,1857
2026-08-24 14:17:59,137.62,137.62,137.52,137.56,14246
2026-08-24 14:18:54,137.56,137.56,137.45,137.5,20372
2026-08-24 14:19:56,137.49,137.49,137.42,137.45,24308
2026-08-24 14:20:57,137.45,137.56,137.45,137.51,48976
2026-08-24 14:21:58,137.56,137.56,137.53,137.54,4518
2026-08-24 14:22:59,137.52,137.53,137.5,137.51,15219
2026-08-24 14:23:59,137.51,137.52,137.5,137.51,8322
2026-08-24 14:24:56,137.51,137.51,137.47,137.49,3369
2026-08-24 14:25:57,137.49,137.56,137.48,137.56,32968
2026-08-24 14:26:59,137.51,137.56,137.51,137.55,11580
2026-08-24 14:27:57,137.55,137.55,137.53,137.54,4067
2026-08-24 14:28:54,137.54,137.55,137.52,137.55,8845
2026-08-24 14:29:54,137.55,137.6,137.51,137.55,38445
2026-08-24 14:30:58,137.59,137.61,137.58,137.58,7646
2026-08-24 14:31:56,137.59,137.59,137.59,137.59,2293
2026-08-24 14:32:59,137.59,137.6,137.59,137.6,15488
2026-08-24 14:33:58,137.6,137.6,137.59,137.6,9617
2026-08-24 14:34:58,137.6,137.61,137.59,137.6,3764
2026-08-24 14:35:54,137.6,137.65,137.59,137.65,10049
2026-08-24 14:36:57,137.65,137.65,137.62,137.62,4108
2026-08-24 14:37:59,137.63,137.63,137.62,137.63,3734
2026-08-24 14:38:55,137.63,137.63,137.52,137.52,14483
2026-08-24 14:39:58,137.54,137.56,137.51,137.54,17173
2026-08-24 14:40:56,137.51,137.56,137.51,137.56,2221
2026-08-24 14:41:59,137.55,137.57,137.55,137.57,23567
2026-08-24 14:42:59,137.58,137.67,137.58,137.65,48976
2026-08-24 14:43:57,137.65,137.65,137.6,137.63,35715
2026-08-24 14:44:55,137.63,137.67,137.63,137.64,12645
2026-08-24 14:45:54,137.64,137.65,137.63,137.65,9074
2026-08-24 14:46:58,137.65,137.65,137.64,137.64,5386
2026-08-24 14:47:56,137.65,137.65,137.64,137.64,7853
2026-08-24 14:48:56,137.64,137.65,137.63,137.65,27205
2026-08-24 14:49:55,137.65,137.65,137.62,137.62,15816
2026-08-24 14:50:54,137.62,137.63,137.58,137.6,15033
2026-08-24 14:51:58,137.6,137.63,137.59,137.62,23459
2026-08-24 14:52:57,137.6,137.62,137.57,137.61,18379
2026-08-24 14:53:56,137.56,137.58,137.56,137.57,15642
2026-08-24 14:54:53,137.58,137.65,137.58,137.64,33423
2026-08-24 14:55:57,137.64,137.64,137.63,137.64,10238
2026-08-24 14:56:54,137.64,137.64,137.62,137.63,12252
2026-08-24 14:57:54,137.63,137.63,137.57,137.59,39246
2026-08-24 14:58:56,137.58,137.59,137.52,137.52,31894
2026-08-24 14:59:55,137.52,137.57,137.51,137.51,56713
2026-08-24 15:00:52,137.51,137.51,137.42,137.43,49511
2026-08-24 15:01:58,137.43,137.44,137.42,137.43,46604
2026-08-24 15:02:53,137.46,137.5,137.45,137.49,52111
2026-08-24 15:03:53,137.5,137.51,137.49,137.51,29174
2026-08-24 15:04:54,137.52,137.55,137.51,137.52,46762
2026-08-24 15:05:57,137.54,137.68,137.51,137.64,154816
2026-08-24 15:06:54,137.63,137.7,137.63,137.7,54436
2026-08-24 15:07:59,137.69,137.69,137.65,137.65,79717
2026-08-24 15:08:56,137.66,137.74,137.65,137.73,105458
2026-08-24 15:09:56,137.76,137.76,137.73,137.75,55124
2026-08-24 15:10:54,137.74,137.75,137.73,137.74,53641
2026-08-24 15:11:58,137.73,137.74,137.73,137.74,43290
2026-08-24 15:12:57,137.7,137.84,137.69,137.84,179504
2026-08-24 15:13:58,137.84,137.97,137.81,137.91,70258
2026-08-24 15:14:56,137.91,138.01,137.6,137.6,37278
2026-08-24 15:15:14,138,138,138,138,100
2026-08-24 15:20:58,138,138,138,138,250928
2026-08-24 15:21:55,138,138,138,138,284
2026-08-24 15:23:59,138,138,138,138,143
2026-08-24 15:26:57,138,138,138,138,1514
2026-08-24 15:28:58,138,138,138,138,460
2026-08-24 15:29:06,138.5,138.5,138.5,138.5,9181313
2026-08-25 09:08:00,138,138,138,138,24471
2026-08-25 09:15:54,138.03,138.09,137.45,137.66,47123
2026-08-25 09:16:52,137.71,137.71,137.6,137.71,30992
2026-08-25 09:17:56,137.61,137.77,137.61,137.7,40851
2026-08-25 09:18:58,137.67,137.82,137.67,137.82,41870
2026-08-25 09:19:51,137.76,137.85,137.71,137.79,21210
2026-08-25 09:20:52,137.88,137.99,137.84,137.99,10471
2026-08-25 09:21:52,137.96,137.96,137.89,137.9,27790
2026-08-25 09:22:58,137.92,137.95,137.8,137.84,9774
2026-08-25 09:23:55,137.77,137.83,137.65,137.65,26974
2026-08-25 09:24:52,137.67,137.7,137.57,137.6,17900
2026-08-25 09:25:58,137.41,137.41,137.31,137.4,39076
2026-08-25 09:26:54,137.37,137.37,137.25,137.29,38711
2026-08-25 09:27:58,137.24,137.31,137.21,137.28,20963
2026-08-25 09:28:53,137.31,137.35,137.3,137.35,9529
2026-08-25 09:29:56,137.32,137.34,137.28,137.3,12281
2026-08-25 09:30:59,137.27,137.43,137.27,137.33,35886
2026-08-25 09:31:54,137.33,137.39,137.32,137.39,4891
2026-08-25 09:32:55,137.4,137.4,137.34,137.35,52486
2026-08-25 09:33:56,137.29,137.43,137.29,137.39,31560
2026-08-25 09:34:55,137.43,137.43,137.26,137.26,9851
2026-08-25 09:35:55,137.33,137.37,137.27,137.37,9661
2026-08-25 09:36:56,137.43,137.48,137.4,137.4,12816
2026-08-25 09:37:56,137.37,137.44,137.35,137.39,8037
2026-08-25 09:38:54,137.42,137.42,137.36,137.4,3686
2026-08-25 09:39:54,137.39,137.4,137.35,137.38,6062
2026-08-25 09:40:54,137.39,137.44,137.36,137.4,18122
2026-08-25 09:41:58,137.4,137.42,137.35,137.38,15639
2026-08-25 09:42:54,137.36,137.43,137.32,137.4,13535
2026-08-25 09:43:58,137.5,137.57,137.46,137.5,31306
2026-08-25 09:44:54,137.51,137.7,137.5,137.7,40806
2026-08-25 09:45:59,137.63,137.65,137.51,137.55,16316
2026-08-25 09:46:56,137.56,137.6,137.46,137.47,11908
2026-08-25 09:47:58,137.52,137.59,137.51,137.54,11378
2026-08-25 09:48:55,137.56,137.56,137.49,137.53,5882
2026-08-25 09:49:56,137.53,137.53,137.46,137.46,3230
2026-08-25 09:50:59,137.5,137.54,137.47,137.47,13579
2026-08-25 09:51:59,137.5,137.55,137.46,137.55,4912
2026-08-25 09:52:54,137.6,137.6,137.48,137.51,8766
2026-08-25 09:53:58,137.46,137.52,137.43,137.43,6179
2026-08-25 09:54:53,137.48,137.5,137.43,137.5,6520
2026-08-25 09:55:53,137.5,137.5,137.45,137.45,6046
2026-08-25 09:56:53,137.48,137.48,137.4,137.47,7709
2026-08-25 09:57:59,137.47,137.48,137.43,137.48,2706
2026-08-25 09:58:58,137.48,137.48,137.45,137.48,1799
2026-08-25 09:59:56,137.45,137.47,137.42,137.42,12724
2026-08-25 10:00:59,137.45,137.45,137.4,137.4,1571
2026-08-25 10:01:55,137.38,137.44,137.38,137.4,1221
2026-08-25 10:02:58,137.4,137.4,137.35,137.35,2720
2026-08-25 10:03:58,137.38,137.38,137.35,137.38,2230
2026-08-25 10:04:56,137.35,137.38,137.35,137.38,5615
2026-08-25 10:05:58,137.42,137.42,137.38,137.41,9626
2026-08-25 10:06:56,137.41,137.42,137.38,137.38,1723
2026-08-25 10:07:57,137.4,137.4,137.37,137.38,17966
2026-08-25 10:08:59,137.36,137.36,137.25,137.3,9433
2026-08-25 10:09:55,137.28,137.3,137.2,137.3,24852
2026-08-25 10:10:58,137.28,137.28,137.18,137.25,16593
2026-08-25 10:11:55,137.27,137.3,137.27,137.28,11432
2026-08-25 10:12:55,137.3,137.35,137.3,137.31,3533
2026-08-25 10:13:57,137.34,137.37,137.34,137.37,2683
2026-08-25 10:14:57,137.37,137.37,137.29,137.29,5804
2026-08-25 10:15:58,137.32,137.35,137.26,137.3,19096
2026-08-25 10:16:59,137.34,137.34,137.27,137.27,23284
2026-08-25 10:17:55,137.27,137.33,137.25,137.26,939
2026-08-25 10:18:57,137.26,137.28,137.16,137.28,25684
2026-08-25 10:19:59,137.28,137.28,137.21,137.26,4617
2026-08-25 10:20:54,137.21,137.25,137.14,137.19,12278
2026-08-25 10:21:55,137.15,137.2,137.14,137.19,2546
2026-08-25 10:22:56,137.2,137.2,137.11,137.18,4971
2026-08-25 10:23:57,137.2,137.2,137.13,137.18,8535
2026-08-25 10:24:57,137.18,137.18,137.13,137.18,3054
2026-08-25 10:25:54,137.18,137.18,137.13,137.18,4076
2026-08-25 10:26:55,137.18,137.18,137.1,137.17,18096
2026-08-25 10:27:56,137.18,137.21,137.14,137.19,18911
2026-08-25 10:28:55,137.2,137.2,137.15,137.2,2248
2026-08-25 10:29:55,137.15,137.23,137.15,137.23,1377
2026-08-25 10:30:56,137.23,137.23,137.2,137.2,4342
2026-08-25 10:31:55,137.16,137.21,137.15,137.21,4622
2026-08-25 10:32:59,137.2,137.24,137.15,137.24,2022
2026-08-25 10:33:55,137.23,137.25,137.23,137.24,1779
2026-08-25 10:34:56,137.24,137.24,137.12,137.22,17890
2026-08-25 10:35:58,137.22,137.22,137.14,137.21,4024
2026-08-25 10:36:59,137.21,137.21,137.16,137.2,2764
2026-08-25 10:37:55,137.2,137.21,137.18,137.18,1708
2026-08-25 10:38:57,137.21,137.21,137.13,137.13,8513
2026-08-25 10:39:57,137.12,137.17,137.07,137.1,11795
2026-08-25 10:40:58,137.1,137.12,137.07,137.11,9924
2026-08-25 10:41:54,137.11,137.11,137.08,137.11,2165
2026-08-25 10:42:57,137.11,137.11,137.1,137.11,3044
2026-08-25 10:43:58,137.08,137.15,137.08,137.11,5900
2026-08-25 10:44:56,137.11,137.16,137.1,137.1,4331
2026-08-25 10:45:56,137.13,137.14,137.11,137.14,640
2026-08-25 10:46:56,137.11,137.14,137.11,137.12,2946
2026-08-25 10:47:55,137.1,137.1,137.08,137.1,5024
2026-08-25 10:48:56,137.1,137.14,137.06,137.13,7533
2026-08-25 10:49:56,137.13,137.14,137.08,137.1,2716
2026-08-25 10:50:59,137.08,137.14,137.08,137.14,3733
2026-08-25 10:51:59,137.14,137.18,137.1,137.18,8152
2026-08-25 10:52:58,137.18,137.19,137.12,137.19,1284
2026-08-25 10:53:58,137.19,137.2,137.15,137.19,1465
2026-08-25 10:54:55,137.19,137.22,137.15,137.22,1673
2026-08-25 10:55:54,137.22,137.22,137.15,137.15,3979
2026-08-25 10:56:57,137.15,137.23,137.15,137.23,2634
2026-08-25 10:57:56,137.2,137.2,137.15,137.15,34286
2026-08-25 10:58:54,137.15,137.19,137.15,137.19,4617
2026-08-25 10:59:58,137.19,137.19,137.15,137.19,1527
2026-08-25 11:00:59,137.22,137.27,137.2,137.27,12977
2026-08-25 11:01:58,137.26,137.29,137.23,137.25,4384
2026-08-25 11:02:57,137.26,137.26,137.23,137.25,2326
2026-08-25 11:03:59,137.25,137.25,137.2,137.22,3624
2026-08-25 11:04:56,137.22,137.22,137.17,137.17,1515
2026-08-25 11:05:57,137.17,137.2,137.15,137.19,2616
2026-08-25 11:06:59,137.18,137.18,137.12,137.14,5476
2026-08-25 11:07:56,137.16,137.16,137.16,137.16,2190
2026-08-25 11:08:57,137.16,137.16,137.11,137.11,3972
2026-08-25 11:09:55,137.16,137.16,137.1,137.15,4897
2026-08-25 11:10:59,137.12,137.12,137.1,137.1,2653
2026-08-25 11:11:55,137.12,137.12,137.1,137.1,1529
2026-08-25 11:12:57,137.11,137.11,137.02,137.07,27430
2026-08-25 11:13:55,137.07,137.07,137.06,137.07,938
2026-08-25 11:14:56,137.07,137.07,137.05,137.05,1208
2026-08-25 11:15:56,137.07,137.07,137,137.02,24915
2026-08-25 11:16:55,137.02,137.07,137.02,137.07,2837
2026-08-25 11:17:56,137.07,137.07,137.02,137.03,16940
2026-08-25 11:18:56,137.03,137.07,137.03,137.07,7835
2026-08-25 11:19:58,137.06,137.1,137.05,137.1,1941
2026-08-25 11:20:58,137.05,137.33,137.05,137.32,24354
2026-08-25 11:21:59,137.3,137.35,137.26,137.35,6441
2026-08-25 11:22:59,137.3,137.55,137.3,137.5,77230
2026-08-25 11:23:59,137.5,137.54,137.5,137.53,5588
2026-08-25 11:24:54,137.53,137.62,137.51,137.62,11479
2026-08-25 11:25:56,137.6,137.62,137.55,137.6,25236
2026-08-25 11:26:59,137.56,137.64,137.56,137.62,11625
2026-08-25 11:27:58,137.62,137.85,137.62,137.85,56667
2026-08-25 11:28:59,137.9,137.91,137.79,137.83,143427
2026-08-25 11:29:59,137.79,137.82,137.7,137.72,3110
2026-08-25 11:30:59,137.72,137.72,137.65,137.69,2572
2026-08-25 11:31:56,137.69,137.69,137.64,137.68,7936
2026-08-25 11:32:59,137.68,137.68,137.66,137.66,1840
2026-08-25 11:33:59,137.66,137.69,137.65,137.69,4889
2026-08-25 11:34:56,137.69,137.69,137.65,137.69,2304
2026-08-25 11:35:56,137.69,137.88,137.64,137.88,20796
2026-08-25 11:36:56,137.83,137.84,137.8,137.82,3411
2026-08-25 11:37:56,137.82,137.82,137.8,137.81,18970
2026-08-25 11:38:55,137.8,137.81,137.77,137.8,6161
2026-08-25 11:39:59,137.8,137.8,137.76,137.79,1561
2026-08-25 11:40:56,137.77,137.8,137.77,137.79,4323
2026-08-25 11:41:55,137.77,137.79,137.75,137.77,5436
2026-08-25 11:42:56,137.75,137.77,137.71,137.76,1341
2026-08-25 11:43:57,137.76,137.76,137.71,137.71,2559
2026-08-25 11:44:58,137.75,137.75,137.74,137.74,480
2026-08-25 11:45:55,137.74,137.74,137.71,137.72,2940
2026-08-25 11:46:56,137.72,137.72,137.6,137.68,34535
2026-08-25 11:47:57,137.63,137.67,137.63,137.64,8842
2026-08-25 11:48:58,137.64,137.64,137.6,137.6,63888
2026-08-25 11:49:55,137.57,137.64,137.56,137.64,15546
2026-08-25 11:50:57,137.64,137.64,137.6,137.6,2338
2026-08-25 11:51:58,137.6,137.63,137.58,137.6,5887
2026-08-25 11:52:56,137.62,137.66,137.61,137.66,18800
2026-08-25 11:53:59,137.66,137.81,137.65,137.8,451872
2026-08-25 11:54:59,137.79,137.81,137.73,137.76,16656
2026-08-25 11:55:56,137.8,137.8,137.72,137.72,8907
2026-08-25 11:56:55,137.78,137.78,137.73,137.78,4357
2026-08-25 11:57:59,137.78,137.83,137.78,137.82,11283
2026-08-25 11:58:55,137.83,137.87,137.83,137.87,14180
2026-08-25 11:59:59,137.83,137.86,137.8,137.84,4442
2026-08-25 12:00:54,137.8,137.84,137.77,137.82,7655
2026-08-25 12:01:58,137.82,137.82,137.77,137.77,1669
2026-08-25 12:02:59,137.75,137.8,137.75,137.79,4144
2026-08-25 12:03:57,137.8,137.83,137.77,137.81,15995
2026-08-25 12:04:56,137.81,137.81,137.8,137.81,9216
2026-08-25 12:05:56,137.81,137.81,137.76,137.77,2815
2026-08-25 12:06:56,137.8,137.84,137.75,137.84,11031
2026-08-25 12:07:55,137.81,137.84,137.78,137.81,2104
2026-08-25 12:08:56,137.81,137.81,137.76,137.77,1975
2026-08-25 12:09:56,137.77,137.77,137.73,137.77,1792
2026-08-25 12:10:56,137.77,137.79,137.73,137.77,8237
2026-08-25 12:11:55,137.77,137.77,137.73,137.77,3174
2026-08-25 12:12:56,137.73,137.77,137.73,137.77,2044
2026-08-25 12:13:55,137.77,137.77,137.71,137.77,2304
2026-08-25 12:14:56,137.77,137.77,137.7,137.76,9172
2026-08-25 12:15:57,137.76,137.76,137.7,137.7,3076
2026-08-25 12:16:58,137.7,137.75,137.7,137.7,3000
2026-08-25 12:17:55,137.78,137.78,137.73,137.78,15885
2026-08-25 12:18:56,137.78,137.78,137.72,137.77,3433
2026-08-25 12:19:55,137.77,137.77,137.7,137.72,9122
2026-08-25 12:20:56,137.72,137.76,137.72,137.76,14952
2026-08-25 12:21:56,137.76,137.79,137.71,137.79,10086
2026-08-25 12:22:56,137.77,137.79,137.72,137.72,24753
2026-08-25 12:23:55,137.77,137.79,137.75,137.79,2267
2026-08-25 12:24:57,137.79,137.9,137.79,137.9,19854
2026-08-25 12:25:59,137.89,137.9,137.83,137.83,6035
2026-08-25 12:26:55,137.88,138.05,137.83,138.04,91867
2026-08-25 12:27:59,138.04,138.04,138,138.02,10349
2026-08-25 12:28:58,137.96,138.02,137.95,137.95,4389
2026-08-25 12:29:57,137.94,138,137.92,137.97,6792
2026-08-25 12:30:56,137.97,137.97,137.9,137.91,23333
2026-08-25 12:31:57,137.9,137.93,137.9,137.9,22088
2026-08-25 12:32:57,137.92,137.92,137.91,137.92,2831
2026-08-25 12:33:55,137.9,137.94,137.9,137.93,2341
2026-08-25 12:34:58,137.93,137.93,137.85,137.9,8208
2026-08-25 12:35:57,137.9,137.95,137.9,137.94,10806
2026-08-25 12:36:57,137.93,137.94,137.86,137.94,1628
2026-08-25 12:37:55,137.94,137.94,137.85,137.9,6668
2026-08-25 12:38:56,137.9,138.03,137.86,138,95888
2026-08-25 12:39:58,138,138.04,137.95,137.95,5432
2026-08-25 12:40:56,138,138,137.94,137.99,1813
2026-08-25 12:41:57,137.99,137.99,137.95,137.99,293
2026-08-25 12:42:58,137.99,137.99,137.96,137.97,2544
2026-08-25 12:43:58,137.96,137.98,137.9,137.9,5268
2026-08-25 12:44:57,137.9,137.91,137.9,137.91,21390
2026-08-25 12:45:59,137.9,138.13,137.9,138.13,60167
2026-08-25 12:46:57,138.11,138.11,137.99,138.08,29023
2026-08-25 12:47:59,138.06,138.1,138.03,138.09,19592
2026-08-25 12:48:59,138.03,138.09,138.01,138.01,14594
2026-08-25 12:49:59,138.01,138.04,137.99,138,12668
2026-08-25 12:50:57,137.99,138.02,137.99,138,65601
2026-08-25 12:51:57,137.97,138.02,137.97,138.02,15114
2026-08-25 12:52:57,138.04,138.04,137.95,137.95,27247
2026-08-25 12:53:57,137.98,138.01,137.94,138.01,16873
2026-08-25 12:54:58,137.96,138.01,137.96,138,5324
2026-08-25 12:55:59,138,138.04,138,138.03,10136
2026-08-25 12:56:56,138,138.05,138,138.05,12655
2026-08-25 12:57:57,138.05,138.06,137.99,138.06,13495
2026-08-25 12:58:55,138.06,138.06,137.99,138.05,11339
2026-08-25 12:59:58,138.05,138.1,138,138.1,22251
2026-08-25 13:00:58,138.1,138.15,138.08,138.13,19916
2026-08-25 13:01:56,138.03,138.03,138,138.02,133880
2026-08-25 13:02:58,138,138.03,138,138,11293
2026-08-25 13:03:56,138,138.03,137.99,138.03,20080
2026-08-25 13:04:55,138.04,138.04,138,138.02,39180
2026-08-25 13:05:58,138,138.02,138,138.02,10855
2026-08-25 13:06:59,138,138.05,138,138.05,8629
2026-08-25 13:07:58,138.02,138.04,138,138.03,12036
2026-08-25 13:08:55,138,138.03,138,138.03,9376
2026-08-25 13:09:58,138,138.04,138,138.04,13944
2026-08-25 13:10:56,138.04,138.05,138,138.03,15380
2026-08-25 13:11:56,138.04,138.05,138,138.05,41499
2026-08-25 13:12:56,138,138.07,138,138.07,23544
2026-08-25 13:13:58,138.01,138.09,138.01,138.07,8270
2026-08-25 13:14:57,138.09,138.09,137.99,138,64675
2026-08-25 13:15:58,138,138,137.95,137.98,202381
2026-08-25 13:16:58,137.96,137.98,137.95,137.98,256091
2026-08-25 13:17:55,137.98,137.98,137.95,137.97,9892
2026-08-25 13:18:57,137.97,137.97,137.95,137.96,8111
2026-08-25 13:19:59,137.95,137.96,137.95,137.95,9520
2026-08-25 13:20:59,137.95,137.96,137.95,137.96,18659
2026-08-25 13:21:59,137.96,137.96,137.95,137.95,37755
2026-08-25 13:22:57,137.95,137.96,137.95,137.95,70520
2026-08-25 13:23:55,137.95,137.96,137.95,137.96,13850
2026-08-25 13:24:59,137.95,137.96,137.95,137.96,37639
2026-08-25 13:25:58,137.95,137.97,137.95,137.96,83226
2026-08-25 13:26:56,137.95,137.96,137.9,137.9,117511
2026-08-25 13:27:55,137.91,137.91,137.81,137.86,35756
2026-08-25 13:28:58,137.86,137.88,137.83,137.88,78437
2026-08-25 13:29:59,137.88,137.88,137.85,137.85,57308
2026-08-25 13:30:56,137.86,137.86,137.85,137.85,9812
2026-08-25 13:31:58,137.86,137.86,137.85,137.86,9164
2026-08-25 13:32:58,137.85,137.87,137.85,137.86,11251
2026-08-25 13:33:56,137.86,137.86,137.85,137.86,11705
2026-08-25 13:34:58,137.85,137.86,137.85,137.85,6652
2026-08-25 13:35:59,137.85,137.86,137.85,137.85,234210
2026-08-25 13:36:57,137.85,137.85,137.76,137.8,10433
2026-08-25 13:37:59,137.75,137.8,137.75,137.8,8701
2026-08-25 13:38:56,137.77,137.82,137.77,137.82,66627
2026-08-25 13:39:59,137.86,137.92,137.86,137.91,201677
2026-08-25 13:40:59,137.91,137.92,137.9,137.9,7458
2026-08-25 13:41:57,137.81,137.84,137.7,137.7,50034
2026-08-25 13:42:55,137.7,137.74,137.6,137.65,35823
2026-08-25 13:43:59,137.65,137.65,137.61,137.63,3671
2026-08-25 13:44:57,137.62,137.62,137.51,137.55,10928
2026-08-25 13:45:56,137.55,137.55,137.48,137.51,12240
2026-08-25 13:46:55,137.5,137.5,137.41,137.45,30284
2026-08-25 13:47:59,137.45,137.45,137.33,137.39,20774
2026-08-25 13:48:59,137.39,137.39,137.34,137.34,14808
2026-08-25 13:49:59,137.34,137.4,137.34,137.4,13356
2026-08-25 13:50:59,137.37,137.4,137.37,137.4,12004
2026-08-25 13:51:59,137.38,137.47,137.35,137.47,12331
2026-08-25 13:52:59,137.46,137.48,137.38,137.48,13374
2026-08-25 13:53:57,137.46,137.59,137.44,137.59,15950
2026-08-25 13:54:58,137.6,137.65,137.58,137.58,11163
2026-08-25 13:55:59,137.58,137.58,137.51,137.51,1868
2026-08-25 13:56:55,137.51,137.56,137.51,137.56,2699
2026-08-25 13:57:56,137.56,137.62,137.52,137.62,21572
2026-08-25 13:58:59,137.62,137.62,137.5,137.59,6018
2026-08-25 13:59:59,137.52,137.58,137.47,137.47,2750
2026-08-25 14:00:59,137.47,137.52,137.43,137.43,9902
2026-08-25 14:01:59,137.44,137.5,137.37,137.47,31906
2026-08-25 14:02:59,137.43,137.47,137.39,137.47,5115
2026-08-25 14:03:59,137.36,137.43,137.23,137.27,153989
2026-08-25 14:04:59,137.25,137.38,137.25,137.31,13024
2026-08-25 14:05:59,137.38,137.39,137.33,137.35,2419
2026-08-25 14:06:57,137.35,137.39,137.35,137.37,10062
2026-08-25 14:07:58,137.37,137.39,137.36,137.39,2008
2026-08-25 14:08:58,137.39,137.39,137.36,137.39,1453
2026-08-25 14:09:57,137.38,137.41,137.38,137.4,22562
2026-08-25 14:10:57,137.44,137.48,137.37,137.4,48196
2026-08-25 14:11:58,137.45,137.45,137.38,137.38,12310
2026-08-25 14:12:57,137.45,137.45,137.37,137.41,1506
2026-08-25 14:13:58,137.42,137.42,137.35,137.35,1389
2026-08-25 14:14:55,137.38,137.4,137.35,137.4,8274
2026-08-25 14:15:58,137.37,137.38,137.32,137.32,1152
2026-08-25 14:16:57,137.32,137.37,137.32,137.37,3344
2026-08-25 14:17:55,137.37,137.44,137.37,137.44,540
2026-08-25 14:18:58,137.44,137.45,137.43,137.44,2573
2026-08-25 14:19:57,137.41,137.46,137.37,137.42,8033
2026-08-25 14:20:55,137.42,137.45,137.38,137.39,10264
2026-08-25 14:21:55,137.39,137.44,137.38,137.44,1220
2026-08-25 14:22:54,137.4,137.44,137.37,137.37,1845
2026-08-25 14:23:55,137.42,137.42,137.38,137.41,1277
2026-08-25 14:24:56,137.42,137.43,137.38,137.42,581
2026-08-25 14:25:58,137.42,137.44,137.4,137.4,2095
2026-08-25 14:26:58,137.42,137.48,137.42,137.47,11598
2026-08-25 14:27:59,137.47,137.66,137.44,137.65,66506
2026-08-25 14:28:59,137.63,137.66,137.57,137.65,2052
2026-08-25 14:29:57,137.64,137.65,137.62,137.65,21521
2026-08-25 14:30:54,137.65,137.65,137.6,137.65,1176
2026-08-25 14:31:59,137.66,137.99,137.63,137.99,85313
2026-08-25 14:32:58,137.9,138.15,137.9,138.15,53023
2026-08-25 14:33:59,138.09,138.09,138,138.06,14503
2026-08-25 14:34:59,138.03,138.05,137.92,137.97,18381
2026-08-25 14:35:58,137.98,137.98,137.9,137.93,6207
2026-08-25 14:36:56,137.9,137.97,137.9,137.92,6490
2026-08-25 14:37:54,137.92,137.92,137.83,137.83,7916
2026-08-25 14:38:59,137.85,137.85,137.8,137.85,9340
2026-08-25 14:39:59,137.86,137.9,137.86,137.9,4505
2026-08-25 14:40:57,137.85,137.97,137.85,137.95,5596
2026-08-25 14:41:54,137.95,137.97,137.93,137.95,4019
2026-08-25 14:42:59,137.94,137.99,137.93,137.96,10335
2026-08-25 14:43:59,137.97,138.09,137.97,138.08,9134
2026-08-25 14:44:58,138.07,138.18,138.07,138.09,38862
2026-08-25 14:45:57,138.07,138.1,138.06,138.1,16845
2026-08-25 14:46:57,138.06,138.08,138,138.01,6802
2026-08-25 14:47:55,137.97,138.01,137.95,138,2417
2026-08-25 14:48:56,137.96,138.05,137.96,138.03,14268
2026-08-25 14:49:58,138,138.05,138,138.01,29222
2026-08-25 14:50:59,138,138.2,138,138.2,40206
2026-08-25 14:51:55,138.18,138.22,138.11,138.15,24609
2026-08-25 14:52:59,138.25,138.4,138.22,138.35,48325
2026-08-25 14:53:59,138.33,138.54,138.33,138.5,115357
2026-08-25 14:54:59,138.54,138.55,138.45,138.52,24181
2026-08-25 14:55:55,138.52,138.55,138.5,138.5,30075
2026-08-25 14:56:55,138.47,138.51,138.47,138.5,8614
2026-08-25 14:57:55,138.49,138.58,138.49,138.54,24251
2026-08-25 14:58:57,138.52,138.7,138.52,138.7,22179
2026-08-25 14:59:55,138.7,138.7,138.63,138.63,13274
2026-08-25 15:00:59,138.68,138.7,138.59,138.7,48799
2026-08-25 15:01:57,138.67,138.74,138.67,138.73,20631
2026-08-25 15:02:57,138.69,138.72,138.68,138.68,7984
2026-08-25 15:03:58,138.66,138.67,138.5,138.5,26343
2026-08-25 15:04:53,138.49,138.64,138.49,138.58,17468
2026-08-25 15:05:57,138.58,138.58,138.37,138.43,29477
2026-08-25 15:06:58,138.47,138.53,138.47,138.49,45774
2026-08-25 15:07:54,138.53,138.53,138.48,138.48,17748
2026-08-25 15:08:55,138.47,138.58,138.45,138.53,35552
2026-08-25 15:09:55,138.53,138.98,138.53,138.86,131658
2026-08-25 15:10:54,138.88,138.9,138.8,138.86,50694
2026-08-25 15:11:53,138.85,138.99,138.78,138.9,79220
2026-08-25 15:12:59,138.9,139,138.85,138.91,66180
2026-08-25 15:13:55,138.87,138.96,138.87,138.91,32727
2026-08-25 15:14:55,138.94,138.94,138.61,138.65,32633
2026-08-25 15:15:13,138.65,138.65,138.65,138.65,81
2026-08-25 15:20:53,138.65,138.65,138.65,138.65,85143
2026-08-25 15:23:56,138.65,138.65,138.65,138.65,301
2026-08-25 15:26:57,138.65,138.65,138.65,138.65,350
2026-08-25 15:28:30,138.65,139,138.65,139,7506234
2026-08-26 09:07:19,140,140,140,140,46485
2026-08-26 09:15:59,139.92,140.79,139.81,140.46,320737
2026-08-26 09:16:59,140.5,140.97,140.48,140.6,159621
2026-08-26 09:17:59,140.64,141.15,140.64,140.92,317542
2026-08-26 09:18:59,141,141.02,140.28,140.32,107209
2026-08-26 09:19:59,140.33,140.34,140.2,140.23,62699
2026-08-26 09:20:58,140.17,140.32,140.11,140.16,55768
2026-08-26 09:21:59,140.15,140.36,140.01,140.33,47764
2026-08-26 09:22:59,140.36,140.51,140.24,140.5,57193
2026-08-26 09:23:59,140.5,140.67,140.45,140.67,48539
2026-08-26 09:24:59,140.57,140.62,140.5,140.56,35960
2026-08-26 09:25:59,140.55,140.66,140.55,140.55,53010
2026-08-26 09:26:54,140.57,140.86,140.56,140.82,59238
2026-08-26 09:27:58,140.85,140.85,140.66,140.7,35010
2026-08-26 09:28:52,140.74,140.74,140.65,140.7,28450
2026-08-26 09:29:55,140.69,140.69,140.62,140.65,10440
2026-08-26 09:30:52,140.63,140.68,140.39,140.39,65798
2026-08-26 09:31:55,140.3,140.3,140.07,140.07,67211
2026-08-26 09:32:57,140.07,140.11,140.05,140.05,22448
2026-08-26 09:33:54,140.05,140.15,140.05,140.08,30499
2026-08-26 09:34:59,140.05,140.05,139.92,140.05,63724
2026-08-26 09:35:59,140.1,140.18,140.08,140.18,7784
2026-08-26 09:36:57,140.14,140.14,140.06,140.06,15068
2026-08-26 09:37:54,140.06,140.14,140.06,140.13,26114
2026-08-26 09:38:57,140.1,140.14,140.1,140.1,8906
2026-08-26 09:39:54,140.1,140.17,140.1,140.17,17449
2026-08-26 09:40:59,140.26,140.39,140.26,140.34,24216
2026-08-26 09:41:55,140.27,140.5,140.27,140.47,26597
2026-08-26 09:42:53,140.43,140.46,140.39,140.4,18153
2026-08-26 09:43:55,140.48,140.51,140.43,140.47,45469
2026-08-26 09:44:58,140.43,140.47,140.09,140.12,124905
2026-08-26 09:45:59,140.15,140.21,140.1,140.17,13303
2026-08-26 09:46:55,140.17,140.18,140.1,140.16,10869
2026-08-26 09:47:56,140.19,140.19,140.05,140.1,23830
2026-08-26 09:48:57,140.06,140.17,140.06,140.1,20619
2026-08-26 09:49:58,140.06,140.1,139.92,139.98,59381
2026-08-26 09:50:59,140,140,139.95,139.95,14104
2026-08-26 09:51:55,139.95,139.97,139.92,139.92,25116
2026-08-26 09:52:53,139.92,139.97,139.85,139.97,24207
2026-08-26 09:53:58,139.91,139.97,139.73,139.87,117456
2026-08-26 09:54:59,139.95,139.95,139.92,139.94,11536
2026-08-26 09:55:53,139.95,139.95,139.91,139.95,6084
2026-08-26 09:56:54,139.95,139.96,139.87,139.88,24542
2026-08-26 09:57:58,139.92,139.92,139.8,139.8,24248
2026-08-26 09:58:56,139.84,139.93,139.83,139.93,8742
2026-08-26 09:59:55,139.89,139.97,139.89,139.93,9868
2026-08-26 10:00:53,139.95,139.95,139.9,139.94,4517
2026-08-26 10:01:55,139.91,139.91,139.86,139.86,41423
2026-08-26 10:02:58,139.9,139.95,139.87,139.87,16014
2026-08-26 10:03:58,139.88,139.93,139.88,139.93,7585
2026-08-26 10:04:59,139.96,139.99,139.94,139.98,6096
2026-08-26 10:05:56,139.98,140,139.94,139.94,22713
2026-08-26 10:06:57,139.97,140,139.94,139.97,9243
2026-08-26 10:07:55,139.94,139.94,139.85,139.85,3258
2026-08-26 10:08:58,139.81,139.9,139.81,139.85,17302
2026-08-26 10:09:54,139.92,139.92,139.86,139.89,3467
2026-08-26 10:10:56,139.91,139.92,139.87,139.87,11681
2026-08-26 10:11:57,139.85,139.86,139.75,139.75,30757
2026-08-26 10:12:58,139.79,139.85,139.75,139.85,6920
2026-08-26 10:13:57,139.85,139.86,139.83,139.86,6122
2026-08-26 10:14:59,139.86,139.86,139.78,139.78,18034
2026-08-26 10:15:54,139.8,139.82,139.79,139.82,2452
2026-08-26 10:16:54,139.82,139.82,139.77,139.77,16223
2026-08-26 10:17:55,139.75,139.77,139.71,139.76,8896
2026-08-26 10:18:58,139.77,139.77,139.72,139.75,9592
2026-08-26 10:19:57,139.75,139.75,139.73,139.74,7330
2026-08-26 10:20:55,139.73,139.75,139.68,139.68,29255
2026-08-26 10:21:56,139.69,139.8,139.69,139.76,10709
2026-08-26 10:22:55,139.81,139.82,139.76,139.82,10456
2026-08-26 10:23:59,139.79,139.82,139.7,139.72,9315
2026-08-26 10:24:55,139.71,139.71,139.68,139.69,4113
2026-08-26 10:25:57,139.75,139.82,139.75,139.81,16383
2026-08-26 10:26:59,139.82,139.82,139.78,139.8,13574
2026-08-26 10:27:55,139.78,139.82,139.78,139.82,3367
2026-08-26 10:28:57,139.81,139.84,139.81,139.84,3022
2026-08-26 10:29:58,139.85,139.9,139.81,139.83,13205
2026-08-26 10:30:56,139.89,139.89,139.83,139.84,4457
2026-08-26 10:31:54,139.84,139.9,139.83,139.89,9056
2026-08-26 10:32:57,139.9,139.9,139.85,139.89,7089
2026-08-26 10:33:56,139.89,139.89,139.84,139.84,12229
2026-08-26 10:34:59,139.84,139.84,139.75,139.8,6854
2026-08-26 10:35:58,139.8,139.81,139.76,139.81,6129
2026-08-26 10:36:59,139.81,139.81,139.75,139.8,6393
2026-08-26 10:37:59,139.8,139.8,139.7,139.7,32217
2026-08-26 10:38:56,139.68,139.71,139.68,139.7,5463
2026-08-26 10:39:57,139.7,139.71,139.66,139.7,16375
2026-08-26 10:40:57,139.71,139.71,139.66,139.67,7977
2026-08-26 10:41:58,139.67,139.7,139.66,139.66,4994
2026-08-26 10:42:58,139.7,139.77,139.7,139.77,20219
2026-08-26 10:43:56,139.77,139.77,139.74,139.74,988
2026-08-26 10:44:58,139.77,139.77,139.76,139.76,8371
2026-08-26 10:45:57,139.77,139.77,139.7,139.7,18913
2026-08-26 10:46:56,139.75,139.75,139.71,139.75,985
2026-08-26 10:47:57,139.75,139.75,139.71,139.75,2831
2026-08-26 10:48:57,139.75,139.77,139.75,139.75,9086
2026-08-26 10:49:58,139.75,139.8,139.7,139.7,17779
2026-08-26 10:50:57,139.73,139.73,139.71,139.72,1178
2026-08-26 10:51:58,139.72,139.72,139.71,139.72,1943
2026-08-26 10:52:59,139.72,139.73,139.71,139.73,3957
2026-08-26 10:53:57,139.71,139.73,139.71,139.73,6329
2026-08-26 10:54:57,139.73,139.74,139.73,139.74,8049
2026-08-26 10:55:55,139.73,139.75,139.67,139.67,20391
2026-08-26 10:56:55,139.7,139.72,139.7,139.72,7926
2026-08-26 10:57:55,139.71,139.72,139.69,139.72,3787
2026-08-26 10:58:56,139.72,139.76,139.69,139.76,8994
2026-08-26 10:59:59,139.79,140.1,139.79,140.02,67753
2026-08-26 11:00:58,140,140.02,139.77,139.84,21873
2026-08-26 11:01:56,139.8,139.84,139.78,139.83,1520
2026-08-26 11:02:55,139.83,139.84,139.81,139.84,3006
2026-08-26 11:03:55,139.85,139.85,139.8,139.82,11951
2026-08-26 11:04:55,139.8,139.83,139.8,139.83,12208
2026-08-26 11:05:59,139.82,139.85,139.8,139.83,11254
2026-08-26 11:06:58,139.81,139.83,139.8,139.83,784
2026-08-26 11:07:57,139.83,139.83,139.78,139.78,13126
2026-08-26 11:08:58,139.8,139.83,139.8,139.83,4696
2026-08-26 11:09:57,139.8,139.8,139.71,139.71,5954
2026-08-26 11:10:56,139.71,139.79,139.7,139.75,6749
2026-08-26 11:11:55,139.75,139.75,139.72,139.74,1502
2026-08-26 11:12:59,139.74,139.74,139.72,139.74,3509
2026-08-26 11:13:55,139.74,139.75,139.72,139.72,14461
2026-08-26 11:14:58,139.71,139.74,139.71,139.71,4287
2026-08-26 11:15:57,139.74,139.74,139.71,139.74,1584
2026-08-26 11:16:57,139.71,139.75,139.71,139.74,5887
2026-08-26 11:17:59,139.76,139.76,139.67,139.7,14013
2026-08-26 11:18:59,139.69,139.69,139.62,139.68,8245
2026-08-26 11:19:57,139.7,139.7,139.67,139.7,820
2026-08-26 11:20:56,139.68,139.69,139.64,139.65,6012
2026-08-26 11:21:58,139.69,139.69,139.52,139.55,32897
2026-08-26 11:22:56,139.58,139.61,139.56,139.56,5290
2026-08-26 11:23:55,139.62,139.62,139.57,139.61,10761
2026-08-26 11:24:58,139.57,139.6,139.57,139.6,6722
2026-08-26 11:25:55,139.6,139.61,139.55,139.55,6346
2026-08-26 11:26:58,139.55,139.57,139.35,139.41,58182
2026-08-26 11:27:59,139.41,139.41,139.35,139.39,6259
2026-08-26 11:28:58,139.4,139.41,139.39,139.41,4014
2026-08-26 11:29:54,139.41,139.48,139.41,139.47,17670
2026-08-26 11:30:57,139.47,139.48,139.42,139.46,6653
2026-08-26 11:31:58,139.46,139.48,139.42,139.47,8714
2026-08-26 11:32:58,139.45,139.48,139.45,139.48,4467
2026-08-26 11:33:59,139.53,139.53,139.44,139.51,57495
2026-08-26 11:34:55,139.51,139.53,139.5,139.53,2947
2026-08-26 11:35:55,139.54,139.58,139.52,139.58,5554
2026-08-26 11:36:57,139.55,139.62,139.55,139.57,17580
2026-08-26 11:37:58,139.6,139.6,139.57,139.58,1149
2026-08-26 11:38:57,139.56,139.58,139.55,139.58,3673
2026-08-26 11:39:57,139.58,139.6,139.55,139.59,4406
2026-08-26 11:40:57,139.58,139.59,139.56,139.56,10953
2026-08-26 11:41:57,139.57,139.57,139.54,139.55,1985
2026-08-26 11:42:56,139.54,139.55,139.54,139.55,2163
2026-08-26 11:43:56,139.55,139.57,139.5,139.5,9309
2026-08-26 11:44:57,139.5,139.54,139.5,139.54,1315
2026-08-26 11:45:58,139.54,139.54,139.53,139.53,2114
2026-08-26 11:46:56,139.56,139.56,139.53,139.54,2303
2026-08-26 11:47:59,139.53,139.53,139.47,139.48,7100
2026-08-26 11:48:58,139.5,139.51,139.48,139.5,5093
2026-08-26 11:49:59,139.5,139.5,139.49,139.5,2241
2026-08-26 11:50:59,139.51,139.51,139.5,139.5,3414
2026-08-26 11:51:57,139.49,139.49,139.35,139.38,29800
2026-08-26 11:52:57,139.37,139.39,139.36,139.37,15994
2026-08-26 11:53:58,139.36,139.37,139.25,139.3,29058
2026-08-26 11:54:59,139.27,139.27,139.21,139.25,14244
2026-08-26 11:55:57,139.27,139.3,139.27,139.29,8731
2026-08-26 11:56:59,139.3,139.32,139.29,139.32,4296
2026-08-26 11:57:56,139.32,139.35,139.32,139.33,7331
2026-08-26 11:58:58,139.32,139.34,139.32,139.34,7053
2026-08-26 11:59:58,139.33,139.34,139.32,139.34,2179
2026-08-26 12:00:56,139.34,139.35,139.31,139.31,17958
2026-08-26 12:01:55,139.34,139.34,139.28,139.32,3603
2026-08-26 12:02:55,139.34,139.34,139.05,139.11,38539
2026-08-26 12:03:59,139.11,139.11,139.1,139.11,3261
2026-08-26 12:04:58,139.1,139.13,139.1,139.13,5543
2026-08-26 12:05:56,139.12,139.13,139.12,139.13,3410
2026-08-26 12:06:55,139.12,139.14,139.12,139.14,2844
2026-08-26 12:07:58,139.14,139.14,139.07,139.08,20251
2026-08-26 12:08:58,139.1,139.1,139.09,139.1,5625
2026-08-26 12:09:56,139.1,139.11,139.09,139.11,6021
2026-08-26 12:10:59,139.11,139.16,139.1,139.1,7678
2026-08-26 12:11:59,139.09,139.11,139.09,139.1,5013
2026-08-26 12:12:57,139.11,139.11,139.1,139.1,6621
2026-08-26 12:13:56,139.11,139.11,139.09,139.09,6921
2026-08-26 12:14:56,139.08,139.14,139.08,139.14,7573
2026-08-26 12:15:58,139.13,139.17,139.1,139.14,19900
2026-08-26 12:16:57,139.09,139.14,139.09,139.13,3033
2026-08-26 12:17:58,139.13,139.14,139.11,139.14,1514
2026-08-26 12:18:59,139.12,139.2,139.12,139.2,8195
2026-08-26 12:19:55,139.19,139.19,139.15,139.19,2451
2026-08-26 12:20:57,139.19,139.19,139.13,139.17,6373
2026-08-26 12:21:59,139.17,139.17,139.1,139.12,5681
2026-08-26 12:22:56,139.12,139.15,139.11,139.11,1741
2026-08-26 12:23:56,139.12,139.15,139.11,139.15,7105
2026-08-26 12:24:57,139.11,139.15,139.1,139.13,5212
2026-08-26 12:25:59,139.13,139.13,139.1,139.13,3235
2026-08-26 12:26:59,139.13,139.14,139.11,139.11,10826
2026-08-26 12:27:56,139.14,139.14,139.1,139.11,3995
2026-08-26 12:28:59,139.11,139.11,138.9,139.02,130555
2026-08-26 12:29:59,139.03,139.03,138.99,139.01,6231
2026-08-26 12:30:56,139.01,139.09,139.01,139.09,28779
2026-08-26 12:31:57,139.05,139.13,139.05,139.12,5651
2026-08-26 12:32:56,139.14,139.16,139.12,139.16,3926
2026-08-26 12:33:59,139.16,139.16,139.05,139.1,10573
2026-08-26 12:34:55,139.14,139.14,139.11,139.14,1148
2026-08-26 12:35:55,139.14,139.21,139.14,139.16,7384
2026-08-26 12:36:57,139.16,139.23,139.14,139.23,1266
2026-08-26 12:37:57,139.23,139.23,139.19,139.22,4321
2026-08-26 12:38:57,139.21,139.24,139.17,139.17,6736
2026-08-26 12:39:56,139.17,139.22,139.17,139.18,3861
2026-08-26 12:40:56,139.16,139.17,139.11,139.16,16740
2026-08-26 12:41:59,139.14,139.2,139.14,139.2,3419
2026-08-26 12:42:59,139.2,139.21,139.16,139.16,4763
2026-08-26 12:43:56,139.16,139.16,139.12,139.13,1717
2026-08-26 12:44:58,139.13,139.16,139.13,139.16,2854
2026-08-26 12:45:57,139.16,139.18,139.15,139.18,2589
2026-08-26 12:46:59,139.14,139.14,139.11,139.11,5620
2026-08-26 12:47:56,139.11,139.14,139,139.04,20288
2026-08-26 12:48:59,139.03,139.04,139.01,139.04,8547
2026-08-26 12:49:57,139.03,139.08,139.01,139.08,13029
2026-08-26 12:50:57,139.08,139.12,139.06,139.08,3241
2026-08-26 12:51:56,139.08,139.13,139.08,139.12,6304
2026-08-26 12:52:57,139.13,139.13,139.03,139.04,6899
2026-08-26 12:53:57,139.03,139.09,139.03,139.09,5068
2026-08-26 12:54:59,139.09,139.11,139.05,139.06,2334
2026-08-26 12:55:56,139.06,139.12,139.06,139.06,3627
2026-08-26 12:56:56,139.05,139.12,139.03,139.06,6335
2026-08-26 12:57:57,139.11,139.13,139.06,139.08,3749
2026-08-26 12:58:57,139.08,139.13,139.08,139.11,3920
2026-08-26 12:59:55,139.11,139.14,139.11,139.13,5027
2026-08-26 13:00:58,139.11,139.11,139.05,139.06,6103
2026-08-26 13:01:58,139.06,139.11,139.04,139.1,3462
2026-08-26 13:02:57,139.1,139.1,139.02,139.08,5446
2026-08-26 13:03:58,139.08,139.08,139.05,139.08,1375
2026-08-26 13:04:55,139.08,139.08,139.03,139.03,3362
2026-08-26 13:05:59,139.06,139.14,139.03,139.1,11890
2026-08-26 13:06:57,139.14,139.18,139.14,139.16,6025
2026-08-26 13:07:59,139.16,139.16,139.04,139.06,12043
2026-08-26 13:08:58,139.06,139.13,139.06,139.07,6854
2026-08-26 13:09:57,139.12,139.12,139.03,139.03,13411
2026-08-26 13:10:59,139.06,139.09,139.03,139.08,3610
2026-08-26 13:11:57,139.08,139.08,139.04,139.07,3515
2026-08-26 13:12:58,139.06,139.08,139.05,139.08,3222
2026-08-26 13:13:55,139.06,139.1,139.06,139.09,3265
2026-08-26 13:14:58,139.06,139.09,139.05,139.09,4404
2026-08-26 13:15:59,139.06,139.11,138.97,139.04,39956
2026-08-26 13:16:56,139.04,139.04,139,139.02,604
2026-08-26 13:17:56,139.04,139.09,138.94,138.96,80175
2026-08-26 13:18:57,138.91,138.94,138.89,138.89,15266
2026-08-26 13:19:59,138.93,138.97,138.88,138.91,13811
2026-08-26 13:20:59,138.96,138.97,138.92,138.97,2334
2026-08-26 13:21:56,138.97,138.97,138.9,138.92,4110
2026-08-26 13:22:57,138.92,138.97,138.92,138.97,3453
2026-08-26 13:23:59,138.97,138.97,138.91,138.91,12376
2026-08-26 13:24:59,138.91,138.91,138.87,138.88,13642
2026-08-26 13:25:57,138.87,138.89,138.85,138.85,4050
2026-08-26 13:26:55,138.85,138.9,138.85,138.89,1383
2026-08-26 13:27:58,138.89,138.9,138.85,138.89,3079
2026-08-26 13:28:57,138.87,138.89,138.82,138.84,10285
2026-08-26 13:29:58,138.88,138.88,138.84,138.87,3789
2026-08-26 13:30:55,138.87,138.89,138.87,138.87,5811
2026-08-26 13:31:56,138.89,138.89,138.86,138.86,5892
2026-08-26 13:32:56,138.85,139.1,138.85,139.1,74260
2026-08-26 13:33:59,139.05,139.1,139.05,139.1,2474
2026-08-26 13:34:59,139.1,139.12,139.02,139.06,13123
2026-08-26 13:35:55,139.06,139.06,139.04,139.06,1164
2026-08-26 13:36:56,139.06,139.08,139.03,139.07,4436
2026-08-26 13:37:58,139.05,139.05,139.02,139.03,6753
2026-08-26 13:38:57,139.03,139.03,139.01,139.01,1783
2026-08-26 13:39:56,139.03,139.03,139,139.03,8619
2026-08-26 13:40:56,139.03,139.03,139.01,139.01,3152
2026-08-26 13:41:55,139.03,139.03,139.02,139.03,2873
2026-08-26 13:42:56,139.02,139.03,139,139,7651
2026-08-26 13:43:56,139.01,139.05,139,139.04,4993
2026-08-26 13:44:56,139.04,139.04,138.88,138.88,45517
2026-08-26 13:45:58,138.89,138.93,138.89,138.93,3956
2026-08-26 13:46:58,138.9,138.94,138.9,138.9,3993
2026-08-26 13:47:58,138.94,138.94,138.9,138.92,3950
2026-08-26 13:48:57,138.92,138.92,138.86,138.87,5347
2026-08-26 13:49:57,138.89,138.91,138.86,138.89,11642
2026-08-26 13:50:59,138.9,138.9,138.87,138.87,3469
2026-08-26 13:51:59,138.87,138.89,138.87,138.89,2368
2026-08-26 13:52:55,138.88,138.9,138.88,138.9,16865
2026-08-26 13:53:56,138.89,138.9,138.86,138.86,2270
2026-08-26 13:54:57,138.86,138.9,138.86,138.9,3524
2026-08-26 13:55:58,138.89,138.89,138.87,138.87,3562
2026-08-26 13:56:57,138.87,138.87,138.86,138.86,3617
2026-08-26 13:57:56,138.87,138.87,138.85,138.85,8997
2026-08-26 13:58:55,138.86,138.86,138.84,138.84,1454
2026-08-26 13:59:57,138.84,138.86,138.84,138.84,4557
2026-08-26 14:00:58,138.86,138.86,138.83,138.84,3181
2026-08-26 14:01:55,138.82,138.85,138.82,138.85,2507
2026-08-26 14:02:57,138.85,138.85,138.83,138.83,4455
2026-08-26 14:03:58,138.85,138.85,138.8,138.85,10811
2026-08-26 14:04:55,138.85,138.89,138.81,138.89,21809
2026-08-26 14:05:58,138.89,139.01,138.89,138.99,36295
2026-08-26 14:06:59,139.02,139.05,138.99,139,27264
2026-08-26 14:07:56,139.05,139.05,138.9,138.9,12929
2026-08-26 14:08:57,138.9,138.97,138.89,138.97,2119
2026-08-26 14:09:59,138.96,138.96,138.91,138.96,3432
2026-08-26 14:10:59,138.96,138.98,138.89,138.98,9981
2026-08-26 14:11:59,138.95,138.95,138.89,138.95,2437
2026-08-26 14:12:57,138.95,138.99,138.87,138.99,11951
2026-08-26 14:13:59,138.99,139.02,138.96,139.02,12145
2026-08-26 14:14:55,139.01,139.02,138.95,139.01,41595
2026-08-26 14:15:57,139.03,139.03,138.96,139,10120
2026-08-26 14:16:59,139,139.04,138.96,138.96,9097
2026-08-26 14:17:56,139.02,139.04,138.98,139.02,2895
2026-08-26 14:18:59,139.02,139.02,138.91,138.91,6295
2026-08-26 14:19:56,138.96,138.97,138.91,138.97,1204
2026-08-26 14:20:55,138.97,138.97,138.94,138.95,5245
2026-08-26 14:21:56,138.97,138.98,138.91,138.97,8368
2026-08-26 14:22:59,138.94,138.97,138.94,138.97,1355
2026-08-26 14:23:59,138.97,139,138.97,138.97,3614
2026-08-26 14:24:58,139,139,138.82,138.82,37604
2026-08-26 14:25:58,138.82,138.83,138.81,138.83,6678
2026-08-26 14:26:57,138.82,138.85,138.82,138.84,8065
2026-08-26 14:27:57,138.85,138.85,138.84,138.85,3234
2026-08-26 14:28:59,138.84,138.84,138.84,138.84,3180
2026-08-26 14:29:56,138.84,138.87,138.84,138.87,10387
2026-08-26 14:30:57,138.87,138.91,138.87,138.91,3398
2026-08-26 14:31:55,138.91,138.94,138.9,138.94,10171
2026-08-26 14:32:56,138.94,138.97,138.91,138.93,5386
2026-08-26 14:33:55,138.93,138.93,138.86,138.88,3284
2026-08-26 14:34:56,138.86,138.88,138.85,138.86,5313
2026-08-26 14:35:57,138.85,138.9,138.85,138.9,16984
2026-08-26 14:36:57,138.88,138.9,138.86,138.87,2985
2026-08-26 14:37:57,138.84,138.9,138.84,138.85,5869
2026-08-26 14:38:56,138.85,138.89,138.84,138.84,7490
2026-08-26 14:39:57,138.89,138.89,138.83,138.88,10854
2026-08-26 14:40:58,138.88,138.88,138.81,138.81,13754
2026-08-26 14:41:59,138.82,138.82,138.8,138.8,15014
2026-08-26 14:42:57,138.8,138.8,138.76,138.8,8254
2026-08-26 14:43:56,138.8,138.8,138.75,138.8,9469
2026-08-26 14:44:58,138.78,138.85,138.77,138.81,4879
2026-08-26 14:45:57,138.85,138.88,138.81,138.88,17012
2026-08-26 14:46:55,138.89,138.93,138.86,138.93,9755
2026-08-26 14:47:57,138.93,138.96,138.9,138.96,9328
2026-08-26 14:48:55,138.97,138.99,138.93,138.96,17159
2026-08-26 14:49:59,138.98,138.99,138.93,138.99,7392
2026-08-26 14:50:59,138.98,138.98,138.95,138.95,12521
2026-08-26 14:51:59,138.95,139,138.92,138.98,12110
2026-08-26 14:52:55,138.99,139.03,138.99,139.01,16357
2026-08-26 14:53:55,139.01,139.05,139,139.04,20375
2026-08-26 14:54:53,139.04,139.04,139.02,139.02,12519
2026-08-26 14:55:59,139.02,139.05,139.01,139.01,19318
2026-08-26 14:56:53,139.04,139.04,138.96,139,14056
2026-08-26 14:57:59,139.01,139.01,138.96,138.99,16519
2026-08-26 14:58:53,138.96,138.99,138.95,138.95,13461
2026-08-26 14:59:57,138.99,138.99,138.93,138.93,21270
2026-08-26 15:00:55,138.93,138.93,138.8,138.84,45382
2026-08-26 15:01:59,138.81,138.9,138.8,138.84,50284
2026-08-26 15:02:58,138.85,138.89,138.84,138.84,14214
2026-08-26 15:03:56,138.86,138.87,138.81,138.82,11299
2026-08-26 15:04:57,138.84,138.84,138.8,138.8,22403
2026-08-26 15:05:59,138.8,138.82,138.67,138.77,50652
2026-08-26 15:06:54,138.76,138.76,138.52,138.61,126259
2026-08-26 15:07:58,138.62,138.62,138.57,138.6,48533
2026-08-26 15:08:53,138.58,138.59,138.53,138.53,138506
2026-08-26 15:09:54,138.53,138.65,138.53,138.65,72040
2026-08-26 15:10:58,138.65,138.65,138.58,138.58,40528
2026-08-26 15:11:56,138.58,138.58,138.5,138.57,69801
2026-08-26 15:12:55,138.59,138.68,138.58,138.61,93703
2026-08-26 15:13:56,138.65,138.76,138.62,138.73,24884
2026-08-26 15:14:57,138.74,138.88,138.73,138.88,29899
2026-08-26 15:15:15,138.8,138.8,138.8,138.8,1140
2026-08-26 15:22:58,138.8,138.8,138.8,138.8,1076
2026-08-26 15:24:58,138.8,138.8,138.8,138.8,223
2026-08-26 15:25:57,138.8,138.8,138.8,138.8,211
2026-08-26 15:26:54,138.8,138.8,138.8,138.8,131
2026-08-26 15:27:54,138.8,138.8,138.8,138.8,2
2026-08-26 15:28:56,138.8,139.48,138.8,139.48,6299578
2026-08-27 09:07:01,139.37,139.37,139.37,139.37,28012
2026-08-27 09:15:54,139.25,139.25,138.81,138.96,211933
2026-08-27 09:16:54,139,139.48,138.98,139.35,141049
2026-08-27 09:17:50,139.2,139.33,139.17,139.33,110358
2026-08-27 09:18:54,139.27,139.33,139.07,139.09,61293
2026-08-27 09:19:56,139.15,139.15,138.98,139.04,43859
2026-08-27 09:20:57,139.04,139.04,138.85,138.86,35395
2026-08-27 09:21:57,138.9,138.92,138.87,138.92,17185
2026-08-27 09:22:54,138.86,138.89,138.81,138.81,54957
2026-08-27 09:23:53,138.85,138.86,138.76,138.86,35814
2026-08-27 09:24:58,138.84,138.89,138.79,138.87,17012
2026-08-27 09:25:54,138.84,138.86,138.8,138.8,11778
2026-08-27 09:26:59,138.85,138.88,138.8,138.88,9956
2026-08-27 09:27:55,138.85,138.89,138.84,138.84,17566
2026-08-27 09:28:59,138.84,138.84,138.75,138.8,26371
2026-08-27 09:29:54,138.76,138.77,138.66,138.7,18357
2026-08-27 09:30:57,138.7,138.7,138.6,138.65,8339
2026-08-27 09:31:52,138.65,138.65,138.4,138.45,60509
2026-08-27 09:32:54,138.35,138.41,138.17,138.25,28663
2026-08-27 09:33:53,138.26,138.41,138.26,138.35,20159
2026-08-27 09:34:53,138.35,138.41,138.35,138.4,6809
2026-08-27 09:35:53,138.36,138.41,138.31,138.33,25385
2026-08-27 09:36:59,138.35,138.39,138.2,138.2,42842
2026-08-27 09:37:57,138.17,138.18,138.1,138.12,21640
2026-08-27 09:38:54,138.12,138.15,138.12,138.12,10259
2026-08-27 09:39:58,138.12,138.12,138.05,138.09,40254
2026-08-27 09:40:55,138.12,138.12,138.02,138.06,17987
2026-08-27 09:41:54,138.06,138.06,137.9,137.99,64851
2026-08-27 09:42:57,137.97,138.01,137.97,138.01,14097
2026-08-27 09:43:53,138.05,138.05,138,138.04,17612
2026-08-27 09:44:56,138.06,138.1,138.04,138.08,7825
2026-08-27 09:45:54,138.09,138.14,138.09,138.1,4979
2026-08-27 09:46:53,138.03,138.04,138,138.04,36462
2026-08-27 09:47:57,138.04,138.08,138.04,138.06,8356
2026-08-27 09:48:53,138.08,138.08,138.01,138.08,6473
2026-08-27 09:49:55,138.08,138.09,138.04,138.08,8002
2026-08-27 09:50:56,138.08,138.09,137.85,137.92,42974
2026-08-27 09:51:58,137.95,137.95,137.85,137.9,17372
2026-08-27 09:52:58,137.89,137.96,137.89,137.96,14023
2026-08-27 09:53:58,137.96,137.96,137.9,137.96,3590
2026-08-27 09:54:53,137.95,137.97,137.95,137.96,6127
2026-08-27 09:55:56,137.96,137.96,137.68,137.77,97388
2026-08-27 09:56:58,137.79,137.79,137.75,137.75,15959
2026-08-27 09:57:58,137.75,137.8,137.75,137.75,11016
2026-08-27 09:58:59,137.72,137.75,137.6,137.65,41876
2026-08-27 09:59:59,137.71,137.71,137.63,137.7,25282
2026-08-27 10:00:53,137.7,137.7,137.64,137.66,7583
2026-08-27 10:01:58,137.67,137.67,137.62,137.66,6347
2026-08-27 10:02:57,137.66,137.66,137.63,137.66,9492
2026-08-27 10:03:55,137.66,137.66,137.65,137.66,9782
2026-08-27 10:04:59,137.66,137.66,137.63,137.66,18834
2026-08-27 10:05:56,137.65,137.7,137.63,137.67,23863
2026-08-27 10:06:53,137.63,137.7,137.63,137.65,13856
2026-08-27 10:07:58,137.67,137.69,137.65,137.69,10253
2026-08-27 10:08:55,137.62,137.71,137.62,137.68,17334
2026-08-27 10:09:57,137.68,137.74,137.65,137.74,774
2026-08-27 10:10:59,137.74,137.75,137.74,137.75,5549
2026-08-27 10:11:55,137.68,137.83,137.68,137.83,14558
2026-08-27 10:12:59,137.82,137.95,137.82,137.86,17670
2026-08-27 10:13:55,137.88,137.89,137.82,137.82,18910
2026-08-27 10:14:55,137.86,137.86,137.68,137.7,30346
2026-08-27 10:15:58,137.7,137.79,137.7,137.77,10786
2026-08-27 10:16:57,137.81,137.82,137.71,137.77,24295
2026-08-27 10:17:57,137.77,137.77,137.69,137.73,22281
2026-08-27 10:18:56,137.75,137.75,137.65,137.69,13671
2026-08-27 10:19:55,137.72,137.77,137.67,137.77,11073
2026-08-27 10:20:55,137.78,137.78,137.74,137.75,7570
2026-08-27 10:21:58,137.75,137.75,137.71,137.74,8877
2026-08-27 10:22:56,137.71,137.76,137.7,137.74,22359
2026-08-27 10:23:54,137.74,137.74,137.66,137.7,13095
2026-08-27 10:24:54,137.74,137.74,137.7,137.7,7476
2026-08-27 10:25:55,137.7,137.7,137.65,137.7,4458
2026-08-27 10:26:58,137.7,137.7,137.4,137.45,99868
2026-08-27 10:27:56,137.45,137.5,137.43,137.5,37140
2026-08-27 10:28:59,137.49,137.49,137.49,137.49,9775
2026-08-27 10:29:58,137.46,137.48,137.3,137.4,57952
2026-08-27 10:30:57,137.38,137.38,137.28,137.36,50240
2026-08-27 10:31:56,137.36,137.37,137.26,137.29,19515
2026-08-27 10:32:56,137.32,137.4,137.3,137.4,9748
2026-08-27 10:33:58,137.39,137.44,137.36,137.44,8666
2026-08-27 10:34:58,137.43,137.46,137.37,137.46,13341
2026-08-27 10:35:56,137.46,137.46,137.43,137.43,8954
2026-08-27 10:36:59,137.46,137.46,137.41,137.46,13632
2026-08-27 10:37:55,137.38,137.38,137.31,137.33,57217
2026-08-27 10:38:56,137.37,137.38,137.31,137.38,6434
2026-08-27 10:39:58,137.37,137.39,137.32,137.37,3913
2026-08-27 10:40:55,137.37,137.37,137.33,137.35,10029
2026-08-27 10:41:59,137.35,137.36,137.28,137.36,13250
2026-08-27 10:42:58,137.36,137.42,137.36,137.41,7830
2026-08-27 10:43:59,137.43,137.43,137.27,137.27,35014
2026-08-27 10:44:58,137.27,137.31,137.25,137.3,7396
2026-08-27 10:45:58,137.31,137.31,137.25,137.3,5387
2026-08-27 10:46:59,137.3,137.49,137.26,137.49,17260
2026-08-27 10:47:54,137.48,137.49,137.46,137.49,3604
2026-08-27 10:48:56,137.49,137.51,137.45,137.46,3471
2026-08-27 10:49:58,137.43,137.43,137.36,137.41,10215
2026-08-27 10:50:57,137.42,137.42,137.35,137.35,10804
2026-08-27 10:51:58,137.35,137.41,137.15,137.41,59898
2026-08-27 10:52:57,137.35,137.4,137.33,137.39,4435
2026-08-27 10:53:56,137.39,137.46,137.38,137.45,11018
2026-08-27 10:54:56,137.42,137.46,137.4,137.43,4169
2026-08-27 10:55:57,137.46,137.46,137.43,137.46,3021
2026-08-27 10:56:57,137.4,137.49,137.4,137.47,4595
2026-08-27 10:57:55,137.5,137.5,137.34,137.42,14110
2026-08-27 10:58:59,137.37,137.44,137.37,137.44,980
2026-08-27 10:59:56,137.48,137.49,137.43,137.46,4632
2026-08-27 11:00:57,137.46,137.5,137.42,137.5,12174
2026-08-27 11:01:56,137.49,137.5,137.4,137.4,18065
2026-08-27 11:02:56,137.42,137.49,137.42,137.47,7546
2026-08-27 11:03:55,137.47,137.55,137.47,137.51,10991
2026-08-27 11:04:59,137.51,137.54,137.43,137.47,3791
2026-08-27 11:05:57,137.55,137.55,137.48,137.52,5509
2026-08-27 11:06:55,137.53,137.54,137.46,137.51,4158
2026-08-27 11:07:57,137.53,137.53,137.46,137.52,15045
2026-08-27 11:08:59,137.47,137.52,137.47,137.5,908
2026-08-27 11:09:57,137.5,137.53,137.47,137.53,3890
2026-08-27 11:10:59,137.53,137.53,137.46,137.52,6893
2026-08-27 11:11:57,137.53,137.53,137.5,137.53,4352
2026-08-27 11:12:57,137.52,137.53,137.5,137.52,4451
2026-08-27 11:13:58,137.52,137.54,137.51,137.54,1514
2026-08-27 11:14:55,137.52,137.55,137.34,137.34,52809
2026-08-27 11:15:59,137.39,137.45,137.39,137.45,12104
2026-08-27 11:16:55,137.46,137.47,137.44,137.47,1835
2026-08-27 11:17:58,137.47,137.48,137.4,137.46,4677
2026-08-27 11:18:57,137.47,137.47,137.26,137.32,12831
2026-08-27 11:19:55,137.34,137.35,137.28,137.31,4580
2026-08-27 11:20:59,137.36,137.41,137.32,137.32,5589
2026-08-27 11:21:59,137.5,137.5,137.36,137.43,7368
2026-08-27 11:22:56,137.43,137.43,137.32,137.38,11373
2026-08-27 11:23:59,137.31,137.39,137.31,137.38,1495
2026-08-27 11:24:57,137.39,137.39,137.35,137.38,1793
2026-08-27 11:25:55,137.38,137.45,137.35,137.45,12354
2026-08-27 11:26:57,137.45,137.49,137.41,137.49,6019
2026-08-27 11:27:57,137.49,137.49,137.45,137.45,2982
2026-08-27 11:28:57,137.46,137.48,137.44,137.47,1692
2026-08-27 11:29:58,137.46,137.47,137.41,137.46,3052
2026-08-27 11:30:58,137.45,137.46,137.45,137.46,1801
2026-08-27 11:31:56,137.46,137.5,137.46,137.5,6536
2026-08-27 11:32:55,137.57,137.58,137.54,137.54,3286
2026-08-27 11:33:56,137.55,137.58,137.55,137.58,4341
2026-08-27 11:34:59,137.58,137.61,137.58,137.61,7542
2026-08-27 11:35:55,137.56,137.62,137.56,137.6,4143
2026-08-27 11:36:56,137.6,137.62,137.55,137.62,12400
2026-08-27 11:37:57,137.6,137.64,137.6,137.6,1038
2026-08-27 11:38:59,137.63,137.63,137.57,137.6,6632
2026-08-27 11:39:58,137.6,137.63,137.57,137.6,3282
2026-08-27 11:40:58,137.62,137.64,137.6,137.64,11034
2026-08-27 11:41:57,137.64,137.64,137.55,137.6,7874
2026-08-27 11:42:58,137.61,137.61,137.55,137.59,2759
2026-08-27 11:43:55,137.59,137.59,137.51,137.59,2330
2026-08-27 11:44:58,137.59,137.59,137.56,137.56,1161
2026-08-27 11:45:55,137.58,137.62,137.56,137.61,1346
2026-08-27 11:46:55,137.61,137.61,137.56,137.6,2559
2026-08-27 11:47:58,137.6,137.6,137.57,137.57,8395
2026-08-27 11:48:56,137.58,137.59,137.53,137.54,3356
2026-08-27 11:49:56,137.54,137.55,137.53,137.55,5276
2026-08-27 11:50:57,137.54,137.6,137.54,137.55,1520
2026-08-27 11:51:59,137.55,137.57,137.53,137.53,3981
2026-08-27 11:52:59,137.52,137.53,137.51,137.53,5285
2026-08-27 11:53:58,137.53,137.53,137.51,137.52,1134
2026-08-27 11:54:56,137.53,137.53,137.52,137.53,1070
2026-08-27 11:55:58,137.53,137.54,137.52,137.52,4049
2026-08-27 11:56:58,137.52,137.54,137.51,137.54,4085
2026-08-27 11:57:58,137.52,137.6,137.52,137.6,2960
2026-08-27 11:58:59,137.6,137.6,137.52,137.6,8435
2026-08-27 11:59:55,137.59,137.59,137.48,137.49,18596
2026-08-27 12:00:57,137.45,137.5,137.45,137.49,20440
2026-08-27 12:01:58,137.47,137.47,137.37,137.37,12716
2026-08-27 12:02:56,137.37,137.45,137.37,137.41,1275
2026-08-27 12:03:59,137.43,137.45,137.42,137.43,938
2026-08-27 12:04:57,137.45,137.45,137.43,137.45,1463
2026-08-27 12:05:57,137.45,137.46,137.3,137.36,17434
2026-08-27 12:06:56,137.36,137.37,137.3,137.37,6408
2026-08-27 12:07:54,137.37,137.39,137.33,137.39,3724
2026-08-27 12:08:56,137.39,137.39,137.25,137.25,21310
2026-08-27 12:09:56,137.26,137.33,137.26,137.3,4791
2026-08-27 12:10:56,137.3,137.36,137.3,137.35,4666
2026-08-27 12:11:59,137.32,137.37,137.32,137.36,1252
2026-08-27 12:12:58,137.37,137.37,137.29,137.36,26112
2026-08-27 12:13:57,137.36,137.36,137.32,137.36,2344
2026-08-27 12:14:59,137.35,137.37,137.35,137.35,6950
2026-08-27 12:15:57,137.37,137.37,137.3,137.3,12263
2026-08-27 12:16:59,137.3,137.33,137.3,137.32,976
2026-08-27 12:17:58,137.32,137.33,137.27,137.28,5414
2026-08-27 12:18:55,137.33,137.35,137.29,137.33,2902
2026-08-27 12:19:58,137.33,137.37,137.33,137.36,8256
2026-08-27 12:20:59,137.35,137.35,137.3,137.35,3213
2026-08-27 12:21:56,137.35,137.36,137.35,137.36,1466
2026-08-27 12:22:56,137.35,137.4,137.35,137.38,5998
2026-08-27 12:23:56,137.37,137.37,137.31,137.36,8043
2026-08-27 12:24:57,137.36,137.36,137.31,137.32,4207
2026-08-27 12:25:56,137.35,137.35,137.32,137.35,1993
2026-08-27 12:26:58,137.35,137.39,137.35,137.39,4176
2026-08-27 12:27:57,137.39,137.45,137.37,137.45,3123
2026-08-27 12:28:59,137.41,137.45,137.4,137.4,4154
2026-08-27 12:29:55,137.41,137.45,137.4,137.45,7960
2026-08-27 12:30:57,137.45,137.45,137.38,137.41,12378
2026-08-27 12:31:59,137.35,137.42,137.35,137.42,1664
2026-08-27 12:32:56,137.42,137.42,137.42,137.42,1710
2026-08-27 12:33:58,137.42,137.44,137.42,137.42,1449
2026-08-27 12:34:59,137.4,137.44,137.4,137.44,3422
2026-08-27 12:35:57,137.44,137.44,137.4,137.43,6100
2026-08-27 12:36:59,137.4,137.43,137.4,137.43,3641
2026-08-27 12:37:58,137.43,137.43,137.43,137.43,745
2026-08-27 12:38:55,137.43,137.43,137.42,137.42,1476
2026-08-27 12:39:55,137.43,137.43,137.42,137.43,1670
2026-08-27 12:40:58,137.43,137.47,137.42,137.47,3567
2026-08-27 12:41:58,137.47,137.5,137.46,137.5,2348
2026-08-27 12:42:58,137.49,137.49,137.43,137.43,12129
2026-08-27 12:43:55,137.3,137.35,137.3,137.35,57724
2026-08-27 12:44:59,137.35,137.35,137.3,137.35,9925
2026-08-27 12:45:57,137.35,137.38,137.35,137.35,3353
2026-08-27 12:46:57,137.35,137.38,137.35,137.38,1116
2026-08-27 12:47:57,137.36,137.42,137.36,137.42,2532
2026-08-27 12:48:57,137.4,137.43,137.38,137.4,16440
2026-08-27 12:49:59,137.4,137.45,137.38,137.38,5552
2026-08-27 12:50:58,137.42,137.44,137.4,137.44,662
2026-08-27 12:51:59,137.44,137.46,137.39,137.39,13497
2026-08-27 12:52:59,137.42,137.43,137.42,137.42,3858
2026-08-27 12:53:57,137.41,137.43,137.37,137.43,3799
2026-08-27 12:54:59,137.41,137.42,137.38,137.41,6756
2026-08-27 12:55:57,137.4,137.4,137.38,137.39,1230
2026-08-27 12:56:58,137.38,137.5,137.38,137.5,17977
2026-08-27 12:57:59,137.5,137.5,137.46,137.46,620
2026-08-27 12:58:56,137.46,137.47,137.38,137.39,29212
2026-08-27 12:59:57,137.4,137.41,137.37,137.41,22425
2026-08-27 13:00:55,137.4,137.43,137.4,137.43,1527
2026-08-27 13:01:59,137.43,137.47,137.43,137.46,4150
2026-08-27 13:02:59,137.46,137.47,137.45,137.45,2188
2026-08-27 13:03:56,137.46,137.46,137.46,137.46,2921
2026-08-27 13:04:58,137.47,137.48,137.42,137.42,8848
2026-08-27 13:05:59,137.46,137.47,137.44,137.44,5491
2026-08-27 13:06:59,137.46,137.46,137.4,137.43,4534
2026-08-27 13:07:55,137.42,137.42,137.4,137.4,6172
2026-08-27 13:08:56,137.4,137.42,137.35,137.39,1767
2026-08-27 13:09:56,137.41,137.41,137.35,137.38,7881
2026-08-27 13:10:55,137.38,137.39,137.32,137.35,2362
2026-08-27 13:11:56,137.35,137.37,137.33,137.37,3120
2026-08-27 13:12:55,137.37,137.37,137.37,137.37,577
2026-08-27 13:13:58,137.39,137.43,137.38,137.43,7744
2026-08-27 13:14:59,137.43,137.45,137.43,137.43,5618
2026-08-27 13:15:57,137.43,137.44,137.41,137.44,3825
2026-08-27 13:16:57,137.43,137.43,137.4,137.4,3461
2026-08-27 13:17:57,137.38,137.38,137.33,137.35,8741
2026-08-27 13:18:59,137.35,137.38,137.25,137.27,37874
2026-08-27 13:19:56,137.26,137.29,137.26,137.27,19503
2026-08-27 13:20:58,137.26,137.33,137.25,137.33,57554
2026-08-27 13:21:55,137.32,137.32,137.25,137.28,3808
2026-08-27 13:22:57,137.3,137.3,137.25,137.28,3613
2026-08-27 13:23:59,137.27,137.31,137.27,137.28,3570
2026-08-27 13:24:55,137.27,137.27,137.24,137.24,7631
2026-08-27 13:25:56,137.24,137.24,137.2,137.22,18060
2026-08-27 13:26:58,137.22,137.22,137.21,137.22,3862
2026-08-27 13:27:55,137.22,137.22,137.21,137.22,1300
2026-08-27 13:28:57,137.22,137.22,137.2,137.21,11454
2026-08-27 13:29:59,137.21,137.21,137.2,137.2,31790
2026-08-27 13:30:57,137.23,137.24,137.18,137.19,23469
2026-08-27 13:31:57,137.17,137.21,137.15,137.16,19473
2026-08-27 13:32:57,137.21,137.21,137.16,137.21,5502
2026-08-27 13:33:56,137.18,137.21,137.18,137.2,2997
2026-08-27 13:34:55,137.19,137.21,137.18,137.2,2336
2026-08-27 13:35:57,137.21,137.21,137.2,137.2,2442
2026-08-27 13:36:54,137.2,137.2,137.19,137.2,1817
2026-08-27 13:37:56,137.19,137.2,137.19,137.2,1429
2026-08-27 13:38:58,137.2,137.2,137.18,137.2,13893
2026-08-27 13:39:58,137.2,137.21,137.19,137.21,5023
2026-08-27 13:40:59,137.21,137.22,137.2,137.21,4760
2026-08-27 13:41:54,137.21,137.22,137.21,137.22,1846
2026-08-27 13:42:55,137.22,137.22,137.17,137.22,4309
2026-08-27 13:43:58,137.22,137.22,137.1,137.11,50201
2026-08-27 13:44:59,137.12,137.12,137.05,137.11,21467
2026-08-27 13:45:57,137.09,137.1,137,137.04,57721
2026-08-27 13:46:58,137.03,137.03,137.02,137.03,6134
2026-08-27 13:47:57,137.04,137.06,137.04,137.06,8645
2026-08-27 13:48:58,137.05,137.05,136.82,136.85,191386
2026-08-27 13:49:59,136.88,136.98,136.88,136.94,28959
2026-08-27 13:50:59,136.96,136.96,136.91,136.93,7037
2026-08-27 13:51:56,136.93,136.96,136.93,136.94,5591
2026-08-27 13:52:58,136.93,136.94,136.92,136.93,3474
2026-08-27 13:53:55,136.94,136.98,136.93,136.94,13110
2026-08-27 13:54:58,136.94,137,136.94,136.99,16120
2026-08-27 13:55:57,137,137,136.99,137,3605
2026-08-27 13:56:55,136.99,137.01,136.98,137.01,14825
2026-08-27 13:57:55,137.01,137.01,136.98,137,4585
2026-08-27 13:58:58,137,137.01,136.99,137.01,3650
2026-08-27 13:59:57,137.01,137.02,137.01,137.02,2496
2026-08-27 14:00:57,136.89,136.96,136.89,136.94,41742
2026-08-27 14:01:59,136.95,137,136.93,136.98,19265
2026-08-27 14:02:54,136.98,136.99,136.95,136.96,5016
2026-08-27 14:03:57,136.96,136.99,136.85,136.94,17713
2026-08-27 14:04:56,136.94,136.94,136.89,136.92,5734
2026-08-27 14:05:55,136.92,136.92,136.89,136.89,8358
2026-08-27 14:06:55,136.91,136.91,136.87,136.91,8483
2026-08-27 14:07:56,136.91,136.98,136.91,136.95,23420
2026-08-27 14:08:58,136.95,136.96,136.91,136.91,4357
2026-08-27 14:09:58,136.92,136.92,136.92,136.92,5951
2026-08-27 14:10:57,136.94,136.99,136.94,136.94,7358
2026-08-27 14:11:57,136.96,136.98,136.95,136.96,7322
2026-08-27 14:12:56,136.94,136.97,136.94,136.97,9948
2026-08-27 14:13:59,136.97,137,136.97,137,8969
2026-08-27 14:14:59,137,137,136.96,136.96,2059
2026-08-27 14:15:54,136.98,136.98,136.83,136.86,22956
2026-08-27 14:16:57,136.86,136.92,136.86,136.86,9063
2026-08-27 14:17:59,136.9,136.9,136.86,136.87,4971
2026-08-27 14:18:54,136.86,136.89,136.86,136.88,9422
2026-08-27 14:19:55,136.9,136.9,136.86,136.9,11001
2026-08-27 14:20:59,136.9,136.91,136.69,136.88,144157
2026-08-27 14:21:58,136.88,136.92,136.86,136.9,4193
2026-08-27 14:22:54,136.89,136.92,136.89,136.92,11665
2026-08-27 14:23:55,136.92,136.93,136.9,136.92,4027
2026-08-27 14:24:56,136.92,136.95,136.92,136.95,9286
2026-08-27 14:25:57,136.95,136.97,136.94,136.95,8418
2026-08-27 14:26:59,136.94,136.95,136.94,136.95,7182
2026-08-27 14:27:59,136.96,136.97,136.96,136.96,9722
2026-08-27 14:28:59,136.98,137,136.98,137,9439
2026-08-27 14:29:57,137,137,136.99,136.99,14743
2026-08-27 14:30:56,137,137.08,137,137.06,2800
2026-08-27 14:31:56,137.06,137.06,137.02,137.02,2436
2026-08-27 14:32:57,137.04,137.04,136.94,136.96,25461
2026-08-27 14:33:56,137.01,137.05,136.96,137,10992
2026-08-27 14:34:58,137.02,137.05,136.95,136.95,9507
2026-08-27 14:35:55,137.04,137.05,137.02,137.05,5940
2026-08-27 14:36:56,137.05,137.05,137.04,137.05,3701
2026-08-27 14:37:58,137.05,137.13,137.05,137.13,14200
2026-08-27 14:38:55,137.11,137.11,137.07,137.08,1373
2026-08-27 14:39:56,137.08,137.12,137.08,137.1,5055
2026-08-27 14:40:58,137.12,137.13,137.1,137.1,3603
2026-08-27 14:41:55,137.1,137.15,137.09,137.15,14422
2026-08-27 14:42:59,137.07,137.16,137.06,137.16,23553
2026-08-27 14:43:54,137.16,137.16,137.1,137.14,8166
2026-08-27 14:44:58,137.14,137.15,137.1,137.12,6911
2026-08-27 14:45:56,137.14,137.14,137.07,137.12,5778
2026-08-27 14:46:54,137.12,137.13,137.1,137.13,5752
2026-08-27 14:47:57,137.13,137.16,137.13,137.16,17970
2026-08-27 14:48:56,137.16,137.18,137.13,137.18,11660
2026-08-27 14:49:55,137.13,137.16,137.11,137.11,17742
2026-08-27 14:50:56,137.13,137.14,137.08,137.14,18683
2026-08-27 14:51:58,137.15,137.29,137.15,137.29,62449
2026-08-27 14:52:58,137.36,137.37,137.3,137.36,30630
2026-08-27 14:53:58,137.34,137.41,137.33,137.35,21230
2026-08-27 14:54:56,137.4,137.55,137.31,137.49,93123
2026-08-27 14:55:59,137.48,137.62,137.48,137.55,126879
2026-08-27 14:56:58,137.55,137.55,137.48,137.51,29485
2026-08-27 14:57:57,137.52,137.55,137.49,137.5,20554
2026-08-27 14:58:57,137.51,137.51,137.45,137.45,29757
2026-08-27 14:59:56,137.45,137.49,137.45,137.49,21950
2026-08-27 15:00:53,137.48,137.55,137.48,137.55,35854
2026-08-27 15:01:57,137.59,137.59,137.55,137.56,26630
2026-08-27 15:02:57,137.58,137.59,137.55,137.56,24492
2026-08-27 15:03:54,137.56,137.56,137.5,137.53,17436
2026-08-27 15:04:54,137.53,137.54,137.5,137.54,9842
2026-08-27 15:05:55,137.53,137.56,137.5,137.5,84810
2026-08-27 15:06:58,137.53,137.53,137.31,137.42,91285
2026-08-27 15:07:55,137.49,137.5,137.48,137.48,24366
2026-08-27 15:08:57,137.49,137.54,137.43,137.54,46420
2026-08-27 15:09:59,137.56,137.56,137.43,137.48,50414
2026-08-27 15:10:57,137.48,137.59,137.44,137.59,105053
2026-08-27 15:11:53,137.62,137.62,137.33,137.33,49557
2026-08-27 15:12:59,137.35,137.35,137.18,137.27,112227
2026-08-27 15:13:53,137.22,137.26,137.14,137.23,15120
2026-08-27 15:14:58,137.16,137.23,137.16,137.2,20010
2026-08-27 15:15:15,137.24,137.24,137.24,137.24,70
2026-08-27 15:20:54,137.24,137.24,137.24,137.24,136543
2026-08-27 15:22:56,137.24,137.24,137.24,137.24,200
2026-08-27 15:24:59,137.24,137.24,137.24,137.24,221
2026-08-27 15:27:53,137.24,137.24,137.24,137.24,122
2026-08-27 15:28:08,137.24,137.57,137.24,137.57,6022277
2026-08-28 09:07:09,137.57,137.57,137.57,137.57,10760
2026-08-28 09:15:57,137.01,137.01,136.68,136.86,183187
2026-08-28 09:16:55,136.79,136.79,136.5,136.64,51801
2026-08-28 09:17:57,136.65,136.65,136.28,136.51,53543
2026-08-28 09:18:56,136.56,136.66,136.54,136.66,61180
2026-08-28 09:19:55,136.65,136.65,136.54,136.63,26100
2026-08-28 09:20:53,136.63,136.67,136.59,136.59,16657
2026-08-28 09:21:57,136.55,136.61,136.44,136.61,78865
2026-08-28 09:22:53,136.66,136.68,136.63,136.68,16256
2026-08-28 09:23:56,136.67,136.68,136.65,136.67,12777
2026-08-28 09:24:58,136.64,136.75,136.64,136.68,19229
2026-08-28 09:25:52,136.69,136.75,136.64,136.75,34661
2026-08-28 09:26:55,136.77,136.77,136.74,136.75,17096
2026-08-28 09:27:57,136.76,137.08,136.76,137.08,16548
2026-08-28 09:28:57,136.98,137.04,136.98,137.01,23414
2026-08-28 09:29:55,137.01,137.02,136.99,136.99,22367
2026-08-28 09:30:53,136.97,136.97,136.95,136.95,3212
2026-08-28 09:31:54,136.96,136.96,136.93,136.93,19663
2026-08-28 09:32:55,136.94,136.94,136.84,136.89,17475
2026-08-28 09:33:54,136.89,136.9,136.81,136.85,4788
2026-08-28 09:34:58,136.87,136.87,136.73,136.75,29470
2026-08-28 09:35:55,136.73,136.77,136.72,136.75,8348
2026-08-28 09:36:58,136.74,136.78,136.73,136.77,10820
2026-08-28 09:37:56,136.77,136.78,136.75,136.78,11554
2026-08-28 09:38:59,136.8,136.8,136.68,136.68,20005
2026-08-28 09:39:54,136.68,136.7,136.68,136.69,9671
2026-08-28 09:40:55,136.69,136.69,136.65,136.69,6386
2026-08-28 09:41:58,136.7,136.74,136.69,136.71,11485
2026-08-28 09:42:54,136.66,136.71,136.65,136.7,24302
2026-08-28 09:43:59,136.7,136.73,136.7,136.7,12525
2026-08-28 09:44:53,136.71,136.71,136.65,136.65,5480
2026-08-28 09:45:56,136.71,136.75,136.7,136.75,8031
2026-08-28 09:46:59,136.7,136.72,136.7,136.7,9453
2026-08-28 09:47:55,136.7,136.71,136.68,136.7,5159
2026-08-28 09:48:55,136.83,136.83,136.58,136.58,63847
2026-08-28 09:49:55,136.58,136.67,136.58,136.64,16903
2026-08-28 09:50:57,136.64,136.64,136.61,136.62,10612
2026-08-28 09:51:58,136.65,136.65,136.56,136.59,6863
2026-08-28 09:52:59,136.55,136.6,136.52,136.56,13242
2026-08-28 09:53:56,136.56,136.6,136.54,136.6,7862
2026-08-28 09:54:54,136.62,136.62,136.57,136.57,10017
2026-08-28 09:55:58,136.64,136.64,136.58,136.62,3204
2026-08-28 09:56:55,136.63,136.63,136.58,136.63,4436
2026-08-28 09:57:54,136.63,136.63,136.57,136.6,6954
2026-08-28 09:58:57,136.6,136.61,136.56,136.57,17549
2026-08-28 09:59:59,136.52,136.57,136.52,136.52,13410
2026-08-28 10:00:55,136.55,136.56,136.53,136.56,10568
2026-08-28 10:01:57,136.56,136.56,136.53,136.56,3335
2026-08-28 10:02:57,136.57,136.59,136.53,136.53,5745
2026-08-28 10:03:56,136.55,136.55,136.53,136.53,2932
2026-08-28 10:04:56,136.5,136.55,136.5,136.54,6333
2026-08-28 10:05:57,136.54,136.55,136.52,136.55,5786
2026-08-28 10:06:59,136.54,136.55,136.5,136.55,15538
2026-08-28 10:07:56,136.55,136.66,136.52,136.62,9687
2026-08-28 10:08:59,136.62,136.67,136.62,136.65,4365
2026-08-28 10:09:54,136.65,136.66,136.61,136.64,3885
2026-08-28 10:10:55,136.66,136.67,136.63,136.67,2388
2026-08-28 10:11:59,136.67,136.67,136.63,136.65,5376
2026-08-28 10:12:59,136.65,136.74,136.65,136.74,6370
2026-08-28 10:13:54,136.74,136.84,136.74,136.84,11016
2026-08-28 10:14:59,136.85,136.94,136.85,136.94,11262
2026-08-28 10:15:58,136.88,136.93,136.88,136.9,4340
2026-08-28 10:16:57,136.9,136.93,136.86,136.93,10067
2026-08-28 10:17:59,136.93,136.99,136.93,136.99,13683
2026-08-28 10:18:59,136.98,136.98,136.94,136.94,3109
2026-08-28 10:19:54,136.94,136.97,136.9,136.9,22407
2026-08-28 10:20:55,136.85,136.89,136.85,136.85,9726
2026-08-28 10:21:58,136.82,136.87,136.79,136.79,3372
2026-08-28 10:22:54,136.79,136.81,136.79,136.8,3396
2026-08-28 10:23:54,136.75,136.78,136.74,136.76,10223
2026-08-28 10:24:55,136.75,136.75,136.7,136.72,930
2026-08-28 10:25:59,136.72,136.75,136.7,136.75,1280
2026-08-28 10:26:55,136.75,136.75,136.71,136.74,3726
2026-08-28 10:27:57,136.76,136.81,136.76,136.81,4718
2026-08-28 10:28:58,136.79,136.85,136.71,136.85,6057
2026-08-28 10:29:58,136.85,136.85,136.8,136.84,1773
2026-08-28 10:30:54,136.84,136.84,136.8,136.82,1624
2026-08-28 10:31:58,136.82,136.84,136.72,136.72,20068
2026-08-28 10:32:56,136.72,136.79,136.71,136.79,6217
2026-08-28 10:33:55,136.74,136.78,136.72,136.74,3210
2026-08-28 10:34:54,136.75,136.76,136.74,136.74,3693
2026-08-28 10:35:56,136.74,136.74,136.74,136.74,3632
2026-08-28 10:36:56,136.74,136.74,136.7,136.73,3179
2026-08-28 10:37:58,136.73,136.82,136.7,136.82,9101
2026-08-28 10:38:59,136.78,136.87,136.78,136.86,10363
2026-08-28 10:39:54,136.87,136.87,136.82,136.87,2787
2026-08-28 10:40:54,136.87,136.87,136.85,136.85,7771
2026-08-28 10:41:55,136.85,136.87,136.74,136.74,4754
2026-08-28 10:42:55,136.74,136.75,136.74,136.75,2844
2026-08-28 10:43:56,136.74,136.74,136.71,136.71,4461
2026-08-28 10:44:56,136.71,136.73,136.7,136.72,2027
2026-08-28 10:45:56,136.73,136.73,136.7,136.72,1453
2026-08-28 10:46:56,136.72,136.72,136.68,136.7,4769
2026-08-28 10:47:55,136.7,136.7,136.69,136.69,2718
2026-08-28 10:48:55,136.7,136.7,136.69,136.69,44699
2026-08-28 10:49:55,136.7,136.7,136.69,136.7,3887
2026-08-28 10:50:57,136.7,136.82,136.7,136.72,63826
2026-08-28 10:51:59,136.75,136.76,136.7,136.75,2559
2026-08-28 10:52:58,136.75,136.78,136.7,136.76,5649
2026-08-28 10:53:57,136.76,136.77,136.7,136.76,2600
2026-08-28 10:54:59,136.76,136.78,136.71,136.78,18802
2026-08-28 10:55:54,136.72,136.77,136.72,136.76,2965
2026-08-28 10:56:56,136.77,136.77,136.71,136.72,7135
2026-08-28 10:57:55,136.74,136.75,136.7,136.75,3390
2026-08-28 10:58:59,136.75,136.75,136.7,136.73,3947
2026-08-28 10:59:57,136.73,136.73,136.69,136.69,2235
2026-08-28 11:00:57,136.69,136.79,136.69,136.79,18303
2026-08-28 11:01:55,136.77,136.77,136.69,136.75,3366
2026-08-28 11:02:58,136.75,136.77,136.71,136.75,1984
2026-08-28 11:03:59,136.75,136.75,136.71,136.71,1796
2026-08-28 11:04:57,136.69,136.7,136.64,136.66,22213
2026-08-28 11:05:59,136.66,136.72,136.66,136.71,29306
2026-08-28 11:06:58,136.71,136.74,136.68,136.74,4892
2026-08-28 11:07:56,136.74,136.74,136.7,136.73,4564
2026-08-28 11:08:59,136.76,136.76,136.74,136.74,2402
2026-08-28 11:09:58,136.76,136.76,136.75,136.76,700
2026-08-28 11:10:57,136.75,136.76,136.74,136.76,2620
2026-08-28 11:11:55,136.76,136.8,136.75,136.75,6646
2026-08-28 11:12:58,136.8,136.81,136.75,136.8,1357
2026-08-28 11:13:56,136.81,136.81,136.77,136.77,1874
2026-08-28 11:14:59,136.81,136.81,136.78,136.81,3307
2026-08-28 11:15:59,136.78,136.82,136.78,136.82,2772
2026-08-28 11:16:57,136.82,136.82,136.8,136.81,2174
2026-08-28 11:17:56,136.81,136.81,136.75,136.81,3690
2026-08-28 11:18:59,136.81,136.81,136.77,136.8,2050
2026-08-28 11:19:56,136.83,136.85,136.81,136.85,7073
2026-08-28 11:20:58,136.85,136.86,136.84,136.84,1505
2026-08-28 11:21:59,136.8,136.84,136.8,136.83,1318
2026-08-28 11:22:56,136.8,136.8,136.75,136.76,4932
2026-08-28 11:23:57,136.75,136.79,136.74,136.74,10627
2026-08-28 11:24:55,136.74,136.78,136.7,136.7,3113
2026-08-28 11:25:56,136.75,136.76,136.7,136.71,867
2026-08-28 11:26:54,136.71,136.71,136.62,136.62,8921
2026-08-28 11:27:59,136.69,136.73,136.64,136.73,1661
2026-08-28 11:28:56,136.71,136.72,136.67,136.67,7870
2026-08-28 11:29:58,136.67,136.67,136.55,136.56,67149
2026-08-28 11:30:57,136.5,136.58,136.5,136.55,4295
2026-08-28 11:31:58,136.55,136.56,136.52,136.56,10037
2026-08-28 11:32:57,136.56,136.57,136.52,136.57,2343
2026-08-28 11:33:55,136.57,136.57,136.53,136.53,4306
2026-08-28 11:34:56,136.53,136.62,136.53,136.62,9352
2026-08-28 11:35:56,136.62,136.62,136.5,136.5,4064
2026-08-28 11:36:58,136.54,136.54,136.53,136.53,8502
2026-08-28 11:37:59,136.53,136.54,136.49,136.53,29533
2026-08-28 11:38:55,136.53,136.54,136.53,136.53,454
2026-08-28 11:39:54,136.53,136.61,136.52,136.56,11810
2026-08-28 11:40:58,136.56,136.61,136.54,136.54,5065
2026-08-28 11:41:58,136.59,136.61,136.55,136.59,3285
2026-08-28 11:42:56,136.59,136.59,136.55,136.55,2939
2026-08-28 11:43:55,136.55,136.57,136.5,136.52,2243
2026-08-28 11:44:56,136.55,136.57,136.54,136.55,6767
2026-08-28 11:45:58,136.55,136.55,136.51,136.55,1155
2026-08-28 11:46:58,136.55,136.55,136.55,136.55,1299
2026-08-28 11:47:57,136.55,136.55,136.5,136.52,4925
2026-08-28 11:48:57,136.55,136.76,136.55,136.76,25351
2026-08-28 11:49:59,136.72,136.75,136.67,136.74,7657
2026-08-28 11:50:55,136.75,136.75,136.6,136.67,8693
2026-08-28 11:51:58,136.67,136.7,136.67,136.7,1204
2026-08-28 11:52:59,136.7,136.7,136.66,136.66,974
2026-08-28 11:53:55,136.66,136.7,136.65,136.68,1404
2026-08-28 11:54:55,136.68,136.69,136.63,136.64,1818
2026-08-28 11:55:59,136.6,136.64,136.6,136.63,4583
2026-08-28 11:56:58,136.62,136.62,136.54,136.54,7041
2026-08-28 11:57:54,136.54,136.55,136.52,136.55,1265
2026-08-28 11:58:54,136.55,136.56,136.53,136.55,855
2026-08-28 11:59:55,136.52,136.56,136.52,136.56,3217
2026-08-28 12:00:56,136.56,136.56,136.52,136.55,3473
2026-08-28 12:01:58,136.55,136.56,136.52,136.56,2488
2026-08-28 12:02:57,136.55,136.56,136.52,136.56,2869
2026-08-28 12:03:55,136.56,136.56,136.55,136.56,2443
2026-08-28 12:04:58,136.56,136.7,136.56,136.63,23373
2026-08-28 12:05:56,136.65,136.66,136.57,136.6,5646
2026-08-28 12:06:56,136.6,136.62,136.54,136.56,1133
2026-08-28 12:07:57,136.62,136.62,136.56,136.62,1310
2026-08-28 12:08:59,136.63,136.63,136.55,136.62,5569
2026-08-28 12:09:56,136.62,136.62,136.55,136.6,3191
2026-08-28 12:10:58,136.6,136.6,136.55,136.55,3794
2026-08-28 12:11:59,136.58,136.58,136.5,136.5,24218
2026-08-28 12:12:59,136.57,136.57,136.55,136.57,4251
2026-08-28 12:13:56,136.55,136.59,136.55,136.58,6136
2026-08-28 12:14:55,136.58,136.59,136.54,136.59,1362
2026-08-28 12:15:56,136.59,136.62,136.54,136.56,1781
2026-08-28 12:16:56,136.62,136.62,136.53,136.56,35702
2026-08-28 12:17:58,136.56,136.57,136.5,136.56,4156
2026-08-28 12:18:55,136.54,136.57,136.51,136.57,6473
2026-08-28 12:19:58,136.55,136.56,136.3,136.4,40892
2026-08-28 12:20:55,136.41,136.43,136.36,136.38,5488
2026-08-28 12:21:55,136.38,136.4,136.31,136.34,8570
2026-08-28 12:22:57,136.37,136.4,136.37,136.39,1772
2026-08-28 12:23:57,136.39,136.4,136.35,136.35,4674
2026-08-28 12:24:55,136.4,136.4,136.23,136.29,57287
2026-08-28 12:25:59,136.29,136.3,136.25,136.3,4770
2026-08-28 12:26:56,136.3,136.31,136.28,136.31,4457
2026-08-28 12:27:55,136.34,136.4,136.34,136.4,4269
2026-08-28 12:28:58,136.39,136.4,136.33,136.4,1316
2026-08-28 12:29:57,136.39,136.4,136.35,136.4,8097
2026-08-28 12:30:58,136.4,136.4,136.37,136.37,2801
2026-08-28 12:31:58,136.4,136.46,136.37,136.46,1898
2026-08-28 12:32:57,136.47,136.56,136.47,136.56,19737
2026-08-28 12:33:57,136.56,136.6,136.55,136.59,2108
2026-08-28 12:34:59,136.57,136.62,136.56,136.62,3977
2026-08-28 12:35:58,136.62,136.64,136.56,136.61,3775
2026-08-28 12:36:56,136.61,136.67,136.61,136.66,12812
2026-08-28 12:37:59,136.66,136.68,136.65,136.67,3877
2026-08-28 12:38:57,136.66,136.69,136.65,136.69,7640
2026-08-28 12:39:55,136.7,136.7,136.69,136.69,3487
2026-08-28 12:40:57,136.7,136.7,136.67,136.69,15581
2026-08-28 12:41:55,136.68,136.71,136.64,136.71,6018
2026-08-28 12:42:59,136.71,136.73,136.69,136.73,2373
2026-08-28 12:43:55,136.75,136.75,136.69,136.73,2026
2026-08-28 12:44:57,136.73,136.73,136.71,136.72,993
2026-08-28 12:45:56,136.73,136.74,136.68,136.74,15304
2026-08-28 12:46:59,136.75,136.76,136.7,136.75,7236
2026-08-28 12:47:56,136.69,136.75,136.69,136.7,785
2026-08-28 12:48:57,136.73,136.73,136.66,136.66,2325
2026-08-28 12:49:58,136.66,136.72,136.66,136.67,1670
2026-08-28 12:50:56,136.67,136.67,136.6,136.67,12150
2026-08-28 12:51:58,136.65,136.65,136.6,136.6,2101
2026-08-28 12:52:58,136.65,136.65,136.57,136.64,4416
2026-08-28 12:53:55,136.66,136.67,136.65,136.67,1616
2026-08-28 12:54:57,136.65,136.68,136.63,136.64,2621
2026-08-28 12:55:57,136.64,136.66,136.6,136.66,5459
2026-08-28 12:56:58,136.66,136.66,136.58,136.58,1301
2026-08-28 12:57:56,136.63,136.63,136.58,136.58,1273
2026-08-28 12:58:55,136.6,136.61,136.53,136.61,2817
2026-08-28 12:59:58,136.56,136.66,136.56,136.66,5603
2026-08-28 13:00:57,136.64,136.72,136.63,136.72,5508
2026-08-28 13:01:55,136.72,136.72,136.65,136.7,438
2026-08-28 13:02:58,136.7,136.7,136.65,136.65,778
2026-08-28 13:03:56,136.65,136.69,136.65,136.65,618
2026-08-28 13:04:55,136.68,136.69,136.66,136.69,3022
2026-08-28 13:05:58,136.68,136.7,136.65,136.66,2636
2026-08-28 13:06:55,136.66,136.66,136.63,136.63,3237
2026-08-28 13:07:56,136.62,136.69,136.61,136.66,3478
2026-08-28 13:08:57,136.69,136.73,136.67,136.73,4654
2026-08-28 13:09:59,136.72,136.73,136.7,136.7,1904
2026-08-28 13:10:56,136.73,136.74,136.7,136.74,2594
2026-08-28 13:11:58,136.74,136.74,136.7,136.7,2655
2026-08-28 13:12:56,136.7,136.73,136.7,136.73,1870
2026-08-28 13:13:59,136.73,136.74,136.7,136.71,987
2026-08-28 13:14:56,136.74,136.74,136.7,136.73,2798
2026-08-28 13:15:56,136.73,136.73,136.7,136.7,6660
2026-08-28 13:16:55,136.73,136.73,136.7,136.71,6133
2026-08-28 13:17:57,136.72,136.75,136.72,136.75,1164
2026-08-28 13:18:58,136.75,136.76,136.74,136.76,4523
2026-08-28 13:19:55,136.76,136.76,136.71,136.76,3860
2026-08-28 13:20:58,136.75,136.75,136.71,136.71,1141
2026-08-28 13:21:58,136.75,136.75,136.7,136.74,1563
2026-08-28 13:22:57,136.74,136.79,136.74,136.75,8358
2026-08-28 13:23:56,136.77,136.78,136.72,136.77,9195
2026-08-28 13:24:56,136.77,136.77,136.73,136.77,1338
2026-08-28 13:25:58,136.77,136.78,136.73,136.78,2590
2026-08-28 13:26:58,136.78,136.78,136.73,136.78,2228
2026-08-28 13:27:56,136.78,136.78,136.77,136.78,1637
2026-08-28 13:28:59,136.78,136.79,136.74,136.79,4893
2026-08-28 13:29:56,136.79,136.79,136.72,136.74,2804
2026-08-28 13:30:57,136.79,136.79,136.74,136.74,4007
2026-08-28 13:31:57,136.79,136.79,136.74,136.79,5022
2026-08-28 13:32:56,136.79,136.79,136.74,136.75,3210
2026-08-28 13:33:57,136.75,136.79,136.73,136.73,11384
2026-08-28 13:34:58,136.78,136.78,136.75,136.78,1890
2026-08-28 13:35:58,136.78,136.78,136.77,136.78,2091
2026-08-28 13:36:59,136.78,136.78,136.74,136.78,2694
2026-08-28 13:37:56,136.75,136.79,136.75,136.75,2660
2026-08-28 13:38:59,136.79,136.79,136.75,136.78,727
2026-08-28 13:39:57,136.78,136.79,136.73,136.77,6118
2026-08-28 13:40:58,136.77,136.79,136.73,136.79,4438
2026-08-28 13:41:54,136.79,136.79,136.75,136.79,806
2026-08-28 13:42:57,136.75,136.78,136.74,136.74,943
2026-08-28 13:43:55,136.78,136.78,136.74,136.78,1539
2026-08-28 13:44:56,136.78,136.78,136.75,136.78,2934
2026-08-28 13:45:57,136.75,136.78,136.71,136.76,3342
2026-08-28 13:46:58,136.76,136.76,136.72,136.72,1339
2026-08-28 13:47:57,136.76,136.76,136.72,136.75,8804
2026-08-28 13:48:57,136.75,136.75,136.6,136.6,15774
2026-08-28 13:49:56,136.63,136.63,136.6,136.62,1505
2026-08-28 13:50:59,136.62,136.63,136.6,136.6,4677
2026-08-28 13:51:55,136.6,136.61,136.55,136.55,3673
2026-08-28 13:52:58,136.6,136.61,136.58,136.6,4858
2026-08-28 13:53:56,136.62,136.63,136.6,136.62,4654
2026-08-28 13:54:59,136.63,136.63,136.62,136.63,1146
2026-08-28 13:55:57,136.63,136.65,136.62,136.63,6938
2026-08-28 13:56:56,136.65,136.65,136.61,136.63,2341
2026-08-28 13:57:55,136.65,136.67,136.65,136.67,1599
2026-08-28 13:58:58,136.65,136.67,136.63,136.67,2344
2026-08-28 13:59:57,136.67,136.68,136.63,136.68,2021
2026-08-28 14:00:59,136.68,136.69,136.63,136.66,2959
2026-08-28 14:01:58,136.62,136.62,136.47,136.49,34803
2026-08-28 14:02:59,136.49,136.49,136.43,136.46,7478
2026-08-28 14:03:55,136.49,136.52,136.46,136.5,9746
2026-08-28 14:04:59,136.49,136.52,136.49,136.5,19739
2026-08-28 14:05:57,136.52,136.52,136.51,136.51,1202
2026-08-28 14:06:59,136.5,136.52,136.4,136.42,41105
2026-08-28 14:07:59,136.42,136.46,136.41,136.46,2631
2026-08-28 14:08:56,136.46,136.46,136.4,136.45,7996
2026-08-28 14:09:59,136.46,136.67,136.46,136.67,43231
2026-08-28 14:10:56,136.58,136.64,136.54,136.56,13628
2026-08-28 14:11:58,136.64,136.65,136.6,136.64,10490
2026-08-28 14:12:57,136.64,136.65,136.63,136.64,9124
2026-08-28 14:13:59,136.62,136.62,136.57,136.58,7419
2026-08-28 14:14:55,136.61,136.61,136.57,136.58,6863
2026-08-28 14:15:58,136.58,136.58,136.57,136.57,13586
2026-08-28 14:16:56,136.57,136.58,136.57,136.58,9469
2026-08-28 14:17:58,136.58,136.66,136.56,136.66,9330
2026-08-28 14:18:55,136.61,136.65,136.58,136.62,12240
2026-08-28 14:19:57,136.56,136.58,136.54,136.57,15644
2026-08-28 14:20:55,136.57,136.68,136.57,136.62,37785
2026-08-28 14:21:58,136.64,136.66,136.57,136.66,15912
2026-08-28 14:22:56,136.67,136.67,136.61,136.61,8300
2026-08-28 14:23:59,136.62,136.65,136.59,136.59,17169
2026-08-28 14:24:58,136.64,136.67,136.62,136.66,9192
2026-08-28 14:25:57,136.69,136.74,136.69,136.74,14760
2026-08-28 14:26:59,136.74,136.75,136.71,136.71,8400
2026-08-28 14:27:57,136.73,136.75,136.7,136.7,21319
2026-08-28 14:28:55,136.71,136.77,136.71,136.77,15092
2026-08-28 14:29:57,136.76,136.76,136.72,136.76,10403
2026-08-28 14:30:58,136.76,136.78,136.73,136.78,7879
2026-08-28 14:31:56,136.79,136.79,136.73,136.78,10989
2026-08-28 14:32:58,136.78,136.79,136.72,136.79,8847
2026-08-28 14:33:58,136.79,136.8,136.73,136.73,9851
2026-08-28 14:34:56,136.74,136.8,136.74,136.8,9234
2026-08-28 14:35:56,136.8,136.83,136.8,136.83,11331
2026-08-28 14:36:55,136.83,136.84,136.76,136.76,24261
2026-08-28 14:37:55,136.75,136.77,136.66,136.75,21469
2026-08-28 14:38:56,136.75,136.75,136.7,136.74,6626
2026-08-28 14:39:56,136.74,136.8,136.7,136.75,37202
2026-08-28 14:40:57,136.78,136.78,136.73,136.74,7355
2026-08-28 14:41:58,136.74,136.77,136.73,136.75,13903
2026-08-28 14:42:55,136.77,136.77,136.75,136.76,7357
2026-08-28 14:43:57,136.76,136.77,136.7,136.75,10485
2026-08-28 14:44:54,136.75,136.77,136.74,136.74,11606
2026-08-28 14:45:59,136.76,136.79,136.72,136.75,14362
2026-08-28 14:46:56,136.79,136.79,136.72,136.73,13643
2026-08-28 14:47:55,136.73,136.82,136.73,136.75,17705
2026-08-28 14:48:59,136.74,136.75,136.74,136.75,12210
2026-08-28 14:49:58,136.76,136.83,136.76,136.82,13655
2026-08-28 14:50:57,136.83,136.85,136.82,136.82,8927
2026-08-28 14:51:54,136.87,136.89,136.85,136.89,32521
2026-08-28 14:52:55,136.87,136.88,136.85,136.88,16744
2026-08-28 14:53:55,136.88,136.9,136.82,136.82,20750
2026-08-28 14:54:58,136.85,136.88,136.82,136.88,23720
2026-08-28 14:55:54,136.85,136.91,136.85,136.86,10044
2026-08-28 14:56:59,136.9,136.9,136.8,136.8,26791
2026-08-28 14:57:59,136.84,136.85,136.8,136.8,21051
2026-08-28 14:58:53,136.8,136.81,136.78,136.79,18335
2026-08-28 14:59:58,136.81,136.81,136.75,136.81,26447
2026-08-28 15:00:54,136.79,136.79,136.7,136.79,36541
2026-08-28 15:01:58,136.79,136.79,136.75,136.75,26735
2026-08-28 15:02:57,136.74,136.75,136.66,136.67,30142
2026-08-28 15:03:56,136.67,136.68,136.64,136.64,26311
2026-08-28 15:04:56,136.66,136.66,136.6,136.6,28349
2026-08-28 15:05:57,136.61,136.63,136.6,136.61,34050
2026-08-28 15:06:59,136.63,136.7,136.63,136.68,47200
2026-08-28 15:07:56,136.68,136.71,136.68,136.7,22036
2026-08-28 15:08:56,136.69,136.7,136.65,136.68,38662
2026-08-28 15:09:55,136.67,136.7,136.67,136.7,36908
2026-08-28 15:10:57,136.73,136.73,136.68,136.68,37834
2026-08-28 15:11:55,136.68,136.72,136.68,136.71,22389
2026-08-28 15:12:59,136.77,136.87,136.71,136.79,87456
2026-08-28 15:13:54,136.75,136.8,136.71,136.73,8499
2026-08-28 15:14:59,136.75,136.89,136.72,136.84,16468
2026-08-28 15:20:59,136.84,136.84,136.84,136.84,56346
2026-08-28 15:21:53,136.84,136.84,136.84,136.84,122
2026-08-28 15:22:55,136.84,136.84,136.84,136.84,183
2026-08-28 15:23:55,136.84,136.84,136.84,136.84,414
2026-08-28 15:24:56,136.84,136.84,136.84,136.84,5
2026-08-28 15:25:59,136.84,136.84,136.84,136.84,5237
2026-08-28 15:26:55,136.84,136.84,136.84,136.84,3685
2026-08-28 15:27:59,136.84,136.84,136.84,136.84,284
2026-08-28 15:29:16,136.84,137.1,136.84,137.1,3963876
2026-08-31 09:07:22,136.11,136.11,136.11,136.11,47283
2026-08-31 09:15:54,136.3,136.3,135.51,135.59,260542
2026-08-31 09:16:51,135.34,135.5,135.1,135.48,133354
2026-08-31 09:17:54,135.48,135.48,135.21,135.22,77067
2026-08-31 09:18:57,135.28,135.28,135.17,135.2,72674
2026-08-31 09:19:58,135.24,135.28,135.24,135.25,74097
2026-08-31 09:20:58,135.28,135.63,135.28,135.63,61616
2026-08-31 09:21:51,135.63,135.7,135.62,135.7,19271
2026-08-31 09:22:59,135.74,135.74,135.5,135.7,109538
2026-08-31 09:23:57,135.6,135.7,135.6,135.68,26642
2026-08-31 09:24:55,135.67,135.68,135.61,135.61,28280
2026-08-31 09:25:52,135.61,135.63,135.55,135.58,21528
2026-08-31 09:26:57,135.56,135.56,135.31,135.44,63951
2026-08-31 09:27:55,135.42,135.42,135.31,135.31,23115
2026-08-31 09:28:52,135.32,135.35,135.32,135.35,7161
2026-08-31 09:29:56,135.35,135.36,135.34,135.35,25840
2026-08-31 09:30:53,135.35,135.4,135.33,135.39,25165
2026-08-31 09:31:56,135.4,135.48,135.4,135.42,29328
2026-08-31 09:32:52,135.4,135.46,135.4,135.42,18850
2026-08-31 09:33:56,135.42,135.45,135.41,135.44,18253
2026-08-31 09:34:57,135.45,135.48,135.45,135.47,19149
2026-08-31 09:35:58,135.43,135.47,135.36,135.36,36606
2026-08-31 09:36:57,135.31,135.33,135.27,135.33,42275
2026-08-31 09:37:59,135.38,135.45,135.37,135.45,15197
2026-08-31 09:38:58,135.44,135.44,135.32,135.34,6966
2026-08-31 09:39:58,135.34,135.35,135.32,135.35,20796
2026-08-31 09:40:58,135.34,135.35,135.34,135.35,5276
2026-08-31 09:41:57,135.35,135.35,135.29,135.3,14712
2026-08-31 09:42:56,135.3,135.35,135.3,135.32,16173
2026-08-31 09:43:58,135.3,135.3,135.22,135.23,112514
2026-08-31 09:44:57,135.23,135.23,135.18,135.18,10920
2026-08-31 09:45:58,135.21,135.22,135.07,135.21,69207
2026-08-31 09:46:52,135.21,135.29,135.16,135.29,13064
2026-08-31 09:47:52,135.35,135.35,135.27,135.3,17037
2026-08-31 09:48:52,135.3,135.3,135.25,135.27,8278
2026-08-31 09:49:58,135.27,135.3,135.21,135.28,12038
2026-08-31 09:50:56,135.29,135.3,135.28,135.3,10182
2026-08-31 09:51:59,135.28,135.32,135.28,135.32,15397
2026-08-31 09:52:55,135.33,135.35,135.25,135.25,13878
2026-08-31 09:53:59,135.29,135.35,135.29,135.3,13832
2026-08-31 09:54:56,135.29,135.31,135.27,135.27,29338
2026-08-31 09:55:58,135.27,135.28,135.27,135.28,5375
2026-08-31 09:56:54,135.28,135.28,135.25,135.25,11092
2026-08-31 09:57:56,135.25,135.25,135.22,135.22,9009
2026-08-31 09:58:58,135.22,135.28,135.2,135.26,32377
2026-08-31 09:59:53,135.26,135.27,135.26,135.27,15779
2026-08-31 10:00:53,135.27,135.28,135.25,135.28,5462
2026-08-31 10:01:59,135.28,135.28,135.18,135.2,28713
2026-08-31 10:02:59,135.24,135.26,135.22,135.22,5901
2026-08-31 10:03:58,135.22,135.22,135.16,135.16,37035
2026-08-31 10:04:57,135.16,135.17,135.14,135.16,7335
2026-08-31 10:05:55,135.16,135.27,135.16,135.27,28570
2026-08-31 10:06:53,135.26,135.28,135.24,135.28,15014
2026-08-31 10:07:59,135.24,135.28,135.24,135.26,7118
2026-08-31 10:08:59,135.25,135.25,135.23,135.24,7668
2026-08-31 10:09:57,135.17,135.2,135.13,135.18,67610
2026-08-31 10:10:55,135.18,135.25,135.18,135.25,8946
2026-08-31 10:11:55,135.25,135.25,135.2,135.2,13942
2026-08-31 10:12:54,135.21,135.21,135.12,135.12,39378
2026-08-31 10:13:59,134.87,134.99,134.61,134.95,485904
2026-08-31 10:14:55,134.95,134.95,134.92,134.93,14961
2026-08-31 10:15:59,134.9,135,134.78,134.99,55900
2026-08-31 10:16:58,134.99,135.05,134.96,135.02,15953
2026-08-31 10:17:55,135,135.12,135,135.12,29709
2026-08-31 10:18:57,135.11,135.15,135.06,135.11,12402
2026-08-31 10:19:59,135.11,135.11,135.07,135.07,8039
2026-08-31 10:20:54,135.12,135.12,135.1,135.12,5340
2026-08-31 10:21:55,135.11,135.11,135.05,135.1,15796
2026-08-31 10:22:56,135.1,135.15,135.1,135.14,29160
2026-08-31 10:23:56,135.14,135.14,135.1,135.13,6356
2026-08-31 10:24:55,135.13,135.13,135.05,135.11,12499
2026-08-31 10:25:55,135.1,135.1,135.1,135.1,4081
2026-08-31 10:26:59,135.08,135.1,135.08,135.1,14529
2026-08-31 10:27:58,135.11,135.12,135.1,135.1,9060
2026-08-31 10:28:58,135.1,135.1,135.04,135.1,7909
2026-08-31 10:29:58,135.1,135.24,135.1,135.22,26857
2026-08-31 10:30:57,135.22,135.22,135.16,135.22,3037
2026-08-31 10:31:56,135.21,135.21,135.12,135.15,9651
2026-08-31 10:32:58,135.17,135.17,135.1,135.12,5442
2026-08-31 10:33:56,135.1,135.12,135.1,135.11,4429
2026-08-31 10:34:56,135.1,135.1,135.04,135.09,6056
2026-08-31 10:35:55,135.09,135.09,135.05,135.08,3525
2026-08-31 10:36:59,135.08,135.09,135.01,135.06,17593
2026-08-31 10:37:57,135.06,135.06,134.84,134.84,76614
2026-08-31 10:38:55,134.9,134.96,134.89,134.95,23209
2026-08-31 10:39:58,134.95,134.97,134.95,134.97,5929
2026-08-31 10:40:54,134.96,134.96,134.9,134.96,7645
2026-08-31 10:41:57,134.96,135,134.96,134.96,9823
2026-08-31 10:42:58,134.98,134.98,134.96,134.97,10902
2026-08-31 10:43:55,134.97,134.97,134.92,134.95,8600
2026-08-31 10:44:57,134.93,134.96,134.93,134.95,8185
2026-08-31 10:45:54,134.95,135.07,134.95,135.02,101143
2026-08-31 10:46:57,135.05,135.07,135,135,10165
2026-08-31 10:47:57,135,135.04,135,135.04,8915
2026-08-31 10:48:57,135.04,135.04,135.02,135.02,2177
2026-08-31 10:49:59,135,135.01,135,135.01,8196
2026-08-31 10:50:59,135.01,135.02,135,135.01,8619
2026-08-31 10:51:55,135.01,135.01,134.94,134.99,11308
2026-08-31 10:52:56,135,135,134.97,134.97,3449
2026-08-31 10:53:57,134.95,134.99,134.95,134.99,10830
2026-08-31 10:54:55,134.99,134.99,134.97,134.98,2758
2026-08-31 10:55:58,134.94,134.97,134.94,134.97,19100
2026-08-31 10:56:54,134.98,134.99,134.95,134.96,15800
2026-08-31 10:57:59,134.96,134.98,134.96,134.97,15924
2026-08-31 10:58:58,134.97,134.97,134.97,134.97,3718
2026-08-31 10:59:54,134.97,135.1,134.97,135.05,31494
2026-08-31 11:00:57,135.05,135.05,135,135.02,8708
2026-08-31 11:01:56,135.02,135.02,134.9,134.9,28200
2026-08-31 11:02:55,134.96,135.02,134.96,134.98,47919
2026-08-31 11:03:55,134.98,135,134.95,134.98,5661
2026-08-31 11:04:58,134.96,135,134.96,135,5199
2026-08-31 11:05:57,135,135,134.99,135,4496
2026-08-31 11:06:57,135,135.01,135,135.01,1952
2026-08-31 11:07:58,135.01,135.03,134.98,134.98,8472
2026-08-31 11:08:58,134.98,134.98,134.93,134.93,17023
2026-08-31 11:09:57,134.93,135,134.93,134.98,6933
2026-08-31 11:10:56,134.98,134.98,134.96,134.97,12045
2026-08-31 11:11:59,134.96,134.99,134.85,134.86,54238
2026-08-31 11:12:57,134.86,134.91,134.84,134.88,8921
2026-08-31 11:13:59,134.88,134.95,134.88,134.92,44876
2026-08-31 11:14:57,134.92,134.94,134.92,134.94,4613
2026-08-31 11:15:58,134.93,135.01,134.92,134.99,23412
2026-08-31 11:16:59,134.99,134.99,134.93,134.98,9197
2026-08-31 11:17:58,134.98,134.99,134.95,134.99,7005
2026-08-31 11:18:58,134.99,134.99,134.96,134.99,3181
2026-08-31 11:19:55,134.98,134.99,134.95,134.99,2757
2026-08-31 11:20:56,134.98,134.98,134.95,134.95,4871
2026-08-31 11:21:55,134.95,134.97,134.94,134.94,4605
2026-08-31 11:22:58,134.95,135.06,134.94,135.05,23941
2026-08-31 11:23:55,135.04,135.04,135,135.02,1643
2026-08-31 11:24:57,135.03,135.04,135,135.04,5787
2026-08-31 11:25:55,135.04,135.12,135,135.08,12565
2026-08-31 11:26:56,135.08,135.09,134.97,134.97,16394
2026-08-31 11:27:58,134.97,134.98,134.92,134.98,6470
2026-08-31 11:28:55,134.98,134.98,134.92,134.95,6070
2026-08-31 11:29:58,134.95,135.03,134.95,135,4899
2026-08-31 11:30:57,135.04,135.05,135.02,135.02,4135
2026-08-31 11:31:56,135.02,135.09,135.02,135.05,4555
2026-08-31 11:32:55,135.05,135.08,135.03,135.04,5128
2026-08-31 11:33:58,135,135.05,135,135.05,5990
2026-08-31 11:34:59,135.05,135.18,135.05,135.13,9112
2026-08-31 11:35:57,135.13,135.14,135.03,135.03,8607
2026-08-31 11:36:57,135.07,135.07,134.97,134.97,9795
2026-08-31 11:37:59,134.96,134.98,134.94,134.97,5287
2026-08-31 11:38:57,134.97,134.97,134.91,134.94,19848
2026-08-31 11:39:58,134.96,134.96,134.94,134.95,4290
2026-08-31 11:40:58,134.95,134.97,134.9,134.92,2025
2026-08-31 11:41:55,134.9,134.92,134.9,134.92,1840
2026-08-31 11:42:59,134.91,134.97,134.91,134.97,33084
2026-08-31 11:43:59,134.95,134.97,134.91,134.97,6261
2026-08-31 11:44:54,134.97,134.97,134.9,134.9,8370
2026-08-31 11:45:59,134.94,134.99,134.9,134.99,20632
2026-08-31 11:46:59,134.99,134.99,134.76,134.81,88165
2026-08-31 11:47:59,134.8,134.81,134.7,134.7,32745
2026-08-31 11:48:57,134.72,134.75,134.72,134.75,8943
2026-08-31 11:49:58,134.75,134.75,134.74,134.74,13540
2026-08-31 11:50:58,134.73,134.75,134.71,134.71,21380
2026-08-31 11:51:58,134.71,134.77,134.7,134.77,23860
2026-08-31 11:52:55,134.77,134.83,134.77,134.79,21413
2026-08-31 11:53:55,134.79,134.89,134.79,134.88,8204
2026-08-31 11:54:54,134.87,134.92,134.86,134.89,18448
2026-08-31 11:55:56,134.92,134.96,134.92,134.96,6917
2026-08-31 11:56:56,134.86,134.86,134.73,134.75,50527
2026-08-31 11:57:59,134.75,134.75,134.75,134.75,15287
2026-08-31 11:58:59,134.74,134.74,134.55,134.65,126515
2026-08-31 11:59:56,134.66,134.69,134.66,134.69,13380
2026-08-31 12:00:55,134.69,134.69,134.66,134.69,3624
2026-08-31 12:01:58,134.69,134.69,134.66,134.69,8035
2026-08-31 12:02:57,134.69,134.72,134.69,134.72,8036
2026-08-31 12:03:54,134.72,134.75,134.71,134.75,12309
2026-08-31 12:04:56,134.77,134.81,134.77,134.8,6987
2026-08-31 12:05:57,134.8,134.81,134.8,134.8,7233
2026-08-31 12:06:59,134.81,134.82,134.81,134.82,4808
2026-08-31 12:07:54,134.81,134.82,134.81,134.82,9247
2026-08-31 12:08:57,134.82,134.82,134.81,134.82,4038
2026-08-31 12:09:57,134.82,134.84,134.81,134.83,4929
2026-08-31 12:10:57,134.83,134.83,134.81,134.82,22487
2026-08-31 12:11:55,134.82,134.85,134.82,134.85,26499
2026-08-31 12:12:59,134.85,134.85,134.84,134.85,7165
2026-08-31 12:13:58,134.85,134.89,134.84,134.89,15668
2026-08-31 12:14:58,134.89,134.89,134.74,134.74,34509
2026-08-31 12:15:59,134.72,134.72,134.7,134.7,17978
2026-08-31 12:16:58,134.7,134.7,134.66,134.7,11455
2026-08-31 12:17:57,134.7,134.72,134.7,134.72,12861
2026-08-31 12:18:57,134.72,134.79,134.72,134.79,5303
2026-08-31 12:19:55,134.83,134.83,134.76,134.81,20792
2026-08-31 12:20:58,134.81,134.81,134.76,134.8,3360
2026-08-31 12:21:56,134.77,134.84,134.77,134.84,8327
2026-08-31 12:22:56,134.85,134.87,134.83,134.86,16260
2026-08-31 12:23:58,134.85,134.85,134.8,134.8,6908
2026-08-31 12:24:56,134.8,134.8,134.76,134.76,5353
2026-08-31 12:25:58,134.8,134.8,134.75,134.8,15530
2026-08-31 12:26:55,134.8,134.8,134.76,134.77,8325
2026-08-31 12:27:57,134.79,134.79,134.78,134.79,7164
2026-08-31 12:28:58,134.79,134.8,134.79,134.8,2350
2026-08-31 12:29:55,134.8,134.8,134.8,134.8,2836
2026-08-31 12:30:57,134.77,134.8,134.76,134.8,6889
2026-08-31 12:31:58,134.8,134.81,134.7,134.74,38984
2026-08-31 12:32:55,134.71,134.74,134.71,134.74,22131
2026-08-31 12:33:55,134.74,134.74,134.7,134.71,8182
2026-08-31 12:34:54,134.74,134.74,134.71,134.71,4081
2026-08-31 12:35:57,134.74,134.74,134.73,134.74,13771
2026-08-31 12:36:57,134.74,134.84,134.74,134.8,7946
2026-08-31 12:37:57,134.8,134.8,134.77,134.8,4172
2026-08-31 12:38:58,134.8,134.8,134.76,134.8,7820
2026-08-31 12:39:55,134.8,134.8,134.78,134.8,9895
2026-08-31 12:40:57,134.8,134.8,134.77,134.8,24337
2026-08-31 12:41:56,134.81,134.82,134.81,134.81,14566
2026-08-31 12:42:57,134.81,134.81,134.78,134.8,7082
2026-08-31 12:43:59,134.79,134.81,134.79,134.81,2794
2026-08-31 12:44:56,134.81,134.81,134.75,134.81,6233
2026-08-31 12:45:57,134.81,134.81,134.81,134.81,1282
2026-08-31 12:46:59,134.81,134.81,134.8,134.8,2804
2026-08-31 12:47:56,134.8,134.82,134.8,134.82,5411
2026-08-31 12:48:56,134.82,134.85,134.82,134.82,5832
2026-08-31 12:49:56,134.82,134.85,134.82,134.83,2293
2026-08-31 12:50:56,134.83,134.83,134.8,134.82,2905
2026-08-31 12:51:56,134.8,134.83,134.8,134.82,9326
2026-08-31 12:52:55,134.83,134.83,134.81,134.81,6195
2026-08-31 12:53:58,134.86,134.86,134.8,134.83,42228
2026-08-31 12:54:57,134.84,134.84,134.8,134.84,2907
2026-08-31 12:55:57,134.84,134.84,134.81,134.84,9705
2026-08-31 12:56:56,134.84,134.84,134.8,134.83,8548
2026-08-31 12:57:56,134.78,134.8,134.74,134.78,8253
2026-08-31 12:58:57,134.78,134.78,134.75,134.78,1015
2026-08-31 12:59:59,134.78,134.78,134.73,134.78,2722
2026-08-31 13:00:58,134.75,134.78,134.75,134.78,3747
2026-08-31 13:01:56,134.78,134.78,134.61,134.64,61283
2026-08-31 13:02:59,134.61,134.64,134.6,134.6,6662
2026-08-31 13:03:56,134.6,134.64,134.6,134.64,10793
2026-08-31 13:04:57,134.64,134.64,134.62,134.64,3393
2026-08-31 13:05:56,134.64,134.64,134.6,134.6,14956
2026-08-31 13:06:55,134.64,134.64,134.61,134.62,3547
2026-08-31 13:07:58,134.64,134.64,134.61,134.61,5576
2026-08-31 13:08:58,134.61,134.62,134.61,134.61,8467
2026-08-31 13:09:57,134.63,134.64,134.63,134.64,8770
2026-08-31 13:10:57,134.64,134.64,134.6,134.64,8299
2026-08-31 13:11:56,134.64,134.64,134.6,134.63,4787
2026-08-31 13:12:59,134.6,134.64,134.6,134.64,32818
2026-08-31 13:13:58,134.61,134.64,134.61,134.64,6087
2026-08-31 13:14:57,134.64,134.64,134.63,134.64,8896
2026-08-31 13:15:55,134.62,134.66,134.62,134.65,9487
2026-08-31 13:16:56,134.66,134.69,134.64,134.69,9464
2026-08-31 13:17:55,134.66,134.69,134.64,134.69,1536
2026-08-31 13:18:57,134.69,134.69,134.52,134.56,60442
2026-08-31 13:19:55,134.59,134.59,134.51,134.54,11133
2026-08-31 13:20:57,134.53,134.54,134.5,134.52,9147
2026-08-31 13:21:56,134.52,134.52,134.51,134.52,8312
2026-08-31 13:22:57,134.52,134.52,134.49,134.51,142433
2026-08-31 13:23:59,134.51,134.51,134.45,134.5,15419
2026-08-31 13:24:58,134.5,134.5,134.43,134.5,12306
2026-08-31 13:25:56,134.49,134.5,134.47,134.5,7025
2026-08-31 13:26:59,134.5,134.5,134.49,134.5,5609
2026-08-31 13:27:58,134.47,134.5,134.34,134.36,65611
2026-08-31 13:28:56,134.33,134.46,134.32,134.4,26699
2026-08-31 13:29:55,134.45,134.46,134.4,134.45,17137
2026-08-31 13:30:55,134.45,134.46,134.42,134.46,2054
2026-08-31 13:31:57,134.42,134.48,134.42,134.47,17586
2026-08-31 13:32:57,134.47,134.5,134.46,134.5,23053
2026-08-31 13:33:56,134.5,134.5,134.46,134.49,22261
2026-08-31 13:34:55,134.49,134.49,134.45,134.48,9346
2026-08-31 13:35:59,134.48,134.79,134.48,134.77,78204
2026-08-31 13:36:58,134.77,134.78,134.71,134.77,11230
2026-08-31 13:37:59,134.75,134.78,134.72,134.75,5025
2026-08-31 13:38:59,134.75,134.78,134.75,134.75,96967
2026-08-31 13:39:59,134.77,134.77,134.71,134.71,16937
2026-08-31 13:40:56,134.72,134.76,134.72,134.76,11068
2026-08-31 13:41:55,134.76,134.79,134.76,134.79,38687
2026-08-31 13:42:55,134.78,134.79,134.76,134.79,4063
2026-08-31 13:43:55,134.79,134.79,134.77,134.77,2858
2026-08-31 13:44:58,134.77,134.77,134.75,134.75,5530
2026-08-31 13:45:55,134.77,134.77,134.75,134.76,2609
2026-08-31 13:46:57,134.76,134.78,134.76,134.78,18508
2026-08-31 13:47:59,134.78,134.78,134.75,134.78,7692
2026-08-31 13:48:57,134.78,134.82,134.78,134.82,23791
2026-08-31 13:49:59,134.82,134.82,134.78,134.81,7273
2026-08-31 13:50:56,134.81,134.82,134.8,134.8,2730
2026-08-31 13:51:58,134.8,134.82,134.77,134.82,4489
2026-08-31 13:52:55,134.82,134.82,134.81,134.81,2833
2026-08-31 13:53:58,134.81,134.81,134.76,134.81,3639
2026-08-31 13:54:57,134.81,134.81,134.8,134.8,8726
2026-08-31 13:55:59,134.8,134.8,134.73,134.78,4635
2026-08-31 13:56:56,134.78,134.78,134.75,134.75,6810
2026-08-31 13:57:59,134.75,134.75,134.73,134.73,8517
2026-08-31 13:58:56,134.74,134.74,134.72,134.72,2528
2026-08-31 13:59:59,134.72,134.72,134.7,134.7,3641
2026-08-31 14:00:55,134.7,134.7,134.68,134.7,3972
2026-08-31 14:01:59,134.74,134.74,134.7,134.74,23902
2026-08-31 14:02:57,134.74,134.74,134.7,134.7,16691
2026-08-31 14:03:55,134.7,134.7,134.65,134.65,9341
2026-08-31 14:04:59,134.69,134.69,134.61,134.62,28727
2026-08-31 14:05:56,134.62,134.62,134.58,134.6,19703
2026-08-31 14:06:59,134.58,134.6,134.58,134.6,27021
2026-08-31 14:07:57,134.6,134.65,134.58,134.65,22779
2026-08-31 14:08:59,134.64,134.65,134.6,134.63,16138
2026-08-31 14:09:58,134.62,134.63,134.62,134.63,4511
2026-08-31 14:10:57,134.63,134.64,134.63,134.64,14384
2026-08-31 14:11:55,134.64,134.7,134.64,134.68,21814
2026-08-31 14:12:57,134.68,134.72,134.68,134.72,16920
2026-08-31 14:13:55,134.72,134.72,134.63,134.7,14521
2026-08-31 14:14:57,134.65,134.72,134.65,134.72,17151
2026-08-31 14:15:55,134.7,134.7,134.61,134.65,11938
2026-08-31 14:16:54,134.62,134.71,134.62,134.67,17863
2026-08-31 14:17:54,134.67,134.68,134.65,134.68,4119
2026-08-31 14:18:54,134.68,134.68,134.64,134.64,2831
2026-08-31 14:19:59,134.65,134.66,134.63,134.66,9647
2026-08-31 14:20:59,134.66,134.66,134.66,134.66,1835
2026-08-31 14:21:59,134.66,134.66,134.65,134.66,7616
2026-08-31 14:22:59,134.66,134.75,134.66,134.75,20870
2026-08-31 14:23:55,134.7,134.75,134.7,134.7,8164
2026-08-31 14:24:56,134.75,134.75,134.7,134.7,4714
2026-08-31 14:25:58,134.73,134.73,134.71,134.73,5913
2026-08-31 14:26:59,134.73,134.73,134.71,134.72,5824
2026-08-31 14:27:57,134.72,134.72,134.71,134.71,2599
2026-08-31 14:28:55,134.72,134.72,134.71,134.71,2086
2026-08-31 14:29:55,134.71,134.73,134.71,134.73,14745
2026-08-31 14:30:59,134.72,134.78,134.72,134.78,34772
2026-08-31 14:31:59,134.78,134.79,134.76,134.78,7784
2026-08-31 14:32:54,134.8,134.8,134.79,134.8,9514
2026-08-31 14:33:56,134.8,134.8,134.79,134.8,13207
2026-08-31 14:34:56,134.79,134.79,134.75,134.75,8204
2026-08-31 14:35:58,134.82,134.85,134.76,134.84,45987
2026-08-31 14:36:58,134.84,134.9,134.83,134.85,44733
2026-08-31 14:37:57,134.85,134.89,134.85,134.89,3361
2026-08-31 14:38:59,134.89,134.89,134.86,134.89,15524
2026-08-31 14:39:57,134.89,134.9,134.89,134.9,14910
2026-08-31 14:40:54,134.9,135.01,134.9,135,93409
2026-08-31 14:41:55,135,135.01,134.99,135,14300
2026-08-31 14:42:57,135,135.01,135,135.01,26659
2026-08-31 14:43:55,135,135.05,135,135.05,252165
2026-08-31 14:44:54,135.04,135.19,135.04,135.19,125192
2026-08-31 14:45:59,135.1,135.14,135.04,135.13,37718
2026-08-31 14:46:57,135.35,135.44,135.31,135.42,86472
2026-08-31 14:47:54,135.4,135.4,135.27,135.29,20209
2026-08-31 14:48:57,135.25,135.3,135.2,135.29,19581
2026-08-31 14:49:56,135.3,135.3,135.25,135.28,9585
2026-08-31 14:50:55,135.28,135.29,135.25,135.25,13788
2026-08-31 14:51:57,135.29,135.29,135.24,135.24,33932
2026-08-31 14:52:59,135.25,135.29,135.25,135.28,23653
2026-08-31 14:53:59,135.26,135.33,135.26,135.33,87502
2026-08-31 14:54:53,135.33,135.33,135.26,135.3,17785
2026-08-31 14:55:57,135.3,135.3,135.28,135.28,10948
2026-08-31 14:56:57,135.26,135.26,135.2,135.25,17907
2026-08-31 14:57:57,135.25,135.33,135.18,135.32,47765
2026-08-31 14:58:58,135.3,135.33,135.3,135.3,20258
2026-08-31 14:59:57,135.29,135.33,135.27,135.33,28623
2026-08-31 15:00:56,135.26,135.4,135.26,135.4,82798
2026-08-31 15:01:57,135.46,135.47,135.42,135.46,55037
2026-08-31 15:02:53,135.42,135.46,135.41,135.42,31246
2026-08-31 15:03:55,135.37,135.4,135.31,135.36,31697
2026-08-31 15:04:52,135.35,135.35,135.25,135.26,39174
2026-08-31 15:05:57,135.27,135.27,135.08,135.14,145520
2026-08-31 15:06:55,135.14,135.14,135.03,135.09,105461
2026-08-31 15:07:59,135.09,135.09,135,135.01,71053
2026-08-31 15:08:56,135.09,135.09,135.07,135.09,40901
2026-08-31 15:09:59,135.08,135.08,135.02,135.02,56489
2026-08-31 15:10:58,135,135,134.97,134.98,54245
2026-08-31 15:11:59,134.98,135.05,134.98,135.01,95200
2026-08-31 15:12:56,134.88,135.09,134.88,135.05,191467
2026-08-31 15:13:56,134.97,135.05,134.96,134.96,66307
2026-08-31 15:14:55,134.92,135.02,134.9,134.9,103733
2026-08-31 15:15:14,135.2,135.2,135.2,135.2,2125
2026-08-31 15:20:59,135.2,135.2,135.2,135.2,2016849
2026-08-31 15:21:59,135.2,135.2,135.2,135.2,145886
2026-08-31 15:23:55,135.2,135.2,135.2,135.2,18599
2026-08-31 15:24:55,135.2,135.2,135.2,135.2,219006
2026-08-31 15:25:56,135.2,135.2,135.2,135.2,109557
2026-08-31 15:27:57,135.2,135.2,135.2,135.2,219311
2026-08-31 15:29:56,135.2,139.13,135.2,139.13,8593435
2026-09-01 09:07:54,136.34,136.34,136.34,136.34,53582
2026-09-01 09:15:59,135.79,136.62,135.18,135.4,340820
2026-09-01 09:16:56,135.43,135.59,135.15,135.52,112814
2026-09-01 09:17:59,135.51,135.82,135.51,135.75,84181
2026-09-01 09:18:59,135.75,136.75,135.75,136.47,261443
2026-09-01 09:19:59,136.47,136.8,136.28,136.68,64438
2026-09-01 09:20:59,136.68,136.92,136.44,136.78,102812
2026-09-01 09:21:52,136.76,137.08,136.71,136.93,127099
2026-09-01 09:22:58,136.99,137.29,136.96,137.29,121726
2026-09-01 09:23:56,137.3,137.6,137.24,137.47,91345
2026-09-01 09:24:59,137.55,137.9,137.55,137.77,170794
2026-09-01 09:25:59,137.7,137.73,137.36,137.61,78988
2026-09-01 09:26:59,137.58,137.61,137.39,137.39,36939
2026-09-01 09:27:54,137.37,137.37,137.19,137.29,42590
2026-09-01 09:28:57,137.29,137.29,137.17,137.17,20181
2026-09-01 09:29:58,137.17,137.22,137.17,137.19,46974
2026-09-01 09:30:53,137.18,137.25,137.13,137.25,32200
2026-09-01 09:31:56,137.25,137.3,137.12,137.13,25806
2026-09-01 09:32:57,137.04,137.15,137.04,137.13,32934
2026-09-01 09:33:59,137.1,137.12,136.89,136.89,15922
2026-09-01 09:34:57,136.88,136.88,136.68,136.77,43215
2026-09-01 09:35:56,136.76,136.76,136.75,136.75,10277
2026-09-01 09:36:55,136.79,136.79,136.72,136.74,20902
2026-09-01 09:37:55,136.75,136.75,136.65,136.69,12867
2026-09-01 09:38:52,136.65,136.66,136.61,136.63,21057
2026-09-01 09:39:57,136.63,136.66,136.59,136.66,13853
2026-09-01 09:40:54,136.61,136.74,136.61,136.72,24263
2026-09-01 09:41:58,136.73,136.85,136.73,136.84,11786
2026-09-01 09:42:54,136.84,136.85,136.71,136.73,11256
2026-09-01 09:43:58,136.73,136.73,136.63,136.63,13277
2026-09-01 09:44:56,136.6,136.63,136.6,136.6,12651
2026-09-01 09:45:54,136.6,136.61,136.56,136.61,16497
2026-09-01 09:46:59,136.61,136.69,136.59,136.59,32042
2026-09-01 09:47:56,136.55,136.55,136.46,136.46,49284
2026-09-01 09:48:57,136.45,136.45,136.35,136.41,13516
2026-09-01 09:49:57,136.45,136.45,136.43,136.45,10675
2026-09-01 09:50:58,136.45,136.45,136.41,136.45,2756
2026-09-01 09:51:58,136.45,136.55,136.45,136.53,23028
2026-09-01 09:52:57,136.53,136.53,136.48,136.51,5247
2026-09-01 09:53:56,136.5,136.57,136.46,136.46,7083
2026-09-01 09:54:57,136.35,136.36,136.29,136.31,41462
2026-09-01 09:55:56,136.31,136.5,136.31,136.49,20740
2026-09-01 09:56:57,136.49,136.49,136.3,136.36,30093
2026-09-01 09:57:56,136.41,136.44,136.4,136.4,3188
2026-09-01 09:58:53,136.43,136.46,136.4,136.44,4442
2026-09-01 09:59:57,136.44,136.44,136.36,136.38,12001
2026-09-01 10:00:54,136.38,136.45,136.38,136.45,18980
2026-09-01 10:01:54,136.41,136.43,136.37,136.43,24737
2026-09-01 10:02:56,136.43,136.44,136.42,136.44,5928
2026-09-01 10:03:56,136.43,136.44,136.43,136.44,8045
2026-09-01 10:04:59,136.43,136.46,136.43,136.46,7181
2026-09-01 10:05:57,136.46,136.56,136.46,136.56,43596
2026-09-01 10:06:53,136.53,136.53,136.42,136.45,21257
2026-09-01 10:07:58,136.46,136.59,136.46,136.59,23599
2026-09-01 10:08:53,136.59,136.59,136.57,136.57,2515
2026-09-01 10:09:56,136.54,136.75,136.54,136.7,32084
2026-09-01 10:10:58,136.68,136.75,136.68,136.74,12101
2026-09-01 10:11:55,136.73,136.74,136.69,136.74,10973
2026-09-01 10:12:56,136.73,136.82,136.73,136.82,12749
2026-09-01 10:13:57,136.82,136.84,136.81,136.84,6240
2026-09-01 10:14:59,136.85,136.9,136.84,136.86,29302
2026-09-01 10:15:56,136.86,136.95,136.86,136.95,15240
2026-09-01 10:16:58,136.95,136.96,136.92,136.93,13642
2026-09-01 10:17:55,136.94,136.97,136.87,136.97,17479
2026-09-01 10:18:56,136.91,136.94,136.9,136.94,5443
2026-09-01 10:19:57,136.9,136.94,136.9,136.92,10895
2026-09-01 10:20:59,136.94,136.94,136.79,136.79,14021
2026-09-01 10:21:58,136.8,136.8,136.73,136.8,9657
2026-09-01 10:22:58,136.82,136.88,136.8,136.88,4980
2026-09-01 10:23:54,136.84,136.88,136.84,136.85,6124
2026-09-01 10:24:55,136.88,136.9,136.88,136.88,10026
2026-09-01 10:25:56,136.92,136.95,136.9,136.94,12156
2026-09-01 10:26:54,136.9,136.95,136.9,136.94,10134
2026-09-01 10:27:59,136.94,136.96,136.91,136.93,11436
2026-09-01 10:28:54,136.94,136.95,136.9,136.95,7490
2026-09-01 10:29:57,136.95,136.95,136.9,136.93,3349
2026-09-01 10:30:57,136.93,136.94,136.93,136.94,6116
2026-09-01 10:31:58,136.94,136.94,136.94,136.94,2124
2026-09-01 10:32:59,136.94,136.94,136.92,136.92,2999
2026-09-01 10:33:55,136.91,136.91,136.8,136.85,110502
2026-09-01 10:34:58,136.85,136.88,136.85,136.85,15267
2026-09-01 10:35:57,136.85,136.89,136.85,136.89,14013
2026-09-01 10:36:54,136.89,136.95,136.88,136.95,4058
2026-09-01 10:37:54,136.95,136.99,136.95,136.99,14261
2026-09-01 10:38:58,136.99,136.99,136.98,136.99,5560
2026-09-01 10:39:56,136.99,136.99,136.95,136.99,2591
2026-09-01 10:40:56,136.98,136.99,136.92,136.92,7652
2026-09-01 10:41:58,136.94,136.94,136.87,136.87,25589
2026-09-01 10:42:58,136.87,136.88,136.85,136.87,3850
2026-09-01 10:43:54,136.86,136.94,136.86,136.92,22733
2026-09-01 10:44:55,136.94,136.94,136.87,136.87,8673
2026-09-01 10:45:56,136.87,136.87,136.8,136.83,6650
2026-09-01 10:46:56,136.8,136.86,136.8,136.84,12177
2026-09-01 10:47:57,136.84,136.84,136.8,136.84,1796
2026-09-01 10:48:59,136.78,136.78,136.73,136.73,11640
2026-09-01 10:49:55,136.76,136.76,136.7,136.73,3419
2026-09-01 10:50:58,136.73,136.76,136.7,136.76,4572
2026-09-01 10:51:55,136.73,136.78,136.73,136.76,1837
2026-09-01 10:52:55,136.76,136.8,136.73,136.77,7976
2026-09-01 10:53:57,136.8,136.87,136.8,136.86,3964
2026-09-01 10:54:57,136.81,136.85,136.8,136.85,11580
2026-09-01 10:55:57,136.8,136.84,136.8,136.84,2102
2026-09-01 10:56:59,136.84,136.84,136.81,136.81,3585
2026-09-01 10:57:56,136.81,136.81,136.75,136.75,6525
2026-09-01 10:58:57,136.8,136.82,136.77,136.82,6310
2026-09-01 10:59:56,136.82,136.82,136.75,136.81,2890
2026-09-01 11:00:57,136.83,136.84,136.81,136.82,2381
2026-09-01 11:01:59,136.84,136.84,136.74,136.76,17961
2026-09-01 11:02:57,136.76,136.76,136.7,136.71,5664
2026-09-01 11:03:56,136.71,136.72,136.7,136.71,3343
2026-09-01 11:04:59,136.71,136.71,136.68,136.7,7002
2026-09-01 11:05:57,136.7,136.7,136.65,136.65,3131
2026-09-01 11:06:58,136.64,136.69,136.64,136.69,5291
2026-09-01 11:07:56,136.71,136.8,136.71,136.79,6551
2026-09-01 11:08:59,136.79,136.8,136.74,136.8,2227
2026-09-01 11:09:59,136.8,136.8,136.71,136.73,3261
2026-09-01 11:10:56,136.73,136.79,136.69,136.79,1971
2026-09-01 11:11:58,136.79,136.79,136.77,136.78,973
2026-09-01 11:12:55,136.78,136.86,136.78,136.85,14093
2026-09-01 11:13:55,136.82,136.85,136.8,136.83,3177
2026-09-01 11:14:58,136.83,136.83,136.78,136.79,4058
2026-09-01 11:15:54,136.78,136.84,136.78,136.83,3009
2026-09-01 11:16:56,136.83,136.83,136.82,136.82,2639
2026-09-01 11:17:58,136.82,136.82,136.78,136.8,8693
2026-09-01 11:18:55,136.8,136.81,136.78,136.81,1763
2026-09-01 11:19:58,136.81,136.82,136.8,136.81,2298
2026-09-01 11:20:58,136.82,136.82,136.81,136.82,3849
2026-09-01 11:21:55,136.82,136.82,136.81,136.81,4591
2026-09-01 11:22:59,136.81,136.81,136.8,136.81,8352
2026-09-01 11:23:57,136.8,136.81,136.78,136.79,5666
2026-09-01 11:24:55,136.79,136.8,136.77,136.77,6065
2026-09-01 11:25:55,136.77,136.77,136.69,136.73,15461
2026-09-01 11:26:59,136.73,136.73,136.72,136.73,2868
2026-09-01 11:27:57,136.73,136.74,136.72,136.73,1142
2026-09-01 11:28:57,136.74,136.78,136.73,136.75,2177
2026-09-01 11:29:56,136.78,136.81,136.78,136.81,2354
2026-09-01 11:30:54,136.78,136.81,136.78,136.8,5156
2026-09-01 11:31:58,136.8,136.8,136.79,136.8,2188
2026-09-01 11:32:58,136.81,136.81,136.8,136.81,3289
2026-09-01 11:33:58,136.81,136.86,136.81,136.86,7685
2026-09-01 11:34:58,136.81,136.81,136.78,136.78,15962
2026-09-01 11:35:58,136.78,136.78,136.61,136.61,22374
2026-09-01 11:36:56,136.61,136.61,136.57,136.61,9950
2026-09-01 11:37:58,136.6,136.62,136.58,136.6,2501
2026-09-01 11:38:57,136.62,136.62,136.57,136.57,2420
2026-09-01 11:39:54,136.6,136.66,136.56,136.66,6762
2026-09-01 11:40:57,136.64,136.64,136.5,136.5,37389
2026-09-01 11:41:59,136.52,136.56,136.46,136.47,21470
2026-09-01 11:42:55,136.47,136.52,136.4,136.4,10048
2026-09-01 11:43:59,136.38,136.39,136.33,136.39,13643
2026-09-01 11:44:56,136.37,136.39,136.35,136.37,5336
2026-09-01 11:45:59,136.38,136.39,136.33,136.36,9743
2026-09-01 11:46:59,136.35,136.38,136.35,136.38,4567
2026-09-01 11:47:57,136.38,136.4,136.36,136.4,6301
2026-09-01 11:48:56,136.41,136.43,136.38,136.43,7865
2026-09-01 11:49:56,136.45,136.45,136.39,136.4,6904
2026-09-01 11:50:59,136.41,136.41,136.33,136.33,20512
2026-09-01 11:51:55,136.31,136.32,136.29,136.3,17671
2026-09-01 11:52:59,136.29,136.32,136.29,136.32,3070
2026-09-01 11:53:56,136.32,136.32,136.27,136.29,4599
2026-09-01 11:54:55,136.29,136.29,136.27,136.29,1220
2026-09-01 11:55:58,136.29,136.29,136.2,136.21,38718
2026-09-01 11:56:56,136.21,136.22,136.2,136.22,3831
2026-09-01 11:57:57,136.2,136.31,136.2,136.27,15264
2026-09-01 11:58:59,136.28,136.34,136.27,136.31,9501
2026-09-01 11:59:59,136.31,136.32,136.28,136.3,17457
2026-09-01 12:00:59,136.31,136.31,136.26,136.26,10563
2026-09-01 12:01:59,136.21,136.26,136.21,136.25,3127
2026-09-01 12:02:56,136.25,136.26,136.22,136.22,2363
2026-09-01 12:03:55,136.25,136.25,136.2,136.24,5795
2026-09-01 12:04:57,136.22,136.25,136.21,136.25,4058
2026-09-01 12:05:55,136.24,136.25,136.22,136.25,2515
2026-09-01 12:06:58,136.22,136.27,136.22,136.27,5108
2026-09-01 12:07:59,136.28,136.34,136.27,136.34,1683
2026-09-01 12:08:59,136.34,136.34,136.3,136.34,2071
2026-09-01 12:09:56,136.3,136.34,136.3,136.3,3721
2026-09-01 12:10:55,136.3,136.33,136.3,136.33,1264
2026-09-01 12:11:57,136.33,136.34,136.33,136.34,3723
2026-09-01 12:12:59,136.34,136.34,136.33,136.34,7410
2026-09-01 12:13:57,136.34,136.41,136.34,136.38,8995
2026-09-01 12:14:59,136.39,136.39,136.31,136.33,19602
2026-09-01 12:15:58,136.33,136.37,136.32,136.36,3826
2026-09-01 12:16:57,136.36,136.4,136.34,136.38,2244
2026-09-01 12:17:55,136.38,136.38,136.34,136.36,9019
2026-09-01 12:18:59,136.37,136.41,136.35,136.38,5700
2026-09-01 12:19:56,136.37,136.4,136.37,136.4,2016
2026-09-01 12:20:57,136.4,136.42,136.39,136.42,4600
2026-09-01 12:21:58,136.4,136.4,136.37,136.38,5219
2026-09-01 12:22:55,136.38,136.38,136.37,136.38,5461
2026-09-01 12:23:57,136.38,136.43,136.38,136.4,2864
2026-09-01 12:24:55,136.4,136.4,136.35,136.35,10069
2026-09-01 12:25:55,136.34,136.47,136.34,136.46,26861
2026-09-01 12:26:58,136.46,136.47,136.4,136.47,7763
2026-09-01 12:27:59,136.47,136.5,136.47,136.49,5056
2026-09-01 12:28:59,136.47,136.5,136.47,136.49,10009
2026-09-01 12:29:59,136.49,136.49,136.4,136.45,7856
2026-09-01 12:30:55,136.44,136.45,136.4,136.45,3523
2026-09-01 12:31:56,136.45,136.45,136.43,136.43,1578
2026-09-01 12:32:59,136.47,136.47,136.41,136.46,1345
2026-09-01 12:33:59,136.48,136.48,136.43,136.48,3326
2026-09-01 12:34:57,136.48,136.48,136.42,136.45,1244
2026-09-01 12:35:57,136.5,136.53,136.47,136.52,2906
2026-09-01 12:36:57,136.52,136.59,136.48,136.56,7392
2026-09-01 12:37:55,136.55,136.55,136.48,136.52,2189
2026-09-01 12:38:58,136.47,136.52,136.47,136.52,1904
2026-09-01 12:39:57,136.51,136.51,136.49,136.5,5530
2026-09-01 12:40:59,136.5,136.5,136.47,136.5,2134
2026-09-01 12:41:57,136.5,136.5,136.49,136.5,1054
2026-09-01 12:42:58,136.49,136.49,136.44,136.48,7408
2026-09-01 12:43:55,136.47,136.48,136.43,136.47,2417
2026-09-01 12:44:56,136.47,136.47,136.43,136.44,5607
2026-09-01 12:45:59,136.43,136.45,136.41,136.45,1817
2026-09-01 12:46:54,136.45,136.45,136.41,136.44,886
2026-09-01 12:47:59,136.44,136.46,136.41,136.44,24514
2026-09-01 12:48:57,136.44,136.46,136.4,136.41,2464
2026-09-01 12:49:58,136.41,136.44,136.4,136.44,2664
2026-09-01 12:50:59,136.44,136.44,136.4,136.41,1057
2026-09-01 12:51:57,136.43,136.44,136.43,136.44,882
2026-09-01 12:52:56,136.44,136.44,136.43,136.44,2113
2026-09-01 12:53:57,136.44,136.44,136.39,136.39,3986
2026-09-01 12:54:55,136.39,136.44,136.39,136.44,6824
2026-09-01 12:55:58,136.44,136.45,136.4,136.43,2405
2026-09-01 12:56:57,136.41,136.44,136.4,136.41,7282
2026-09-01 12:57:59,136.4,136.41,136.4,136.41,1633
2026-09-01 12:58:56,136.4,136.4,136.37,136.39,1244
2026-09-01 12:59:58,136.39,136.42,136.39,136.4,16786
2026-09-01 13:00:57,136.4,136.43,136.4,136.43,1200
2026-09-01 13:01:58,136.43,136.43,136.32,136.32,20137
2026-09-01 13:02:57,136.33,136.4,136.33,136.4,4136
2026-09-01 13:03:55,136.4,136.43,136.39,136.39,3008
2026-09-01 13:04:57,136.41,136.42,136.35,136.38,14895
2026-09-01 13:05:58,136.38,136.38,136.29,136.33,36065
2026-09-01 13:06:57,136.3,136.33,136.25,136.29,11512
2026-09-01 13:07:56,136.25,136.27,136.22,136.27,2318
2026-09-01 13:08:59,136.61,137.03,136.61,137,574391
2026-09-01 13:09:59,137.01,137.03,136.95,137.01,28452
2026-09-01 13:10:56,137.01,137.01,136.96,137.01,19187
2026-09-01 13:11:57,137,137,136.86,136.91,51296
2026-09-01 13:12:59,136.77,136.77,136.63,136.74,43109
2026-09-01 13:13:59,136.75,137,136.68,136.99,39668
2026-09-01 13:14:59,136.98,136.98,136.9,136.93,5049
2026-09-01 13:15:58,136.93,136.93,136.85,136.91,17699
2026-09-01 13:16:59,136.91,136.91,136.84,136.9,4498
2026-09-01 13:17:55,136.9,136.9,136.84,136.89,5082
2026-09-01 13:18:56,136.87,136.88,136.81,136.86,3230
2026-09-01 13:19:58,136.87,136.88,136.82,136.88,20121
2026-09-01 13:20:57,136.89,136.9,136.89,136.9,1618
2026-09-01 13:21:59,136.9,136.9,136.86,136.86,5059
2026-09-01 13:22:58,136.9,136.95,136.89,136.95,16789
2026-09-01 13:23:58,136.89,137.03,136.89,137.02,49636
2026-09-01 13:24:57,136.99,137.02,136.99,137.02,1038
2026-09-01 13:25:55,137.01,137.02,136.99,137,4363
2026-09-01 13:26:58,136.99,137.01,136.96,137.01,8711
2026-09-01 13:27:55,137,137.01,136.98,137.01,6127
2026-09-01 13:28:58,137.01,137.01,136.96,136.98,6377
2026-09-01 13:29:59,136.97,137.01,136.97,137.01,3822
2026-09-01 13:30:58,137.02,137.02,136.99,137.01,8219
2026-09-01 13:31:55,137.02,137.02,137.01,137.02,2956
2026-09-01 13:32:58,137.02,137.02,137.01,137.02,1547
2026-09-01 13:33:55,137.02,137.02,137,137.01,3794
2026-09-01 13:34:57,136.97,137.01,136.97,137,6831
2026-09-01 13:35:57,137,137.02,136.98,137.02,4023
2026-09-01 13:36:57,137.01,137.02,136.98,136.98,7225
2026-09-01 13:37:55,136.95,137.01,136.93,136.95,24151
2026-09-01 13:38:58,136.98,136.99,136.91,136.91,77522
2026-09-01 13:39:55,136.91,137.01,136.88,136.96,58882
2026-09-01 13:40:55,137,137.01,136.89,136.89,52401
2026-09-01 13:41:59,136.89,137,136.71,136.78,272729
2026-09-01 13:42:59,136.78,136.78,136.58,136.76,24505
2026-09-01 13:43:59,136.73,136.82,136.73,136.82,2943
2026-09-01 13:44:59,136.82,136.88,136.8,136.87,2801
2026-09-01 13:45:55,136.86,136.86,136.79,136.85,2019
2026-09-01 13:46:58,136.85,136.85,136.85,136.85,3082
2026-09-01 13:47:58,136.85,136.85,136.75,136.75,7106
2026-09-01 13:48:58,136.72,136.75,136.72,136.74,319
2026-09-01 13:49:58,136.72,136.74,136.7,136.72,4078
2026-09-01 13:50:59,136.72,136.84,136.71,136.77,24027
2026-09-01 13:51:58,136.81,136.81,136.7,136.75,9810
2026-09-01 13:52:54,136.72,136.75,136.72,136.75,9680
2026-09-01 13:53:54,136.74,136.75,136.73,136.75,10619
2026-09-01 13:54:55,136.75,136.75,136.69,136.69,3012
2026-09-01 13:55:55,136.74,136.74,136.69,136.72,8694
2026-09-01 13:56:55,136.73,136.85,136.7,136.84,58696
2026-09-01 13:57:58,136.85,136.85,136.68,136.77,32060
2026-09-01 13:58:57,136.8,136.8,136.75,136.75,8325
2026-09-01 13:59:56,136.7,136.72,136.7,136.71,11262
2026-09-01 14:00:56,136.68,136.68,136.61,136.68,11098
2026-09-01 14:01:58,136.68,136.7,136.68,136.7,3307
2026-09-01 14:02:58,136.7,136.7,136.62,136.67,5922
2026-09-01 14:03:58,136.67,136.67,136.66,136.67,4256
2026-09-01 14:04:54,136.67,136.68,136.67,136.67,5527
2026-09-01 14:05:56,136.67,136.67,136.62,136.64,1249
2026-09-01 14:06:57,136.65,136.65,136.61,136.64,3240
2026-09-01 14:07:56,136.64,136.66,136.59,136.59,13557
2026-09-01 14:08:58,136.55,136.56,136.51,136.55,16951
2026-09-01 14:09:54,136.56,136.56,136.5,136.56,45131
2026-09-01 14:10:57,136.56,136.56,136.52,136.55,12712
2026-09-01 14:11:54,136.56,136.69,136.56,136.6,47813
2026-09-01 14:12:55,136.6,136.61,136.55,136.6,3690
2026-09-01 14:13:59,136.6,136.6,136.55,136.6,6943
2026-09-01 14:14:59,136.6,136.6,136.55,136.55,6011
2026-09-01 14:15:58,136.55,136.55,136.49,136.5,20590
2026-09-01 14:16:58,136.5,136.5,136.47,136.49,5895
2026-09-01 14:17:58,136.48,136.48,136.47,136.48,8846
2026-09-01 14:18:56,136.47,136.47,136.47,136.47,26517
2026-09-01 14:19:56,136.48,136.48,136.42,136.45,3861
2026-09-01 14:20:56,136.47,136.5,136.46,136.46,7331
2026-09-01 14:21:59,136.46,136.48,136.43,136.48,2851
2026-09-01 14:22:59,136.76,136.76,136.6,136.65,779701
2026-09-01 14:23:59,136.65,136.93,136.62,136.76,708418
2026-09-01 14:24:59,136.74,137,136.69,136.9,546638
2026-09-01 14:25:59,136.9,136.96,136.66,136.73,57647
2026-09-01 14:26:59,136.72,136.73,136.6,136.6,21385
2026-09-01 14:27:59,136.67,136.67,136.56,136.58,4710
2026-09-01 14:28:56,136.63,136.63,136.56,136.62,4343
2026-09-01 14:29:59,136.64,136.7,136.64,136.7,8539
2026-09-01 14:30:58,136.69,136.7,136.66,136.66,2157
2026-09-01 14:31:57,136.66,136.7,136.66,136.7,12123
2026-09-01 14:32:57,136.7,136.7,136.67,136.67,1696
2026-09-01 14:33:56,136.69,136.69,136.66,136.66,2694
2026-09-01 14:34:55,136.68,136.69,136.64,136.66,7986
2026-09-01 14:35:57,136.69,136.69,136.65,136.66,1052
2026-09-01 14:36:56,136.61,136.65,136.61,136.65,11287
2026-09-01 14:37:56,136.65,136.65,136.5,136.5,20723
2026-09-01 14:38:55,136.52,136.54,136.45,136.54,27264
2026-09-01 14:39:59,136.5,136.56,136.5,136.56,10605
2026-09-01 14:40:57,136.56,136.56,136.52,136.56,6068
2026-09-01 14:41:57,136.41,136.49,136.38,136.46,35022
2026-09-01 14:42:56,136.46,136.46,136.42,136.45,5021
2026-09-01 14:43:56,136.45,136.45,136.42,136.45,2122
2026-09-01 14:44:55,136.43,136.43,136.41,136.41,5817
2026-09-01 14:45:59,136.45,136.47,136.44,136.45,54557
2026-09-01 14:46:59,136.55,136.55,136.47,136.54,10189
2026-09-01 14:47:55,136.51,136.54,136.51,136.53,7642
2026-09-01 14:48:55,136.53,136.53,136.49,136.49,11581
2026-09-01 14:49:54,136.5,136.5,136.45,136.46,9500
2026-09-01 14:50:55,136.46,136.56,136.46,136.56,23313
2026-09-01 14:51:56,136.56,136.61,136.55,136.61,8745
2026-09-01 14:52:59,136.56,136.62,136.56,136.62,14757
2026-09-01 14:53:58,136.62,136.65,136.6,136.62,15444
2026-09-01 14:54:56,136.64,136.64,136.62,136.64,5829
2026-09-01 14:55:59,136.64,136.65,136.64,136.65,4576
2026-09-01 14:56:59,136.65,136.65,136.48,136.48,45608
2026-09-01 14:57:58,136.51,136.51,136.5,136.5,8903
2026-09-01 14:58:58,136.51,136.55,136.51,136.55,52079
2026-09-01 14:59:57,136.55,136.57,136.55,136.56,19858
2026-09-01 15:00:53,136.56,136.58,136.33,136.33,110205
2026-09-01 15:01:57,136.36,136.43,136.36,136.43,57711
2026-09-01 15:02:57,136.41,136.46,136.41,136.42,23274
2026-09-01 15:03:59,136.46,136.48,136.41,136.41,21171
2026-09-01 15:04:59,136.44,136.52,136.43,136.52,13450
2026-09-01 15:05:55,136.5,136.5,136.4,136.44,62055
2026-09-01 15:06:59,136.54,136.58,136.49,136.49,94937
2026-09-01 15:07:55,136.5,136.57,136.5,136.55,21614
2026-09-01 15:08:59,136.57,136.58,136.47,136.57,18165
2026-09-01 15:09:59,136.56,136.58,136.51,136.53,26154
2026-09-01 15:10:53,136.53,136.53,136.47,136.48,62443
2026-09-01 15:11:58,136.5,136.5,136.42,136.46,94468
2026-09-01 15:12:56,136.45,136.53,136.33,136.34,170067
2026-09-01 15:13:59,136.31,136.31,136.27,136.3,27569
2026-09-01 15:14:59,136.25,136.5,136.25,136.5,22187
2026-09-01 15:20:58,136.5,136.5,136.5,136.5,335
2026-09-01 15:22:55,136.5,136.5,136.5,136.5,250
2026-09-01 15:23:56,136.5,136.5,136.5,136.5,97
2026-09-01 15:24:54,136.5,136.5,136.5,136.5,381
2026-09-01 15:25:59,136.5,136.5,136.5,136.5,1167
2026-09-01 15:29:56,136.5,136.53,136.5,136.53,9294718
2026-09-02 09:07:57,135,135,135,135,113285
2026-09-02 09:15:59,135.23,135.32,134.7,135.15,225193
2026-09-02 09:16:58,135,135.14,134.84,134.9,110653
2026-09-02 09:17:58,134.9,134.9,134.59,134.7,108572
2026-09-02 09:18:58,134.76,134.8,134.67,134.78,90846
2026-09-02 09:19:52,134.76,134.86,134.76,134.86,29274
2026-09-02 09:20:53,134.85,134.88,134.77,134.88,52473
2026-09-02 09:21:53,134.86,134.86,134.55,134.63,54686
2026-09-02 09:22:51,134.52,134.61,134.42,134.61,79299
2026-09-02 09:23:58,134.56,134.56,134.4,134.51,81242
2026-09-02 09:24:56,134.38,134.5,134.35,134.5,24811
2026-09-02 09:25:54,134.51,134.67,134.51,134.67,33089
2026-09-02 09:26:52,134.73,134.83,134.73,134.83,29870
2026-09-02 09:27:58,134.78,134.78,134.7,134.7,22497
2026-09-02 09:28:55,134.7,134.74,134.65,134.74,24794
2026-09-02 09:29:59,134.69,134.83,134.69,134.83,31630
2026-09-02 09:30:56,134.84,135.2,134.84,135.2,69557
2026-09-02 09:31:53,135.2,135.32,135.18,135.3,37987
2026-09-02 09:32:56,135.3,135.38,135.3,135.32,17744
2026-09-02 09:33:59,135.41,135.44,135.3,135.3,29563
2026-09-02 09:34:54,135.4,135.47,135.39,135.45,34720
2026-09-02 09:35:55,135.45,135.6,135.45,135.6,76559
2026-09-02 09:36:57,135.56,135.58,135.45,135.49,13109
2026-09-02 09:37:58,135.49,135.5,135.45,135.49,38558
2026-09-02 09:38:59,135.49,135.55,135.44,135.44,27100
2026-09-02 09:39:58,135.44,135.47,135.33,135.33,19774
2026-09-02 09:40:58,135.39,135.39,135.31,135.37,25195
2026-09-02 09:41:58,135.39,135.43,135.37,135.39,23776
2026-09-02 09:42:59,135.42,135.54,135.42,135.5,36566
2026-09-02 09:43:58,135.5,135.74,135.5,135.64,83957
2026-09-02 09:44:58,135.64,135.66,135.54,135.66,39056
2026-09-02 09:45:59,135.66,135.66,135.58,135.58,10914
2026-09-02 09:46:58,135.54,135.56,135.47,135.56,33992
2026-09-02 09:47:56,135.58,135.75,135.58,135.7,51715
2026-09-02 09:48:55,135.7,135.89,135.7,135.89,37388
2026-09-02 09:49:54,135.9,136.03,135.89,135.91,83410
2026-09-02 09:50:59,135.91,136.17,135.9,136.15,42859
2026-09-02 09:51:59,136.1,136.11,135.95,135.98,18749
2026-09-02 09:52:59,135.96,136.05,135.91,135.95,27627
2026-09-02 09:53:59,135.95,135.97,135.82,135.9,34288
2026-09-02 09:54:58,135.88,135.97,135.85,135.97,26931
2026-09-02 09:55:58,135.95,135.95,135.9,135.9,9568
2026-09-02 09:56:58,135.93,136.48,135.93,136.35,111607
2026-09-02 09:57:59,136.37,136.43,136.2,136.25,26466
2026-09-02 09:58:58,136.25,136.41,136.23,136.39,35960
2026-09-02 09:59:55,136.39,136.45,136.39,136.45,15642
2026-09-02 10:00:56,136.42,136.42,136.2,136.2,23112
2026-09-02 10:01:58,136.19,136.38,136.19,136.35,18692
2026-09-02 10:02:59,136.32,136.46,136.32,136.43,36398
2026-09-02 10:03:53,136.48,136.5,136.46,136.48,23374
2026-09-02 10:04:54,136.48,136.48,136.34,136.48,24879
2026-09-02 10:05:58,136.45,136.53,136.45,136.53,29193
2026-09-02 10:06:58,136.51,136.51,136.42,136.43,16963
2026-09-02 10:07:55,136.45,136.5,136.45,136.49,10750
2026-09-02 10:08:54,136.49,136.49,136.39,136.39,28239
2026-09-02 10:09:54,136.45,136.45,136.35,136.35,6340
2026-09-02 10:10:58,136.38,136.38,136.3,136.3,5620
2026-09-02 10:11:58,136.3,136.35,136.3,136.34,26529
2026-09-02 10:12:56,136.36,136.4,136.36,136.37,19460
2026-09-02 10:13:54,136.4,136.4,136.3,136.3,19968
2026-09-02 10:14:59,136.3,136.3,136.21,136.25,13019
2026-09-02 10:15:58,136.25,136.25,136.21,136.23,3750
2026-09-02 10:16:59,136.23,136.25,136.23,136.23,7190
2026-09-02 10:17:54,136.23,136.23,136.16,136.21,7150
2026-09-02 10:18:55,136.2,136.2,136.15,136.18,19592
2026-09-02 10:19:59,136.21,136.22,136.17,136.17,18462
2026-09-02 10:20:56,136.21,136.25,136.21,136.21,7841
2026-09-02 10:21:53,136.18,136.26,136.15,136.26,17169
2026-09-02 10:22:54,136.3,136.35,136.26,136.35,23751
2026-09-02 10:23:58,136.32,136.32,136.26,136.26,16023
2026-09-02 10:24:54,136.29,136.31,136.27,136.31,9079
2026-09-02 10:25:57,136.31,136.38,136.31,136.38,10263
2026-09-02 10:26:58,136.37,136.44,136.35,136.44,15385
2026-09-02 10:27:58,136.44,136.44,136.42,136.43,4597
2026-09-02 10:28:59,136.42,136.45,136.42,136.43,19155
2026-09-02 10:29:55,136.43,136.48,136.42,136.47,26850
2026-09-02 10:30:56,136.47,136.55,136.47,136.53,17808
2026-09-02 10:31:59,136.53,136.67,136.53,136.57,22209
2026-09-02 10:32:59,136.55,136.55,136.42,136.42,11452
2026-09-02 10:33:59,136.43,136.48,136.43,136.48,2695
2026-09-02 10:34:57,136.48,136.54,136.48,136.48,16200
2026-09-02 10:35:55,136.48,136.5,136.42,136.44,15154
2026-09-02 10:36:59,136.37,136.4,136.3,136.4,33224
2026-09-02 10:37:58,136.4,136.42,136.39,136.42,5998
2026-09-02 10:38:58,136.41,136.44,136.33,136.44,12925
2026-09-02 10:39:57,136.44,136.44,136.36,136.41,5227
2026-09-02 10:40:59,136.41,136.48,136.36,136.42,11324
2026-09-02 10:41:56,136.46,136.48,136.42,136.47,14081
2026-09-02 10:42:59,136.47,136.47,136.4,136.43,4992
2026-09-02 10:43:56,136.4,136.43,136.36,136.38,9282
2026-09-02 10:44:57,136.38,136.38,136.33,136.35,23876
2026-09-02 10:45:55,136.42,136.42,136.33,136.38,8762
2026-09-02 10:46:56,136.32,136.36,136.3,136.31,9346
2026-09-02 10:47:58,136.35,136.35,136.28,136.34,15460
2026-09-02 10:48:55,136.3,136.34,136.21,136.27,21698
2026-09-02 10:49:58,136.31,136.34,136.28,136.34,13543
2026-09-02 10:50:56,136.34,136.42,136.31,136.4,13768
2026-09-02 10:51:59,136.39,136.39,136.35,136.35,7456
2026-09-02 10:52:56,136.35,136.35,136.27,136.31,10067
2026-09-02 10:53:56,136.31,136.31,136.22,136.22,12619
2026-09-02 10:54:58,136.24,136.26,136.2,136.26,19130
2026-09-02 10:55:59,136.25,136.26,136.2,136.22,11042
2026-09-02 10:56:58,136.21,136.21,136.06,136.2,18117
2026-09-02 10:57:55,136.16,136.22,136.16,136.21,7280
2026-09-02 10:58:56,136.21,136.21,136.07,136.07,21606
2026-09-02 10:59:59,136.13,136.14,136.09,136.09,13364
2026-09-02 11:00:59,136.14,136.19,136.14,136.19,5944
2026-09-02 11:01:58,136.19,136.19,136.14,136.14,16138
2026-09-02 11:02:56,136.14,136.14,136.1,136.13,3348
2026-09-02 11:03:54,136.13,136.13,136.1,136.1,6410
2026-09-02 11:04:57,136.07,136.1,136.07,136.09,16454
2026-09-02 11:05:56,136.05,136.08,136.03,136.05,14251
2026-09-02 11:06:59,136.05,136.08,135.96,135.96,34905
2026-09-02 11:07:59,135.91,135.96,135.9,135.9,26542
2026-09-02 11:08:55,135.9,135.9,135.85,135.88,3275
2026-09-02 11:09:58,135.88,135.95,135.81,135.95,24094
2026-09-02 11:10:55,135.93,135.97,135.93,135.97,8140
2026-09-02 11:11:58,135.97,136.05,135.95,136.04,14143
2026-09-02 11:12:56,136.1,136.1,135.91,135.91,11387
2026-09-02 11:13:55,135.97,135.97,135.85,135.88,5391
2026-09-02 11:14:58,135.86,135.9,135.86,135.9,10766
2026-09-02 11:15:55,135.9,135.91,135.87,135.89,7886
2026-09-02 11:16:57,135.87,135.91,135.85,135.89,17837
2026-09-02 11:17:57,135.89,135.91,135.88,135.91,14556
2026-09-02 11:18:55,135.92,136,135.92,136,8108
2026-09-02 11:19:56,136,136,135.9,135.9,6045
2026-09-02 11:20:56,135.92,135.92,135.83,135.83,22235
2026-09-02 11:21:58,135.82,135.85,135.73,135.73,37251
2026-09-02 11:22:59,135.73,135.73,135.58,135.58,20463
2026-09-02 11:23:59,135.58,135.58,135.45,135.45,47532
2026-09-02 11:24:57,135.46,135.46,135.34,135.43,42266
2026-09-02 11:25:56,135.36,135.42,135.36,135.39,76667
2026-09-02 11:26:56,135.39,135.39,135.39,135.39,16712
2026-09-02 11:27:55,135.39,135.39,135.34,135.36,12494
2026-09-02 11:28:55,135.36,135.36,135.36,135.36,5623
2026-09-02 11:29:58,135.35,135.36,135.25,135.25,54135
2026-09-02 11:30:55,135.26,135.28,135.17,135.18,12769
2026-09-02 11:31:56,135.18,135.18,135.15,135.15,8590
2026-09-02 11:32:57,135.15,135.15,135.12,135.13,11781
2026-09-02 11:33:59,135.13,135.13,135.03,135.06,163978
2026-09-02 11:34:58,135.08,135.14,135.06,135.14,68294
2026-09-02 11:35:56,135.13,135.13,135.04,135.04,23178
2026-09-02 11:36:59,135.04,135.24,135.04,135.2,109205
2026-09-02 11:37:58,135.21,135.22,135.18,135.19,7179
2026-09-02 11:38:55,135.19,135.36,135.12,135.36,72718
2026-09-02 11:39:54,135.31,135.38,135.25,135.38,17662
2026-09-02 11:40:58,135.34,135.37,135.34,135.35,9705
2026-09-02 11:41:55,135.4,135.4,135.39,135.4,4931
2026-09-02 11:42:57,135.39,135.44,135.34,135.39,9501
2026-09-02 11:43:58,135.39,135.45,135.39,135.43,5297
2026-09-02 11:44:57,135.44,135.47,135.42,135.46,8734
2026-09-02 11:45:56,135.46,135.57,135.45,135.57,20578
2026-09-02 11:46:58,135.55,135.55,135.5,135.5,24190
2026-09-02 11:47:58,135.5,135.58,135.46,135.58,15196
2026-09-02 11:48:56,135.54,135.58,135.54,135.54,9448
2026-09-02 11:49:55,135.58,135.63,135.55,135.63,1590
2026-09-02 11:50:55,135.62,135.62,135.58,135.59,8097
2026-09-02 11:51:54,135.59,135.59,135.58,135.59,4067
2026-09-02 11:52:59,135.59,135.63,135.58,135.63,24985
2026-09-02 11:53:59,135.62,135.65,135.6,135.64,6415
2026-09-02 11:54:56,135.64,135.67,135.64,135.67,8387
2026-09-02 11:55:56,135.67,135.71,135.65,135.67,10481
2026-09-02 11:56:56,135.69,135.71,135.55,135.55,28134
2026-09-02 11:57:57,135.56,135.57,135.55,135.56,4243
2026-09-02 11:58:59,135.57,135.57,135.5,135.54,7871
2026-09-02 11:59:55,135.54,135.54,135.52,135.53,2431
2026-09-02 12:00:59,135.52,135.7,135.52,135.7,20342
2026-09-02 12:01:59,135.71,135.71,135.66,135.69,5782
2026-09-02 12:02:59,135.69,135.69,135.54,135.58,7831
2026-09-02 12:03:59,135.57,135.67,135.51,135.67,6165
2026-09-02 12:04:58,135.63,135.66,135.56,135.56,6842
2026-09-02 12:05:57,135.58,135.63,135.56,135.57,14324
2026-09-02 12:06:55,135.62,135.63,135.58,135.63,6710
2026-09-02 12:07:56,135.63,135.64,135.55,135.56,11316
2026-09-02 12:08:56,135.55,135.56,135.5,135.5,12746
2026-09-02 12:09:57,135.48,135.49,135.43,135.49,14896
2026-09-02 12:10:56,135.5,135.55,135.5,135.55,4453
2026-09-02 12:11:56,135.55,135.64,135.53,135.63,7066
2026-09-02 12:12:58,135.59,135.65,135.59,135.65,6750
2026-09-02 12:13:57,135.65,135.65,135.63,135.63,2367
2026-09-02 12:14:55,135.65,135.66,135.57,135.57,16527
2026-09-02 12:15:58,135.61,135.61,135.58,135.58,4833
2026-09-02 12:16:56,135.58,135.61,135.58,135.61,9776
2026-09-02 12:17:55,135.61,135.63,135.59,135.59,6202
2026-09-02 12:18:59,135.59,135.63,135.59,135.61,6081
2026-09-02 12:19:57,135.62,135.62,135.55,135.55,14671
2026-09-02 12:20:59,135.59,135.59,135.53,135.58,12922
2026-09-02 12:21:57,135.57,135.57,135.51,135.56,14228
2026-09-02 12:22:58,135.52,135.6,135.52,135.54,7905
2026-09-02 12:23:56,135.54,135.56,135.51,135.56,14549
2026-09-02 12:24:59,135.54,135.6,135.52,135.56,8545
2026-09-02 12:25:59,135.58,135.58,135.54,135.54,7062
2026-09-02 12:26:57,135.56,135.59,135.54,135.59,7221
2026-09-02 12:27:54,135.58,135.61,135.58,135.61,3158
2026-09-02 12:28:56,135.61,135.65,135.6,135.61,5654
2026-09-02 12:29:56,135.58,135.6,135.58,135.6,4903
2026-09-02 12:30:59,135.6,135.66,135.59,135.66,20673
2026-09-02 12:31:58,135.69,135.7,135.66,135.69,10148
2026-09-02 12:32:56,135.69,135.75,135.69,135.73,7271
2026-09-02 12:33:56,135.73,135.78,135.73,135.76,11345
2026-09-02 12:34:58,135.77,135.8,135.72,135.72,16403
2026-09-02 12:35:59,135.76,135.81,135.73,135.77,11753
2026-09-02 12:36:57,135.79,135.82,135.78,135.8,9376
2026-09-02 12:37:57,135.77,135.85,135.77,135.85,10246
2026-09-02 12:38:54,135.85,135.94,135.85,135.94,23397
2026-09-02 12:39:57,135.91,135.95,135.89,135.89,26011
2026-09-02 12:40:59,135.94,136.03,135.94,136.03,40318
2026-09-02 12:41:57,136.04,136.09,136.04,136.09,18231
2026-09-02 12:42:58,136.1,136.13,136.05,136.05,12065
2026-09-02 12:43:56,136.02,136.08,136.02,136.08,5484
2026-09-02 12:44:54,136.07,136.12,136.07,136.1,13752
2026-09-02 12:45:59,136.05,136.09,136.04,136.04,7363
2026-09-02 12:46:56,136,136.05,136,136.05,8085
2026-09-02 12:47:59,136.05,136.09,136.04,136.07,15047
2026-09-02 12:48:59,136.04,136.05,135.96,136,23022
2026-09-02 12:49:58,135.96,136.05,135.96,136.05,14489
2026-09-02 12:50:59,136.05,136.06,136.02,136.05,7670
2026-09-02 12:51:55,136.07,136.1,136.07,136.07,7584
2026-09-02 12:52:55,136.09,136.1,136.07,136.08,10649
2026-09-02 12:53:55,136.2,136.21,136.17,136.2,35201
2026-09-02 12:54:56,136.2,136.26,136.2,136.22,8777
2026-09-02 12:55:58,136.25,136.26,136.23,136.25,11296
2026-09-02 12:56:54,136.18,136.26,136.18,136.26,14052
2026-09-02 12:57:57,136.27,136.33,136.27,136.3,18356
2026-09-02 12:58:59,136.3,136.39,136.3,136.38,10544
2026-09-02 12:59:54,136.38,136.39,136.38,136.38,10993
2026-09-02 13:00:56,136.38,136.39,136.33,136.38,11559
2026-09-02 13:01:58,136.37,136.44,136.3,136.3,25962
2026-09-02 13:02:53,136.3,136.38,136.3,136.31,13776
2026-09-02 13:03:55,136.37,136.38,136.3,136.3,19806
2026-09-02 13:04:56,136.39,136.42,136.36,136.37,19757
2026-09-02 13:05:58,136.38,136.43,136.37,136.38,13167
2026-09-02 13:06:52,136.38,136.4,136.38,136.4,6164
2026-09-02 13:07:55,136.35,136.38,136.3,136.35,9418
2026-09-02 13:08:57,136.35,136.36,136.32,136.36,9044
2026-09-02 13:09:59,136.38,136.39,136.36,136.38,10134
2026-09-02 13:10:56,136.38,136.38,136.3,136.34,6561
2026-09-02 13:11:54,136.3,136.39,136.3,136.39,5131
2026-09-02 13:12:55,136.36,136.4,136.33,136.4,41865
2026-09-02 13:13:58,136.38,136.39,136.38,136.39,4265
2026-09-02 13:14:55,136.41,136.44,136.4,136.44,7672
2026-09-02 13:15:57,136.44,136.44,136.43,136.43,7056
2026-09-02 13:16:56,136.43,136.44,136.4,136.43,12646
2026-09-02 13:17:58,136.43,136.44,136.4,136.44,7782
2026-09-02 13:18:56,136.43,136.45,136.43,136.45,8930
2026-09-02 13:19:57,136.48,136.48,136.45,136.48,8951
2026-09-02 13:20:59,136.44,136.48,136.44,136.45,6993
2026-09-02 13:21:58,136.45,136.55,136.45,136.55,38255
2026-09-02 13:22:55,136.54,136.54,136.45,136.45,17836
2026-09-02 13:23:58,136.46,136.46,136.35,136.37,10570
2026-09-02 13:24:56,136.35,136.38,136.32,136.38,11787
2026-09-02 13:25:58,136.4,136.45,136.39,136.41,4265
2026-09-02 13:26:58,136.44,136.49,136.44,136.48,19277
2026-09-02 13:27:56,136.49,136.54,136.48,136.54,8382
2026-09-02 13:28:58,136.54,136.54,136.49,136.5,10325
2026-09-02 13:29:58,136.51,136.53,136.51,136.53,7087
2026-09-02 13:30:58,136.54,136.54,136.4,136.5,28402
2026-09-02 13:31:57,136.5,136.5,136.46,136.5,14929
2026-09-02 13:32:58,136.5,136.54,136.47,136.54,9987
2026-09-02 13:33:59,136.59,136.6,136.55,136.55,32962
2026-09-02 13:34:55,136.59,136.6,136.55,136.59,14138
2026-09-02 13:35:55,136.6,136.6,136.53,136.6,19870
2026-09-02 13:36:57,136.6,136.6,136.59,136.59,16497
2026-09-02 13:37:58,136.53,136.56,136.5,136.52,16684
2026-09-02 13:38:58,136.5,136.5,136.38,136.39,5210
2026-09-02 13:39:56,136.39,136.4,136.26,136.34,12908
2026-09-02 13:40:59,136.34,136.34,136.25,136.27,16366
2026-09-02 13:41:55,136.27,136.28,136.26,136.28,4084
2026-09-02 13:42:56,136.27,136.33,136.27,136.33,5378
2026-09-02 13:43:57,136.29,136.33,136.29,136.3,3640
2026-09-02 13:44:57,136.3,136.32,136.26,136.28,7147
2026-09-02 13:45:58,136.28,136.29,136.2,136.2,6596
2026-09-02 13:46:59,136.23,136.29,136.2,136.27,10227
2026-09-02 13:47:55,136.29,136.29,136.27,136.28,3942
2026-09-02 13:48:54,136.28,136.32,136.28,136.31,8861
2026-09-02 13:49:58,136.31,136.31,136.26,136.26,4062
2026-09-02 13:50:57,136.22,136.25,136.16,136.18,11800
2026-09-02 13:51:56,136.22,136.23,136.22,136.22,24479
2026-09-02 13:52:56,136.22,136.32,136.22,136.32,8761
2026-09-02 13:53:56,136.32,136.36,136.32,136.35,3406
2026-09-02 13:54:59,136.35,136.4,136.35,136.4,8233
2026-09-02 13:55:59,136.38,136.4,136.37,136.39,8492
2026-09-02 13:56:59,136.4,136.45,136.37,136.4,38416
2026-09-02 13:57:58,136.41,136.5,136.41,136.47,8326
2026-09-02 13:58:56,136.47,136.51,136.45,136.47,10013
2026-09-02 13:59:55,136.45,136.45,136.43,136.43,5969
2026-09-02 14:00:57,136.43,136.47,136.43,136.47,6828
2026-09-02 14:01:55,136.47,136.48,136.46,136.48,7104
2026-09-02 14:02:58,136.47,136.48,136.43,136.43,12920
2026-09-02 14:03:57,136.38,136.38,136.35,136.37,13013
2026-09-02 14:04:59,136.35,136.35,136.31,136.33,5137
2026-09-02 14:05:56,136.33,136.37,136.33,136.37,7458
2026-09-02 14:06:56,136.37,136.4,136.36,136.39,5387
2026-09-02 14:07:58,136.4,136.54,136.4,136.53,23513
2026-09-02 14:08:57,136.53,136.55,136.52,136.55,7063
2026-09-02 14:09:59,136.57,136.57,136.55,136.56,14456
2026-09-02 14:10:58,136.55,136.55,136.53,136.53,7159
2026-09-02 14:11:58,136.54,136.55,136.4,136.45,17873
2026-09-02 14:12:57,136.45,136.45,136.44,136.45,2444
2026-09-02 14:13:56,136.47,136.5,136.33,136.34,18595
2026-09-02 14:14:56,136.4,136.4,136.36,136.4,3391
2026-09-02 14:15:57,136.4,136.41,136.4,136.4,5406
2026-09-02 14:16:55,136.41,136.41,136.35,136.35,22118
2026-09-02 14:17:58,136.35,136.39,136.35,136.37,35756
2026-09-02 14:18:57,136.37,136.39,136.37,136.38,2039
2026-09-02 14:19:59,136.41,136.41,136.35,136.35,16474
2026-09-02 14:20:55,136.35,136.39,136.35,136.38,1155
2026-09-02 14:21:55,136.38,136.38,136.35,136.38,5317
2026-09-02 14:22:54,136.36,136.44,136.36,136.43,18102
2026-09-02 14:23:55,136.41,136.43,136.31,136.31,28274
2026-09-02 14:24:58,136.31,136.34,136.31,136.34,3270
2026-09-02 14:25:59,136.34,136.4,136.34,136.4,12392
2026-09-02 14:26:55,136.4,136.4,136.37,136.39,10924
2026-09-02 14:27:58,136.4,136.4,136.27,136.31,29094
2026-09-02 14:28:57,136.3,136.31,136.3,136.31,3503
2026-09-02 14:29:59,136.31,136.33,136.3,136.33,11154
2026-09-02 14:30:57,136.33,136.4,136.33,136.4,15476
2026-09-02 14:31:56,136.41,136.5,136.41,136.43,47639
2026-09-02 14:32:57,136.44,136.49,136.44,136.49,20781
2026-09-02 14:33:59,136.47,136.48,136.45,136.48,16704
2026-09-02 14:34:56,136.48,136.49,136.46,136.48,15075
2026-09-02 14:35:59,136.46,136.48,136.43,136.45,22466
2026-09-02 14:36:55,136.48,136.48,136.46,136.48,12880
2026-09-02 14:37:56,136.5,136.54,136.49,136.5,29390
2026-09-02 14:38:56,136.54,136.54,136.46,136.48,31377
2026-09-02 14:39:59,136.53,136.54,136.49,136.54,15065
2026-09-02 14:40:56,136.55,136.55,136.53,136.53,19352
2026-09-02 14:41:58,136.54,136.55,136.54,136.54,18615
2026-09-02 14:42:55,136.55,136.57,136.54,136.57,10342
2026-09-02 14:43:57,136.56,136.57,136.56,136.56,7742
2026-09-02 14:44:56,136.57,136.57,136.47,136.47,22803
2026-09-02 14:45:57,136.51,136.51,136.38,136.4,18938
2026-09-02 14:46:55,136.44,136.49,136.44,136.47,21940
2026-09-02 14:47:56,136.5,136.54,136.48,136.48,32930
2026-09-02 14:48:57,136.52,136.52,136.51,136.52,19974
2026-09-02 14:49:55,136.54,136.56,136.51,136.51,33947
2026-09-02 14:50:55,136.51,136.51,136.37,136.41,17802
2026-09-02 14:51:57,136.4,136.4,136.35,136.35,21350
2026-09-02 14:52:58,136.4,136.43,136.39,136.43,29059
2026-09-02 14:53:59,136.46,136.46,136.42,136.42,31436
2026-09-02 14:54:59,136.4,136.46,136.4,136.43,13046
2026-09-02 14:55:56,136.43,136.45,136.31,136.31,63573
2026-09-02 14:56:56,136.31,136.31,136.3,136.3,28216
2026-09-02 14:57:56,136.31,136.31,136.22,136.22,22089
2026-09-02 14:58:57,136.25,136.25,136.2,136.2,13176
2026-09-02 14:59:54,136.21,136.21,136.14,136.14,37771
2026-09-02 15:00:58,136.17,136.17,136.09,136.1,55871
2026-09-02 15:01:55,136.12,136.17,136.12,136.17,38218
2026-09-02 15:02:57,136.17,136.22,136.17,136.22,73970
2026-09-02 15:03:57,136.26,136.31,136.26,136.28,55106
2026-09-02 15:04:59,136.28,136.28,136.24,136.24,42663
2026-09-02 15:05:56,136.23,136.24,136.23,136.24,44252
2026-09-02 15:06:59,136.26,136.26,136.25,136.26,66604
2026-09-02 15:07:55,136.25,136.26,136.24,136.24,30251
2026-09-02 15:08:58,136.23,136.24,136.22,136.24,70331
2026-09-02 15:09:58,136.24,136.36,136.24,136.36,45054
2026-09-02 15:10:57,136.39,136.43,136.32,136.32,92321
2026-09-02 15:11:59,136.39,136.46,136.36,136.41,68946
2026-09-02 15:12:58,136.5,136.5,136.44,136.49,118671
2026-09-02 15:13:58,136.5,136.59,136.49,136.59,61464
2026-09-02 15:14:58,136.67,136.8,136.5,136.5,47100
2026-09-02 15:15:22,136.76,136.76,136.76,136.76,31
2026-09-02 15:20:58,136.76,136.76,136.76,136.76,176937
2026-09-02 15:21:55,136.76,136.76,136.76,136.76,70733
2026-09-02 15:22:59,136.76,136.76,136.76,136.76,498
2026-09-02 15:23:55,136.76,136.76,136.76,136.76,1516
2026-09-02 15:25:58,136.76,136.76,136.76,136.76,185
2026-09-02 15:26:57,136.76,136.76,136.76,136.76,10
2026-09-02 15:29:50,136.76,137,136.76,137,7917406
2026-09-03 09:07:31,136.3,136.3,136.3,136.3,29694
2026-09-03 09:15:50,136.25,137.17,136.25,137.16,145741
2026-09-03 09:16:55,137.15,137.26,136.9,136.9,75412
2026-09-03 09:17:57,136.82,136.82,136.49,136.78,44718
2026-09-03 09:18:59,136.76,136.8,136.72,136.76,38706
2026-09-03 09:19:52,136.71,136.85,136.71,136.85,47425
2026-09-03 09:20:53,136.8,136.91,136.79,136.91,35796
2026-09-03 09:21:52,136.81,136.92,136.76,136.81,33586
2026-09-03 09:22:59,136.75,136.81,136.7,136.79,34869
2026-09-03 09:23:56,136.8,136.81,136.7,136.7,29364
2026-09-03 09:24:54,136.64,137.15,136.64,137.15,76880
2026-09-03 09:25:59,137.26,137.33,137.21,137.25,68474
2026-09-03 09:26:56,137.37,137.77,137.37,137.61,82513
2026-09-03 09:27:59,137.52,137.52,137.42,137.5,30935
2026-09-03 09:28:56,137.51,137.51,137.32,137.32,14892
2026-09-03 09:29:52,137.3,137.31,137.24,137.28,14682
2026-09-03 09:30:57,137.24,137.6,137.24,137.51,92678
2026-09-03 09:31:53,137.5,137.6,137.5,137.52,24073
2026-09-03 09:32:55,137.5,137.55,137.47,137.5,21574
2026-09-03 09:33:52,137.5,137.5,137.37,137.42,20494
2026-09-03 09:34:54,137.4,137.5,137.35,137.35,20701
2026-09-03 09:35:57,137.34,137.4,137.27,137.4,19767
2026-09-03 09:36:56,137.4,137.4,137.31,137.34,7393
2026-09-03 09:37:58,137.4,137.49,137.4,137.49,19329
2026-09-03 09:38:57,137.5,137.55,137.5,137.54,14380
2026-09-03 09:39:56,137.55,137.55,137.43,137.47,20083
2026-09-03 09:40:56,137.43,137.46,137.4,137.41,11636
2026-09-03 09:41:57,137.42,137.46,137.4,137.46,6986
2026-09-03 09:42:57,137.46,137.46,137.37,137.37,10726
2026-09-03 09:43:56,137.38,137.38,137.28,137.34,10116
2026-09-03 09:44:54,137.3,137.38,137.3,137.37,11989
2026-09-03 09:45:54,137.34,137.34,137.25,137.25,17132
2026-09-03 09:46:52,137.25,137.25,137.15,137.15,22784
2026-09-03 09:47:59,137.11,137.24,137.11,137.2,14334
2026-09-03 09:48:57,137.2,137.2,137.1,137.1,7102
2026-09-03 09:49:54,137.13,137.22,137.1,137.22,10332
2026-09-03 09:50:53,137.21,137.22,137.17,137.2,5505
2026-09-03 09:51:57,137.2,137.2,137.1,137.12,6745
2026-09-03 09:52:53,137.15,137.15,137.1,137.1,6489
2026-09-03 09:53:56,137.11,137.11,137.06,137.06,7956
2026-09-03 09:54:59,137.07,137.08,137,137.04,9988
2026-09-03 09:55:55,137.01,137.05,137.01,137.04,5390
2026-09-03 09:56:57,137.04,137.04,136.85,136.85,29643
2026-09-03 09:57:59,136.83,136.83,136.8,136.8,12829
2026-09-03 09:58:55,136.8,136.8,136.71,136.75,17791
2026-09-03 09:59:55,136.8,136.81,136.79,136.8,11069
2026-09-03 10:00:55,136.74,136.74,136.74,136.74,32083
2026-09-03 10:01:54,136.74,136.75,136.71,136.75,13025
2026-09-03 10:02:58,136.68,136.71,136.61,136.61,24811
2026-09-03 10:03:57,136.64,136.68,136.63,136.64,13552
2026-09-03 10:04:55,136.68,136.68,136.64,136.66,12299
2026-09-03 10:05:58,136.68,136.69,136.56,136.56,35789
2026-09-03 10:06:55,136.56,136.56,136.55,136.56,10518
2026-09-03 10:07:55,136.55,136.56,136.53,136.56,8316
2026-09-03 10:08:55,136.56,136.58,136.56,136.58,9400
2026-09-03 10:09:54,136.6,136.62,136.59,136.62,7919
2026-09-03 10:10:57,136.62,136.65,136.6,136.61,13304
2026-09-03 10:11:54,136.64,136.64,136.55,136.62,20964
2026-09-03 10:12:59,136.63,136.65,136.58,136.58,12053
2026-09-03 10:13:56,136.63,136.63,136.6,136.62,9258
2026-09-03 10:14:54,136.65,136.65,136.64,136.64,6287
2026-09-03 10:15:57,136.65,136.65,136.63,136.63,12295
2026-09-03 10:16:53,136.63,136.67,136.61,136.67,6890
2026-09-03 10:17:57,136.67,136.72,136.65,136.65,14733
2026-09-03 10:18:58,136.64,136.67,136.62,136.65,8402
2026-09-03 10:19:58,136.65,136.7,136.65,136.7,5378
2026-09-03 10:20:59,136.68,136.71,136.68,136.71,10637
2026-09-03 10:21:56,136.71,136.76,136.71,136.75,3724
2026-09-03 10:22:55,136.75,136.76,136.71,136.74,5289
2026-09-03 10:23:58,136.75,136.75,136.52,136.52,50010
2026-09-03 10:24:59,136.56,136.57,136.55,136.57,6825
2026-09-03 10:25:54,136.6,136.79,136.57,136.79,6113
2026-09-03 10:26:56,136.79,136.79,136.76,136.76,8816
2026-09-03 10:27:58,136.78,136.85,136.78,136.85,12939
2026-09-03 10:28:58,136.85,136.86,136.81,136.82,5803
2026-09-03 10:29:52,136.82,136.82,136.71,136.76,4502
2026-09-03 10:30:59,136.74,136.84,136.74,136.84,12823
2026-09-03 10:31:54,136.81,136.84,136.76,136.76,7692
2026-09-03 10:32:55,136.8,136.8,136.76,136.79,4478
2026-09-03 10:33:54,136.79,136.8,136.77,136.8,5121
2026-09-03 10:34:54,136.78,136.81,136.78,136.79,7890
2026-09-03 10:35:55,136.77,136.77,136.66,136.72,8991
2026-09-03 10:36:55,136.74,136.74,136.71,136.74,4368
2026-09-03 10:37:59,136.74,136.76,136.74,136.74,5039
2026-09-03 10:38:59,136.74,136.78,136.74,136.77,11012
2026-09-03 10:39:57,136.77,136.77,136.76,136.76,3555
2026-09-03 10:40:57,136.76,136.76,136.74,136.75,1692
2026-09-03 10:41:55,136.75,136.88,136.72,136.84,9940
2026-09-03 10:42:59,136.84,136.85,136.77,136.79,2668
2026-09-03 10:43:55,136.85,136.88,136.8,136.87,3167
2026-09-03 10:44:55,136.87,136.87,136.76,136.8,3681
2026-09-03 10:45:54,136.78,136.79,136.76,136.78,3255
2026-09-03 10:46:58,136.78,136.85,136.78,136.85,13122
2026-09-03 10:47:55,136.84,136.9,136.82,136.86,16215
2026-09-03 10:48:55,136.89,136.96,136.89,136.93,8855
2026-09-03 10:49:58,136.95,136.95,136.86,136.88,10213
2026-09-03 10:50:56,136.87,136.87,136.82,136.82,11758
2026-09-03 10:51:58,136.8,136.89,136.8,136.84,5031
2026-09-03 10:52:55,136.88,136.88,136.84,136.85,7536
2026-09-03 10:53:59,136.84,136.84,136.78,136.82,7599
2026-09-03 10:54:57,136.85,136.85,136.76,136.76,6367
2026-09-03 10:55:56,136.75,136.76,136.73,136.75,8220
2026-09-03 10:56:59,136.76,136.79,136.75,136.79,7337
2026-09-03 10:57:55,136.79,136.79,136.75,136.78,5062
2026-09-03 10:58:58,136.78,136.78,136.72,136.76,4046
2026-09-03 10:59:54,136.74,136.75,136.72,136.72,3243
2026-09-03 11:00:59,136.72,136.72,136.67,136.72,17601
2026-09-03 11:01:58,136.74,136.76,136.73,136.74,14155
2026-09-03 11:02:56,136.72,136.75,136.65,136.75,8780
2026-09-03 11:03:59,136.74,136.75,136.71,136.74,5098
2026-09-03 11:04:59,136.61,136.63,136.57,136.59,11836
2026-09-03 11:05:59,136.51,136.52,136.42,136.5,45487
2026-09-03 11:06:57,136.49,136.52,136.49,136.52,3771
2026-09-03 11:07:57,136.57,136.59,136.51,136.51,8877
2026-09-03 11:08:56,136.51,136.52,136.45,136.47,44245
2026-09-03 11:09:55,136.43,136.58,136.43,136.54,8603
2026-09-03 11:10:54,136.5,136.55,136.5,136.54,7423
2026-09-03 11:11:58,136.53,136.65,136.53,136.65,14943
2026-09-03 11:12:56,136.67,136.7,136.61,136.67,4826
2026-09-03 11:13:54,136.7,136.73,136.65,136.66,5603
2026-09-03 11:14:59,136.64,136.64,136.58,136.59,3852
2026-09-03 11:15:58,136.59,136.59,136.5,136.53,10358
2026-09-03 11:16:56,136.52,136.52,136.46,136.5,11443
2026-09-03 11:17:55,136.61,136.63,136.6,136.6,6232
2026-09-03 11:18:58,136.59,136.7,136.59,136.61,7025
2026-09-03 11:19:55,136.67,136.67,136.65,136.67,4852
2026-09-03 11:20:58,136.68,136.75,136.68,136.72,6330
2026-09-03 11:21:58,136.72,136.72,136.61,136.67,8694
2026-09-03 11:22:57,136.67,136.68,136.67,136.68,2374
2026-09-03 11:23:59,136.67,136.78,136.66,136.75,15843
2026-09-03 11:24:55,136.75,136.75,136.63,136.72,5674
2026-09-03 11:25:55,136.72,136.72,136.7,136.71,3681
2026-09-03 11:26:56,136.71,136.71,136.68,136.7,5032
2026-09-03 11:27:56,136.7,136.71,136.7,136.71,2119
2026-09-03 11:28:56,136.71,136.71,136.66,136.7,4812
2026-09-03 11:29:57,136.7,136.7,136.66,136.7,3608
2026-09-03 11:30:57,136.7,136.7,136.69,136.7,2671
2026-09-03 11:31:55,136.7,136.7,136.69,136.7,2504
2026-09-03 11:32:56,136.71,136.74,136.71,136.74,4041
2026-09-03 11:33:56,136.79,136.84,136.79,136.83,6750
2026-09-03 11:34:56,136.83,136.85,136.78,136.78,13830
2026-09-03 11:35:56,136.81,136.89,136.78,136.89,7161
2026-09-03 11:36:57,136.87,136.89,136.87,136.87,7695
2026-09-03 11:37:58,136.86,136.86,136.85,136.85,3077
2026-09-03 11:38:59,136.86,136.86,136.82,136.86,5334
2026-09-03 11:39:57,136.86,136.86,136.82,136.82,3529
2026-09-03 11:40:54,136.86,136.86,136.82,136.83,3571
2026-09-03 11:41:56,136.86,136.86,136.82,136.85,4053
2026-09-03 11:42:56,136.82,136.85,136.82,136.85,3572
2026-09-03 11:43:57,136.85,136.85,136.82,136.85,2578
2026-09-03 11:44:57,136.85,136.85,136.83,136.85,3772
2026-09-03 11:45:56,136.85,136.85,136.82,136.85,3204
2026-09-03 11:46:54,136.82,136.85,136.81,136.81,3152
2026-09-03 11:47:54,136.8,136.81,136.78,136.79,9335
2026-09-03 11:48:59,136.76,136.85,136.76,136.84,4569
2026-09-03 11:49:55,136.85,136.85,136.84,136.85,4455
2026-09-03 11:50:56,136.85,136.85,136.78,136.82,4034
2026-09-03 11:51:59,136.78,136.82,136.75,136.75,3674
2026-09-03 11:52:58,136.78,136.78,136.75,136.75,3828
2026-09-03 11:53:57,136.78,136.78,136.7,136.7,4031
2026-09-03 11:54:56,136.7,136.71,136.7,136.71,4674
2026-09-03 11:55:56,136.71,136.72,136.71,136.71,3746
2026-09-03 11:56:58,136.72,136.76,136.72,136.76,4324
2026-09-03 11:57:56,136.73,136.76,136.73,136.74,4065
2026-09-03 11:58:55,136.74,136.78,136.74,136.78,11323
2026-09-03 11:59:57,136.78,136.85,136.77,136.8,4880
2026-09-03 12:00:57,136.8,136.84,136.78,136.78,6092
2026-09-03 12:01:56,136.79,136.79,136.73,136.73,9130
2026-09-03 12:02:56,136.75,136.75,136.7,136.74,4506
2026-09-03 12:03:57,136.7,136.74,136.7,136.73,4862
2026-09-03 12:04:58,136.72,136.73,136.7,136.71,2854
2026-09-03 12:05:59,136.71,136.72,136.7,136.72,4273
2026-09-03 12:06:58,136.72,136.73,136.66,136.73,9636
2026-09-03 12:07:57,136.73,136.76,136.7,136.73,5734
2026-09-03 12:08:58,136.7,136.74,136.7,136.7,3332
2026-09-03 12:09:59,136.74,136.74,136.7,136.74,9329
2026-09-03 12:10:59,136.74,136.74,136.68,136.7,4906
2026-09-03 12:11:57,136.7,136.71,136.67,136.67,5011
2026-09-03 12:12:55,136.66,136.67,136.66,136.66,5274
2026-09-03 12:13:58,136.67,136.76,136.65,136.76,7716
2026-09-03 12:14:56,136.77,136.8,136.72,136.72,5296
2026-09-03 12:15:59,136.7,136.71,136.7,136.7,6243
2026-09-03 12:16:57,136.7,136.73,136.7,136.73,5240
2026-09-03 12:17:59,136.78,136.79,136.65,136.65,8676
2026-09-03 12:18:57,136.67,136.67,136.66,136.66,12379
2026-09-03 12:19:59,136.65,136.65,136.56,136.58,11947
2026-09-03 12:20:56,136.57,136.58,136.56,136.57,4558
2026-09-03 12:21:59,136.58,136.58,136.55,136.57,4017
2026-09-03 12:22:59,136.55,136.56,136.54,136.54,7210
2026-09-03 12:23:57,136.55,136.55,136.5,136.53,11522
2026-09-03 12:24:58,136.51,136.52,136.5,136.5,8562
2026-09-03 12:25:58,136.5,136.54,136.5,136.54,8734
2026-09-03 12:26:58,136.55,136.64,136.55,136.62,5485
2026-09-03 12:27:58,136.58,136.63,136.58,136.63,4330
2026-09-03 12:28:57,136.59,136.63,136.59,136.6,2863
2026-09-03 12:29:55,136.6,136.6,136.57,136.58,6060
2026-09-03 12:30:56,136.57,136.61,136.55,136.56,4368
2026-09-03 12:31:55,136.57,136.61,136.57,136.6,2817
2026-09-03 12:32:57,136.57,136.6,136.55,136.55,2706
2026-09-03 12:33:59,136.62,136.64,136.56,136.59,7843
2026-09-03 12:34:54,136.63,136.63,136.58,136.58,2679
2026-09-03 12:35:58,136.6,136.6,136.56,136.56,5504
2026-09-03 12:36:56,136.56,136.58,136.55,136.55,5448
2026-09-03 12:37:57,136.55,136.57,136.55,136.57,5289
2026-09-03 12:38:55,136.56,136.63,136.56,136.63,13660
2026-09-03 12:39:58,136.58,136.63,136.58,136.59,3144
2026-09-03 12:40:55,136.59,136.61,136.59,136.6,4695
2026-09-03 12:41:56,136.59,136.66,136.59,136.64,8509
2026-09-03 12:42:54,136.61,136.64,136.61,136.63,3298
2026-09-03 12:43:56,136.61,136.63,136.61,136.61,3175
2026-09-03 12:44:57,136.6,136.63,136.55,136.55,8364
2026-09-03 12:45:57,136.59,136.59,136.55,136.59,3167
2026-09-03 12:46:55,136.56,136.59,136.55,136.55,2734
2026-09-03 12:47:58,136.57,136.57,136.53,136.53,5711
2026-09-03 12:48:54,136.53,136.55,136.53,136.55,3256
2026-09-03 12:49:55,136.53,136.55,136.52,136.52,4175
2026-09-03 12:50:56,136.5,136.55,136.5,136.53,17726
2026-09-03 12:51:57,136.52,136.55,136.52,136.55,5030
2026-09-03 12:52:57,136.53,136.6,136.53,136.59,4226
2026-09-03 12:53:55,136.6,136.6,136.55,136.55,2801
2026-09-03 12:54:56,136.59,136.59,136.55,136.55,4767
2026-09-03 12:55:55,136.55,136.56,136.5,136.55,20556
2026-09-03 12:56:54,136.51,136.55,136.51,136.55,5008
2026-09-03 12:57:55,136.59,136.63,136.54,136.58,3963
2026-09-03 12:58:59,136.58,136.63,136.58,136.61,2621
2026-09-03 12:59:56,136.61,136.61,136.58,136.61,4138
2026-09-03 13:00:55,136.61,136.64,136.61,136.61,5047
2026-09-03 13:01:56,136.63,136.63,136.55,136.55,10951
2026-09-03 13:02:59,136.59,136.63,136.56,136.58,5541
2026-09-03 13:03:59,136.65,136.65,136.6,136.63,4551
2026-09-03 13:04:55,136.63,136.65,136.62,136.65,4308
2026-09-03 13:05:57,136.62,136.65,136.61,136.61,2690
2026-09-03 13:06:57,136.6,136.61,136.57,136.61,4420
2026-09-03 13:07:58,136.58,136.6,136.57,136.58,10663
2026-09-03 13:08:58,136.56,136.61,136.56,136.57,1045
2026-09-03 13:09:59,136.56,136.59,136.56,136.59,3223
2026-09-03 13:10:57,136.56,136.59,136.56,136.57,1986
2026-09-03 13:11:56,136.57,136.59,136.55,136.59,4482
2026-09-03 13:12:55,136.59,136.59,136.58,136.59,3311
2026-09-03 13:13:56,136.58,136.59,136.58,136.59,2627
2026-09-03 13:14:59,136.59,136.59,136.56,136.56,2092
2026-09-03 13:15:58,136.59,136.59,136.55,136.57,2952
2026-09-03 13:16:58,136.55,136.59,136.55,136.55,2867
2026-09-03 13:17:59,136.54,136.59,136.54,136.55,8226
2026-09-03 13:18:55,136.55,136.55,136.52,136.52,5673
2026-09-03 13:19:56,136.53,136.53,136.51,136.51,2297
2026-09-03 13:20:59,136.51,136.67,136.51,136.58,39205
2026-09-03 13:21:59,136.58,136.6,136.58,136.58,5482
2026-09-03 13:22:58,136.6,136.63,136.59,136.63,4946
2026-09-03 13:23:56,136.63,136.64,136.6,136.64,4538
2026-09-03 13:24:57,136.62,136.64,136.55,136.55,10325
2026-09-03 13:25:55,136.55,136.57,136.47,136.48,11967
2026-09-03 13:26:55,136.46,136.48,136.46,136.48,4376
2026-09-03 13:27:57,136.47,136.48,136.47,136.48,5470
2026-09-03 13:28:56,136.47,136.5,136.47,136.49,3783
2026-09-03 13:29:55,136.49,136.53,136.49,136.5,4091
2026-09-03 13:30:56,136.57,136.58,136.53,136.53,8450
2026-09-03 13:31:56,136.55,136.67,136.54,136.67,6089
2026-09-03 13:32:56,136.68,136.68,136.6,136.65,10572
2026-09-03 13:33:57,136.63,136.72,136.63,136.69,5570
2026-09-03 13:34:55,136.7,136.79,136.7,136.75,5968
2026-09-03 13:35:58,136.78,136.79,136.73,136.74,5564
2026-09-03 13:36:59,136.75,136.79,136.74,136.74,6553
2026-09-03 13:37:56,136.73,136.73,136.71,136.72,6245
2026-09-03 13:38:58,136.69,136.72,136.68,136.68,3920
2026-09-03 13:39:56,136.68,136.7,136.62,136.62,6282
2026-09-03 13:40:59,136.63,136.64,136.58,136.58,11031
2026-09-03 13:41:54,136.61,136.64,136.61,136.62,6197
2026-09-03 13:42:56,136.62,136.64,136.62,136.62,4717
2026-09-03 13:43:58,136.63,136.63,136.6,136.6,4975
2026-09-03 13:44:58,136.6,136.61,136.58,136.58,3882
2026-09-03 13:45:55,136.59,136.6,136.58,136.6,3190
2026-09-03 13:46:55,136.6,136.64,136.6,136.61,4632
2026-09-03 13:47:58,136.62,136.65,136.57,136.57,8057
2026-09-03 13:48:55,136.58,136.63,136.57,136.6,3888
2026-09-03 13:49:57,136.62,136.63,136.6,136.63,3197
2026-09-03 13:50:57,136.62,136.63,136.58,136.58,6088
2026-09-03 13:51:58,136.59,136.64,136.59,136.6,3246
2026-09-03 13:52:58,136.6,136.66,136.6,136.61,4666
2026-09-03 13:53:55,136.61,136.62,136.57,136.57,3411
2026-09-03 13:54:55,136.57,136.61,136.57,136.59,4325
2026-09-03 13:55:55,136.59,136.59,136.57,136.57,4401
2026-09-03 13:56:55,136.58,136.58,136.57,136.57,4947
2026-09-03 13:57:56,136.59,136.59,136.57,136.59,4528
2026-09-03 13:58:58,136.59,136.64,136.59,136.59,3977
2026-09-03 13:59:59,136.76,136.77,136.65,136.69,88984
2026-09-03 14:00:55,136.68,136.69,136.66,136.67,6467
2026-09-03 14:01:57,136.66,136.68,136.56,136.57,10237
2026-09-03 14:02:56,136.56,136.56,136.52,136.52,6578
2026-09-03 14:03:55,136.53,136.54,136.52,136.54,6941
2026-09-03 14:04:55,136.53,136.57,136.49,136.49,30869
2026-09-03 14:05:58,136.47,136.5,136.46,136.47,4072
2026-09-03 14:06:57,136.47,136.56,136.47,136.56,4889
2026-09-03 14:07:59,136.56,136.56,136.53,136.56,5342
2026-09-03 14:08:59,136.53,136.57,136.53,136.56,3280
2026-09-03 14:09:58,136.56,136.59,136.54,136.56,15039
2026-09-03 14:10:56,136.53,136.53,136.52,136.53,2454
2026-09-03 14:11:59,136.52,136.53,136.52,136.52,3797
2026-09-03 14:12:57,136.52,136.58,136.52,136.53,1948
2026-09-03 14:13:55,136.53,136.56,136.53,136.55,2801
2026-09-03 14:14:58,136.53,136.56,136.53,136.53,4283
2026-09-03 14:15:55,136.53,136.53,136.5,136.52,4111
2026-09-03 14:16:55,136.52,136.55,136.5,136.5,4167
2026-09-03 14:17:55,136.55,136.55,136.51,136.53,6174
2026-09-03 14:18:59,136.52,136.53,136.52,136.52,3486
2026-09-03 14:19:58,136.53,136.55,136.52,136.52,5385
2026-09-03 14:20:58,136.52,136.55,136.52,136.52,3823
2026-09-03 14:21:59,136.54,136.6,136.54,136.6,6297
2026-09-03 14:22:56,136.57,136.65,136.57,136.65,3514
2026-09-03 14:23:57,136.65,136.67,136.62,136.62,4904
2026-09-03 14:24:57,136.62,136.67,136.62,136.67,3149
2026-09-03 14:25:59,136.67,136.73,136.65,136.71,11186
2026-09-03 14:26:58,136.7,136.77,136.66,136.7,7542
2026-09-03 14:27:53,136.7,136.8,136.7,136.77,8515
2026-09-03 14:28:55,136.79,136.8,136.75,136.75,2959
2026-09-03 14:29:57,136.75,136.78,136.71,136.71,6230
2026-09-03 14:30:58,136.71,136.74,136.71,136.72,6491
2026-09-03 14:31:55,136.72,136.74,136.7,136.74,7899
2026-09-03 14:32:59,136.73,136.78,136.73,136.77,11118
2026-09-03 14:33:57,136.77,136.77,136.73,136.77,6967
2026-09-03 14:34:59,136.76,136.8,136.76,136.8,10025
2026-09-03 14:35:58,136.8,136.84,136.78,136.84,9870
2026-09-03 14:36:56,136.8,136.85,136.8,136.8,6379
2026-09-03 14:37:56,136.85,136.85,136.82,136.85,4204
2026-09-03 14:38:58,136.85,136.85,136.77,136.77,14660
2026-09-03 14:39:59,136.8,136.85,136.8,136.82,5199
2026-09-03 14:40:54,136.81,136.83,136.81,136.82,5524
2026-09-03 14:41:56,136.82,136.83,136.82,136.82,8686
2026-09-03 14:42:58,136.82,136.83,136.78,136.79,14324
2026-09-03 14:43:55,136.78,136.79,136.76,136.77,8390
2026-09-03 14:44:59,136.76,136.8,136.76,136.8,9331
2026-09-03 14:45:58,136.8,136.8,136.8,136.8,12429
2026-09-03 14:46:58,136.8,136.8,136.79,136.8,8870
2026-09-03 14:47:57,136.8,136.85,136.79,136.85,11440
2026-09-03 14:48:56,136.85,136.85,136.82,136.83,16401
2026-09-03 14:49:55,136.83,136.88,136.82,136.88,10944
2026-09-03 14:50:55,136.87,136.96,136.87,136.92,21128
2026-09-03 14:51:55,136.97,137,136.93,137,24077
2026-09-03 14:52:56,137,137.08,136.92,136.92,68364
2026-09-03 14:53:55,136.92,136.92,136.85,136.89,14917
2026-09-03 14:54:56,136.89,136.89,136.84,136.84,13366
2026-09-03 14:55:59,136.84,136.84,136.8,136.8,11982
2026-09-03 14:56:56,136.8,136.81,136.79,136.8,5697
2026-09-03 14:57:54,136.8,136.82,136.79,136.81,12738
2026-09-03 14:58:58,136.82,136.82,136.74,136.74,29399
2026-09-03 14:59:56,136.73,136.82,136.73,136.82,20720
2026-09-03 15:00:59,136.82,136.82,136.78,136.78,14428
2026-09-03 15:01:55,136.8,136.88,136.8,136.85,32966
2026-09-03 15:02:57,136.81,136.82,136.79,136.79,27056
2026-09-03 15:03:59,136.79,136.8,136.79,136.79,20974
2026-09-03 15:04:57,136.8,136.85,136.8,136.84,30066
2026-09-03 15:05:53,136.84,136.85,136.72,136.8,98664
2026-09-03 15:06:57,136.83,136.9,136.83,136.9,60636
2026-09-03 15:07:55,136.9,136.9,136.89,136.9,26198
2026-09-03 15:08:59,136.9,136.9,136.87,136.87,39286
2026-09-03 15:09:54,136.87,136.88,136.87,136.87,33337
2026-09-03 15:10:59,136.88,136.94,136.88,136.94,76121
2026-09-03 15:11:58,136.96,136.96,136.73,136.76,156491
2026-09-03 15:12:56,136.81,136.92,136.81,136.86,65051
2026-09-03 15:13:59,136.92,137.06,136.91,137.06,94303
2026-09-03 15:14:53,137.06,137.2,137.03,137.2,50666
2026-09-03 15:15:18,137.28,137.28,137.28,137.28,6123
2026-09-03 15:20:54,137.28,137.28,137.28,137.28,231283
2026-09-03 15:21:55,137.28,137.28,137.28,137.28,17922
2026-09-03 15:23:58,137.28,137.28,137.28,137.28,1689
2026-09-03 15:24:56,137.28,137.28,137.28,137.28,286
2026-09-03 15:26:56,137.28,137.28,137.28,137.28,330
2026-09-03 15:27:57,137.28,137.28,137.28,137.28,307
2026-09-03 15:28:55,137.28,137.28,137.28,137.28,1381
2026-09-03 15:29:03,137.8,137.8,137.8,137.8,4585406
2026-09-04 09:07:53,137,137,137,137,25094
2026-09-04 09:15:54,137.1,137.3,136.87,137.17,78927
2026-09-04 09:16:52,137.2,137.49,137.2,137.37,38524
2026-09-04 09:17:54,137.3,137.3,137.14,137.26,25829
2026-09-04 09:18:55,137.25,137.27,137.1,137.1,24791
2026-09-04 09:19:55,137.15,137.17,137.1,137.15,14688
2026-09-04 09:20:53,137.15,137.15,137.13,137.15,13226
2026-09-04 09:21:52,137.2,137.2,137.08,137.11,15264
2026-09-04 09:22:58,137.13,137.13,137.04,137.06,19055
2026-09-04 09:23:54,137.01,137.13,137.01,137.13,16755
2026-09-04 09:24:58,137.12,137.2,137.09,137.13,44335
2026-09-04 09:25:55,137.13,137.17,137.12,137.15,9292
2026-09-04 09:26:58,137.07,137.07,137,137.03,22185
2026-09-04 09:27:53,137.05,137.05,136.99,136.99,14360
2026-09-04 09:28:56,136.96,136.98,136.92,136.96,13786
2026-09-04 09:29:59,136.97,136.97,136.9,136.94,11873
2026-09-04 09:30:56,136.95,137.15,136.95,137.15,23672
2026-09-04 09:31:59,137.15,137.15,137.05,137.13,10848
2026-09-04 09:32:59,137.13,137.15,137.12,137.15,12271
2026-09-04 09:33:53,137.14,137.15,137.1,137.1,10340
2026-09-04 09:34:53,137.09,137.1,137.04,137.1,13516
2026-09-04 09:35:53,137.1,137.1,137.06,137.06,17530
2026-09-04 09:36:52,137.06,137.13,137.05,137.05,7412
2026-09-04 09:37:53,137.12,137.18,137.12,137.18,7900
2026-09-04 09:38:59,137.18,137.2,137.18,137.2,9622
2026-09-04 09:39:57,137.19,137.25,137.19,137.25,11042
2026-09-04 09:40:55,137.2,137.25,137.2,137.25,5039
2026-09-04 09:41:54,137.25,137.25,137.07,137.07,28485
2026-09-04 09:42:57,137.13,137.13,137.05,137.05,13393
2026-09-04 09:43:59,137.09,137.09,137.01,137.03,10814
2026-09-04 09:44:55,137.04,137.13,137.04,137.07,13960
2026-09-04 09:45:55,137.11,137.24,137.11,137.24,6998
2026-09-04 09:46:59,137.21,137.24,137.07,137.14,8710
2026-09-04 09:47:55,137.18,137.18,137.1,137.1,12790
2026-09-04 09:48:57,137.16,137.16,137.1,137.12,6815
2026-09-04 09:49:59,137.12,137.15,137.1,137.15,4624
2026-09-04 09:50:54,137.15,137.21,137.1,137.21,7439
2026-09-04 09:51:54,137.21,137.38,137.21,137.33,22112
2026-09-04 09:52:59,137.33,137.34,137.27,137.29,5640
2026-09-04 09:53:53,137.33,137.34,137.3,137.3,6596
2026-09-04 09:54:54,137.3,137.34,137.28,137.29,4698
2026-09-04 09:55:53,137.3,137.34,137.3,137.34,7471
2026-09-04 09:56:53,137.32,137.32,137.29,137.32,39519
2026-09-04 09:57:53,137.32,137.38,137.31,137.38,29369
2026-09-04 09:58:59,137.38,137.39,137.33,137.36,13437
2026-09-04 09:59:53,137.35,137.36,137.31,137.32,7673
2026-09-04 10:00:58,137.36,137.36,137.32,137.33,9249
2026-09-04 10:01:55,137.33,137.33,137.28,137.33,5461
2026-09-04 10:02:57,137.33,137.35,137.28,137.3,14825
2026-09-04 10:03:59,137.28,137.38,137.28,137.38,47532
2026-09-04 10:04:57,137.39,137.39,137.37,137.38,4806
2026-09-04 10:05:58,137.4,137.42,137.38,137.42,28665
2026-09-04 10:06:55,137.42,137.47,137.41,137.42,9055
2026-09-04 10:07:58,137.42,137.45,137.4,137.4,12573
2026-09-04 10:08:56,137.4,137.43,137.4,137.43,7572
2026-09-04 10:09:55,137.43,137.43,137.39,137.4,15042
2026-09-04 10:10:57,137.43,137.43,137.38,137.38,5644
2026-09-04 10:11:59,137.37,137.4,137.37,137.39,5704
2026-09-04 10:12:55,137.35,137.39,137.31,137.31,7055
2026-09-04 10:13:58,137.3,137.31,137.3,137.3,4767
2026-09-04 10:14:59,137.3,137.32,137.29,137.32,5308
2026-09-04 10:15:58,137.35,137.35,137.28,137.32,8773
2026-09-04 10:16:54,137.35,137.37,137.3,137.35,4767
2026-09-04 10:17:56,137.35,137.35,137.31,137.31,3084
2026-09-04 10:18:56,137.31,137.33,137.28,137.33,10327
2026-09-04 10:19:58,137.33,137.33,137.32,137.33,2160
2026-09-04 10:20:59,137.33,137.35,137.33,137.34,2901
2026-09-04 10:21:59,137.34,137.44,137.33,137.37,26145
2026-09-04 10:22:58,137.44,137.44,137.39,137.4,1851
2026-09-04 10:23:57,137.4,137.44,137.4,137.41,8059
2026-09-04 10:24:56,137.44,137.44,137.41,137.43,4993
2026-09-04 10:25:55,137.43,137.44,137.42,137.43,3558
2026-09-04 10:26:59,137.44,137.45,137.4,137.4,7225
2026-09-04 10:27:57,137.43,137.45,137.43,137.43,5000
2026-09-04 10:28:54,137.43,137.45,137.4,137.4,10587
2026-09-04 10:29:56,137.44,137.45,137.39,137.45,6003
2026-09-04 10:30:57,137.45,137.45,137.42,137.45,5627
2026-09-04 10:31:57,137.45,137.47,137.44,137.47,4237
2026-09-04 10:32:54,137.47,137.5,137.47,137.49,16802
2026-09-04 10:33:58,137.5,137.5,137.47,137.47,6752
2026-09-04 10:34:57,137.44,137.47,137.44,137.45,11304
2026-09-04 10:35:56,137.47,137.48,137.44,137.44,3876
2026-09-04 10:36:59,137.44,137.45,137.4,137.45,5624
2026-09-04 10:37:56,137.4,137.45,137.4,137.42,4695
2026-09-04 10:38:59,137.42,137.45,137.41,137.44,4806
2026-09-04 10:39:55,137.42,137.44,137.42,137.42,1157
2026-09-04 10:40:56,137.44,137.45,137.42,137.44,4527
2026-09-04 10:41:59,137.42,137.42,137.33,137.33,5224
2026-09-04 10:42:55,137.33,137.39,137.31,137.39,4027
2026-09-04 10:43:56,137.4,137.4,137.39,137.39,2643
2026-09-04 10:44:57,137.34,137.4,137.34,137.34,4551
2026-09-04 10:45:58,137.39,137.39,137.31,137.36,8982
2026-09-04 10:46:54,137.36,137.36,137.31,137.36,7148
2026-09-04 10:47:54,137.3,137.36,137.3,137.36,3362
2026-09-04 10:48:56,137.36,137.37,137.35,137.36,1537
2026-09-04 10:49:59,137.36,137.4,137.32,137.4,8579
2026-09-04 10:50:55,137.4,137.4,137.37,137.4,2340
2026-09-04 10:51:55,137.4,137.4,137.35,137.39,5830
2026-09-04 10:52:59,137.39,137.43,137.33,137.43,8850
2026-09-04 10:53:56,137.44,137.45,137.43,137.43,6930
2026-09-04 10:54:55,137.45,137.45,137.37,137.4,3309
2026-09-04 10:55:55,137.37,137.43,137.37,137.39,7670
2026-09-04 10:56:59,137.43,137.43,137.39,137.43,3434
2026-09-04 10:57:58,137.43,137.45,137.39,137.44,3281
2026-09-04 10:58:55,137.4,137.44,137.4,137.44,3963
2026-09-04 10:59:55,137.44,137.44,137.43,137.44,2350
2026-09-04 11:00:54,137.44,137.44,137.43,137.44,1594
2026-09-04 11:01:56,137.44,137.44,137.42,137.43,7523
2026-09-04 11:02:56,137.43,137.43,137.41,137.43,3702
2026-09-04 11:03:55,137.43,137.43,137.42,137.43,6298
2026-09-04 11:04:56,137.42,137.44,137.41,137.44,3000
2026-09-04 11:05:59,137.44,137.5,137.44,137.5,15493
2026-09-04 11:06:54,137.49,137.5,137.48,137.49,3600
2026-09-04 11:07:54,137.49,137.5,137.44,137.48,5311
2026-09-04 11:08:56,137.48,137.49,137.42,137.49,6115
2026-09-04 11:09:58,137.49,137.49,137.48,137.49,2038
2026-09-04 11:10:59,137.48,137.49,137.48,137.49,4681
2026-09-04 11:11:59,137.49,137.49,137.44,137.46,7089
2026-09-04 11:12:59,137.42,137.49,137.42,137.46,4089
2026-09-04 11:13:58,137.42,137.49,137.4,137.45,5759
2026-09-04 11:14:57,137.45,137.47,137.45,137.47,6585
2026-09-04 11:15:55,137.47,137.47,137.4,137.41,15270
2026-09-04 11:16:55,137.43,137.45,137.38,137.43,1679
2026-09-04 11:17:55,137.43,137.47,137.43,137.46,2396
2026-09-04 11:18:55,137.48,137.49,137.45,137.48,5473
2026-09-04 11:19:55,137.45,137.45,137.43,137.45,4618
2026-09-04 11:20:55,137.4,137.45,137.4,137.42,6998
2026-09-04 11:21:59,137.45,137.45,137.44,137.45,4507
2026-09-04 11:22:55,137.45,137.48,137.42,137.48,3486
2026-09-04 11:23:55,137.48,137.48,137.43,137.48,4193
2026-09-04 11:24:55,137.45,137.53,137.45,137.49,43953
2026-09-04 11:25:55,137.5,137.55,137.48,137.55,7912
2026-09-04 11:26:54,137.55,137.59,137.55,137.55,7324
2026-09-04 11:27:55,137.55,137.59,137.55,137.57,4942
2026-09-04 11:28:55,137.59,137.59,137.55,137.55,5272
2026-09-04 11:29:55,137.56,137.58,137.55,137.58,3811
2026-09-04 11:30:56,137.58,137.58,137.55,137.56,7637
2026-09-04 11:31:55,137.56,137.56,137.54,137.54,5887
2026-09-04 11:32:58,137.5,137.54,137.5,137.54,9145
2026-09-04 11:33:58,137.64,137.73,137.64,137.7,32850
2026-09-04 11:34:59,137.72,137.73,137.71,137.72,6549
2026-09-04 11:35:56,137.71,137.71,137.7,137.7,6175
2026-09-04 11:36:58,137.7,137.7,137.62,137.65,6468
2026-09-04 11:37:58,137.68,137.69,137.63,137.65,7382
2026-09-04 11:38:58,137.7,137.75,137.68,137.7,16487
2026-09-04 11:39:54,137.68,137.74,137.68,137.7,4192
2026-09-04 11:40:54,137.71,137.76,137.71,137.74,10744
2026-09-04 11:41:58,137.71,137.76,137.71,137.75,6402
2026-09-04 11:42:58,137.71,137.75,137.68,137.68,7926
2026-09-04 11:43:58,137.7,137.72,137.68,137.71,10016
2026-09-04 11:44:56,137.7,137.72,137.65,137.65,9445
2026-09-04 11:45:55,137.65,137.67,137.6,137.6,7962
2026-09-04 11:46:55,137.59,137.6,137.58,137.58,1701
2026-09-04 11:47:59,137.59,137.68,137.53,137.64,17127
2026-09-04 11:48:58,137.59,137.68,137.59,137.68,5678
2026-09-04 11:49:56,137.68,137.68,137.63,137.68,2824
2026-09-04 11:50:55,137.68,137.69,137.63,137.63,15337
2026-09-04 11:51:59,137.63,137.63,137.61,137.61,3964
2026-09-04 11:52:57,137.61,137.63,137.6,137.61,8115
2026-09-04 11:53:56,137.61,137.61,137.55,137.55,5727
2026-09-04 11:54:58,137.55,137.55,137.52,137.53,1975
2026-09-04 11:55:56,137.55,137.63,137.55,137.6,6835
2026-09-04 11:56:57,137.61,137.61,137.54,137.6,7245
2026-09-04 11:57:57,137.63,137.63,137.6,137.63,4840
2026-09-04 11:58:55,137.63,137.63,137.6,137.63,3254
2026-09-04 11:59:58,137.62,137.63,137.59,137.61,4941
2026-09-04 12:00:57,137.61,137.61,137.52,137.52,7156
2026-09-04 12:01:57,137.52,137.56,137.52,137.56,649
2026-09-04 12:02:57,137.56,137.6,137.56,137.6,3963
2026-09-04 12:03:54,137.6,137.6,137.58,137.6,5757
2026-09-04 12:04:55,137.6,137.6,137.58,137.58,3860
2026-09-04 12:05:55,137.6,137.6,137.58,137.58,3158
2026-09-04 12:06:58,137.58,137.62,137.58,137.58,17404
2026-09-04 12:07:59,137.6,137.6,137.52,137.53,11010
2026-09-04 12:08:56,137.52,137.6,137.52,137.55,8267
2026-09-04 12:09:57,137.6,137.65,137.57,137.65,5481
2026-09-04 12:10:56,137.6,137.65,137.52,137.52,11661
2026-09-04 12:11:55,137.55,137.56,137.52,137.56,6122
2026-09-04 12:12:58,137.55,137.55,137.49,137.54,8452
2026-09-04 12:13:55,137.5,137.56,137.5,137.56,4884
2026-09-04 12:14:56,137.53,137.57,137.5,137.5,5952
2026-09-04 12:15:56,137.59,137.59,137.5,137.54,8608
2026-09-04 12:16:59,137.5,137.54,137.5,137.5,3672
2026-09-04 12:17:57,137.5,137.57,137.5,137.57,8387
2026-09-04 12:18:55,137.57,137.65,137.51,137.51,6130
2026-09-04 12:19:58,137.57,137.59,137.54,137.59,2681
2026-09-04 12:20:59,137.57,137.57,137.5,137.5,4269
2026-09-04 12:21:55,137.54,137.55,137.5,137.54,3295
2026-09-04 12:22:56,137.5,137.54,137.5,137.53,2842
2026-09-04 12:23:58,137.53,137.55,137.46,137.46,19474
2026-09-04 12:24:54,137.49,137.49,137.43,137.43,10678
2026-09-04 12:25:57,137.45,137.49,137.44,137.49,3597
2026-09-04 12:26:58,137.49,137.49,137.46,137.46,2914
2026-09-04 12:27:55,137.46,137.49,137.46,137.48,4319
2026-09-04 12:28:56,137.48,137.49,137.47,137.48,2419
2026-09-04 12:29:56,137.48,137.5,137.48,137.5,2174
2026-09-04 12:30:53,137.5,137.5,137.48,137.49,5187
2026-09-04 12:31:56,137.46,137.54,137.46,137.54,7622
2026-09-04 12:32:58,137.55,137.55,137.52,137.55,2484
2026-09-04 12:33:57,137.52,137.52,137.5,137.5,5592
2026-09-04 12:34:58,137.49,137.5,137.46,137.46,11530
2026-09-04 12:35:56,137.52,137.53,137.49,137.5,12999
2026-09-04 12:36:56,137.52,137.55,137.52,137.54,4447
2026-09-04 12:37:59,137.54,137.57,137.53,137.57,7162
2026-09-04 12:38:58,137.57,137.59,137.53,137.56,6933
2026-09-04 12:39:56,137.54,137.57,137.54,137.57,2162
2026-09-04 12:40:57,137.54,137.58,137.53,137.57,7470
2026-09-04 12:41:56,137.55,137.6,137.55,137.58,2400
2026-09-04 12:42:59,137.58,137.58,137.55,137.55,4299
2026-09-04 12:43:57,137.56,137.58,137.55,137.55,4520
2026-09-04 12:44:55,137.56,137.56,137.55,137.55,1178
2026-09-04 12:45:57,137.56,137.56,137.5,137.5,5133
2026-09-04 12:46:55,137.5,137.5,137.47,137.49,4755
2026-09-04 12:47:55,137.49,137.49,137.41,137.49,6307
2026-09-04 12:48:56,137.49,137.49,137.4,137.48,11496
2026-09-04 12:49:59,137.48,137.48,137.45,137.48,3140
2026-09-04 12:50:59,137.46,137.51,137.46,137.5,9224
2026-09-04 12:51:57,137.51,137.56,137.5,137.56,7773
2026-09-04 12:52:58,137.52,137.52,137.48,137.48,8139
2026-09-04 12:53:58,137.49,137.5,137.48,137.5,3274
2026-09-04 12:54:57,137.49,137.5,137.49,137.49,4877
2026-09-04 12:55:59,137.49,137.5,137.49,137.5,3404
2026-09-04 12:56:56,137.49,137.5,137.49,137.5,1852
2026-09-04 12:57:58,137.5,137.5,137.48,137.48,4918
2026-09-04 12:58:57,137.48,137.5,137.48,137.48,3074
2026-09-04 12:59:56,137.49,137.49,137.48,137.48,2550
2026-09-04 13:00:57,137.48,137.49,137.47,137.49,2617
2026-09-04 13:01:57,137.43,137.49,137.43,137.49,11317
2026-09-04 13:02:59,137.49,137.49,137.42,137.47,7981
2026-09-04 13:03:58,137.47,137.47,137.41,137.43,2384
2026-09-04 13:04:58,137.43,137.44,137.42,137.43,1827
2026-09-04 13:05:58,137.42,137.43,137.41,137.41,3988
2026-09-04 13:06:59,137.42,137.42,137.38,137.41,24140
2026-09-04 13:07:57,137.4,137.41,137.4,137.4,1922
2026-09-04 13:08:59,137.4,137.42,137.4,137.42,3134
2026-09-04 13:09:58,137.4,137.5,137.4,137.44,5420
2026-09-04 13:10:59,137.44,137.6,137.44,137.6,20467
2026-09-04 13:11:58,137.49,137.54,137.49,137.5,1722
2026-09-04 13:12:55,137.53,137.54,137.53,137.53,3269
2026-09-04 13:13:59,137.54,137.55,137.53,137.53,5767
2026-09-04 13:14:58,137.54,137.54,137.53,137.54,2244
2026-09-04 13:15:58,137.55,137.58,137.54,137.58,6971
2026-09-04 13:16:59,137.58,137.58,137.55,137.56,1434
2026-09-04 13:17:59,137.56,137.6,137.56,137.58,5338
2026-09-04 13:18:55,137.59,137.6,137.59,137.59,8344
2026-09-04 13:19:57,137.55,137.58,137.53,137.58,5061
2026-09-04 13:20:59,137.58,137.58,137.53,137.57,4249
2026-09-04 13:21:55,137.52,137.58,137.5,137.54,6134
2026-09-04 13:22:55,137.54,137.57,137.54,137.57,6720
2026-09-04 13:23:56,137.58,137.58,137.57,137.58,3284
2026-09-04 13:24:55,137.58,137.58,137.57,137.58,1722
2026-09-04 13:25:56,137.58,137.58,137.53,137.53,8964
2026-09-04 13:26:54,137.56,137.6,137.53,137.6,6550
2026-09-04 13:27:57,137.56,137.6,137.56,137.56,3988
2026-09-04 13:28:58,137.6,137.6,137.56,137.6,3275
2026-09-04 13:29:59,137.58,137.6,137.53,137.56,6188
2026-09-04 13:30:59,137.56,137.57,137.56,137.57,2864
2026-09-04 13:31:55,137.56,137.57,137.56,137.56,3437
2026-09-04 13:32:57,137.57,137.57,137.51,137.51,4743
2026-09-04 13:33:53,137.51,137.54,137.5,137.51,2770
2026-09-04 13:34:54,137.5,137.51,137.5,137.5,7143
2026-09-04 13:35:59,137.5,137.5,137.45,137.46,4115
2026-09-04 13:36:58,137.46,137.46,137.41,137.43,4585
2026-09-04 13:37:58,137.43,137.47,137.42,137.46,13166
2026-09-04 13:38:59,137.46,137.46,137.41,137.45,5268
2026-09-04 13:39:55,137.46,137.46,137.45,137.45,3776
2026-09-04 13:40:57,137.46,137.47,137.45,137.47,6856
2026-09-04 13:41:55,137.46,137.47,137.41,137.45,5252
2026-09-04 13:42:55,137.42,137.47,137.41,137.47,8321
2026-09-04 13:43:56,137.47,137.47,137.41,137.44,15680
2026-09-04 13:44:56,137.41,137.44,137.4,137.4,7215
2026-09-04 13:45:54,137.43,137.45,137.43,137.45,3467
2026-09-04 13:46:56,137.41,137.45,137.41,137.42,6475
2026-09-04 13:47:58,137.45,137.45,137.42,137.45,2094
2026-09-04 13:48:55,137.45,137.45,137.43,137.43,11249
2026-09-04 13:49:57,137.42,137.43,137.42,137.42,4262
2026-09-04 13:50:56,137.42,137.43,137.42,137.43,4882
2026-09-04 13:51:55,137.42,137.42,137.39,137.41,8513
2026-09-04 13:52:56,137.39,137.41,137.39,137.41,3639
2026-09-04 13:53:55,137.4,137.41,137.4,137.41,4583
2026-09-04 13:54:56,137.41,137.41,137.4,137.41,4325
2026-09-04 13:55:57,137.41,137.41,137.4,137.41,10695
2026-09-04 13:56:56,137.41,137.41,137.4,137.4,1341
2026-09-04 13:57:57,137.4,137.43,137.4,137.41,10510
2026-09-04 13:58:59,137.41,137.43,137.41,137.42,3307
2026-09-04 13:59:59,137.42,137.43,137.41,137.43,4330
2026-09-04 14:00:59,137.43,137.43,137.41,137.41,7905
2026-09-04 14:01:57,137.43,137.43,137.36,137.4,38751
2026-09-04 14:02:56,137.41,137.41,137.4,137.41,5227
2026-09-04 14:03:58,137.4,137.41,137.4,137.41,3392
2026-09-04 14:04:57,137.41,137.41,137.4,137.41,2990
2026-09-04 14:05:55,137.41,137.41,137.4,137.4,9922
2026-09-04 14:06:55,137.41,137.41,137.4,137.41,3122
2026-09-04 14:07:59,137.4,137.45,137.4,137.45,21307
2026-09-04 14:08:59,137.45,137.5,137.42,137.5,27954
2026-09-04 14:09:57,137.5,137.5,137.49,137.5,5009
2026-09-04 14:10:56,137.5,137.5,137.49,137.5,6249
2026-09-04 14:11:55,137.5,137.5,137.49,137.5,5191
2026-09-04 14:12:55,137.49,137.5,137.49,137.5,8247
2026-09-04 14:13:54,137.49,137.49,137.48,137.48,9735
2026-09-04 14:14:56,137.49,137.49,137.48,137.48,8791
2026-09-04 14:15:58,137.48,137.48,137.4,137.41,12426
2026-09-04 14:16:59,137.41,137.44,137.4,137.44,21292
2026-09-04 14:17:58,137.44,137.48,137.44,137.45,9598
2026-09-04 14:18:58,137.45,137.48,137.44,137.44,11407
2026-09-04 14:19:58,137.45,137.45,137.44,137.44,4133
2026-09-04 14:20:58,137.45,137.45,137.44,137.45,4513
2026-09-04 14:21:58,137.45,137.45,137.4,137.4,27937
2026-09-04 14:22:58,137.48,137.49,137.46,137.47,15876
2026-09-04 14:23:59,137.49,137.49,137.47,137.49,2423
2026-09-04 14:24:59,137.49,137.55,137.49,137.55,12569
2026-09-04 14:25:55,137.55,137.55,137.54,137.55,4018
2026-09-04 14:26:57,137.55,137.59,137.55,137.59,8446
2026-09-04 14:27:59,137.58,137.65,137.57,137.65,14270
2026-09-04 14:28:56,137.61,137.64,137.6,137.63,10439
2026-09-04 14:29:59,137.64,137.64,137.63,137.63,6967
2026-09-04 14:30:55,137.64,137.64,137.58,137.58,7380
2026-09-04 14:31:57,137.59,137.59,137.55,137.58,13401
2026-09-04 14:32:58,137.57,137.58,137.53,137.53,8231
2026-09-04 14:33:58,137.54,137.54,137.52,137.52,9058
2026-09-04 14:34:55,137.53,137.53,137.45,137.45,12776
2026-09-04 14:35:57,137.42,137.42,137.4,137.41,32760
2026-09-04 14:36:58,137.4,137.41,137.34,137.35,48499
2026-09-04 14:37:55,137.35,137.36,137.34,137.35,15351
2026-09-04 14:38:57,137.36,137.44,137.36,137.42,18573
2026-09-04 14:39:58,137.41,137.42,137.36,137.36,20697
2026-09-04 14:40:56,137.38,137.38,137.36,137.38,17093
2026-09-04 14:41:59,137.38,137.5,137.38,137.46,22763
2026-09-04 14:42:57,137.46,137.49,137.43,137.43,16440
2026-09-04 14:43:55,137.4,137.4,137.4,137.4,10828
2026-09-04 14:44:55,137.4,137.4,137.35,137.37,21415
2026-09-04 14:45:55,137.37,137.37,137.3,137.3,42790
2026-09-04 14:46:55,137.3,137.3,137.27,137.3,17623
2026-09-04 14:47:54,137.3,137.3,137.28,137.3,24914
2026-09-04 14:48:59,137.3,137.3,137.29,137.3,18227
2026-09-04 14:49:59,137.3,137.3,137.29,137.3,13564
2026-09-04 14:50:54,137.3,137.3,137.29,137.3,15309
2026-09-04 14:51:54,137.3,137.3,137.25,137.25,28219
2026-09-04 14:52:55,137.25,137.25,137.2,137.2,18832
2026-09-04 14:53:58,137.23,137.23,137.21,137.23,20189
2026-09-04 14:54:56,137.23,137.23,137.21,137.21,10361
2026-09-04 14:55:58,137.21,137.22,137.2,137.2,26537
2026-09-04 14:56:57,137.18,137.24,137.18,137.24,49958
2026-09-04 14:57:55,137.24,137.24,137.24,137.24,9750
2026-09-04 14:58:55,137.24,137.24,137.23,137.23,11809
2026-09-04 14:59:54,137.24,137.24,137.23,137.23,14260
2026-09-04 15:00:52,137.23,137.23,137.19,137.21,20158
2026-09-04 15:01:55,137.21,137.21,137.15,137.15,29614
2026-09-04 15:02:53,137.15,137.18,137.14,137.18,62514
2026-09-04 15:03:52,137.18,137.19,137.15,137.15,74422
2026-09-04 15:04:59,137.13,137.15,137.13,137.13,37653
2026-09-04 15:05:55,137.15,137.15,137.13,137.14,20180
2026-09-04 15:06:54,137.14,137.2,137.14,137.19,82838
2026-09-04 15:07:52,137.2,137.2,137.19,137.2,26938
2026-09-04 15:08:56,137.2,137.2,137.19,137.2,32916
2026-09-04 15:09:53,137.2,137.2,137.19,137.2,31933
2026-09-04 15:10:56,137.2,137.2,137.18,137.19,57123
2026-09-04 15:11:59,137.19,137.45,137.19,137.43,116040
2026-09-04 15:12:53,137.46,137.5,137.37,137.47,86502
2026-09-04 15:13:56,137.48,137.48,137.37,137.41,51129
2026-09-04 15:14:57,137.39,137.4,137.25,137.37,67137
2026-09-04 15:15:16,137.37,137.37,137.37,137.37,101
2026-09-04 15:21:54,137.37,137.37,137.37,137.37,211
2026-09-04 15:23:56,137.37,137.37,137.37,137.37,364
2026-09-04 15:24:54,137.37,137.37,137.37,137.37,471
2026-09-04 15:26:58,137.37,137.37,137.37,137.37,813
2026-09-04 15:27:59,137.37,137.37,137.37,137.37,18899
2026-09-04 15:28:29,137.37,137.6,137.37,137.6,4104742
