Date,Open,High,Low,Close,Adj Close,Volume,Dividends,Stock Splits
2002-07-01,1.364148,1.401700,1.334259,1.362615,-0.012168,1080397,0.000000,0.000000
2002-07-02,1.386372,1.390971,1.356484,1.373344,-0.012263,1016147,0.000000,0.000000
2002-07-03,1.371811,1.387139,1.364914,1.373344,-0.012263,980394,0.000000,0.000000
2002-07-04,1.379475,1.401700,1.379475,1.381008,-0.012332,972747,0.000000,0.000000
2002-07-05,1.388672,1.388672,1.372578,1.377942,-0.012304,974496,0.000000,0.000000
2002-07-08,1.394803,1.454580,1.364914,1.438486,-0.012845,1061686,0.000000,0.000000
2002-07-09,1.433121,1.440785,1.391737,1.400934,-0.012510,1024719,0.000000,0.000000
2002-07-10,1.410130,1.410130,1.387139,1.399401,-0.012496,946638,0.000000,0.000000
2002-07-11,1.449215,1.449215,1.372578,1.376410,-0.012291,968220,0.000000,0.000000
2002-07-12,1.391737,1.403233,1.379475,1.387139,-0.012387,967763,0.000000,0.000000
2002-07-15,1.371811,1.378709,1.353418,1.358783,-0.012133,974157,0.000000,0.000000
2002-07-16,1.364148,1.381008,1.364148,1.371045,-0.012243,959138,0.000000,0.000000
2002-07-17,1.371811,1.371811,1.356484,1.360316,-0.012147,955902,0.000000,0.000000
2002-07-18,1.397102,1.397102,1.364914,1.376410,-0.012291,958081,0.000000,0.000000
2002-07-19,1.387139,1.387139,1.357250,1.371045,-0.012243,1022018,0.000000,0.000000
2002-07-22,1.348820,1.377176,1.329661,1.338857,-0.011955,959229,0.000000,0.000000
2002-07-23,1.302837,1.363381,1.302837,1.338857,-0.011955,950108,0.000000,0.000000
2002-07-24,1.325829,1.343455,1.303604,1.303604,-0.011641,1004507,0.000000,0.000000
2002-07-25,1.341156,1.361848,1.295174,1.315866,-0.011750,929688,0.000000,0.000000
2002-07-26,1.283678,1.283678,1.266051,1.275248,-0.011387,934529,0.000000,0.000000
2002-07-29,1.295174,1.295174,1.228499,1.243827,-0.011107,955236,0.000000,0.000000
2002-07-30,1.295174,1.295174,1.226200,1.230032,-0.010984,972108,0.000000,0.000000
2002-07-31,1.249191,1.249191,1.195545,1.218536,-0.010881,961513,0.000000,0.000000
2002-08-01,1.226200,1.260687,1.226200,1.233097,-0.011011,953331,0.000000,0.000000
2002-08-02,1.226200,1.226200,1.200910,1.220835,-0.010902,939461,0.000000,0.000000
2002-08-05,1.287510,1.287510,1.197078,1.218536,-0.010881,982116,0.000000,0.000000
2002-08-06,1.226200,1.226200,1.196311,1.201676,-0.010730,971195,0.000000,0.000000
2002-08-07,1.241527,1.241527,1.214704,1.223901,-0.010929,966576,0.000000,0.000000
2002-08-08,1.249191,1.249191,1.199377,1.205508,-0.010765,971443,0.000000,0.000000
2002-08-09,1.210872,1.222368,1.203209,1.214704,-0.010847,918884,0.000000,0.000000
2002-08-12,1.219303,1.225434,1.210872,1.220069,-0.010895,489590,0.000000,0.000000
2002-08-13,1.221602,1.225434,1.210872,1.215471,-0.010854,384772,0.000000,0.000000
2002-08-14,1.223134,1.223134,1.190180,1.203209,-0.010744,482452,0.000000,0.000000
2002-08-15,1.203209,1.203209,1.203209,1.203209,-0.010744,0,0.000000,0.000000
2002-08-16,1.200143,1.210872,1.177152,1.184049,-0.010573,520671,0.000000,0.000000
2002-08-19,1.210872,1.210872,1.173320,1.183283,-0.010566,501059,0.000000,0.000000
2002-08-20,1.194779,1.194779,1.180217,1.182517,-0.010559,507936,0.000000,0.000000
2002-08-21,1.197844,1.205508,1.187881,1.194012,-0.010662,507062,0.000000,0.000000
2002-08-22,1.197844,1.207041,1.187881,1.197844,-0.010696,495383,0.000000,0.000000
2002-08-23,1.203975,1.210872,1.187881,1.201676,-0.010730,519588,0.000000,0.000000
2002-08-26,1.210106,1.226200,1.193246,1.197844,-0.010696,552014,0.000000,0.000000
2002-08-27,1.201676,1.208573,1.184049,1.190947,-0.010635,504152,0.000000,0.000000
2002-08-28,1.203209,1.203209,1.184816,1.193246,-0.010655,491338,0.000000,0.000000
2002-08-29,1.195545,1.195545,1.180217,1.186348,-0.010594,489146,0.000000,0.000000
2002-08-30,1.186348,1.191713,1.180984,1.189414,-0.010621,488768,0.000000,0.000000
2002-09-02,1.194012,1.210106,1.194012,1.202442,-0.010737,514408,0.000000,0.000000
2002-09-03,1.203209,1.204741,1.190180,1.199377,-0.010710,493035,0.000000,0.000000
2002-09-04,1.197844,1.201676,1.187881,1.191713,0.050081,478760,1.454228,0.000000
2002-09-05,1.201676,1.201676,1.189414,1.193246,0.050145,492461,0.000000,0.000000
2002-09-06,1.199377,1.199377,1.176386,1.190947,0.050049,510128,0.000000,0.000000
2002-09-09,1.149562,1.184049,1.149562,1.177152,0.049469,488272,0.000000,0.000000
2002-09-10,1.177152,1.177152,1.177152,1.177152,0.049469,0,0.000000,0.000000
2002-09-11,1.187115,1.187115,1.158759,1.172554,0.049276,564188,0.000000,0.000000
2002-09-12,1.153394,1.176386,1.153394,1.168722,0.049115,504609,0.000000,0.000000
2002-09-13,1.184816,1.184816,1.162591,1.176386,0.049437,513534,0.000000,0.000000
2002-09-16,1.172554,1.180217,1.157226,1.166423,0.049018,511485,0.000000,0.000000
2002-09-17,1.161058,1.174853,1.149562,1.164890,0.048954,499846,0.000000,0.000000
2002-09-18,1.153394,1.171787,1.153394,1.161058,0.048793,506044,0.000000,0.000000
2002-09-19,1.157226,1.164890,1.153394,1.157226,0.048631,485989,0.000000,0.000000
2002-09-20,1.157226,1.157226,1.145731,1.153394,0.048470,492578,0.000000,0.000000
2002-09-23,1.149562,1.163357,1.146497,1.157993,0.048664,527652,0.000000,0.000000
2002-09-24,1.088252,1.153394,1.088252,1.126571,0.047343,568011,0.000000,0.000000
2002-09-25,1.089785,1.134235,1.089785,1.113543,0.046796,528109,0.000000,0.000000
2002-09-26,1.118907,1.126571,1.100514,1.107412,0.046538,539331,0.000000,0.000000
2002-09-27,1.011615,1.118907,1.011615,1.103580,0.046377,602772,0.000000,0.000000
2002-09-30,1.015447,1.110477,1.015447,1.081355,0.045443,506827,0.000000,0.000000
2002-10-01,0.984025,1.072925,0.984025,1.042270,0.043801,517996,0.000000,0.000000
2002-10-02,1.042270,1.042270,1.042270,1.042270,0.043801,0,0.000000,0.000000
2002-10-03,0.997820,1.042270,0.997820,1.030008,0.043285,514160,0.000000,0.000000
2002-10-04,1.048401,1.048401,1.023111,1.026176,0.043124,496179,0.000000,0.000000
2002-10-07,1.026942,1.051466,1.026942,1.049167,0.044090,497445,0.000000,0.000000
2002-10-08,1.046102,1.118907,1.046102,1.110477,0.046667,519836,0.000000,0.000000
2002-10-09,1.126571,1.157226,1.116608,1.140366,0.047923,561304,0.000000,0.000000
2002-10-10,1.089785,1.130403,1.089785,1.107412,0.046538,502860,0.000000,0.000000
2002-10-11,1.125805,1.145731,1.111244,1.129637,0.047472,556829,0.000000,0.000000
2002-10-14,1.130403,1.138067,1.115076,1.125038,0.047279,493752,0.000000,0.000000
2002-10-15,1.125038,1.125038,1.125038,1.125038,0.047279,0,0.000000,0.000000
2002-10-16,1.133469,1.133469,1.111244,1.118907,0.047021,497797,0.000000,0.000000
2002-10-17,1.121207,1.122739,1.112010,1.115842,0.046892,505365,0.000000,0.000000
2002-10-18,1.103580,1.127338,1.103580,1.109711,0.046635,496297,0.000000,0.000000
2002-10-21,1.111244,1.118907,1.099748,1.110477,0.046667,497471,0.000000,0.000000
2002-10-22,1.111244,1.125805,1.105113,1.108945,0.046603,503017,0.000000,0.000000
2002-10-23,1.111244,1.121207,1.105879,1.110477,0.046667,512477,0.000000,0.000000
2002-10-24,1.080589,1.088252,1.010849,1.062962,0.044670,623754,0.000000,0.000000
2002-10-25,1.049934,1.056831,1.013914,1.033073,0.043414,565910,0.000000,0.000000
2002-10-28,1.011615,1.029242,0.993988,1.023111,0.042995,515635,0.000000,0.000000
2002-10-29,1.019279,1.042270,1.019279,1.035373,0.043511,493687,0.000000,0.000000
2002-10-30,1.047635,1.056831,1.026942,1.039204,0.043672,516183,0.000000,0.000000
2002-10-31,1.056065,1.056065,1.034606,1.049934,0.044123,490034,0.000000,0.000000
2002-11-01,1.050700,1.062962,1.030774,1.046102,0.043962,489668,0.000000,0.000000
2002-11-04,1.057597,1.065261,1.027709,1.048401,0.044058,362172,0.000000,0.000000
2002-11-05,1.058364,1.063728,1.043036,1.043036,0.043833,487098,0.000000,0.000000
2002-11-06,1.043036,1.043036,1.043036,1.043036,0.043833,0,0.000000,0.000000
2002-11-07,1.073691,1.084421,1.049934,1.069093,0.044928,493309,0.000000,0.000000
2002-11-08,1.092851,1.092851,1.050700,1.063728,0.044702,501190,0.000000,0.000000
2002-11-11,1.074458,1.128104,1.044569,1.118907,0.047021,557898,0.000000,0.000000
2002-11-12,1.140366,1.141899,1.104346,1.130403,0.047504,513730,0.000000,0.000000
2002-11-13,1.115076,1.149562,1.115076,1.144198,0.048084,511446,0.000000,0.000000
2002-11-14,1.138833,1.187881,1.138833,1.175619,0.049404,534672,0.000000,0.000000
2002-11-15,1.180217,1.210106,1.173320,1.205508,0.050660,546455,0.000000,0.000000
2002-11-18,1.210106,1.210872,1.187881,1.199377,0.050403,485349,0.000000,0.000000
2002-11-19,1.199377,1.199377,1.199377,1.199377,0.050403,0,0.000000,0.000000
2002-11-20,1.202442,1.207807,1.177152,1.197078,0.050306,469991,0.000000,0.000000
2002-11-21,1.203209,1.203975,1.173320,1.187115,0.049888,495631,0.000000,0.000000
2002-11-22,1.218536,1.218536,1.180217,1.184049,0.049759,464524,0.000000,0.000000
2002-11-25,1.149562,1.199377,1.149562,1.180217,0.049598,455560,0.000000,0.000000
2002-11-26,1.207041,1.207041,1.187881,1.192479,0.050113,462736,0.000000,0.000000
2002-11-27,1.172554,1.197844,1.172554,1.195545,0.050242,448540,0.000000,0.000000
2002-11-28,1.195545,1.196311,1.184049,1.187115,0.049888,453641,0.000000,0.000000
2002-11-29,1.149562,1.210106,1.149562,1.186348,0.049855,477885,0.000000,0.000000
2002-12-02,1.172554,1.218536,1.172554,1.187115,0.049888,362589,0.000000,0.000000
2002-12-03,1.177152,1.202442,1.149562,1.174086,0.049340,308556,0.000000,0.000000
2002-12-04,1.142665,1.164890,1.142665,1.149562,0.048309,308399,0.000000,0.000000
2002-12-05,1.142665,1.187881,1.142665,1.177152,0.049469,308021,0.000000,0.000000
2002-12-06,1.186348,1.191713,1.165656,1.178685,0.049533,296590,0.000000,0.000000
2002-12-09,1.182517,1.190180,1.150329,1.164890,0.048954,303441,0.000000,0.000000
2002-12-10,1.180217,1.180217,1.142665,1.147263,0.048213,314336,0.000000,0.000000
2002-12-11,1.163357,1.180217,1.134235,1.152628,0.048438,305085,0.000000,0.000000
2002-12-12,1.019279,1.149562,1.011615,1.131936,0.047569,714140,0.000000,0.000000
2002-12-13,1.126571,1.152628,1.126571,1.139600,0.047891,338763,0.000000,0.000000
2002-12-16,1.141899,1.172554,1.126571,1.151862,0.048406,327215,0.000000,0.000000
2002-12-17,1.149562,1.149562,1.120440,1.120440,0.047086,141249,0.000000,0.000000
2002-12-18,1.126571,1.146497,1.111244,1.118907,0.047021,308034,0.000000,0.000000
2002-12-19,1.148796,1.148796,1.120440,1.130403,0.047504,303297,0.000000,0.000000
2002-12-20,1.124272,1.140366,1.124272,1.129637,0.047472,297139,0.000000,0.000000
2002-12-23,1.112010,1.128870,1.112010,1.122739,0.047182,302345,0.000000,0.000000
2002-12-24,1.101281,1.125805,1.098982,1.108945,0.046603,406980,0.000000,0.000000
2002-12-25,1.108945,1.108945,1.108945,1.108945,0.046603,0,0.000000,0.000000
2002-12-26,1.119674,1.127338,1.105879,1.117375,0.046957,148921,0.000000,0.000000
2002-12-27,1.141899,1.141899,1.111244,1.113543,0.046796,439014,0.000000,0.000000
2002-12-30,1.115842,1.122739,1.105113,1.111244,0.046699,137334,0.000000,0.000000
2002-12-31,1.125038,1.125805,1.095916,1.104346,0.046409,433429,0.000000,0.000000
2003-01-01,1.096683,1.115076,1.096683,1.106645,0.046506,404318,0.000000,0.000000
2003-01-02,1.108178,1.111244,1.105113,1.109711,0.046635,407763,0.000000,0.000000
2003-01-03,1.118907,1.125805,1.104346,1.110477,0.046667,410308,0.000000,0.000000
2003-01-06,1.118907,1.118907,1.097449,1.102814,0.046345,404762,0.000000,0.000000
2003-01-07,1.103580,1.111244,1.094383,1.105113,0.046441,407737,0.000000,0.000000
2003-01-08,1.115842,1.117375,1.090552,1.101281,0.046280,439223,0.000000,0.000000
2003-01-09,1.118141,1.118141,1.088252,1.097449,0.046119,404436,0.000000,0.000000
2003-01-10,1.092084,1.117375,1.088252,1.093617,0.045958,406954,0.000000,0.000000
2003-01-13,1.092851,1.099748,1.080589,1.082888,0.045508,403966,0.000000,0.000000
2003-01-14,1.092084,1.095916,1.088252,1.093617,0.045958,405649,0.000000,0.000000
2003-01-15,1.096683,1.103580,1.092084,1.097449,0.046119,405962,0.000000,0.000000
2003-01-16,1.085953,1.094383,1.085953,1.089785,0.045797,411560,0.000000,0.000000
2003-01-17,1.092851,1.102814,1.089019,1.093617,0.045958,404318,0.000000,0.000000
2003-01-20,1.066794,1.098982,1.066794,1.087486,0.045701,430063,0.000000,0.000000
2003-01-21,1.088252,1.095916,1.082121,1.088252,0.045733,498280,0.000000,0.000000
2003-01-22,1.065261,1.092084,1.065261,1.088252,0.045733,421438,0.000000,0.000000
2003-01-23,1.088252,1.090552,1.081355,1.085953,0.045636,432490,0.000000,0.000000
2003-01-24,1.088252,1.088252,1.058364,1.067560,0.044863,401983,0.000000,0.000000
2003-01-27,1.035373,1.057597,1.017746,1.023111,0.042995,409655,0.000000,0.000000
2003-01-28,1.038438,1.049934,1.022344,1.046868,0.043994,409499,0.000000,0.000000
2003-01-29,1.049934,1.049934,1.027709,1.036139,0.043543,408716,0.000000,0.000000
2003-01-30,1.026942,1.038438,1.020811,1.026942,0.043156,463558,0.000000,0.000000
2003-01-31,0.997054,1.035373,0.997054,1.016980,0.042738,461053,0.000000,0.000000
2003-02-03,1.004718,1.033840,1.003951,1.024643,0.043060,468725,0.000000,0.000000
2003-02-04,1.030774,1.034606,1.011615,1.013148,0.042577,459213,0.000000,0.000000
2003-02-05,1.019279,1.019279,1.000119,1.004718,0.042222,459044,0.000000,0.000000
2003-02-06,1.013914,1.014680,1.003185,1.011615,0.042512,453498,0.000000,0.000000
2003-02-07,1.007783,1.010849,0.996287,0.998587,0.041965,460166,0.000000,0.000000
2003-02-10,0.989390,1.003951,0.957969,0.997820,0.041933,548660,0.000000,0.000000
2003-02-11,0.996287,1.003951,0.981726,0.993988,0.041772,469939,0.000000,0.000000
2003-02-12,0.996287,1.007783,0.988624,0.997054,0.041900,463323,0.000000,0.000000
2003-02-13,0.997054,0.997054,0.997054,0.997054,0.041900,0,0.000000,0.000000
2003-02-14,0.997820,1.000886,0.988624,0.991689,0.041675,467121,0.000000,0.000000
2003-02-17,0.996287,1.015447,0.993988,0.994755,0.041804,490869,0.000000,0.000000
2003-02-18,1.007783,1.010082,0.996287,0.996287,0.041868,457713,0.000000,0.000000
2003-02-19,1.011615,1.038438,0.995521,0.999353,0.041997,457686,0.000000,0.000000
2003-02-20,0.997054,1.003185,0.992456,0.993988,0.041772,459513,0.000000,0.000000
2003-02-21,1.000119,1.000119,0.993988,0.997054,0.041900,439601,0.000000,0.000000
2003-02-24,0.981726,1.001652,0.981726,0.997820,0.041933,451971,0.000000,0.000000
2003-02-25,1.003185,1.003185,0.995521,0.996287,0.041868,459839,0.000000,0.000000
2003-02-26,0.998587,1.000119,0.995521,0.998587,0.041965,438101,0.000000,0.000000
2003-02-27,0.996287,1.003951,0.995521,1.000119,0.042029,444038,0.000000,0.000000
2003-02-28,1.003185,1.033073,0.993222,0.996287,0.041868,493387,0.000000,0.000000
2003-03-03,1.002418,1.002418,0.990156,0.996287,0.041868,472718,0.000000,0.000000
2003-03-04,0.997054,1.003185,0.993222,0.995521,0.041836,460609,0.000000,0.000000
2003-03-05,0.996287,1.002418,0.992456,0.999353,0.041997,460296,0.000000,0.000000
2003-03-06,0.999353,1.003185,0.993222,0.996287,0.041868,453889,0.000000,0.000000
2003-03-07,0.996287,0.996287,0.984025,0.987091,0.041482,460870,0.000000,0.000000
2003-03-10,0.980960,0.981726,0.977128,0.979427,0.041160,331299,0.000000,0.000000
2003-03-11,0.988624,0.988624,0.975595,0.978661,0.041127,457282,0.000000,0.000000
2003-03-12,0.988624,0.988624,0.934977,0.977894,0.041095,805741,0.000000,0.000000
2003-03-13,1.019279,1.019279,0.974829,0.979427,0.041160,463493,0.000000,0.000000
2003-03-14,0.979427,0.979427,0.979427,0.979427,0.041160,0,0.000000,0.000000
2003-03-17,0.980960,0.980960,0.973296,0.976362,0.041031,518127,0.000000,0.000000
2003-03-18,0.976362,0.976362,0.976362,0.976362,0.041031,0,0.000000,0.000000
2003-03-19,0.980194,0.989390,0.965632,0.966399,0.040612,212702,0.000000,0.000000
2003-03-20,0.971763,0.980194,0.967165,0.975595,0.040999,453994,0.000000,0.000000
2003-03-21,0.987857,0.987857,0.965632,0.977128,0.041063,448670,0.000000,0.000000
2003-03-24,0.973296,0.973296,0.957969,0.957969,0.040258,165950,0.000000,0.000000
2003-03-25,0.959501,0.959501,0.942641,0.945707,0.039743,143297,0.000000,0.000000
2003-03-26,0.957969,0.957969,0.941108,0.946473,0.039775,252826,0.000000,0.000000
2003-03-27,0.946473,0.950305,0.942641,0.944940,0.039710,464589,0.000000,0.000000
2003-03-28,0.928080,0.951071,0.928080,0.944174,0.039678,453028,0.000000,0.000000
2003-03-31,0.945707,0.946473,0.929613,0.941108,0.039549,689675,0.000000,0.000000
2003-04-01,0.935744,0.946473,0.934977,0.940342,0.039517,462358,0.000000,0.000000
2003-04-02,0.960268,0.960268,0.940342,0.948772,0.039871,477207,0.000000,0.000000
2003-04-03,0.957969,0.957969,0.938809,0.945707,0.039743,484044,0.000000,0.000000
2003-04-04,0.956436,0.956436,0.938809,0.940342,0.039517,453367,0.000000,0.000000
2003-04-07,0.944940,0.951071,0.942641,0.946473,0.039775,455912,0.000000,0.000000
2003-04-08,0.942641,0.948006,0.939576,0.939576,0.039485,138965,0.000000,0.000000
2003-04-09,0.950305,0.950305,0.937276,0.943407,0.039646,148908,0.000000,0.000000
2003-04-10,0.942641,0.944174,0.919650,0.919650,0.038648,150787,0.000000,0.000000
2003-04-11,0.941875,0.941875,0.920416,0.931145,0.039131,138822,0.000000,0.000000
2003-04-14,0.931145,0.931145,0.931145,0.931145,0.039131,0,0.000000,0.000000
2003-04-15,0.934211,0.945707,0.934211,0.938043,0.039420,454542,0.000000,0.000000
2003-04-16,0.938809,0.940342,0.921949,0.931912,0.039163,447182,0.000000,0.000000
2003-04-17,0.934211,0.934977,0.921949,0.928846,0.039034,449453,0.000000,0.000000
2003-04-18,0.928846,0.928846,0.928846,0.928846,0.039034,0,0.000000,0.000000
2003-04-21,0.931145,0.934977,0.919650,0.928080,0.039002,455207,0.000000,0.000000
2003-04-22,0.934977,0.957969,0.925781,0.938809,0.039453,464067,0.000000,0.000000
2003-04-23,0.935744,0.938809,0.927314,0.935744,0.039324,454633,0.000000,0.000000
2003-04-24,0.938809,0.938809,0.928080,0.932678,0.039195,437918,0.000000,0.000000
2003-04-25,0.927314,0.934977,0.919650,0.920416,0.038680,442289,0.000000,0.000000
2003-04-28,0.927314,0.933445,0.922715,0.931912,0.039163,451241,0.000000,0.000000
2003-04-29,0.930379,0.942641,0.919650,0.926547,0.038937,464380,0.000000,0.000000
2003-04-30,0.858340,0.938809,0.858340,0.931145,0.039131,439079,0.000000,0.000000
2003-05-01,0.931145,0.931145,0.931145,0.931145,0.039131,0,0.000000,0.000000
2003-05-02,0.934977,0.938043,0.927314,0.930379,0.039098,506475,0.000000,0.000000
2003-05-05,0.934977,0.945707,0.931145,0.944940,0.039710,528109,0.000000,0.000000
2003-05-06,0.942641,0.965632,0.942641,0.963333,0.040483,597918,0.000000,0.000000
2003-05-07,0.950305,0.965632,0.934977,0.949538,0.039904,524703,0.000000,0.000000
2003-05-08,0.950305,0.957969,0.934977,0.941108,0.039549,460231,0.000000,0.000000
2003-05-09,0.934977,0.957202,0.934977,0.941108,0.039549,496623,0.000000,0.000000
2003-05-12,0.951071,0.955669,0.946473,0.949538,0.039904,422678,0.000000,0.000000
2003-05-13,0.946473,0.957969,0.937276,0.955669,0.040161,459265,0.000000,0.000000
2003-05-14,0.957202,0.980960,0.954137,0.968698,0.040709,550409,0.000000,0.000000
2003-05-15,0.995521,1.162591,0.993988,1.162591,0.048857,562100,0.000000,0.000000
2003-05-16,1.241527,1.394036,1.212405,1.358017,0.057070,1487652,0.000000,0.000000
2003-05-19,1.390971,1.436953,1.371811,1.412429,0.059356,1357833,0.000000,0.000000
2003-05-20,1.303604,1.379475,1.303604,1.339624,0.056297,686595,0.000000,0.000000
2003-05-21,1.310501,1.387139,1.310501,1.342689,0.056425,665392,0.000000,0.000000
2003-05-22,1.371811,1.376410,1.350353,1.361848,0.057231,462658,0.000000,0.000000
2003-05-23,1.356484,1.371045,1.349586,1.368746,0.057520,466651,0.000000,0.000000
2003-05-26,1.364148,1.371811,1.333493,1.342689,0.056425,442172,0.000000,0.000000
2003-05-27,1.367979,1.370279,1.289809,1.299006,0.054590,487398,0.000000,0.000000
2003-05-28,1.318165,1.318165,1.282145,1.293641,0.054364,425300,0.000000,0.000000
2003-05-29,1.295174,1.302837,1.274482,1.280613,0.053817,451032,0.000000,0.000000
2003-05-30,1.295940,1.302837,1.266051,1.283678,0.053946,451358,0.000000,0.000000
2003-06-02,1.289809,1.321997,1.288276,1.301305,0.054686,488911,0.000000,0.000000
2003-06-03,1.295174,1.307436,1.274482,1.277547,0.053688,502338,0.000000,0.000000
2003-06-04,1.287510,1.301305,1.268351,1.279846,0.053784,469939,0.000000,0.000000
2003-06-05,1.299006,1.348820,1.299006,1.319698,0.055459,481839,0.000000,0.000000
2003-06-06,1.341156,1.394803,1.326595,1.361082,0.057198,519901,0.000000,0.000000
2003-06-09,1.378709,1.378709,1.322763,1.332726,0.056007,498176,0.000000,0.000000
2003-06-10,1.314333,1.349586,1.314333,1.321997,0.055556,477611,0.000000,0.000000
2003-06-11,1.302837,1.341156,1.266051,1.298239,0.054557,486210,0.000000,0.000000
2003-06-12,1.295174,1.315100,1.295174,1.310501,0.055073,456068,0.000000,0.000000
2003-06-13,1.339624,1.339624,1.281379,1.295940,0.054461,483862,0.000000,0.000000
2003-06-16,1.295940,1.310501,1.279080,1.280613,0.053817,473579,0.000000,0.000000
2003-06-17,1.306669,1.325829,1.292875,1.295940,0.054461,484083,0.000000,0.000000
2003-06-18,1.310501,1.370279,1.288276,1.337324,0.056200,582651,0.000000,0.000000
2003-06-19,1.364148,1.387139,1.342689,1.352652,0.056844,599301,0.000000,0.000000
2003-06-20,1.378709,1.417794,1.360316,1.398634,0.058776,657850,0.000000,0.000000
2003-06-23,1.440019,1.440019,1.374110,1.380241,0.058004,671237,0.000000,0.000000
2003-06-24,1.379475,1.398634,1.364914,1.381008,0.058036,510728,0.000000,0.000000
2003-06-25,1.381774,1.401700,1.381774,1.394036,0.058583,382815,0.000000,0.000000
2003-06-26,1.391737,1.478337,1.380241,1.452281,0.061031,569185,0.000000,0.000000
2003-06-27,1.502095,1.532750,1.476038,1.499796,0.063028,616590,0.000000,0.000000
2003-06-30,1.540414,1.570302,1.487534,1.498263,0.062963,792810,0.000000,0.000000
2003-07-01,1.504394,1.555741,1.502861,1.508992,0.063414,639804,0.000000,0.000000
2003-07-02,1.532750,1.540414,1.509759,1.512058,0.063543,523164,0.000000,0.000000
2003-07-03,1.540414,1.600957,1.532750,1.541947,0.064799,704628,0.000000,0.000000
2003-07-04,1.555741,1.571069,1.533516,1.548078,0.065057,572121,0.000000,0.000000
2003-07-07,1.563405,1.571069,1.533516,1.553442,0.065282,491365,0.000000,0.000000
2003-07-08,1.563405,1.578733,1.533516,1.539647,0.064702,498593,0.000000,0.000000
2003-07-09,1.528918,1.539647,1.452281,1.469907,0.061772,548882,0.000000,0.000000
2003-07-10,1.479104,1.508992,1.425458,1.463776,0.061514,505966,0.000000,0.000000
2003-07-11,1.482936,1.498263,1.463776,1.470674,0.061804,515869,0.000000,0.000000
2003-07-14,1.502095,1.513591,1.490599,1.499030,0.062996,508771,0.000000,0.000000
2003-07-15,1.502095,1.502095,1.440785,1.454580,0.061128,478146,0.000000,0.000000
2003-07-16,1.482936,1.482936,1.456113,1.470674,0.061804,443999,0.000000,0.000000
2003-07-17,1.456113,1.488300,1.433888,1.457645,0.061256,442981,0.000000,0.000000
2003-07-18,1.449215,1.467608,1.394803,1.430056,0.060097,435883,0.000000,0.000000
2003-07-21,1.450748,1.450748,1.417794,1.432355,0.060194,445225,0.000000,0.000000
2003-07-22,1.398634,1.410130,1.381008,1.397868,0.058744,439693,0.000000,0.000000
2003-07-23,1.417794,1.424691,1.387905,1.399401,0.058809,446439,0.000000,0.000000
2003-07-24,1.402466,1.432355,1.398634,1.406298,0.059099,440319,0.000000,0.000000
2003-07-25,1.429289,1.443851,1.417794,1.433121,0.060226,460962,0.000000,0.000000
2003-07-28,1.440785,1.473739,1.440785,1.466075,0.061611,491247,0.000000,0.000000
2003-07-29,1.458412,1.475272,1.433121,1.465309,0.061578,477899,0.000000,0.000000
2003-07-30,1.490599,1.490599,1.420859,1.436187,0.060355,517644,0.000000,0.000000
2003-07-31,1.410130,1.425458,1.394803,1.407065,0.059131,504896,0.000000,0.000000
2003-08-01,1.379475,1.421626,1.379475,1.407831,0.059163,487594,0.000000,0.000000
2003-08-04,1.413962,1.413962,1.387139,1.405532,0.059066,475980,0.000000,0.000000
2003-08-05,1.394803,1.440785,1.394803,1.411663,0.059324,506853,0.000000,0.000000
2003-08-06,1.417794,1.421626,1.399401,1.410130,0.059260,441976,0.000000,0.000000
2003-08-07,1.417794,1.418560,1.400934,1.405532,0.059066,443411,0.000000,0.000000
2003-08-08,1.424691,1.424691,1.397868,1.411663,0.059324,413818,0.000000,0.000000
2003-08-11,1.410896,1.486768,1.410896,1.466075,0.061611,590454,0.000000,0.000000
2003-08-12,1.509759,1.563405,1.495964,1.528152,0.064219,684312,0.000000,0.000000
2003-08-13,1.555741,1.574901,1.519722,1.529685,0.064284,636111,0.000000,0.000000
2003-08-14,1.525086,1.555741,1.518189,1.523554,0.064026,535964,0.000000,0.000000
2003-08-15,1.523554,1.523554,1.523554,1.523554,0.064026,0,0.000000,0.000000
2003-08-18,1.525086,1.545012,1.494431,1.511292,0.063511,525499,0.000000,0.000000
2003-08-19,1.479870,1.513591,1.468375,1.476038,0.062029,485519,0.000000,0.000000
2003-08-20,1.479104,1.486768,1.456879,1.463776,0.061514,476046,0.000000,0.000000
2003-08-21,1.486768,1.509759,1.464543,1.497497,0.062931,465437,0.000000,0.000000
2003-08-22,1.570302,1.570302,1.463776,1.473739,0.061933,515896,0.000000,0.000000
2003-08-25,1.485235,1.502095,1.412429,1.423158,0.059807,477794,0.000000,0.000000
2003-08-26,1.379475,1.456113,1.379475,1.441551,0.060580,460688,0.000000,0.000000
2003-08-27,1.456113,1.482936,1.448449,1.459178,0.061321,451776,0.000000,0.000000
2003-08-28,1.473739,1.482936,1.457645,1.465309,0.061578,472496,0.000000,0.000000
2003-08-29,1.486768,1.524320,1.470674,1.485235,0.062416,533576,0.000000,0.000000
2003-09-01,1.486768,1.747335,1.486768,1.708250,0.071788,1085055,0.000000,0.000000
2003-09-02,1.754999,1.770326,1.624715,1.657669,0.069662,1033579,0.000000,0.000000
2003-09-03,1.676062,1.723578,1.625481,1.644641,0.069115,717337,0.000000,0.000000
2003-09-04,1.651538,1.663034,1.594060,1.607088,0.583329,534555,1.454228,0.000000
2003-09-05,1.624715,1.647706,1.594060,1.616285,0.586667,566380,0.000000,0.000000
2003-09-08,1.655370,1.670698,1.610154,1.622416,0.588893,487763,0.000000,0.000000
2003-09-09,1.655370,1.684492,1.587163,1.617051,0.586945,536760,0.000000,0.000000
2003-09-10,1.601724,1.639276,1.594060,1.613219,0.585554,476098,0.000000,0.000000
2003-09-11,1.609388,1.655370,1.586396,1.601724,0.581382,496519,0.000000,0.000000
2003-09-12,1.632379,1.647706,1.594060,1.611687,0.584998,489472,0.000000,0.000000
2003-09-15,1.635444,1.635444,1.550377,1.572602,0.570812,443072,0.000000,0.000000
2003-09-16,1.545012,1.565704,1.525086,1.543479,0.560241,484658,0.000000,0.000000
2003-09-17,1.540414,1.600957,1.533516,1.548078,0.561910,437070,0.000000,0.000000
2003-09-18,1.541947,1.555741,1.487534,1.499030,0.544107,469521,0.000000,0.000000
2003-09-19,1.525086,1.531984,1.472206,1.497497,0.543551,407750,0.000000,0.000000
2003-09-22,1.494431,1.555741,1.494431,1.531984,0.556068,446204,0.000000,0.000000
2003-09-23,1.509759,1.525086,1.482936,1.512824,0.549114,407646,0.000000,0.000000
2003-09-24,1.517423,1.541947,1.517423,1.527385,0.554399,443438,0.000000,0.000000
2003-09-25,1.531217,1.532750,1.482936,1.497497,0.543551,413439,0.000000,0.000000
2003-09-26,1.467608,1.531217,1.467608,1.508992,0.547723,418071,0.000000,0.000000
2003-09-29,1.536582,1.536582,1.481403,1.503628,0.545776,344818,0.000000,0.000000
2003-09-30,1.532750,1.532750,1.489067,1.497497,0.543551,353090,0.000000,0.000000
2003-10-01,1.502095,1.519722,1.494431,1.498263,0.543828,334705,0.000000,0.000000
2003-10-02,1.498263,1.498263,1.498263,1.498263,0.543828,0,0.000000,0.000000
2003-10-03,1.457645,1.532750,1.457645,1.511292,0.548558,355791,0.000000,0.000000
2003-10-06,1.570302,1.663034,1.563405,1.652305,0.599741,484892,0.000000,0.000000
2003-10-07,1.685259,1.693689,1.586396,1.612453,0.585276,185405,0.000000,0.000000
2003-10-08,1.699820,1.699820,1.600191,1.609388,0.584164,167659,0.000000,0.000000
2003-10-09,1.646940,1.646940,1.609388,1.620117,0.588058,46739,0.000000,0.000000
2003-10-10,1.647706,1.693689,1.647706,1.658436,0.601967,255331,0.000000,0.000000
2003-10-13,1.705185,1.762663,1.678361,1.746569,0.633957,281246,0.000000,0.000000
2003-10-14,1.800981,1.823973,1.676062,1.699820,0.616988,443464,0.000000,0.000000
2003-10-15,1.686025,1.686025,1.594060,1.627014,0.590562,274826,0.000000,0.000000
2003-10-16,1.633145,1.647706,1.611687,1.616285,0.586667,241226,0.000000,0.000000
2003-10-17,1.624715,1.639276,1.595593,1.614752,0.586111,198714,0.000000,0.000000
2003-10-20,1.594060,1.640043,1.571069,1.578733,0.573037,277187,0.000000,0.000000
2003-10-21,1.571069,1.578733,1.525086,1.538881,0.558572,196509,0.000000,0.000000
2003-10-22,1.525086,1.568003,1.517423,1.522021,0.552452,244031,0.000000,0.000000
2003-10-23,1.495198,1.538881,1.495198,1.525086,0.553564,208944,0.000000,0.000000
2003-10-24,1.532750,1.532750,1.476038,1.502095,0.545219,231087,0.000000,0.000000
2003-10-27,1.472973,1.525086,1.472973,1.515890,0.550227,344922,0.000000,0.000000
2003-10-28,1.509759,1.518189,1.472973,1.492899,0.541882,344804,0.000000,0.000000
2003-10-29,1.456113,1.509759,1.456113,1.499796,0.544385,345326,0.000000,0.000000
2003-10-30,1.570302,1.570302,1.487534,1.504394,0.546054,348262,0.000000,0.000000
2003-10-31,1.502095,1.509759,1.476805,1.486001,0.539378,361520,0.000000,0.000000
2003-11-03,1.494431,1.532750,1.494431,1.518955,0.551339,355648,0.000000,0.000000
2003-11-04,1.548078,1.548078,1.486768,1.496730,0.543272,366595,0.000000,0.000000
2003-11-05,1.494431,1.601724,1.494431,1.520488,0.551896,523529,0.000000,0.000000
2003-11-06,1.548078,1.563405,1.522021,1.545778,0.561075,520515,0.000000,0.000000
2003-11-07,1.570302,1.608621,1.557274,1.584097,0.574984,545268,0.000000,0.000000
2003-11-10,1.609388,1.670698,1.597892,1.643875,0.596682,418815,0.000000,0.000000
2003-11-11,1.632379,1.711316,1.632379,1.689857,0.613372,593181,0.000000,0.000000
2003-11-12,1.709016,1.739671,1.655370,1.668399,0.605583,439810,0.000000,0.000000
2003-11-13,1.651538,1.685259,1.518189,1.586396,0.575818,401656,0.000000,0.000000
2003-11-14,1.571069,1.609388,1.563405,1.574134,0.571368,301797,0.000000,0.000000
2003-11-17,1.574901,1.647706,1.574901,1.633912,0.593065,53433,0.000000,0.000000
2003-11-18,1.620883,1.632379,1.597892,1.603257,0.581938,405271,0.000000,0.000000
2003-11-19,1.601724,1.601724,1.586396,1.594060,0.578600,399073,0.000000,0.000000
2003-11-20,1.587163,1.607088,1.541180,1.563405,0.567473,424609,0.000000,0.000000
2003-11-21,1.544246,1.568003,1.532750,1.541947,0.559685,393619,0.000000,0.000000
2003-11-24,1.549610,1.577966,1.548844,1.560340,0.566361,315119,0.000000,0.000000
2003-11-25,1.584097,1.584097,1.548844,1.558040,0.565526,310944,0.000000,0.000000
2003-11-26,1.558040,1.558040,1.558040,1.558040,0.565526,0,0.000000,0.000000
2003-11-27,1.570302,1.624715,1.570302,1.611687,0.584998,469782,0.000000,0.000000
2003-11-28,1.655370,1.655370,1.620883,1.643875,0.596682,460140,0.000000,0.000000
2003-12-01,1.670698,1.693689,1.659202,1.681427,0.610312,488037,0.000000,0.000000
2003-12-02,1.686792,1.686792,1.625481,1.669165,0.605861,375938,0.000000,0.000000
2003-12-03,1.678361,1.754999,1.671464,1.696754,0.615875,547460,0.000000,0.000000
2003-12-04,1.686025,1.754233,1.686025,1.706717,0.619491,597566,0.000000,0.000000
2003-12-05,1.723578,1.754233,1.674530,1.691390,0.613928,502586,0.000000,0.000000
2003-12-08,1.686025,1.732008,1.674530,1.702119,0.617823,482413,0.000000,0.000000
2003-12-09,1.724344,1.928966,1.716680,1.892946,0.687088,656923,0.000000,0.000000
2003-12-10,1.899844,1.954256,1.839300,1.873021,0.679855,706011,0.000000,0.000000
2003-12-11,1.877619,1.992575,1.864591,1.879152,0.682081,522772,0.000000,0.000000
2003-12-12,1.900610,1.946593,1.877619,1.926667,0.699327,555080,0.000000,0.000000
2003-12-15,1.954256,2.156580,1.946593,2.111363,0.766367,741373,0.000000,0.000000
2003-12-16,2.069213,2.268470,2.038558,2.233217,0.810597,906748,0.000000,0.000000
2003-12-17,2.260807,2.680014,2.249311,2.680014,0.972772,2299069,0.000000,0.000000
2003-12-18,2.720632,3.210346,2.682313,3.192719,1.158870,4432410,0.000000,0.000000
2003-12-19,3.234103,3.668638,3.234103,3.467848,1.258734,5306068,0.000000,0.000000
2003-12-22,3.509998,3.663273,3.342929,3.388911,1.230082,3710688,0.000000,0.000000
2003-12-23,3.432594,3.559046,3.356723,3.375883,1.225353,1630245,0.000000,0.000000
2003-12-24,3.433361,3.467081,3.181223,3.237935,1.175282,1096721,0.000000,0.000000
2003-12-25,3.237935,3.237935,3.237935,3.237935,1.175282,0,0.000000,0.000000
2003-12-26,3.410370,3.410370,3.039444,3.138306,1.139119,1489309,0.000000,0.000000
2003-12-29,3.180457,3.257094,3.142138,3.163597,1.148299,915556,0.000000,0.000000
2003-12-30,3.149802,3.211112,2.844785,2.982732,1.082650,713005,0.000000,0.000000
2003-12-31,3.019518,3.042509,2.904562,2.942114,1.067907,861366,0.000000,0.000000
2004-01-01,2.988863,3.240234,2.912226,3.204981,1.163320,1973315,0.000000,0.000000
2004-01-02,3.257094,3.333732,3.150568,3.188887,1.157479,1076456,0.000000,0.000000
2004-01-05,3.203448,3.217243,3.050940,3.093857,1.122986,617347,0.000000,0.000000
2004-01-06,3.065501,3.195018,2.965872,2.998060,1.088214,834812,0.000000,0.000000
2004-01-07,3.095389,3.134474,2.913758,2.964339,1.075974,634675,0.000000,0.000000
2004-01-08,3.057837,3.103819,2.973536,3.012621,1.093499,495971,0.000000,0.000000
2004-01-09,3.065501,3.119147,2.912226,2.943647,1.068464,635876,0.000000,0.000000
2004-01-12,2.922188,3.180457,2.874673,3.017219,1.095168,1088239,0.000000,0.000000
2004-01-13,3.080062,3.172793,3.011854,3.057837,1.109911,664909,0.000000,0.000000
2004-01-14,3.080828,3.149802,3.050173,3.080062,1.117978,718303,0.000000,0.000000
2004-01-15,3.092324,3.140605,2.996527,3.029481,1.099619,621914,0.000000,0.000000
2004-01-16,3.034846,3.065501,2.873907,2.916824,1.058728,489760,0.000000,0.000000
2004-01-19,2.927553,2.980433,2.835588,2.922188,1.060674,559060,0.000000,0.000000
2004-01-20,2.944413,3.011088,2.824859,2.862411,1.038977,560104,0.000000,0.000000
2004-01-21,2.880804,2.881571,2.309855,2.495317,0.905732,600919,0.000000,0.000000
2004-01-22,2.383427,2.636331,2.377296,2.414082,0.876246,649525,0.000000,0.000000
2004-01-23,2.529038,2.635564,2.437839,2.580385,0.936609,503839,0.000000,0.000000
2004-01-26,2.580385,2.580385,2.580385,2.580385,0.936609,0,0.000000,0.000000
2004-01-27,2.601077,2.912226,2.529038,2.735959,0.993078,524116,0.000000,0.000000
2004-01-28,2.743623,3.065501,2.720632,2.909926,1.056224,1156757,0.000000,0.000000
2004-01-29,2.929086,3.048640,2.844018,2.900730,1.052886,738685,0.000000,0.000000
2004-01-30,2.949012,2.958208,2.712968,2.754352,0.999755,654144,0.000000,0.000000
2004-02-02,2.754352,2.754352,2.754352,2.754352,0.999755,0,0.000000,0.000000
2004-02-03,2.777344,2.835588,2.514477,2.541300,0.922422,608983,0.000000,0.000000
2004-02-04,2.559693,2.642462,2.536702,2.611807,0.948015,602824,0.000000,0.000000
2004-02-05,2.621003,2.659322,2.560459,2.571955,0.933549,473527,0.000000,0.000000
2004-02-06,2.593413,2.643994,2.569656,2.591881,0.940782,499141,0.000000,0.000000
2004-02-09,2.624069,2.651658,2.583451,2.614106,0.948849,570516,0.000000,0.000000
2004-02-10,2.635564,2.746689,2.606442,2.652424,0.962757,693276,0.000000,0.000000
2004-02-11,2.719099,2.759717,2.690743,2.742090,0.995304,352868,0.000000,0.000000
2004-02-12,2.778110,2.788073,2.712968,2.732894,0.991966,575318,0.000000,0.000000
2004-02-13,2.706071,2.845551,2.700706,2.825625,1.025624,700192,0.000000,0.000000
2004-02-16,2.858579,2.887702,2.812597,2.848616,1.033969,567894,0.000000,0.000000
2004-02-17,2.903029,2.905328,2.798036,2.870075,1.041759,484958,0.000000,0.000000
2004-02-18,2.894599,2.935217,2.853215,2.868542,1.041203,423278,0.000000,0.000000
2004-02-19,2.880804,2.880804,2.729062,2.759717,1.001702,481043,0.000000,0.000000
2004-02-20,2.720632,2.794970,2.643994,2.742090,0.995304,475184,0.000000,0.000000
2004-02-23,2.781942,2.781942,2.674649,2.700706,0.980283,470174,0.000000,0.000000
2004-02-24,2.674649,2.912226,2.674649,2.791138,1.013107,474702,0.000000,0.000000
2004-02-25,2.818728,2.835588,2.743623,2.821027,1.023955,459422,0.000000,0.000000
2004-02-26,2.827924,2.903029,2.812597,2.838654,1.030354,475406,0.000000,0.000000
2004-02-27,2.881571,2.911459,2.835588,2.893833,1.050382,486706,0.000000,0.000000
2004-03-01,2.949778,2.965872,2.889234,2.935217,1.065404,499350,0.000000,0.000000
2004-03-02,2.935217,2.935217,2.935217,2.935217,1.065404,0,0.000000,0.000000
2004-03-03,3.063202,3.063202,2.928319,2.962040,1.075139,468151,0.000000,0.000000
2004-03-04,2.985798,3.004191,2.927553,2.936750,1.065960,398708,0.000000,0.000000
2004-03-05,2.965106,3.034846,2.946713,2.988097,1.084598,580394,0.000000,0.000000
2004-03-08,2.996527,3.050173,2.985031,3.015686,1.094612,515217,0.000000,0.000000
2004-03-09,3.027182,3.027182,2.951311,2.976601,1.080425,484553,0.000000,0.000000
2004-03-10,3.103819,3.103819,2.942881,2.956675,1.073192,439119,0.000000,0.000000
2004-03-11,2.912226,3.004191,2.906095,2.950544,1.070967,419559,0.000000,0.000000
2004-03-12,3.065501,3.065501,2.853215,2.970470,1.078200,458078,0.000000,0.000000
2004-03-15,3.065501,3.088492,2.950544,2.978134,1.080981,577262,0.000000,0.000000
2004-03-16,2.912226,2.973536,2.890001,2.929852,1.063456,442289,0.000000,0.000000
2004-03-17,2.927553,3.001892,2.921422,2.978900,1.081259,404932,0.000000,0.000000
2004-03-18,2.959741,2.973536,2.927553,2.927553,1.062622,369257,0.000000,0.000000
2004-03-19,2.973536,2.988863,2.912226,2.935217,1.065404,444912,0.000000,0.000000
2004-03-22,2.860878,2.926020,2.860878,2.902263,1.053442,412956,0.000000,0.000000
2004-03-23,2.896898,2.918357,2.866243,2.890001,1.048991,545581,0.000000,0.000000
2004-03-24,2.889234,2.930619,2.889234,2.917590,1.059005,483235,0.000000,0.000000
2004-03-25,2.912226,2.958208,2.912226,2.939049,1.066795,440593,0.000000,0.000000
2004-03-26,2.950544,2.996527,2.950544,2.981966,1.082372,405806,0.000000,0.000000
2004-03-29,2.967405,3.027182,2.965872,2.998826,1.088492,263252,0.000000,0.000000
2004-03-30,2.999592,3.065501,2.981199,3.040977,1.103791,178541,0.000000,0.000000
2004-03-31,3.011854,3.145970,3.006490,3.092324,1.122429,405976,0.000000,0.000000
2004-04-01,3.103819,3.188121,3.080828,3.164363,1.148577,287287,0.000000,0.000000
2004-04-02,3.172793,3.249431,3.130643,3.159765,1.146908,520228,0.000000,0.000000
2004-04-05,3.218776,3.287750,3.165129,3.222608,1.169719,728924,0.000000,0.000000
2004-04-06,3.257094,3.257094,3.162064,3.186588,1.156644,776225,0.000000,0.000000
2004-04-07,3.257094,3.283918,3.142138,3.158232,1.146352,821947,0.000000,0.000000
2004-04-08,3.126811,3.179691,3.073164,3.125278,1.134390,799856,0.000000,0.000000
2004-04-09,3.125278,3.125278,3.125278,3.125278,1.134390,0,0.000000,0.000000
2004-04-12,3.103819,3.172027,3.103819,3.149802,1.143292,768331,0.000000,0.000000
2004-04-13,3.127577,3.172793,3.106119,3.160531,1.147186,766321,0.000000,0.000000
2004-04-14,3.160531,3.160531,3.160531,3.160531,1.147186,0,0.000000,0.000000
2004-04-15,3.149802,3.180457,3.131409,3.148269,1.142735,937060,0.000000,0.000000
2004-04-16,3.180457,3.303077,3.180457,3.268590,1.186409,1040899,0.000000,0.000000
2004-04-19,3.448688,3.487007,3.296180,3.323769,1.206438,1082641,0.000000,0.000000
2004-04-20,3.342162,3.364387,3.295413,3.332199,1.209497,999301,0.000000,0.000000
2004-04-21,3.313040,3.359022,3.295413,3.316105,1.203655,982560,0.000000,0.000000
2004-04-22,3.303077,3.387378,3.303077,3.356723,1.218399,829032,0.000000,0.000000
2004-04-23,3.372051,3.406538,3.349060,3.366686,1.222015,1003751,0.000000,0.000000
2004-04-26,3.366686,3.366686,3.366686,3.366686,1.222015,0,0.000000,0.000000
2004-04-27,3.356723,3.356723,3.219542,3.229505,1.172222,649707,0.000000,0.000000
2004-04-28,3.257094,3.409603,3.180457,3.259394,1.183071,714049,0.000000,0.000000
2004-04-29,3.284684,3.333732,3.257861,3.286217,1.192807,635615,0.000000,0.000000
2004-04-30,3.295413,3.331433,3.257094,3.267057,1.185852,663173,0.000000,0.000000
2004-05-03,3.295413,3.310741,3.145970,3.260160,1.183349,636202,0.000000,0.000000
2004-05-04,3.372051,3.433361,3.318405,3.391210,1.230917,765577,0.000000,0.000000
2004-05-05,3.441025,3.532990,3.433361,3.479343,1.262906,824465,0.000000,0.000000
2004-05-06,3.601963,3.900850,3.540653,3.601963,1.307414,918388,0.000000,0.000000
2004-05-07,3.601963,3.601963,3.295413,3.561345,1.292671,852049,0.000000,0.000000
2004-05-10,3.509998,3.562878,3.487007,3.532223,1.282100,993925,0.000000,0.000000
2004-05-11,3.379715,3.486241,3.379715,3.463249,1.257065,515922,0.000000,0.000000
2004-05-12,3.372051,3.494671,3.372051,3.463249,1.257065,886993,0.000000,0.000000
2004-05-13,3.103819,3.563645,3.103819,3.504634,1.272087,689218,0.000000,0.000000
2004-05-14,3.410370,3.509998,3.280086,3.329134,1.208385,843581,0.000000,0.000000
2004-05-17,3.234103,3.234103,2.682313,2.892300,1.049826,94627,0.000000,0.000000
2004-05-18,3.027182,3.249431,2.988863,3.218009,1.168049,787499,0.000000,0.000000
2004-05-19,3.295413,3.447922,3.272422,3.396575,1.232864,780818,0.000000,0.000000
2004-05-20,3.444856,3.448688,3.318405,3.377415,1.225909,750963,0.000000,0.000000
2004-05-21,3.204215,3.447922,3.204215,3.414201,1.239262,763411,0.000000,0.000000
2004-05-24,3.456352,3.601963,3.441025,3.516896,1.276537,771906,0.000000,0.000000
2004-05-25,3.479343,3.678601,3.479343,3.607328,1.309361,1029104,0.000000,0.000000
2004-05-26,3.824212,3.824212,3.647946,3.708490,1.346080,946638,0.000000,0.000000
2004-05-27,3.716920,3.793557,3.655610,3.706957,1.345524,1053817,0.000000,0.000000
2004-05-28,3.709256,3.739911,3.640282,3.698527,1.342464,1079692,0.000000,0.000000
2004-05-31,3.601963,3.689330,3.487007,3.652544,1.325773,1082746,0.000000,0.000000
2004-06-01,3.687797,3.754472,3.687797,3.721518,1.350809,929570,0.000000,0.000000
2004-06-02,3.716920,3.828044,3.716920,3.803520,1.380574,1055605,0.000000,0.000000
2004-06-03,3.893186,3.908513,3.640282,3.749107,1.360823,1097047,0.000000,0.000000
2004-06-04,3.756005,3.831876,3.687797,3.778230,1.371394,1002459,0.000000,0.000000
2004-06-07,3.795090,3.877858,3.793557,3.860232,1.401159,1154695,0.000000,0.000000
2004-06-08,3.893186,3.946832,3.756771,3.803520,1.380574,974091,0.000000,0.000000
2004-06-09,3.824212,3.843372,3.794324,3.823446,1.387806,1025620,0.000000,0.000000
2004-06-10,3.808885,3.831876,3.801221,3.814249,1.384468,1007939,0.000000,0.000000
2004-06-11,3.801221,3.805053,3.747575,3.774398,1.370003,1018012,0.000000,0.000000
2004-06-14,3.724583,3.787426,3.678601,3.714621,1.348306,1011488,0.000000,0.000000
2004-06-15,3.652544,3.792791,3.652544,3.749107,1.360823,1027995,0.000000,0.000000
2004-06-16,3.759070,3.774398,3.680900,3.716920,1.349140,955289,0.000000,0.000000
2004-06-17,3.739911,3.776697,3.650245,3.744509,1.359154,1057641,0.000000,0.000000
2004-06-18,3.747575,3.747575,3.678601,3.728415,1.353313,979206,0.000000,0.000000
2004-06-21,3.709256,3.739911,3.678601,3.732247,1.354704,1012454,0.000000,0.000000
2004-06-22,3.664040,3.739911,3.664040,3.706190,1.345246,1096929,0.000000,0.000000
2004-06-23,3.683199,3.755238,3.655610,3.693928,1.340795,1017386,0.000000,0.000000
2004-06-24,3.716920,3.754472,3.642581,3.667872,1.331337,1006699,0.000000,0.000000
2004-06-25,3.693928,3.770566,3.665573,3.734546,1.355538,925264,0.000000,0.000000
2004-06-28,3.733014,3.824212,3.525326,3.760603,2.839000,1064830,1.938970,0.000000
2004-06-29,3.870195,3.870195,3.755238,3.812717,2.878343,1014842,0.000000,0.000000
2004-06-30,3.860998,3.862531,3.747575,3.793557,2.863878,983108,0.000000,0.000000
2004-07-01,3.824212,3.824212,3.755238,3.805053,2.872557,963705,0.000000,0.000000
2004-07-02,3.736079,3.870195,3.736079,3.803520,2.871399,934007,0.000000,0.000000
2004-07-05,3.893186,3.893186,3.764435,3.785893,2.858092,1009583,0.000000,0.000000
2004-07-06,3.808885,3.904682,3.780529,3.874027,2.924628,1061098,0.000000,0.000000
2004-07-07,3.908513,3.939169,3.850269,3.898551,2.943141,1009126,0.000000,0.000000
2004-07-08,3.908513,3.939169,3.824212,3.845671,2.903221,1001128,0.000000,0.000000
2004-07-09,3.540653,3.931505,3.540653,3.917710,2.957605,625985,0.000000,0.000000
2004-07-12,3.908513,3.981319,3.850269,3.908513,2.950662,659676,0.000000,0.000000
2004-07-13,3.969824,4.007376,3.916177,3.959861,2.989426,566824,0.000000,0.000000
2004-07-14,3.969824,4.000479,3.920009,3.982852,3.006783,679210,0.000000,0.000000
2004-07-15,4.008142,4.069452,3.956029,4.038797,3.049017,607783,0.000000,0.000000
2004-07-16,4.054125,4.307029,4.054125,4.273308,3.226058,811051,0.000000,0.000000
2004-07-19,4.276374,4.575260,4.253382,4.438079,3.350449,660224,0.000000,0.000000
2004-07-20,4.406657,4.496323,4.391330,4.467967,3.373012,648533,0.000000,0.000000
2004-07-21,4.513950,4.628906,4.483295,4.579858,3.457482,700596,0.000000,0.000000
2004-07-22,4.291701,5.088731,4.291701,4.996000,3.771641,903356,0.000000,0.000000
2004-07-23,5.119386,5.548557,5.119386,5.435133,4.103156,1255794,0.000000,0.000000
2004-07-26,5.533229,5.740150,5.442030,5.658148,4.271518,1069423,0.000000,0.000000
2004-07-27,5.625194,5.786133,5.288755,5.402179,4.078279,1402667,0.000000,0.000000
2004-07-28,5.441264,5.594539,5.120153,5.252736,3.965459,1289237,0.000000,0.000000
2004-07-29,5.364627,5.510238,5.215183,5.349299,4.038358,6672057,0.000000,0.000000
2004-07-30,5.402945,5.441264,5.307148,5.349299,4.038358,6074504,0.000000,0.000000
2004-08-02,5.441264,5.441264,5.211351,5.303317,4.003644,5003136,0.000000,0.000000
2004-08-03,5.341635,5.356963,5.180696,5.287989,3.992072,4684349,0.000000,0.000000
2004-08-04,5.249670,5.268830,5.173033,5.242007,3.957360,6602117,0.000000,0.000000
2004-08-05,5.211351,5.307148,5.173033,5.211351,3.934216,7600727,0.000000,0.000000
2004-08-06,5.284157,5.287989,5.096395,5.153873,3.890824,5004493,0.000000,0.000000
2004-08-09,5.211351,5.479583,4.885642,4.904801,3.702792,5859413,0.000000,0.000000
2004-08-10,5.050413,5.050413,4.835828,4.889474,3.691221,6889914,0.000000,0.000000
2004-08-11,4.789845,4.866483,4.717039,4.812836,3.633365,6848485,0.000000,0.000000
2004-08-12,4.770686,4.912465,4.751526,4.885642,3.688328,7741468,0.000000,0.000000
2004-08-13,4.958448,4.958448,4.774518,4.809004,3.630472,7885405,0.000000,0.000000
2004-08-16,4.885642,4.897138,4.766854,4.805173,3.627579,6805921,0.000000,0.000000
2004-08-17,4.866483,4.866483,4.789845,4.843491,3.656506,5963814,0.000000,0.000000
2004-08-18,4.828164,4.862651,4.789845,4.812836,3.633365,6335094,0.000000,0.000000
2004-08-19,4.812836,4.854987,4.789845,4.801341,3.624687,6042131,0.000000,0.000000
2004-08-20,4.713208,4.789845,4.713208,4.770686,3.601544,5111725,0.000000,0.000000
2004-08-23,4.981439,4.981439,4.674889,4.740031,3.578402,5361341,0.000000,0.000000
2004-08-24,4.820500,4.969943,4.682553,4.743863,3.581295,5521916,0.000000,0.000000
2004-08-25,4.640402,4.751526,4.640402,4.740031,3.578402,4645883,0.000000,0.000000
2004-08-26,4.732367,4.820500,4.674889,4.728535,3.569722,5390544,0.000000,0.000000
2004-08-27,4.770686,4.805173,4.694048,4.732367,3.572616,5114087,0.000000,0.000000
2004-08-30,4.889474,4.897138,4.728535,4.740031,3.578402,5438888,0.000000,0.000000
2004-08-31,4.904801,5.008262,4.759190,4.885642,3.688328,8729482,0.000000,0.000000
2004-09-01,4.973775,5.134714,4.736199,4.759190,3.592866,8163115,0.000000,0.000000
2004-09-02,4.812836,4.820500,4.694048,4.724703,3.566829,5585292,0.000000,0.000000
2004-09-03,4.770686,4.797509,4.713208,4.736199,3.575508,5204317,0.000000,0.000000
2004-09-06,4.778349,4.786013,4.720871,4.736199,3.575508,4714178,0.000000,0.000000
2004-09-07,4.747694,4.751526,4.682553,4.713208,3.558152,4644708,0.000000,0.000000
2004-09-08,4.751526,4.751526,4.720871,4.743863,3.581295,5545011,0.000000,0.000000
2004-09-09,4.743863,4.774518,4.682553,4.709376,3.555259,4682562,0.000000,0.000000
2004-09-10,4.747694,4.843491,4.713208,4.740031,3.578402,4917668,0.000000,0.000000
2004-09-13,4.828164,4.828164,4.648066,4.720871,3.563936,4537594,0.000000,0.000000
2004-09-14,4.747694,4.747694,4.678721,4.701712,3.549474,4520135,0.000000,0.000000
2004-09-15,4.713208,4.743863,4.617411,4.651898,3.511867,6017117,0.000000,0.000000
2004-09-16,4.636570,4.713208,4.605915,4.667225,3.523438,6357407,0.000000,0.000000
2004-09-17,4.709376,5.134714,4.609747,4.659561,3.517652,6057123,0.000000,0.000000
2004-09-20,4.828164,4.828164,4.636570,4.651898,3.511867,6923683,0.000000,0.000000
2004-09-21,4.824332,4.824332,4.540773,4.575260,3.454011,7179171,0.000000,0.000000
2004-09-22,4.674889,4.720871,4.559932,4.674889,3.529223,6183993,0.000000,0.000000
2004-09-23,4.720871,4.747694,4.609747,4.644234,3.506082,6576582,0.000000,0.000000
2004-09-24,4.732367,4.732367,4.605915,4.625074,3.491618,6199886,0.000000,0.000000
2004-09-27,4.671057,4.674889,4.602083,4.659561,3.517652,5888851,0.000000,0.000000
2004-09-28,4.690216,4.690216,4.628906,4.663393,3.520545,6203448,0.000000,0.000000
2004-09-29,4.709376,4.709376,4.621243,4.651898,3.511867,5510994,0.000000,0.000000
2004-09-30,4.659561,4.728535,4.644234,4.682553,3.535009,7129052,0.000000,0.000000
2004-10-01,4.751526,4.751526,4.640402,4.674889,3.529223,6868084,0.000000,0.000000
2004-10-04,4.728535,4.728535,4.655729,4.682553,3.535009,6955808,0.000000,0.000000
2004-10-05,4.751526,4.751526,4.659561,4.690216,3.540795,6487930,0.000000,0.000000
2004-10-06,4.701712,4.713208,4.659561,4.671057,3.526332,5796781,0.000000,0.000000
2004-10-07,4.674889,4.705544,4.659561,4.697880,3.546580,6818865,0.000000,0.000000
2004-10-08,4.713208,4.736199,4.640402,4.690216,3.540795,5788743,0.000000,0.000000
2004-10-11,4.782181,4.782181,4.671057,4.686384,3.537902,6136314,0.000000,0.000000
2004-10-12,4.751526,4.751526,4.674889,4.686384,3.537902,5360611,0.000000,0.000000
2004-10-14,4.640402,4.724703,4.640402,4.697880,3.546580,6256699,0.000000,0.000000
2004-10-15,4.602083,4.713208,4.226559,4.674889,3.529223,6050142,0.000000,0.000000
2004-10-18,4.598251,4.713208,4.598251,4.663393,3.520545,6601608,0.000000,0.000000
2004-10-19,4.632738,4.674889,4.617411,4.667225,3.523438,6983915,0.000000,0.000000
2004-10-20,4.686384,4.690216,4.640402,4.667225,3.523438,5870648,0.000000,0.000000
2004-10-21,4.640402,4.667225,4.609747,4.651898,3.511867,6502662,0.000000,0.000000
2004-10-22,4.651898,4.651898,4.651898,4.651898,3.511867,0,0.000000,0.000000
2004-10-25,4.674889,4.674889,4.582924,4.590588,3.465583,6729144,0.000000,0.000000
2004-10-26,4.613579,4.651898,4.579092,4.621243,3.488724,6652510,0.000000,0.000000
2004-10-27,4.667225,4.694048,4.575260,4.663393,3.520545,6052883,0.000000,0.000000
2004-10-28,4.713208,4.728535,4.636570,4.667225,3.523438,5485080,0.000000,0.000000
2004-10-29,4.559932,4.674889,4.552269,4.651898,3.511867,5217769,0.000000,0.000000
2004-11-01,4.751526,4.751526,4.452640,4.602083,3.474260,6630837,0.000000,0.000000
2004-11-02,4.628906,4.674889,4.609747,4.663393,3.520545,5980699,0.000000,0.000000
2004-11-03,4.728535,5.207520,4.648066,4.720871,3.563936,9275494,0.000000,0.000000
2004-11-04,4.751526,4.851155,4.636570,4.678721,3.532117,5623693,0.000000,0.000000
2004-11-05,4.732367,4.732367,4.598251,4.651898,3.511867,2653373,0.000000,0.000000
2004-11-08,4.694048,4.797509,4.644234,4.667225,3.523438,6924088,0.000000,0.000000
2004-11-09,4.740031,4.743863,4.636570,4.655729,3.514759,6927076,0.000000,0.000000
2004-11-10,4.709376,4.709376,4.628906,4.663393,3.520545,6328687,0.000000,0.000000
2004-11-11,4.682553,4.705544,4.598251,4.648066,3.508975,6751209,0.000000,0.000000
2004-11-12,4.705544,4.736199,4.682553,4.705544,3.552367,3495989,0.000000,0.000000
2004-11-15,4.705544,4.705544,4.705544,4.705544,3.552367,0,0.000000,0.000000
2004-11-16,4.797509,4.820500,4.621243,4.659561,3.517652,4060647,0.000000,0.000000
2004-11-17,4.690216,4.690216,4.529277,4.644234,3.506082,5017737,0.000000,0.000000
2004-11-18,4.667225,4.667225,4.559932,4.628906,3.494509,6258056,0.000000,0.000000
2004-11-19,4.659561,4.690216,4.617411,4.648066,3.508975,5177606,0.000000,0.000000
2004-11-22,4.605915,4.690216,4.598251,4.667225,3.523438,3635868,0.000000,0.000000
2004-11-23,4.747694,4.770686,4.636570,4.651898,3.511867,6032892,0.000000,0.000000
2004-11-24,4.720871,4.720871,4.621243,4.651898,3.511867,5775147,0.000000,0.000000
2004-11-25,4.786013,4.904801,4.559932,4.605915,3.477153,8830843,0.000000,0.000000
2004-11-26,4.605915,4.605915,4.605915,4.605915,3.477153,0,0.000000,0.000000
2004-11-29,4.709376,4.709376,4.602083,4.625074,3.491618,6736112,0.000000,0.000000
2004-11-30,4.713208,4.713208,4.605915,4.655729,3.514759,6169053,0.000000,0.000000
2004-12-01,4.705544,4.709376,4.605915,4.655729,3.514759,4958902,0.000000,0.000000
2004-12-02,4.705544,5.586875,4.636570,5.456592,4.119357,14677782,0.000000,0.000000
2004-12-03,5.747814,6.548676,5.671177,6.322596,4.773131,42236799,0.000000,0.000000
2004-12-06,6.422224,6.514189,5.908753,5.966231,4.504100,15181922,0.000000,0.000000
2004-12-07,6.027541,6.027541,5.675009,5.747814,4.339210,6084068,0.000000,0.000000
2004-12-08,5.709495,6.322596,5.709495,5.847443,4.414423,10092548,0.000000,0.000000
2004-12-09,5.977727,5.977727,5.644354,5.675009,4.284247,7950217,0.000000,0.000000
2004-12-10,5.724823,5.889594,5.594539,5.636690,4.255319,7471678,0.000000,0.000000
2004-12-13,5.709495,6.092683,5.659681,5.843611,4.411529,10515096,0.000000,0.000000
2004-12-14,5.924081,6.039037,5.770805,5.820620,4.394173,6560336,0.000000,0.000000
2004-12-15,5.901089,5.924081,5.644354,5.675009,4.284247,7770018,0.000000,0.000000
2004-12-16,5.736319,6.012214,5.640522,5.828284,4.399959,8382459,0.000000,0.000000
2004-12-17,5.632858,5.824452,5.632858,5.713327,4.313173,7392827,0.000000,0.000000
2004-12-20,5.671177,5.786133,5.671177,5.713327,4.313173,7159194,0.000000,0.000000
2004-12-21,5.517902,6.345587,5.517902,5.893426,4.449137,8906511,0.000000,0.000000
2004-12-22,5.947072,5.947072,5.720991,5.743982,4.336317,6617319,0.000000,0.000000
2004-12-23,5.801460,5.824452,5.732487,5.793797,4.373923,6062852,0.000000,0.000000
2004-12-24,5.824452,5.862770,5.755478,5.797629,4.376816,6392259,0.000000,0.000000
2004-12-27,5.901089,6.249790,5.893426,6.081187,4.590883,12678749,0.000000,0.000000
2004-12-28,6.069692,6.138666,5.912585,5.958567,4.498313,6929372,0.000000,0.000000
2004-12-29,6.016046,6.016046,5.774637,5.897257,4.452029,6870693,0.000000,0.000000
2004-12-30,5.993054,6.046701,5.786133,5.832115,4.402852,6750830,0.000000,0.000000
2004-12-31,5.893426,5.939408,5.832115,5.897257,4.452029,6415290,0.000000,0.000000
2005-01-03,5.962399,6.054364,5.901089,5.962399,4.501206,6912918,0.000000,0.000000
2005-01-04,6.042869,6.042869,5.862770,5.904921,4.457815,6690534,0.000000,0.000000
2005-01-05,5.560052,5.977727,5.517902,5.694168,4.298710,5784607,0.000000,0.000000
2005-01-06,5.671177,5.747814,5.368458,5.617530,4.240853,5775173,0.000000,0.000000
2005-01-07,5.594539,5.724823,5.517902,5.652017,4.266890,5288479,0.000000,0.000000
2005-01-10,5.671177,5.881930,5.671177,5.713327,4.313173,6021540,0.000000,0.000000
2005-01-11,5.747814,5.824452,5.487247,5.586875,4.217711,6122744,0.000000,0.000000
2005-01-12,5.678840,5.678840,5.364627,5.395282,4.073071,6250331,0.000000,0.000000
2005-01-13,5.494910,5.747814,5.441264,5.632858,4.252425,6377214,0.000000,0.000000
2005-01-14,5.709495,5.732487,5.441264,5.567716,4.203249,6429252,0.000000,0.000000
2005-01-17,5.617530,5.617530,5.441264,5.491078,4.145392,4999769,0.000000,0.000000
2005-01-18,5.583044,5.594539,5.502574,5.521733,4.168534,5499316,0.000000,0.000000
2005-01-19,5.517902,5.594539,5.452760,5.498742,4.151178,4992606,0.000000,0.000000
2005-01-20,5.498742,5.575380,5.410609,5.460423,4.122249,4883129,0.000000,0.000000
2005-01-24,5.441264,5.575380,5.402945,5.487247,4.142499,5093888,0.000000,0.000000
2005-01-25,5.556220,5.556220,5.414441,5.487247,4.142499,5965549,0.000000,0.000000
2005-01-27,5.537061,5.701832,5.483415,5.644354,4.261104,6038712,0.000000,0.000000
2005-01-28,5.705664,5.843611,5.671177,5.751646,4.342101,6726782,0.000000,0.000000
2005-01-31,5.839779,5.839779,5.709495,5.770805,4.356566,5722013,0.000000,0.000000
2005-02-01,5.770805,5.855107,5.644354,5.713327,4.313173,5651774,0.000000,0.000000
2005-02-02,5.793797,5.931744,5.747814,5.797629,4.376816,6969131,0.000000,0.000000
2005-02-03,5.878098,5.962399,5.793797,5.881930,4.440458,6491297,0.000000,0.000000
2005-02-04,6.046701,6.046701,5.805292,5.843611,4.411529,6046932,0.000000,0.000000
2005-02-07,5.843611,5.881930,5.690336,5.755478,4.344995,5595652,0.000000,0.000000
2005-02-08,5.755478,6.234463,5.671177,6.085019,4.593776,8207715,0.000000,0.000000
2005-02-09,6.142497,6.280445,6.023709,6.157825,4.648741,7477015,0.000000,0.000000
2005-02-10,6.226799,6.245958,5.993054,6.046701,4.564849,5474197,0.000000,0.000000
2005-02-11,6.073524,6.119506,5.901089,5.950904,4.492529,5004780,0.000000,0.000000
2005-02-14,6.042869,6.100347,5.939408,5.977727,4.512777,6199377,0.000000,0.000000
2005-02-15,5.962399,5.962399,5.786133,5.820620,4.394173,5629630,0.000000,0.000000
2005-02-16,5.862770,5.996886,5.824452,5.866602,4.428887,6543804,0.000000,0.000000
2005-02-17,5.372290,5.893426,5.372290,5.816788,4.391280,5437218,0.000000,0.000000
2005-02-18,5.893426,5.893426,5.717159,5.778469,4.362352,5703993,0.000000,0.000000
2005-02-21,5.625194,6.131002,5.625194,5.774637,4.359458,5627099,0.000000,0.000000
2005-02-22,5.893426,5.927912,5.747814,5.774637,4.359458,6129268,0.000000,0.000000
2005-02-23,5.824452,5.824452,5.701832,5.740150,4.333424,5516252,0.000000,0.000000
2005-02-24,5.747814,5.893426,5.720991,5.766974,4.353673,6505820,0.000000,0.000000
2005-02-25,5.824452,5.828284,5.732487,5.755478,4.344995,6583536,0.000000,0.000000
2005-02-28,5.839779,5.977727,5.835947,5.862770,4.425992,6428586,0.000000,0.000000
2005-03-01,5.958567,5.958567,5.690336,5.763142,4.350781,6111457,0.000000,0.000000
2005-03-02,5.786133,5.893426,5.732487,5.774637,4.359458,6566613,0.000000,0.000000
2005-03-03,5.901089,5.901089,5.786133,5.812956,4.388387,6681687,0.000000,0.000000
2005-03-04,5.931744,5.931744,5.747814,5.778469,4.362352,6959566,0.000000,0.000000
2005-03-07,5.977727,5.977727,5.747814,5.770805,4.356566,6646534,0.000000,0.000000
2005-03-08,5.847443,5.847443,5.709495,5.740150,4.333424,6484877,0.000000,0.000000
2005-03-09,5.766974,5.812956,5.640522,5.682672,4.290031,6766332,0.000000,0.000000
2005-03-10,5.698000,5.740150,5.602203,5.648185,4.263996,6632077,0.000000,0.000000
2005-03-11,5.747814,5.801460,5.556220,5.613699,4.237962,6608459,0.000000,0.000000
2005-03-14,5.652017,6.077356,5.648185,5.820620,4.394173,7023347,0.000000,0.000000
2005-03-15,5.893426,5.977727,5.690336,5.717159,4.316066,5240161,0.000000,0.000000
2005-03-16,5.364627,5.816788,5.364627,5.644354,4.261104,6289490,0.000000,0.000000
2005-03-17,5.521733,5.763142,5.521733,5.717159,4.316066,6476617,0.000000,0.000000
2005-03-18,5.778469,5.824452,5.372290,5.425937,4.096215,8015224,0.000000,0.000000
2005-03-21,5.506406,5.563884,5.471919,5.491078,4.145392,6407343,0.000000,0.000000
2005-03-22,5.364627,5.594539,5.023590,5.299485,4.000752,6635991,0.000000,0.000000
2005-03-23,5.211351,5.353131,5.004430,5.092563,3.844539,5808759,0.000000,0.000000
2005-03-24,5.249670,5.249670,4.713208,4.751526,3.587079,6468919,0.000000,0.000000
2005-03-28,4.958448,5.287989,4.839659,4.966111,3.749077,6565647,0.000000,0.000000
2005-03-29,5.019758,5.019758,4.567596,4.644234,3.506082,4843292,0.000000,0.000000
2005-03-30,4.740031,4.740031,4.483295,4.563764,3.445331,5397968,0.000000,0.000000
2005-03-31,4.582924,4.747694,4.521614,4.582924,3.459797,7262368,0.000000,0.000000
2005-04-01,4.674889,4.713208,4.579092,4.605915,3.477153,6150550,0.000000,0.000000
2005-04-04,4.671057,4.671057,4.567596,4.579092,3.456903,6285562,0.000000,0.000000
2005-04-05,4.628906,4.632738,4.529277,4.552269,3.436654,5927056,0.000000,0.000000
2005-04-06,4.617411,4.617411,4.138426,4.571428,3.451118,5815531,0.000000,0.000000
2005-04-07,4.483295,4.923961,4.483295,4.828164,3.644936,7717667,0.000000,0.000000
2005-04-08,4.912465,5.058076,4.908633,4.958448,3.743292,8030412,0.000000,0.000000
2005-04-11,4.958448,4.992935,4.751526,4.816668,3.636257,6310132,0.000000,0.000000
2005-04-12,4.881810,4.889474,4.805173,4.831996,3.647829,6187399,0.000000,0.000000
2005-04-13,4.828164,4.866483,4.801341,4.816668,3.636257,6281087,0.000000,0.000000
2005-04-15,4.809004,4.812836,4.667225,4.682553,3.535009,6244029,0.000000,0.000000
2005-04-18,4.521614,4.674889,4.521614,4.605915,3.477153,6109643,0.000000,0.000000
2005-04-19,4.705544,4.759190,4.521614,4.567596,3.448224,6216601,0.000000,0.000000
2005-04-20,4.671057,4.671057,4.567596,4.594419,3.468475,5897580,0.000000,0.000000
2005-04-21,4.598251,4.617411,4.563764,4.590588,3.465583,6395404,0.000000,0.000000
2005-04-22,4.674889,4.674889,4.559932,4.582924,3.459797,6626844,0.000000,0.000000
2005-04-25,4.636570,4.636570,4.540773,4.552269,3.436654,5716246,0.000000,0.000000
2005-04-26,4.594419,4.605915,4.529277,4.567596,3.448224,5729581,0.000000,0.000000
2005-04-27,4.636570,4.866483,4.571428,4.671057,3.526332,5867268,0.000000,0.000000
2005-04-28,4.671057,4.713208,4.559932,4.590588,3.465583,6194719,0.000000,0.000000
2005-04-29,4.590588,4.617411,4.529277,4.552269,3.436654,6021945,0.000000,0.000000
2005-05-02,4.536941,4.598251,4.521614,4.536941,3.425083,5798842,0.000000,0.000000
2005-05-03,4.582924,4.582924,4.536941,4.552269,3.436654,5726763,0.000000,0.000000
2005-05-04,4.559932,4.705544,4.529277,4.625074,3.491618,5784385,0.000000,0.000000
2005-05-05,4.632738,4.709376,4.632738,4.667225,3.523438,7065193,0.000000,0.000000
2005-05-06,4.674889,4.743863,4.613579,4.644234,3.506082,6306361,0.000000,0.000000
2005-05-09,4.674889,4.828164,4.674889,4.805173,3.627579,5852628,0.000000,0.000000
2005-05-10,4.858819,4.943120,4.789845,4.816668,3.636257,6024306,0.000000,0.000000
2005-05-11,4.866483,4.931625,4.789845,4.828164,3.644936,6395443,0.000000,0.000000
2005-05-12,4.847323,4.904801,4.636570,4.717039,3.561045,6026068,0.000000,0.000000
2005-05-13,4.717039,4.943120,4.648066,4.851155,3.662292,7966788,0.000000,0.000000
2005-05-16,4.912465,5.019758,4.889474,4.946952,3.734613,6990308,0.000000,0.000000
2005-05-17,4.981439,5.019758,4.759190,4.816668,3.636257,6949010,0.000000,0.000000
2005-05-18,4.835828,5.127050,4.766854,5.046581,3.809826,7352389,0.000000,0.000000
2005-05-19,5.115555,5.211351,4.962280,5.054245,3.815612,8831913,0.000000,0.000000
2005-05-20,5.058076,5.096395,4.981439,5.023590,3.792469,6347764,0.000000,0.000000
2005-05-23,5.038917,5.127050,4.996766,5.058076,3.818504,5794693,0.000000,0.000000
2005-05-24,5.073404,5.096395,4.943120,5.008262,3.780898,6013228,0.000000,0.000000
2005-05-25,5.042749,5.050413,4.943120,4.966111,3.749077,5354178,0.000000,0.000000
2005-05-26,4.912465,5.104059,4.889474,5.015926,3.786683,6654468,0.000000,0.000000
2005-05-27,5.073404,5.153873,4.893306,4.977607,3.757755,6081746,0.000000,0.000000
2005-05-30,5.019758,5.019758,4.847323,4.954616,3.740400,4715535,0.000000,0.000000
2005-05-31,4.904801,4.946952,4.885642,4.900970,3.699899,6140672,0.000000,0.000000
2005-06-01,5.012094,5.050413,4.927793,4.943120,3.731720,6136053,0.000000,0.000000
2005-06-02,5.058076,5.058076,4.851155,4.885642,3.688328,6421383,0.000000,0.000000
2005-06-03,4.854987,4.920129,4.843491,4.870314,3.676757,5210449,0.000000,0.000000
2005-06-06,4.981439,4.981439,4.870314,4.893306,3.694115,5455055,0.000000,0.000000
2005-06-07,4.943120,4.943120,4.870314,4.893306,3.694115,5405458,0.000000,0.000000
2005-06-08,4.981439,5.019758,4.904801,4.977607,3.757755,5795515,0.000000,0.000000
2005-06-09,5.058076,5.173033,4.981439,5.054245,3.815612,7339563,0.000000,0.000000
2005-06-10,5.107891,5.134714,5.038917,5.077236,3.832968,7050279,0.000000,0.000000
2005-06-13,5.096395,5.111723,4.981439,4.996766,3.772219,5447318,0.000000,0.000000
2005-06-14,4.985271,5.035085,4.943120,4.996766,3.772219,5802248,0.000000,0.000000
2005-06-15,5.035085,5.081068,4.950784,4.973775,3.754863,5908606,0.000000,0.000000
2005-06-16,5.000598,5.019758,4.835828,4.881810,3.685435,5919162,0.000000,0.000000
2005-06-17,4.966111,4.981439,4.759190,4.774518,3.604437,6150067,0.000000,0.000000
2005-06-20,4.874146,5.054245,4.828164,5.015926,3.786683,6535231,0.000000,0.000000
2005-06-21,4.981439,5.038917,4.854987,4.885642,3.688328,5992990,0.000000,0.000000
2005-06-22,4.828164,5.058076,4.828164,5.000598,3.775112,5989689,0.000000,0.000000
2005-06-23,4.881810,5.058076,4.881810,4.923961,3.717257,5796611,0.000000,0.000000
2005-06-24,4.885642,5.000598,4.828164,4.939288,3.728827,5741390,0.000000,0.000000
2005-06-27,4.973775,4.973775,4.866483,4.900970,3.699899,5470009,0.000000,0.000000
2005-06-28,4.923961,4.923961,4.789845,4.816668,3.636257,6006482,0.000000,0.000000
2005-06-29,4.828164,4.862651,4.751526,4.801341,3.624687,5897254,0.000000,0.000000
2005-06-30,4.981439,4.981439,4.770686,4.789845,3.616007,5504639,0.000000,0.000000
2005-07-01,4.889474,4.889474,4.736199,4.774518,3.604437,6498395,0.000000,0.000000
2005-07-04,4.839659,4.874146,4.763022,4.809004,3.630472,5874028,0.000000,0.000000
2005-07-05,4.801341,5.019758,4.801341,4.962280,3.746184,7381683,0.000000,0.000000
2005-07-06,4.981439,5.012094,4.931625,4.977607,3.757755,6449986,0.000000,0.000000
2005-07-07,4.989103,5.012094,4.751526,4.866483,3.673865,5723057,0.000000,0.000000
2005-07-08,4.889474,4.935456,4.835828,4.912465,3.708578,5565902,0.000000,0.000000
2005-07-11,4.981439,5.081068,4.866483,5.042749,3.806932,6522196,0.000000,0.000000
2005-07-12,4.946952,5.084900,4.931625,5.023590,3.792469,6713199,0.000000,0.000000
2005-07-13,5.058076,5.096395,5.000598,5.077236,3.832968,6228736,0.000000,0.000000
2005-07-14,5.127050,5.153873,5.023590,5.073404,3.830076,7012530,0.000000,0.000000
2005-07-15,5.096395,5.196024,5.000598,5.088731,3.841646,5941057,0.000000,0.000000
2005-07-18,5.096395,5.173033,5.035085,5.073404,3.830076,5409516,0.000000,0.000000
2005-07-19,5.157705,5.157705,4.996766,5.023590,3.792469,5601915,0.000000,0.000000
2005-07-20,5.127050,5.134714,5.042749,5.088731,3.841646,7147255,0.000000,0.000000
2005-07-21,5.058076,5.203688,5.023590,5.050413,3.812720,5787973,0.000000,0.000000
2005-07-22,5.107891,5.107891,4.985271,5.019758,3.789578,5962039,0.000000,0.000000
2005-07-25,5.069572,5.104059,4.981439,5.015926,3.786683,6593845,0.000000,0.000000
2005-07-26,4.912465,5.096395,4.759190,5.065740,3.824290,7599475,0.000000,0.000000
2005-07-27,5.035085,5.092563,4.996766,5.038917,3.804039,5346270,0.000000,0.000000
2005-07-28,9.247396,9.247396,9.247396,9.247396,6.981158,0,0.000000,0.000000
2005-07-29,4.985271,5.058076,4.908633,4.935456,3.725935,5201263,0.000000,0.000000
2005-08-01,4.920129,5.035085,4.828164,4.870314,3.676757,6348939,0.000000,0.000000
2005-08-02,4.904801,5.038917,4.866483,5.012094,3.783790,6547275,0.000000,0.000000
2005-08-03,5.058076,5.058076,4.981439,5.023590,3.792469,8560244,0.000000,0.000000
2005-08-04,5.031253,5.035085,4.950784,5.015926,3.786683,5860418,0.000000,0.000000
2005-08-05,5.031253,5.035085,4.943120,4.973775,3.905849,5893979,0.193897,0.000000
2005-08-08,5.004430,5.035085,4.923961,4.950784,3.887794,5715280,0.000000,0.000000
2005-08-09,4.935456,4.981439,4.877978,4.908633,3.854693,5836448,0.000000,0.000000
2005-08-10,4.923961,5.019758,4.923961,4.977607,3.908857,5746075,0.000000,0.000000
2005-08-11,5.035085,5.035085,4.943120,4.977607,3.908857,6050977,0.000000,0.000000
2005-08-12,4.985271,5.050413,4.943120,4.962280,3.896821,5693476,0.000000,0.000000
2005-08-16,4.946952,5.000598,4.916297,4.943120,3.881775,5971995,0.000000,0.000000
2005-08-17,4.966111,4.989103,4.923961,4.950784,3.887794,6336282,0.000000,0.000000
2005-08-18,4.977607,5.035085,4.943120,4.969943,3.902839,6209203,0.000000,0.000000
2005-08-19,4.981439,4.981439,4.923961,4.935456,3.875757,8299341,0.000000,0.000000
2005-08-22,4.943120,5.096395,4.931625,4.969943,3.902839,9967231,0.000000,0.000000
2005-08-23,5.038917,5.038917,4.839659,4.858819,3.815575,8839115,0.000000,0.000000
2005-08-24,4.981439,4.981439,4.789845,4.828164,3.791502,4888166,0.000000,0.000000
2005-08-25,4.904801,4.904801,4.755358,4.786013,3.758399,4506943,0.000000,0.000000
2005-08-26,4.893306,4.962280,4.828164,4.870314,3.824602,4815956,0.000000,0.000000
2005-08-29,4.828164,4.893306,4.782181,4.870314,3.824602,5146016,0.000000,0.000000
2005-08-30,4.900970,4.931625,4.858819,4.881810,3.833629,4813425,0.000000,0.000000
2005-08-31,4.881810,5.724823,4.881810,5.498742,4.318099,16179879,0.000000,0.000000
2005-09-01,5.537061,5.709495,5.349299,5.402945,4.242870,12353686,0.000000,0.000000
2005-09-02,5.372290,5.425937,5.196024,5.219015,4.098433,6716291,0.000000,0.000000
2005-09-05,5.249670,5.502574,5.230511,5.345467,4.197735,8556578,0.000000,0.000000
2005-09-06,5.402945,5.429768,5.176865,5.226679,4.104451,8912108,0.000000,0.000000
2005-09-08,5.264998,5.314812,5.180696,5.215183,4.095424,6475091,0.000000,0.000000
2005-09-09,5.372290,5.372290,5.157705,5.169201,4.059314,6611538,0.000000,0.000000
2005-09-12,5.173033,5.211351,5.127050,5.157705,4.050286,5658976,0.000000,0.000000
2005-09-13,5.203688,5.203688,5.134714,5.142378,4.038250,6041726,0.000000,0.000000
2005-09-14,5.203688,5.207520,4.981439,5.054245,3.969040,6400963,0.000000,0.000000
2005-09-15,5.127050,5.173033,5.050413,5.073404,3.984086,6016608,0.000000,0.000000
2005-09-16,5.104059,5.173033,5.061908,5.138546,4.035242,10546725,0.000000,0.000000
2005-09-19,5.173033,5.514070,5.173033,5.368458,4.215788,9981336,0.000000,0.000000
2005-09-20,5.387618,5.387618,5.203688,5.226679,4.104451,6296340,0.000000,0.000000
2005-09-21,5.058076,5.230511,4.943120,5.050413,3.966032,5837544,0.000000,0.000000
2005-09-22,5.050413,5.084900,4.751526,4.786013,3.758399,6862486,0.000000,0.000000
2005-09-23,4.824332,4.870314,4.724703,4.820500,3.785483,5961804,0.000000,0.000000
2005-09-26,4.847323,4.981439,4.843491,4.962280,3.896821,5597140,0.000000,0.000000
2005-09-27,4.966111,5.019758,4.904801,4.927793,3.869739,5795137,0.000000,0.000000
2005-09-28,4.954616,4.977607,4.920129,4.943120,3.881775,5922568,0.000000,0.000000
2005-09-29,4.954616,4.985271,4.866483,4.897138,3.845666,5942232,0.000000,0.000000
2005-09-30,4.916297,4.916297,4.770686,4.828164,3.791502,5595952,0.000000,0.000000
2005-10-03,4.939288,5.127050,4.828164,4.893306,3.842658,5893013,0.000000,0.000000
2005-10-04,4.939288,5.084900,4.904801,5.061908,3.975057,6739008,0.000000,0.000000
2005-10-05,5.058076,5.242007,4.981439,5.073404,3.984086,9093208,0.000000,0.000000
2005-10-06,5.012094,5.104059,4.973775,4.996766,3.923903,5608048,0.000000,0.000000
2005-10-07,4.989103,5.058076,4.943120,4.962280,3.896821,5575466,0.000000,0.000000
2005-10-10,5.019758,5.019758,4.893306,4.893306,3.842658,5528140,0.000000,0.000000
2005-10-11,4.835828,4.881810,4.809004,4.831996,3.794511,5790491,0.000000,0.000000
2005-10-13,4.877978,4.908633,4.793677,4.835828,3.797520,5860170,0.000000,0.000000
2005-10-14,4.866483,4.866483,4.720871,4.759190,3.737338,5726998,0.000000,0.000000
2005-10-17,4.789845,4.789845,4.674889,4.709376,3.698219,5479913,0.000000,0.000000
2005-10-18,4.728535,4.778349,4.678721,4.705544,3.695210,4686737,0.000000,0.000000
2005-10-19,4.724703,4.740031,4.598251,4.613579,3.622990,6599756,0.000000,0.000000
2005-10-20,4.789845,4.789845,4.467967,4.502454,3.535725,5359815,0.000000,0.000000
2005-10-21,4.521614,4.567596,4.391330,4.525446,3.553781,6481015,0.000000,0.000000
2005-10-24,4.525446,4.640402,4.502454,4.525446,3.553781,5828188,0.000000,0.000000
2005-10-25,4.525446,4.594419,4.448808,4.525446,3.553781,5263021,0.000000,0.000000
2005-10-26,4.540773,4.590588,4.521614,4.559932,3.580863,6063948,0.000000,0.000000
2005-10-27,4.552269,4.559932,4.444976,4.475631,3.514662,6273297,0.000000,0.000000
2005-10-28,4.441144,4.444976,4.345347,4.387498,3.445451,6053874,0.000000,0.000000
2005-10-31,4.291701,4.487127,4.291701,4.467967,3.508643,5200037,0.000000,0.000000
2005-11-02,4.487127,4.590588,4.479463,4.552269,3.574844,5544646,0.000000,0.000000
2005-11-04,4.552269,4.552269,4.552269,4.552269,3.574844,0,0.000000,0.000000
2005-11-07,4.575260,4.628906,4.556101,4.602083,3.613963,5490482,0.000000,0.000000
2005-11-08,4.613579,4.751526,4.613579,4.636570,3.641044,5754321,0.000000,0.000000
2005-11-09,4.605915,4.674889,4.552269,4.559932,3.580863,5310179,0.000000,0.000000
2005-11-10,4.598251,4.636570,4.529277,4.548437,3.571835,6069376,0.000000,0.000000
2005-11-11,4.586756,4.655729,4.571428,4.609747,3.619982,4855075,0.000000,0.000000
2005-11-14,4.782181,4.828164,4.602083,4.640402,3.644055,5972609,0.000000,0.000000
2005-11-16,4.674889,4.736199,4.636570,4.671057,3.668128,6643951,0.000000,0.000000
2005-11-17,4.667225,5.061908,4.644234,4.996766,3.923903,7729959,0.000000,0.000000
2005-11-18,5.027421,5.084900,4.874146,4.916297,3.860711,5685321,0.000000,0.000000
2005-11-21,4.916297,4.977607,4.843491,4.870314,3.824602,5855916,0.000000,0.000000
2005-11-22,4.828164,4.962280,4.774518,4.805173,3.773446,5647102,0.000000,0.000000
2005-11-23,4.740031,4.866483,4.740031,4.816668,3.782474,4794008,0.000000,0.000000
2005-11-24,4.866483,4.904801,4.763022,4.797509,3.767428,4643495,0.000000,0.000000
2005-11-25,4.789845,4.851155,4.778349,4.793677,3.764419,5136660,0.000000,0.000000
2005-11-28,4.866483,4.981439,4.809004,4.908633,3.854693,7207199,0.000000,0.000000
2005-11-29,4.973775,4.981439,4.866483,4.950784,3.887794,7222988,0.000000,0.000000
2005-11-30,4.981439,5.015926,4.782181,4.858819,3.815575,6306127,0.000000,0.000000
2005-12-01,4.763022,4.885642,4.763022,4.858819,3.815575,5682751,0.000000,0.000000
2005-12-02,4.920129,4.931625,4.782181,4.801341,3.770438,5110433,0.000000,0.000000
2005-12-05,4.866483,5.019758,4.835828,4.885642,3.836638,6370168,0.000000,0.000000
2005-12-06,4.962280,5.004430,4.920129,4.946952,3.884784,5752938,0.000000,0.000000
2005-12-07,4.981439,4.989103,4.866483,4.881810,3.833629,6047246,0.000000,0.000000
2005-12-08,4.943120,4.943120,4.828164,4.858819,3.815575,5899002,0.000000,0.000000
2005-12-09,4.889474,4.904801,4.839659,4.885642,3.836638,7976470,0.000000,0.000000
2005-12-12,4.935456,5.019758,4.847323,4.893306,3.842658,5832077,0.000000,0.000000
2005-12-13,4.839659,4.904801,4.835828,4.851155,3.809555,6841047,0.000000,0.000000
2005-12-14,4.939288,4.939288,4.816668,4.835828,3.797520,5281576,0.000000,0.000000
2005-12-15,4.828164,4.866483,4.759190,4.766854,3.743355,6176895,0.000000,0.000000
2005-12-16,4.824332,4.824332,4.751526,4.774518,3.749374,5182434,0.000000,0.000000
2005-12-19,4.816668,4.900970,4.774518,4.812836,3.779465,5391483,0.000000,0.000000
2005-12-20,4.828164,4.904801,4.793677,4.801341,3.770438,5257019,0.000000,0.000000
2005-12-21,4.839659,4.839659,4.667225,4.736199,3.719282,5039032,0.000000,0.000000
2005-12-22,4.816668,4.820500,4.690216,4.728535,3.713264,5054338,0.000000,0.000000
2005-12-23,4.782181,4.782181,4.640402,4.663393,3.662109,5551340,0.000000,0.000000
2005-12-26,4.694048,4.736199,4.556101,4.586756,3.601927,6174442,0.000000,0.000000
2005-12-27,4.563764,4.713208,4.540773,4.671057,3.668128,5287526,0.000000,0.000000
2005-12-28,4.690216,4.709376,4.598251,4.605915,3.616972,5983830,0.000000,0.000000
2005-12-29,4.659561,4.659561,4.582924,4.594419,3.607945,5530906,0.000000,0.000000
2005-12-30,4.598251,4.667225,4.475631,4.517782,3.547762,8939001,0.000000,0.000000
2006-01-02,4.567596,4.613579,4.536941,4.590588,3.604936,5917805,0.000000,0.000000
2006-01-03,4.667225,4.720871,4.602083,4.644234,3.647063,5338194,0.000000,0.000000
2006-01-04,4.694048,4.713208,4.659561,4.671057,3.668128,5437362,0.000000,0.000000
2006-01-05,4.690216,4.720871,4.621243,4.636570,3.641044,5470974,0.000000,0.000000
2006-01-06,4.655729,4.713208,4.602083,4.671057,3.668128,6430739,0.000000,0.000000
2006-01-09,4.609747,4.713208,4.609747,4.678721,3.674146,5132367,0.000000,0.000000
2006-01-10,4.736199,4.736199,4.617411,4.636570,3.641044,5358836,0.000000,0.000000
2006-01-12,4.640402,4.674889,4.613579,4.632738,3.638036,5806606,0.000000,0.000000
2006-01-13,4.632738,4.674889,4.582924,4.617411,3.626000,5819459,0.000000,0.000000
2006-01-16,4.655729,4.655729,4.579092,4.594419,3.607945,5569216,0.000000,0.000000
2006-01-17,4.613579,4.632738,4.525446,4.598251,3.610954,5911894,0.000000,0.000000
2006-01-18,4.582924,4.613579,4.533109,4.602083,3.613963,5150022,0.000000,0.000000
2006-01-19,4.659561,4.682553,4.598251,4.651898,3.653082,5640173,0.000000,0.000000
2006-01-20,4.694048,4.743863,4.605915,4.701712,3.692201,6867405,0.000000,0.000000
2006-01-23,4.617411,4.713208,4.613579,4.613579,3.622990,4905834,0.000000,0.000000
2006-01-24,4.659561,4.667225,4.621243,4.644234,3.647063,5484192,0.000000,0.000000
2006-01-25,4.444976,4.644234,4.444976,4.605915,3.616972,5683012,0.000000,0.000000
2006-01-27,4.598251,4.674889,4.582924,4.605915,3.616972,5342030,0.000000,0.000000
2006-01-30,4.671057,4.747694,4.598251,4.617411,3.626000,5219009,0.000000,0.000000
2006-01-31,4.617411,4.632738,4.598251,4.598251,3.610954,4075379,0.000000,0.000000
2006-02-01,4.598251,4.636570,4.540773,4.582924,3.598918,4695754,0.000000,0.000000
2006-02-02,4.556101,4.590588,4.437312,4.452640,3.496607,5348345,0.000000,0.000000
2006-02-03,4.475631,4.479463,4.395162,4.425817,3.475543,4803090,0.000000,0.000000
2006-02-06,4.383666,4.632738,4.383666,4.559932,3.580863,4951621,0.000000,0.000000
2006-02-07,4.590588,4.625074,4.467967,4.487127,3.523688,5554276,0.000000,0.000000
2006-02-08,4.444976,4.460304,4.398994,4.421985,3.472534,5446130,0.000000,0.000000
2006-02-10,4.467967,4.628906,4.406657,4.425817,3.475543,5557864,0.000000,0.000000
2006-02-13,4.460304,4.487127,4.414321,4.448808,3.493598,5970299,0.000000,0.000000
2006-02-14,4.521614,4.521614,4.421985,4.441144,3.487579,4939224,0.000000,0.000000
2006-02-15,4.479463,4.490959,4.421985,4.441144,3.487579,5245745,0.000000,0.000000
2006-02-16,4.479463,4.904801,4.425817,4.594419,3.607945,6314451,0.000000,0.000000
2006-02-17,4.594419,4.728535,4.425817,4.444976,3.490589,5588971,0.000000,0.000000
2006-02-20,4.448808,4.467967,4.376002,4.406657,3.460496,5879130,0.000000,0.000000
2006-02-21,4.444976,4.517782,4.410489,4.437312,3.484570,7329868,0.000000,0.000000
2006-02-22,4.429649,4.563764,4.425817,4.448808,3.493598,6599990,0.000000,0.000000
2006-02-23,4.448808,4.498622,4.379834,4.402826,3.457488,5886306,0.000000,0.000000
2006-02-24,4.425817,4.448808,4.368339,4.402826,3.457488,7173704,0.000000,0.000000
2006-02-27,4.418153,4.513950,4.398994,4.410489,3.463506,5419681,0.000000,0.000000
2006-02-28,4.471799,4.521614,4.372171,4.414321,3.466515,5649425,0.000000,0.000000
2006-03-01,4.376002,4.598251,4.376002,4.433481,3.481561,6270883,0.000000,0.000000
2006-03-02,4.444976,4.483295,4.391330,4.421985,3.472534,8071854,0.000000,0.000000
2006-03-03,4.460304,4.483295,4.372171,4.395162,3.451470,6005530,0.000000,0.000000
2006-03-06,4.483295,4.487127,4.345347,4.372171,3.433415,5735388,0.000000,0.000000
2006-03-07,4.414321,4.414321,4.215064,4.314692,3.388278,5491761,0.000000,0.000000
2006-03-08,4.364507,4.444976,4.303197,4.337684,3.406334,7767865,0.000000,0.000000
2006-03-09,4.395162,4.395162,4.253382,4.360675,3.424387,7031894,0.000000,0.000000
2006-03-10,4.310861,4.398994,4.307029,4.326188,3.397305,5175153,0.000000,0.000000
2006-03-13,4.330020,4.387498,4.295533,4.310861,3.385269,7155802,0.000000,0.000000
2006-03-14,4.307029,4.333852,4.261046,4.295533,3.373233,5650899,0.000000,0.000000
2006-03-16,4.356843,4.360675,4.234223,4.272542,3.355179,7211101,0.000000,0.000000
2006-03-17,4.230391,4.291701,4.222727,4.272542,3.355179,6703217,0.000000,0.000000
2006-03-20,4.330020,4.598251,4.295533,4.314692,3.388278,5403123,0.000000,0.000000
2006-03-21,4.364507,4.368339,4.268710,4.272542,3.355179,5119071,0.000000,0.000000
2006-03-22,4.356843,4.356843,4.215064,4.230391,3.322077,4415878,0.000000,0.000000
2006-03-23,4.253382,4.291701,4.192072,4.234223,3.325087,4564773,0.000000,0.000000
2006-03-24,4.264878,4.444976,3.724583,4.414321,3.466515,7164518,0.000000,0.000000
2006-03-27,4.471799,4.621243,4.322356,4.567596,3.586880,6843383,0.000000,0.000000
2006-03-28,4.743863,4.743863,4.452640,4.479463,3.517672,4414195,0.000000,0.000000
2006-03-29,4.556101,4.751526,4.498622,4.548437,3.571835,4718641,0.000000,0.000000
2006-03-30,4.667225,4.713208,4.452640,4.502454,3.535725,4871908,0.000000,0.000000
2006-03-31,4.575260,4.705544,4.506286,4.586756,3.601927,4882555,0.000000,0.000000
2006-04-03,4.598251,4.996766,4.559932,4.923961,3.866730,6425442,0.000000,0.000000
2006-04-04,4.973775,5.058076,4.831996,4.889474,3.839648,6083155,0.000000,0.000000
2006-04-05,4.939288,4.939288,4.816668,4.881810,3.833629,4738735,0.000000,0.000000
2006-04-07,4.927793,4.973775,4.820500,4.912465,3.857703,7310935,0.000000,0.000000
2006-04-10,4.927793,4.931625,4.793677,4.831996,3.794511,4635927,0.000000,0.000000
2006-04-12,4.828164,4.851155,4.636570,4.682553,3.677154,4298481,0.000000,0.000000
2006-04-13,4.747694,4.747694,4.494791,4.544605,3.568825,4980118,0.000000,0.000000
2006-04-17,4.575260,4.697880,4.490959,4.613579,3.622990,4863805,0.000000,0.000000
2006-04-18,4.636570,4.713208,4.598251,4.678721,3.674146,7176118,0.000000,0.000000
2006-04-19,4.736199,4.782181,4.640402,4.648066,3.650073,8021879,0.000000,0.000000
2006-04-20,4.579092,4.697880,4.567596,4.659561,3.659099,6290390,0.000000,0.000000
2006-04-21,4.671057,4.694048,4.571428,4.609747,3.619982,5540105,0.000000,0.000000
2006-04-24,4.632738,4.674889,4.579092,4.590588,3.604936,6738956,0.000000,0.000000
2006-04-25,4.579092,4.674889,4.579092,4.598251,3.610954,4814651,0.000000,0.000000
2006-04-26,4.628906,4.674889,4.598251,4.640402,3.644055,6613391,0.000000,0.000000
2006-04-27,4.644234,4.674889,4.563764,4.613579,3.622990,4785096,0.000000,0.000000
2006-04-28,4.521614,4.598251,4.487127,4.579092,3.595908,4951973,0.000000,0.000000
2006-05-02,4.751526,5.583044,4.644234,5.583044,4.384301,5003410,0.000000,0.000000
2006-05-03,5.977727,6.701951,5.843611,6.701951,5.262966,23476043,0.000000,0.000000
2006-05-04,7.050652,8.043108,6.985510,8.043108,6.316160,39268658,0.000000,0.000000
2006-05-05,8.341995,8.847802,8.238534,8.847802,6.948078,44595957,0.000000,0.000000
2006-05-08,9.196503,9.732966,9.196503,9.595018,7.534856,27848314,0.000000,0.000000
2006-05-09,9.656328,10.219614,9.414920,9.717638,7.631149,39274856,0.000000,0.000000
2006-05-10,9.725302,10.690935,9.503053,10.690935,8.395470,23754040,0.000000,0.000000
2006-05-11,11.472638,11.760028,11.116273,11.760028,9.235015,27036858,0.000000,0.000000
2006-05-12,11.878817,12.350137,11.878817,12.350137,9.698420,7158972,0.000000,0.000000
2006-05-15,12.970901,12.970901,12.970901,12.970901,10.185899,3146878,0.000000,0.000000
2006-05-16,13.622320,13.622320,12.323314,13.526523,10.622224,50545170,0.000000,0.000000
2006-05-17,13.871392,14.204766,13.871392,14.204766,11.154839,3347119,0.000000,0.000000
2006-05-18,14.840857,14.917495,13.499700,14.530475,11.410612,32081096,0.000000,0.000000
2006-05-19,15.258532,15.258532,13.806250,13.925039,10.935174,23299381,0.000000,0.000000
2006-05-22,14.177942,14.622440,13.231469,13.231469,10.390520,2432241,0.000000,0.000000
2006-05-23,12.580050,12.645192,12.572386,12.572386,9.872949,2348575,0.000000,0.000000
2006-05-24,12.150880,12.775476,11.943958,11.943958,9.379452,19220648,0.000000,0.000000
2006-05-25,11.350018,11.572266,11.350018,11.392168,8.946139,6289216,0.000000,0.000000
2006-05-26,11.541611,11.963118,11.131601,11.963118,9.394500,2082491,0.000000,0.000000
2006-05-29,12.564722,12.564722,12.564722,12.564722,9.866930,520397,0.000000,0.000000
2006-05-30,13.193150,13.193150,13.193150,13.193150,10.360430,815710,0.000000,0.000000
2006-05-31,13.856065,13.856065,13.856065,13.856065,10.881008,2630760,0.000000,0.000000
2006-06-01,14.549634,14.549634,14.518979,14.549634,11.425660,5484232,0.000000,0.000000
2006-06-02,15.277691,15.277691,13.825410,14.147287,11.109700,24888289,0.000000,0.000000
2006-06-05,13.442222,14.078314,13.442222,13.442222,10.556022,2890803,0.000000,0.000000
2006-06-06,12.771644,12.771644,12.771644,12.771644,10.029425,614607,0.000000,0.000000
2006-06-07,12.135552,12.135552,12.135552,12.135552,9.529910,383193,0.000000,0.000000
2006-06-08,11.530116,11.530116,11.530116,11.530116,9.054470,37331,0.000000,0.000000
2006-06-09,10.955334,10.955334,10.955334,10.955334,8.603097,1002615,0.000000,0.000000
2006-06-12,10.407376,10.407376,10.407376,10.407376,8.172792,637011,0.000000,0.000000
2006-06-13,9.890073,9.890073,9.890073,9.890073,7.766561,353534,0.000000,0.000000
2006-06-14,9.395761,9.395761,9.395761,9.395761,7.378383,427988,0.000000,0.000000
2006-06-15,8.928272,8.928272,8.928272,8.928272,7.011271,594278,0.000000,0.000000
2006-06-16,8.514429,9.376601,8.483774,9.315291,7.315191,15173662,0.000000,0.000000
2006-06-19,9.782780,9.782780,9.579691,9.782780,7.682305,1608259,0.000000,0.000000
2006-06-20,9.993533,10.273260,9.503053,10.273260,8.067472,3805211,0.000000,0.000000
2006-06-21,10.499341,10.786732,10.499341,10.786732,8.470697,4247801,0.000000,0.000000
2006-06-22,11.296371,11.327026,10.250269,10.388217,8.157747,14230169,0.000000,0.000000
2006-06-23,10.269428,10.802059,9.870913,10.472518,8.223948,9154614,0.000000,0.000000
2006-06-26,10.652616,10.729254,10.089330,10.089330,7.923036,2689583,0.000000,0.000000
2006-06-27,9.656328,10.154472,9.587354,9.667824,7.592030,3936830,0.000000,0.000000
2006-06-28,9.495389,10.077835,9.188839,9.533708,7.486710,5427915,0.000000,0.000000
2006-06-29,9.916896,9.924560,9.426416,9.549036,7.498747,1595471,0.000000,0.000000
2006-06-30,9.886241,10.028020,9.591186,9.959046,7.820724,5256902,0.000000,0.000000
2006-07-03,10.031852,10.031852,9.464734,9.583523,7.525831,2659036,0.000000,0.000000
2006-07-04,9.786612,9.840258,9.411088,9.468566,7.435556,1767423,0.000000,0.000000
2006-07-05,9.537540,9.771284,9.345946,9.614178,7.549904,2564109,0.000000,0.000000
2006-07-06,9.533708,9.920728,9.292300,9.549036,7.498747,2023760,0.000000,0.000000
2006-07-07,9.725302,9.725302,9.196503,9.238654,7.255008,1487300,0.000000,0.000000
2006-07-10,9.579691,9.579691,8.901449,9.016405,7.080479,1758629,0.000000,0.000000
2006-07-11,9.265477,9.326787,8.985750,9.047060,7.104549,1967208,0.000000,0.000000
2006-07-12,8.736678,9.414920,8.675368,9.338282,7.333245,2859669,0.000000,0.000000
2006-07-13,9.349778,9.656328,9.093042,9.437911,7.411482,1545430,0.000000,0.000000
2006-07-14,9.426416,9.426416,9.142857,9.215662,7.236952,868843,0.000000,0.000000
2006-07-17,9.265477,9.265477,8.851634,8.901449,6.990205,792379,0.000000,0.000000
2006-07-18,8.889953,9.081547,8.583403,8.752005,6.872848,1521017,0.000000,0.000000
2006-07-19,8.889953,9.012573,8.315171,8.460783,6.644155,2207495,0.000000,0.000000
2006-07-20,8.617890,8.740510,8.353490,8.564243,6.725402,3080918,0.000000,0.000000
2006-07-21,8.510597,8.621722,8.138905,8.211711,6.448562,1789371,0.000000,0.000000
2006-07-24,8.161896,8.414800,7.771045,8.223206,6.633808,1832718,0.218134,0.000000
2006-07-25,8.575739,8.579571,7.931984,8.062268,6.503977,2758113,0.000000,0.000000
2006-07-26,8.046940,8.468446,7.667584,8.303676,6.698724,4583511,0.000000,0.000000
2006-07-27,8.430128,8.721350,8.353490,8.721350,7.035668,3810717,0.000000,0.000000
2006-07-28,9.043228,9.158184,8.755837,8.828643,7.122225,2835503,0.000000,0.000000
2006-07-31,9.188839,9.196503,8.782660,8.817147,7.112950,1297419,0.000000,0.000000
2006-08-01,8.591067,8.889953,8.522093,8.606394,6.942932,1040469,0.000000,0.000000
2006-08-02,8.660040,8.774997,8.353490,8.702191,7.020213,2502416,0.000000,0.000000
2006-08-03,8.863130,9.043228,8.702191,8.897617,7.177869,2087684,0.000000,0.000000
2006-08-04,8.928272,9.039396,8.774997,8.832475,7.125317,774046,0.000000,0.000000
2006-08-07,8.736678,8.843970,8.621722,8.771165,7.075855,944746,0.000000,0.000000
2006-08-08,8.740510,9.058555,8.334331,8.985750,7.248966,2186683,0.000000,0.000000
2006-08-09,8.889953,9.142857,8.889953,9.047060,7.298425,3165329,0.000000,0.000000
2006-08-10,9.173512,9.955215,9.062387,9.928391,8.009412,13249070,0.000000,0.000000
2006-08-11,10.039516,10.568315,9.962878,10.234942,8.256710,11752623,0.000000,0.000000
2006-08-14,10.346066,10.507005,10.257933,10.395880,8.386541,5605112,0.000000,0.000000
2006-08-16,10.499341,11.223566,10.346066,10.794396,8.708035,19307824,0.000000,0.000000
2006-08-17,10.913184,10.947671,10.257933,10.273260,8.287621,4562908,0.000000,0.000000
2006-08-18,10.422703,10.499341,9.763621,10.035684,8.095967,2758739,0.000000,0.000000
2006-08-21,10.165968,10.165968,9.694647,9.744461,7.861031,1891892,0.000000,0.000000
2006-08-22,9.744461,10.108490,9.514549,9.587354,7.734291,3804193,0.000000,0.000000
2006-08-23,9.732966,9.732966,9.349778,9.391929,7.576637,1884116,0.000000,0.000000
2006-08-24,9.311459,9.388097,9.043228,9.188839,7.412801,3296152,0.000000,0.000000
2006-08-25,9.349778,9.495389,9.047060,9.326787,7.524086,8741526,0.000000,0.000000
2006-08-28,9.426416,9.721470,9.426416,9.587354,7.734291,4560115,0.000000,0.000000
2006-08-29,9.721470,9.809603,9.518381,9.560531,7.712651,2338136,0.000000,0.000000
2006-08-30,9.560531,9.641001,9.196503,9.345946,7.539543,1421522,0.000000,0.000000
2006-08-31,9.572027,9.572027,9.127529,9.192671,7.415894,919980,0.000000,0.000000
2006-09-01,8.828643,9.426416,8.828643,9.150521,7.381890,4669148,0.000000,0.000000
2006-09-04,9.334451,9.610346,9.234822,9.610346,7.752841,9360361,0.000000,0.000000
2006-09-05,9.618009,10.093162,9.618009,9.859418,7.953770,9096352,0.000000,0.000000
2006-09-06,9.974374,10.338402,9.809603,9.978206,8.049598,5794406,0.000000,0.000000
2006-09-07,10.058675,10.058675,9.579691,9.755957,7.870306,5003423,0.000000,0.000000
2006-09-08,9.579691,9.989701,9.579691,9.844090,7.941404,4383713,0.000000,0.000000
2006-09-11,9.694647,9.886241,9.430247,9.541372,7.697196,2601584,0.000000,0.000000
2006-09-12,9.349778,9.499221,9.200335,9.422584,7.601367,2109501,0.000000,0.000000
2006-09-13,9.288468,9.844090,9.288468,9.602682,7.746655,2809798,0.000000,0.000000
2006-09-14,9.671656,9.886241,9.625673,9.667824,7.799206,2227407,0.000000,0.000000
2006-09-15,9.805771,9.805771,9.430247,9.549036,7.703380,1856897,0.000000,0.000000
2006-09-18,9.541372,9.786612,9.541372,9.625673,7.765204,2142031,0.000000,0.000000
2006-09-19,9.709974,9.920728,9.522213,9.587354,7.734291,5243527,0.000000,0.000000
2006-09-20,9.426416,9.579691,9.388097,9.503053,7.666283,1136897,0.000000,0.000000
2006-09-21,9.717638,9.886241,9.591186,9.744461,7.861031,3158830,0.000000,0.000000
2006-09-22,9.694647,9.809603,9.487726,9.529876,7.687921,954597,0.000000,0.000000
2006-09-25,9.510717,9.656328,9.464734,9.529876,7.687921,2131279,0.000000,0.000000
2006-09-26,9.564363,9.656328,9.503053,9.625673,7.765204,1626840,0.000000,0.000000
2006-09-27,9.503053,9.886241,9.503053,9.752125,7.867215,3297835,0.000000,0.000000
2006-09-28,9.778948,9.886241,9.694647,9.824931,7.925947,1700185,0.000000,0.000000
2006-09-29,9.886241,10.319243,9.732966,10.319243,8.324719,9359487,0.000000,0.000000
2006-10-03,10.683271,10.836546,10.154472,10.242605,8.262893,5932393,0.000000,0.000000
2006-10-04,10.292420,10.756077,10.116153,10.710094,8.640025,9651394,0.000000,0.000000
2006-10-05,10.959166,11.246557,10.767572,11.246557,9.072801,5976001,0.000000,0.000000
2006-10-06,11.679559,11.786852,10.821219,10.894024,8.788404,10625799,0.000000,0.000000
2006-10-09,10.959166,11.399832,10.392048,11.288708,9.106803,6280760,0.000000,0.000000
2006-10-10,11.418991,11.633576,10.526164,10.794396,8.708035,4531343,0.000000,0.000000
2006-10-11,11.035804,11.189079,10.660280,10.759909,8.680210,5342395,0.000000,0.000000
2006-10-12,10.844210,11.070291,10.748413,10.970662,8.850231,2510153,0.000000,0.000000
2006-10-13,11.074122,11.227398,10.805891,10.874865,8.772947,2542801,0.000000,0.000000
2006-10-16,10.997485,11.112441,10.733085,10.767572,8.686394,2432685,0.000000,0.000000
2006-10-17,10.805891,10.874865,10.514669,10.564483,8.522559,1701516,0.000000,0.000000
2006-10-18,10.560651,10.652616,10.357562,10.491677,8.463824,1129968,0.000000,0.000000
2006-10-19,10.575979,11.112441,10.422703,10.675607,8.612205,4016426,0.000000,0.000000
2006-10-20,10.725422,11.112441,10.629625,10.759909,8.680210,2387420,0.000000,0.000000
2006-10-23,10.828882,10.828882,10.464854,10.503173,8.473098,1209603,0.000000,0.000000
2006-10-26,10.384385,10.644952,10.349898,10.395880,8.386541,890255,0.000000,0.000000
2006-10-27,10.346066,11.074122,10.346066,10.836546,8.742036,4688238,0.000000,0.000000
2006-10-30,10.805891,10.951502,10.277092,10.495509,8.466917,2319672,0.000000,0.000000
2006-10-31,10.610465,10.913184,10.269428,10.361393,8.358722,2619408,0.000000,0.000000
2006-11-01,10.457190,10.595138,10.208118,10.277092,8.290713,1337125,0.000000,0.000000
2006-11-02,10.342234,10.652616,10.338402,10.552987,8.513284,3436645,0.000000,0.000000
2006-11-03,10.572147,10.652616,10.392048,10.472518,8.448368,1667016,0.000000,0.000000
2006-11-06,10.564483,11.453478,10.372889,11.189079,9.026431,13483537,0.000000,0.000000
2006-11-07,11.338522,11.794515,11.219734,11.311699,9.125350,9470073,0.000000,0.000000
2006-11-08,11.327026,11.418991,10.503173,10.813555,8.723489,4064757,0.000000,0.000000
2006-11-09,10.928511,11.648904,10.894024,11.396000,9.193357,6247461,0.000000,0.000000
2006-11-10,11.457310,11.832834,11.304035,11.637408,9.388107,9197778,0.000000,0.000000
2006-11-13,11.725541,11.955454,11.227398,11.396000,9.193357,7046377,0.000000,0.000000
2006-11-14,11.572266,11.679559,11.054963,11.219734,9.051161,5955176,0.000000,0.000000
2006-11-15,11.407496,11.495629,11.097114,11.215902,9.048068,2153879,0.000000,0.000000
2006-11-16,11.323194,12.338642,11.265716,12.311819,9.932165,36197017,0.000000,0.000000
2006-11-17,12.599209,13.181655,11.622081,11.951622,9.641589,35148784,0.000000,0.000000
2006-11-20,11.909472,11.909472,11.158424,11.537780,9.307734,8379863,0.000000,0.000000
2006-11-21,11.652736,12.599209,11.648904,12.292659,9.916708,12936220,0.000000,0.000000
2006-11-22,12.449766,13.212310,12.143216,12.806131,10.330935,21354459,0.000000,0.000000
2006-11-23,12.882768,14.089809,12.882768,14.089809,11.366500,20086164,0.000000,0.000000
2006-11-24,14.791043,15.499940,14.637768,15.499940,12.504081,17781823,0.000000,0.000000
2006-11-27,16.273979,16.273979,14.725901,15.538259,12.534991,50517260,0.000000,0.000000
2006-11-28,15.250868,16.093882,14.844689,15.825649,12.766832,34535468,0.000000,0.000000
2006-11-29,16.017242,16.618849,16.017242,16.618849,13.406723,18023493,0.000000,0.000000
2006-11-30,17.450365,17.450365,16.162853,16.392767,13.224339,16847124,0.000000,0.000000
2006-12-01,16.622681,17.120825,16.285475,16.469404,13.286163,12315467,0.000000,0.000000
2006-12-04,16.764460,17.013531,16.480900,16.599688,13.391265,7267940,0.000000,0.000000
2006-12-05,17.013531,17.431206,16.055561,16.155191,13.032681,12854850,0.000000,0.000000
2006-12-06,16.706982,16.963717,15.365824,16.963717,13.684933,107316559,0.000000,0.000000
2006-12-07,17.626631,17.814392,17.162973,17.814392,14.371190,9817357,0.000000,0.000000
2006-12-08,18.316368,18.707220,17.373728,18.044306,14.556664,26910222,0.000000,0.000000
2006-12-11,18.239731,18.948629,17.243444,18.695724,15.082178,24381018,0.000000,0.000000
2006-12-12,18.776194,19.236019,17.760748,17.760748,14.327912,19198400,0.000000,0.000000
2006-12-13,17.243444,18.538618,16.875584,17.982996,14.507204,18357546,0.000000,0.000000
2006-12-14,18.163094,18.653574,18.086456,18.212908,14.692679,8505937,0.000000,0.000000
2006-12-15,18.393007,18.576937,17.626631,17.833553,14.386647,8918541,0.000000,0.000000
2006-12-18,17.894863,18.347025,17.572985,18.170757,14.658678,6298037,0.000000,0.000000
2006-12-19,17.933182,18.163094,17.262604,17.316250,13.969329,5310648,0.000000,0.000000
2006-12-20,17.262604,17.699436,16.526882,16.890911,13.626202,5845921,0.000000,0.000000
2006-12-21,16.944557,17.687941,16.634174,17.021194,13.731302,4883625,0.000000,0.000000
2006-12-22,17.228115,17.389055,16.936893,17.025026,13.734393,2445720,0.000000,0.000000
2006-12-26,17.090170,17.626631,17.013531,17.320082,13.972422,2769008,0.000000,0.000000
2006-12-27,17.473356,18.186085,17.243444,18.186085,14.671041,8369189,0.000000,0.000000
2006-12-28,18.324034,18.599928,17.576817,17.710934,14.287729,6414846,0.000000,0.000000
2006-12-29,17.779905,18.063465,17.396719,17.488684,14.108434,2783349,0.000000,0.000000
2007-01-02,17.626631,18.028978,17.511675,17.760748,14.327912,2117578,0.000000,0.000000
2007-01-03,17.933182,18.117111,17.285595,17.653454,14.241360,3567325,0.000000,0.000000
2007-01-04,17.737757,17.875704,17.373728,17.423542,14.055886,2319803,0.000000,0.000000
2007-01-05,17.481020,18.239731,17.320082,18.074961,14.581395,7521602,0.000000,0.000000
2007-01-08,18.009819,18.239731,17.718596,17.848881,14.399014,4855140,0.000000,0.000000
2007-01-09,17.871872,18.040474,17.013531,17.212790,13.885865,3736681,0.000000,0.000000
2007-01-10,17.247274,17.247274,16.791283,16.871752,13.610744,2315275,0.000000,0.000000
2007-01-11,17.074841,17.320082,16.400431,17.086336,13.783851,3425462,0.000000,0.000000
2007-01-12,17.243444,17.473356,17.013531,17.254938,13.919869,3908685,0.000000,0.000000
2007-01-15,17.427374,17.435038,17.051849,17.354568,14.000242,2626428,0.000000,0.000000
2007-01-16,17.473356,17.473356,16.860256,17.067177,13.768400,3569791,0.000000,0.000000
2007-01-17,17.151480,17.921686,17.021194,17.557657,14.164075,11042788,0.000000,0.000000
2007-01-18,17.626631,18.009819,16.864088,17.412046,14.046610,5851532,0.000000,0.000000
2007-01-19,18.216740,18.216740,16.553705,17.040354,13.746759,3674074,0.000000,0.000000
2007-01-22,17.185965,17.473356,16.936893,17.059513,13.762215,2311452,0.000000,0.000000
2007-01-23,16.940725,17.162973,16.710814,16.810442,13.561287,2611696,0.000000,0.000000
2007-01-24,17.235781,17.235781,16.791283,16.883247,13.620017,1968578,0.000000,0.000000
2007-01-25,17.044186,17.281761,16.864088,17.055681,13.759126,2096701,0.000000,0.000000
2007-01-29,17.166805,17.772243,16.706982,16.967548,13.688024,6221664,0.000000,0.000000
2007-01-31,16.936893,17.818226,16.936893,17.661118,14.247540,10135347,0.000000,0.000000
2007-02-01,17.894863,18.527122,17.320082,18.193748,14.677220,8834248,0.000000,0.000000
2007-02-02,18.308704,18.768530,18.239731,18.366182,14.816328,7616529,0.000000,0.000000
2007-02-05,18.393007,18.469645,17.818226,18.370014,14.819423,4352436,0.000000,0.000000
2007-02-06,18.442822,19.289665,18.393007,19.274338,15.548954,14398976,0.000000,0.000000
2007-02-07,19.312656,19.596216,18.320202,18.442822,14.878157,8341905,0.000000,0.000000
2007-02-08,18.393007,18.753202,17.963837,18.186085,14.671041,4926163,0.000000,0.000000
2007-02-09,18.239731,18.239731,17.277929,17.285595,13.944595,5371493,0.000000,0.000000
2007-02-12,17.243444,17.320082,15.568914,16.093882,12.983222,8446671,0.000000,0.000000
2007-02-13,15.722189,16.975212,15.342833,16.473236,13.289253,6941703,0.000000,0.000000
2007-02-14,16.515387,17.818226,16.055561,17.481020,14.102253,10903391,0.000000,0.000000
2007-02-15,17.733925,17.929350,17.247274,17.381392,14.021881,10359728,0.000000,0.000000
2007-02-19,17.626631,17.626631,16.814274,16.994371,13.709666,8571440,0.000000,0.000000
2007-02-20,17.021194,17.159142,16.634174,16.718477,13.487096,3068379,0.000000,0.000000
2007-02-21,16.706982,16.936893,16.553705,16.618849,13.406723,2598217,0.000000,0.000000
2007-02-22,16.706982,16.821938,16.580528,16.706982,13.477822,2927469,0.000000,0.000000
2007-02-23,16.630342,16.783619,16.178183,16.327625,13.171789,2327906,0.000000,0.000000
2007-02-26,16.477068,16.477068,15.902287,16.404263,13.233614,2296746,0.000000,0.000000
2007-02-27,16.469404,16.592026,16.208838,16.266315,13.122331,2654613,0.000000,0.000000
2007-02-28,15.557418,16.208838,15.020955,16.132198,13.014135,3861345,0.000000,0.000000
2007-03-01,16.247156,16.400431,15.499940,16.021074,12.924487,6210025,0.000000,0.000000
2007-03-02,16.132198,16.208838,15.714525,15.798826,12.745196,3795751,0.000000,0.000000
2007-03-05,15.404143,15.519099,14.714405,14.844689,11.975477,2732564,0.000000,0.000000
2007-03-06,15.174230,16.090050,13.549515,14.296731,11.533428,12093187,0.000000,0.000000
2007-03-07,14.714405,14.844689,13.959525,14.273739,11.514879,3083985,0.000000,0.000000
2007-03-08,14.407855,14.971141,13.909711,14.798706,11.938380,4124297,0.000000,0.000000
2007-03-09,14.997964,14.997964,14.561130,14.756556,11.904378,1754897,0.000000,0.000000
2007-03-12,14.791043,15.308346,14.725901,15.074602,12.160951,3008839,0.000000,0.000000
2007-03-13,15.174230,15.250868,14.944318,15.212549,12.272236,4964982,0.000000,0.000000
2007-03-14,14.814034,14.944318,14.369536,14.722069,11.876557,2271498,0.000000,0.000000
2007-03-15,14.997964,15.231708,14.810202,14.860016,11.987843,5778800,0.000000,0.000000
2007-03-16,15.151239,15.151239,14.649263,14.852353,11.981658,3711641,0.000000,0.000000
2007-03-19,15.227877,15.227877,14.890671,15.055442,12.145495,3092336,0.000000,0.000000
2007-03-20,15.109088,15.404143,14.656927,14.883008,12.006390,4813777,0.000000,0.000000
2007-03-21,15.013292,15.231708,14.791043,15.143575,12.216595,5334070,0.000000,0.000000
2007-03-22,15.442462,15.710693,15.250868,15.557418,12.733872,4484069,0.218134,0.000000
2007-03-23,15.726021,15.994252,15.365824,15.825649,12.953420,3949996,0.000000,0.000000
2007-03-26,16.013411,16.074720,15.714525,15.752844,12.893829,3037297,0.000000,0.000000
2007-03-28,15.634055,15.940606,15.220213,15.381152,12.589596,5016536,0.000000,0.000000
2007-03-29,15.626392,15.959765,15.365824,15.890791,13.006741,1284605,0.000000,0.000000
2007-03-30,15.990420,16.151360,15.940606,16.097713,13.176107,2019702,0.000000,0.000000
2007-04-02,16.017242,16.017242,15.327505,15.695366,12.846784,917487,0.000000,0.000000
2007-04-03,15.710693,15.936774,15.634055,15.856304,12.978513,1461255,0.000000,0.000000
2007-04-04,15.952101,16.243324,15.749012,16.166685,13.232561,2406014,0.000000,0.000000
2007-04-05,16.477068,16.477068,16.093882,16.212669,13.270202,2625671,0.000000,0.000000
2007-04-09,16.400431,16.814274,16.327625,16.726139,13.690478,2067237,0.000000,0.000000
2007-04-10,16.783619,16.913902,16.599688,16.706982,13.674800,2832828,0.000000,0.000000
2007-04-11,16.706982,16.879416,16.630342,16.718477,13.684207,2563417,0.000000,0.000000
2007-04-12,15.710693,16.802778,15.710693,16.741468,13.703026,3081179,0.000000,0.000000
2007-04-13,16.860256,17.005867,16.706982,16.948389,13.872392,2746030,0.000000,0.000000
2007-04-16,17.205126,17.243444,16.898575,17.120825,14.013533,2467015,0.000000,0.000000
2007-04-17,17.243444,17.243444,16.477068,16.963717,13.884938,2286216,0.000000,0.000000
2007-04-18,17.205126,17.235781,16.921566,16.940725,13.866121,2550395,0.000000,0.000000
2007-04-19,16.898575,17.082504,16.553705,16.986708,13.903759,1509012,0.000000,0.000000
2007-04-20,17.166805,17.381392,16.952221,17.059513,13.963351,999836,0.000000,0.000000
2007-04-23,17.205126,17.220451,16.749132,17.005867,13.919442,1051195,0.000000,0.000000
2007-04-24,16.952221,17.549994,16.783619,17.063345,13.966485,2854645,0.000000,0.000000
2007-04-25,16.726139,17.396719,16.484732,17.327745,14.182898,5273669,0.000000,0.000000
2007-04-26,17.396719,17.818226,17.243444,17.396719,14.239358,5131846,0.000000,0.000000
2007-04-27,17.389055,17.415878,16.710814,16.864088,13.803393,1864269,0.000000,0.000000
2007-04-30,17.074841,17.094000,16.722307,17.082504,13.982168,1019878,0.000000,0.000000
2007-05-03,17.235781,17.320082,16.952221,17.055681,13.960211,1570849,0.000000,0.000000
2007-05-04,17.013531,17.028858,16.798946,16.940725,13.866121,1305065,0.000000,0.000000
2007-05-07,17.090170,17.166805,16.791283,17.025026,13.935119,717716,0.000000,0.000000
2007-05-08,17.082504,17.090170,16.749132,16.879416,13.815936,658189,0.000000,0.000000
2007-05-09,16.860256,17.082504,16.714645,16.998203,13.913169,665339,0.000000,0.000000
2007-05-10,16.956053,17.205126,16.825769,16.940725,13.866121,758675,0.000000,0.000000
2007-05-11,16.553705,16.936893,16.553705,16.848761,13.790847,1215983,0.000000,0.000000
2007-05-14,17.151480,17.327745,16.860256,17.166805,14.051168,577484,0.000000,0.000000
2007-05-15,17.396719,17.549994,17.113159,17.461861,14.292675,934659,0.000000,0.000000
2007-05-16,17.618967,17.703268,17.438869,17.561489,14.374223,949208,0.000000,0.000000
2007-05-17,17.856544,18.086456,17.710934,17.852713,14.612590,1584680,0.000000,0.000000
2007-05-18,17.779905,19.465933,17.779905,19.159382,15.682110,13303195,0.000000,0.000000
2007-05-21,19.301161,19.442942,17.864208,18.028978,14.756865,5482783,0.000000,0.000000
2007-05-22,18.224403,19.059753,17.481020,18.473476,15.120692,7385820,0.000000,0.000000
2007-05-23,18.484972,18.998444,18.067297,18.653574,15.268100,2754590,0.000000,0.000000
2007-05-24,18.415998,18.707220,17.779905,18.101784,14.816456,1327208,0.000000,0.000000
2007-05-25,17.825890,18.385344,17.626631,18.216740,14.910547,1443118,0.000000,0.000000
2007-05-28,18.408335,18.599928,17.626631,18.117111,14.829001,1934352,0.000000,0.000000
2007-05-29,16.308466,16.308466,16.308466,16.308466,13.348610,669815,0.000000,0.000000
2007-05-30,15.327505,16.860256,14.679918,16.526882,13.527387,13455274,0.000000,0.000000
2007-05-31,16.783619,18.182253,16.783619,17.998323,14.731771,4203058,0.000000,0.000000
2007-06-01,18.546282,19.082745,17.695604,18.270388,14.954457,4137685,0.000000,0.000000
2007-06-04,18.201412,18.393007,18.009819,18.117111,14.829001,1776557,0.000000,0.000000
2007-06-05,18.017483,18.393007,17.856544,18.293379,14.973278,1852577,0.000000,0.000000
2007-06-06,18.201412,18.393007,17.933182,18.086456,14.803913,1566960,0.000000,0.000000
2007-06-07,18.009819,18.232067,17.864208,18.086456,14.803913,943232,0.000000,0.000000
2007-06-08,17.933182,18.044306,17.703268,17.845049,14.606320,898580,0.000000,0.000000
2007-06-11,17.860376,18.320202,17.860376,18.078793,14.797639,1763117,0.000000,0.000000
2007-06-12,17.864208,18.163094,17.511675,18.013651,14.744321,1493419,0.000000,0.000000
2007-06-13,18.009819,18.009819,17.707102,17.829721,14.593774,277122,0.000000,0.000000
2007-06-14,17.967669,18.159262,17.818226,18.120943,14.832138,693433,0.000000,0.000000
2007-06-15,18.201412,18.297211,17.940845,18.021315,14.750591,1356163,0.000000,0.000000
2007-06-18,18.163094,18.393007,17.856544,18.159262,14.863503,1436437,0.000000,0.000000
2007-06-19,18.136271,18.393007,17.948509,18.320202,14.995234,1143956,0.000000,0.000000
2007-06-20,18.316368,19.312656,18.316368,18.734043,15.333965,1917415,0.000000,0.000000
2007-06-21,18.998444,19.082745,18.507963,18.726379,15.327695,1132330,0.000000,0.000000
2007-06-22,18.852833,19.006107,18.316368,18.580769,15.208506,592438,0.000000,0.000000
2007-06-25,18.622919,19.082745,18.324034,18.967789,15.525287,1312724,0.000000,0.000000
2007-06-26,19.159382,20.002396,18.929468,19.619207,16.058481,4364950,0.000000,0.000000
2007-06-27,19.458267,20.098192,19.239851,19.887438,16.278027,3770593,0.000000,0.000000
2007-06-28,19.783978,21.381870,19.783978,20.649982,16.902178,4371200,0.000000,0.000000
2007-06-29,20.649982,21.650103,20.649982,21.021673,17.206408,3328812,0.000000,0.000000
2007-07-02,21.151958,21.535145,20.653814,20.745779,16.980585,1691338,0.000000,0.000000
2007-07-03,20.845407,21.305233,20.538857,21.205605,17.356958,1161676,0.000000,0.000000
2007-07-04,21.305233,21.535145,21.010178,21.316729,17.447916,1706748,0.000000,0.000000
2007-07-05,21.381870,22.102262,20.692133,20.910549,17.115452,2981594,0.000000,0.000000
2007-07-06,21.037001,21.412525,20.542688,20.711292,16.952362,1327678,0.000000,0.000000
2007-07-09,20.615496,21.228596,20.615496,21.148127,17.309912,829593,0.000000,0.000000
2007-07-10,21.151958,21.420189,20.845407,21.274578,17.413418,750154,0.000000,0.000000
2007-07-11,21.075319,21.834032,20.887558,21.546640,17.636099,1166295,0.000000,0.000000
2007-07-12,21.611782,22.830318,21.228596,22.627230,18.520567,3908189,0.000000,0.000000
2007-07-13,22.972099,24.133158,22.692371,23.822777,19.499136,8536522,0.000000,0.000000
2007-07-16,23.834270,24.815231,23.834270,24.140821,19.759462,3212903,0.000000,0.000000
2007-07-17,24.217459,24.355406,23.612022,23.841934,19.514811,2318746,0.000000,0.000000
2007-07-18,23.757633,24.064184,23.531553,23.861094,19.530499,811312,0.000000,0.000000
2007-07-19,23.757633,24.508680,23.757633,24.416716,19.985279,1529981,0.000000,0.000000
2007-07-20,24.830559,24.976170,24.148485,24.581488,20.120144,1054013,0.000000,0.000000
2007-07-23,24.677284,24.677284,23.680996,24.435877,20.000963,1062964,0.000000,0.000000
2007-07-24,24.370733,25.252066,24.225122,25.056641,20.509064,1707896,0.000000,0.000000
2007-07-25,24.029697,25.435995,24.029697,25.048977,20.502792,1153481,0.000000,0.000000
2007-07-26,25.133278,25.290384,24.677284,25.006824,20.468290,1361826,0.000000,0.000000
2007-07-27,24.294096,24.524010,23.374447,23.600527,19.317221,1516828,0.000000,0.000000
2007-07-30,23.910910,24.332415,23.604359,24.190636,19.800230,1202309,0.000000,0.000000
2007-07-31,24.485689,25.596933,24.485689,25.424500,20.810158,1885681,0.000000,0.000000
2007-08-01,24.757753,25.213747,23.964556,24.079512,19.709276,1950428,0.000000,0.000000
2007-08-02,24.332415,24.976170,23.987547,24.592983,20.129557,1215970,0.000000,0.000000
2007-08-03,24.891869,26.639206,24.857382,26.175549,21.424894,3382963,0.000000,0.000000
2007-08-06,25.290384,26.823135,24.907198,26.574062,21.751083,2182129,0.000000,0.000000
2007-08-07,26.746496,27.382589,26.608549,26.876781,21.998865,1522191,0.000000,0.000000
2007-08-08,26.976410,27.512873,26.976410,27.436235,22.456783,2159777,0.000000,0.000000
2007-08-09,27.738953,28.352053,26.669861,26.815472,21.948679,1606445,0.000000,0.000000
2007-08-10,25.757874,26.662195,24.217459,26.401628,21.609949,1078388,0.000000,0.000000
2007-08-13,26.823135,27.436235,26.298168,26.436115,21.638174,452441,0.000000,0.000000
2007-08-14,26.895941,27.129684,26.554903,26.754162,21.898500,655057,0.000000,0.000000
2007-08-16,26.056759,26.669861,24.907198,25.719555,21.051662,1002902,0.000000,0.000000
2007-08-17,26.439947,26.439947,24.140821,25.091127,20.537291,1590004,0.000000,0.000000
2007-08-20,25.290384,26.439947,25.290384,25.458986,20.838388,2446999,0.000000,0.000000
2007-08-21,25.941803,25.980122,25.520296,25.566278,20.926208,3806777,0.000000,0.000000
2007-08-22,25.826847,26.026104,25.290384,25.623756,20.973251,6029434,0.000000,0.000000
2007-08-23,26.003113,26.056759,24.531673,25.240570,20.659609,2559959,0.000000,0.000000
2007-08-24,25.290384,25.903484,24.945515,25.842175,21.152031,4335930,0.000000,0.000000
2007-08-27,26.248352,26.324991,25.750210,25.842175,21.152031,6945017,0.000000,0.000000
2007-08-28,25.980122,26.056759,25.673573,25.999281,21.280622,5554380,0.000000,0.000000
2007-08-29,25.374685,25.903484,25.367022,25.738714,21.067347,5680624,0.000000,0.000000
2007-08-30,25.750210,26.056759,25.367022,25.527962,20.894842,5272234,0.000000,0.000000
2007-08-31,25.650581,26.508921,25.520296,26.217697,21.459394,6776810,0.000000,0.000000
2007-09-03,27.436235,29.888636,26.370974,29.321518,23.999897,14519218,0.000000,0.000000
2007-09-04,29.582087,29.582087,27.597174,27.738953,22.704557,8823340,0.000000,0.000000
2007-09-05,27.972698,28.049335,26.834629,26.949587,22.058460,3558073,0.000000,0.000000
2007-09-06,26.133396,27.551191,26.133396,27.145012,22.218409,3117154,0.000000,0.000000
2007-09-07,27.505209,28.279247,27.206322,27.558855,22.557142,2245883,0.000000,0.000000
2007-09-10,27.137348,28.279247,26.907436,28.156628,23.046429,1813706,0.000000,0.000000
2007-09-11,28.271584,28.968987,27.838581,27.922882,22.855108,3363221,0.000000,0.000000
2007-09-12,28.279247,28.279247,27.282961,27.501377,22.510099,2487267,0.000000,0.000000
2007-09-13,27.589510,29.605078,27.589510,29.294695,23.977945,6392899,0.000000,0.000000
2007-09-14,29.505447,31.191475,29.505447,30.053408,24.598957,11226771,0.000000,0.000000
2007-09-17,30.501736,31.950186,30.367620,31.544006,25.819023,7182786,0.000000,0.000000
2007-09-18,31.881212,36.172913,31.804573,35.368217,28.949173,20130659,0.000000,0.000000
2007-09-19,35.253262,36.786015,35.253262,35.724583,29.240856,9858290,0.000000,0.000000
2007-09-20,35.973656,37.475750,35.636452,36.161419,29.598413,4857502,0.000000,0.000000
2007-09-21,36.540775,37.245838,35.483177,36.644234,29.993599,5945833,0.000000,0.000000
2007-09-24,36.939289,38.694286,36.786015,38.403065,31.433220,4109461,0.000000,0.000000
2007-09-25,38.311100,39.161777,37.563885,38.073524,31.163486,3278054,0.000000,0.000000
2007-09-26,38.621483,39.085140,37.552387,37.755478,30.903156,3084559,0.000000,0.000000
2007-09-27,37.786133,38.579330,37.019756,37.809124,30.947073,1947531,0.000000,0.000000
2007-09-28,38.318764,44.748653,37.927914,42.637287,34.898960,16148876,0.000000,0.000000
2007-10-01,43.484135,48.971382,43.300205,47.147408,38.590530,25467313,0.000000,0.000000
2007-10-03,48.277809,51.864449,47.745178,49.580650,40.582157,16369630,0.000000,0.000000
2007-10-04,49.822056,51.301163,48.683990,49.389053,40.425339,10384820,0.000000,0.000000
2007-10-05,49.814396,54.328342,49.814396,53.883846,44.104362,18241911,0.000000,0.000000
2007-10-08,55.255657,57.324871,49.124657,49.764580,40.732712,19432541,0.000000,0.000000
2007-10-09,50.197582,54.742188,48.128368,54.742188,44.806919,11137128,0.000000,0.000000
2007-10-10,56.424381,59.700634,55.408932,56.991497,46.648003,13914997,0.000000,0.000000
2007-10-11,57.478146,58.780987,53.515987,57.056641,46.701321,4464796,0.000000,0.000000
2007-10-12,57.179260,57.179260,53.416355,54.286194,44.433693,5318595,0.000000,0.000000
2007-10-15,57.861336,57.861336,55.179020,56.294098,46.077175,4754680,0.000000,0.000000
2007-10-16,57.094959,57.167767,54.588913,54.952942,44.979427,3840938,0.000000,0.000000
2007-10-17,49.737755,54.014130,49.661118,53.270744,43.602543,3960226,0.000000,0.000000
2007-10-18,54.412643,55.945396,49.814396,50.871990,41.639133,3835183,0.000000,0.000000
2007-10-19,48.281643,51.347145,46.365704,47.070770,38.527813,3078739,0.000000,0.000000
2007-10-22,44.852116,51.780148,43.763863,51.515747,42.166054,4581436,0.000000,0.000000
2007-10-23,53.370377,56.669621,53.186443,56.669621,46.384537,6989917,0.000000,0.000000
2007-10-24,59.348103,61.310024,56.424381,57.876663,47.372509,7116487,0.000000,0.000000
2007-10-25,59.348103,61.080109,58.236858,60.355885,49.401783,7389943,0.000000,0.000000
2007-10-26,61.294697,65.141899,60.160461,64.360199,52.679348,9015295,0.000000,0.000000
2007-10-29,65.908272,66.663155,64.758713,65.107414,53.290939,5816849,0.000000,0.000000
2007-10-30,65.885284,65.885284,61.854149,62.490242,51.148766,6069715,0.000000,0.000000
2007-10-31,62.842773,62.842773,59.800262,60.984314,49.916145,4230303,0.000000,0.000000
2007-11-01,62.076397,64.034485,62.076397,63.306431,51.816818,8944860,0.000000,0.000000
2007-11-02,61.482456,62.689499,60.198780,60.877022,49.828335,4724095,0.000000,0.000000
2007-11-05,61.310024,62.072567,58.704346,61.126095,50.032207,5695956,0.000000,0.000000
2007-11-06,61.310024,62.076397,60.160461,61.068615,49.985149,3321075,0.000000,0.000000
2007-11-07,61.156750,63.532513,60.160461,61.321518,50.192162,3905958,0.000000,0.000000
2007-11-08,60.160461,63.141659,59.853909,61.398155,50.254887,2863283,0.000000,0.000000
2007-11-12,59.164173,60.329063,58.344151,59.938210,49.059910,1988829,0.000000,0.000000
2007-11-13,60.160461,62.053406,59.091366,61.700874,50.502659,1713899,0.000000,0.000000
2007-11-14,62.459587,64.789368,61.769848,64.789368,53.030624,5393819,0.000000,0.000000
2007-11-15,66.598015,67.414200,63.609150,64.505806,52.798523,2005975,0.000000,0.000000
2007-11-16,63.302601,66.674652,63.225960,63.789246,52.212017,1202113,0.000000,0.000000
2007-11-19,65.115074,66.981201,64.375526,66.981201,54.824657,3568799,0.000000,0.000000
2007-11-20,66.590347,67.364388,65.509758,66.214828,54.197369,1547805,0.000000,0.000000
2007-11-21,66.521378,66.521378,63.271942,63.620644,52.074009,1312972,0.000000,0.000000
2007-11-22,63.225960,64.298889,61.310024,63.532513,52.001881,1889739,0.000000,0.000000
2007-11-23,62.336967,65.456116,62.336967,65.065262,53.256447,6686671,0.000000,0.000000
2007-11-26,67.797394,67.797394,65.387138,66.115196,54.115818,2844350,0.000000,0.000000
2007-11-27,66.291466,66.291466,62.812119,62.812119,51.412220,1968330,0.000000,0.000000
2007-11-28,62.842773,62.842773,59.673813,59.961201,49.078735,4691200,0.000000,0.000000
2007-11-29,60.237099,61.156750,60.160461,60.574303,49.580555,2116756,0.000000,0.000000
2007-11-30,61.616573,61.616573,60.083824,61.233383,50.120014,1857458,0.000000,0.000000
2007-12-03,62.053406,62.750809,59.010899,61.057117,49.975739,3281421,0.000000,0.000000
2007-12-04,61.846485,62.076397,60.179619,60.639446,49.633873,1934939,0.000000,0.000000
2007-12-05,61.539936,62.076397,60.696922,61.455635,50.301937,3587785,0.000000,0.000000
2007-12-06,61.999760,63.609150,60.930668,61.321518,50.192162,3349364,0.000000,0.000000
2007-12-07,61.386662,62.996048,59.470722,61.060951,49.978889,2419402,0.000000,0.000000
2007-12-10,61.455635,62.298649,59.853909,60.880852,49.831474,3127488,0.000000,0.000000
2007-12-11,61.310024,63.927197,61.003471,63.911865,52.312374,6137032,0.000000,0.000000
2007-12-12,62.084061,67.107651,62.084061,66.946716,54.796429,5023348,0.000000,0.000000
2007-12-13,67.594299,70.295776,65.141899,70.295776,57.537651,8057971,0.000000,0.000000
2007-12-14,72.376480,72.805649,66.781944,69.759308,57.098545,6867066,0.000000,0.000000
2007-12-17,70.353249,72.652374,67.441025,69.349297,56.762959,4659362,0.000000,0.000000
2007-12-18,65.915939,69.663513,65.881454,67.065498,54.893646,5869395,0.000000,0.000000
2007-12-19,68.437309,69.510239,66.689980,68.536942,56.098034,2644135,0.000000,0.000000
2007-12-20,69.356964,69.356964,67.824211,69.008263,56.483795,513925,0.000000,0.000000
2007-12-24,72.115913,72.460785,72.115913,72.460785,59.309738,695703,0.000000,0.000000
2007-12-26,76.024429,76.085739,74.529999,76.085739,62.276791,2004174,0.000000,0.000000
2007-12-27,79.580406,79.890793,73.656326,79.890793,65.391266,3906989,0.000000,0.000000
2007-12-28,81.159142,83.887436,77.787094,83.887436,68.662552,1647965,0.000000,0.000000
2007-12-31,86.171242,88.083344,86.171242,88.083344,72.096924,1260035,0.000000,0.000000
2008-01-01,91.880730,92.490005,89.290382,92.490005,75.703819,2840553,0.000000,0.000000
2008-01-02,96.134117,97.115074,88.539337,97.115074,79.489479,9666830,0.000000,0.000000
2008-01-03,97.789490,101.973892,95.873550,97.532753,79.831345,8934134,0.000000,0.000000
2008-01-04,99.237938,101.161537,94.513229,97.237694,79.589844,2682758,0.000000,0.000000
2008-01-07,92.945992,96.946472,92.831039,95.977013,78.557961,4345703,0.000000,0.000000
2008-01-08,96.563286,98.785774,91.275299,93.539932,76.563171,4551151,0.000000,0.000000
2008-01-09,89.665909,93.574425,88.914864,89.769371,73.476959,4389937,0.000000,0.000000
2008-01-10,88.907196,92.708420,85.834030,86.447136,70.757668,2722439,0.000000,0.000000
2008-01-11,88.133156,88.133156,82.124779,82.243561,67.317032,2575774,0.000000,0.000000
2008-01-14,82.002159,82.002159,78.564964,79.749016,65.275223,1765114,0.000000,0.000000
2008-01-15,82.768532,83.737999,81.274101,83.737999,68.540222,1278003,0.000000,0.000000
2008-01-16,81.235779,87.520058,79.798828,83.236023,68.129349,2367808,0.000000,0.000000
2008-01-17,84.837746,86.600410,82.005989,82.848999,67.812576,1219128,0.000000,0.000000
2008-01-18,80.929230,83.151718,78.706741,78.978806,64.644783,1271322,0.000000,0.000000
2008-01-21,77.863731,77.863731,74.871033,74.874863,61.285686,2613915,0.000000,0.000000
2008-01-22,71.134956,71.272903,71.131119,71.131119,58.221394,307708,0.000000,0.000000
2008-01-23,71.131119,74.338402,67.575142,71.085136,58.183769,2281284,0.000000,0.000000
2008-01-24,73.572029,74.491676,67.532990,67.532990,55.276291,1628301,0.000000,0.000000
2008-01-25,68.207397,70.912704,68.207397,70.912704,58.042622,1174515,0.000000,0.000000
2008-01-28,71.272903,72.652374,67.368217,69.226677,56.662601,1483228,0.000000,0.000000
2008-01-29,72.422462,72.499100,66.674652,69.226677,56.662601,775690,0.000000,0.000000
2008-01-30,69.226677,70.199974,67.594299,68.234222,55.850254,551700,0.000000,0.000000
2008-01-31,68.973778,68.973778,64.823853,67.211113,55.012833,1333380,0.000000,0.000000
2008-02-01,68.966110,69.740150,63.850555,66.287628,54.256954,691227,0.000000,0.000000
2008-02-04,68.889473,68.973778,64.911987,66.184174,54.172287,1963346,0.000000,0.000000
2008-02-05,67.441025,67.441025,65.697525,66.666985,54.567471,557089,0.000000,0.000000
2008-02-06,64.195427,66.138184,63.455875,64.141777,52.500568,445656,0.000000,0.000000
2008-02-07,67.211113,67.349060,63.225960,64.180099,52.531933,735971,0.000000,0.000000
2008-02-08,62.842773,64.452164,60.972816,60.972816,49.906742,1449642,0.000000,0.000000
2008-02-11,61.616573,61.616573,57.926476,57.926476,47.413284,110533,0.000000,0.000000
2008-02-12,55.194347,57.094959,55.033409,55.033409,45.045292,1535279,0.000000,0.000000
2008-02-13,52.282124,57.631420,52.282124,53.424023,43.727993,5682477,0.000000,0.000000
2008-02-14,52.496708,56.022034,52.496708,55.048737,45.057831,1819187,0.000000,0.000000
2008-02-15,54.412643,57.803856,54.029457,56.060352,45.885853,1223760,0.000000,0.000000
2008-02-18,56.711769,56.711769,54.037121,54.937611,44.966869,2468451,0.000000,0.000000
2008-02-19,55.945396,56.861214,54.565922,55.121544,45.117424,753912,0.000000,0.000000
2008-02-20,54.642559,55.945396,53.263081,54.090767,44.273724,386259,0.000000,0.000000
2008-02-21,53.646271,55.485573,53.646271,54.033291,44.226685,893583,0.000000,0.000000
2008-02-22,53.270744,53.646271,51.734165,52.485210,42.959572,948569,0.000000,0.000000
2008-02-25,53.646271,53.646271,49.864208,50.688061,41.488586,2889498,0.000000,0.000000
2008-02-26,51.653694,52.013889,51.117233,51.446774,42.109604,519901,0.000000,0.000000
2008-02-27,52.879894,54.021793,52.113518,52.814754,43.229305,1784439,0.000000,0.000000
2008-02-28,52.879894,52.879894,50.963959,52.638489,43.085033,1712202,0.000000,0.000000
2008-02-29,53.263081,53.339722,51.500420,52.634655,43.081890,692232,0.000000,0.000000
2008-03-03,52.113518,52.113518,50.005985,50.791523,41.573269,2182703,0.000000,0.000000
2008-03-04,50.205246,51.872112,50.120945,51.209198,41.915138,1755889,0.000000,0.000000
2008-03-05,49.894863,52.420071,49.894863,50.726379,41.519951,1663884,0.000000,0.000000
2008-03-07,49.124657,50.113281,48.189678,49.040356,40.139927,1722550,0.000000,0.000000
2008-03-10,45.982517,47.890793,44.832954,46.710575,38.232990,2366829,0.000000,0.000000
2008-03-11,47.975094,51.381630,46.442341,50.829842,41.604633,3164246,0.000000,0.000000
2008-03-12,55.485573,55.792122,49.048019,49.216621,40.284203,2847651,0.000000,0.000000
2008-03-13,45.982517,47.591904,44.373131,44.890430,36.743172,1399575,0.000000,0.000000
2008-03-14,45.223804,46.787212,43.760029,45.672134,37.383015,2778090,0.000000,0.000000
2008-03-17,42.920849,45.200813,41.104538,41.119865,33.656952,4573529,0.000000,0.000000
2008-03-18,40.311340,40.311340,38.322598,39.893665,32.653294,2553409,0.000000,0.000000
2008-03-19,42.917015,43.223564,39.023830,40.031612,32.766190,1354023,0.000000,0.000000
2008-03-24,40.617889,42.533829,37.935577,38.862892,31.809587,3509468,0.000000,0.000000
2008-03-25,40.464615,42.752247,39.939648,42.495510,34.782917,4395092,0.000000,0.000000
2008-03-26,42.541492,44.066578,40.234703,41.499222,33.967453,1367802,0.000000,0.000000
2008-03-27,40.617889,45.649143,40.242367,43.825172,35.871265,1735742,0.000000,0.000000
2008-03-28,44.832954,48.208836,44.449768,46.618610,38.157700,2133824,0.000000,0.000000
2008-03-31,45.599331,50.147766,45.599331,45.959526,37.618237,7015179,0.000000,0.000000
2008-04-01,48.281643,48.818108,43.687222,46.051491,37.693520,1250536,0.000000,0.000000
2008-04-02,47.507603,48.511555,46.434677,47.254700,38.678356,1020661,0.000000,0.000000
2008-04-03,47.135914,49.661118,46.231590,49.136150,40.218334,716894,0.000000,0.000000
2008-04-04,49.201294,49.354568,46.518978,47.388817,38.788124,1919855,0.000000,0.000000
2008-04-07,48.205006,50.120945,46.066818,48.695484,39.857647,681950,0.000000,0.000000
2008-04-08,48.672493,50.193748,48.285477,49.396721,40.431614,467094,0.000000,0.000000
2008-04-09,49.048019,51.343311,48.434917,51.117233,41.839867,521937,0.000000,0.000000
2008-04-10,51.730331,52.036880,50.963959,51.684349,42.304062,605577,0.000000,0.000000
2008-04-11,52.649982,52.795593,50.205246,52.098190,42.642784,674630,0.000000,0.000000
2008-04-15,50.963959,55.558376,50.596096,54.309185,44.452507,1249100,0.000000,0.000000
2008-04-16,55.179020,56.290264,54.642559,55.320801,45.280533,1031218,0.000000,0.000000
2008-04-17,56.711769,59.348103,56.328583,57.589272,47.137280,1700720,0.000000,0.000000
2008-04-21,61.689381,61.689381,58.627708,60.294575,49.351593,872431,0.000000,0.000000
2008-04-22,59.010899,61.677883,59.010899,60.658604,49.649551,1556352,0.000000,0.000000
2008-04-23,60.926834,61.080109,59.014729,59.282959,48.523575,1070820,0.000000,0.000000
2008-04-24,59.777271,60.313736,59.087536,59.551193,48.743130,192621,0.000000,0.000000
2008-04-25,59.010899,61.915459,58.704346,61.409653,50.264290,1264745,0.000000,0.000000
2008-04-28,62.597534,63.609150,62.076397,63.268112,51.785458,683398,0.000000,0.000000
2008-04-29,63.225960,65.256859,63.225960,64.961800,53.171753,843816,0.000000,0.000000
2008-04-30,67.441025,67.441025,64.222252,64.797028,53.036884,1843966,0.000000,0.000000
2008-05-02,66.249313,67.364388,64.858337,66.778114,54.658432,2294502,0.000000,0.000000
2008-05-05,67.441025,67.736076,66.521378,66.847084,54.714878,1438485,0.000000,0.000000
2008-05-06,66.674652,67.287750,65.387138,66.084541,54.090721,2420980,0.000000,0.000000
2008-05-07,65.141899,66.199493,63.992336,65.904442,53.943321,527809,0.000000,0.000000
2008-05-08,65.141899,66.214828,64.245239,64.509644,52.801670,1165277,0.000000,0.000000
2008-05-09,64.758713,64.758713,62.080231,62.643517,51.274220,799060,0.000000,0.000000
2008-05-12,61.539936,62.842773,59.087536,61.693211,50.496395,629900,0.000000,0.000000
2008-05-13,62.996048,65.908272,61.310024,62.746979,51.358906,1488448,0.000000,0.000000
2008-05-14,60.237099,63.605316,60.237099,63.202969,51.732140,438962,0.000000,0.000000
2008-05-15,63.762424,65.509758,62.076397,64.149445,52.506840,1338169,0.000000,0.000000
2008-05-16,65.908272,66.138184,64.459824,65.850800,53.899414,472418,0.000000,0.000000
2008-05-20,65.141899,68.774521,64.758713,66.486885,54.420055,1961949,0.000000,0.000000
2008-05-21,66.678482,67.824211,66.291466,67.517662,55.263744,1148653,0.000000,0.000000
2008-05-22,67.624954,67.824211,65.145729,65.977249,54.002922,861053,0.000000,0.000000
2008-05-23,59.873070,67.441025,59.873070,65.709015,53.783360,571273,0.000000,0.000000
2008-05-26,62.881092,64.988625,62.881092,63.812237,52.230831,529401,0.000000,0.000000
2008-05-27,63.839062,65.517426,63.766254,64.038322,52.415890,830885,0.000000,0.000000
2008-05-28,65.138069,65.831635,63.624477,65.444618,53.566952,760671,0.000000,0.000000
2008-05-29,65.525085,66.483055,63.739433,64.463654,52.764023,1344093,0.000000,0.000000
2008-05-30,66.061546,66.061546,59.547359,60.670101,49.658970,1627883,0.000000,0.000000
2008-06-02,62.459587,62.459587,59.018562,60.861694,49.815796,382736,0.000000,0.000000
2008-06-03,59.777271,60.079990,56.481857,58.087414,47.545021,1287919,0.000000,0.000000
2008-06-04,57.102623,59.673813,55.573704,56.589149,46.318680,723901,0.000000,0.000000
2008-06-05,57.094959,57.301880,54.420307,55.232666,45.208374,1248604,0.000000,0.000000
2008-06-06,56.635136,56.638966,55.179020,56.052689,45.879578,758127,0.000000,0.000000
2008-06-09,55.424259,55.424259,51.737995,53.205605,43.549221,880064,0.000000,0.000000
2008-06-10,53.109806,53.109806,50.810680,51.358639,42.037464,766008,0.000000,0.000000
2008-06-11,51.745659,55.577538,51.500420,54.922283,44.954334,760436,0.000000,0.000000
2008-06-12,53.650101,58.543407,53.266914,57.976292,47.454060,1575011,0.000000,0.000000
2008-06-13,59.148846,61.310024,58.259850,61.191235,50.085518,1049498,0.000000,0.000000
2008-06-16,66.598015,66.598015,60.796551,61.781345,50.568527,1093837,0.000000,0.000000
2008-06-17,64.682076,64.682076,61.693211,63.145493,51.685097,1100909,0.000000,0.000000
2008-06-18,62.080231,64.375526,62.080231,63.130165,51.672546,572187,0.000000,0.000000
2008-06-19,61.463299,63.218296,59.930546,62.505569,51.161312,1407130,0.000000,0.000000
2008-06-20,63.225960,63.225960,59.010899,59.731289,48.890537,1138345,0.000000,0.000000
2008-06-23,59.010899,59.010899,55.715485,55.899414,45.754112,673573,0.000000,0.000000
2008-06-24,55.945396,56.328583,50.312538,50.389175,41.243946,929727,0.000000,0.000000
2008-06-25,46.978806,50.427494,46.875343,48.638008,39.810608,907597,0.000000,0.000000
2008-06-26,50.963959,51.573223,48.358280,48.829601,39.967422,947708,0.000000,0.000000
2008-06-27,47.515266,49.277931,45.986347,48.764458,39.914108,308517,0.000000,0.000000
2008-06-30,48.664829,49.584480,46.365704,47.024788,38.490170,512425,0.000000,0.000000
2008-07-01,46.748894,48.898575,44.526405,45.147167,36.953320,829932,0.000000,0.000000
2008-07-02,45.982517,47.055443,41.116035,46.545803,38.098118,1449146,0.000000,0.000000
2008-07-03,45.522694,48.205006,43.698719,44.668182,36.561275,274147,0.000000,0.000000
2008-07-04,43.840500,45.905880,43.836666,45.856064,37.533558,558538,0.000000,0.000000
2008-07-07,47.703030,53.799545,46.442341,51.044426,41.780270,1290960,0.000000,0.000000
2008-07-08,48.051731,53.033169,46.078316,51.013771,41.755184,484592,0.000000,0.000000
2008-07-09,52.764938,56.554665,51.519581,52.259132,42.774517,2277826,0.000000,0.000000
2008-07-10,51.730331,53.948990,49.354568,49.699436,40.679386,1406203,0.000000,0.000000
2008-07-11,50.580769,51.350975,46.905998,47.388817,38.788124,902090,0.000000,0.000000
2008-07-14,47.339001,47.879295,45.488205,46.039993,37.684116,1016277,0.000000,0.000000
2008-07-15,44.066578,45.675968,42.687103,43.051132,35.237701,798225,0.000000,0.000000
2008-07-16,42.759911,45.595497,42.150642,43.058796,35.243969,1035445,0.000000,0.000000
2008-07-17,45.752605,45.982517,43.304035,45.346424,37.116409,656975,0.000000,0.000000
2008-07-18,47.361992,47.361992,45.219975,46.768051,38.280029,528592,0.000000,0.000000
2008-07-21,46.365704,48.664829,45.446053,47.216381,38.646984,339676,0.000000,0.000000
2008-07-22,46.748894,49.048019,46.748894,48.714645,39.873329,436770,0.000000,0.000000
2008-07-23,50.887318,51.193871,49.051849,50.013653,40.936584,907179,0.000000,0.000000
2008-07-24,51.040592,52.496708,49.067177,49.396721,40.431614,564605,0.000000,0.000000
2008-07-25,46.154953,50.105618,45.982517,48.553707,39.741596,424126,0.000000,0.000000
2008-07-28,49.814396,50.197582,46.672256,49.454197,40.478664,1001558,0.000000,0.000000
2008-07-29,48.956055,49.661118,47.706863,48.316132,39.547146,297948,0.000000,0.000000
2008-07-30,49.469524,49.814396,48.741467,49.071011,40.165020,263500,0.000000,0.000000
2008-07-31,49.048019,49.048019,48.519218,48.837265,39.973698,293407,0.000000,0.000000
2008-08-01,48.523052,50.197582,47.530594,50.017483,40.939709,581190,0.000000,0.000000
2008-08-04,49.814396,51.339481,49.469524,49.661118,40.648033,150187,0.000000,0.000000
2008-08-05,49.124657,50.657406,49.124657,50.542450,41.369400,142802,0.000000,0.000000
2008-08-06,45.446053,51.730331,45.446053,49.538498,40.547661,379853,0.000000,0.000000
2008-08-07,48.051731,50.404503,48.051731,49.795235,40.757797,182508,0.000000,0.000000
2008-08-08,50.427494,50.427494,48.779785,49.768410,40.735844,338737,0.000000,0.000000
2008-08-11,53.569633,55.941563,50.197582,50.699558,41.497993,396333,0.000000,0.000000
2008-08-12,50.580769,51.730331,49.431206,50.105618,41.011860,382332,0.000000,0.000000
2008-08-13,44.154713,51.347145,44.154713,50.810680,41.588951,354330,0.000000,0.000000
2008-08-14,49.814396,51.117233,49.201294,49.469524,40.491203,274878,0.000000,0.000000
2008-08-18,49.431206,49.653454,48.281643,49.166805,40.243431,393436,0.000000,0.000000
2008-08-19,48.289307,49.431206,48.289307,49.002037,40.108566,448057,0.000000,0.000000
2008-08-20,49.201294,49.657288,48.783619,49.040356,40.139927,462214,0.000000,0.000000
2008-08-21,48.588192,49.051849,47.515266,48.185844,39.440498,476359,0.000000,0.000000
2008-08-22,46.135792,49.346905,46.135792,49.009701,40.114834,198088,0.000000,0.000000
2008-08-25,49.009701,50.960125,46.825531,47.254700,38.678356,5564571,0.000000,0.000000
2008-08-26,43.514790,49.040356,42.993652,44.756317,36.633408,7309512,0.000000,0.000000
2008-08-27,45.055202,45.101185,42.917015,43.384506,35.510571,5643488,0.000000,0.000000
2008-08-28,44.047421,44.066578,42.319244,42.844212,35.068336,1386540,0.000000,0.000000
2008-08-29,42.917015,45.829243,42.917015,45.101185,36.915680,380923,0.000000,0.000000
2008-09-01,44.526405,44.748653,43.415161,44.127888,36.119030,502925,0.000000,0.000000
2008-09-02,44.901928,45.216141,44.468925,45.020718,36.849823,317481,0.000000,0.000000
2008-09-04,47.507603,50.963959,43.760029,44.212189,36.188030,177510,0.000000,0.000000
2008-09-05,43.989941,43.989941,43.070290,43.564602,35.657982,197214,0.000000,0.000000
2008-09-08,44.909592,48.741467,44.756317,46.645432,38.179665,2394205,0.000000,0.000000
2008-09-09,46.672256,48.047897,46.135792,46.860016,38.355305,1112444,0.000000,0.000000
2008-09-10,46.902168,53.929829,45.986347,50.366184,41.225132,9199435,0.000000,0.000000
2008-09-11,50.350857,51.764820,48.281643,48.898575,40.023880,4167188,0.000000,0.000000
2008-09-12,49.661118,51.193871,46.748894,47.323673,38.734806,2303218,0.000000,0.000000
2008-09-15,45.982517,46.572624,43.008980,43.606754,35.692478,885192,0.000000,0.000000
2008-09-16,41.767452,46.289066,40.817146,44.794636,36.664764,1483829,0.000000,0.000000
2008-09-17,45.905880,47.430965,44.534069,45.227638,37.019188,3354153,0.000000,0.000000
2008-09-18,41.200336,44.058914,41.200336,42.767574,35.232174,2971129,0.290846,0.000000
2008-09-19,44.832954,45.212311,42.303917,43.146931,35.544693,4690312,0.000000,0.000000
2008-09-22,44.219852,44.832954,42.338402,42.679440,35.159561,1131090,0.000000,0.000000
2008-09-23,41.767452,43.871155,41.767452,42.763741,35.229019,595569,0.000000,0.000000
2008-09-24,42.227280,44.066578,42.150642,43.836666,36.112896,650190,0.000000,0.000000
2008-09-25,43.376842,44.832954,43.300205,44.449768,36.617977,1310493,0.000000,0.000000
2008-09-26,44.070412,45.775597,41.767452,42.526165,35.033287,1879614,0.000000,0.000000
2008-09-29,42.794395,43.989941,36.793678,38.088852,31.377817,1635451,0.000000,0.000000
2008-09-30,36.402824,37.169201,34.184170,35.893185,29.569012,2140478,0.000000,0.000000
2008-10-01,35.866364,37.935577,35.866364,37.517902,30.907465,919314,0.000000,0.000000
2008-10-03,37.092564,38.357082,35.329903,35.590469,29.319633,739715,0.000000,0.000000
2008-10-06,34.410252,35.245598,30.271824,30.655010,25.253775,1786278,0.000000,0.000000
2008-10-07,31.421387,32.306549,29.505447,31.026703,25.559977,1002380,0.000000,0.000000
2008-10-08,30.655010,30.655010,25.692732,26.482098,21.816101,1389384,0.000000,0.000000
2008-10-10,25.750210,26.593222,22.991259,23.282480,19.180237,1486034,0.000000,0.000000
2008-10-13,23.757633,25.681236,23.757633,24.562328,20.234583,691593,0.000000,0.000000
2008-10-14,26.210035,28.355885,23.864925,24.692612,20.341915,1186703,0.000000,0.000000
2008-10-15,23.910910,24.677284,22.991259,23.397436,19.274944,501699,0.000000,0.000000
2008-10-16,22.608070,23.604359,21.458508,22.991259,18.940329,1051965,0.000000,0.000000
2008-10-17,23.451082,24.217459,22.244041,22.792002,18.776180,754291,0.000000,0.000000
2008-10-20,23.171356,24.485689,23.144533,24.060352,19.821054,884188,0.000000,0.000000
2008-10-21,24.524010,26.056759,24.462700,25.922644,21.355221,583004,0.000000,0.000000
2008-10-22,25.290384,26.746496,25.014488,25.995449,21.415197,500250,0.000000,0.000000
2008-10-23,23.451082,25.290384,23.451082,24.880373,20.496592,308752,0.000000,0.000000
2008-10-24,24.707939,24.707939,21.535145,22.615734,18.630970,1853778,0.000000,0.000000
2008-10-27,22.531433,24.320919,19.312656,22.964436,18.918234,1411253,0.000000,0.000000
2008-10-29,27.206322,27.244640,25.367022,26.581726,21.898178,905026,0.000000,0.000000
2008-10-31,26.439947,28.739073,26.439947,28.505329,23.482851,468856,0.000000,0.000000
2008-11-03,29.122261,31.421387,29.122261,30.934738,25.484221,975475,0.000000,0.000000
2008-11-04,30.884924,32.494312,29.739193,31.927195,26.301807,811991,0.000000,0.000000
2008-11-05,33.107410,33.260689,30.655010,31.375404,25.847244,1050555,0.000000,0.000000
2008-11-06,30.425098,31.344749,29.137589,30.574541,25.187479,1268516,0.000000,0.000000
2008-11-07,29.965273,30.655010,29.796671,30.601364,25.209578,251221,0.000000,0.000000
2008-11-10,30.731649,32.264400,30.731649,31.793079,26.191322,590089,0.000000,0.000000
2008-11-11,31.559334,31.559334,29.658724,30.064901,24.767637,363842,0.000000,0.000000
2008-11-12,29.505447,29.880972,28.819542,29.651060,24.426710,302749,0.000000,0.000000
2008-11-14,30.041910,30.923243,28.968987,29.459467,24.268875,273142,0.000000,0.000000
2008-11-17,29.122261,29.658724,28.049335,28.520657,23.495478,352490,0.000000,0.000000
2008-11-18,28.739073,28.739073,26.976410,28.187283,23.220844,564945,0.000000,0.000000
2008-11-19,28.509159,28.662436,27.206322,27.601006,22.737864,233841,0.000000,0.000000
2008-11-20,26.823135,26.823135,24.842054,25.593102,21.083742,523738,0.000000,0.000000
2008-11-21,24.217459,24.738594,23.451082,24.347742,20.057812,494092,0.000000,0.000000
2008-11-24,24.102503,24.497187,23.780624,24.010536,19.780018,122890,0.000000,0.000000
2008-11-25,24.447371,24.865046,22.837982,23.110046,19.038189,249029,0.000000,0.000000
2008-11-26,23.451082,23.520058,22.531433,22.772840,18.760397,672307,0.000000,0.000000
2008-11-27,22.772840,22.772840,22.772840,22.772840,18.760397,0,0.000000,0.000000
2008-11-28,22.772840,23.451082,22.772840,23.056400,18.993994,138143,0.000000,0.000000
2008-12-01,22.837982,23.527721,21.458508,21.738235,17.908081,235432,0.000000,0.000000
2008-12-02,21.075319,21.362711,20.308945,20.922045,17.235699,274147,0.000000,0.000000
2008-12-03,21.075319,21.841696,20.385582,20.596336,16.967382,267114,0.000000,0.000000
2008-12-04,21.190275,21.190275,20.155670,20.397078,16.803230,1143225,0.000000,0.000000
2008-12-05,20.692133,21.443180,20.546520,21.125134,17.403000,530601,0.000000,0.000000
2008-12-08,21.462339,22.454796,20.845407,21.063824,17.352497,253257,0.000000,0.000000
2008-12-10,21.688419,22.378159,21.090649,22.155909,18.252167,208161,0.000000,0.000000
2008-12-11,21.918333,22.592743,21.305233,21.803377,17.961744,201715,0.000000,0.000000
2008-12-12,21.381870,21.765059,21.075319,21.462339,17.680798,359614,0.000000,0.000000
2008-12-15,21.841696,22.339840,21.037001,21.439348,17.661858,338867,0.000000,0.000000
2008-12-16,21.159620,22.454796,20.845407,21.412525,17.639759,839184,0.000000,0.000000
2008-12-17,21.834032,23.554544,21.381870,22.056280,18.170086,2397793,0.000000,0.000000
2008-12-18,22.129086,23.443420,21.918333,23.067896,19.003466,1147518,0.000000,0.000000
2008-12-19,23.202011,25.206083,23.144533,24.692612,20.341915,792340,0.000000,0.000000
2008-12-22,24.830559,25.520296,24.232786,24.481857,20.168295,747075,0.000000,0.000000
2008-12-23,24.294096,24.328583,22.991259,23.236498,19.142357,482922,0.000000,0.000000
2008-12-24,22.991259,23.680996,22.611902,22.998922,18.946642,335605,0.000000,0.000000
2008-12-26,23.374447,23.374447,22.071608,22.213387,18.299515,222188,0.000000,0.000000
2008-12-29,22.531433,22.837982,21.925997,22.677044,18.681479,121572,0.000000,0.000000
2008-12-30,22.991259,23.753801,22.623398,23.041073,18.981367,198440,0.000000,0.000000
2008-12-31,23.152197,24.294096,22.761347,23.156029,19.076069,298639,0.000000,0.000000
2009-01-02,24.524010,25.206083,23.987547,24.309423,20.026243,527417,0.000000,0.000000
2009-01-05,24.600645,26.742664,24.524010,26.742664,22.030760,1044997,0.000000,0.000000
2009-01-06,27.190994,29.122261,25.685066,27.374926,22.551622,1415598,0.000000,0.000000
2009-01-07,27.727457,29.313854,24.527842,26.336487,21.696146,2403404,0.000000,0.000000
2009-01-09,25.298048,25.650581,22.343672,24.133158,19.881033,1250157,0.000000,0.000000
2009-01-12,24.217459,26.428452,23.949226,25.048977,20.635487,1455957,0.000000,0.000000
2009-01-13,24.907198,25.125614,22.991259,23.362949,19.246529,809172,0.000000,0.000000
2009-01-14,24.064184,24.516344,23.232668,23.818945,19.622183,457556,0.000000,0.000000
2009-01-15,21.079151,23.635014,21.079151,22.906958,18.870884,737693,0.000000,0.000000
2009-01-16,23.374447,24.140821,22.657885,22.891630,18.858255,1512300,0.000000,0.000000
2009-01-19,22.608070,23.527721,21.964315,22.301521,18.372120,1220550,0.000000,0.000000
2009-01-20,21.918333,22.608070,21.864687,22.205725,18.293203,1296427,0.000000,0.000000
2009-01-21,21.918333,22.378159,21.918333,22.190395,18.280575,1142521,0.000000,0.000000
2009-01-22,22.569752,22.592743,22.148245,22.320681,18.387907,1384360,0.000000,0.000000
2009-01-23,22.301521,22.493114,22.006466,22.155909,18.252167,954440,0.000000,0.000000
2009-01-27,22.378159,22.608070,21.841696,22.435637,18.482605,578985,0.000000,0.000000
2009-01-28,22.608070,22.608070,22.251705,22.458628,18.501543,886850,0.000000,0.000000
2009-01-29,22.692371,22.906958,21.554304,22.056280,18.170086,501268,0.000000,0.000000
2009-01-30,21.653933,22.140581,21.075319,21.707581,17.882828,999327,0.000000,0.000000
2009-02-02,21.236259,21.991138,20.772602,21.113640,17.393541,749606,0.000000,0.000000
2009-02-03,20.960363,21.450844,20.416237,20.665310,17.024200,552131,0.000000,0.000000
2009-02-04,21.059994,21.075319,20.542688,20.630821,16.995789,629691,0.000000,0.000000
2009-02-05,20.538857,20.872231,20.163334,20.335768,16.752720,1214391,0.000000,0.000000
2009-02-06,20.684469,20.845407,19.849119,20.033051,16.503342,614385,0.000000,0.000000
2009-02-09,20.155670,20.692133,20.086697,20.393246,16.800076,2141366,0.000000,0.000000
2009-02-10,20.247635,21.987307,20.247635,20.841576,17.169411,1062260,0.000000,0.000000
2009-02-11,20.308945,21.056162,20.079033,20.795593,17.131529,317703,0.000000,0.000000
2009-02-12,20.998684,21.220930,20.385582,20.634653,16.998945,227290,0.000000,0.000000
2009-02-13,20.768770,21.611782,20.542688,20.991018,17.292522,722792,0.000000,0.000000
2009-02-16,20.780266,21.343552,19.695845,20.331936,16.749561,709378,0.000000,0.000000
2009-02-17,20.538857,20.538857,19.573225,19.902765,16.396013,945254,0.000000,0.000000
2009-02-18,19.159382,19.772482,19.006107,19.266674,15.871997,1353018,0.000000,0.000000
2009-02-19,19.615376,20.148006,19.469765,19.768650,16.285528,869952,0.000000,0.000000
2009-02-20,19.389294,19.596216,19.128727,19.251347,15.859369,768526,0.000000,0.000000
2009-02-24,20.232307,20.232307,18.891150,19.109568,15.742571,579689,0.000000,0.000000
2009-02-25,19.427612,19.615376,18.622919,18.799185,15.486876,683920,0.000000,0.000000
2009-02-26,19.236019,19.236019,18.622919,18.753202,15.448995,1141346,0.000000,0.000000
2009-02-27,19.159382,19.159382,18.714884,18.757034,15.452148,334366,0.000000,0.000000
2009-03-02,18.546282,19.396957,18.546282,19.113400,15.745729,707825,0.000000,0.000000
2009-03-03,18.783857,19.304993,18.546282,18.799185,15.486876,479125,0.000000,0.000000
2009-03-04,18.780025,19.067417,18.622919,18.764700,15.458470,692036,0.000000,0.000000
2009-03-05,18.714884,19.090408,18.247395,18.661238,15.373235,606739,0.000000,0.000000
2009-03-06,18.469645,19.159382,18.262724,18.845167,15.524752,387890,0.000000,0.000000
2009-03-09,19.151718,19.151718,18.469645,18.757034,15.452148,154141,0.000000,0.000000
2009-03-12,19.121063,19.144054,18.477308,18.726379,15.426898,227225,0.000000,0.000000
2009-03-13,18.837503,19.140223,18.780025,19.048258,15.692065,362276,0.000000,0.000000
2009-03-16,19.312656,19.370134,18.814512,19.201532,15.818332,343734,0.000000,0.000000
2009-03-17,19.228355,19.228355,18.822178,19.009939,15.660494,512516,0.000000,0.000000
2009-03-18,19.285833,20.002396,18.852833,18.952461,15.613148,1606732,0.000000,0.000000
2009-03-19,19.423780,19.534906,18.431326,18.642078,15.357448,665757,0.000000,0.000000
2009-03-20,18.929468,19.427612,18.622919,18.871990,15.546853,644162,0.000000,0.000000
2009-03-23,19.159382,19.389294,18.776194,18.994612,15.647870,866207,0.000000,0.000000
2009-03-24,19.389294,19.527243,18.546282,18.657406,15.370076,670650,0.000000,0.000000
2009-03-25,18.776194,18.883488,18.553946,18.691893,15.398489,363451,0.000000,0.000000
2009-03-26,19.063585,19.197701,18.645910,18.998444,15.651024,954728,0.000000,0.000000
2009-03-27,19.159382,21.381870,18.776194,19.262842,15.868840,4462669,0.000000,0.000000
2009-03-30,20.232307,22.067776,19.327984,19.753323,16.272896,3303877,0.000000,0.000000
2009-03-31,20.121183,21.381870,19.818464,20.512033,16.897926,3496315,0.000000,0.000000
2009-04-01,20.531195,22.408813,20.469885,21.439348,17.661858,3587302,0.000000,0.000000
2009-04-02,21.991138,23.596695,21.550472,22.868637,18.839314,4100849,0.000000,0.000000
2009-04-06,23.374447,26.286673,22.922285,25.738714,21.203703,3782089,0.000000,0.000000
2009-04-08,25.213747,25.673573,24.010536,25.324871,20.862774,2181724,0.000000,0.000000
2009-04-09,25.826847,28.348223,25.673573,25.914980,21.348907,2366503,0.000000,0.000000
2009-04-13,26.443779,27.267632,26.141062,26.424620,21.768753,1370386,0.000000,0.000000
2009-04-15,26.516584,28.662436,25.596933,28.034008,23.094574,3874629,0.000000,0.000000
2009-04-16,28.846367,28.968987,26.363310,26.788649,22.068640,2171481,0.000000,0.000000
2009-04-17,26.899773,27.972698,26.516584,26.911268,22.169655,3941671,0.000000,0.000000
2009-04-20,27.206322,27.512873,26.213865,26.934259,22.188597,2587531,0.000000,0.000000
2009-04-21,26.823135,28.279247,26.409292,27.604837,22.741024,4454749,0.000000,0.000000
2009-04-22,28.279247,28.654772,27.294456,27.896061,22.980934,5121616,0.000000,0.000000
2009-04-23,28.731409,30.570709,27.604837,29.766016,24.521416,11818870,0.000000,0.000000
2009-04-24,30.225842,35.153633,29.903963,34.015568,28.022219,17185157,0.000000,0.000000
2009-04-27,33.705185,35.513832,31.896540,32.682076,26.923677,8213025,0.000000,0.000000
2009-04-28,32.570950,33.544247,29.888636,30.149204,24.837086,3533373,0.000000,0.000000
2009-04-29,30.808287,33.164890,30.271824,32.268230,26.582754,5364747,0.000000,0.000000
2009-04-30,32.421505,32.421505,32.421505,32.421505,26.709021,0,0.000000,0.000000
2009-05-04,32.724224,35.498505,31.153154,35.498505,29.243866,8722932,0.000000,0.000000
2009-05-05,36.356842,36.356842,34.027061,34.659321,28.552546,5910485,0.000000,0.000000
2009-05-06,34.701473,35.621124,33.567238,34.115196,28.104296,3462846,0.000000,0.000000
2009-05-07,34.486889,35.406536,34.103699,34.548199,28.461002,2295154,0.000000,0.000000
2009-05-08,34.640163,35.023350,32.252903,32.980961,27.169905,2477963,0.000000,0.000000
2009-05-11,33.184052,33.640041,31.888874,32.517303,26.787939,1109573,0.000000,0.000000
2009-05-12,31.651299,33.490601,31.651299,33.069092,27.242502,4487253,0.000000,0.000000
2009-05-13,33.697521,35.008022,32.992455,34.084541,28.079033,3684513,0.000000,0.000000
2009-05-14,31.421387,35.092323,31.421387,34.628666,28.527288,2885074,0.000000,0.000000
2009-05-15,35.165131,37.935577,34.946712,36.678722,30.216137,5110550,0.000000,0.000000
2009-05-18,40.207878,40.349659,40.207878,40.349659,33.240273,11821,0.000000,0.000000
2009-05-19,40.702190,44.384624,36.939289,44.384624,36.564308,5127122,0.000000,0.000000
2009-05-20,44.603043,46.607113,44.089569,46.607113,38.395203,1742162,0.000000,0.000000
2009-05-21,47.132080,48.664829,45.469048,46.128128,38.000610,2289648,0.000000,0.000000
2009-05-22,45.982517,48.205006,45.752605,47.906120,39.465343,2059265,0.000000,0.000000
2009-05-25,48.542210,50.120945,48.358280,48.699318,40.118782,1490783,0.000000,0.000000
2009-05-26,49.423542,50.189919,46.978806,47.339001,38.998135,1671048,0.000000,0.000000
2009-05-27,48.281643,49.584480,47.668545,48.825768,40.222942,1377549,0.000000,0.000000
2009-05-28,49.530834,49.737755,48.358280,49.262604,40.582821,972212,0.000000,0.000000
2009-05-29,49.879536,51.726501,49.879536,51.726501,42.612595,1018848,0.000000,0.000000
2009-06-01,53.217098,54.313019,51.730331,54.175068,44.629726,3600442,0.000000,0.000000
2009-06-02,55.133038,55.133038,51.465931,51.642200,42.543148,1880423,0.000000,0.000000
2009-06-03,52.266796,53.569633,51.998562,53.056160,43.707966,1936231,0.000000,0.000000
2009-06-04,52.879894,55.711651,52.113518,55.711651,45.895573,2927573,0.000000,0.000000
2009-06-05,56.688782,58.497425,56.688782,58.466770,48.165257,8318600,0.000000,0.000000
2009-06-08,59.010899,60.796551,55.543049,55.550713,45.762993,3331683,0.000000,0.000000
2009-06-09,55.133038,57.094959,52.887558,55.267155,45.529392,2795001,0.000000,0.000000
2009-06-10,55.937733,57.094959,55.179020,56.052689,46.176525,1892988,0.000000,0.000000
2009-06-11,56.704105,56.711769,53.707581,54.864807,45.197941,2676156,0.000000,0.000000
2009-06-12,55.179020,56.481857,53.722908,55.569874,45.778782,2070865,0.000000,0.000000
2009-06-15,54.336006,56.435875,54.209557,55.316967,45.570438,601532,0.000000,0.000000
2009-06-16,54.106094,57.861336,54.106094,57.478146,47.350822,1859402,0.000000,0.000000
2009-06-17,57.968628,59.010899,54.604240,54.922283,45.245289,2074049,0.000000,0.000000
2009-06-18,54.949108,56.711769,52.964195,54.811161,45.153748,2438531,0.000000,0.000000
2009-06-19,55.179020,56.320919,52.420071,53.757393,44.285648,1133204,0.000000,0.000000
2009-06-22,55.485573,55.485573,51.527241,52.856903,43.543823,1295083,0.000000,0.000000
2009-06-23,52.036880,52.879894,50.427494,52.285954,43.073467,1771534,0.000000,0.000000
2009-06-24,52.879894,54.903126,52.879894,54.903126,45.229515,663839,0.000000,0.000000
2009-06-25,57.650581,57.650581,56.941685,57.650581,47.492878,759627,0.000000,0.000000
2009-06-26,60.535984,60.535984,57.110287,60.535984,49.869892,6572824,0.000000,0.000000
2009-06-29,61.670219,63.563168,61.670219,63.509521,52.319504,14813486,0.000000,0.000000
2009-06-30,63.992336,66.594177,61.700874,62.865765,51.789177,3929863,0.000000,0.000000
2009-07-01,62.996048,63.149323,59.777271,61.478626,50.646435,1061594,0.000000,0.000000
2009-07-02,62.819782,62.819782,58.865288,59.830917,49.289055,3007808,0.000000,0.000000
2009-07-03,59.777271,62.823612,59.394085,62.823612,51.754448,1080684,0.000000,0.000000
2009-07-06,63.225960,65.896782,60.926834,61.555264,50.709579,5012909,0.000000,0.000000
2009-07-07,62.229671,63.609150,59.773441,60.877022,50.150837,4079620,0.000000,0.000000
2009-07-08,59.777271,59.777271,54.792000,56.175308,46.277546,4289778,0.000000,0.000000
2009-07-09,57.324871,57.324871,54.029457,54.979763,45.292641,1137862,0.000000,0.000000
2009-07-10,55.792122,56.251945,54.259369,54.673214,45.040112,707486,0.000000,0.000000
2009-07-13,55.179020,55.566040,50.688061,51.715004,42.603115,2906004,0.000000,0.000000
2009-07-14,52.558018,56.888039,52.558018,56.888039,46.864693,2246771,0.000000,0.000000
2009-07-15,59.263802,62.578373,58.493595,61.229553,50.441257,7468416,0.000000,0.000000
2009-07-16,61.386662,63.490360,60.712250,61.562927,50.715889,4403938,0.000000,0.000000
2009-07-17,62.229671,63.179977,61.390491,61.777512,50.892670,1676280,0.000000,0.000000
2009-07-20,62.382950,65.279846,62.095558,64.475151,53.114998,3669768,0.000000,0.000000
2009-07-21,65.118912,65.118912,62.842773,64.318047,52.985580,1687684,0.000000,0.000000
2009-07-22,64.835350,65.498260,63.609150,64.344872,53.007668,1898886,0.000000,0.000000
2009-07-23,65.141899,65.356483,64.068977,65.057594,53.594818,2057477,0.000000,0.000000
2009-07-24,65.295174,65.295174,63.850555,64.689735,53.291779,1543891,0.000000,0.000000
2009-07-27,65.111244,65.111244,63.379234,64.103462,52.808796,5106766,0.000000,0.000000
2009-07-28,64.375526,65.141899,63.992336,64.808525,53.389626,3443613,0.000000,0.000000
2009-07-29,63.992336,64.682076,62.996048,63.904202,52.644650,1274793,0.000000,0.000000
2009-07-30,63.992336,64.758713,61.846485,63.233624,52.092220,3157382,0.000000,0.000000
2009-07-31,63.992336,64.314217,62.084061,63.612980,52.404728,2627394,0.000000,0.000000
2009-08-03,63.839062,64.544128,62.842773,63.475033,52.291100,1421927,0.000000,0.000000
2009-08-04,63.088013,63.225960,59.547359,60.007187,49.434269,2181059,0.000000,0.000000
2009-08-05,59.930546,60.528320,57.792358,58.363312,48.080040,1867140,0.000000,0.000000
2009-08-06,57.861336,57.861336,56.711769,56.884205,46.861534,1822410,0.000000,0.000000
2009-08-07,55.945396,56.251945,52.121181,55.818943,45.983971,1166021,0.000000,0.000000
2009-08-10,56.711769,58.091248,54.795834,55.198181,45.472576,890608,0.000000,0.000000
2009-08-11,54.029457,56.098671,51.347145,55.838104,45.999756,917827,0.000000,0.000000
2009-08-12,55.179020,55.868759,54.876301,55.175190,45.453636,782345,0.000000,0.000000
2009-08-13,55.945396,56.711769,55.202011,56.117828,46.230186,979650,0.000000,0.000000
2009-08-14,56.627468,58.857620,55.730812,57.370853,47.262436,723183,0.000000,0.000000
2009-08-17,56.558495,57.248234,55.263321,55.979881,46.116547,1387166,0.000000,0.000000
2009-08-18,56.340080,57.324871,55.945396,56.604481,46.631100,1756815,0.000000,0.000000
2009-08-19,56.711769,57.064304,54.646389,55.232666,45.500996,746305,0.000000,0.000000
2009-08-20,56.328583,56.328583,51.734165,53.607952,44.553551,2903616,0.484743,0.000000
2009-08-21,52.879894,54.795834,52.354927,53.933662,44.824261,1574189,0.000000,0.000000
2009-08-24,54.565922,55.087055,52.113518,54.267033,45.101307,486458,0.000000,0.000000
2009-08-25,54.259369,54.562088,52.726620,52.964195,44.018528,1276959,0.000000,0.000000
2009-08-26,53.094479,54.167404,52.803257,53.082985,44.117256,433573,0.000000,0.000000
2009-08-27,52.964195,56.098671,51.500420,54.926117,45.649078,1642184,0.000000,0.000000
2009-08-28,55.562206,55.562206,53.653934,54.175068,45.024883,1038003,0.000000,0.000000
2009-08-31,53.799545,55.179020,53.722908,54.769009,45.518513,888520,0.000000,0.000000
2009-09-01,54.565922,55.562206,53.263081,53.653934,44.591770,598740,0.000000,0.000000
2009-09-02,53.646271,54.159740,51.734165,52.446892,43.588593,618704,0.000000,0.000000
2009-09-03,53.263081,53.263081,51.577057,51.910431,43.142750,542814,0.000000,0.000000
2009-09-04,52.113518,52.573345,49.982998,51.101906,42.470779,1596137,0.000000,0.000000
2009-09-07,52.251469,52.251469,50.542450,51.178543,42.534477,714467,0.000000,0.000000
2009-09-08,51.692013,52.036880,51.044426,51.561729,42.852940,588928,0.000000,0.000000
2009-09-09,50.734043,51.806969,50.197582,50.511795,41.980343,453968,0.000000,0.000000
2009-09-10,51.646030,52.113518,47.392647,48.952221,40.684185,1080789,0.000000,0.000000
2009-09-11,48.860256,49.419708,47.672375,48.580528,40.375267,2434786,0.000000,0.000000
2009-09-14,48.588192,49.814396,47.515266,47.863968,39.779736,1260505,0.000000,0.000000
2009-09-15,48.434917,49.385223,48.128368,48.860256,40.607750,1834832,0.000000,0.000000
2009-09-16,49.431206,51.638367,49.243443,50.293377,41.798805,1626552,0.000000,0.000000
2009-09-17,50.810680,51.500420,50.350857,50.611423,42.063137,1297027,0.000000,0.000000
2009-09-18,51.347145,54.596577,50.661240,53.079151,44.114063,5120820,0.000000,0.000000
2009-09-22,53.109806,53.952820,52.343433,52.730453,43.824265,876920,0.000000,0.000000
2009-09-23,53.247753,53.623280,51.722668,51.887440,43.123638,839301,0.000000,0.000000
2009-09-24,51.347145,52.496708,50.488804,52.182491,43.368851,614150,0.000000,0.000000
2009-09-25,51.806969,53.240089,51.197701,51.557896,42.849743,677566,0.000000,0.000000
2009-09-29,53.416355,54.795834,51.350975,51.550236,42.843388,402479,0.000000,0.000000
2009-09-30,51.500420,52.301281,50.580769,51.029099,42.410275,610706,0.000000,0.000000
2009-10-01,51.347145,51.500420,50.657406,50.803017,42.222378,798786,0.000000,0.000000
2009-10-05,50.580769,50.848999,49.898697,50.109447,41.645943,330047,0.000000,0.000000
2009-10-06,50.580769,51.347145,48.281643,50.626751,42.075886,341060,0.000000,0.000000
2009-10-07,51.232189,51.500420,49.891029,50.599930,42.053589,583486,0.000000,0.000000
2009-10-08,50.626751,51.186207,49.239613,49.626633,41.244678,298339,0.000000,0.000000
2009-10-09,50.557777,50.561611,48.664829,49.461861,41.107742,383767,0.000000,0.000000
2009-10-12,49.461861,50.120945,48.818108,49.504013,41.142773,397755,0.000000,0.000000
2009-10-13,49.431206,49.431206,49.431206,49.431206,41.082256,0,0.000000,0.000000
2009-10-14,49.891029,51.117233,49.354568,50.542450,42.005821,1805303,0.000000,0.000000
2009-10-15,51.347145,51.952579,50.887318,51.339481,42.668228,1563724,0.000000,0.000000
2009-10-16,51.270508,53.569633,51.040592,52.937374,43.996239,2649380,0.000000,0.000000
2009-10-20,53.492996,53.876183,51.577057,52.071369,43.276501,2125603,0.000000,0.000000
2009-10-21,52.726620,54.987427,52.205486,53.711411,44.639538,4850495,0.000000,0.000000
2009-10-22,53.646271,55.761467,53.263081,54.217220,45.059914,5783667,0.000000,0.000000
2009-10-23,54.933781,56.022034,54.795834,55.286312,45.948444,2027766,0.000000,0.000000
2009-10-26,55.186684,58.091248,53.726738,55.765297,46.346519,5831803,0.000000,0.000000
2009-10-27,55.516228,57.784698,55.420429,56.048859,46.582188,3614717,0.000000,0.000000
2009-10-28,56.010536,56.704105,53.991138,54.830318,45.569458,2716058,0.000000,0.000000
2009-10-29,52.190159,54.941444,52.190159,54.236378,45.075840,1658886,0.000000,0.000000
2009-10-30,54.634895,58.045265,54.270866,54.788170,45.534431,8059550,0.000000,0.000000
2009-11-03,54.872471,56.926357,54.719196,55.907078,46.464355,2486705,0.000000,0.000000
2009-11-04,56.865047,59.164173,55.918571,58.217697,48.384705,1355523,0.000000,0.000000
2009-11-05,58.244522,60.880852,57.861336,60.505329,50.285965,2678661,0.000000,0.000000
2009-11-06,61.310024,63.609150,61.310024,63.333256,52.636250,2398524,0.000000,0.000000
2009-11-09,63.379234,73.564362,63.379234,66.080711,54.919666,6501044,0.000000,0.000000
2009-11-10,67.241768,67.977486,63.685787,65.057594,54.069347,4260784,0.000000,0.000000
2009-11-11,66.245483,67.057838,62.459587,63.111004,52.451546,4760487,0.000000,0.000000
2009-11-12,63.455875,65.448448,60.160461,60.501495,50.282772,4018683,0.000000,0.000000
2009-11-13,59.470722,62.486408,59.470722,61.681713,51.263657,1481049,0.000000,0.000000
2009-11-16,62.459587,63.609150,61.398155,62.796791,52.190399,2178345,0.000000,0.000000
2009-11-17,62.766136,63.448212,61.539936,61.869476,51.419708,979794,0.000000,0.000000
2009-11-18,61.869476,65.295174,61.693211,64.394684,53.518406,3292316,0.000000,0.000000
2009-11-19,65.141899,65.877617,62.919411,63.363911,52.661732,1822892,0.000000,0.000000
2009-11-20,63.164650,63.915699,61.697044,63.298767,52.607586,1009818,0.000000,0.000000
2009-11-23,65.525085,65.525085,63.298767,63.609150,52.865547,857491,0.000000,0.000000
2009-11-24,64.126450,64.452164,62.382950,63.080349,52.426060,804514,0.000000,0.000000
2009-11-25,63.513351,64.375526,62.689499,63.823734,53.043880,1020557,0.000000,0.000000
2009-11-26,64.275894,65.141899,62.635853,62.992218,52.352814,1097751,0.000000,0.000000
2009-11-27,62.076397,62.911747,60.329063,62.260326,51.744537,1668842,0.000000,0.000000
2009-11-30,63.225960,63.448212,62.153034,62.448090,51.900593,649081,0.000000,0.000000
2009-12-01,63.149323,63.294933,62.766136,63.053528,52.403774,704028,0.000000,0.000000
2009-12-02,63.839062,63.839062,62.459587,62.666508,52.082119,688474,0.000000,0.000000
2009-12-03,63.187641,63.225960,62.612862,62.815948,52.206322,1413485,0.000000,0.000000
2009-12-04,62.459587,64.988625,62.459587,63.609150,52.865547,2287652,0.000000,0.000000
2009-12-07,63.992336,64.758713,63.992336,64.295052,53.435596,1103636,0.000000,0.000000
2009-12-08,64.528801,65.678360,63.858219,64.398514,53.521591,3042086,0.000000,0.000000
2009-12-09,64.751045,65.739670,63.762424,64.812355,53.865536,2836247,0.000000,0.000000
2009-12-10,65.908272,66.643997,64.835350,65.532753,54.464252,1046569,0.000000,2.000000
2009-12-11,65.908272,66.981201,65.065262,65.233864,54.215843,596985,0.000000,0.000000
2009-12-14,65.823975,66.214828,64.988625,65.180222,54.171265,550428,0.000000,0.000000
2009-12-15,65.218536,65.724342,63.800743,64.268234,53.413311,311962,0.000000,0.000000
2009-12-16,63.609150,65.287514,62.842773,64.988625,54.012028,330830,0.000000,0.000000
2009-12-17,65.586395,65.601723,64.812355,65.034607,54.050240,212115,0.000000,0.000000
2009-12-18,65.065262,66.214828,64.084305,65.072929,54.082088,400430,0.000000,0.000000
2009-12-21,65.141899,65.295174,63.616814,64.712730,53.782730,368383,0.000000,0.000000
2009-12-22,65.065262,65.065262,63.632141,64.015327,53.203117,545776,0.000000,0.000000
2009-12-23,64.682076,65.486771,63.923363,65.348824,54.311394,557403,0.000000,0.000000
2009-12-24,65.448448,66.214828,64.413841,65.938927,54.801834,612141,0.000000,0.000000
2009-12-29,66.674652,66.674652,65.141899,65.647705,54.559784,387956,0.000000,0.000000
2009-12-30,65.141899,68.207397,59.470722,66.621002,55.368698,4417235,0.000000,0.000000
2009-12-31,67.287750,67.778229,65.946594,66.827927,55.540672,671987,0.000000,0.000000
2010-01-04,67.011856,69.586876,66.368103,69.219017,57.527905,1860224,0.000000,0.000000
2010-01-05,69.433601,71.111961,69.433601,70.820740,58.859100,2280286,0.000000,0.000000
2010-01-06,70.966354,79.243202,70.506531,77.810081,64.667938,7326390,0.000000,0.000000
2010-01-07,79.611069,79.611069,74.031853,74.598969,61.999184,4759208,0.000000,0.000000
2010-01-08,75.074120,77.863731,73.909233,75.541611,62.782616,3324076,0.000000,0.000000
2010-01-11,75.717880,77.702789,75.717880,76.890434,63.903618,1196678,0.000000,0.000000
2010-01-12,77.327271,78.476830,70.759430,71.832359,59.699860,3772479,0.000000,0.000000
2010-01-13,72.790321,73.403427,70.199974,71.027664,59.031067,4749944,0.000000,0.000000
2010-01-14,71.993294,74.644951,71.594780,73.955215,61.464176,3145358,0.000000,0.000000
2010-01-15,74.338402,74.706261,72.445457,73.939888,61.451416,1360965,0.000000,0.000000
2010-01-18,72.981918,73.939888,72.683029,73.058556,60.718941,3677989,0.000000,0.000000
2010-01-19,73.549034,74.790565,72.039276,72.767334,60.476913,538104,0.000000,0.000000
2010-01-20,73.572029,73.993530,72.200218,73.288467,60.910030,739585,0.000000,0.000000
2010-01-21,72.039276,73.541374,71.272903,71.679085,59.572468,541020,0.000000,0.000000
2010-01-22,70.966354,72.345825,68.207397,71.050652,59.050179,616336,0.000000,0.000000
2010-01-25,69.740150,70.813080,68.398994,69.632858,57.871841,5020131,0.000000,0.000000
2010-01-27,69.893425,70.330261,66.306793,68.222725,56.699879,3143290,0.000000,0.000000
2010-01-28,68.222725,69.433601,67.594299,68.184410,56.668041,2610176,0.000000,0.000000
2010-01-29,66.981201,68.360680,65.923599,67.939171,56.464226,787492,0.000000,0.000000
2010-02-01,66.981201,71.104301,66.981201,70.161659,58.311333,712157,0.000000,0.000000
2010-02-02,70.813080,73.556702,69.602203,71.556458,59.470554,3048356,0.000000,0.000000
2010-02-03,72.039276,74.798225,71.587112,74.575981,61.980080,1353188,0.000000,0.000000
2010-02-04,73.572029,74.215782,72.499100,73.342117,60.954620,659441,0.000000,0.000000
2010-02-05,70.506531,72.345825,67.747574,71.564125,59.476929,1147355,0.000000,0.000000
2010-02-08,70.506531,73.572029,70.506531,72.353493,60.132965,3916501,0.000000,0.000000
2010-02-09,72.353493,74.261765,71.663750,73.380432,60.986454,3926418,0.000000,0.000000
2010-02-10,72.039276,74.476349,72.039276,73.740631,61.285828,373126,0.000000,0.000000
2010-02-11,73.112206,75.564606,73.112206,74.445694,61.871792,2333471,0.000000,0.000000
2010-02-15,75.104774,76.024429,74.491676,74.989822,62.324024,1101359,0.000000,0.000000
2010-02-16,75.871155,76.767815,75.265717,76.284996,63.400444,841741,0.000000,0.000000
2010-02-17,78.185608,80.607353,77.005386,79.496109,66.069191,4883188,0.000000,0.000000
2010-02-18,79.457787,79.457787,76.032089,77.235306,64.190231,1603391,0.000000,0.000000
2010-02-19,75.258057,77.311935,73.572029,75.794518,62.992809,1508086,0.000000,0.000000
2010-02-22,76.790802,76.944077,74.346069,75.403664,62.667965,1656459,0.000000,0.000000
2010-02-23,75.403664,76.239014,74.667946,75.296371,62.578789,965962,0.000000,0.000000
2010-02-24,74.798225,75.418991,74.338402,75.227402,62.521481,896212,0.000000,0.000000
2010-02-25,73.572029,75.549278,73.572029,74.552986,61.960968,1786507,0.000000,0.000000
2010-02-26,74.644951,75.978447,73.595016,74.583641,61.986443,2971468,0.000000,0.000000
2010-03-02,75.104774,75.104774,64.145615,74.430367,61.859062,3737920,0.000000,0.000000
2010-03-03,74.491676,76.852112,74.491676,75.917137,63.094715,2785476,0.000000,0.000000
2010-03-04,76.177704,78.154953,74.859535,75.779190,62.980061,2648043,0.000000,0.000000
2010-03-05,75.871155,77.656807,75.602921,77.235306,64.190231,1265626,0.000000,0.000000
2010-03-08,77.863731,78.154953,76.944077,77.495872,64.406807,1182684,0.000000,0.000000
2010-03-09,77.449890,77.679802,76.499580,77.365585,64.298515,474584,0.000000,0.000000
2010-03-10,77.403908,77.403908,73.878578,74.529999,61.941856,885904,0.000000,0.000000
2010-03-11,69.318642,74.330742,69.318642,72.744339,60.457806,1094940,0.000000,0.000000
2010-03-12,73.112206,74.752243,72.805649,73.564362,61.139317,625966,0.000000,0.000000
2010-03-15,73.725304,74.185127,72.667702,73.602684,61.171165,453100,0.000000,0.000000
2010-03-16,74.254105,75.104774,73.572029,74.644951,62.037403,606504,0.000000,0.000000
2010-03-17,75.687225,75.687225,73.418755,73.824928,61.355885,2145365,0.000000,0.000000
2010-03-18,76.315651,76.315651,72.805649,73.572029,61.145695,680293,0.000000,0.000000
2010-03-19,72.039276,73.993530,72.039276,73.587357,61.158432,919288,0.000000,0.000000
2010-03-22,73.418755,73.418755,70.974014,71.380196,59.324059,1875340,0.000000,0.000000
2010-03-23,71.579453,72.422462,69.916420,71.226921,59.196678,582769,0.000000,0.000000
2010-03-25,70.085022,72.805649,70.046700,72.100586,59.922783,919927,0.000000,0.000000
2010-03-26,71.272903,73.188843,71.272903,72.614059,60.349541,502469,0.000000,0.000000
2010-03-29,72.660042,74.338402,71.602440,72.269188,60.062897,1893321,0.000000,0.000000
2010-03-30,73.265480,74.798225,71.732727,72.644714,60.375004,2099402,0.000000,0.000000
2010-03-31,70.828407,73.878578,70.828407,71.993294,59.833595,1274812,0.000000,0.000000
2010-04-01,72.345825,73.786613,72.345825,73.441742,61.037418,1354669,0.000000,0.000000
2010-04-05,74.185127,74.936172,73.273140,74.606636,62.005562,1829508,0.000000,0.000000
2010-04-06,74.859535,75.503296,73.801941,74.162140,61.636131,2272189,0.000000,0.000000
2010-04-07,74.491676,76.330978,74.407379,75.426659,62.687073,3406385,0.000000,0.000000
2010-04-08,75.641243,76.484253,74.798225,75.350021,62.623398,2483241,0.000000,0.000000
2010-04-09,75.104774,75.863487,74.338402,75.035805,62.362247,902527,0.000000,0.000000
2010-04-12,74.959167,75.411331,74.108490,74.384384,61.820843,674421,0.000000,0.000000
2010-04-13,74.936172,75.196739,73.119865,75.051132,62.374977,592633,0.000000,0.000000
2010-04-15,75.258057,75.258057,74.192795,74.767570,62.139313,1185209,0.000000,0.000000
2010-04-16,74.507004,74.982155,73.901566,74.277092,61.731674,472803,0.000000,0.000000
2010-04-19,73.572029,76.284996,73.112206,75.648903,62.871780,1259396,0.000000,0.000000
2010-04-20,76.507248,80.775955,75.418991,80.078552,66.553268,4616328,0.000000,0.000000
2010-04-21,80.745300,83.994736,80.316132,83.435280,69.343040,3406640,0.000000,0.000000
2010-04-22,83.841454,85.527481,80.247154,84.830078,70.502251,2397585,0.000000,0.000000
2010-04-23,87.244164,89.926476,84.002396,86.263206,71.693329,2424999,0.000000,0.000000
2010-04-26,86.447136,88.286430,85.535149,87.849602,73.011780,2764383,0.000000,0.000000
2010-04-27,87.979881,91.168007,86.991257,88.983833,73.954437,8516839,0.000000,0.000000
2010-04-28,88.439705,89.650581,85.834030,86.339844,71.757011,5317518,0.000000,0.000000
2010-04-29,86.600410,87.366783,85.274574,86.056282,71.521347,3714648,0.000000,0.000000
2010-04-30,86.600410,86.983597,85.105972,86.224884,71.661469,1541940,0.000000,0.000000
2010-05-03,85.818703,88.186806,84.607834,87.067894,72.362106,4096224,0.000000,0.000000
2010-05-04,84.454559,87.964554,79.404144,86.286194,71.712433,2414424,0.000000,0.000000
2010-05-05,85.987305,87.451080,83.688179,86.631065,71.999054,2806314,0.000000,0.000000
2010-05-06,86.178902,87.044907,85.098312,86.600410,71.973572,3221724,0.000000,0.000000
2010-05-07,85.818703,86.370499,84.301285,85.956650,71.438553,3313676,0.000000,0.000000
2010-05-10,85.987305,89.359360,85.834030,89.045143,74.005409,2912443,0.000000,0.000000
2010-05-11,89.481979,89.481979,87.696327,89.098793,74.049980,1861777,0.000000,0.000000
2010-05-12,89.512634,92.079994,86.447136,89.014488,73.979912,6220731,0.000000,0.000000
2010-05-13,89.206085,90.815475,89.052811,89.351692,74.260162,2458332,0.000000,0.000000
2010-05-14,88.899536,92.570473,88.899536,91.566521,76.100914,4054384,0.000000,0.000000
2010-05-17,90.279007,90.723511,88.179138,89.321037,74.234695,2177666,0.000000,0.000000
2010-05-18,89.596931,91.206322,89.420670,90.233025,74.992630,2601114,0.000000,0.000000
2010-05-19,89.052811,89.972458,87.520058,88.592979,73.629601,2450516,0.000000,0.000000
2010-05-20,88.899536,91.658485,88.899536,91.060715,75.680534,3386473,0.000000,0.000000
2010-05-21,88.914864,94.064903,88.914864,90.715843,75.393913,7053482,0.000000,0.000000
2010-05-24,88.899536,93.175911,83.994736,90.999405,75.629578,9744781,0.000000,0.000000
2010-05-25,90.279007,92.118309,88.493355,89.022156,73.986290,6120695,0.000000,0.000000
2010-05-26,91.919052,91.919052,87.558380,89.619926,74.483101,32878917,0.000000,0.000000
2010-05-27,89.918816,89.918816,77.963356,83.067421,69.037308,63544774,0.000000,0.000000
2010-05-28,87.366783,87.366783,81.243446,82.799187,68.814377,5774527,0.000000,0.000000
2010-05-31,82.599930,84.515869,81.856544,83.190041,69.139214,3948665,0.000000,0.000000
2010-06-01,82.538620,83.964081,81.572983,82.232071,68.343056,1661372,0.000000,0.000000
2010-06-02,82.461983,83.511917,81.542328,82.898811,68.897179,1532388,0.000000,0.000000
2010-06-03,83.542572,84.454559,82.929466,84.331940,70.088257,1657282,0.000000,0.000000
2010-06-04,84.454559,85.374207,83.396957,84.462219,70.196518,1469469,0.000000,0.000000
2010-06-07,84.148010,84.148010,80.929230,82.461983,68.534134,964573,0.000000,0.000000
2010-06-08,82.461983,83.197701,81.488686,82.017487,68.164719,857804,0.000000,0.000000
2010-06-09,83.228355,83.228355,81.389053,81.979164,68.132866,452421,0.000000,0.000000
2010-06-10,81.419708,83.918091,81.419708,83.588554,69.470428,784883,0.000000,0.000000
2010-06-11,84.293617,84.914383,82.469643,83.113403,69.075531,715530,0.000000,0.000000
2010-06-14,83.534904,83.803139,82.569275,83.121063,69.081894,1134816,0.000000,0.000000
2010-06-15,83.121063,83.841454,82.538620,83.458267,69.362129,783813,0.000000,0.000000
2010-06-16,83.994736,84.285957,82.630585,83.481262,69.381256,1083209,0.000000,0.000000
2010-06-17,82.921806,84.209320,82.837502,83.611542,69.489532,755530,0.000000,0.000000
2010-06-18,82.944801,83.803139,82.155434,83.243683,69.183800,7355802,0.000000,0.000000
2010-06-21,83.964081,84.132683,82.500298,82.745537,68.769798,1488363,0.000000,0.000000
2010-06-22,82.461983,83.197701,81.772240,82.324036,68.419479,1494117,0.000000,0.000000
2010-06-23,81.542328,82.615257,81.542328,82.331696,68.425858,2187035,0.000000,0.000000
2010-06-24,81.542328,82.768532,81.542328,82.009819,68.158340,10248829,0.000000,0.000000
2010-06-25,81.389053,82.768532,77.403908,81.825890,68.005478,1117748,0.000000,0.000000
2010-06-28,81.833549,82.461983,81.419708,82.109451,68.241142,1073905,0.000000,0.000000
2010-06-29,82.301041,82.339363,81.848885,82.193748,68.311203,828549,0.000000,0.000000
2010-06-30,81.856544,83.680519,81.856544,82.576935,68.629669,1716619,0.000000,0.000000
2010-07-01,82.124779,82.822174,81.779907,82.285713,68.387627,624648,0.000000,0.000000
2010-07-02,82.002159,83.381630,81.389053,82.362350,68.451332,1429254,0.000000,0.000000
2010-07-05,82.768532,82.768532,81.626633,82.193748,68.311203,1222932,0.000000,0.000000
2010-07-06,81.772240,83.029099,81.113159,81.641960,67.852615,2964552,0.000000,0.000000
2010-07-07,81.274101,82.201416,81.166809,81.412048,67.661530,410732,0.000000,0.000000
2010-07-08,82.301041,82.868156,81.327744,82.002159,68.151970,3229599,0.000000,0.000000
2010-07-09,82.308708,82.737877,81.082504,81.718597,67.916298,1311511,0.000000,0.000000
2010-07-12,82.140106,82.461983,81.419708,81.749252,67.941772,1038238,0.000000,0.000000
2010-07-13,81.703270,82.438988,81.251106,81.764580,67.954514,1179239,0.000000,0.000000
2010-07-14,82.484970,85.558136,81.864204,82.423660,68.502281,12107742,0.000000,0.000000
2010-07-15,82.768532,83.496590,82.316368,82.630585,68.674248,4751471,0.000000,0.000000
2010-07-16,82.477310,84.285957,82.469643,83.059753,69.030960,6056177,0.000000,0.000000
2010-07-19,82.484970,84.209320,82.484970,83.527245,69.419464,2499441,0.000000,0.000000
2010-07-20,84.255302,84.439232,82.776192,83.350975,69.272972,2677128,0.000000,0.000000
2010-07-21,84.285957,84.730453,83.213028,84.193993,69.973610,7024593,0.000000,0.000000
2010-07-22,84.010056,86.048615,84.002396,85.665428,71.196518,10791455,0.000000,0.000000
2010-07-23,86.569756,86.592743,84.086700,85.274574,70.871681,9963095,0.000000,0.000000
2010-07-26,86.125252,87.673332,85.374207,87.205841,72.476746,6259250,0.000000,0.000000
2010-07-27,85.834030,91.198662,85.834030,89.941803,74.750618,8334761,0.000000,0.000000
2010-07-28,90.095078,93.099274,89.750214,90.646866,75.336578,11066992,0.000000,0.000000
2010-07-29,90.738831,91.520538,88.516350,89.282722,74.202858,4749494,0.000000,0.000000
2010-07-30,89.734886,90.263680,88.209793,89.489639,74.374817,4927690,0.000000,0.000000
2010-08-02,89.512634,95.781586,89.152435,93.467133,77.680504,16863898,0.000000,0.000000
2010-08-03,94.264160,97.329659,93.819664,95.482697,79.355644,37479868,0.000000,0.000000
2010-08-04,96.118790,96.555626,93.359840,93.873306,78.018082,14049526,0.000000,0.000000
2010-08-05,94.723984,94.754639,92.884682,93.436478,77.655037,6858630,0.000000,0.000000
2010-08-06,93.053291,95.337090,92.424858,93.850319,77.998970,3379349,0.000000,0.000000
2010-08-09,94.118546,94.570709,92.409531,93.298531,77.540390,5188430,0.000000,0.000000
2010-08-10,93.896301,96.532631,93.114601,94.563049,78.591331,8850037,0.000000,0.000000
2010-08-11,95.176147,95.452042,93.321518,93.919289,78.056290,3367155,0.000000,0.000000
2010-08-12,93.497787,93.919289,90.922768,91.934380,77.203575,8109851,0.969485,0.000000
2010-08-13,92.578133,101.383789,92.424858,96.049812,80.659599,18684592,0.000000,0.000000
2010-08-16,96.410011,98.509880,94.877258,95.919533,80.550186,16970582,0.000000,0.000000
2010-08-17,96.486649,97.590225,95.337090,96.310387,80.878403,4266016,0.000000,0.000000
2010-08-18,96.869835,99.168961,96.563286,98.111366,82.390831,4258533,0.000000,0.000000
2010-08-19,98.157349,99.153633,97.176384,98.034729,82.326462,7173691,0.000000,0.000000
2010-08-20,97.636215,99.015686,96.915817,98.693810,82.879951,26377729,0.000000,0.000000
2010-08-23,98.862411,101.314812,98.402588,100.234222,84.173515,3479548,0.000000,0.000000
2010-08-24,101.437431,103.307388,99.628792,102.487366,86.065636,4917440,0.000000,0.000000
2010-08-25,103.154114,103.430008,98.663155,99.728416,83.748749,9641425,0.000000,0.000000
2010-08-26,100.946953,101.038918,96.164772,96.793198,81.283859,20995836,0.000000,0.000000
2010-08-27,96.800865,97.620888,94.723984,95.030533,79.803619,2700191,0.000000,0.000000
2010-08-30,95.796913,97.421623,95.796913,96.126450,80.723946,1976440,0.000000,0.000000
2010-08-31,96.103462,101.912582,94.877258,99.644112,83.677948,3097327,0.000000,0.000000
2010-09-01,100.395164,103.997124,100.318527,103.460663,86.882980,4903674,0.000000,0.000000
2010-09-02,103.920486,104.840141,99.743744,100.594421,84.476006,4703178,0.000000,0.000000
2010-09-03,101.161537,101.161537,98.004074,99.605797,83.645767,4575447,0.000000,0.000000
2010-09-06,99.782066,102.387741,99.054008,101.498741,85.235428,3195686,0.000000,0.000000
2010-09-07,100.579094,101.468086,99.789726,100.425819,84.334412,826611,0.000000,0.000000
2010-09-08,100.517784,101.284157,99.613457,100.326187,84.250748,1834212,0.000000,0.000000
2010-09-09,100.318527,101.690338,99.337563,101.322479,85.087418,16097237,0.000000,0.000000
2010-09-13,101.851273,108.066582,101.774635,107.415161,90.203835,5994289,0.000000,0.000000
2010-09-14,108.058914,108.672012,104.893784,105.859421,88.897377,9566559,0.000000,0.000000
2010-09-15,105.759789,107.139267,104.533592,106.503174,89.437981,4111295,0.000000,0.000000
2010-09-16,105.759789,106.334572,104.012451,104.334335,87.616676,3570854,0.000000,0.000000
2010-09-17,104.985748,106.985992,104.472282,106.020355,89.032539,2401669,0.000000,0.000000
2010-09-20,99.628792,106.372887,94.861931,105.675491,88.742943,3515986,0.000000,0.000000
2010-09-21,105.836426,108.932587,103.307388,104.955093,88.137955,24182942,0.000000,0.000000
2010-09-22,105.453239,105.644836,103.920486,104.204048,87.507263,2203404,0.000000,0.000000
2010-09-23,104.947433,105.284637,103.468330,104.127411,87.442902,1475810,0.000000,0.000000
2010-09-24,103.307388,104.380318,101.904922,102.809242,86.335938,4252851,0.000000,0.000000
2010-09-27,103.483658,104.909111,102.479706,102.809242,86.335938,4485857,0.000000,0.000000
2010-09-28,103.736557,103.974136,102.004555,102.219139,85.840385,2904327,0.000000,0.000000
2010-09-29,102.318764,103.613937,102.157829,103.184769,86.651276,2313755,0.000000,0.000000
2010-09-30,103.537300,104.066101,100.655731,101.590706,85.312637,20540543,0.000000,0.000000
2010-10-01,99.973656,103.935814,99.973656,103.384026,86.818634,1391309,0.000000,0.000000
2010-10-04,103.552628,106.035683,103.031494,104.878456,88.073601,4209588,0.000000,0.000000
2010-10-05,105.606514,105.782784,101.230515,101.514069,85.248299,8968354,0.000000,0.000000
2010-10-06,102.694290,103.613937,100.548439,101.322479,85.087418,5610462,0.000000,0.000000
2010-10-07,101.544724,107.047302,101.544724,105.782784,88.833015,18440475,0.000000,0.000000
2010-10-08,106.441864,108.212189,104.732849,106.319244,89.283524,29698687,0.000000,0.000000
2010-10-11,107.100945,109.108849,105.782784,108.235184,90.892464,6324205,0.000000,0.000000
2010-10-12,108.572388,108.656693,106.096992,107.231232,90.049393,5086567,0.000000,0.000000
2010-10-13,107.599091,108.196861,105.322952,107.913307,90.622147,6013248,0.000000,0.000000
2010-10-14,108.672012,108.672012,105.292297,105.683151,88.749344,5185788,0.000000,0.000000
2010-10-15,106.280922,106.441864,104.265358,105.299965,88.427582,2180537,0.000000,0.000000
2010-10-18,105.299965,107.116272,102.709618,104.119743,87.436455,1411397,0.000000,0.000000
2010-10-19,102.717278,106.832718,102.717278,103.483658,86.902290,3660236,0.000000,0.000000
2010-10-20,103.475990,103.475990,102.234467,102.793915,86.323074,2310897,0.000000,0.000000
2010-10-21,103.460663,105.322952,103.261406,104.357323,87.635963,2590865,0.000000,0.000000
2010-10-22,103.583282,104.970421,103.000839,103.315056,86.760704,2696009,0.000000,0.000000
2010-10-25,104.043106,104.916779,102.694290,103.315056,86.760704,1909841,0.000000,0.000000
2010-10-26,104.234703,105.453239,101.161537,104.004791,87.339928,2414613,0.000000,0.000000
2010-10-27,103.384026,104.840141,103.000839,103.636932,87.030991,1438087,0.000000,0.000000
2010-10-28,104.840141,106.158302,103.460663,104.794159,88.002831,9367427,0.000000,0.000000
2010-10-29,105.606514,109.461380,104.380318,107.974617,90.673653,2996404,0.000000,0.000000
2010-11-01,109.101189,114.036644,109.101189,113.262604,95.114334,5551209,0.000000,0.000000
2010-11-02,114.151596,119.999046,112.695488,117.814873,98.937180,5714093,0.000000,0.000000
2010-11-03,118.450966,118.450966,114.113281,114.925636,96.510902,2193840,0.000000,0.000000
2010-11-04,114.956291,120.474197,114.312538,118.152077,99.220375,3751295,0.000000,0.000000
2010-11-08,117.286072,117.868523,115.324158,115.914261,97.341118,1246275,0.000000,0.000000
2010-11-09,116.374084,118.144417,114.212914,116.036880,97.444077,2344334,0.000000,0.000000
2010-11-10,115.722672,117.561974,112.733803,113.868042,95.622780,2411201,0.000000,0.000000
2010-11-11,114.688065,116.902885,111.737518,113.147652,95.017807,1619800,0.000000,0.000000
2010-11-12,112.818108,116.734283,112.810440,114.634415,96.266335,3402647,0.000000,0.000000
2010-11-15,112.963715,115.722672,112.059395,114.527122,96.176247,2412825,0.000000,0.000000
2010-11-16,115.370132,117.531319,106.748413,113.339241,95.178703,4120624,0.000000,0.000000
2010-11-18,115.615379,116.795593,113.891029,115.753326,97.205978,6405445,0.000000,0.000000
2010-11-19,116.489044,116.565681,112.235664,113.116997,94.992065,3081571,0.000000,0.000000
2010-11-22,114.496468,118.788170,112.427254,115.117233,96.671799,2450411,0.000000,0.000000
2010-11-23,116.251465,116.251465,111.162735,113.362236,95.198006,1809263,0.000000,0.000000
2010-11-24,113.431206,114.871994,109.898216,111.254700,93.428162,2428353,0.000000,0.000000
2010-11-25,111.591904,111.890793,107.062630,107.966949,90.667213,4927938,0.000000,0.000000
2010-11-26,101.161537,106.985992,86.600410,89.604599,75.247086,25069466,0.000000,0.000000
2010-11-29,91.965034,98.463898,85.834030,97.360313,81.760101,17744328,0.000000,0.000000
2010-11-30,99.628792,104.993416,97.184052,102.579330,86.142868,12901688,0.000000,0.000000
2010-12-01,103.154114,105.744461,102.694290,104.081429,87.404289,5046091,0.000000,0.000000
2010-12-02,104.993416,109.507362,100.678719,103.146446,86.619102,5095760,0.000000,0.000000
2010-12-03,103.146446,104.763504,102.257454,103.169441,86.638412,3555607,0.000000,0.000000
2010-12-06,102.433723,104.993416,102.081192,102.701950,86.245827,3039887,0.000000,0.000000
2010-12-07,102.686623,103.223091,100.425819,101.123222,84.920067,1366941,0.000000,0.000000
2010-12-08,100.425819,101.445099,96.639923,98.670822,82.860626,2116339,0.000000,0.000000
2010-12-09,98.096039,100.441147,93.896301,95.551674,80.241257,10346575,0.000000,0.000000
2010-12-10,95.038200,99.337563,93.850319,97.429291,81.818024,10976749,0.000000,0.000000
2010-12-13,97.329659,100.295532,97.207039,99.168961,83.278946,963829,0.000000,0.000000
2010-12-14,99.628792,100.395164,97.176384,97.383308,81.779404,1757826,0.000000,0.000000
2010-12-15,97.092087,98.065384,95.796913,97.061432,81.509109,2229593,0.000000,0.000000
2010-12-16,98.050056,98.050056,94.785294,95.528679,80.221962,6985076,0.000000,0.000000
2010-12-20,94.992218,97.329659,91.505211,95.727936,80.389282,4474752,0.000000,0.000000
2010-12-21,95.068855,97.176384,93.735359,95.758591,80.415016,19198642,0.000000,0.000000
2010-12-22,96.410011,97.613220,95.490364,95.766258,80.421463,1064589,0.000000,0.000000
2010-12-23,95.544006,96.249069,94.264160,94.938568,79.726395,1259500,0.000000,0.000000
2010-12-24,93.804337,95.766258,93.804337,94.838943,79.642738,1104967,0.000000,0.000000
2010-12-27,94.992218,96.455994,94.417435,94.923241,79.713524,380675,0.000000,0.000000
2010-12-28,95.183807,96.226082,94.915581,95.643639,80.318504,417889,0.000000,0.000000
2010-12-29,95.796913,98.525208,95.229790,97.858459,82.178429,1137941,0.000000,0.000000
2010-12-30,99.475510,107.292542,96.570953,99.276253,83.369057,3951092,0.000000,0.000000
2010-12-31,99.628792,100.418152,99.322235,99.613457,83.652214,1476515,0.000000,0.000000
2011-01-03,100.395164,101.130882,98.862411,99.437195,83.504204,877846,0.000000,0.000000
2011-01-04,99.628792,100.548439,99.061668,99.682434,83.710144,1187179,0.000000,0.000000
2011-01-05,98.862411,101.130882,98.318283,99.943001,83.928970,1453648,0.000000,0.000000
2011-01-06,100.556099,103.430008,95.045860,98.770447,82.944275,45665126,0.000000,0.000000
2011-01-07,99.130646,100.548439,95.513351,96.272064,80.846222,1698984,0.000000,0.000000
2011-01-10,97.544250,99.291580,89.022156,89.596931,75.240662,17155113,0.000000,0.000000
2011-01-11,90.432281,93.804337,89.788528,92.516823,77.692696,5381945,0.000000,0.000000
2011-01-12,93.344513,95.950188,93.344513,94.961563,79.745697,14665797,0.000000,0.000000
2011-01-13,95.528679,99.552147,95.367744,98.647827,82.841301,12323283,0.000000,0.000000
2011-01-14,98.096039,99.475510,97.023109,98.387260,82.622490,4062767,0.000000,0.000000
2011-01-17,97.636215,98.862411,92.524490,93.398155,78.432808,3548790,0.000000,0.000000
2011-01-18,94.877258,96.716560,93.344513,95.459709,80.164040,18507975,0.000000,0.000000
2011-01-19,95.796913,97.444618,94.202850,96.417671,80.968506,3581078,0.000000,0.000000
2011-01-20,96.103462,98.862411,94.746979,96.471321,81.013557,2405055,0.000000,0.000000
2011-01-21,96.471321,97.988747,96.295052,97.505928,81.882378,7548462,0.000000,0.000000
2011-01-24,97.482941,98.241646,96.716560,97.444618,81.830902,940988,0.000000,0.000000
2011-01-25,97.636215,98.540535,94.586037,95.030533,79.803619,2455885,0.000000,0.000000
2011-01-27,95.812241,96.210754,93.359840,93.842651,78.806076,3201342,0.000000,0.000000
2011-01-28,93.497787,94.110886,87.818947,88.409050,74.243118,5905585,0.000000,0.000000
2011-01-31,87.366783,88.347740,84.462219,86.477791,72.621307,5588449,0.000000,0.000000
2011-02-01,86.600410,88.784576,83.481262,86.738358,72.840118,3997382,0.000000,0.000000
2011-02-02,87.366783,91.489883,87.366783,89.413002,75.086212,3598139,0.000000,0.000000
2011-02-03,89.351692,94.110886,88.769249,93.405823,78.439247,1555732,0.000000,0.000000
2011-02-04,93.497787,94.831276,91.627831,92.294579,77.506065,2417751,0.000000,0.000000
2011-02-07,90.539574,93.497787,89.206085,90.156387,75.710464,4744998,0.000000,0.000000
2011-02-08,91.198662,92.263924,86.086937,89.773201,75.388672,26112735,0.000000,0.000000
2011-02-09,89.957130,91.313614,87.121544,89.236740,74.938171,3871295,0.000000,0.000000
2011-02-10,89.052811,91.198662,87.389771,89.259727,74.957489,4264020,0.000000,0.000000
2011-02-11,88.830559,90.279007,88.018204,89.581612,75.227791,2162771,0.000000,0.000000
2011-02-14,89.819183,93.804337,89.665909,92.585800,77.750618,1674936,0.000000,0.000000
2011-02-15,93.520775,94.264160,89.788528,92.884682,78.001610,1961401,0.000000,0.000000
2011-02-16,93.628067,96.333374,92.432526,95.973175,80.595215,1395713,0.000000,0.000000
2011-02-17,96.272064,97.283676,95.681953,96.233742,80.814049,1078133,0.000000,0.000000
2011-02-18,95.934860,97.590225,94.647346,94.961563,79.745697,1871524,0.000000,0.000000
2011-02-21,95.329422,96.862175,94.417435,96.272064,80.846222,907812,0.000000,0.000000
2011-02-22,95.796913,98.479225,95.030533,96.172432,80.762558,1501920,0.000000,0.000000
2011-02-23,95.252785,96.072807,92.976646,93.628067,78.625885,3364813,0.000000,0.000000
2011-02-24,93.651062,93.651062,90.125732,90.815475,76.263947,2825971,0.000000,0.000000
2011-02-25,90.056763,91.965034,84.638489,91.252304,76.630791,3939205,0.000000,0.000000
2011-02-28,89.520294,96.180099,89.520294,93.666389,78.658066,2131403,0.000000,0.000000
2011-03-01,95.245117,95.643639,94.187523,94.670341,79.501152,2683006,0.000000,0.000000
2011-03-03,92.731407,95.030533,91.957375,92.846367,77.969437,3556925,0.000000,0.000000
2011-03-04,94.723984,94.984550,91.658485,91.903725,77.177826,2090509,0.000000,0.000000
2011-03-07,91.957375,92.578133,90.432281,90.968750,76.392670,4410397,0.000000,0.000000
2011-03-08,91.505211,92.355888,90.708176,91.014732,76.431274,5580770,0.000000,0.000000
2011-03-09,91.259972,92.409531,90.593224,90.869118,76.309021,2850848,0.000000,0.000000
2011-03-10,90.876785,91.612503,90.869118,91.145012,76.540680,1455761,0.000000,0.000000
2011-03-11,91.198662,91.436234,89.819183,91.106697,76.508499,1991132,0.000000,0.000000
2011-03-14,91.099030,92.984314,90.968750,92.555145,77.724861,2612590,0.000000,0.000000
2011-03-15,91.152679,92.263924,90.079750,91.934380,77.203575,3323280,0.000000,0.000000
2011-03-16,91.735123,93.030296,91.735123,91.972694,77.235756,2110597,0.000000,0.000000
2011-03-17,91.965034,92.263924,91.658485,92.003357,77.261505,1747264,0.000000,0.000000
2011-03-18,91.972694,93.651062,91.106697,92.049339,77.300110,2086569,0.000000,0.000000
2011-03-21,91.972694,92.225601,90.815475,91.880730,77.158524,1264661,0.000000,0.000000
2011-03-22,91.206322,92.631783,91.206322,91.965034,77.229324,1431119,0.000000,0.000000
2011-03-23,91.965034,92.286911,91.512871,91.926720,77.197151,3813079,0.000000,0.000000
2011-03-24,91.252304,92.386543,91.252304,91.934380,77.203575,981072,0.000000,0.000000
2011-03-25,91.957375,93.482460,91.673813,92.064667,77.312981,2404448,0.000000,0.000000
2011-03-28,92.279251,92.654770,91.658485,91.988029,77.248619,1242015,0.000000,0.000000
2011-03-29,92.118309,94.685669,91.689140,94.057236,78.986290,3932642,0.000000,0.000000
2011-03-30,95.306435,97.789490,94.233505,96.693573,81.200195,2170385,0.000000,0.000000
2011-03-31,97.935097,104.993416,96.931145,102.165489,85.795334,8015792,0.000000,0.000000
2011-04-01,102.081192,102.418396,99.981323,101.314812,85.080956,1372669,0.000000,0.000000
2011-04-04,102.686623,103.836189,100.824333,101.720993,85.422058,1521147,0.000000,0.000000
2011-04-05,102.694290,102.694290,101.161537,102.119507,85.756706,932930,0.000000,0.000000
2011-04-06,101.935577,102.464378,100.088615,101.054245,84.862144,1182266,0.000000,0.000000
2011-04-07,101.912582,101.912582,99.506165,99.943001,83.928970,1844448,0.000000,0.000000
2011-04-08,100.395164,100.395164,97.643875,99.452522,83.517067,1393468,0.000000,0.000000
2011-04-11,100.226562,100.226562,98.578857,99.521492,83.574982,830487,0.000000,0.000000
2011-04-13,99.628792,100.349182,98.739792,99.559814,83.607185,1198538,0.000000,0.000000
2011-04-15,99.322235,99.920013,98.279968,98.647827,82.841301,604455,0.000000,0.000000
2011-04-18,98.778114,99.498505,96.364029,97.482941,81.863083,2578814,0.000000,0.000000
2011-04-19,98.325951,98.992699,95.030533,97.820145,82.146255,597925,0.000000,0.000000
2011-04-20,98.096039,100.395164,96.256737,99.705421,83.729439,1442543,0.000000,0.000000
2011-04-21,100.395164,100.648064,99.230270,99.552147,83.600731,4751536,0.000000,0.000000
2011-04-25,99.467850,99.766731,97.950424,98.617172,82.815582,516111,0.000000,0.000000
2011-04-26,99.276253,99.276253,95.819901,97.651543,82.004662,794584,0.000000,0.000000
2011-04-27,98.709137,98.962044,96.739555,98.203331,82.468040,724514,0.000000,0.000000
2011-04-28,98.839424,99.613457,97.482941,98.302956,82.551704,1796013,0.000000,0.000000
2011-04-29,98.709137,100.379837,95.030533,95.789246,80.440765,2491599,0.000000,0.000000
2011-05-02,96.739555,98.356606,95.490364,96.410011,80.962059,1589371,0.000000,0.000000
2011-05-03,97.038437,98.402588,94.532394,95.383072,80.099678,3379858,0.000000,0.000000
2011-05-04,95.643639,97.000122,92.685425,94.356125,79.237282,1484435,0.000000,0.000000
2011-05-05,95.482697,95.490364,91.995689,92.953659,78.059532,1380798,0.000000,0.000000
2011-05-06,94.072571,94.930908,92.907677,94.777634,79.591255,824524,0.000000,0.000000
2011-05-09,95.383072,96.547958,93.597412,95.268112,80.003136,26606833,0.000000,0.000000
2011-05-10,95.490364,96.072807,94.578377,95.567001,80.254135,576323,0.000000,0.000000
2011-05-11,96.455994,96.808525,95.367744,96.164772,80.756134,10969932,0.000000,0.000000
2011-05-12,96.517303,99.322235,95.704948,97.720512,82.062584,3498814,0.000000,0.000000
2011-05-13,98.348938,101.874268,96.839180,98.042389,82.332886,2281538,0.000000,0.000000
2011-05-16,97.613220,98.103699,96.716560,97.337326,81.740807,404879,0.000000,0.000000
2011-05-17,94.723984,99.168961,94.356125,97.337326,81.740807,589991,0.000000,0.000000
2011-05-18,97.728180,97.728180,95.183807,96.233742,80.814049,1419285,0.000000,0.000000
2011-05-19,97.329659,97.544250,95.658966,95.934860,80.563042,427264,0.000000,0.000000
2011-05-20,96.517303,96.578613,95.352417,95.942520,80.569481,649616,0.000000,0.000000
2011-05-23,95.337090,96.011497,93.811996,94.241173,79.140747,1104080,0.000000,0.000000
2011-05-24,94.992218,96.517303,93.099274,94.838943,79.642738,888996,0.000000,0.000000
2011-05-25,95.183807,95.620644,91.589508,92.877022,77.995171,1873775,0.000000,0.000000
2011-05-26,93.651062,94.256500,92.003357,92.708420,77.853584,1285062,0.000000,0.000000
2011-05-27,94.264160,94.969223,91.229317,93.528442,78.542191,1806282,0.000000,0.000000
2011-05-30,94.409775,95.459709,93.965271,94.555382,79.404602,1327013,0.000000,0.000000
2011-05-31,94.601364,98.540535,94.417435,97.873787,82.191292,2873154,0.000000,0.000000
2011-06-01,98.770447,98.962044,96.655251,97.467606,81.850204,691084,0.000000,0.000000
2011-06-02,97.643875,97.843132,95.030533,96.103462,80.704643,733948,0.000000,0.000000
2011-06-03,96.241409,96.977127,93.651062,94.248833,79.147179,1577425,0.000000,0.000000
2011-06-06,94.601364,94.601364,91.359596,92.424858,77.615448,1312392,0.000000,0.000000
2011-06-07,92.424858,94.792961,92.011017,94.333138,79.217964,914043,0.000000,0.000000
2011-06-08,94.126213,96.379356,93.083946,96.019157,80.633850,986579,0.000000,0.000000
2011-06-09,96.256737,100.088615,95.796913,99.322235,83.407661,1948777,0.000000,0.000000
2011-06-10,99.329903,100.310860,97.942764,98.762787,82.937836,1894978,0.000000,0.000000
2011-06-13,99.168961,102.678963,97.191711,102.173157,85.801773,2766855,0.000000,0.000000
2011-06-14,102.242126,104.525925,101.468086,103.820862,87.185471,2408943,0.000000,0.000000
2011-06-15,103.460663,104.518265,99.636452,100.080948,84.044807,1455253,0.000000,0.000000
2011-06-16,99.636452,103.238419,99.168961,101.943237,85.608688,1925303,0.000000,0.000000
2011-06-17,103.054482,104.893784,101.927917,103.376366,86.812180,2924950,0.000000,0.000000
2011-06-20,103.161781,103.598610,100.395164,101.268829,85.042343,918127,0.000000,0.000000
2011-06-21,101.184532,102.219139,100.080948,101.583046,85.306221,2235242,0.000000,0.000000
2011-06-22,102.632980,102.632980,100.548439,101.215187,84.997299,911811,0.000000,0.000000
2011-06-23,101.238174,101.843613,99.782066,101.008263,84.823532,895442,0.000000,0.000000
2011-06-24,102.441383,107.292542,101.468086,106.051010,89.058281,3124069,0.000000,0.000000
2011-06-27,106.066338,108.825294,106.066338,107.353851,90.152351,1821796,0.000000,0.000000
2011-06-28,107.867325,108.365463,106.526161,107.231232,90.049393,3487808,0.000000,0.000000
2011-06-29,107.146927,108.618370,105.920731,107.093285,89.933540,1024073,0.000000,0.000000
2011-06-30,106.794395,110.358040,106.679443,109.576340,92.018723,4127188,0.000000,0.000000
2011-07-01,112.044067,112.044067,106.257935,107.568436,90.332565,773185,0.000000,0.000000
2011-07-04,107.897980,109.821579,107.668068,108.595383,91.194962,987186,0.000000,0.000000
2011-07-05,109.438393,109.438393,106.901688,107.652740,90.403351,442994,0.000000,0.000000
2011-07-06,108.626038,108.626038,107.031975,107.231232,90.049393,368344,0.000000,0.000000
2011-07-07,106.326904,109.507362,101.935577,108.986229,91.523170,2211344,0.000000,0.000000
2011-07-08,108.158546,109.921211,107.407494,107.744705,90.480576,2330861,0.000000,0.000000
2011-07-11,108.656693,111.584244,107.024307,109.714287,92.134583,2215402,0.000000,0.000000
2011-07-12,109.591667,112.304634,107.315529,108.150879,90.821671,1226181,0.000000,0.000000
2011-07-13,108.219856,109.262123,107.545441,108.817627,91.381584,784067,0.000000,0.000000
2011-07-14,109.085861,110.189438,108.273499,109.576340,92.018723,688559,0.000000,0.000000
2011-07-15,110.051491,110.358040,108.832954,109.683632,92.108833,571854,0.000000,0.000000
2011-07-18,110.335052,110.335052,109.101189,109.499702,91.954369,367946,0.000000,0.000000
2011-07-19,108.978569,113.423546,108.978569,112.097717,94.136101,3798602,0.000000,0.000000
2011-07-20,113.032692,113.714767,111.584244,112.442581,94.425720,2246347,0.000000,0.000000
2011-07-21,112.090050,112.327629,109.591667,110.296730,92.623703,1244279,0.000000,0.000000
2011-07-22,110.817863,113.408218,110.817863,113.048019,94.934120,656597,0.000000,0.000000
2011-07-25,112.473236,115.569397,111.898453,115.017601,96.588135,1241004,0.000000,0.000000
2011-07-26,114.948631,117.485329,114.948631,116.688301,97.991135,1990193,0.000000,0.000000
2011-07-27,116.718956,117.109810,114.956291,116.489044,97.823799,4375662,0.000000,0.000000
2011-07-28,116.335770,116.466049,112.887077,114.120941,95.835136,3347250,0.000000,0.000000
2011-07-29,112.197342,112.465576,83.994736,89.742546,75.362946,76281771,0.000000,0.000000
2011-08-01,92.731407,99.475510,92.133636,97.812477,82.139816,35402883,0.000000,0.000000
2011-08-02,100.946953,104.288345,95.950188,102.916534,86.426033,22102663,0.000000,0.000000
2011-08-03,101.897263,103.000839,100.042633,100.854988,85.500229,10725724,0.969485,0.000000
2011-08-04,99.789726,102.303436,99.789726,100.763023,85.422264,4317825,0.000000,0.000000
2011-08-05,99.590469,99.598129,93.497787,95.007545,80.543053,7735583,0.000000,0.000000
2011-08-08,93.957611,96.961800,90.593224,93.988266,79.678947,6997687,0.000000,0.000000
2011-08-09,92.102982,92.631783,90.731171,91.574181,77.632393,3873467,0.000000,0.000000
2011-08-10,92.578133,94.264160,88.140823,92.263924,78.217133,8171831,0.000000,0.000000
2011-08-11,91.934380,92.677765,87.366783,87.665672,74.318932,5242392,0.000000,0.000000
2011-08-12,89.045143,90.118073,86.753685,87.627350,74.286453,2235595,0.000000,0.000000
2011-08-16,89.190758,89.190758,85.834030,86.454796,73.292412,2276202,0.000000,0.000000
2011-08-17,86.286194,88.516350,84.592506,86.278526,73.142982,2131266,0.000000,0.000000
2011-08-18,87.359116,88.117828,85.358879,85.673096,72.629730,1844187,0.000000,0.000000
2011-08-19,83.228355,86.132919,78.829361,81.481018,69.075859,3090411,0.000000,0.000000
2011-08-22,81.074844,83.534904,79.703033,82.760864,70.160866,1595497,0.000000,0.000000
2011-08-23,83.527245,85.688423,81.312416,82.730209,70.134888,2464699,0.000000,0.000000
2011-08-24,82.814514,83.511917,80.047897,81.450363,69.049896,2623349,0.000000,0.000000
2011-08-25,82.423660,83.228355,80.775955,81.412048,69.017410,3218853,0.000000,0.000000
2011-08-26,82.262726,82.262726,79.350494,80.216499,68.003876,2168180,0.000000,0.000000
2011-08-29,81.818230,82.852837,80.814278,82.684227,70.095901,2023858,0.000000,0.000000
2011-08-30,83.956413,84.546524,80.500061,81.151482,68.796509,5074321,0.000000,0.000000
2011-09-02,82.737877,83.090408,80.775955,81.657288,69.225319,3252296,0.000000,0.000000
2011-09-05,81.389053,82.921806,79.886963,81.496346,69.088852,1917552,0.000000,0.000000
2011-09-06,81.396721,83.059753,80.423424,82.017487,69.530663,2020752,0.000000,0.000000
2011-09-07,82.691895,88.179138,81.542328,84.906715,71.980026,5751640,0.000000,0.000000
2011-09-08,85.067657,87.795952,84.301285,86.056282,72.954575,2212662,0.000000,0.000000
2011-09-09,86.715363,87.121544,82.990784,84.692131,71.798103,2607795,0.000000,0.000000
2011-09-12,83.565559,87.979881,82.002159,84.822418,71.908546,6760910,0.000000,0.000000
2011-09-13,85.374207,86.447136,84.056046,85.312897,72.324364,2674975,0.000000,0.000000
2011-09-14,85.220932,87.681000,84.676804,86.286194,73.149498,1473899,0.000000,0.000000
2011-09-15,86.631065,90.715843,86.623398,89.849838,76.170586,3547530,0.000000,0.000000
2011-09-16,89.819183,92.271584,89.244400,91.888397,77.898781,2777379,0.000000,0.000000
2011-09-19,92.731407,93.344513,88.133156,88.608315,75.118080,1811990,0.000000,0.000000
2011-09-20,88.891869,93.796669,88.600647,92.562805,78.470505,2835262,0.000000,0.000000
2011-09-21,92.716080,96.256737,92.716080,94.869598,80.426094,3514433,0.000000,0.000000
2011-09-22,93.651062,93.651062,89.052811,89.497307,75.871704,2637852,0.000000,0.000000
2011-09-23,88.891869,89.328705,86.631065,87.297806,74.007065,2160945,0.000000,0.000000
2011-09-26,88.899536,88.899536,82.301041,82.921806,70.297310,2390741,0.000000,0.000000
2011-09-27,84.301285,87.044907,83.764816,86.148247,73.032524,3499147,0.000000,0.000000
2011-09-28,87.113876,87.113876,81.695602,83.052094,70.407753,1449518,0.000000,0.000000
2011-09-29,83.228355,84.592506,81.695602,82.423660,69.875000,3478034,0.000000,0.000000
2011-09-30,84.048378,84.048378,79.703033,80.752960,68.458649,2684846,0.000000,0.000000
2011-10-03,79.940605,80.009583,75.717880,77.511200,65.710449,2748829,0.000000,0.000000
2011-10-04,78.017006,78.017006,72.981918,74.031853,62.760807,2985391,0.000000,0.000000
2011-10-05,74.361397,75.480301,71.732727,72.100586,61.123569,2849119,0.000000,0.000000
2011-10-07,74.330742,78.300560,68.605919,70.797752,60.019096,5246489,0.000000,0.000000
2011-10-10,71.265236,72.184891,70.046700,70.567841,59.824181,2319535,0.000000,0.000000
2011-10-11,71.970306,71.970306,67.310745,70.314934,59.609787,10679167,0.000000,0.000000
2011-10-12,70.659805,71.679085,70.483536,71.226921,60.382912,3018201,0.000000,0.000000
2011-10-13,71.441505,74.077835,70.046700,72.031616,61.065105,11496534,0.000000,0.000000
2011-10-14,72.491440,73.556702,71.579453,72.177223,61.188553,1336212,0.000000,0.000000
2011-10-17,72.637047,73.257812,71.165611,71.456833,60.577835,1451638,0.000000,0.000000
2011-10-18,70.199974,71.104301,69.740150,70.675133,59.915138,6640401,0.000000,0.000000
2011-10-19,70.989342,72.729012,70.529518,72.522095,61.480915,4671973,0.000000,0.000000
2011-10-20,72.039276,72.292183,70.314934,71.364868,60.499866,1169016,0.000000,0.000000
2011-10-21,72.644714,72.644714,70.199974,70.836067,60.051571,1446438,0.000000,0.000000
2011-10-24,71.433838,71.771049,70.353249,70.667465,59.908642,2555477,0.000000,0.000000
2011-10-25,71.226921,71.487488,69.456589,70.583160,59.837166,2725851,0.000000,0.000000
2011-10-28,72.637047,74.399712,72.039276,73.518379,62.325516,3631223,0.000000,0.000000
2011-10-31,74.008865,74.706261,72.843971,73.250153,62.098125,3398830,0.000000,0.000000
2011-11-01,72.345825,72.797989,70.506531,71.058319,60.239983,3342774,0.000000,0.000000
2011-11-02,70.054367,71.433838,70.054367,71.035324,60.220482,3587093,0.000000,0.000000
2011-11-03,71.234581,72.652374,70.108009,70.966354,60.162029,3278478,0.000000,0.000000
2011-11-04,71.908997,71.993294,70.391571,70.851395,60.064568,5900594,0.000000,0.000000
2011-11-08,71.242249,71.242249,70.215302,70.851395,60.064568,2383499,0.000000,0.000000
2011-11-09,70.843735,70.966354,70.062027,70.590828,59.843670,1302462,0.000000,0.000000
2011-11-11,70.406898,71.449165,69.625198,70.345589,59.635773,3641525,0.000000,0.000000
2011-11-14,71.211594,71.395523,69.740150,69.970062,59.317429,3456792,0.000000,0.000000
2011-11-15,70.337921,70.337921,61.877140,63.195305,53.574081,8912258,0.000000,0.000000
2011-11-16,62.536224,62.842773,56.129326,58.750332,49.805836,14069875,0.000000,0.000000
2011-11-17,59.930546,59.945873,53.056160,53.883846,45.680252,12714279,0.000000,0.000000
2011-11-18,55.945396,55.945396,49.201294,51.408455,43.581734,16433188,0.000000,0.000000
2011-11-21,50.734043,51.921925,47.323673,47.821819,40.541153,5949252,0.000000,0.000000
2011-11-22,47.515266,49.569153,46.917496,48.205006,40.865993,6877531,0.000000,0.000000
2011-11-23,47.515266,48.894745,44.924919,45.308105,38.410137,5893059,0.000000,0.000000
2011-11-24,44.717999,49.814396,42.771404,48.634174,41.229824,26419738,0.000000,0.000000
2011-11-25,50.427494,51.040592,47.545921,49.193630,41.704105,6403735,0.000000,0.000000
2011-11-28,49.906361,50.527122,48.434917,48.672493,41.262310,4282732,0.000000,0.000000
2011-11-29,49.048019,50.074963,46.082146,46.856186,39.722534,5840839,0.000000,0.000000
2011-11-30,46.595615,48.442581,45.170158,46.197102,39.163792,5942669,0.000000,0.000000
2011-12-01,47.668545,48.496227,46.618610,47.400311,40.183815,3252760,0.000000,0.000000
2011-12-02,48.227997,52.803257,46.748894,51.914261,44.010532,6999312,0.000000,0.000000
2011-12-05,51.883606,54.190395,51.362473,52.688301,44.666729,7016895,0.000000,0.000000
2011-12-07,52.726620,53.768890,51.577057,52.259132,44.302895,3740347,0.000000,0.000000
2011-12-08,52.274460,52.711292,49.285595,51.316490,43.503765,5613476,0.000000,0.000000
2011-12-09,50.504131,51.270508,48.641838,49.760746,42.184883,5545455,0.000000,0.000000
2011-12-12,50.013653,50.948627,47.446293,48.143696,40.814018,4350231,0.000000,0.000000
2011-12-13,47.653214,50.197582,47.063107,49.247276,41.749573,5089360,0.000000,0.000000
2011-12-14,49.247276,49.262604,47.622559,48.327625,40.969948,6535596,0.000000,0.000000
2011-12-15,47.668545,48.664829,47.040115,48.212669,40.872490,2705215,0.000000,0.000000
2011-12-16,48.434917,49.814396,47.017124,48.258652,40.911472,3321499,0.000000,0.000000
2011-12-19,47.668545,48.258652,46.710575,47.430965,40.209801,5859198,0.000000,0.000000
2011-12-20,47.492275,48.243324,46.373367,47.316010,40.112343,3447403,0.000000,0.000000
2011-12-21,47.821819,48.741467,46.197102,47.806492,40.528156,4341404,0.000000,0.000000
2011-12-22,47.660877,48.266315,47.247036,47.729855,40.463192,3911177,0.000000,0.000000
2011-12-23,47.929111,50.166927,47.929111,49.224285,41.730095,3992554,0.000000,0.000000
2011-12-26,49.561489,50.887318,49.071011,49.982998,42.373295,2874864,0.000000,0.000000
2011-12-27,50.097954,50.603760,48.741467,49.323914,41.814552,1196711,0.000000,0.000000
2011-12-28,48.565201,50.197582,48.128368,49.837383,42.249851,2339173,0.000000,0.000000
2011-12-29,50.074963,50.496468,47.354328,47.975094,40.671082,4800846,0.000000,0.000000
2011-12-30,47.591904,48.434917,44.166206,45.001556,38.150261,5519038,0.000000,0.000000
2012-01-02,44.909592,44.909592,43.376842,44.242844,37.507061,4426427,0.000000,0.000000
2012-01-03,44.449768,45.062866,43.491798,44.043587,37.338139,7148175,0.000000,0.000000
2012-01-04,44.043587,45.062866,42.334572,42.633457,36.142689,7327278,0.000000,0.000000
2012-01-05,42.319244,42.564484,40.617889,40.939770,34.706860,6668403,0.000000,0.000000
2012-01-06,40.311340,41.920727,40.012455,41.162018,34.895271,7823555,0.000000,0.000000
2012-01-09,41.284637,41.844090,40.518261,41.047058,34.797810,7501748,0.000000,0.000000
2012-01-10,41.185009,43.760029,41.185009,43.430489,36.818382,14022646,0.000000,0.000000
2012-01-11,43.522453,49.507843,43.522453,48.128368,40.801025,29144161,0.000000,0.000000
2012-01-12,48.082386,50.550114,46.986469,49.224285,41.730095,16233789,0.000000,0.000000
2012-01-13,48.917732,50.235901,47.216381,49.492516,41.957489,4441048,0.000000,0.000000
2012-01-16,49.354568,54.926117,48.603519,54.412643,46.128544,11490382,0.000000,0.000000
2012-01-17,55.010418,57.631420,54.037121,57.079632,48.389496,13889761,0.000000,0.000000
2012-01-18,57.324871,61.992096,56.987667,61.287033,51.956329,22122301,0.000000,0.000000
2012-01-19,62.804455,68.927795,61.478626,67.517662,57.238380,22645321,0.000000,0.000000
2012-01-20,68.207397,69.870438,61.463299,62.199017,52.729481,28273373,0.000000,0.000000
2012-01-23,61.310024,63.900372,59.631660,61.225723,51.904366,24054194,0.000000,0.000000
2012-01-24,61.156750,63.363911,60.888515,62.168362,52.703487,9317902,0.000000,0.000000
2012-01-25,62.306313,63.042030,60.957489,61.294697,51.962837,7643709,0.000000,0.000000
2012-01-27,60.712250,65.862289,50.986946,64.904320,55.022903,20247899,0.000000,0.000000
2012-01-30,64.252907,64.911987,59.493713,60.290745,51.111732,14668909,0.000000,0.000000
2012-01-31,60.451683,64.528801,60.083824,63.747097,54.041874,18940243,0.000000,0.000000
2012-02-01,63.609150,67.172791,63.609150,66.866241,56.686142,13876484,0.000000,0.000000
2012-02-02,67.885521,67.885521,64.666748,65.915939,55.880508,14709385,0.000000,0.000000
2012-02-03,65.915939,66.398758,64.383186,65.502098,55.529678,4238047,0.000000,0.000000
2012-02-06,66.483055,67.441025,65.141899,66.682312,56.530216,16488866,0.000000,0.000000
2012-02-07,67.441025,67.448692,60.934498,61.547600,52.177231,10579973,0.000000,0.000000
2012-02-08,61.769848,64.168602,61.700874,62.881092,53.307713,7578551,0.000000,0.000000
2012-02-09,63.156986,63.762424,57.991619,60.053169,50.910324,22756859,0.000000,0.000000
2012-02-10,60.313736,62.137707,58.282841,60.359718,51.170200,9106034,0.000000,0.000000
2012-02-13,60.543648,60.965153,56.727100,57.140942,48.441475,10319519,0.000000,0.000000
2012-02-14,57.094959,57.248234,53.653934,54.581249,46.271477,24474836,0.000000,0.000000
2012-02-15,54.719196,58.397797,54.535267,57.999283,49.169132,34248657,0.000000,0.000000
2012-02-16,58.275177,60.528320,57.002995,60.114479,50.962299,18705678,0.000000,0.000000
2012-02-17,60.811878,65.065262,60.551311,63.494194,53.827465,25436786,0.000000,0.000000
2012-02-21,63.494194,65.509758,63.494194,64.651421,54.808510,16217367,0.000000,0.000000
2012-02-22,64.789368,65.295174,58.574062,59.355766,50.319099,19817829,0.000000,0.000000
2012-02-23,59.164173,60.696922,57.478146,58.918934,49.948772,15448025,0.000000,0.000000
2012-02-24,59.608669,60.405701,57.018322,57.738712,48.948238,8061644,0.000000,0.000000
2012-02-27,57.738712,57.914982,52.879894,53.270744,45.160496,6716813,0.000000,0.000000
2012-02-28,53.807209,56.711769,53.799545,56.366901,47.785282,9863215,0.000000,0.000000
2012-02-29,57.156269,58.390133,56.711769,57.439827,48.694859,7674862,0.000000,0.000000
2012-03-01,57.478146,57.478146,55.332294,56.198299,47.642345,5665533,0.000000,0.000000
2012-03-02,56.558495,56.911030,53.646271,54.136749,45.894650,9491133,0.000000,0.000000
2012-03-05,55.025745,56.527840,53.952820,55.010418,46.635315,7859928,0.000000,0.000000
2012-03-06,55.179020,56.374565,53.355045,53.722908,45.543819,5743132,0.000000,0.000000
2012-03-07,52.879894,53.630943,48.350616,48.894745,41.450726,18343232,0.000000,0.000000
2012-03-09,50.335529,51.339481,46.427013,48.672493,41.262310,25154979,0.000000,0.000000
2012-03-12,50.074963,50.657406,48.542210,49.753082,42.178387,10546105,0.000000,0.000000
2012-03-13,50.274220,52.397079,49.369896,51.101906,43.321854,16277560,0.000000,0.000000
2012-03-14,50.550114,52.420071,49.584480,49.860374,42.269341,11542706,0.000000,0.000000
2012-03-15,49.592144,49.592144,48.128368,48.565201,41.171360,6645758,0.000000,0.000000
2012-03-16,48.335289,49.446533,46.679920,47.109089,39.936928,7546844,0.000000,0.000000
2012-03-19,47.545921,47.752846,44.250507,45.208477,38.325680,9658042,0.000000,0.000000
2012-03-20,44.947910,45.369415,42.993652,43.568436,36.935322,17246028,0.000000,0.000000
2012-03-21,43.668064,46.128128,43.284878,45.890553,38.903912,16805310,0.000000,0.000000
2012-03-22,45.675968,46.787212,43.223564,43.568436,36.935322,13042565,0.000000,0.000000
2012-03-23,43.874985,44.909592,43.254223,44.258175,37.520054,7505624,0.000000,0.000000
2012-03-26,43.943958,44.373131,42.150642,42.349899,35.902302,7975759,0.000000,0.000000
2012-03-27,42.940006,44.120224,42.763741,43.668064,37.019783,7444544,0.000000,0.000000
2012-03-28,43.392170,43.974613,42.985989,43.560772,36.928825,10182282,0.000000,0.000000
2012-03-29,43.131599,46.595615,42.978325,45.928871,38.936382,22417013,0.000000,0.000000
2012-03-30,45.982517,47.438629,45.982517,46.725903,39.612083,8137886,0.000000,0.000000
2012-04-02,46.756557,48.044067,46.756557,47.208717,40.021385,5515515,0.000000,0.000000
2012-04-03,47.783501,49.599808,46.442341,49.124657,41.645630,12343521,0.000000,0.000000
2012-04-04,49.201294,49.814396,48.220333,48.680157,41.268806,6756617,0.000000,0.000000
2012-04-09,48.434917,48.572865,47.201054,47.630222,40.378723,3675522,0.000000,0.000000
2012-04-10,47.630222,49.048019,47.208717,48.434917,41.060898,6638810,0.000000,0.000000
2012-04-11,47.821819,48.956055,46.580292,47.093761,39.923931,5749167,0.000000,0.000000
2012-04-12,47.377319,48.289307,47.162735,47.446293,40.222794,3558830,0.000000,0.000000
2012-04-13,47.875465,48.672493,46.135792,46.511314,39.430164,5943876,0.000000,0.000000
2012-04-16,46.304394,47.331337,45.737278,46.733566,39.618572,4643958,0.000000,0.000000
2012-04-17,46.572624,47.162735,45.154831,46.511314,39.430164,6235587,0.000000,0.000000
2012-04-18,46.986469,48.971382,46.810204,47.109089,39.936928,13376742,0.000000,0.000000
2012-04-19,47.423302,47.423302,45.591667,45.967190,38.968872,7441315,0.000000,0.000000
2012-04-20,45.829243,46.212429,43.760029,44.043587,37.338139,11783580,0.000000,0.000000
2012-04-23,44.426777,45.216141,42.426537,42.671776,36.175175,6190289,0.000000,0.000000
2012-04-24,42.917015,43.269550,41.905399,42.740749,36.233646,6818780,0.000000,0.000000
2012-04-25,42.832714,43.162254,41.706142,42.265598,35.830833,4561798,0.000000,0.000000
2012-04-26,42.449528,43.645073,41.384266,41.805771,35.441021,10638606,0.000000,0.000000
2012-04-27,41.997368,42.457191,41.384266,42.211952,35.785358,3878752,0.000000,0.000000
2012-04-30,42.334572,43.376842,41.690815,43.062626,36.506519,3730143,0.000000,0.000000
2012-05-02,43.583763,43.721710,42.541492,42.802059,36.285625,3246320,0.000000,0.000000
2012-05-03,42.457191,42.733086,41.384266,41.583523,35.252605,4115842,0.000000,0.000000
2012-05-04,41.077717,41.974373,40.004791,41.261646,34.979729,9126488,0.000000,0.000000
2012-05-07,40.173393,43.024307,39.652256,42.464855,35.999756,5581149,0.000000,0.000000
2012-05-08,42.089333,42.924679,40.617889,41.192673,34.921257,3942604,0.000000,0.000000
2012-05-09,40.909115,41.959045,39.253742,39.552628,33.530910,5853594,0.000000,0.000000
2012-05-10,39.728893,40.771164,39.253742,39.468327,33.459435,4098468,0.000000,0.000000
2012-05-11,39.391689,39.836185,37.973896,38.556339,32.686298,5101860,0.000000,0.000000
2012-05-14,38.740273,39.039158,36.057957,36.778351,31.179001,5138494,0.000000,0.000000
2012-05-15,36.732368,36.939289,35.421867,36.241886,30.724211,4301841,0.000000,0.000000
2012-05-16,35.728416,35.920010,35.038677,35.291580,29.918583,4260249,0.000000,0.000000
2012-05-17,35.460182,36.556103,34.793438,35.107651,29.762659,3857535,0.000000,0.000000
2012-05-18,33.521255,35.851036,31.896540,35.582806,30.165466,4623583,0.000000,0.000000
2012-05-21,35.253262,37.529400,35.253262,36.655731,31.075047,12812704,0.000000,0.000000
2012-05-22,37.161537,37.751644,36.793678,37.123219,31.471363,5950589,0.000000,0.000000
2012-05-23,36.786015,37.537060,36.571430,36.992935,31.360914,3098501,0.000000,0.000000
2012-05-24,36.923962,37.491077,36.165249,37.138546,31.484356,1980393,0.000000,0.000000
2012-05-25,37.130882,40.433960,37.130882,39.774876,33.719311,11458087,0.000000,0.000000
2012-05-28,40.173393,40.602562,39.728893,40.211712,34.089649,4675685,0.000000,0.000000
2012-05-29,40.158066,41.338284,39.430008,40.901447,34.674370,4933320,0.000000,0.000000
2012-05-30,40.617889,41.951382,39.943481,40.165730,34.050663,5921928,0.000000,0.000000
2012-05-31,39.851517,41.407257,39.154114,39.935818,33.855762,8855308,0.000000,0.000000
2012-06-01,39.238415,39.506645,36.425816,36.770687,31.172506,5042405,0.000000,0.000000
2012-06-04,36.172913,36.172913,34.609509,35.329903,29.951075,7726012,0.000000,0.000000
2012-06-05,35.644115,36.011974,34.808765,35.092323,29.749664,6463047,0.000000,0.000000
2012-06-06,34.946712,36.280205,34.946712,35.444859,30.048529,18130594,0.000000,0.000000
2012-06-07,35.988983,36.157585,34.502216,35.352894,29.970562,12358599,0.000000,0.000000
2012-06-08,35.069332,35.299248,34.563526,34.900730,29.587244,9948741,0.000000,0.000000
2012-06-11,35.253262,35.965992,34.379597,34.548199,29.288382,18408768,0.000000,0.000000
2012-06-12,34.027061,35.559814,33.758831,35.015686,29.684694,11376397,0.000000,0.000000
2012-06-13,35.276253,35.276253,34.057716,34.318287,29.093470,9692561,0.000000,0.000000
2012-06-14,34.188000,34.640163,33.643875,33.827805,28.677664,5461240,0.000000,0.000000
2012-06-15,34.027061,34.417915,33.873787,34.111362,28.918047,4911438,0.000000,0.000000
2012-06-18,34.256973,34.548199,31.314095,31.911867,27.053413,12210858,0.000000,0.000000
2012-06-19,32.187763,32.494312,31.268110,32.042152,27.163868,9802188,0.000000,0.000000
2012-06-20,32.241409,33.413963,32.003834,33.153397,28.105930,10749459,0.000000,0.000000
2012-06-21,33.107410,33.697521,32.647587,33.475273,28.378803,11235611,0.000000,0.000000
2012-06-22,32.808525,34.256973,32.800861,33.666866,28.541229,15024884,0.000000,0.000000
2012-06-25,33.720512,34.210995,32.126453,32.425339,27.488718,12635897,0.000000,0.000000
2012-06-26,32.532631,33.023109,32.172436,32.578613,27.618656,6406175,0.000000,0.000000
2012-06-27,32.739552,33.797150,32.601604,33.620884,28.502245,9729612,0.000000,0.000000
2012-06-28,33.720512,34.011734,33.030773,33.344990,28.268358,11212463,0.000000,0.000000
2012-06-29,33.720512,34.548199,33.590229,34.088371,28.898558,23289066,0.000000,0.000000
2012-07-02,34.333614,36.540775,33.720512,36.019638,30.535797,98667194,0.000000,0.000000
2012-07-03,36.234222,37.169201,36.188240,36.502457,30.945103,25438848,0.000000,0.000000
2012-07-04,36.632740,37.291821,36.027302,36.402824,30.860641,18808976,0.000000,0.000000
2012-07-05,36.479462,37.061909,36.387497,36.617413,31.042562,19179141,0.000000,0.000000
2012-07-06,36.571430,36.632740,35.268593,35.920010,30.451340,16445878,0.000000,0.000000
2012-07-09,35.866364,36.126930,34.126690,34.364269,29.132452,15506103,0.000000,0.000000
2012-07-10,34.333614,35.306908,33.965752,35.092323,29.749664,14442199,0.000000,0.000000
2012-07-11,34.946712,35.774399,34.762783,35.184288,29.827627,9155272,0.000000,0.000000
2012-07-12,34.732128,35.000359,34.142017,34.448570,29.203920,10709504,0.000000,0.000000
2012-07-13,34.486889,34.862411,33.965752,34.080708,28.892057,8947646,0.000000,0.000000
2012-07-16,34.011734,34.256973,32.356365,32.532631,27.579676,12876197,0.000000,0.000000
2012-07-17,32.570950,32.793198,29.597412,29.811998,25.273245,41346100,0.000000,0.000000
2012-07-18,30.041910,30.946234,28.677763,30.455753,25.818995,100424270,0.000000,0.000000
2012-07-19,30.655010,31.344749,29.704706,30.018921,25.448668,32215012,0.000000,0.000000
2012-07-20,30.041910,30.471081,29.444138,29.995928,25.429173,14260787,0.000000,0.000000
2012-07-23,29.735361,30.003592,28.968987,29.398155,24.922411,10440654,0.000000,0.000000
2012-07-24,29.428810,29.880972,29.152916,29.482458,24.993876,12486134,0.000000,0.000000
2012-07-25,29.911627,29.911627,28.762064,29.091606,24.662533,10814075,0.000000,0.000000
2012-07-26,29.505447,29.766016,27.405581,27.704466,23.486576,26763884,0.000000,0.000000
2012-07-27,27.942043,28.723745,26.194708,26.554903,22.512028,17716111,0.000000,0.000000
2012-07-30,26.669861,27.528200,25.941803,27.298288,23.142241,17946892,0.000000,0.000000
2012-07-31,27.397917,27.972698,27.068375,27.727455,23.506063,12753731,0.000000,0.000000
2012-08-01,27.811760,28.746737,27.635492,28.409533,24.084297,12668068,0.000000,0.000000
2012-08-02,28.401869,28.785055,28.125973,28.470842,24.989037,9204498,0.969485,0.000000
2012-08-03,28.386539,28.386539,27.129684,27.558855,24.188576,11521998,0.000000,0.000000
2012-08-06,27.589510,28.325230,27.589510,27.742785,24.350018,6970566,0.000000,0.000000
2012-08-07,27.896061,28.271584,27.689138,28.003353,24.578718,6158725,0.000000,0.000000
2012-08-08,28.041672,28.693090,27.589510,27.750448,24.356737,13291718,0.000000,0.000000
2012-08-09,27.742785,28.125973,26.838463,27.267632,23.932970,21703381,0.000000,0.000000
2012-08-10,27.282961,27.566519,26.899773,27.206322,23.879156,6407787,0.000000,0.000000
2012-08-13,27.145012,28.317568,27.145012,28.041672,24.612349,9686670,0.000000,0.000000
2012-08-14,28.049335,29.543768,28.049335,29.398155,25.802944,17820688,0.000000,0.000000
2012-08-16,29.428810,29.934618,29.076279,29.275536,25.695324,19347550,0.000000,0.000000
2012-08-17,29.168243,29.635733,27.911388,28.079990,24.645981,12669145,0.000000,0.000000
2012-08-21,28.056999,28.501497,27.796431,28.378876,24.908312,6533952,0.000000,0.000000
2012-08-22,28.432524,28.585798,27.673811,27.873070,24.464367,4595085,0.000000,0.000000
2012-08-23,27.750448,28.102982,27.168003,27.359596,24.013685,7544247,0.000000,0.000000
2012-08-24,27.282961,27.313616,26.462938,26.784817,23.509197,7818271,0.000000,0.000000
2012-08-27,26.823135,26.853790,24.232786,24.386063,21.403799,24362385,0.000000,0.000000
2012-08-28,24.370733,24.432043,23.221170,23.895580,20.973299,30074664,0.000000,0.000000
2012-08-29,23.949226,24.202131,23.481737,23.696325,20.798409,12729174,0.000000,0.000000
2012-08-30,23.757633,24.140821,23.389772,23.811281,20.899303,17227062,0.000000,0.000000
2012-08-31,23.757633,24.186804,23.221170,23.880255,20.959848,13361573,0.000000,0.000000
2012-09-03,24.064184,24.585320,23.803616,24.079514,21.134737,8627581,0.000000,0.000000
2012-09-04,24.033529,24.370733,23.412766,24.240450,21.275995,10095073,0.000000,0.000000
2012-09-05,24.087175,24.294096,23.389772,23.665667,20.771507,12035852,0.000000,0.000000
2012-09-06,23.811279,24.002874,23.251825,23.535385,20.657156,11909680,0.000000,0.000000
2012-09-07,23.604359,24.156149,23.451082,23.780622,20.872404,14227611,0.000000,0.000000
2012-09-10,23.757633,26.279009,23.466412,26.072088,22.883633,39069180,0.000000,0.000000
2012-09-11,26.056759,27.712130,25.535624,27.512873,24.148220,45562272,0.000000,0.000000
2012-09-12,27.589510,27.620165,26.669861,26.945755,23.650455,18365708,0.000000,0.000000
2012-09-13,26.915100,28.156628,26.777151,27.244640,23.912790,20324467,0.000000,0.000000
2012-09-14,27.589510,29.221889,27.397917,28.961323,25.419531,25826798,0.000000,0.000000
2012-09-17,29.137589,29.811998,28.539816,29.505447,25.897114,16647255,0.000000,0.000000
2012-09-18,29.505447,30.854269,29.183571,30.087894,26.408333,16462162,0.000000,0.000000
2012-09-20,30.041910,31.068853,29.306190,30.609030,26.865734,30219123,0.000000,0.000000
2012-09-21,30.655010,31.344749,30.425098,31.122499,27.316408,23597466,0.000000,0.000000
2012-09-24,31.222130,32.019157,30.294815,30.501736,26.771561,20823153,0.000000,0.000000
2012-09-25,30.578375,31.406059,29.459467,30.700994,26.946451,20275112,0.000000,0.000000
2012-09-26,30.708658,31.015207,30.126211,30.386780,26.670668,16446544,0.000000,0.000000
2012-09-27,30.494072,30.808287,29.980600,30.087894,26.408333,8628103,0.000000,0.000000
2012-09-28,30.325470,31.229794,30.325470,30.831276,27.060802,14054230,0.000000,0.000000
2012-10-01,30.808287,31.015207,29.888636,30.363791,26.650488,7992180,0.000000,0.000000
2012-10-03,30.532391,32.563286,30.371452,31.973179,28.063057,42851609,0.000000,0.000000
2012-10-04,32.049812,34.916058,32.049812,34.509876,30.289530,38191784,0.000000,0.000000
2012-10-05,35.038677,36.395161,33.720512,36.103939,31.688648,55367572,0.000000,0.000000
2012-10-08,35.988983,36.563766,34.594181,34.847088,30.585505,22012805,0.000000,0.000000
2012-10-09,34.939049,35.613461,33.536583,33.766495,29.637058,19175115,0.000000,0.000000
2012-10-10,33.551910,33.574902,32.210754,32.364025,28.406105,21613575,0.000000,0.000000
2012-10-11,32.494312,34.900730,31.942522,34.540535,30.316442,32681266,0.000000,0.000000
2012-10-12,34.486889,35.452522,33.919769,34.126690,29.953211,20839339,0.000000,0.000000
2012-10-15,34.157345,34.456234,33.360317,33.873787,29.731237,11003323,0.000000,0.000000
2012-10-16,33.413963,34.747456,32.678242,32.854511,28.836607,17464687,0.000000,0.000000
2012-10-17,33.107410,33.452282,32.187763,32.777870,28.769341,12058745,0.000000,0.000000
2012-10-18,32.954136,34.004070,32.570950,33.835468,29.697599,12003420,0.000000,0.000000
2012-10-19,33.643875,33.858459,32.770206,33.130402,29.078758,9057748,0.000000,0.000000
2012-10-22,32.954136,34.364269,32.509640,34.233986,30.047384,14009643,0.000000,0.000000
2012-10-23,34.448570,34.778111,34.027061,34.318283,30.121370,27837183,0.000000,0.000000
2012-10-25,34.394924,34.563526,33.490601,33.996407,29.838858,21567494,0.000000,0.000000
2012-10-29,33.337326,33.705185,32.800861,33.069092,29.024946,5454051,0.000000,0.000000
2012-10-30,33.046101,33.689857,32.532631,32.923481,28.897144,8075991,0.000000,0.000000
2012-10-31,32.954136,33.444618,32.877499,33.007786,28.971138,5542317,0.000000,0.000000
2012-11-01,33.092087,34.701473,33.023109,34.578854,30.350077,14975985,0.000000,0.000000
2012-11-02,34.808765,35.444859,34.333614,34.502216,30.282808,11834606,0.000000,0.000000
2012-11-05,34.517544,34.992695,33.919769,34.379597,30.175186,8429133,0.000000,0.000000
2012-11-06,34.479225,35.245598,34.387260,34.931385,30.659494,6644897,0.000000,0.000000
2012-11-07,35.023350,35.789726,34.831757,35.084660,30.794022,10449547,0.000000,0.000000
2012-11-08,34.946712,35.168961,34.088371,34.785774,30.531693,7077224,0.000000,0.000000
2012-11-09,34.785774,35.214943,34.364269,34.517544,30.296259,4587243,0.000000,0.000000
2012-11-12,34.624836,35.023350,34.440907,34.640163,30.403883,3431347,0.000000,0.000000
2012-11-15,34.394924,36.402824,33.896778,36.149925,31.729019,11373918,0.000000,0.000000
2012-11-16,36.349178,37.046581,34.287628,34.532871,30.309710,12948277,0.000000,0.000000
2012-11-19,34.640163,35.046341,34.027061,34.563526,30.336624,6128779,0.000000,0.000000
2012-11-20,34.640163,34.893066,33.413963,34.057716,29.892666,8437993,0.000000,0.000000
2012-11-21,34.027061,34.732128,33.613220,34.502216,30.282808,5173816,0.000000,0.000000
2012-11-22,34.517544,34.785774,33.751167,34.310619,30.114635,4500053,0.000000,0.000000
2012-11-23,34.333614,35.092323,34.126690,34.655491,30.417339,5334971,0.000000,0.000000
2012-11-26,34.793438,35.406536,34.525208,35.038677,30.753668,4722581,0.000000,0.000000
2012-11-27,35.023350,35.943001,35.023350,35.621124,31.264879,5236103,0.000000,0.000000
2012-11-29,35.644115,35.973656,35.069332,35.368217,31.042908,6686906,0.000000,0.000000
2012-11-30,35.598133,37.069572,35.483177,36.747696,32.253674,10056398,0.000000,0.000000
2012-12-03,36.969944,40.280685,36.824333,39.721230,34.863575,23439345,0.000000,0.000000
2012-12-04,39.851517,40.855465,38.533348,38.993176,34.224552,21247090,0.000000,0.000000
2012-12-05,38.318764,39.851517,38.012215,38.203808,33.531719,13584571,0.000000,0.000000
2012-12-06,38.318764,40.487606,37.107891,40.135075,35.226799,30237306,0.000000,0.000000
2012-12-07,40.158066,41.215664,39.560291,40.349659,35.415146,23140920,0.000000,0.000000
2012-12-10,40.464615,41.177345,40.004791,40.909111,35.906181,9163408,0.000000,0.000000
2012-12-11,40.939770,42.135311,40.158066,41.683151,36.585556,16148967,0.000000,0.000000
2012-12-12,41.851753,42.825050,41.545204,42.219612,37.056412,15917097,0.000000,0.000000
2012-12-13,42.303917,42.533829,40.403305,40.740509,35.758194,12111846,0.000000,0.000000
2012-12-14,40.617889,41.614178,39.997128,41.292301,36.242508,10463789,0.000000,0.000000
2012-12-17,41.384266,43.192909,41.154354,42.947670,37.695438,14296977,0.000000,0.000000
2012-12-18,43.307865,43.737038,42.610466,43.323196,38.025036,16469626,0.000000,0.000000
2012-12-19,43.231232,45.492039,42.917015,44.710335,39.242538,25820332,0.000000,0.000000
2012-12-20,44.848282,44.947910,41.230991,41.537540,36.457756,54317702,0.000000,0.000000
2012-12-21,42.633457,43.591427,41.483894,41.836426,36.720089,60097983,0.000000,0.000000
2012-12-24,41.997368,42.426537,40.656208,42.096992,36.948792,21500255,0.000000,0.000000
2012-12-26,42.150642,42.303917,41.545204,41.813435,36.699917,10083114,0.000000,0.000000
2012-12-27,41.798107,42.572147,41.077717,41.437912,36.370312,20577359,0.000000,0.000000
2012-12-28,41.652496,41.989700,41.253983,41.713806,36.612469,8486442,0.000000,0.000000
2012-12-31,41.752125,42.074001,41.460903,41.591187,36.504845,5203129,0.000000,0.000000
2013-01-01,41.890072,42.526165,41.813435,42.288589,37.116955,6193245,0.000000,0.000000
2013-01-02,42.641121,43.913303,42.480183,43.737038,38.388264,18393468,0.000000,0.000000
2013-01-03,43.974613,44.035923,42.817387,43.024307,37.762695,9186315,0.000000,0.000000
2013-01-04,43.691055,43.691055,42.096992,42.411209,37.224575,11260853,0.000000,0.000000
2013-01-07,42.641121,43.330860,42.556820,42.825050,37.587814,7366730,0.000000,0.000000
2013-01-08,42.871033,42.886360,41.813435,42.472519,37.278397,8925020,0.000000,0.000000
2013-01-09,42.595139,43.070290,42.005028,42.188957,37.029510,7407278,0.000000,0.000000
2013-01-10,42.303917,42.625793,41.200336,41.667824,36.572109,9347580,0.000000,0.000000
2013-01-11,41.529877,41.790443,39.797871,40.081429,35.179722,8300371,0.000000,0.000000
2013-01-14,40.188721,41.936054,39.192432,41.545204,36.464481,14177805,0.000000,0.000000
2013-01-15,41.384266,41.690815,40.640881,41.001080,35.986900,8550164,0.000000,0.000000
2013-01-16,40.985748,41.759789,40.081429,40.311340,35.381512,9252522,0.000000,0.000000
2013-01-17,40.464615,41.200336,40.096756,40.840137,35.845638,6012948,0.000000,0.000000
2013-01-18,40.985748,41.506886,40.487606,40.924438,35.919640,6077420,0.000000,0.000000
2013-01-21,41.108372,42.273262,40.671535,42.096992,36.948792,8004603,0.000000,0.000000
2013-01-22,42.265598,42.717758,41.001080,41.345947,36.289593,10896443,0.000000,0.000000
2013-01-23,41.123699,41.545204,40.395641,41.253983,36.208881,8462374,0.000000,0.000000
2013-01-24,41.384266,41.414921,38.035206,38.617653,33.894951,10221121,0.000000,0.000000
2013-01-25,38.472038,39.805531,37.973896,39.644592,34.796295,8408948,0.000000,0.000000
2013-01-28,39.705902,39.843849,38.487366,38.786255,34.042946,6119423,0.000000,0.000000
2013-01-29,38.793919,40.433960,37.682674,37.843613,33.215576,18211208,0.000000,0.000000
2013-01-30,37.858940,38.433720,37.383785,37.682674,33.074310,7957661,0.000000,0.000000
2013-01-31,37.705666,38.755596,36.862652,38.326427,33.639339,11483681,0.000000,0.000000
2013-02-01,38.640640,39.215424,37.399113,37.667343,33.060856,13648450,0.000000,0.000000
2013-02-04,38.027542,38.609985,37.291821,37.759312,33.141582,11332169,0.000000,0.000000
2013-02-05,37.153873,38.142498,36.786015,37.130882,32.590008,9043141,0.000000,0.000000
2013-02-06,37.399113,38.456711,37.399113,37.950905,33.309742,11067534,0.000000,0.000000
2013-02-07,37.935577,38.242126,36.939289,37.307148,32.744713,6556702,0.000000,0.000000
2013-02-08,37.422104,37.544724,35.559814,35.674770,31.311974,7676147,0.000000,0.000000
2013-02-11,35.805054,36.287868,35.414204,35.690098,31.325420,5915156,0.000000,0.000000
2013-02-12,35.743744,36.172913,34.210995,34.517544,30.296259,9216267,0.000000,0.000000
2013-02-13,34.647827,35.544487,34.364269,34.755119,30.504787,8640440,0.000000,0.000000
2013-02-14,34.816429,34.816429,32.586277,33.038437,28.998037,13849650,0.000000,0.000000
2013-02-15,32.946472,34.333614,32.662914,34.088371,29.919571,8118287,0.000000,0.000000
2013-02-18,34.264641,35.697762,34.057716,35.444859,31.110172,10241731,0.000000,0.000000
2013-02-19,35.728416,36.632740,35.253262,36.418152,31.964439,8582244,0.000000,0.000000
2013-02-20,36.479462,36.770687,36.065620,36.264877,31.829906,9098336,0.000000,0.000000
2013-02-21,35.866364,36.142258,34.831757,35.122978,30.827656,6640460,0.000000,0.000000
2013-02-22,35.023350,35.973656,34.532871,35.498505,31.157253,7298206,0.000000,0.000000
2013-02-25,35.713089,35.935337,33.758831,34.348942,30.148275,7429486,0.000000,0.000000
2013-02-26,34.348942,34.348942,32.969463,33.222366,29.159472,8117550,0.000000,0.000000
2013-02-27,33.253021,34.900730,32.417675,34.387260,30.181911,10223679,0.000000,0.000000
2013-02-28,34.701473,35.061668,32.954136,33.053764,29.011496,11569612,0.000000,0.000000
2013-03-01,33.015446,33.398636,31.436714,32.455994,28.486824,10986973,0.000000,0.000000
2013-03-04,32.655251,32.762543,31.206800,32.218418,28.278305,13100676,0.000000,0.000000
2013-03-05,32.371693,33.444618,31.536343,33.245361,29.179659,10539242,0.000000,0.000000
2013-03-06,33.406300,34.310619,32.808525,33.804813,29.670694,10561653,0.000000,0.000000
2013-03-07,33.889114,34.992695,33.873787,34.870075,30.605684,9294219,0.000000,0.000000
2013-03-08,35.046341,36.295532,34.870075,36.119267,31.702110,11861264,0.000000,0.000000
2013-03-11,35.866364,37.537060,35.866364,37.337803,32.771622,14486061,0.000000,0.000000
2013-03-12,37.399113,37.552387,36.096275,36.648067,32.166241,10381773,0.000000,0.000000
2013-03-13,36.632740,36.632740,35.291580,35.498505,31.157253,8038816,0.000000,0.000000
2013-03-14,35.253262,37.092564,34.670818,36.724705,32.233509,11355520,0.000000,0.000000
2013-03-15,36.786015,37.698002,36.326187,36.686386,32.199867,13195010,0.000000,0.000000
2013-03-18,36.479462,36.602085,35.429527,36.111603,31.695377,7604851,0.000000,0.000000
2013-03-19,36.402824,36.402824,34.379597,34.532871,30.309710,9125940,0.000000,0.000000
2013-03-20,34.180340,34.854748,32.954136,33.260689,29.193117,8832891,0.000000,0.000000
2013-03-21,33.413963,33.866123,31.436714,31.942522,28.036150,11264135,0.000000,0.000000
2013-03-22,31.988504,32.172436,30.302479,30.877260,27.101162,18452923,0.000000,0.000000
2013-03-25,31.045862,31.758593,29.283199,29.681715,26.051826,19287064,0.000000,0.000000
2013-03-26,29.850317,29.850317,28.900011,29.467131,25.863485,8757021,0.000000,0.000000
2013-03-28,29.513111,31.390732,28.884684,30.992216,27.202063,10693246,0.000000,0.000000
2013-04-01,31.260448,31.835230,30.861933,31.697283,27.820902,7101181,0.000000,0.000000
2013-04-02,31.421387,32.793198,31.421387,32.639923,28.648266,7744312,0.000000,0.000000
2013-04-03,32.632259,35.322235,32.356365,33.536583,29.435263,20720911,0.000000,0.000000
2013-04-04,33.199375,33.521255,31.835230,32.095798,28.170681,11975516,0.000000,0.000000
2013-04-05,31.927195,33.245361,31.727938,32.471321,28.500282,9073067,0.000000,0.000000
2013-04-08,32.647587,33.092087,31.896540,32.218418,28.278305,6775270,0.000000,0.000000
2013-04-09,32.494312,33.398636,31.819902,32.065144,28.143774,9288549,0.000000,0.000000
2013-04-10,32.249073,32.547958,30.371452,31.505688,27.652737,16178594,0.000000,0.000000
2013-04-11,31.666628,32.172436,31.183809,31.796909,27.908342,9148265,0.000000,0.000000
2013-04-12,31.421387,32.471321,31.084181,32.264400,28.318666,7896490,0.000000,0.000000
2013-04-15,31.881212,33.038437,31.582325,32.578613,28.594452,7901807,0.000000,0.000000
2013-04-16,32.647587,33.858459,32.356365,33.682194,29.563072,8580789,0.000000,0.000000
2013-04-17,33.858459,34.256973,32.831516,33.038437,28.998037,10492398,0.000000,0.000000
2013-04-18,32.931145,33.896778,32.387020,33.743504,29.616880,10116492,0.000000,0.000000
2013-04-22,33.720512,34.670818,33.061432,34.402588,30.195360,8128243,0.000000,0.000000
2013-04-23,34.486889,34.854748,32.808525,33.099747,29.051853,21714628,0.000000,0.000000
2013-04-25,32.915817,33.398636,32.425339,33.099747,29.051853,12970988,0.000000,0.000000
2013-04-26,33.207043,33.605556,32.417675,32.624596,28.634811,5780405,0.000000,0.000000
2013-04-29,32.724224,33.567238,32.187763,33.253021,29.186382,7001178,0.000000,0.000000
2013-04-30,33.421627,33.697521,32.494312,33.429291,29.341093,9254597,0.000000,0.000000
2013-05-02,33.107410,34.180340,33.015446,33.544247,29.441998,8041112,0.000000,0.000000
2013-05-03,33.567238,34.463898,32.823853,34.096035,29.926306,9329815,0.000000,0.000000
2013-05-06,34.333614,35.253262,33.735840,35.008022,30.726755,7536151,0.000000,0.000000
2013-05-07,35.184288,35.805054,35.099987,35.552151,31.204344,9837882,0.000000,0.000000
2013-05-08,35.406536,35.636452,34.586517,35.130642,30.834381,6769829,0.000000,0.000000
2013-05-09,35.176624,35.973656,34.847084,35.145969,30.847836,6140287,0.000000,0.000000
2013-05-10,35.176624,35.291580,34.486889,34.747456,30.498055,4858311,0.000000,0.000000
2013-05-13,34.548199,34.632500,32.946472,33.291344,29.220018,5525517,0.000000,0.000000
2013-05-14,33.230034,33.291344,32.570950,32.915817,28.890419,5024424,0.000000,0.000000
2013-05-15,32.954136,35.008022,32.915817,34.647827,30.410614,6926560,0.000000,0.000000
2013-05-16,34.824093,35.559814,34.502216,35.122978,30.827656,6178676,0.000000,0.000000
2013-05-17,35.122978,36.540775,34.640163,36.073284,31.661747,6804198,0.000000,0.000000
2013-05-20,36.632740,38.510357,36.019638,37.230511,32.677448,28470509,0.000000,0.000000
2013-05-21,37.307148,37.866604,36.249550,36.747696,32.253674,13781602,0.000000,0.000000
2013-05-22,36.824333,37.146210,35.444859,35.682434,31.318695,7150341,0.000000,0.000000
2013-05-23,35.406536,35.460182,32.892826,33.574902,29.468901,10438534,0.000000,0.000000
2013-05-24,33.743504,34.233986,33.076756,33.889114,29.744686,6066166,0.000000,0.000000
2013-05-27,33.797150,34.854748,33.567238,34.525208,30.302986,5143263,0.000000,0.000000
2013-05-28,34.632500,34.962040,33.735840,34.004070,29.845579,6470981,0.000000,0.000000
2013-05-29,33.720512,34.325951,33.115074,33.651539,29.536161,8827000,0.000000,0.000000
2013-05-30,34.333614,34.594181,33.766495,34.050053,29.885941,10536834,0.000000,0.000000
2013-05-31,33.735840,34.249310,32.172436,32.448330,28.480101,6981370,0.000000,0.000000
2013-06-03,32.494312,32.524967,31.375404,31.873549,27.975615,8179667,0.000000,0.000000
2013-06-04,31.881212,32.555622,31.421387,31.635971,27.767088,7527030,0.000000,0.000000
2013-06-05,31.697283,32.816189,31.421387,32.662914,28.668440,7915932,0.000000,0.000000
2013-06-06,32.632259,33.076756,31.911867,32.969467,28.937510,6707575,0.000000,0.000000
2013-06-07,33.007782,33.406300,31.927195,32.134113,28.204313,5566339,0.000000,0.000000
2013-06-10,32.356365,32.632259,31.199139,31.582325,27.720001,6139381,0.000000,0.000000
2013-06-11,31.268110,31.528679,28.677763,30.187523,26.495777,12846212,0.000000,0.000000
2013-06-12,30.041910,30.463417,26.976410,28.034008,24.605621,25791012,0.000000,0.000000
2013-06-13,27.589510,28.026344,26.892109,27.198660,23.872431,12213676,0.000000,0.000000
2013-06-14,27.543528,27.842415,27.007065,27.474554,24.114586,20376459,0.000000,0.000000
2013-06-17,27.581846,27.589510,25.987785,27.244640,23.912790,13485416,0.000000,0.000000
2013-06-18,27.390251,28.953657,26.838463,28.555143,25.063025,12891432,0.000000,0.000000
2013-06-19,28.662436,29.735361,28.141300,29.428810,25.829847,10764843,0.000000,0.000000
2013-06-20,29.106934,29.106934,27.466890,28.056999,24.625799,13266463,0.000000,0.000000
2013-06-21,27.742785,28.861692,27.367262,28.018681,24.592165,25039983,0.000000,0.000000
2013-06-24,27.727457,28.325230,26.838463,27.919050,24.504723,7813482,0.000000,0.000000
2013-06-25,27.919050,29.459467,27.236977,28.915339,25.379173,11158827,0.000000,0.000000
2013-06-26,29.329182,29.329182,27.957371,28.432524,24.955400,13775659,0.000000,0.000000
2013-06-27,28.854029,29.796671,28.601126,29.405821,25.809668,12271135,0.000000,0.000000
2013-06-28,29.643396,32.187763,29.643396,31.582325,27.720001,11060762,0.000000,0.000000
2013-07-01,31.865885,33.253021,31.536343,33.130402,29.078758,7504384,0.000000,0.000000
2013-07-02,33.260689,33.636211,32.547958,33.214706,29.152754,10326200,0.000000,0.000000
2013-07-03,32.647587,32.724224,31.045862,31.521013,27.666187,10612933,0.000000,0.000000
2013-07-04,31.620644,31.988504,30.624355,31.566998,27.706547,10436316,0.000000,0.000000
2013-07-05,31.651299,32.264400,30.831278,31.275776,27.450939,11272838,0.000000,0.000000
2013-07-08,30.624355,31.551670,29.965273,31.291103,27.464396,7484479,0.000000,0.000000
2013-07-09,31.421387,31.950186,30.616692,31.390732,27.551836,8867581,0.000000,0.000000
2013-07-10,31.390732,31.612980,30.440426,30.670340,26.919548,6322372,0.000000,0.000000
2013-07-11,31.237455,31.720272,30.884924,31.183809,27.370220,6048355,0.000000,0.000000
2013-07-12,31.352413,31.574661,30.302479,30.777632,27.013718,5830961,0.000000,0.000000
2013-07-15,30.808287,31.229794,30.402107,30.930906,27.148249,6337345,0.000000,0.000000
2013-07-16,30.655010,30.838942,29.903963,30.578375,26.838829,6209868,0.000000,0.000000
2013-07-17,30.586037,31.007544,29.766016,30.402107,26.684118,7537938,0.000000,0.000000
2013-07-18,30.655010,30.915579,30.279488,30.769968,27.006994,7905232,0.000000,0.000000
2013-07-19,30.769968,31.076517,29.965273,30.624355,26.879187,6627072,0.000000,0.000000
2013-07-22,30.348461,30.953897,30.011255,30.501736,26.771561,6459628,0.000000,0.000000
2013-07-23,30.808287,31.306431,30.762304,31.099508,27.296234,9060371,0.000000,0.000000
2013-07-24,30.808287,30.815950,29.995928,30.532391,26.798470,5370319,0.000000,0.000000
2013-07-25,30.287151,30.601364,29.405821,29.804335,26.159449,16022998,0.000000,0.000000
2013-07-26,29.903963,30.195187,28.968987,29.421146,25.823122,8393355,0.000000,0.000000
2013-07-29,29.122261,29.390491,27.681475,27.781103,24.383644,10113758,0.000000,0.000000
2013-07-30,27.443899,28.034008,26.892109,27.022392,24.936001,11935744,1.357279,0.000000
2013-07-31,27.053047,27.267632,25.765537,26.823135,24.752127,9749720,0.000000,0.000000
2013-08-01,26.976410,27.589510,25.497307,27.053047,24.964287,14890752,0.000000,0.000000
2013-08-02,26.976410,27.428572,22.301521,24.186804,22.319345,34902456,0.000000,0.000000
2013-08-05,24.983833,26.056759,23.849600,25.719555,23.733753,11938093,0.000000,0.000000
2013-08-06,25.443659,25.512632,24.148485,25.152437,23.210426,9566905,0.000000,0.000000
2013-08-07,24.830559,26.363310,24.569990,25.619925,23.641817,10953256,0.000000,0.000000
2013-08-08,25.596933,26.669861,24.930187,25.504969,23.535734,20369250,0.000000,0.000000
2013-08-12,25.596933,26.194708,25.290384,25.941803,23.938843,19867217,0.000000,0.000000
2013-08-13,25.750210,26.501257,25.321039,26.233027,24.207579,10418909,0.000000,0.000000
2013-08-14,25.857502,26.654531,24.922523,25.872829,23.875193,10171948,0.000000,0.000000
2013-08-16,25.443659,25.627588,24.485689,24.547001,22.651728,8454363,0.000000,0.000000
2013-08-19,24.355406,25.213747,23.451082,24.884207,22.962900,6435502,0.000000,0.000000
2013-08-20,24.140821,25.581608,23.918571,24.638966,22.736599,6129105,0.000000,0.000000
2013-08-21,24.761585,25.351694,23.481737,24.048857,22.192049,5655766,0.000000,0.000000
2013-08-22,23.550713,25.504969,23.527721,25.275057,23.323576,7679175,0.000000,0.000000
2013-08-23,25.543287,25.665909,24.294096,25.244402,23.295284,6427960,0.000000,0.000000
2013-08-26,25.137110,25.244402,23.474075,23.979881,22.128401,13769500,0.000000,0.000000
2013-08-27,23.673332,23.880255,22.263203,22.692371,20.940300,12612697,0.000000,0.000000
2013-08-28,22.224882,23.144533,21.236259,22.439468,20.706923,19936263,0.000000,0.000000
2013-08-29,22.700035,23.366781,21.887678,23.113878,21.329262,22981090,0.000000,0.000000
2013-08-30,22.891630,23.075560,21.197941,21.688419,20.013859,38783544,0.000000,0.000000
2013-09-02,21.581127,21.611782,20.814753,21.328222,19.681473,16436790,0.000000,0.000000
2013-09-03,21.412525,21.948988,20.331936,20.531195,18.945988,14932325,0.000000,0.000000
2013-09-04,20.500540,20.845407,19.381632,20.393246,18.818687,14010165,0.000000,0.000000
2013-09-05,20.745779,21.228596,20.385582,20.738115,19.136932,10413788,0.000000,0.000000
2013-09-06,20.945036,21.305233,20.469885,20.906715,19.292511,7451825,0.000000,0.000000
2013-09-10,21.174950,21.673094,21.014009,21.435516,19.780485,9150934,0.000000,0.000000
2013-09-11,21.098310,22.194227,20.998684,21.780384,20.098728,14494536,0.000000,0.000000
2013-09-12,21.910669,22.263203,20.730452,20.929708,19.313732,11604060,0.000000,0.000000
2013-09-13,21.213268,22.033289,21.151958,21.619448,19.950214,23539139,0.000000,0.000000
2013-09-16,22.117590,22.117590,20.538857,20.722788,19.122786,15267232,0.000000,0.000000
2013-09-17,20.615496,21.090649,20.262962,20.730452,19.129856,6935929,0.000000,0.000000
2013-09-18,20.554186,21.037001,20.469885,20.776434,19.172287,5344398,0.000000,0.000000
2013-09-19,21.512154,23.060232,21.151958,22.891630,21.124176,47378399,0.000000,0.000000
2013-09-20,23.106215,23.972219,21.466171,23.152197,21.364622,26847864,0.000000,0.000000
2013-09-23,22.960604,23.520058,21.642439,22.186563,20.473541,22715143,0.000000,0.000000
2013-09-24,21.903006,22.891630,21.696083,22.500778,20.763496,10685782,0.000000,0.000000
2013-09-25,22.401150,22.684708,21.558138,21.887678,20.197735,8509473,0.000000,0.000000
2013-09-26,21.933661,22.316849,21.473835,21.857023,20.169449,12308962,0.000000,0.000000
2013-09-27,21.765059,22.960604,21.688419,22.309183,20.586697,11017728,0.000000,0.000000
2013-09-30,22.079271,22.378159,21.420189,21.573463,19.907785,7380209,0.000000,0.000000
2013-10-01,21.611782,22.048616,21.228596,21.665428,19.992647,6523494,0.000000,0.000000
2013-10-03,21.780384,22.799664,21.765059,22.554424,20.813002,9825903,0.000000,0.000000
2013-10-04,22.240211,22.991259,22.240211,22.730692,20.975657,15952889,0.000000,0.000000
2013-10-07,22.684708,23.259489,22.339840,23.006586,21.230253,27226040,0.000000,0.000000
2013-10-08,23.374447,23.642677,23.090887,23.244162,21.449486,8422766,0.000000,0.000000
2013-10-09,23.267153,24.278769,23.190516,24.156149,22.291058,9382263,0.000000,0.000000
2013-10-10,24.271105,24.661957,23.818945,24.087175,22.227409,6977156,0.000000,0.000000
2013-10-11,24.386061,25.596933,23.818945,25.183092,23.238710,10454688,0.000000,0.000000
2013-10-14,25.550953,26.409292,25.282721,25.964792,23.960056,10173083,0.000000,0.000000
2013-10-15,26.187042,26.516584,24.922523,25.734882,23.747898,13512948,0.000000,0.000000
2013-10-17,25.635254,26.095078,25.405340,25.596933,23.620602,7826876,0.000000,0.000000
2013-10-18,25.673573,27.267632,25.673573,26.876781,24.801632,10059679,0.000000,0.000000
2013-10-21,26.968746,31.107174,26.838463,30.348461,28.005260,52875445,0.000000,0.000000
2013-10-22,30.417435,30.486408,29.198898,29.712370,27.418283,11596492,0.000000,0.000000
2013-10-23,29.865644,30.884924,29.152916,30.371452,28.026476,10033406,0.000000,0.000000
2013-10-24,30.057240,32.747215,30.057240,31.850557,29.391384,28867044,0.000000,0.000000
2013-10-25,31.743263,32.003834,29.513111,29.720032,27.425356,16997468,0.000000,0.000000
2013-10-28,29.444138,32.157108,29.444138,31.766254,29.313589,27368360,0.000000,0.000000
2013-10-29,31.927195,32.862171,30.769968,32.586277,30.070295,20911693,0.000000,0.000000
2013-10-30,32.708897,33.873787,32.088135,32.348701,29.851067,18020642,0.000000,0.000000
2013-10-31,32.187763,32.417675,30.547718,31.827564,29.370165,24582623,0.000000,0.000000
2013-11-01,31.574661,31.827564,30.769968,31.245119,28.832693,12262510,0.000000,0.000000
2013-11-05,30.992216,32.846844,30.601364,32.226082,29.737913,16634278,0.000000,0.000000
2013-11-06,32.341038,33.030773,31.674290,32.095798,29.617687,11434795,0.000000,0.000000
2013-11-07,31.896540,33.383308,31.896540,32.387020,29.886425,12106614,0.000000,0.000000
2013-11-08,32.341038,33.643875,32.072807,33.253021,30.685562,11252502,0.000000,0.000000
2013-11-11,33.107410,36.939289,33.000118,35.843372,33.075912,38569367,0.000000,0.000000
2013-11-12,35.713089,36.295532,34.640163,34.931385,32.234337,19144960,0.000000,0.000000
2013-11-13,34.486889,36.295532,34.256973,35.145969,32.432362,15289095,0.000000,0.000000
2013-11-14,35.559814,38.188480,35.483177,37.437431,34.546890,15874989,0.000000,0.000000
2013-11-18,38.012215,38.893547,37.667343,38.341755,35.381397,11563642,0.000000,0.000000
2013-11-19,38.165489,38.165489,36.418152,37.138546,34.271091,14195042,0.000000,0.000000
2013-11-20,36.954617,39.223087,36.809006,38.196144,35.247032,20283260,0.000000,0.000000
2013-11-21,38.134834,38.502693,36.655731,36.931625,34.080143,29091203,0.000000,0.000000
2013-11-22,37.215183,37.996887,36.939289,37.261166,34.384243,9821761,0.000000,0.000000
2013-11-25,37.575378,39.498981,37.575378,39.238415,36.208824,27483910,0.000000,0.000000
2013-11-26,39.361034,39.836185,36.671059,37.153873,34.285233,24065467,0.000000,0.000000
2013-11-27,37.192192,37.445095,35.575142,36.809006,33.966999,11173031,0.000000,0.000000
2013-11-28,37.268829,40.418633,37.268829,40.066101,36.972610,36339473,0.000000,0.000000
2013-11-29,40.273022,41.062389,39.368698,40.334332,37.220127,18685955,0.000000,0.000000
2013-12-02,40.541252,41.307629,39.958809,40.817146,37.665665,12136338,0.000000,0.000000
2013-12-03,40.617889,41.269310,40.165730,40.955093,37.792961,23303432,0.000000,0.000000
2013-12-04,41.085381,42.303917,40.510597,40.832474,37.679810,23682235,0.000000,0.000000
2013-12-05,42.104656,42.418873,41.016403,41.299965,38.111206,14969545,0.000000,0.000000
2013-12-06,41.230991,42.426537,40.479942,42.012691,38.768898,14816246,0.000000,0.000000
2013-12-09,43.530117,43.882648,42.257935,42.771404,39.469028,19704719,0.000000,0.000000
2013-12-10,42.457191,43.284878,41.713806,42.480183,39.200294,10663313,0.000000,0.000000
2013-12-11,42.365227,42.449528,40.341995,40.886120,37.729313,12435102,0.000000,0.000000
2013-12-12,40.464615,40.709854,38.395401,38.625313,35.643066,20512123,0.000000,0.000000
2013-12-13,38.188480,38.464375,37.307148,38.035206,35.098518,19751889,0.000000,0.000000
2013-12-16,38.035206,40.234703,37.567715,39.652256,36.590714,27573612,0.000000,0.000000
2013-12-17,40.112083,40.433960,38.962521,39.284397,36.251263,11418178,0.000000,0.000000
2013-12-18,39.100468,40.602562,39.100468,39.552628,36.498779,19639039,0.000000,0.000000
2013-12-19,39.851517,40.242367,38.564003,39.000839,35.989594,12775862,0.000000,0.000000
2013-12-20,38.625313,39.981800,38.502693,39.774876,36.703861,7402835,0.000000,0.000000
2013-12-23,39.866840,42.196625,39.790203,41.614178,38.401165,20835092,0.000000,0.000000
2013-12-24,41.828762,42.288589,40.487606,41.154354,37.976833,9344103,0.000000,0.000000
2013-12-26,41.230991,41.782780,40.855465,41.353607,38.160694,8293841,0.000000,0.000000
2013-12-27,41.644833,42.227280,41.384266,41.767452,38.542595,5671281,0.000000,0.000000
2013-12-30,41.951382,41.982037,40.502934,40.809483,37.658588,5612941,0.000000,0.000000
2013-12-31,40.939770,41.047058,39.912827,40.234703,37.128185,6290260,0.000000,0.000000
2014-01-01,40.433960,41.368938,40.204048,41.192673,38.012192,7564701,0.000000,0.000000
2014-01-02,40.464615,41.192673,38.824574,39.138786,36.116879,17188171,0.000000,0.000000
2014-01-03,38.778587,39.246078,37.475750,38.065861,35.126801,11525782,0.000000,0.000000
2014-01-06,37.996887,39.069813,37.506405,38.632977,35.650135,10660990,0.000000,0.000000
2014-01-07,38.832237,39.069813,36.939289,37.084900,34.221584,11002957,0.000000,0.000000
2014-01-08,37.184528,37.383785,36.372169,36.809006,33.966999,11164732,0.000000,0.000000
2014-01-09,36.946953,38.119507,36.786015,37.636688,34.730770,10507045,0.000000,0.000000
2014-01-10,37.644356,37.897259,36.525448,36.931625,34.080143,5704881,0.000000,0.000000
2014-01-13,36.655731,37.437431,35.690098,36.065620,33.281002,7177827,0.000000,0.000000
2014-01-14,35.575142,37.705666,35.444859,37.437431,34.546890,11475891,0.000000,0.000000
2014-01-15,37.705666,38.609985,37.192192,38.188480,35.239956,8902244,0.000000,0.000000
2014-01-16,38.380074,38.770927,37.874268,38.111843,35.169235,6186316,0.000000,0.000000
2014-01-17,38.265118,38.272781,36.494789,36.763023,33.924561,8975739,0.000000,0.000000
2014-01-20,36.946953,38.265118,36.479462,37.812958,34.893429,8891975,0.000000,0.000000
2014-01-21,38.219135,38.395401,37.276493,37.858940,34.935856,5481746,0.000000,0.000000
2014-01-22,37.889595,37.927914,37.123219,37.698002,34.787354,4602079,0.000000,0.000000
2014-01-23,37.399113,39.652256,37.092564,39.445335,36.399769,23046789,0.000000,0.000000
2014-01-24,39.544964,40.234703,38.058197,38.288109,35.331894,15586221,0.000000,0.000000
2014-01-27,37.736320,37.751644,36.218895,36.333851,33.528515,8768504,0.000000,0.000000
2014-01-28,36.939289,37.368458,36.172913,36.770683,33.931625,7477243,0.000000,0.000000
2014-01-29,36.939289,39.391689,36.939289,39.000839,35.989594,13952648,0.000000,0.000000
2014-01-30,37.713329,38.663631,36.356842,36.793678,33.952847,11247296,0.000000,0.000000
2014-01-31,36.923962,37.705666,35.138306,36.609749,33.783123,20725876,0.000000,0.000000
2014-02-03,36.556103,37.261166,35.713089,36.019638,33.238564,10780834,0.000000,0.000000
2014-02-04,35.674770,35.697762,34.571190,35.452522,32.715248,12381675,0.000000,0.000000
2014-02-05,35.253262,36.249550,34.946712,35.306911,32.580875,10903926,0.000000,0.000000
2014-02-06,35.460182,36.088612,34.410252,34.686146,32.008038,11967824,0.000000,0.000000
2014-02-07,35.099987,35.299248,34.272305,34.594181,31.923178,12557927,0.000000,0.000000
2014-02-10,34.333614,35.054005,33.812477,33.981079,31.357405,9864044,0.000000,0.000000
2014-02-11,33.981079,34.456234,33.352654,33.866123,31.251324,10139020,0.000000,0.000000
2014-02-12,34.165009,34.325951,33.513592,33.720512,31.116955,16561644,0.000000,0.000000
2014-02-13,33.904442,34.157345,33.184052,33.375645,30.798719,14370472,0.000000,0.000000
2014-02-14,33.122742,33.597893,32.203091,32.984791,30.438042,8812757,0.000000,0.000000
2014-02-17,32.816189,33.935097,32.662914,33.743504,31.138174,9081862,0.000000,0.000000
2014-02-18,33.758831,35.406536,33.758831,34.908394,32.213127,21739557,0.000000,0.000000
2014-02-19,35.391212,37.552387,35.061668,37.406776,34.518608,39225103,0.000000,0.000000
2014-02-20,37.245838,38.740273,36.648067,37.583042,34.681263,32912810,0.000000,0.000000
2014-02-21,37.774639,38.410728,37.207520,38.257454,35.303600,19831987,0.000000,0.000000
2014-02-24,38.449047,39.039158,37.966232,38.265118,35.310677,13804431,0.000000,0.000000
2014-02-25,38.433720,38.916538,37.766975,38.219135,35.268238,12963544,0.000000,0.000000
2014-02-26,38.288109,38.410728,37.337803,38.058197,35.119732,11502830,0.000000,0.000000
2014-02-28,38.203808,39.315052,38.019878,38.970184,35.961300,11098296,0.000000,0.000000
2014-03-03,39.085140,40.694527,39.085140,40.449287,37.326206,17474193,0.000000,0.000000
2014-03-04,40.771164,41.238655,40.395641,41.031734,37.863678,13359479,0.000000,0.000000
2014-03-05,41.384266,41.537540,40.495270,41.070049,37.899036,10939992,0.000000,0.000000
2014-03-06,41.230991,42.196625,40.955093,42.051014,38.804264,10300462,0.000000,0.000000
2014-03-07,42.227280,47.423302,41.905399,46.457672,42.870682,38471706,0.000000,0.000000
2014-03-10,46.572624,49.492516,46.135792,48.549873,44.801350,35582025,0.000000,0.000000
2014-03-11,48.802776,49.967670,48.296970,48.787453,45.020584,25433009,0.000000,0.000000
2014-03-12,48.894745,49.147648,47.446293,48.028740,44.320450,16306756,0.000000,0.000000
2014-03-13,48.205006,49.048019,46.840858,47.361992,43.705185,15814673,0.000000,0.000000
2014-03-14,46.764221,49.737755,46.220093,49.086338,45.296394,23328824,0.000000,0.000000
2014-03-18,49.561489,50.458149,48.948391,49.507843,45.685352,17247215,0.000000,0.000000
2014-03-19,49.722427,50.197582,49.354568,49.668781,45.833862,12149667,0.000000,0.000000
2014-03-20,49.492516,49.492516,47.906120,48.182014,44.461884,15529852,0.000000,0.000000
2014-03-21,48.434917,50.304874,48.342953,49.975330,46.116749,19101574,0.000000,0.000000
2014-03-24,50.120945,50.856663,49.553825,49.806728,45.961163,13104636,0.000000,0.000000
2014-03-25,49.768410,51.270508,49.446533,50.703388,46.788593,17504426,0.000000,0.000000
2014-03-26,50.948627,51.577057,50.074963,50.412167,46.519855,12981720,0.000000,0.000000
2014-03-27,50.504131,51.132561,50.297211,50.726379,46.809803,9714620,0.000000,0.000000
2014-03-28,50.871990,54.826488,50.596096,54.535267,50.324615,27232075,0.000000,0.000000
2014-03-31,55.033409,57.140942,54.811161,56.405220,52.050186,22901710,0.000000,0.000000
2014-04-01,56.711769,56.911030,53.715244,54.060116,49.886143,21972544,0.000000,0.000000
2014-04-02,54.389652,55.485573,54.075439,54.949108,50.706497,20047703,0.000000,0.000000
2014-04-03,54.995090,55.102383,53.186443,53.899174,49.737633,15944250,0.000000,0.000000
2014-04-04,54.136749,57.094959,53.876183,56.911026,52.516933,26807316,0.000000,0.000000
2014-04-07,57.163933,58.627708,56.489521,58.068256,53.584824,20483534,0.000000,0.000000
2014-04-09,58.390133,59.225483,57.079632,58.604721,54.079865,15543063,0.000000,0.000000
2014-04-10,58.849957,73.250153,58.604717,72.016289,66.455933,163256482,0.000000,0.000000
2014-04-11,69.127052,71.985634,66.299126,67.088493,61.908615,99345993,0.000000,0.000000
2014-04-15,67.410370,69.142380,62.996048,64.007668,59.065659,60823718,0.000000,0.000000
2014-04-16,64.375526,72.315170,64.114960,65.984909,60.890228,177391228,0.000000,0.000000
2014-04-17,66.674652,69.847443,66.582687,67.188126,62.000549,71473800,0.000000,0.000000
2014-04-21,67.747574,69.517899,67.555984,67.916176,62.672386,41899204,0.000000,0.000000
2014-04-22,68.368340,68.927795,66.766617,67.487007,62.276348,29997176,0.000000,0.000000
2014-04-23,67.824211,68.667229,65.279846,66.184166,61.074112,34164514,0.000000,0.000000
2014-04-24,66.184166,66.184166,66.184166,66.184166,61.074112,0,0.000000,0.000000
2014-04-25,66.483055,67.578972,65.992577,66.291466,61.173115,20028751,0.000000,0.000000
2014-04-28,66.368103,66.873909,64.084305,65.609390,60.543701,24352807,0.000000,0.000000
2014-04-29,65.141899,68.743866,65.141899,66.475395,61.342846,42478365,0.000000,0.000000
2014-04-30,66.812599,68.192070,60.650940,64.045982,59.101002,44620801,0.000000,0.000000
2014-05-02,64.927315,66.260803,63.800743,64.490479,59.511185,22671901,0.000000,0.000000
2014-05-05,64.835350,67.134476,63.164650,65.333496,60.289104,34969492,0.000000,0.000000
2014-05-06,65.984909,66.873909,65.195549,66.291466,61.173115,20698162,0.000000,0.000000
2014-05-07,66.582687,66.766617,65.164894,65.517426,60.458839,15131718,0.000000,0.000000
2014-05-08,65.984909,66.191833,64.406181,64.812363,59.808216,12713216,0.000000,0.000000
2014-05-09,65.003952,67.594299,65.003952,66.237816,61.123600,42148638,0.000000,0.000000
2014-05-12,66.942879,68.406654,65.402466,65.931267,60.840733,31488913,0.000000,0.000000
2014-05-13,67.019516,74.637291,66.889236,73.342117,67.679390,129033563,0.000000,0.000000
2014-05-14,73.878578,79.319839,73.572029,76.353966,70.458694,112519539,0.000000,0.000000
2014-05-15,76.936417,78.783379,75.947792,76.721832,70.798149,39984059,0.000000,0.000000
2014-05-16,83.534904,89.665909,79.480782,81.189796,74.921143,124774351,0.000000,0.000000
2014-05-19,83.534904,85.742065,82.002159,82.845169,76.448715,48309966,0.000000,0.000000
2014-05-20,83.918091,84.132683,81.097832,81.718597,75.409111,19135468,0.000000,0.000000
2014-05-21,81.917854,81.925514,77.871391,78.997963,72.898552,28986927,0.000000,0.000000
2014-05-22,79.672379,80.109207,76.652855,76.905762,70.967888,34579057,0.000000,0.000000
2014-05-23,77.097351,79.013290,76.660522,77.886719,71.873100,24369261,0.000000,0.000000
2014-05-26,78.783379,81.312416,68.797508,74.943840,69.157425,45272036,0.000000,0.000000
2014-05-27,74.507004,74.859535,69.924080,72.736679,67.120689,25778962,0.000000,0.000000
2014-05-28,72.008621,74.759911,71.778709,73.012573,67.375298,17169244,0.000000,0.000000
2014-05-29,72.368820,73.709976,68.720871,69.249672,63.902920,22030870,0.000000,0.000000
2014-05-30,69.019760,75.028137,68.973778,73.403427,67.735970,38181345,0.000000,0.000000
2014-06-02,74.338402,74.798225,72.591064,73.725304,68.032982,17431727,0.000000,0.000000
2014-06-03,73.618011,76.392288,73.112206,73.970543,68.259300,39369901,0.000000,0.000000
2014-06-04,73.602684,76.928749,73.602684,76.262009,70.373825,25091701,0.000000,0.000000
2014-06-05,76.622200,77.327271,75.150764,76.353973,70.458702,20274720,0.000000,0.000000
2014-06-06,76.974731,77.940369,76.200691,77.526527,71.540718,18955491,0.000000,0.000000
2014-06-09,78.017006,78.829361,77.051369,77.587837,71.597282,15199909,0.000000,0.000000
2014-06-10,77.710457,77.871391,74.721588,76.009102,70.140457,10566311,0.000000,0.000000
2014-06-11,76.009102,77.618492,74.070175,74.729256,68.959435,17285473,0.000000,0.000000
2014-06-12,74.077835,75.411331,73.434082,74.982155,69.192795,10587325,0.000000,0.000000
2014-06-13,74.583641,77.710457,70.544846,72.023949,66.462997,32283947,0.000000,0.000000
2014-06-16,71.579453,73.096878,69.188362,72.744339,67.127769,17994858,0.000000,0.000000
2014-06-17,72.353493,74.338402,71.318886,74.031853,68.315880,15877371,0.000000,0.000000
2014-06-18,74.185127,75.947792,72.437790,73.579689,67.898621,18813510,0.000000,0.000000
2014-06-19,73.564362,74.338402,70.307266,70.606155,65.154655,19045649,0.000000,0.000000
2014-06-20,70.659805,70.813080,68.513954,68.828163,63.513947,18983369,0.000000,0.000000
2014-06-23,69.203690,70.353249,69.035088,69.586876,64.214111,13348884,0.000000,0.000000
2014-06-24,69.962402,71.847687,69.947075,71.188599,65.692146,14149979,0.000000,0.000000
2014-06-25,71.272903,71.732727,70.690460,70.905045,65.430496,6297469,0.000000,0.000000
2014-06-26,71.127289,71.257576,68.713211,69.012093,63.683681,9215158,0.000000,0.000000
2014-06-27,68.705544,69.586876,66.184174,67.065498,61.887383,17430461,0.000000,0.000000
2014-06-30,67.057838,70.046700,67.057838,69.747818,64.362610,13188995,0.000000,0.000000
2014-07-01,70.138664,71.073647,69.770805,70.291939,64.864723,10344116,0.000000,0.000000
2014-07-02,70.828407,76.698837,70.667465,75.518623,69.687836,51599895,0.000000,0.000000
2014-07-03,75.924797,77.633820,74.951500,75.940125,70.076813,32857322,0.000000,0.000000
2014-07-04,76.024429,77.633820,75.717880,76.445938,70.543564,24703516,0.000000,0.000000
2014-07-07,76.637527,77.235306,75.717880,76.353973,70.458702,13122911,0.000000,0.000000
2014-07-08,76.338646,76.438271,68.054123,69.395279,64.037270,20139695,0.000000,0.000000
2014-07-09,69.127052,70.199974,65.325829,68.061790,62.806763,25372438,0.000000,0.000000
2014-07-10,68.069450,71.870674,64.957970,68.138428,62.877464,25640616,0.000000,0.000000
2014-07-11,67.923843,69.878098,63.777752,64.620766,59.631409,19688526,0.000000,0.000000
2014-07-14,64.260567,64.812355,62.720154,63.900372,58.966640,11489834,0.000000,0.000000
2014-07-15,64.452164,66.659325,64.452164,66.444740,61.314556,15777433,0.000000,0.000000
2014-07-16,66.827927,69.341637,65.946594,68.973778,63.648323,18102038,0.000000,0.000000
2014-07-17,68.720871,69.993057,68.536942,69.219017,63.874619,13661126,0.000000,0.000000
2014-07-18,68.935455,70.966354,66.674652,69.747818,64.362610,20730528,0.000000,0.000000
2014-07-21,70.422226,71.058319,68.207397,68.659561,63.358364,16133257,0.000000,0.000000
2014-07-22,68.743866,69.663513,67.678604,68.314690,63.040127,11191951,0.000000,0.000000
2014-07-23,68.521614,69.387619,66.904564,67.854866,62.615810,10871168,0.000000,0.000000
2014-07-24,67.992813,68.950783,66.827927,67.647949,62.424858,12962878,0.000000,0.000000
2014-07-25,67.540657,67.747574,64.406181,65.433121,60.381039,13647491,0.000000,0.000000
2014-07-28,66.023232,67.211113,65.601723,66.306793,61.187260,11682618,0.000000,0.000000
2014-07-30,66.375763,67.578972,66.345108,67.425697,62.219769,9315377,0.000000,0.000000
2014-07-31,67.080826,68.130760,66.084541,66.490723,62.617485,10707462,1.357279,0.000000
2014-08-01,65.808647,66.368103,64.237579,64.452164,60.697666,10747599,0.000000,0.000000
2014-08-04,64.536461,66.552032,64.467491,66.191833,62.335995,11440661,0.000000,0.000000
2014-08-05,66.199493,68.107773,65.356483,67.502335,63.570148,13865302,0.000000,0.000000
2014-08-06,67.701591,70.491196,67.356728,69.663513,65.605438,27894864,0.000000,0.000000
2014-08-07,69.801460,71.694405,69.425934,71.127289,66.983940,20944699,0.000000,0.000000
2014-08-08,70.276611,70.276611,68.567596,69.709496,65.648750,16013074,0.000000,0.000000
2014-08-11,73.142860,74.721588,71.725060,73.564362,69.279053,34797540,0.000000,0.000000
2014-08-12,73.832596,74.238777,72.614059,73.127533,68.867668,13230952,0.000000,0.000000
2014-08-13,73.127533,74.100830,70.828407,73.794273,69.495575,17332709,0.000000,0.000000
2014-08-14,74.070175,74.905518,72.690697,74.614296,70.267830,15777015,0.000000,0.000000
2014-08-18,74.767570,76.330978,74.031853,75.549278,71.148361,12679407,0.000000,0.000000
2014-08-19,75.871155,76.882767,75.104774,76.116394,71.682434,14132984,0.000000,0.000000
2014-08-20,76.024429,77.281281,74.683273,76.330978,71.884506,21675248,0.000000,0.000000
2014-08-21,76.484253,77.143333,75.219734,76.239014,71.797897,17293700,0.000000,0.000000
2014-08-22,76.047417,77.557182,75.426659,77.319603,72.815544,13959029,0.000000,0.000000
2014-08-25,77.403908,79.059273,75.457314,76.277328,71.833992,20103296,0.000000,0.000000
2014-08-26,75.702553,75.871155,73.648666,75.189079,70.809128,13971444,0.000000,0.000000
2014-08-27,75.258057,75.740868,72.997246,73.939888,69.632713,12951493,0.000000,0.000000
2014-08-28,73.824928,75.104774,73.112206,73.403427,69.127502,11892378,0.000000,0.000000
2014-09-01,73.686981,75.687225,73.526047,74.959167,70.592613,13429079,0.000000,0.000000
2014-09-02,74.575981,75.809845,74.575981,75.618248,71.213295,8817083,0.000000,0.000000
2014-09-03,76.024429,76.974731,75.579933,76.223686,71.783470,13984049,0.000000,0.000000
2014-09-04,76.162376,79.089928,75.181419,78.829361,74.237373,19464556,0.000000,0.000000
2014-09-05,79.243202,80.300804,77.725784,78.124298,73.573372,15586534,0.000000,0.000000
2014-09-08,78.185608,80.086220,77.603165,79.342834,74.720917,11586568,0.000000,0.000000
2014-09-09,79.396477,79.396477,77.472878,77.672134,73.147537,8874124,0.000000,0.000000
2014-09-10,76.622200,78.476830,76.292664,77.672134,73.147537,7235195,0.000000,0.000000
2014-09-11,77.955696,78.177940,76.522575,77.020714,72.534073,5716670,0.000000,0.000000
2014-09-12,77.373245,77.388580,75.572266,76.430611,71.978348,10700729,0.000000,0.000000
2014-09-15,76.208359,77.097351,75.457314,76.185364,71.747391,6417325,0.000000,0.000000
2014-09-16,75.633575,77.204643,75.181419,75.664230,71.256615,16559412,0.000000,0.000000
2014-09-17,75.641243,76.637527,74.208122,75.840500,71.422600,16118995,0.000000,0.000000
2014-09-18,75.150764,78.292900,75.150764,78.078316,73.530067,17331032,0.000000,0.000000
2014-09-19,78.553467,78.568794,75.120110,75.840500,71.422600,16029202,0.000000,0.000000
2014-09-22,75.334694,76.407616,74.882530,76.223686,71.783470,7833962,0.000000,0.000000
2014-09-23,76.622200,76.637527,74.077835,74.369057,70.036880,19682406,0.000000,0.000000
2014-09-24,74.353729,74.920845,72.851639,74.039520,69.726540,16265451,0.000000,0.000000
2014-09-25,74.338402,74.338402,71.640762,72.238533,68.030457,16300897,0.000000,0.000000
2014-09-26,71.594780,73.326790,71.104301,72.598732,68.369675,10924765,0.000000,0.000000
2014-09-29,72.805649,74.338402,72.100586,73.112206,68.853226,5637962,0.000000,0.000000
2014-09-30,72.430130,74.031853,71.579453,72.146568,67.943855,4965223,0.000000,0.000000
2014-10-01,71.886002,73.211830,69.770805,71.119629,66.976746,7856653,0.000000,0.000000
2014-10-07,70.429886,71.924324,68.904800,69.318642,65.280647,7461357,0.000000,0.000000
2014-10-08,68.751526,71.656090,68.751526,70.751770,66.630310,9093116,0.000000,0.000000
2014-10-09,71.119629,72.322838,70.721115,71.464493,67.301491,5687879,0.000000,0.000000
2014-10-10,70.767097,71.272903,69.740150,70.629150,66.514832,7274614,0.000000,0.000000
2014-10-13,69.993057,70.813080,69.517899,70.675133,66.558136,6604016,0.000000,0.000000
2014-10-14,71.050652,71.257576,68.291702,69.433601,65.388924,16332115,0.000000,0.000000
2014-10-15,69.433601,69.433601,69.433601,69.433601,65.388924,0,0.000000,0.000000
2014-10-16,68.843491,70.000717,67.249435,68.161415,64.190842,16602981,0.000000,0.000000
2014-10-17,68.360680,68.467972,66.536705,67.586639,63.649551,19042171,0.000000,0.000000
2014-10-20,68.605919,69.678841,67.356728,69.019760,64.999191,6540927,0.000000,0.000000
2014-10-21,69.510239,70.966354,69.180695,70.805412,66.680832,11192740,0.000000,0.000000
2014-10-22,71.334213,72.943604,71.334213,72.744339,68.506805,6596715,0.000000,0.000000
2014-10-27,73.089211,73.104538,70.736443,71.081306,66.940659,5159078,0.000000,0.000000
2014-10-28,70.989342,71.863014,70.353249,70.989342,66.854050,4449660,0.000000,0.000000
2014-10-29,71.257576,72.192551,70.782425,71.755714,67.575760,4915626,0.000000,0.000000
2014-10-30,71.380196,72.453117,70.782425,72.146568,67.943855,5407383,0.000000,0.000000
2014-10-31,72.698357,74.798225,72.652374,74.223450,69.899750,11971419,0.000000,0.000000
2014-11-03,74.031853,75.648903,73.418755,74.537659,70.195663,9252007,0.000000,0.000000
2014-11-05,74.859535,75.656570,72.353493,73.303795,69.033669,5974801,0.000000,0.000000
2014-11-07,73.526047,73.962875,71.755714,72.866959,68.622276,5065827,0.000000,0.000000
2014-11-10,72.882294,73.510719,71.349541,71.824692,67.640732,4696974,0.000000,0.000000
2014-11-11,72.039276,74.629623,71.893669,74.407379,70.072960,9589629,0.000000,0.000000
2014-11-12,74.644951,75.235062,72.123581,73.403427,69.127502,24243383,0.000000,0.000000
2014-11-13,73.771286,74.683273,72.797989,73.786613,69.488365,8612471,0.000000,0.000000
2014-11-14,74.024193,75.334694,73.265480,75.104774,70.729744,7698969,0.000000,0.000000
2014-11-17,75.258057,76.775475,75.219734,75.917137,71.494789,7995912,0.000000,0.000000
2014-11-18,76.591545,77.342590,75.334694,76.108727,71.675209,8624951,0.000000,0.000000
2014-11-19,76.330978,76.783142,73.112206,73.955215,69.647141,7637400,0.000000,0.000000
2014-11-20,74.108490,74.215782,72.085258,73.503052,69.221321,7398614,0.000000,0.000000
2014-11-21,73.449409,74.468689,72.820976,73.349777,69.076965,4493522,0.000000,0.000000
2014-11-24,74.415039,74.844208,73.112206,73.932220,69.625488,6064985,0.000000,0.000000
2014-11-25,73.985870,74.292419,70.736443,71.081306,66.940659,6258356,0.000000,0.000000
2014-11-26,70.537186,70.920372,69.050415,69.540894,65.489975,8390980,0.000000,0.000000
2014-11-27,69.694168,70.460541,69.012093,70.023712,65.944664,7073186,0.000000,0.000000
2014-11-28,70.176987,71.809364,70.054367,70.345589,66.247795,5273545,0.000000,0.000000
2014-12-01,70.062027,70.905045,69.012093,69.242004,65.208481,3592058,0.000000,0.000000
2014-12-02,69.264999,69.893425,68.130760,69.625198,65.569359,7345826,0.000000,0.000000
2014-12-03,69.724823,71.533470,69.724823,71.203926,67.056107,6211480,0.000000,0.000000
2014-12-04,71.288231,71.778709,69.763145,70.452881,66.348839,5701129,0.000000,0.000000
2014-12-05,70.238297,71.272903,69.678841,69.947075,65.872498,3584536,0.000000,0.000000
2014-12-08,70.046700,70.406898,68.820503,69.425934,65.381699,5396553,0.000000,0.000000
2014-12-09,69.425934,70.077354,67.318405,67.831879,63.880524,10886428,0.000000,0.000000
2014-12-10,67.295418,68.605919,67.050171,68.513954,64.522842,6185579,0.000000,0.000000
2014-12-11,68.207397,68.674889,66.230148,67.693932,63.750591,7822003,0.000000,0.000000
2014-12-12,67.900848,68.820503,67.601967,68.092445,64.125908,6276670,0.000000,0.000000
2014-12-15,67.441025,68.475632,66.643997,68.130760,64.161972,4608212,0.000000,0.000000
2014-12-16,67.456352,68.345345,66.674652,67.525330,63.591827,7197622,0.000000,0.000000
2014-12-17,67.149803,67.985153,65.448448,67.126808,63.216511,10603088,0.000000,0.000000
2014-12-18,67.900848,68.958450,67.387383,68.314690,64.335190,6457188,0.000000,0.000000
2014-12-19,68.598251,70.483536,68.598251,69.310982,65.273460,8433276,0.000000,0.000000
2014-12-22,69.517899,70.429886,69.517899,69.816788,65.749794,5039463,0.000000,0.000000
2014-12-23,69.901093,70.245956,67.441025,67.870193,63.916584,5658813,0.000000,0.000000
2014-12-24,67.962158,68.506287,67.211113,67.686264,63.743382,10042919,0.000000,0.000000
2014-12-26,68.284035,69.740150,67.134476,69.418274,65.374481,4786877,0.000000,0.000000
2014-12-29,69.318642,70.928032,69.127052,70.230629,66.139534,5794902,0.000000,0.000000
2014-12-30,70.644470,73.763618,70.414558,73.587357,69.300713,11288862,0.000000,0.000000
2014-12-31,73.725304,74.890190,72.889954,74.537659,70.195663,7736809,0.000000,0.000000
2015-01-01,74.399712,75.495628,73.663994,75.104774,70.729744,3946806,0.000000,0.000000
2015-01-02,75.304039,76.177704,75.104774,75.472641,71.076172,6565229,0.000000,0.000000
2015-01-05,75.273384,77.641479,75.212074,76.721832,72.252602,9404837,0.000000,0.000000
2015-01-06,75.963120,79.381149,74.215782,76.139381,71.704071,18412441,0.000000,0.000000
2015-01-07,76.637527,77.794754,73.878578,75.464973,71.068962,10863352,0.000000,0.000000
2015-01-08,76.530235,78.783379,76.453598,78.438515,73.869278,7942903,0.000000,0.000000
2015-01-09,79.089928,79.817986,76.330978,77.656807,73.133110,12083224,0.000000,0.000000
2015-01-12,78.269905,80.070892,78.170280,78.867683,74.273438,12302379,0.000000,0.000000
2015-01-13,79.388817,79.519096,75.863487,76.131721,71.696869,7711411,0.000000,0.000000
2015-01-14,76.407616,76.438271,74.491676,75.311699,70.924599,6088603,0.000000,0.000000
2015-01-15,76.637527,77.380913,74.491676,76.775475,72.303116,8490702,0.000000,0.000000
2015-01-16,76.407616,77.633820,75.472641,76.683510,72.216507,7528008,0.000000,0.000000
2015-01-19,76.944077,78.476830,76.660522,77.603165,73.082596,7947209,0.000000,0.000000
2015-01-20,77.971024,78.170280,77.043709,77.633820,73.111465,6590817,0.000000,0.000000
2015-01-21,77.710457,78.001678,76.599213,77.580170,73.060936,6416875,0.000000,0.000000
2015-01-22,77.710457,80.009583,77.633820,79.488441,74.858047,8134532,0.000000,0.000000
2015-01-23,80.469406,88.041191,80.362114,86.424141,81.389717,45485926,0.000000,0.000000
2015-01-27,86.439468,87.780624,84.960365,86.033287,81.021645,12114821,0.000000,0.000000
2015-01-28,84.914383,88.953178,84.454559,85.404861,80.429825,13903344,0.000000,0.000000
2015-01-29,85.527481,91.313614,85.404861,89.420670,84.211700,37824705,0.000000,0.000000
2015-01-30,90.953423,99.015686,86.462463,96.149445,90.548515,65285063,0.000000,0.000000
2015-02-02,99.782066,101.560051,97.958092,100.364510,94.518036,41701833,0.000000,0.000000
2015-02-03,100.441147,100.464134,97.191711,98.341278,92.612663,11937206,0.000000,0.000000
2015-02-04,98.394920,101.835953,97.000122,99.368217,93.579765,20534456,0.000000,0.000000
2015-02-05,99.935341,100.011978,94.938568,95.467369,89.906174,15521514,0.000000,0.000000
2015-02-06,95.796913,98.693810,95.498024,96.157104,90.555717,13093343,0.000000,0.000000
2015-02-09,93.497787,97.253021,92.731407,93.375168,87.935837,9986256,0.000000,0.000000
2015-02-10,92.884682,98.004074,91.972694,97.321999,91.652748,16479576,0.000000,0.000000
2015-02-11,98.096039,102.203812,97.636215,101.391449,95.485146,19163587,0.000000,0.000000
2015-02-12,101.904922,105.299965,101.774635,104.893784,98.783470,19540915,0.000000,0.000000
2015-02-13,105.361275,105.713806,102.357086,102.985512,96.986359,11217343,0.000000,0.000000
2015-02-16,103.338043,105.008743,100.778351,101.621361,95.701675,11523388,0.000000,0.000000
2015-02-18,101.989227,103.460663,101.391449,102.042870,96.098625,6802972,0.000000,0.000000
2015-02-19,102.839897,107.499458,101.958572,106.104660,99.923813,16545483,0.000000,0.000000
2015-02-20,107.139267,108.472755,104.227036,105.361275,99.223724,13753196,0.000000,0.000000
2015-02-23,105.759789,106.219612,103.322716,104.204048,98.133904,6944254,0.000000,0.000000
2015-02-24,104.158066,109.545685,104.158066,109.162498,102.803520,18937816,0.000000,0.000000
2015-02-25,109.898216,110.273743,106.372887,106.664116,100.450668,13553581,0.000000,0.000000
2015-02-26,106.694771,107.905640,104.380318,105.460907,99.317551,15476196,0.000000,0.000000
2015-02-27,106.096992,109.331100,105.437912,109.032211,102.680817,12843035,0.000000,0.000000
2015-03-02,107.599091,109.744942,105.759789,108.809967,102.471527,8781363,0.000000,0.000000
2015-03-03,109.361755,111.507607,108.380791,110.633934,104.189247,10908493,0.000000,0.000000
2015-03-04,111.576576,111.683868,107.292542,107.951622,101.663170,9656926,0.000000,0.000000
2015-03-05,108.097237,108.357803,105.759789,107.208237,100.963097,12558461,0.000000,0.000000
2015-03-09,106.510841,106.510841,101.682671,102.042870,96.098625,7975309,0.000000,0.000000
2015-03-10,102.081192,104.150398,98.057716,99.391212,93.601418,9985479,0.000000,0.000000
2015-03-11,99.521492,101.391449,97.743507,99.429527,93.637520,11566206,0.000000,0.000000
2015-03-12,100.241890,101.115555,99.567474,100.502457,94.647934,6724218,0.000000,0.000000
2015-03-13,101.123222,101.927917,96.256737,97.191711,91.530067,9152930,0.000000,0.000000
2015-03-16,97.329659,98.839424,95.260452,98.096039,92.381714,10155774,0.000000,0.000000
2015-03-17,98.594177,99.552147,97.199379,98.839424,93.081787,6650031,0.000000,0.000000
2015-03-18,98.877739,99.782066,98.019402,98.724464,92.973534,4567788,0.000000,0.000000
2015-03-19,99.636452,99.782066,94.011253,94.838943,89.314346,8507137,0.000000,0.000000
2015-03-20,94.570709,95.229790,92.578133,93.474792,88.029648,12267377,0.000000,0.000000
2015-03-23,93.842651,94.700996,90.899773,91.390251,86.066536,9837934,0.000000,0.000000
2015-03-24,90.976410,91.696800,89.129448,90.654533,85.373688,9013384,0.000000,0.000000
2015-03-25,91.244644,93.865646,90.899773,93.313858,87.878105,8756630,0.000000,0.000000
2015-03-26,92.700752,94.179855,91.359596,92.194946,86.824371,14607308,0.000000,0.000000
2015-03-27,91.965034,91.965034,89.420670,91.236977,85.922211,7045197,0.000000,0.000000
2015-03-30,92.424858,95.030533,92.194946,94.838943,89.314346,5615297,0.000000,0.000000
2015-03-31,95.352417,97.023109,93.750687,94.317810,88.823578,8187770,0.000000,0.000000
2015-04-01,93.313858,94.386780,92.424858,93.865646,88.397743,5663060,0.000000,0.000000
2015-04-06,94.264160,97.329659,93.903961,96.410011,90.793900,5353082,0.000000,0.000000
2015-04-07,97.329659,98.847084,95.881210,98.241646,92.518837,8201797,0.000000,0.000000
2015-04-08,98.693810,99.460182,97.176384,98.839424,93.081787,9957941,0.000000,0.000000
2015-04-09,99.153633,99.153633,96.954140,98.096039,92.381714,4112808,0.000000,0.000000
2015-04-10,96.570953,98.494553,95.842896,97.797150,92.100243,6573554,0.000000,0.000000
2015-04-13,97.712852,101.774635,97.329659,101.437431,95.528465,10420149,0.000000,0.000000
2015-04-15,101.743980,102.556343,98.126694,98.923721,93.161179,7813182,0.000000,0.000000
2015-04-16,98.893066,100.402824,97.023109,98.210991,92.489960,7010657,0.000000,0.000000
2015-04-17,98.096039,99.567474,97.505928,98.479225,92.742561,6112233,0.000000,0.000000
2015-04-20,98.479225,99.291580,96.869835,98.364265,92.634308,8286932,0.000000,0.000000
2015-04-21,98.096039,101.291824,97.329659,99.812721,93.998398,11180742,0.000000,0.000000
2015-04-22,100.525444,101.881927,98.946716,101.192192,95.297501,9174702,0.000000,0.000000
2015-04-23,101.950905,103.997124,101.176865,103.108131,97.101837,9486964,0.000000,0.000000
2015-04-24,102.993172,102.993172,100.088615,101.199860,95.304718,7851453,0.000000,0.000000
2015-04-27,101.460426,102.311104,98.126694,100.241890,94.402550,6648955,0.000000,0.000000
2015-04-28,98.900734,100.655731,98.103699,100.234222,94.395332,5830498,0.000000,0.000000
2015-04-29,100.540771,104.686867,100.226562,103.843849,97.794693,7722104,0.000000,0.000000
2015-04-30,103.920486,105.606514,102.801582,103.338043,97.318344,13112048,0.000000,0.000000
2015-05-04,103.920486,109.254463,102.847565,108.457428,102.139519,11619476,0.000000,0.000000
2015-05-05,108.825294,111.124420,107.637405,109.660637,103.272644,9925470,0.000000,0.000000
2015-05-06,108.695007,108.825294,103.154114,104.020119,97.960686,9298055,0.000000,0.000000
2015-05-07,103.161781,103.460663,97.099747,99.575142,93.774635,6735975,0.000000,0.000000
2015-05-08,101.199860,105.606514,100.701714,104.863129,98.754593,6537756,0.000000,0.000000
2015-05-11,106.066338,108.825294,105.545204,108.388458,102.074577,6250194,0.000000,0.000000
2015-05-12,108.365463,108.403786,102.694290,103.253746,97.238983,6854481,0.000000,0.000000
2015-05-13,104.380318,111.883125,104.380318,110.695244,104.246979,38481851,0.000000,0.000000
2015-05-14,109.285118,113.553825,108.120224,113.032692,106.448273,26280844,0.000000,0.000000
2015-05-15,113.116997,114.082626,111.584244,113.224281,106.628685,15502215,0.000000,0.000000
2015-05-18,112.672493,119.401268,112.672493,118.688538,111.774635,17281278,0.000000,0.000000
2015-05-19,117.868523,119.937737,117.025505,118.029457,111.153961,13493245,0.000000,0.000000
2015-05-20,118.788170,120.397560,118.328346,119.623520,112.655159,14434024,0.000000,0.000000
2015-05-21,119.960724,120.320923,118.175072,119.623520,112.655159,9851602,0.000000,0.000000
2015-05-22,120.458870,122.543411,119.554543,121.815353,114.719292,13381322,0.000000,0.000000
2015-05-25,121.087296,122.390137,119.784454,120.520180,113.499596,11963825,0.000000,0.000000
2015-05-26,121.056641,123.225487,120.320923,121.623756,114.538872,17826044,0.000000,0.000000
2015-05-27,119.738472,121.700394,119.723145,121.163933,114.105835,11121457,0.000000,0.000000
2015-05-28,120.934021,121.240570,109.652977,112.580528,106.022438,38326555,0.000000,0.000000
2015-05-29,112.503891,112.503891,104.020119,108.258171,101.951874,52597892,0.000000,0.000000
2015-06-01,108.672012,110.618607,96.149445,97.030777,91.378487,71545880,0.000000,0.000000
2015-06-02,97.789490,100.157585,95.260452,97.636215,91.948669,112566102,0.000000,0.000000
2015-06-03,312.391876,312.391876,57.950245,59.802910,56.319241,89673759,0.000000,0.000000
2015-06-04,61.028938,65.033958,59.557705,63.508240,59.808735,27138057,0.000000,0.000000
2015-06-05,63.753445,65.960297,61.219654,62.799866,59.141624,18109318,0.000000,0.000000
2015-06-08,63.562729,63.971405,53.700016,54.353897,51.187645,27980663,0.000000,0.000000
2015-06-09,54.844307,56.615238,53.291340,54.626347,51.444225,24868857,0.000000,0.000000
2015-06-10,54.762573,56.342789,54.490124,54.817062,51.623840,9294001,0.000000,0.000000
2015-06-11,55.416454,55.688904,52.582970,53.345829,50.238300,10489218,0.000000,0.000000
2015-06-12,52.855419,52.882664,50.730305,51.193470,48.211327,9493008,0.000000,0.000000
2015-06-15,51.193470,56.969421,50.130913,54.735329,51.546864,23764327,0.000000,0.000000
2015-06-16,54.735329,54.898800,51.111736,52.746437,49.673824,11264023,0.000000,0.000000
2015-06-17,53.345829,55.225739,52.419498,54.081448,50.931072,13221475,0.000000,0.000000
2015-06-18,54.571857,55.198494,53.454811,54.299408,51.136333,7826482,0.000000,0.000000
2015-06-19,54.299408,54.953289,52.446743,52.800930,49.725147,6430158,0.000000,0.000000
2015-06-22,53.100624,54.135937,52.582970,53.318584,50.212646,5395954,0.000000,0.000000
2015-06-23,53.400318,55.252983,53.100624,54.680840,51.495548,8146500,0.000000,0.000000
2015-06-24,54.517368,54.953289,52.637459,52.937153,49.853436,5616487,0.000000,0.000000
2015-06-25,51.493168,52.038067,50.158157,51.493168,48.493565,14788371,0.000000,0.000000
2015-06-26,51.602146,52.964397,51.084492,51.411430,48.416592,8700138,0.000000,0.000000
2015-06-29,50.621323,50.621323,49.150089,49.776726,46.877110,5251014,0.000000,0.000000
2015-06-30,49.449787,51.166225,48.904884,49.504276,46.620537,10729342,0.000000,0.000000
2015-07-01,49.749481,50.675816,49.613255,49.940197,47.031063,8195635,0.000000,0.000000
2015-07-02,50.403362,50.675816,49.259071,49.749481,46.851452,9383950,0.000000,0.000000
2015-07-03,49.912952,50.866528,49.313560,49.586010,46.697510,8627185,0.000000,0.000000
2015-07-06,49.041111,49.912952,48.850395,49.449787,46.569221,8015491,0.000000,0.000000
2015-07-07,49.803970,50.948265,49.068356,50.158157,47.236328,8715245,0.000000,0.000000
2015-07-08,49.749481,49.831219,48.605190,48.741413,45.902103,8641503,0.000000,0.000000
2015-07-09,49.041111,49.477032,48.169270,48.468964,45.645527,6958615,0.000000,0.000000
2015-07-10,48.714169,49.259071,48.114777,48.823151,45.979073,9393005,0.000000,0.000000
2015-07-13,49.041111,49.694992,48.496208,49.395294,46.517895,7490181,0.000000,0.000000
2015-07-14,49.640499,50.212646,48.359985,48.714169,45.876450,7973389,0.000000,0.000000
2015-07-15,48.768658,49.150089,48.278248,48.550697,45.722500,6202960,0.000000,0.000000
2015-07-16,48.904884,49.422543,47.869572,48.496208,45.671196,6807914,0.000000,0.000000
2015-07-17,48.768658,48.904884,48.060287,48.278248,45.465923,3031881,0.000000,0.000000
2015-07-20,48.468964,48.550697,47.624367,47.924065,45.132374,3264000,0.000000,0.000000
2015-07-21,47.951309,48.033043,45.853439,46.153133,43.464603,5711592,0.000000,0.000000
2015-07-22,45.962418,46.507320,45.662724,46.234867,43.541573,3952747,0.000000,0.000000
2015-07-23,46.561810,46.561810,45.390270,46.071400,43.387627,3068660,0.000000,0.000000
2015-07-24,46.044151,47.542633,45.962418,46.507320,43.798161,5275442,0.000000,0.000000
2015-07-27,46.316605,46.343849,43.973530,44.164246,41.591568,6322345,0.000000,0.000000
2015-07-28,44.463940,44.545673,43.483116,43.782814,41.232357,4621143,0.000000,0.000000
2015-07-29,44.028019,44.845371,43.646587,44.545673,41.950779,3638918,0.000000,0.000000
2015-07-30,44.709145,49.259071,44.354961,48.305492,45.491589,12972903,0.000000,0.000000
2015-07-31,47.951309,48.359985,47.079468,47.488140,46.014755,6479144,1.357279,0.000000
2015-08-03,47.842327,47.842327,45.826195,46.207623,44.773964,4156120,0.000000,0.000000
2015-08-04,46.534565,52.201538,46.044151,51.465919,49.869114,19284731,0.000000,0.000000
2015-08-05,52.365009,56.152073,51.765617,53.890732,52.218689,33057721,0.000000,0.000000
2015-08-06,53.127869,53.345829,51.002754,51.847351,50.238720,10882998,0.000000,0.000000
2015-08-07,51.411430,51.411430,48.877640,49.204578,47.677940,10726140,0.000000,0.000000
2015-08-10,49.858463,52.119801,49.204578,49.722237,48.179539,11261468,0.000000,0.000000
2015-08-11,50.485100,52.256027,49.259071,50.376118,48.813137,17005676,0.000000,0.000000
2015-08-12,50.675816,50.866528,47.678856,48.087532,46.595551,8282185,0.000000,0.000000
2015-08-13,48.850395,49.722237,46.207623,46.861504,45.407562,11534758,0.000000,0.000000
2015-08-14,47.297424,49.150089,46.643543,48.305492,46.806747,8585856,0.000000,0.000000
2015-08-17,48.659679,49.368050,47.951309,48.251003,46.753952,8447000,0.000000,0.000000
2015-08-18,48.523453,49.259071,46.861504,47.079468,45.618755,8124520,0.000000,0.000000
2015-08-19,47.079468,47.678856,46.452827,46.752525,45.301964,6206812,0.000000,0.000000
2015-08-20,47.188446,48.387230,44.790882,45.335781,43.929176,12799958,0.000000,0.000000
2015-08-21,45.008842,45.335781,43.919041,44.736389,43.348373,6279851,0.000000,0.000000
2015-08-24,43.592098,43.673832,38.170330,38.878700,37.672432,10248837,0.000000,0.000000
2015-08-25,41.412495,41.466984,36.671852,39.532585,38.306034,13239669,0.000000,0.000000
2015-08-26,39.641563,40.268200,37.979614,39.232887,38.015629,7753423,0.000000,0.000000
2015-08-27,39.777790,44.545673,39.777790,43.483116,42.133991,19986363,0.000000,0.000000
2015-08-28,44.245979,45.090576,41.058308,42.011883,40.708412,10542721,0.000000,0.000000
2015-08-31,42.175354,42.611275,40.813103,40.949326,39.678810,6080032,0.000000,0.000000
2015-09-01,40.322689,40.649632,38.333801,39.232887,38.015629,6376473,0.000000,0.000000
2015-09-02,39.886768,40.213711,38.442780,38.824211,37.619633,5904936,0.000000,0.000000
2015-09-03,39.232887,41.085552,39.232887,39.777790,38.543629,6226743,0.000000,0.000000
2015-09-04,39.641563,39.641563,37.053284,37.816147,36.642849,6305827,0.000000,0.000000
2015-09-07,38.006859,38.470024,36.508381,36.671852,35.534058,6581132,0.000000,0.000000
2015-09-08,37.053284,37.598183,35.881744,37.271244,36.114853,5289929,0.000000,0.000000
2015-09-09,38.006859,39.641563,37.598183,38.388290,37.197243,6264546,0.000000,0.000000
2015-09-10,38.006859,38.306557,36.671852,37.870636,36.695648,5148802,0.000000,0.000000
2015-09-11,38.279312,39.042171,37.516449,37.816147,36.642849,5485829,0.000000,0.000000
2015-09-14,38.633495,43.265156,38.143085,42.011883,40.708412,16092993,0.000000,0.000000
2015-09-15,41.031063,41.984638,39.559830,40.022995,38.781227,7953935,0.000000,0.000000
2015-09-16,40.649632,42.202599,39.396358,40.676876,39.414818,10028024,0.000000,0.000000
2015-09-18,41.058308,43.101688,41.058308,42.475052,41.157204,16642761,0.000000,0.000000
2015-09-21,41.848415,45.199554,41.466984,44.218735,42.846783,10205902,0.000000,0.000000
2015-09-22,44.518429,45.771702,42.257092,42.720257,41.394798,7453139,0.000000,0.000000
2015-09-23,41.439739,44.136997,41.412495,43.592098,42.239594,7308058,0.000000,0.000000
2015-09-24,43.592098,44.273224,42.774746,43.755569,42.397995,6136409,0.000000,0.000000
2015-09-28,44.136997,45.117821,43.401382,43.782814,42.424389,5042820,0.000000,0.000000
2015-09-29,42.801991,44.681900,41.848415,43.074444,41.738003,7114293,0.000000,0.000000
2015-09-30,43.592098,44.354961,42.856480,44.055264,42.688389,4967654,0.000000,0.000000
2015-10-01,44.518429,45.063332,43.292400,43.891792,42.529984,5458967,0.000000,0.000000
2015-10-05,44.300468,45.226803,44.164246,44.818127,43.427578,5424113,0.000000,0.000000
2015-10-06,45.226803,47.161201,45.036087,45.853439,44.430771,8280258,0.000000,0.000000
2015-10-07,46.071400,47.079468,45.880684,46.234867,44.800369,5196692,0.000000,0.000000
2015-10-08,46.480076,46.534565,44.790882,45.853439,44.430771,3677139,0.000000,0.000000
2015-10-09,46.316605,46.997730,44.899860,45.744457,44.325165,4981978,0.000000,0.000000
2015-10-12,46.016907,47.842327,45.635475,46.915997,45.460365,5669432,0.000000,0.000000
2015-10-13,46.861504,47.079468,45.880684,46.343849,44.905968,3209653,0.000000,0.000000
2015-10-14,46.289360,47.624367,45.798946,46.207623,44.773964,3471935,0.000000,0.000000
2015-10-15,46.561810,53.727261,46.561810,52.719193,51.083508,46389867,0.000000,0.000000
2015-10-16,53.400318,55.579926,51.656635,52.365009,50.740311,29536061,0.000000,0.000000
2015-10-19,52.038067,52.283272,50.675816,51.084492,49.499523,6970459,0.000000,0.000000
2015-10-20,51.220715,53.509300,51.138981,52.310516,50.687508,8720857,0.000000,0.000000
2015-10-21,52.310516,52.746437,49.749481,51.057243,49.473122,5527554,0.000000,0.000000
2015-10-23,51.493168,52.555721,51.057243,51.247959,49.657921,5240377,0.000000,0.000000
2015-10-26,51.329697,51.656635,49.640499,49.940197,48.390736,3787304,0.000000,0.000000
2015-10-27,49.694992,50.430607,49.449787,50.021931,48.469925,5276126,0.000000,0.000000
2015-10-28,49.803970,50.675816,49.041111,49.640499,48.100334,6442492,0.000000,0.000000
2015-10-29,49.749481,50.348873,49.286316,49.667747,48.126736,5365170,0.000000,0.000000
2015-10-30,49.749481,51.438675,49.586010,50.348873,48.786736,8062369,0.000000,0.000000
2015-11-02,50.403362,50.539589,47.733349,48.169270,46.674755,9626089,0.000000,0.000000
2015-11-03,48.605190,49.068356,47.515388,48.169270,46.674755,6570152,0.000000,0.000000
2015-11-04,48.496208,48.823151,46.234867,46.425583,44.985165,5166112,0.000000,0.000000
2015-11-05,46.343849,46.425583,44.136997,44.436695,43.057983,4818884,0.000000,0.000000
2015-11-06,44.627411,44.899860,42.502296,43.074444,41.738003,6193549,0.000000,0.000000
2015-11-09,41.249023,43.755569,40.922081,43.292400,41.949192,7812735,0.000000,0.000000
2015-11-10,43.210667,43.401382,41.412495,41.575962,40.286003,4699200,0.000000,0.000000
2015-11-13,42.175354,42.175354,40.486160,41.112797,39.837208,4378881,0.000000,0.000000
2015-11-16,41.031063,42.638519,40.731365,42.011883,40.708412,4831517,0.000000,0.000000
2015-11-17,42.284336,44.627411,42.175354,43.673832,42.318798,9313041,0.000000,0.000000
2015-11-18,43.673832,43.782814,42.202599,42.475052,41.157204,3872022,0.000000,0.000000
2015-11-19,42.720257,43.183422,41.712189,42.475052,41.157204,3884973,0.000000,0.000000
2015-11-20,42.665768,43.483116,42.066376,42.611275,41.289200,4890165,0.000000,0.000000
2015-11-23,42.774746,44.136997,42.774746,43.183422,41.843597,5297543,0.000000,0.000000
2015-11-24,43.428627,44.273224,42.992706,43.374138,42.028393,7182239,0.000000,0.000000
2015-11-26,43.592098,45.635475,43.319649,45.008842,43.612381,7493473,0.000000,0.000000
2015-11-27,45.226803,45.717213,44.518429,44.818127,43.427578,3772617,0.000000,0.000000
2015-11-30,44.818127,45.472008,44.463940,44.899860,43.506779,2773913,0.000000,0.000000
2015-12-01,45.090576,45.117821,44.055264,44.409451,43.031593,2357904,0.000000,0.000000
2015-12-02,44.572922,46.125889,43.946285,45.390270,43.981976,6203687,0.000000,0.000000
2015-12-03,45.226803,45.254047,43.891792,44.109753,42.741180,4221337,0.000000,0.000000
2015-12-04,43.701077,45.063332,42.720257,43.047195,41.711601,4636317,0.000000,0.000000
2015-12-07,43.292400,44.000774,43.047195,43.210667,41.869995,2366502,0.000000,0.000000
2015-12-08,42.992706,43.428627,41.303513,41.548717,40.259613,3861641,0.000000,0.000000
2015-12-09,41.249023,42.011883,40.295444,41.031063,39.758015,5907154,0.000000,0.000000
2015-12-10,41.249023,41.684944,40.867592,41.112797,39.837208,3362000,0.000000,0.000000
2015-12-11,41.385246,41.684944,39.232887,39.696053,38.464424,5117674,0.000000,0.000000
2015-12-14,39.668808,41.630451,39.505341,40.894836,39.626011,5144866,0.000000,0.000000
2015-12-15,43.265156,43.864548,42.175354,42.801991,41.474003,13412010,0.000000,0.000000
2015-12-16,43.019951,43.237911,42.066376,42.311581,40.998802,4200454,0.000000,0.000000
2015-12-17,42.693012,44.082508,41.766678,43.619343,42.265999,5904341,0.000000,0.000000
2015-12-18,43.128933,44.572922,42.829235,43.646587,42.292397,5630842,0.000000,0.000000
2015-12-21,43.837303,44.954350,43.374138,44.382206,43.005180,4289882,0.000000,0.000000
2015-12-22,44.300468,45.472008,44.055264,44.300468,42.925987,5794288,0.000000,0.000000
2015-12-23,44.681900,45.390270,44.382206,44.872616,43.480389,4970710,0.000000,0.000000
2015-12-24,44.954350,46.262115,44.463940,45.907928,44.483566,5838327,0.000000,0.000000
2015-12-28,45.771702,46.507320,45.090576,45.771702,44.351574,3912777,0.000000,0.000000
2015-12-29,45.907928,46.180378,45.281292,45.662724,44.245968,4291684,0.000000,0.000000
2015-12-30,45.662724,46.425583,45.226803,45.444763,44.034771,5667355,0.000000,0.000000
2015-12-31,45.553741,45.798946,44.818127,45.444763,44.034771,4286718,0.000000,0.000000
2016-01-01,45.553741,49.422543,44.872616,49.095600,47.572346,10963906,0.000000,0.000000
2016-01-04,48.768658,50.158157,45.907928,46.371094,44.932365,9408965,0.000000,0.000000
2016-01-05,46.670792,48.823151,45.880684,48.278248,46.780350,9801814,0.000000,0.000000
2016-01-06,47.951309,48.468964,46.480076,46.997730,45.539558,7093448,0.000000,0.000000
2016-01-07,46.262115,46.262115,42.502296,43.564854,42.213196,8919023,0.000000,0.000000
2016-01-08,44.681900,45.226803,43.946285,44.681900,43.295586,6409374,0.000000,0.000000
2016-01-11,44.136997,45.717213,42.992706,44.872616,43.480389,7610929,0.000000,0.000000
2016-01-12,44.872616,45.635475,43.319649,44.028019,42.661991,7187524,0.000000,0.000000
2016-01-13,44.572922,46.643543,42.066376,44.055264,42.688389,14813664,0.000000,0.000000
2016-01-14,43.019951,44.136997,42.148109,42.393314,41.077999,8517248,0.000000,0.000000
2016-01-15,42.720257,43.483116,40.268200,40.540649,39.282822,6162841,0.000000,0.000000
2016-01-18,40.213711,40.486160,37.162262,38.197575,37.012440,6988884,0.000000,0.000000
2016-01-19,38.987682,40.104729,38.088596,39.505341,38.279636,5936602,0.000000,0.000000
2016-01-20,38.442780,39.014927,36.753586,37.489204,36.326046,5302168,0.000000,0.000000
2016-01-21,38.361046,39.205643,37.053284,37.925125,36.748451,6301101,0.000000,0.000000
2016-01-22,38.497272,40.595142,38.497272,40.186466,38.939625,6412547,0.000000,0.000000
2016-01-25,40.567898,41.085552,39.614319,40.377182,39.124424,3702771,0.000000,0.000000
2016-01-27,40.758610,40.976570,39.668808,39.914017,38.675632,3456780,0.000000,0.000000
2016-01-28,40.131973,40.295444,38.987682,39.260132,38.042027,3743917,0.000000,0.000000
2016-01-29,39.260132,39.968506,38.252068,39.696053,38.464424,4584955,0.000000,0.000000
2016-02-01,40.077484,42.665768,39.995750,40.622387,39.362015,14301204,0.000000,0.000000
2016-02-02,40.431671,40.731365,38.796967,39.260132,38.042027,4281060,0.000000,0.000000
2016-02-03,40.404427,40.595142,38.796967,39.205643,37.989231,9088526,0.000000,0.000000
2016-02-04,39.614319,40.104729,38.769722,39.369114,38.147629,4395526,0.000000,0.000000
2016-02-05,39.396358,40.704121,39.123909,40.159222,38.913227,4563542,0.000000,0.000000
2016-02-08,40.567898,43.428627,39.941261,41.140041,39.863617,12827236,0.000000,0.000000
2016-02-09,40.567898,41.412495,39.505341,40.867592,39.599621,7145205,0.000000,0.000000
2016-02-10,40.322689,40.595142,39.123909,39.423603,38.200428,5444984,0.000000,0.000000
2016-02-11,39.505341,39.614319,36.263176,36.998795,35.850861,6162865,0.000000,0.000000
2016-02-12,37.543694,37.543694,33.511425,34.982658,33.897278,8247087,0.000000,0.000000
2016-02-15,35.854500,37.271244,35.146130,35.609295,34.504467,8626379,0.000000,0.000000
2016-02-16,36.181442,36.344910,34.138062,34.356022,33.290073,7678551,0.000000,0.000000
2016-02-17,34.410511,34.764698,32.966522,34.356022,33.290073,6460857,0.000000,0.000000
2016-02-18,34.873676,35.227863,33.375198,34.110817,33.052483,5831539,0.000000,0.000000
2016-02-19,34.110817,34.628471,33.702141,34.301533,33.237278,4855147,0.000000,0.000000
2016-02-22,34.764698,34.873676,33.647652,33.947346,32.894081,4339569,0.000000,0.000000
2016-02-23,34.219795,34.247044,32.830299,33.184483,32.154888,5223434,0.000000,0.000000
2016-02-24,33.075504,34.219795,32.476112,33.293465,32.260483,6110278,0.000000,0.000000
2016-02-25,33.647652,33.783875,32.612339,32.803055,31.785294,5504340,0.000000,0.000000
2016-02-26,33.266220,33.565914,32.230907,32.966522,31.943691,4739308,0.000000,0.000000
2016-02-29,33.075504,33.402447,31.713251,32.012947,31.019703,8277215,0.000000,0.000000
2016-03-01,32.149174,33.456936,31.931211,33.102749,32.075695,6846633,0.000000,0.000000
2016-03-02,33.783875,34.900925,33.293465,34.029079,32.973282,9313684,0.000000,0.000000
2016-03-03,34.328777,34.601227,33.429691,34.056328,32.999687,7706783,0.000000,0.000000
2016-03-04,34.328777,35.227863,34.056328,34.437756,33.369282,9013442,0.000000,0.000000
2016-03-08,34.601227,35.146130,33.920101,34.900925,33.818077,11091171,0.000000,0.000000
2016-03-09,34.601227,36.426647,34.383266,36.181442,35.058865,7364105,0.000000,0.000000
2016-03-10,36.535625,36.780830,35.364090,35.527561,34.425270,5795786,0.000000,0.000000
2016-03-11,35.527561,36.399403,35.309601,35.663784,34.557262,4388832,0.000000,0.000000
2016-03-14,35.990726,36.317665,35.227863,35.827255,34.715664,9639983,0.000000,0.000000
2016-03-15,36.126949,36.998795,35.963482,36.290421,35.164463,13157445,0.000000,0.000000
2016-03-16,36.998795,37.216751,35.582050,36.017971,34.900463,6623525,0.000000,0.000000
2016-03-17,36.508381,37.652676,36.126949,36.699097,35.560459,6197000,0.000000,0.000000
2016-03-18,36.808079,37.843391,36.671852,37.543694,36.378845,4953618,0.000000,0.000000
2016-03-21,37.107773,37.870636,36.944302,37.380222,36.220448,4441860,0.000000,0.000000
2016-03-22,37.516449,37.625427,36.699097,37.325733,36.546806,3518755,0.387794,0.000000
2016-03-23,37.352978,39.396358,37.189507,38.796967,37.987328,9235585,0.000000,0.000000
2016-03-28,38.933193,39.069420,37.080528,37.271244,36.493446,4467554,0.000000,0.000000
2016-03-29,37.243999,37.598183,36.535625,36.862568,36.093304,2954449,0.000000,0.000000
2016-03-30,37.080528,39.777790,37.053284,39.505341,38.680920,7701201,0.000000,0.000000
2016-03-31,39.668808,40.813103,39.505341,40.213711,39.374504,9873493,0.000000,0.000000
2016-04-01,40.077484,42.338825,39.668808,41.466984,40.601627,7591623,0.000000,0.000000
2016-04-04,43.265156,44.600166,43.156178,43.891792,42.975834,12870242,0.000000,0.000000
2016-04-05,44.300468,44.300468,40.322689,40.567898,39.721306,15609107,0.000000,0.000000
2016-04-06,40.704121,41.603207,40.567898,41.140041,40.281506,8288100,0.000000,0.000000
2016-04-07,41.684944,42.066376,40.840347,41.303513,40.441570,8449410,0.000000,0.000000
2016-04-08,40.922081,42.992706,40.922081,42.638519,41.748714,5535709,0.000000,0.000000
2016-04-11,42.665768,43.810059,41.712189,43.537609,42.629047,9178024,0.000000,0.000000
2016-04-12,43.592098,44.245979,42.774746,43.128933,42.228893,5169116,0.000000,0.000000
2016-04-13,43.837303,44.463940,42.965462,43.891792,42.975834,8758910,0.000000,0.000000
2016-04-18,44.273224,45.662724,44.245979,45.199554,44.256302,6639271,0.000000,0.000000
2016-04-20,45.417519,46.316605,45.254047,45.880684,44.923222,9906061,0.000000,0.000000
2016-04-21,46.316605,46.316605,44.763634,45.335781,44.389690,7968200,0.000000,0.000000
2016-04-22,44.954350,45.417519,44.491184,44.709145,43.776131,2894785,0.000000,0.000000
2016-04-25,44.709145,45.472008,44.028019,45.145065,44.202953,4414513,0.000000,0.000000
2016-04-26,44.681900,46.098644,44.681900,45.907928,44.949894,7920306,0.000000,0.000000
2016-04-27,45.880684,47.297424,45.608231,46.725281,45.750191,6246060,0.000000,0.000000
2016-04-28,46.970486,47.106712,45.499252,45.689968,44.736481,15756725,0.000000,0.000000
2016-04-29,45.771702,48.387230,45.335781,47.242935,46.257042,6954309,0.000000,0.000000
2016-05-02,47.024975,48.305492,46.044151,47.433651,46.443775,8407771,0.000000,0.000000
2016-05-03,47.406406,48.114777,46.534565,46.807014,45.830219,3210334,0.000000,0.000000
2016-05-04,46.915997,47.024975,42.774746,43.128933,42.228893,20822656,0.000000,0.000000
2016-05-05,42.774746,44.028019,41.684944,42.556786,41.668690,9217609,0.000000,0.000000
2016-05-06,42.447803,42.665768,41.412495,41.821171,40.948425,4208863,0.000000,0.000000
2016-05-09,42.093620,42.720257,41.821171,42.175354,41.295212,3602403,0.000000,0.000000
2016-05-10,42.229843,42.393314,40.704121,40.976570,40.121445,4712978,0.000000,0.000000
2016-05-11,40.295444,41.766678,39.805035,40.486160,39.641266,6481488,0.000000,0.000000
2016-05-12,40.704121,41.466984,40.595142,41.249023,40.388218,2523613,0.000000,0.000000
2016-05-13,41.031063,41.930149,38.333801,39.968506,39.134426,6561921,0.000000,0.000000
2016-05-16,40.268200,41.739433,39.941261,41.494228,40.628300,5208855,0.000000,0.000000
2016-05-17,41.575962,41.575962,40.567898,40.840347,39.988068,2650065,0.000000,0.000000
2016-05-18,40.322689,41.684944,40.022995,40.840347,39.988068,4061224,0.000000,0.000000
2016-05-19,40.840347,40.840347,38.687988,38.960438,38.147388,4148628,0.000000,0.000000
2016-05-20,39.396358,39.478092,37.325733,37.543694,36.760208,5822513,0.000000,0.000000
2016-05-23,37.870636,38.905949,37.734409,37.979614,37.187035,4193119,0.000000,0.000000
2016-05-24,37.925125,38.769722,37.598183,38.442780,37.640533,3990547,0.000000,0.000000
2016-05-25,38.742477,39.014927,38.306557,38.742477,37.933975,2631012,0.000000,0.000000
2016-05-26,38.960438,40.758610,38.769722,40.377182,39.534565,3692219,0.000000,0.000000
2016-05-27,40.431671,41.412495,39.559830,39.968506,39.134426,3452128,0.000000,0.000000
2016-05-30,40.268200,41.003819,39.641563,40.676876,39.828014,2433947,0.000000,0.000000
2016-05-31,41.058308,41.058308,39.178398,39.696053,38.867649,6312199,0.000000,0.000000
2016-06-01,39.777790,42.120865,39.559830,40.949326,40.094772,9021732,0.000000,0.000000
2016-06-02,41.466984,41.630451,40.431671,41.167286,40.308182,5390009,0.000000,0.000000
2016-06-03,41.412495,41.793922,38.933193,39.260132,38.440830,5454098,0.000000,0.000000
2016-06-06,39.260132,39.723297,38.197575,39.396358,38.574219,5051899,0.000000,0.000000
2016-06-07,39.723297,39.995750,39.123909,39.668808,38.840973,4197626,0.000000,0.000000
2016-06-08,39.777790,41.140041,39.614319,40.813103,39.961395,4976982,0.000000,0.000000
2016-06-09,40.922081,41.276268,40.240955,40.704121,39.854683,3803414,0.000000,0.000000
2016-06-10,40.622387,41.358002,40.268200,40.676876,39.828014,2797763,0.000000,0.000000
2016-06-13,39.886768,40.513405,39.260132,39.668808,38.840973,4466319,0.000000,0.000000
2016-06-14,39.941261,43.455872,39.668808,42.965462,42.068829,11896589,0.000000,0.000000
2016-06-15,43.101688,43.810059,42.556786,43.537609,42.629047,8418476,0.000000,0.000000
2016-06-16,43.047195,43.483116,41.848415,42.883724,41.988804,4883954,0.000000,0.000000
2016-06-17,43.210667,44.245979,42.720257,42.938217,42.042156,5533237,0.000000,0.000000
2016-06-20,42.502296,44.028019,42.175354,43.455872,42.549004,3617653,0.000000,0.000000
2016-06-21,43.564854,43.973530,42.556786,42.856480,41.962128,3180115,0.000000,0.000000
2016-06-22,43.210667,43.374138,41.902905,42.311581,41.428596,4106076,0.000000,0.000000
2016-06-23,42.475052,43.210667,41.548717,42.938217,42.042156,5537212,0.000000,0.000000
2016-06-24,40.867592,41.330757,39.396358,40.431671,39.587917,5617427,0.000000,0.000000
2016-06-27,40.649632,41.466984,39.832279,41.167286,40.308182,3331651,0.000000,0.000000
2016-06-28,41.249023,44.954350,41.085552,44.382206,43.456017,14977945,0.000000,0.000000
2016-06-29,44.818127,45.689968,44.028019,45.390270,44.443039,8713634,0.000000,0.000000
2016-06-30,45.553741,47.815083,45.363026,47.270180,46.283714,9513478,0.000000,0.000000
2016-07-01,47.433651,47.542633,45.989662,46.125889,45.163307,4926955,0.000000,0.000000
2016-07-04,46.316605,47.324673,46.180378,46.861504,45.883572,4389525,0.000000,0.000000
2016-07-05,46.643543,47.106712,45.853439,46.098644,45.136631,4880851,0.000000,0.000000
2016-07-07,46.071400,46.534565,45.444763,45.580986,44.629772,3419333,0.000000,0.000000
2016-07-08,45.608231,45.771702,43.946285,44.654655,43.722775,4342598,0.000000,0.000000
2016-07-11,45.226803,45.935173,44.736389,45.608231,44.656445,4478982,0.000000,0.000000
2016-07-12,45.935173,46.234867,45.308537,45.744457,44.789837,4933490,0.000000,0.000000
2016-07-13,45.989662,46.561810,44.463940,44.872616,43.936184,5360149,0.000000,0.000000
2016-07-14,44.899860,45.335781,44.491184,44.654655,43.722775,3366956,0.000000,0.000000
2016-07-15,44.872616,45.580986,43.592098,44.082508,43.162571,4422082,0.000000,0.000000
2016-07-18,44.409451,45.826195,43.646587,44.191490,43.269279,6300888,0.000000,0.000000
2016-07-19,44.028019,44.681900,43.319649,43.728325,42.815781,4267228,0.000000,0.000000
2016-07-20,43.946285,45.580986,43.728325,45.199554,44.256302,7248467,0.000000,0.000000
2016-07-21,45.335781,46.044151,43.864548,44.191490,43.269279,5338705,0.000000,0.000000
2016-07-22,43.810059,44.790882,43.810059,44.463940,43.536045,4153765,0.000000,0.000000
2016-07-25,44.409451,44.572922,43.592098,44.055264,43.135895,6642295,0.000000,0.000000
2016-07-26,44.245979,46.452827,44.191490,45.172310,44.229630,14027560,0.000000,0.000000
2016-07-27,45.281292,45.880684,44.790882,45.145065,44.202953,9301461,0.000000,0.000000
2016-07-28,45.281292,45.771702,43.483116,44.845371,43.909515,52012681,0.000000,0.000000
2016-07-29,43.973530,44.736389,43.646587,43.946285,43.029190,7206920,0.000000,0.000000
2016-08-01,44.191490,44.545673,40.731365,42.366070,41.481953,8520575,0.000000,0.000000
2016-08-02,42.229843,43.047195,42.066376,42.393314,41.508621,5121353,0.000000,0.000000
2016-08-03,42.229843,42.611275,40.785854,40.949326,40.094772,6990512,0.000000,0.000000
2016-08-04,41.276268,42.066376,40.458916,41.712189,40.841721,4363036,0.000000,0.000000
2016-08-05,42.011883,42.311581,41.140041,42.093620,41.215183,6216275,0.000000,0.000000
2016-08-08,42.338825,43.156178,41.957394,42.883724,41.988804,4328727,0.000000,0.000000
2016-08-09,42.801991,43.210667,41.848415,42.284336,41.401924,4575831,0.000000,0.000000
2016-08-10,42.393314,44.354961,41.684944,43.537609,42.629047,22730605,0.000000,0.000000
2016-08-11,43.592098,43.728325,40.649632,41.358002,40.494923,10262382,0.000000,0.000000
2016-08-12,41.466984,41.603207,40.595142,40.867592,40.014744,4789062,0.000000,0.000000
2016-08-16,40.976570,41.303513,40.050240,40.268200,39.427856,6591779,0.000000,0.000000
2016-08-17,40.322689,41.167286,40.240955,40.540649,39.694622,5498363,0.000000,0.000000
2016-08-18,40.704121,41.303513,40.540649,40.731365,39.881363,4474693,0.000000,0.000000
2016-08-19,40.813103,42.693012,40.731365,41.930149,41.055126,13148637,0.000000,0.000000
2016-08-22,41.930149,41.930149,40.622387,40.867592,40.014744,5673853,0.000000,0.000000
2016-08-23,40.813103,41.085552,40.159222,40.567898,39.721306,4062899,0.000000,0.000000
2016-08-24,40.431671,41.058308,40.377182,40.785854,39.934715,4865911,0.000000,0.000000
2016-08-25,40.867592,41.058308,39.777790,39.914017,39.081062,6835484,0.000000,0.000000
2016-08-26,39.968506,40.322689,39.069420,39.369114,38.547531,4364418,0.000000,0.000000
2016-08-29,38.470024,40.458916,38.442780,39.641563,38.814301,10825980,0.000000,0.000000
2016-08-30,39.777790,40.268200,39.641563,39.968506,39.134426,4425550,0.000000,0.000000
2016-08-31,40.131973,40.295444,39.559830,39.668808,38.840973,3876489,0.000000,0.000000
2016-09-01,39.723297,40.050240,38.252068,38.415535,37.613853,4977470,0.000000,0.000000
2016-09-02,38.606251,39.096664,38.497272,38.742477,37.933975,3469164,0.000000,0.000000
2016-09-06,38.987682,39.696053,38.987682,39.287376,38.467506,4055078,0.000000,0.000000
2016-09-07,39.450848,40.213711,39.069420,39.478092,38.654247,4672665,0.000000,0.000000
2016-09-08,39.641563,40.813103,39.341869,40.567898,39.721306,6031889,0.000000,0.000000
2016-09-09,40.731365,40.731365,39.914017,40.022995,39.187767,3121694,0.000000,0.000000
2016-09-12,39.505341,39.505341,36.562874,38.115841,37.320419,4306496,0.000000,0.000000
2016-09-14,38.170330,39.096664,38.143085,38.851456,38.040680,3977495,0.000000,0.000000
2016-09-15,38.960438,39.232887,38.361046,38.769722,37.960655,1811743,0.000000,0.000000
2016-09-16,38.960438,39.505341,37.352978,37.652676,36.866924,12219607,0.000000,0.000000
2016-09-19,37.870636,38.497272,37.761654,38.143085,37.347095,2856014,0.000000,0.000000
2016-09-20,38.252068,38.878700,38.252068,38.415535,37.613853,4768877,0.000000,0.000000
2016-09-21,38.633495,39.096664,38.306557,38.660744,37.853954,4374994,0.000000,0.000000
2016-09-22,39.014927,39.369114,38.551762,39.151154,38.334126,4558398,0.000000,0.000000
2016-09-23,39.450848,39.696053,38.878700,39.014927,38.200745,4331006,0.000000,0.000000
2016-09-26,38.905949,39.287376,38.115841,38.279312,37.480480,3588558,0.000000,0.000000
2016-09-27,38.497272,38.905949,38.333801,38.415535,37.613853,3363070,0.000000,0.000000
2016-09-28,38.415535,39.123909,38.415535,38.769722,37.960655,2625123,0.000000,0.000000
2016-09-29,39.069420,39.287376,34.928169,35.364090,34.626087,9283018,0.000000,0.000000
2016-09-30,35.309601,36.126949,34.492249,35.800011,35.052921,5643033,0.000000,0.000000
2016-10-03,35.963482,36.699097,35.963482,36.508381,35.746502,2435232,0.000000,0.000000
2016-10-04,36.780830,37.434715,36.508381,37.053284,36.280029,4761110,0.000000,0.000000
2016-10-05,37.271244,37.489204,36.562874,36.862568,36.093304,2904432,0.000000,0.000000
2016-10-06,37.053284,37.352978,36.045216,36.372158,35.613129,2998323,0.000000,0.000000
2016-10-07,36.590118,37.243999,36.126949,36.971546,36.200001,5426409,0.000000,0.000000
2016-10-10,37.243999,38.333801,36.562874,37.625427,36.840240,9051818,0.000000,0.000000
2016-10-13,37.570938,37.979614,36.535625,36.726341,35.959915,4018770,0.000000,0.000000
2016-10-14,36.944302,37.325733,36.562874,36.835323,36.066624,3967572,0.000000,0.000000
2016-10-17,36.998795,37.570938,36.235931,36.726341,35.959915,5609924,0.000000,0.000000
2016-10-18,37.026039,37.461960,36.889812,37.352978,36.573475,2036798,0.000000,0.000000
2016-10-19,37.543694,37.925125,37.271244,37.679920,36.893597,3772621,0.000000,0.000000
2016-10-20,37.870636,39.042171,37.761654,38.769722,37.960655,4863051,0.000000,0.000000
2016-10-21,38.960438,39.369114,38.470024,38.905949,38.094036,5021877,0.000000,0.000000
2016-10-24,39.178398,39.668808,38.742477,38.905949,38.094036,5009177,0.000000,0.000000
2016-10-25,38.143085,38.415535,36.399403,36.780830,36.013271,12491285,0.000000,0.000000
2016-10-26,36.780830,37.107773,36.508381,36.671852,35.906563,4232086,0.000000,0.000000
2016-10-27,36.753586,36.753586,36.154198,36.481136,35.719826,4514117,0.000000,0.000000
2016-10-28,36.590118,36.917057,36.072460,36.453892,35.693153,4370843,0.000000,0.000000
2016-11-01,36.671852,36.726341,36.290421,36.372158,35.613129,2748250,0.000000,0.000000
2016-11-02,36.072460,36.072460,35.173374,35.282352,34.546055,5549840,0.000000,0.000000
2016-11-03,35.200619,35.718273,35.091640,35.146130,34.412674,2929536,0.000000,0.000000
2016-11-04,35.255108,35.418579,33.674896,34.001835,33.292267,4715639,0.000000,0.000000
2016-11-07,34.437756,34.682964,34.247044,34.383266,33.665737,1975513,0.000000,0.000000
2016-11-08,34.601227,36.372158,34.029079,35.309601,34.572746,7528276,0.000000,0.000000
2016-11-09,32.585094,34.110817,31.794987,33.729385,33.025505,5306548,0.000000,0.000000
2016-11-10,34.383266,36.780830,34.328777,35.500317,34.759476,5593644,0.000000,0.000000
2016-11-11,34.873676,36.453892,34.519493,34.846432,34.119240,3677126,0.000000,0.000000
2016-11-15,35.037148,35.091640,32.476112,33.702141,32.998829,4001574,0.000000,0.000000
2016-11-16,34.138062,34.492249,33.429691,33.756630,33.052177,3095375,0.000000,0.000000
2016-11-17,33.892857,34.873676,33.783875,34.301533,33.585705,2968862,0.000000,0.000000
2016-11-18,34.274288,35.418579,33.920101,35.064396,34.332653,4611742,0.000000,0.000000
2016-11-21,35.609295,35.609295,33.620403,34.219795,33.505672,3485853,0.000000,0.000000
2016-11-22,34.410511,34.819187,33.565914,34.083572,33.372295,2372868,0.000000,0.000000
2016-11-23,34.356022,34.873676,34.110817,34.519493,33.799122,2428579,0.000000,0.000000
2016-11-24,34.274288,34.519493,33.402447,33.593159,32.892117,3539870,0.000000,0.000000
2016-11-25,33.974590,35.009903,33.783875,34.628471,33.905823,4180924,0.000000,0.000000
2016-11-28,34.573982,36.290421,34.328777,35.745522,34.999565,4605104,0.000000,0.000000
2016-11-29,35.800011,36.753586,35.718273,36.208687,35.453068,3342447,0.000000,0.000000
2016-11-30,36.235931,37.380222,36.235931,37.080528,36.306709,3278166,0.000000,0.000000
2016-12-01,37.216751,37.543694,36.290421,36.590118,35.826534,1688975,0.000000,0.000000
2016-12-02,36.399403,38.497272,36.235931,37.080528,36.306709,8445084,0.000000,0.000000
2016-12-05,37.053284,39.042171,36.562874,37.952370,37.160358,8203002,0.000000,0.000000
2016-12-06,38.687988,38.769722,37.816147,38.034103,37.240387,4109816,0.000000,0.000000
2016-12-07,38.687988,38.824211,37.380222,38.061352,37.267071,3403877,0.000000,0.000000
2016-12-08,38.470024,38.687988,38.224819,38.524517,37.720566,2653869,0.000000,0.000000
2016-12-09,38.687988,39.232887,38.606251,38.905949,38.094036,3444567,0.000000,0.000000
2016-12-12,38.742477,39.777790,38.442780,38.769722,37.960655,4230489,0.000000,0.000000
2016-12-13,38.851456,39.151154,38.197575,38.633495,37.827267,2127965,0.000000,0.000000
2016-12-14,38.633495,39.123909,38.442780,38.660744,37.853954,2190327,0.000000,0.000000
2016-12-15,38.361046,40.268200,38.197575,39.723297,38.894333,5888109,0.000000,0.000000
2016-12-16,39.995750,40.322689,39.505341,40.077484,39.241123,4653841,0.000000,0.000000
2016-12-19,39.832279,40.649632,39.641563,39.859524,39.027714,3108930,0.000000,0.000000
2016-12-20,39.777790,40.104729,38.960438,39.369114,38.547531,2956049,0.000000,0.000000
2016-12-21,39.505341,40.458916,39.287376,40.104729,39.267799,2934843,0.000000,0.000000
2016-12-22,39.941261,40.268200,38.878700,39.069420,38.254097,1856730,0.000000,0.000000
2016-12-23,39.042171,39.341869,38.252068,38.878700,38.067360,2004243,0.000000,0.000000
2016-12-26,38.524517,38.878700,37.625427,37.979614,37.187035,1737056,0.000000,0.000000
2016-12-27,38.088596,38.851456,37.407471,38.633495,37.827267,2230132,0.000000,0.000000
2016-12-28,38.851456,39.151154,38.415535,38.579006,37.773914,2156431,0.000000,0.000000
2016-12-29,38.415535,40.186466,38.224819,39.805035,38.974361,3286922,0.000000,0.000000
2016-12-30,39.968506,42.039127,39.587074,41.712189,40.841721,9296640,0.000000,0.000000
2017-01-02,42.393314,42.393314,41.603207,41.930149,41.055126,4214451,0.000000,0.000000
2017-01-03,42.011883,42.175354,41.303513,41.712189,40.841721,2311286,0.000000,0.000000
2017-01-04,41.957394,42.938217,41.848415,42.393314,41.508621,3999976,0.000000,0.000000
2017-01-05,42.774746,43.374138,42.611275,43.128933,42.228893,4236903,0.000000,0.000000
2017-01-06,43.156178,43.537609,42.720257,42.856480,41.962128,2129980,0.000000,0.000000
2017-01-09,42.801991,43.346893,42.638519,42.910973,42.015484,1553096,0.000000,0.000000
2017-01-10,42.801991,44.245979,42.774746,43.701077,42.789093,5866204,0.000000,0.000000
2017-01-11,43.891792,44.463940,43.673832,44.055264,43.135895,2756868,0.000000,0.000000
2017-01-12,43.919041,44.273224,43.074444,43.673832,42.762421,2850672,0.000000,0.000000
2017-01-13,43.619343,43.864548,42.257092,42.774746,41.882103,3402978,0.000000,0.000000
2017-01-16,42.720257,43.810059,42.284336,43.483116,42.575691,2758705,0.000000,0.000000
2017-01-17,43.537609,43.728325,42.829235,43.019951,42.122189,1636711,0.000000,0.000000
2017-01-18,43.101688,43.973530,42.720257,43.156178,42.255569,2935552,0.000000,0.000000
2017-01-19,43.319649,44.136997,42.938217,43.919041,43.002499,2358482,0.000000,0.000000
2017-01-20,44.109753,44.681900,41.957394,42.229843,41.348560,5478077,0.000000,0.000000
2017-01-23,42.175354,43.047195,41.957394,42.611275,41.722042,1623211,0.000000,0.000000
2017-01-24,42.665768,43.728325,42.665768,43.401382,42.495659,2803579,0.000000,0.000000
2017-01-25,43.510365,43.782814,42.938217,43.592098,42.682388,3122787,0.000000,0.000000
2017-01-27,43.646587,51.084492,43.646587,50.457851,49.404861,45884559,0.000000,0.000000
2017-01-30,50.076424,51.166225,49.422543,50.321629,49.271484,17647258,0.000000,0.000000
2017-01-31,50.130913,50.921021,46.616299,47.488140,46.497135,19334140,0.000000,0.000000
2017-02-01,47.951309,49.749481,47.515388,49.504276,48.471195,12838038,0.000000,0.000000
2017-02-02,49.259071,53.209606,48.659679,51.193470,50.125134,24532952,0.000000,0.000000
2017-02-03,51.465919,51.956333,50.376118,51.520412,50.445255,8428402,0.000000,0.000000
2017-02-06,51.820107,54.599102,51.574902,52.964397,51.859100,14001719,0.000000,0.000000
2017-02-07,53.345829,53.345829,49.449787,50.049175,49.004723,13854294,0.000000,0.000000
2017-02-08,50.376118,51.820107,49.586010,50.185402,49.138100,11251319,0.000000,0.000000
2017-02-09,50.403362,51.438675,49.340805,51.029999,49.965076,6710539,0.000000,0.000000
2017-02-10,51.220715,51.738373,50.348873,50.594078,49.538254,5862282,0.000000,0.000000
2017-02-13,50.975510,51.029999,49.041111,49.967442,48.924690,3914814,0.000000,0.000000
2017-02-14,50.076424,50.185402,48.659679,49.449787,48.417847,6104677,0.000000,0.000000
2017-02-15,49.858463,52.719193,49.722237,50.267139,49.218140,21391968,0.000000,0.000000
2017-02-16,50.512344,51.493168,49.586010,51.384186,50.311874,6326139,0.000000,0.000000
2017-02-17,51.711124,51.956333,50.893772,51.111736,50.045109,3374607,0.000000,0.000000
2017-02-20,51.220715,54.353897,51.029999,53.073380,51.965813,16147853,0.000000,0.000000
2017-02-21,53.345829,54.054199,52.773685,53.100624,51.992489,6668577,0.000000,0.000000
2017-02-22,53.182358,53.563789,51.247959,51.520412,50.445255,8602445,0.000000,0.000000
2017-02-23,51.493168,53.236851,51.166225,52.637459,51.538990,10935229,0.000000,0.000000
2017-02-27,52.746437,53.236851,51.547657,52.337765,51.245548,4548462,0.000000,0.000000
2017-02-28,52.310516,54.898800,51.820107,53.672771,52.552696,14953530,0.000000,0.000000
2017-03-01,53.945221,54.244919,52.937153,53.400318,52.285931,4400485,0.000000,0.000000
2017-03-02,53.591034,54.435631,50.703060,51.002754,49.938404,7200998,0.000000,0.000000
2017-03-03,50.784794,51.929089,50.648567,51.602146,50.525280,7195693,0.000000,0.000000
2017-03-06,51.792862,52.228783,51.247959,51.983578,50.898754,4110992,0.000000,0.000000
2017-03-07,52.119801,54.163181,51.874596,53.318584,52.205902,9477886,0.000000,0.000000
2017-03-08,53.400318,53.972466,51.193470,51.574902,50.498611,5870227,0.000000,0.000000
2017-03-09,51.411430,51.683880,50.566833,51.002754,49.938404,4135971,0.000000,0.000000
2017-03-10,51.220715,52.038067,50.539589,51.247959,50.178493,3994643,0.000000,0.000000
2017-03-14,52.882664,53.945221,52.174294,53.155113,52.045841,9306723,0.000000,0.000000
2017-03-15,53.209606,55.470943,52.610214,55.144005,53.993233,17509404,0.000000,0.000000
2017-03-16,55.825130,56.642483,55.470943,55.988602,54.820206,13066342,0.000000,0.000000
2017-03-17,56.397278,57.432590,55.688904,56.506256,55.327045,11861764,0.000000,0.000000
2017-03-20,56.451767,57.105648,55.498192,56.288296,55.113644,4024466,0.000000,0.000000
2017-03-21,56.233807,56.887688,55.307472,56.451767,55.273701,4831769,0.000000,0.000000
2017-03-22,55.797886,56.506256,55.307472,55.443699,54.286663,3989897,0.000000,0.000000
2017-03-23,55.525436,57.350853,55.389210,56.969421,55.780548,7976964,0.000000,0.000000
2017-03-24,57.323608,58.304432,56.860443,57.623302,56.420784,9503129,0.000000,0.000000
2017-03-27,57.705040,57.705040,56.015846,56.587994,55.407082,6254579,0.000000,0.000000
2017-03-28,57.214630,57.677795,56.587994,56.969421,55.780548,4754120,0.000000,0.000000
2017-03-29,57.187382,57.350853,56.506256,56.914932,55.727200,3481548,0.000000,0.000000
2017-03-30,57.023914,58.031979,56.751461,57.650551,56.447464,13591248,0.000000,0.000000
2017-03-31,57.950245,60.048115,57.323608,59.149029,57.914673,12821532,0.000000,0.000000
2017-04-03,59.312496,61.192410,58.822086,60.919956,59.648647,8702015,0.000000,0.000000
2017-04-05,61.028938,62.908848,60.347813,62.445679,61.142525,7965639,0.000000,0.000000
2017-04-06,62.227718,63.290276,62.037003,63.072315,61.756088,5980676,0.000000,0.000000
2017-04-07,62.391190,65.142944,62.282211,63.971405,62.636417,10240832,0.000000,0.000000
2017-04-10,64.271095,65.742332,63.916916,65.442635,64.076942,8917498,0.000000,0.000000
2017-04-11,65.306412,68.385101,64.598038,66.096519,64.717186,20987827,0.000000,0.000000
2017-04-12,64.570793,65.115700,59.830154,62.309456,61.009151,16831030,0.000000,0.000000
2017-04-13,62.609150,64.025894,61.110672,63.671707,62.342972,9209628,0.000000,0.000000
2017-04-17,62.690887,67.676735,62.690887,67.213570,65.810928,10923462,0.000000,0.000000
2017-04-18,67.567749,87.565628,67.567749,78.956184,77.308495,170150231,0.000000,0.000000
2017-04-19,77.866386,80.917831,75.223618,79.092415,77.441856,43424860,0.000000,0.000000
2017-04-20,79.446602,81.408241,78.193329,79.691803,78.028755,15559322,0.000000,0.000000
2017-04-21,79.828033,80.917831,78.302307,79.528336,77.868698,10015198,0.000000,0.000000
2017-04-24,79.501091,86.721031,79.010681,81.762428,80.056152,31232010,0.000000,0.000000
2017-04-25,82.062126,83.724075,80.808853,81.707939,80.002808,14660532,0.000000,0.000000
2017-04-26,81.844162,82.579781,63.862423,64.598038,63.249962,82181128,0.000000,0.000000
2017-04-27,66.314476,73.752380,61.410370,62.200474,60.902439,143366815,0.000000,0.000000
2017-04-28,63.644463,64.679771,58.467899,59.366989,58.128078,72140018,0.000000,0.000000
2017-05-02,59.857399,63.372013,58.059223,61.437614,60.155499,57251803,0.000000,0.000000
2017-05-03,62.037003,63.154053,59.830154,61.383121,60.102142,32763787,0.000000,0.000000
2017-05-04,61.546593,62.472923,61.056183,61.791798,60.502289,16931132,0.000000,0.000000
2017-05-05,61.900780,62.881599,59.094540,61.955269,60.662350,22307960,0.000000,0.000000
2017-05-08,62.173229,63.208542,60.783733,62.418434,61.115845,15326313,0.000000,0.000000
2017-05-09,62.609150,65.333656,61.955269,64.407326,63.063240,23232623,0.000000,0.000000
2017-05-10,65.088448,67.486015,64.570793,66.913872,65.517464,22752782,0.000000,0.000000
2017-05-11,68.357857,69.093475,63.971405,65.469879,64.103607,42484602,0.000000,0.000000
2017-05-12,65.715088,66.941116,63.862423,66.232742,64.850563,20021004,0.000000,0.000000
2017-05-15,66.750397,67.131828,65.388145,66.423462,65.037292,13012270,0.000000,0.000000
2017-05-16,66.450706,67.840202,65.824066,66.913872,65.517464,12654891,0.000000,0.000000
2017-05-17,66.750397,66.941116,65.142944,66.205498,64.823891,10676920,0.000000,0.000000
2017-05-18,65.333656,68.575821,64.625282,65.578865,64.210327,18925323,0.000000,0.000000
2017-05-19,67.131828,67.812958,65.469879,66.423462,65.037292,11387421,0.000000,0.000000
2017-05-22,66.777641,67.758469,65.715088,66.123764,64.743843,10622286,0.000000,0.000000
2017-05-23,64.570793,64.625282,59.666683,61.655575,60.368912,23801357,0.000000,0.000000
2017-05-24,62.173229,62.881599,60.266075,61.900780,60.609001,11718569,0.000000,0.000000
2017-05-25,64.843246,65.061203,62.363945,63.344769,62.022858,17477139,0.000000,0.000000
2017-05-26,63.753445,64.189362,62.663643,63.181297,61.862797,7654510,0.000000,0.000000
2017-05-29,63.181297,63.208542,59.966381,60.701996,59.435238,8839231,0.000000,0.000000
2017-05-30,61.028938,68.003670,59.939137,64.243851,62.903175,38287302,0.000000,0.000000
2017-05-31,64.461815,65.769577,62.690887,63.644463,62.316296,15218036,0.000000,0.000000
2017-06-01,63.862423,64.679771,63.344769,63.617218,62.289619,10238277,0.000000,0.000000
2017-06-02,63.862423,64.707024,63.480991,64.025894,62.689762,7758119,0.000000,0.000000
2017-06-05,64.025894,65.224678,63.480991,64.025894,62.689762,8493999,0.000000,0.000000
2017-06-06,64.897736,70.183281,64.897736,69.774605,68.318512,69157294,0.000000,0.000000
2017-06-07,71.245834,73.289215,70.346748,71.545532,70.052475,44938768,0.000000,0.000000
2017-06-08,71.382057,71.709000,69.066231,70.728180,69.252174,15231545,0.000000,0.000000
2017-06-09,70.837158,72.580841,69.229698,72.063187,70.559334,16885493,0.000000,0.000000
2017-06-12,71.654510,72.580841,69.747360,71.245834,69.759041,9534346,0.000000,0.000000
2017-06-13,70.292259,73.997589,70.292259,72.144920,70.639351,22458851,0.000000,0.000000
2017-06-14,72.362885,72.853294,71.055122,71.518288,70.025803,7744458,0.000000,0.000000
2017-06-15,71.382057,72.989517,70.292259,72.199409,70.692703,9302880,0.000000,0.000000
2017-06-16,72.172165,72.689819,71.000633,71.327568,69.839066,7952593,0.000000,0.000000
2017-06-19,72.063187,72.662575,71.545532,71.899719,70.399277,6177534,0.000000,0.000000
2017-06-20,72.144920,72.144920,70.455727,71.327568,69.839066,6607942,0.000000,0.000000
2017-06-21,71.273079,72.417374,71.000633,71.845230,70.345917,7566756,0.000000,0.000000
2017-06-22,72.199409,72.580841,70.837158,71.300323,69.812378,7288840,0.000000,0.000000
2017-06-23,71.327568,71.436554,67.649490,68.848267,67.411499,10851981,0.000000,0.000000
2017-06-27,69.147964,72.417374,67.840202,71.382057,69.892410,10939841,0.000000,0.000000
2017-06-28,72.090431,74.487999,71.981453,73.234726,71.706413,26231803,0.000000,0.000000
2017-06-29,73.561668,73.888603,72.253899,72.608086,71.092857,7978677,0.000000,0.000000
2017-06-30,72.471863,73.180237,71.136856,72.253899,70.746063,7870773,0.000000,0.000000
2017-07-03,72.144920,75.714027,71.926964,74.379021,72.826851,17599655,0.000000,0.000000
2017-07-04,74.379021,74.896675,72.417374,72.771561,71.252914,6844994,0.000000,0.000000
2017-07-05,73.016762,74.106567,72.199409,73.697891,72.159912,8130271,0.000000,0.000000
2017-07-06,73.561668,74.161057,72.935028,73.670647,72.133247,5565891,0.000000,0.000000
2017-07-07,73.261971,74.106567,72.744316,73.125748,71.599709,3470118,0.000000,0.000000
2017-07-10,73.561668,74.052078,73.016762,73.479927,71.946495,1100749,0.000000,0.000000
2017-07-11,73.561668,73.806870,72.362885,72.689819,71.172882,4514082,0.000000,0.000000
2017-07-12,72.853294,77.294235,72.471863,76.994545,75.387787,28304039,0.000000,0.000000
2017-07-13,77.648422,78.656494,75.278107,76.722092,75.120995,20051700,0.000000,0.000000
2017-07-14,76.831070,77.076279,75.032898,75.959229,74.374069,8610995,0.000000,0.000000
2017-07-17,76.013718,76.722092,75.414330,75.959229,74.374069,4453041,0.000000,0.000000
2017-07-18,75.714027,76.476891,74.705956,75.114632,73.547096,5014809,0.000000,0.000000
2017-07-19,75.196365,76.640358,74.923920,76.013718,74.427406,5478229,0.000000,0.000000
2017-07-20,76.286171,77.375977,75.468819,76.504135,74.907600,7165638,0.000000,0.000000
2017-07-21,76.749336,77.266991,75.114632,76.940056,75.334427,6503101,0.000000,0.000000
2017-07-24,77.049034,77.757408,75.850250,76.422394,74.827568,6269892,0.000000,0.000000
2017-07-25,76.803825,76.803825,75.359840,75.904739,74.320717,5266174,0.000000,0.000000
2017-07-26,76.013718,77.539444,75.686783,76.694847,75.094337,6273285,0.000000,0.000000
2017-07-27,76.694847,77.294235,74.923920,75.468819,73.893890,7645534,0.000000,0.000000
2017-07-28,75.250862,75.931984,74.351768,75.577797,74.000603,3323407,0.000000,0.000000
2017-07-31,75.577797,76.149948,74.678711,75.141876,73.953232,3185169,0.387794,0.000000
2017-08-01,75.141876,76.749336,75.141876,76.395149,75.186668,4837408,0.000000,0.000000
2017-08-02,76.667603,78.384041,76.585869,77.348732,76.125183,8038370,0.000000,0.000000
2017-08-03,77.430466,77.730164,74.705956,75.060143,73.872787,4567580,0.000000,0.000000
2017-08-04,74.978409,75.877495,74.215546,75.196365,74.006859,4232805,0.000000,0.000000
2017-08-07,75.441574,76.776581,75.196365,76.340660,75.133057,4115633,0.000000,0.000000
2017-08-08,76.367905,76.940056,73.779625,74.842186,73.658295,5253069,0.000000,0.000000
2017-08-09,74.651466,74.651466,65.742332,67.703979,66.632988,9968105,0.000000,0.000000
2017-08-10,66.750397,67.159073,61.710064,63.126808,62.128231,9423614,0.000000,0.000000
2017-08-11,62.118740,63.099564,57.759529,61.955269,60.975216,9495491,0.000000,0.000000
2017-08-14,62.663643,64.243851,60.919956,63.562729,62.557255,5295042,0.000000,0.000000
2017-08-16,62.118740,63.453747,59.421478,62.772621,61.779640,12736794,0.000000,0.000000
2017-08-17,62.936092,64.025894,61.192410,61.791798,60.814335,6875611,0.000000,0.000000
2017-08-18,61.165161,61.846291,60.238831,61.165161,60.197609,5649934,0.000000,0.000000
2017-08-21,61.573837,62.037003,58.168205,58.576881,57.650272,5089527,0.000000,0.000000
2017-08-22,59.149029,59.584949,57.105648,57.923000,57.006733,7407672,0.000000,0.000000
2017-08-23,58.549637,60.211586,58.304432,59.966381,59.017799,8584999,0.000000,0.000000
2017-08-24,60.320564,60.429546,58.903824,59.475967,58.535133,8056806,0.000000,0.000000
2017-08-28,63.807934,65.960297,62.690887,64.952225,63.924763,29813304,0.000000,0.000000
2017-08-29,63.971405,66.886627,63.617218,64.816002,63.790699,18008160,0.000000,0.000000
2017-08-30,65.606110,71.845230,65.469879,69.829094,68.724495,30155980,0.000000,0.000000
2017-08-31,72.471863,72.989517,69.774605,72.226654,71.084122,43525545,0.000000,0.000000
2017-09-01,72.335640,75.659538,71.572777,74.433510,73.256073,32679896,0.000000,0.000000
2017-09-04,74.215546,74.351768,69.747360,71.273079,70.145630,18357593,0.000000,0.000000
2017-09-05,71.600021,73.616158,71.273079,72.526352,71.379089,11848407,0.000000,0.000000
2017-09-06,70.891647,71.981453,70.019806,71.273079,70.145630,12783470,0.000000,0.000000
2017-09-07,71.627266,72.608086,70.646446,71.055122,69.931129,7770281,0.000000,0.000000
2017-09-08,71.327568,71.817978,68.848267,69.529396,68.429520,6971107,0.000000,0.000000
2017-09-11,70.019806,72.117676,69.856339,71.191345,70.065193,6951762,0.000000,0.000000
2017-09-12,71.817978,73.507172,71.055122,72.989517,71.834923,10505454,0.000000,0.000000
2017-09-13,72.962273,73.289215,71.000633,71.245834,70.118828,5706700,0.000000,0.000000
2017-09-14,71.382057,72.635330,70.646446,71.872475,70.735550,6454072,0.000000,0.000000
2017-09-15,70.864403,71.790733,70.401237,71.191345,70.065193,7230572,0.000000,0.000000
2017-09-18,71.736244,72.417374,70.891647,71.300323,70.172447,4911385,0.000000,0.000000
2017-09-19,71.354813,72.035942,70.891647,71.382057,70.252892,4268999,0.000000,0.000000
2017-09-20,71.790733,71.790733,70.346748,70.510216,69.394829,4512226,0.000000,0.000000
2017-09-21,70.510216,71.354813,68.058167,69.583885,68.483154,5582608,0.000000,0.000000
2017-09-22,69.120720,69.120720,65.933044,66.341721,65.292282,5068371,0.000000,0.000000
2017-09-25,66.423462,66.505196,61.982513,63.562729,62.557255,6702097,0.000000,0.000000
2017-09-26,63.535484,65.497124,62.554661,64.625282,63.602985,7843415,0.000000,0.000000
2017-09-27,65.115700,65.824066,61.655575,62.254967,61.270176,6787630,0.000000,0.000000
2017-09-28,62.554661,63.617218,61.791798,62.827110,61.833271,5966330,0.000000,0.000000
2017-09-29,63.208542,64.134872,62.908848,63.372013,62.369549,4897720,0.000000,0.000000
2017-10-03,63.508240,63.535484,60.129848,60.919956,59.956287,10619689,0.000000,0.000000
2017-10-04,61.137917,63.181297,60.974445,62.827110,61.833271,11902628,0.000000,0.000000
2017-10-05,63.535484,67.131828,63.263031,66.259987,65.211838,19893119,0.000000,0.000000
2017-10-06,66.968361,68.112656,66.341721,67.268059,66.203972,11055196,0.000000,0.000000
2017-10-09,65.388145,66.450706,63.807934,65.006714,63.978394,13791758,0.000000,0.000000
2017-10-10,65.115700,66.477951,65.115700,65.524368,64.487854,6910072,0.000000,0.000000
2017-10-11,66.014786,67.240814,64.080383,64.816002,63.790699,7825089,0.000000,0.000000
2017-10-12,65.388145,65.824066,64.570793,65.442635,64.407425,3939302,0.000000,0.000000
2017-10-13,65.824066,66.014786,65.115700,65.306412,64.273354,3528261,0.000000,0.000000
2017-10-16,65.742332,65.905800,63.480991,63.971405,62.959465,4904567,0.000000,0.000000
2017-10-17,64.216606,64.816002,63.780689,64.352837,63.334866,3021964,0.000000,0.000000
2017-10-18,64.298347,67.322548,63.671707,66.804893,65.748131,10564364,0.000000,0.000000
2017-10-19,67.159073,69.202454,66.668663,68.439590,67.356956,4913758,0.000000,0.000000
2017-10-23,68.875519,70.728180,68.221634,69.175209,68.080940,8950521,0.000000,0.000000
2017-10-24,69.202454,69.938072,68.330612,68.821022,67.732376,4607943,0.000000,0.000000
2017-10-25,69.120720,70.401237,67.594994,69.583885,68.483154,5888478,0.000000,0.000000
2017-10-26,69.474907,71.790733,68.739288,71.382057,70.252892,7526631,0.000000,0.000000
2017-10-27,71.872475,72.417374,70.019806,70.809914,69.689789,6223089,0.000000,0.000000
2017-10-30,71.191345,74.324524,70.346748,73.125748,71.968987,9970100,0.000000,0.000000
2017-10-31,73.398193,73.398193,70.864403,72.090431,70.950066,5377681,0.000000,0.000000
2017-11-01,72.362885,73.725136,71.981453,72.526352,71.379089,4099352,0.000000,0.000000
2017-11-02,72.635330,73.888603,71.845230,72.662575,71.513145,4093488,0.000000,0.000000
2017-11-03,73.016762,77.757408,72.417374,76.558624,75.347572,12055417,0.000000,0.000000
2017-11-06,78.029854,82.525291,77.730164,81.571716,80.281372,23094679,0.000000,0.000000
2017-11-07,81.598961,82.988457,76.940056,80.836098,79.557365,13500041,0.000000,0.000000
2017-11-08,80.672623,86.312355,79.773537,82.552536,81.246674,25171927,0.000000,0.000000
2017-11-09,82.743248,84.950104,81.244774,84.132751,82.801888,9036184,0.000000,0.000000
2017-11-10,84.105507,86.230621,82.716003,85.222549,83.874443,10508253,0.000000,0.000000
2017-11-13,85.603981,87.293175,82.198349,83.260910,81.943832,10686118,0.000000,0.000000
2017-11-14,82.824989,86.312355,82.552536,84.650406,83.311340,11548080,0.000000,0.000000
2017-11-15,84.350708,84.895615,79.610069,80.127724,78.860214,7782830,0.000000,0.000000
2017-11-16,79.010681,79.555580,76.068214,78.874451,77.626762,10159450,0.000000,0.000000
2017-11-17,79.828033,86.503067,79.664558,85.331535,83.981712,15663475,0.000000,0.000000
2017-11-20,85.522247,88.274002,85.031837,87.402161,86.019569,15919341,0.000000,0.000000
2017-11-21,87.729095,88.110527,82.933968,83.615089,82.292404,9886154,0.000000,0.000000
2017-11-22,84.078262,86.748276,83.124680,85.985413,84.625229,9094343,0.000000,0.000000
2017-11-23,86.094391,86.339600,81.571716,83.097435,81.782936,8674970,0.000000,0.000000
2017-11-24,83.151924,84.677650,81.735184,83.506111,82.185150,6903783,0.000000,0.000000
2017-11-27,81.735184,82.933968,80.018745,82.416313,81.112587,8443699,0.000000,0.000000
2017-11-28,82.389069,83.206413,80.400177,81.108543,79.825508,5184110,0.000000,0.000000
2017-11-29,81.108543,81.435486,79.555580,80.345688,79.074730,4860242,0.000000,0.000000
2017-11-30,79.828033,81.462730,79.065170,79.882523,78.618896,4958806,0.000000,0.000000
2017-12-01,80.100479,82.470802,76.313416,77.566689,76.339684,9676577,0.000000,0.000000
2017-12-04,77.811897,79.446602,71.790733,77.702911,76.473755,12792602,0.000000,0.000000
2017-12-05,77.730164,79.991501,76.040962,79.419357,78.163055,8662641,0.000000,0.000000
2017-12-06,78.302307,80.318443,76.994545,77.512199,76.286049,7070494,0.000000,0.000000
2017-12-07,77.757408,81.163040,77.430466,80.400177,79.128349,6141639,0.000000,0.000000
2017-12-08,81.299263,83.124680,80.972321,82.307327,81.005325,9632929,0.000000,0.000000
2017-12-11,83.042946,84.051018,81.571716,83.533356,82.211967,8346215,0.000000,0.000000
2017-12-12,83.860298,84.623161,81.217529,83.124680,81.809753,14052062,0.000000,0.000000
2017-12-13,81.735184,83.587845,79.664558,80.372932,79.101532,14168202,0.000000,0.000000
2017-12-14,80.100479,81.898651,77.839142,80.945076,79.664635,8661813,0.000000,0.000000
2017-12-15,84.432442,84.895615,82.116615,84.568672,83.230911,17693281,0.000000,0.000000
2017-12-18,80.645378,90.698807,76.122704,87.156952,85.778244,66541253,0.000000,0.000000
2017-12-19,87.129707,88.110527,84.922859,87.402161,86.019569,14853348,0.000000,0.000000
2017-12-20,87.184196,88.846146,85.930923,87.701851,86.314529,11399943,0.000000,0.000000
2017-12-21,87.729095,89.881454,87.320419,88.600937,87.199387,10145045,0.000000,0.000000
2017-12-22,88.791656,90.426361,87.783585,88.764412,87.360275,8437720,0.000000,0.000000
2017-12-26,88.818901,90.017685,87.701851,88.927879,87.521164,5369778,0.000000,0.000000
2017-12-27,88.818901,92.279022,88.491959,90.426361,88.995941,16657198,0.000000,0.000000
2017-12-28,90.453606,91.107483,89.091347,90.044930,88.620529,6887899,0.000000,0.000000
2017-12-29,89.908699,91.679634,89.309311,90.644318,89.210457,7840092,0.000000,0.000000
2018-01-01,90.344620,92.551476,89.908699,90.480850,89.049561,7745247,0.000000,0.000000
2018-01-02,90.508095,91.216469,88.355736,89.309311,87.896553,4977129,0.000000,0.000000
2018-01-03,89.309311,98.218445,89.309311,96.011597,94.492805,39032205,0.000000,0.000000
2018-01-04,95.902618,100.915710,94.894547,99.880394,98.300430,22778210,0.000000,0.000000
2018-01-05,100.697746,105.874306,99.389984,105.247673,103.582794,21144683,0.000000,0.000000
2018-01-08,104.947975,109.525146,104.784508,107.045845,105.352524,15147523,0.000000,0.000000
2018-01-09,107.890442,108.408096,105.765327,106.746147,105.057564,8653790,0.000000,0.000000
2018-01-10,106.855133,111.078117,106.800636,108.326363,106.612785,21411711,0.000000,0.000000
2018-01-11,107.890442,110.996384,106.555435,109.906578,108.167999,10238800,0.000000,0.000000
2018-01-12,110.070045,111.023628,105.847061,108.953003,107.229515,9577781,0.000000,0.000000
2018-01-15,109.525146,110.179031,107.509010,107.999420,106.291008,5453962,0.000000,0.000000
2018-01-16,108.271873,108.489838,102.550407,106.037781,104.360405,13454300,0.000000,0.000000
2018-01-17,105.819817,112.086182,102.386940,111.459549,109.696404,17383941,0.000000,0.000000
2018-01-18,112.249657,113.067001,102.822861,106.391968,104.708977,24303136,0.000000,0.000000
2018-01-19,106.391968,109.525146,102.741127,108.816772,107.095444,25753085,0.000000,0.000000
2018-01-22,107.890442,110.260765,106.800636,108.380852,106.666420,10534230,0.000000,0.000000
2018-01-23,108.653305,111.840981,106.855133,111.377808,109.615944,13877472,0.000000,0.000000
2018-01-24,111.323318,113.094254,108.980247,111.977203,110.205879,14325102,0.000000,0.000000
2018-01-25,111.704750,117.562439,109.961067,116.826820,114.978775,24286217,0.000000,0.000000
2018-01-29,117.480705,120.150719,114.756195,116.254677,114.415688,14632536,0.000000,0.000000
2018-01-30,114.974159,116.363655,113.067001,115.137627,113.316292,7873404,0.000000,0.000000
2018-01-31,114.402016,119.197144,113.966095,116.172943,114.335258,14190496,0.000000,0.000000
2018-02-01,116.063957,118.270813,110.996384,116.608864,114.764267,9002862,0.000000,0.000000
2018-02-02,116.063957,116.063957,106.310226,107.454521,105.754723,12747646,0.000000,0.000000
2018-02-05,100.861214,109.525146,100.098358,108.680550,106.961365,11825552,0.000000,0.000000
2018-02-06,100.806725,107.999420,99.553452,106.419212,104.735809,10865044,0.000000,0.000000
2018-02-07,108.735039,110.478722,106.310226,107.209312,105.513397,7308821,0.000000,0.000000
2018-02-08,108.026665,112.331390,107.291054,111.432304,109.669586,8147287,0.000000,0.000000
2018-02-09,108.980247,115.437325,107.699730,114.483749,112.672768,11122413,0.000000,0.000000
2018-02-12,115.083138,119.496841,115.083138,118.379791,116.507179,13340428,0.000000,0.000000
2018-02-14,119.060921,121.785423,118.107338,119.578575,117.687012,12691224,0.000000,0.000000
2018-02-15,120.477661,121.322258,114.783440,117.017540,115.166489,9129656,0.000000,0.000000
2018-02-16,117.589684,119.033676,111.595772,113.230476,111.439323,10018309,0.000000,0.000000
2018-02-19,111.704750,113.039757,109.252693,110.560455,108.811531,8936687,0.000000,0.000000
2018-02-20,110.070045,110.914642,106.255737,107.890442,106.183754,11610335,0.000000,0.000000
2018-02-21,108.598816,109.252693,106.419212,107.563499,105.861984,7621480,0.000000,0.000000
2018-02-22,106.800636,111.405060,105.601860,110.778419,109.026054,16437924,0.000000,0.000000
2018-02-23,111.432304,112.113426,109.797600,111.350563,109.589149,9189024,0.000000,0.000000
2018-02-26,111.704750,113.257721,110.887398,112.031693,110.259483,5353014,0.000000,0.000000
2018-02-27,112.249657,114.347519,109.634125,112.821800,111.037094,10994042,0.000000,0.000000
2018-02-28,111.677505,113.312210,110.342499,110.914642,109.160110,7114891,0.000000,0.000000
2018-03-01,110.914642,112.631081,107.999420,108.517082,106.800484,6606714,0.000000,0.000000
2018-03-05,108.435341,110.451477,107.209312,109.470657,107.738968,7142031,0.000000,0.000000
2018-03-06,110.342499,110.805664,98.136711,101.460609,99.855637,14797586,0.000000,0.000000
2018-03-07,99.662437,101.051933,92.197289,93.831993,92.347694,39901321,0.000000,0.000000
2018-03-08,94.812813,96.665482,87.184196,92.061066,90.604774,35549750,0.000000,0.000000
2018-03-09,92.061066,92.905663,84.268974,85.059082,83.713562,31361197,0.000000,0.000000
2018-03-12,86.339600,89.581764,81.735184,88.410225,87.011688,36867220,0.000000,0.000000
2018-03-13,88.301247,89.636253,85.549492,87.047974,85.670990,27822361,0.000000,0.000000
2018-03-14,85.440514,90.017685,85.304291,89.227577,87.816116,24472244,0.000000,0.000000
2018-03-15,89.091347,92.878410,88.927879,91.025749,89.585846,24216374,0.000000,0.000000
2018-03-16,91.270958,91.788612,86.721031,87.456650,86.073204,22765608,0.000000,0.000000
2018-03-19,87.184196,88.274002,84.268974,87.511139,86.126831,21394394,0.000000,0.000000
2018-03-20,86.612053,89.036858,86.257866,87.701851,86.314529,17242124,0.000000,0.000000
2018-03-21,88.137772,90.535339,87.810837,88.382980,86.984879,14220268,0.000000,0.000000
2018-03-22,88.491959,89.282066,86.394089,86.884499,85.510117,11326269,0.000000,0.000000
2018-03-23,84.459686,85.113571,81.026810,83.070190,81.756134,18236099,0.000000,0.000000
2018-03-26,83.097435,90.589828,82.143860,89.227577,87.816116,22902521,0.000000,0.000000
2018-03-27,90.399117,91.379936,86.421333,87.129707,85.751427,22051871,0.000000,0.000000
2018-03-28,86.584808,88.219505,84.296219,85.222549,83.874443,21470217,0.000000,0.000000
2018-04-02,85.712959,88.519203,82.389069,87.674606,86.287712,18337901,0.000000,0.000000
2018-04-03,86.230621,88.982368,85.304291,88.491959,87.092133,21100128,0.000000,0.000000
2018-04-04,88.519203,90.671562,80.154968,82.525291,81.219841,61208164,0.000000,0.000000
2018-04-05,85.335617,98.135963,81.004677,94.863693,93.363068,42856294,0.000000,0.000000
2018-04-06,95.120338,99.226715,94.767448,96.082771,94.562866,16557821,0.000000,0.000000
2018-04-09,96.371506,97.526421,93.452126,94.414558,92.921043,8024416,0.000000,0.000000
2018-04-10,95.280746,96.852722,94.125832,94.799530,93.299927,7711830,0.000000,0.000000
2018-04-11,94.992020,95.441154,91.495178,92.746346,91.279221,7993153,0.000000,0.000000
2018-04-12,92.778427,93.869179,86.394295,87.324646,85.943275,12107380,0.000000,0.000000
2018-04-13,90.083618,91.751831,88.287079,89.441994,88.027138,18682047,0.000000,0.000000
2018-04-16,88.992859,91.046043,87.902107,90.308182,88.879631,7913136,0.000000,0.000000
2018-04-17,90.757317,91.719749,88.415398,89.506157,88.090279,5496341,0.000000,0.000000
2018-04-18,90.468590,90.468590,87.067993,87.741699,86.353745,5139668,0.000000,0.000000
2018-04-19,86.939674,91.302696,86.618858,90.885643,89.447945,9986051,0.000000,0.000000
2018-04-20,90.468590,90.468590,87.260483,88.351234,86.953636,6122099,0.000000,0.000000
2018-04-23,89.185349,91.110207,88.287079,89.666565,88.248161,6960812,0.000000,0.000000
2018-04-24,90.179855,90.661072,87.805862,88.479561,87.079926,5641426,0.000000,0.000000
2018-04-25,88.543724,89.506157,87.677536,88.254997,86.858917,4277522,0.000000,0.000000
2018-04-26,88.543724,90.949806,87.260483,90.179855,88.753326,4409996,0.000000,0.000000
2018-04-27,90.436508,95.344910,89.987373,90.981888,89.542679,11783652,0.000000,0.000000
2018-04-30,91.334778,92.650101,88.928696,89.891129,88.469170,3973908,0.000000,0.000000
2018-05-02,90.051537,90.789398,79.689354,83.025780,81.712433,13025322,0.000000,0.000000
2018-05-03,83.410751,83.731567,79.111893,81.100922,79.818016,20057125,0.000000,0.000000
2018-05-04,81.293404,84.982727,80.619705,81.229240,79.944298,20059687,0.000000,0.000000
2018-05-07,81.550056,83.346596,80.106407,81.870865,80.575768,19006661,0.000000,0.000000
2018-05-08,82.287918,85.656425,80.715942,84.341103,83.006943,7209269,0.000000,0.000000
2018-05-09,83.667404,84.341103,82.159592,82.801216,81.491402,5556490,0.000000,0.000000
2018-05-10,83.346596,83.859894,80.651787,81.261322,79.975883,7504479,0.000000,0.000000
2018-05-11,81.838783,83.025780,79.176056,81.999191,80.702072,9263105,0.000000,0.000000
2018-05-14,82.031273,82.127510,78.021133,79.561028,78.302467,7854960,0.000000,0.000000
2018-05-15,79.561028,83.057861,77.828651,79.111893,77.860443,10525423,0.000000,0.000000
2018-05-16,78.919411,80.074326,77.411598,78.983566,77.734146,6247641,0.000000,0.000000
2018-05-17,79.817673,80.587624,78.149460,79.176056,77.923599,4922000,0.000000,0.000000
2018-05-18,79.432701,79.561028,75.422569,76.096275,74.892532,6429588,0.000000,0.000000
2018-05-21,76.352921,77.571999,74.428055,75.839622,74.639946,4982120,0.000000,0.000000
2018-05-22,76.930382,79.240219,75.871704,78.438194,77.197418,5766771,0.000000,0.000000
2018-05-23,78.277786,78.566513,74.941353,75.326324,74.134758,3996194,0.000000,0.000000
2018-05-24,75.711304,77.315353,74.203491,76.449165,75.239838,6809081,0.000000,0.000000
2018-05-25,76.385002,80.780106,75.743385,80.074326,78.807655,8545640,0.000000,0.000000
2018-05-28,79.496864,84.373184,79.496864,83.186188,81.870293,7804639,0.000000,0.000000
2018-05-29,82.127510,82.993698,78.759003,79.368546,78.113037,6376433,0.000000,0.000000
2018-05-30,78.341949,80.330971,77.956978,79.176056,77.923599,3324790,0.000000,0.000000
2018-05-31,79.561028,79.721436,77.154945,77.636162,76.408058,7144834,0.000000,0.000000
2018-06-01,77.636162,78.406113,74.139328,76.705811,75.492416,9722786,0.000000,0.000000
2018-06-04,76.962463,77.636162,72.920250,74.588463,73.408569,8032675,0.000000,0.000000
2018-06-05,74.428055,75.262169,72.535278,74.043083,72.871826,4918698,0.000000,0.000000
2018-06-06,74.107246,76.769974,73.433548,75.871704,74.671516,6253502,0.000000,0.000000
2018-06-07,75.871704,82.255836,75.871704,80.459297,79.186531,17145197,0.000000,0.000000
2018-06-08,80.042244,81.614220,78.630676,81.036758,79.754860,8320813,0.000000,0.000000
2018-06-11,81.935028,85.239372,81.421730,82.287918,80.986229,10227843,0.000000,0.000000
2018-06-12,81.678375,82.704971,80.940514,81.902946,80.607346,3525932,0.000000,0.000000
2018-06-13,82.480408,85.111053,82.320000,82.865379,81.554550,10410157,0.000000,0.000000
2018-06-14,82.448326,86.522621,81.614220,85.945160,84.585625,15420224,0.000000,0.000000
2018-06-15,86.618858,88.030426,84.309029,84.982727,83.638420,13898773,0.000000,0.000000
2018-06-18,85.271454,87.260483,83.699486,86.201805,84.838196,13121499,0.000000,0.000000
2018-06-19,85.078972,86.971756,82.704971,83.346596,82.028168,8714922,0.000000,0.000000
2018-06-20,82.769135,84.918564,82.704971,84.533592,83.196388,7630630,0.000000,0.000000
2018-06-21,84.501511,85.143135,82.448326,83.314514,81.996574,5664223,0.000000,0.000000
2018-06-22,83.282433,84.052376,81.838783,83.635323,82.312325,6427410,0.000000,0.000000
2018-06-25,83.410751,84.116539,81.293404,81.485893,80.196892,4307412,0.000000,0.000000
2018-06-26,80.330971,84.052376,80.330971,82.865379,81.554550,8685766,0.000000,0.000000
2018-06-27,82.127510,82.127510,72.182381,73.850601,72.682373,18195059,0.000000,0.000000
2018-06-28,72.824005,74.203491,69.744225,70.161278,69.051422,13624874,0.000000,0.000000
2018-06-29,70.642494,73.273140,70.642494,72.599442,71.451019,9766020,0.000000,0.000000
2018-07-02,72.374870,72.984413,64.707497,67.402306,66.336082,22074830,0.000000,0.000000
2018-07-03,67.113579,69.263008,65.830338,68.172249,67.093857,11787383,0.000000,0.000000
2018-07-04,68.204330,69.776306,66.568199,69.102600,68.009491,11036532,0.000000,0.000000
2018-07-05,69.327171,69.327171,67.081497,67.947685,66.872841,6545131,0.000000,0.000000
2018-07-06,67.209824,72.310707,65.926575,71.187874,70.061783,19356589,0.000000,0.000000
2018-07-09,71.540764,72.727760,69.744225,71.637009,70.503822,9358024,0.000000,0.000000
2018-07-10,72.503197,74.011002,71.925735,73.208977,72.050903,8739556,0.000000,0.000000
2018-07-11,73.465630,80.523460,73.208977,79.625191,78.365623,41430172,0.000000,0.000000
2018-07-12,79.849754,81.165077,77.828651,79.753517,78.491920,12897744,0.000000,0.000000
2018-07-13,79.978081,84.822319,78.502350,84.469429,83.133240,40819011,0.000000,0.000000
2018-07-16,84.052376,86.522621,82.897461,85.720589,84.364609,28399661,0.000000,0.000000
2018-07-17,86.650940,90.853561,86.105560,88.736214,87.332535,30615637,0.000000,0.000000
2018-07-18,88.704132,92.393456,87.228401,91.238533,89.795265,24172884,0.000000,0.000000
2018-07-19,92.008476,98.937988,90.500671,96.916878,95.383789,22465016,0.000000,0.000000
2018-07-20,97.590584,105.675011,96.050690,104.552177,102.898300,42113359,0.000000,0.000000
2018-07-23,103.525581,110.615494,102.017769,109.845551,108.107925,36429184,0.000000,0.000000
2018-07-24,109.717224,120.624786,105.963737,119.373627,117.485306,84444898,0.000000,0.000000
2018-07-25,118.699921,131.724838,117.865814,128.195908,126.168007,88858638,0.000000,0.000000
2018-07-26,124.667000,129.575394,121.298485,126.880592,124.873505,66162047,0.000000,0.000000
2018-07-27,127.073074,132.655182,122.228836,125.693588,124.084526,44416991,0.387794,0.000000
2018-07-30,126.527702,128.580887,123.415840,124.185783,122.596024,21685477,0.000000,0.000000
2018-07-31,124.121620,127.169319,122.581726,125.404861,123.799500,13956426,0.000000,0.000000
2018-08-01,125.757751,126.784348,122.966705,123.993294,122.405998,8364175,0.000000,0.000000
2018-08-02,123.832893,129.414993,119.020729,126.078568,124.464577,26533948,0.000000,0.000000
2018-08-03,124.795319,131.083206,124.474510,127.137238,125.509689,31802007,0.000000,0.000000
2018-08-06,128.324234,129.703720,125.886078,127.169319,125.541367,13783939,0.000000,0.000000
2018-08-07,126.399376,126.591866,119.758598,122.004272,120.442436,21206813,0.000000,0.000000
2018-08-08,116.807137,133.906342,114.850197,128.099670,126.459808,55314801,0.000000,0.000000
2018-08-09,130.890717,132.751419,127.169319,128.548813,126.903206,23748439,0.000000,0.000000
2018-08-10,128.099670,129.543320,125.821915,127.778862,126.143097,14473803,0.000000,0.000000
2018-08-13,125.757751,127.554291,123.672485,124.731163,123.134430,11210689,0.000000,0.000000
2018-08-14,124.923645,131.788986,124.827400,129.799973,128.138351,20777577,0.000000,0.000000
2018-08-16,127.361809,132.173965,127.361809,130.184937,128.518372,14732446,0.000000,0.000000
2018-08-17,129.607483,132.623108,128.773376,130.281189,128.613388,8569903,0.000000,0.000000
2018-08-20,130.345352,137.467346,129.703720,136.344498,134.599091,30872546,0.000000,0.000000
2018-08-21,137.306931,142.439911,136.055771,136.857803,135.105820,34411752,0.000000,0.000000
2018-08-23,137.627747,138.108963,130.954880,135.285828,133.553955,22438632,0.000000,0.000000
2018-08-24,134.740448,137.627747,133.040161,133.970505,132.255493,12187310,0.000000,0.000000
2018-08-27,134.932938,136.857803,133.008072,135.927444,134.187363,12303976,0.000000,0.000000
2018-08-28,136.440750,149.176926,134.387558,147.380386,145.493698,56713612,0.000000,0.000000
2018-08-29,148.663635,151.839661,141.092499,143.274017,141.439926,44981172,0.000000,0.000000
2018-08-30,142.760712,148.374908,141.028336,143.723145,141.883286,44266980,0.000000,0.000000
2018-08-31,144.364777,146.674606,142.664474,144.525177,142.675064,22107612,0.000000,0.000000
2018-09-03,145.006393,145.904663,130.986969,135.061264,133.332275,31267861,0.000000,0.000000
2018-09-04,135.382065,138.846832,129.607483,134.997101,133.268936,45530498,0.000000,0.000000
2018-09-05,133.585526,139.039307,132.045639,135.349991,133.617294,55270563,0.000000,0.000000
2018-09-06,150.000000,170.649994,139.350006,163.699997,161.604401,74817700,0.000000,0.000000
2018-09-07,165.250000,169.899994,155.699997,157.350006,155.335709,42704819,0.000000,0.000000
2018-09-10,158.000000,158.000000,149.649994,150.750000,148.820175,20590646,0.000000,0.000000
2018-09-11,151.000000,153.699997,146.300003,148.250000,146.352173,15083637,0.000000,0.000000
2018-09-12,148.500000,150.149994,142.750000,148.899994,146.993866,16166704,0.000000,0.000000
2018-09-14,149.750000,152.899994,148.250000,150.600006,148.672104,8859644,0.000000,0.000000
2018-09-17,150.199997,155.649994,146.800003,152.050003,150.103546,10925422,0.000000,0.000000
2018-09-18,151.949997,154.850006,146.300003,148.449997,146.549637,7447741,0.000000,0.000000
2018-09-19,149.399994,150.699997,145.300003,147.350006,145.463715,5315295,0.000000,0.000000
2018-09-21,148.000000,153.500000,132.649994,138.449997,136.677643,12829824,0.000000,0.000000
2018-09-24,138.449997,139.750000,131.149994,134.500000,132.778214,5960439,0.000000,0.000000
2018-09-25,133.500000,142.399994,125.650002,138.350006,136.578918,8571550,0.000000,0.000000
2018-09-26,140.399994,142.500000,133.699997,136.500000,134.752594,6768299,0.000000,0.000000
2018-09-27,136.000000,143.050003,132.699997,142.250000,140.429001,9769528,0.000000,0.000000
2018-09-28,142.649994,143.399994,125.599998,130.600006,128.928131,11876058,0.000000,0.000000
2018-10-01,127.000000,138.600006,121.550003,137.350006,135.591721,9826192,0.000000,0.000000
2018-10-03,137.000000,141.500000,130.050003,134.800003,133.074356,6829117,0.000000,0.000000
2018-10-04,129.399994,134.300003,127.000000,132.949997,131.248032,7184987,0.000000,0.000000
2018-10-05,131.550003,135.750000,128.250000,130.199997,128.533249,6099515,0.000000,0.000000
2018-10-08,129.000000,134.850006,121.349998,133.149994,131.445480,10658358,0.000000,0.000000
2018-10-09,136.000000,137.699997,129.350006,135.899994,134.160294,7186017,0.000000,0.000000
2018-10-10,136.500000,147.850006,135.000000,143.750000,141.909805,9209149,0.000000,0.000000
2018-10-11,138.000000,143.399994,135.149994,138.199997,136.430847,8421556,0.000000,0.000000
2018-10-12,140.100006,145.399994,140.100006,143.850006,142.008514,6338784,0.000000,0.000000
2018-10-15,147.000000,153.750000,143.800003,152.449997,150.498413,9011923,0.000000,0.000000
2018-10-16,152.350006,160.000000,151.750000,157.649994,155.631836,9671300,0.000000,0.000000
2018-10-17,160.100006,163.649994,154.250000,161.750000,159.679382,11660585,0.000000,0.000000
2018-10-19,158.500000,170.699997,158.500000,168.750000,166.589737,11861481,0.000000,0.000000
2018-10-22,171.100006,176.699997,164.399994,168.500000,166.342957,13950566,0.000000,0.000000
2018-10-23,169.000000,171.850006,166.000000,169.550003,167.379501,8339433,0.000000,0.000000
2018-10-24,171.000000,172.250000,165.100006,167.550003,165.405136,5451065,0.000000,0.000000
2018-10-25,166.750000,174.399994,161.500000,172.100006,169.896881,7460591,0.000000,0.000000
2018-10-26,174.000000,174.750000,165.300003,166.750000,164.615341,6982991,0.000000,0.000000
2018-10-29,168.649994,172.600006,165.050003,171.750000,169.551331,5332500,0.000000,0.000000
2018-10-30,172.500000,174.000000,168.100006,169.050003,166.885910,3885243,0.000000,0.000000
2018-10-31,167.000000,173.800003,164.699997,170.000000,167.823746,10254679,0.000000,0.000000
2018-11-01,171.050003,178.100006,168.850006,175.000000,172.759766,8041754,0.000000,0.000000
2018-11-02,176.600006,179.500000,173.800003,175.600006,173.352066,6839045,0.000000,0.000000
2018-11-05,176.100006,176.750000,155.800003,168.500000,166.342957,12668556,0.000000,0.000000
2018-11-06,168.250000,169.000000,162.000000,164.449997,162.344788,5834504,0.000000,0.000000
2018-11-07,165.000000,169.000000,164.699997,165.750000,163.628159,1138303,0.000000,0.000000
2018-11-09,165.500000,167.800003,163.949997,166.300003,164.171112,4079435,0.000000,0.000000
2018-11-12,166.000000,167.899994,158.149994,160.250000,158.198563,4332207,0.000000,0.000000
2018-11-13,160.250000,163.000000,158.750000,162.149994,160.074219,3641712,0.000000,0.000000
2018-11-14,163.300003,163.750000,158.250000,160.850006,158.790894,3263131,0.000000,0.000000
2018-11-15,161.750000,166.250000,160.000000,162.850006,160.765305,5297431,0.000000,0.000000
2018-11-16,163.000000,163.850006,157.500000,161.449997,159.383194,3885301,0.000000,0.000000
2018-11-19,162.399994,164.399994,159.550003,162.100006,160.024887,3424402,0.000000,0.000000
2018-11-20,161.649994,163.649994,156.949997,160.149994,158.099823,4293856,0.000000,0.000000
2018-11-21,161.600006,162.000000,158.500000,161.000000,158.938950,4209404,0.000000,0.000000
2018-11-22,161.899994,161.949997,157.550003,158.500000,156.470993,2405010,0.000000,0.000000
2018-11-26,158.500000,159.899994,155.649994,157.350006,155.335709,2428238,0.000000,0.000000
2018-11-27,157.350006,161.000000,154.250000,159.149994,157.112640,3925863,0.000000,0.000000
2018-11-28,159.149994,159.600006,156.300003,158.000000,155.977356,3156482,0.000000,0.000000
2018-11-29,159.350006,175.550003,158.699997,169.899994,167.725021,13648898,0.000000,0.000000
2018-11-30,168.500000,174.800003,163.500000,165.000000,162.887756,9405499,0.000000,0.000000
2018-12-03,166.050003,168.500000,163.500000,166.699997,164.565994,3213684,0.000000,0.000000
2018-12-04,165.949997,166.500000,160.000000,162.750000,160.666550,3797368,0.000000,0.000000
2018-12-05,161.050003,164.949997,155.750000,157.399994,155.385040,8601249,0.000000,0.000000
2018-12-06,155.800003,156.000000,149.750000,150.550003,148.622742,5714514,0.000000,0.000000
2018-12-07,151.800003,154.350006,150.000000,152.899994,150.942657,7411261,0.000000,0.000000
2018-12-10,146.850006,147.000000,141.000000,143.149994,141.317474,7484723,0.000000,0.000000
2018-12-11,139.000000,155.850006,134.500000,151.899994,149.955475,9251826,0.000000,0.000000
2018-12-12,152.800003,157.000000,151.050003,156.100006,154.101700,4377945,0.000000,0.000000
2018-12-13,156.000000,158.600006,154.000000,156.000000,154.002945,3499313,0.000000,0.000000
2018-12-14,156.000000,157.899994,154.100006,157.100006,155.088898,3389589,0.000000,0.000000
2018-12-17,157.100006,158.899994,156.350006,157.949997,155.928009,1595605,0.000000,0.000000
2018-12-18,157.699997,159.750000,156.199997,158.050003,156.026718,1689582,0.000000,0.000000
2018-12-19,160.000000,162.699997,158.500000,160.199997,158.149185,2312343,0.000000,0.000000
2018-12-20,159.399994,162.500000,158.399994,159.250000,157.211334,2539589,0.000000,0.000000
2018-12-21,159.800003,161.500000,152.000000,159.350006,157.310089,5335334,0.000000,0.000000
2018-12-24,159.399994,160.899994,156.500000,158.550003,156.520340,3130614,0.000000,0.000000
2018-12-26,156.850006,164.100006,155.100006,161.250000,159.185760,4065516,0.000000,0.000000
2018-12-27,162.250000,167.800003,159.850006,162.350006,160.271683,10882426,0.000000,0.000000
2018-12-28,161.949997,164.300003,159.800003,161.550003,159.481934,3905985,0.000000,0.000000
2018-12-31,162.850006,164.199997,160.199997,161.000000,158.938950,3890636,0.000000,0.000000
2019-01-01,160.899994,162.350006,155.449997,157.250000,155.236969,4726656,0.000000,0.000000
2019-01-02,157.000000,157.850006,152.500000,154.850006,152.867722,2735262,0.000000,0.000000
2019-01-03,154.899994,156.100006,150.300003,152.500000,150.547775,2758876,0.000000,0.000000
2019-01-04,152.100006,154.000000,150.000000,152.550003,150.597122,2777308,0.000000,0.000000
2019-01-07,152.899994,154.449997,150.250000,151.250000,149.313782,2714218,0.000000,0.000000
2019-01-08,150.500000,154.300003,149.649994,153.449997,151.485611,2791866,0.000000,0.000000
2019-01-09,153.600006,154.449997,147.600006,149.350006,147.438126,4054809,0.000000,0.000000
2019-01-10,151.000000,151.800003,148.500000,151.100006,149.165726,3534546,0.000000,0.000000
2019-01-11,151.100006,152.600006,149.100006,151.500000,149.560577,2254999,0.000000,0.000000
2019-01-14,151.000000,151.149994,147.000000,148.350006,146.450912,2624582,0.000000,0.000000
2019-01-15,148.500000,149.949997,147.250000,148.649994,146.747040,1805678,0.000000,0.000000
2019-01-16,148.199997,150.699997,148.000000,148.449997,146.549637,1574176,0.000000,0.000000
2019-01-17,148.399994,151.250000,146.350006,149.000000,147.092575,2618859,0.000000,0.000000
2019-01-18,149.699997,149.800003,144.550003,146.750000,144.871384,2306520,0.000000,0.000000
2019-01-21,146.500000,148.000000,144.250000,145.949997,144.081619,1763205,0.000000,0.000000
2019-01-22,145.399994,146.649994,141.699997,145.699997,143.834824,2261667,0.000000,0.000000
2019-01-23,145.500000,146.500000,142.050003,143.000000,141.169373,2322990,0.000000,0.000000
2019-01-24,143.000000,144.050003,141.100006,142.550003,140.725159,1678843,0.000000,0.000000
2019-01-25,142.850006,145.449997,136.149994,137.350006,135.591721,3297651,0.000000,0.000000
2019-01-28,138.000000,141.000000,118.949997,136.399994,134.653839,9404485,0.000000,0.000000
2019-01-29,136.449997,143.800003,133.600006,140.800003,138.997543,4301493,0.000000,0.000000
2019-01-30,140.899994,141.500000,136.500000,139.899994,138.109070,3102926,0.000000,0.000000
2019-01-31,139.500000,141.750000,135.000000,137.149994,135.394287,3498642,0.000000,0.000000
2019-02-01,136.949997,144.800003,134.550003,143.000000,141.169373,7091209,0.000000,0.000000
2019-02-04,142.899994,142.899994,121.300003,123.099998,121.524132,9832462,0.000000,0.000000
2019-02-05,122.000000,127.400002,119.599998,124.250000,122.659424,8484607,0.000000,0.000000
2019-02-06,123.849998,124.199997,114.800003,122.900002,121.326714,9905219,0.000000,0.000000
2019-02-07,122.199997,126.800003,119.050003,123.949997,122.363258,9826247,0.000000,0.000000
2019-02-08,123.000000,125.449997,115.699997,123.750000,122.165817,8059813,0.000000,0.000000
2019-02-11,122.949997,123.250000,115.800003,118.199997,116.686859,7048335,0.000000,0.000000
2019-02-12,117.199997,120.000000,115.349998,116.949997,115.452866,3698931,0.000000,0.000000
2019-02-14,118.449997,119.500000,116.000000,118.099998,116.588158,4962697,0.000000,0.000000
2019-02-15,118.150002,121.150002,116.500000,119.800003,118.266396,4509378,0.000000,0.000000
2019-02-18,118.300003,119.900002,116.099998,117.500000,115.995827,2569451,0.000000,0.000000
2019-02-19,118.400002,119.800003,116.800003,118.250000,116.736237,2644152,0.000000,0.000000
2019-02-20,117.949997,121.099998,116.199997,120.050003,118.513184,3739081,0.000000,0.000000
2019-02-21,119.800003,121.000000,117.900002,119.400002,117.871498,2698192,0.000000,0.000000
2019-02-22,120.250000,130.699997,119.800003,128.050003,126.410789,14695085,0.000000,0.000000
2019-02-25,125.000000,133.899994,123.000000,132.000000,130.310211,12769956,0.000000,0.000000
2019-02-26,130.000000,134.300003,128.000000,132.100006,130.408936,8879092,0.000000,0.000000
2019-02-27,133.800003,136.300003,129.550003,132.250000,130.556992,5875292,0.000000,0.000000
2019-02-28,133.500000,134.199997,128.000000,128.850006,127.200569,3960957,0.000000,0.000000
2019-03-01,130.350006,135.199997,128.850006,133.850006,132.136536,7738116,0.000000,0.000000
2019-03-05,132.500000,143.699997,132.000000,141.800003,139.984741,7598974,0.000000,0.000000
2019-03-06,142.750000,143.750000,138.199997,139.250000,137.467361,4856085,0.000000,0.000000
2019-03-07,139.000000,140.949997,135.300003,136.899994,135.147476,3496617,0.000000,0.000000
2019-03-08,135.750000,139.350006,135.399994,138.199997,136.430847,3681442,0.000000,0.000000
2019-03-11,137.850006,140.949997,137.600006,139.050003,137.269958,2550759,0.000000,0.000000
2019-03-12,140.500000,150.750000,140.050003,148.399994,146.500244,12543653,0.000000,0.000000
2019-03-13,148.399994,150.399994,145.399994,147.350006,145.463715,5700158,0.000000,0.000000
2019-03-14,147.399994,149.199997,143.600006,145.550003,143.686752,4052596,0.000000,0.000000
2019-03-15,145.800003,148.899994,140.250000,141.850006,140.034119,5981701,0.000000,0.000000
2019-03-18,142.399994,145.000000,140.350006,143.899994,142.057861,4934286,0.000000,0.000000
2019-03-19,144.449997,144.850006,140.500000,142.000000,140.182175,4320808,0.000000,0.000000
2019-03-20,142.000000,142.699997,138.050003,139.449997,137.664856,3242462,0.000000,0.000000
2019-03-22,140.699997,141.449997,137.050003,138.250000,136.480209,3147147,0.000000,0.000000
2019-03-25,137.000000,137.600006,133.500000,134.350006,132.630127,2977535,0.000000,0.000000
2019-03-26,134.899994,140.000000,133.399994,138.300003,136.529556,4180951,0.000000,0.000000
2019-03-27,138.550003,140.949997,136.250000,137.500000,135.739792,2778662,0.000000,0.000000
2019-03-28,138.449997,143.149994,136.300003,137.800003,136.035950,3966292,0.000000,0.000000
2019-04-01,147.449997,153.199997,145.100006,151.449997,149.511215,7938713,0.000000,0.000000
2019-04-02,151.699997,153.300003,148.350006,151.649994,149.708649,6228254,0.000000,0.000000
2019-04-03,150.300003,152.649994,146.600006,147.550003,145.661148,3416023,0.000000,0.000000
2019-04-04,147.949997,150.300003,145.449997,147.500000,145.611786,3963980,0.000000,0.000000
2019-04-05,148.000000,149.199997,146.199997,146.899994,145.019440,2004719,0.000000,0.000000
2019-04-08,147.500000,148.649994,141.100006,141.949997,140.132828,4399839,0.000000,0.000000
2019-04-09,142.300003,147.000000,137.449997,146.000000,144.130997,8432342,0.000000,0.000000
2019-04-10,145.750000,147.399994,142.050003,142.850006,141.021317,4356153,0.000000,0.000000
2019-04-11,142.750000,143.149994,138.600006,141.000000,139.194992,3535449,0.000000,0.000000
2019-04-12,140.800003,144.449997,139.199997,141.399994,139.589890,5769634,0.000000,0.000000
2019-04-15,141.000000,145.149994,140.550003,142.949997,141.120026,4375074,0.000000,0.000000
2019-04-16,142.199997,145.350006,142.199997,143.050003,141.218750,3648947,0.000000,0.000000
2019-04-18,143.100006,144.449997,137.649994,138.600006,136.825714,3954004,0.000000,0.000000
2019-04-22,138.000000,138.649994,134.350006,135.149994,133.419876,3189574,0.000000,0.000000
2019-04-23,135.399994,136.300003,131.550003,132.500000,130.803802,4084835,0.000000,0.000000
2019-04-24,132.750000,137.100006,132.100006,136.149994,134.407074,4329268,0.000000,0.000000
2019-04-25,135.100006,137.000000,133.850006,134.750000,133.025024,2112063,0.000000,0.000000
2019-04-26,135.000000,135.649994,130.250000,131.399994,129.717880,4350584,0.000000,0.000000
2019-04-30,131.800003,131.800003,125.000000,127.050003,125.423584,4006829,0.000000,0.000000
2019-05-02,126.000000,130.000000,124.800003,126.650002,125.028702,3754433,0.000000,0.000000
2019-05-03,124.000000,129.000000,123.000000,128.300003,126.657585,6222801,0.000000,0.000000
2019-05-06,125.750000,127.400002,125.050003,125.599998,123.992126,1996014,0.000000,0.000000
2019-05-07,126.400002,127.000000,120.050003,122.349998,120.783745,4593214,0.000000,0.000000
2019-05-08,121.800003,123.650002,120.400002,120.900002,119.352295,2661345,0.000000,0.000000
2019-05-09,121.900002,122.199997,119.150002,120.099998,118.562538,2907774,0.000000,0.000000
2019-05-10,121.000000,122.300003,119.250000,120.000000,118.463829,2835247,0.000000,0.000000
2019-05-13,120.699997,120.900002,116.650002,117.599998,116.094559,2124122,0.000000,0.000000
2019-05-14,116.349998,124.550003,115.000000,123.349998,121.770950,4548264,0.000000,0.000000
2019-05-15,124.199997,124.949997,116.099998,117.400002,115.897095,3659017,0.000000,0.000000
2019-05-16,118.099998,119.500000,113.000000,118.800003,117.279190,5368281,0.000000,0.000000
2019-05-17,117.750000,120.550003,116.099998,119.300003,117.772781,4631007,0.000000,0.000000
2019-05-20,131.199997,154.899994,128.100006,151.949997,150.004822,37670288,0.000000,0.000000
2019-05-21,154.699997,158.949997,148.449997,154.649994,152.670258,39732349,0.000000,0.000000
2019-05-22,155.050003,158.800003,152.800003,157.949997,155.928009,13565092,0.000000,0.000000
2019-05-23,169.500000,180.800003,157.699997,161.050003,158.988327,61334483,0.000000,0.000000
2019-05-24,162.350006,163.750000,151.850006,156.399994,154.397873,19435041,0.000000,0.000000
2019-05-27,159.100006,160.699997,155.149994,157.199997,155.187607,9664810,0.000000,0.000000
2019-05-28,157.100006,160.350006,156.050003,157.649994,155.631836,5456461,0.000000,0.000000
2019-05-29,157.949997,158.399994,151.750000,155.149994,153.163849,12993604,0.000000,0.000000
2019-05-30,158.100006,159.399994,155.100006,158.100006,156.076111,6740283,0.000000,0.000000
2019-05-31,158.500000,159.300003,149.100006,154.750000,152.768982,7553254,0.000000,0.000000
2019-06-03,154.000000,161.899994,151.649994,159.050003,157.013916,7975636,0.000000,0.000000
2019-06-04,158.149994,159.300003,154.500000,157.600006,155.582504,5502910,0.000000,0.000000
2019-06-06,156.899994,157.800003,151.199997,153.149994,151.189453,3832155,0.000000,0.000000
2019-06-07,152.949997,153.550003,146.800003,151.350006,149.412506,5016442,0.000000,0.000000
2019-06-10,152.000000,155.500000,147.000000,149.949997,148.030441,3967379,0.000000,0.000000
2019-06-11,149.500000,154.250000,148.350006,153.600006,151.633682,3413094,0.000000,0.000000
2019-06-12,154.000000,159.350006,150.550003,153.199997,151.238815,7477081,0.000000,0.000000
2019-06-13,153.199997,158.850006,149.000000,153.100006,151.140106,7968656,0.000000,0.000000
2019-06-14,156.000000,156.000000,151.550003,152.449997,150.498413,6589668,0.000000,0.000000
2019-06-17,153.000000,153.949997,147.250000,147.899994,146.006668,3470303,0.000000,0.000000
2019-06-18,147.350006,148.850006,144.000000,147.949997,146.056030,5764444,0.000000,0.000000
2019-06-19,148.449997,149.750000,140.600006,142.800003,140.971954,4744374,0.000000,0.000000
2019-06-20,142.300003,149.699997,140.350006,148.449997,146.549637,4477064,0.000000,0.000000
2019-06-21,147.000000,152.000000,145.949997,146.800003,144.920746,4673136,0.000000,0.000000
2019-06-24,145.899994,148.800003,144.600006,147.750000,145.858597,3240654,0.000000,0.000000
2019-06-25,146.500000,151.949997,144.850006,150.850006,148.918900,4920288,0.000000,0.000000
2019-06-26,150.000000,155.300003,148.500000,153.800003,151.831146,4779891,0.000000,0.000000
2019-06-27,152.300003,154.949997,151.500000,152.850006,150.893311,2858423,0.000000,0.000000
2019-06-28,152.500000,156.300003,149.800003,150.500000,148.573349,4642404,0.000000,0.000000
2019-07-01,150.649994,155.600006,148.050003,154.100006,152.127335,6182608,0.000000,0.000000
2019-07-02,154.899994,158.199997,151.399994,154.699997,152.719604,11741576,0.000000,0.000000
2019-07-03,156.399994,157.600006,154.199997,155.600006,153.608093,5661251,0.000000,0.000000
2019-07-04,160.100006,161.800003,154.300003,156.100006,154.101700,15687573,0.000000,0.000000
2019-07-05,156.300003,156.850006,145.850006,147.300003,145.414352,6607087,0.000000,0.000000
2019-07-08,143.250000,146.250000,137.550003,138.899994,137.121887,5896584,0.000000,0.000000
2019-07-09,138.050003,143.199997,135.750000,141.149994,139.343048,7317997,0.000000,0.000000
2019-07-10,142.000000,142.500000,137.250000,139.350006,137.566132,5548654,0.000000,0.000000
2019-07-11,140.500000,141.850006,137.500000,141.000000,139.194992,5098558,0.000000,0.000000
2019-07-12,141.000000,143.449997,137.800003,140.300003,138.503967,6678610,0.000000,0.000000
2019-07-15,141.000000,141.699997,136.100006,137.949997,136.184021,4491271,0.000000,0.000000
2019-07-16,137.899994,140.949997,136.600006,140.149994,138.355850,4954078,0.000000,0.000000
2019-07-17,140.199997,141.000000,137.000000,138.050003,136.282761,3984405,0.000000,0.000000
2019-07-18,137.699997,137.949997,133.350006,134.199997,132.482040,4247055,0.000000,0.000000
2019-07-19,134.250000,135.199997,130.300003,131.399994,129.717880,4256095,0.000000,0.000000
2019-07-22,130.750000,134.199997,128.699997,131.649994,129.964691,5467444,0.000000,0.000000
2019-07-23,131.449997,135.949997,130.750000,134.050003,132.333984,5753483,0.000000,0.000000
2019-07-24,133.449997,134.000000,127.849998,129.800003,128.138382,5403438,0.000000,0.000000
2019-07-25,130.500000,131.300003,127.750000,129.399994,127.743477,3977652,0.000000,0.000000
2019-07-26,129.399994,134.199997,128.399994,131.850006,130.162140,3632048,0.000000,0.000000
2019-07-29,131.000000,131.850006,127.099998,129.449997,128.169815,4349871,0.387794,0.000000
2019-07-30,128.000000,131.000000,123.849998,125.349998,124.110359,4167043,0.000000,0.000000
2019-07-31,125.000000,129.300003,124.199997,128.800003,127.526253,3665392,0.000000,0.000000
2019-08-01,128.600006,129.100006,123.000000,125.449997,124.209381,4462938,0.000000,0.000000
2019-08-02,124.900002,129.750000,123.300003,128.100006,126.833176,4637509,0.000000,0.000000
2019-08-05,126.199997,126.400002,121.150002,124.699997,123.466797,5259236,0.000000,0.000000
2019-08-06,124.000000,129.449997,124.000000,128.199997,126.932175,3899290,0.000000,0.000000
2019-08-07,128.199997,130.149994,124.599998,125.599998,124.357887,3911797,0.000000,0.000000
2019-08-08,126.199997,134.000000,124.050003,130.899994,129.605469,7070036,0.000000,0.000000
2019-08-09,134.699997,135.899994,130.100006,132.399994,131.090637,8589075,0.000000,0.000000
2019-08-13,133.000000,133.899994,128.600006,130.300003,129.011429,4226112,0.000000,0.000000
2019-08-14,130.899994,132.449997,127.349998,130.649994,129.357956,4761139,0.000000,0.000000
2019-08-16,130.000000,133.949997,128.149994,132.850006,131.536209,4087073,0.000000,0.000000
2019-08-19,132.800003,136.949997,132.300003,135.500000,134.159988,4261741,0.000000,0.000000
2019-08-20,135.699997,136.800003,132.050003,135.649994,134.308502,4515865,0.000000,0.000000
2019-08-21,134.000000,135.300003,130.250000,131.899994,130.595581,3426518,0.000000,0.000000
2019-08-22,130.949997,131.300003,126.099998,126.900002,125.645050,3358838,0.000000,0.000000
2019-08-23,123.400002,132.199997,122.900002,131.300003,130.001526,4374006,0.000000,0.000000
2019-08-26,132.100006,135.949997,128.300003,135.199997,133.862930,5507570,0.000000,0.000000
2019-08-27,134.750000,138.199997,133.899994,137.149994,135.793686,4495705,0.000000,0.000000
2019-08-28,136.199997,137.100006,132.149994,135.949997,134.605530,5312871,0.000000,0.000000
2019-08-29,138.000000,138.000000,130.350006,132.350006,131.041138,6108447,0.000000,0.000000
2019-08-30,132.399994,138.300003,132.149994,137.350006,135.991699,7806183,0.000000,0.000000
2019-09-03,135.600006,136.899994,133.000000,135.250000,133.912460,3477541,0.000000,0.000000
2019-09-04,134.600006,135.500000,130.600006,134.949997,133.615417,4313711,0.000000,0.000000
2019-09-05,135.000000,138.649994,133.350006,135.750000,134.407516,6840367,0.000000,0.000000
2019-09-06,135.399994,138.449997,135.050003,137.750000,136.387741,3744649,0.000000,0.000000
2019-09-09,137.800003,141.750000,136.350006,140.899994,139.506577,4349296,0.000000,0.000000
2019-09-11,140.050003,144.899994,140.050003,143.949997,142.526398,4245005,0.000000,0.000000
2019-09-12,144.850006,146.300003,142.050003,143.050003,141.635345,3500479,0.000000,0.000000
2019-09-13,143.000000,146.899994,140.550003,145.750000,144.308624,3561056,0.000000,0.000000
2019-09-16,144.000000,147.199997,143.149994,145.949997,144.506668,3713796,0.000000,0.000000
2019-09-17,145.500000,147.899994,142.399994,143.750000,142.328430,4167662,0.000000,0.000000
2019-09-18,144.000000,146.000000,142.100006,144.149994,142.724442,3465608,0.000000,0.000000
2019-09-19,143.949997,144.899994,140.500000,142.550003,141.140259,2662885,0.000000,0.000000
2019-09-20,143.000000,152.100006,141.300003,149.100006,147.625488,7545363,0.000000,0.000000
2019-09-23,154.000000,154.000000,147.550003,152.399994,150.892853,4136992,0.000000,0.000000
2019-09-24,151.250000,153.000000,145.399994,148.050003,146.585892,4576924,0.000000,0.000000
2019-09-25,149.699997,151.000000,145.500000,147.550003,146.090836,4572108,0.000000,0.000000
2019-09-26,148.449997,155.399994,146.649994,152.699997,151.189896,7013490,0.000000,0.000000
2019-09-27,152.699997,152.699997,147.199997,149.449997,147.972031,4016921,0.000000,0.000000
2019-09-30,149.100006,149.750000,143.750000,145.850006,144.407639,3528313,0.000000,0.000000
2019-10-01,146.100006,147.699997,140.500000,143.649994,142.229401,3732047,0.000000,0.000000
2019-10-03,143.000000,145.000000,141.399994,143.550003,142.130386,2070232,0.000000,0.000000
2019-10-04,143.949997,144.500000,137.550003,140.000000,138.615509,2382805,0.000000,0.000000
2019-10-07,138.449997,140.000000,135.250000,135.800003,134.457031,2701943,0.000000,0.000000
2019-10-09,134.949997,139.649994,134.100006,139.000000,137.625381,2682715,0.000000,0.000000
2019-10-10,138.000000,139.100006,135.300003,137.399994,136.041183,2413888,0.000000,0.000000
2019-10-11,137.449997,138.800003,134.600006,136.949997,135.595657,2780875,0.000000,0.000000
2019-10-14,137.899994,152.399994,137.000000,147.100006,145.645279,10795909,0.000000,0.000000
2019-10-15,147.699997,155.850006,146.600006,155.000000,153.467148,11048872,0.000000,0.000000
2019-10-16,155.000000,160.899994,155.000000,160.149994,158.566193,9587304,0.000000,0.000000
2019-10-17,159.800003,165.000000,157.649994,162.550003,160.942490,6523046,0.000000,0.000000
2019-10-18,174.899994,175.800003,165.100006,175.100006,173.368362,14162661,0.000000,0.000000
2019-10-22,174.500000,180.000000,173.399994,178.649994,176.883270,7909839,0.000000,0.000000
2019-10-23,178.750000,178.750000,172.399994,176.449997,174.705032,4743985,0.000000,0.000000
2019-10-24,175.000000,180.000000,174.300003,179.000000,177.229813,4753708,0.000000,0.000000
2019-10-25,179.500000,183.699997,177.199997,181.300003,179.507065,7857185,0.000000,0.000000
2019-10-27,182.899994,184.250000,182.000000,183.399994,181.586288,1003411,0.000000,0.000000
2019-10-29,182.800003,197.000000,182.350006,195.550003,193.616150,9534790,0.000000,0.000000
2019-10-30,194.350006,197.449997,192.300003,195.750000,193.814148,4791525,0.000000,0.000000
2019-10-31,196.699997,201.300003,196.000000,199.649994,197.675598,6584768,0.000000,0.000000
2019-11-01,199.000000,202.399994,196.199997,200.449997,198.467667,3522957,0.000000,0.000000
2019-11-04,200.949997,203.899994,198.250000,200.899994,198.913208,3965499,0.000000,0.000000
2019-11-05,200.000000,201.500000,197.699997,200.550003,198.566666,2326138,0.000000,0.000000
2019-11-06,199.000000,209.699997,198.600006,207.550003,205.497467,6220311,0.000000,0.000000
2019-11-07,207.899994,210.399994,205.500000,209.149994,207.081619,3959490,0.000000,0.000000
2019-11-08,208.699997,212.000000,206.199997,208.050003,205.992523,4057743,0.000000,0.000000
2019-11-11,206.949997,212.250000,206.050003,210.850006,208.764847,2907157,0.000000,0.000000
2019-11-13,209.000000,210.750000,194.300003,198.199997,196.239929,9836594,0.000000,0.000000
2019-11-14,196.250000,203.149994,194.050003,202.300003,200.299362,4141184,0.000000,0.000000
2019-11-15,202.000000,205.000000,200.800003,203.600006,201.586517,3314555,0.000000,0.000000
2019-11-18,203.800003,205.600006,200.100006,201.149994,199.160751,2041767,0.000000,0.000000
2019-11-19,202.000000,202.600006,196.250000,199.699997,197.725082,2954848,0.000000,0.000000
2019-11-20,198.500000,207.449997,198.100006,205.699997,203.665741,3488019,0.000000,0.000000
2019-11-21,206.899994,209.000000,201.949997,205.500000,203.467743,4409698,0.000000,0.000000
2019-11-22,204.750000,206.300003,200.100006,203.449997,201.438004,2545651,0.000000,0.000000
2019-11-25,201.899994,216.250000,201.600006,215.199997,213.071793,6805228,0.000000,0.000000
2019-11-26,214.750000,217.699997,207.149994,210.600006,208.517288,5247790,0.000000,0.000000
2019-11-27,209.899994,215.199997,208.500000,213.550003,211.438141,4051404,0.000000,0.000000
2019-11-28,212.800003,216.199997,210.500000,213.100006,210.992584,4234343,0.000000,0.000000
2019-11-29,212.399994,221.500000,211.699997,214.899994,212.774765,7969827,0.000000,0.000000
2019-12-02,212.000000,213.699997,206.050003,209.000000,206.933105,3169460,0.000000,0.000000
2019-12-03,208.000000,209.949997,203.550003,207.850006,205.794510,2382612,0.000000,0.000000
2019-12-04,205.800003,213.500000,205.300003,212.449997,210.348984,2917279,0.000000,0.000000
2019-12-05,213.000000,213.699997,207.350006,208.399994,206.339066,2309030,0.000000,0.000000
2019-12-06,208.449997,210.050003,205.050003,206.500000,204.457840,1958477,0.000000,0.000000
2019-12-09,205.899994,209.699997,202.399994,207.449997,205.398453,2550809,0.000000,0.000000
2019-12-10,207.449997,208.199997,203.300003,204.199997,202.180603,2139886,0.000000,0.000000
2019-12-11,203.100006,207.800003,202.649994,206.149994,204.111298,2155584,0.000000,0.000000
2019-12-12,206.899994,212.350006,206.600006,210.399994,208.319290,2958155,0.000000,0.000000
2019-12-13,210.500000,213.250000,208.500000,212.199997,210.101471,2867800,0.000000,0.000000
2019-12-16,212.100006,213.250000,209.399994,210.500000,208.418320,2184582,0.000000,0.000000
2019-12-17,210.500000,213.199997,210.000000,211.199997,209.111374,1968218,0.000000,0.000000
2019-12-18,211.800003,212.449997,205.600006,208.149994,206.091522,2542320,0.000000,0.000000
2019-12-19,207.649994,211.000000,206.750000,210.550003,208.467789,2180662,0.000000,0.000000
2019-12-20,210.000000,220.800003,209.500000,218.800003,216.636200,6997898,0.000000,0.000000
2019-12-23,217.750000,220.800003,212.399994,214.550003,212.428238,3709426,0.000000,0.000000
2019-12-24,214.550003,216.949997,207.600006,209.149994,207.081619,2984621,0.000000,0.000000
2019-12-26,208.949997,211.100006,205.600006,208.949997,206.883606,3299177,0.000000,0.000000
2019-12-27,209.050003,211.199997,207.100006,209.100006,207.032166,2240503,0.000000,0.000000
2019-12-30,209.899994,211.600006,208.000000,208.649994,206.586594,1938731,0.000000,0.000000
2019-12-31,208.699997,210.750000,207.649994,208.350006,206.289551,1600059,0.000000,0.000000
2020-01-01,209.000000,210.449997,206.649994,207.850006,205.794510,1553127,0.000000,0.000000
2020-01-02,208.000000,213.199997,207.500000,211.199997,209.111374,2991937,0.000000,0.000000
2020-01-03,210.250000,212.350006,205.800003,208.300003,206.240051,2512421,0.000000,0.000000
2020-01-06,207.750000,207.750000,197.750000,199.550003,197.576584,4353179,0.000000,0.000000
2020-01-07,200.550003,205.699997,200.550003,204.050003,202.032074,2966120,0.000000,0.000000
2020-01-08,201.000000,203.550003,194.550003,201.500000,199.507309,5762654,0.000000,0.000000
2020-01-09,201.899994,208.899994,201.899994,208.000000,205.943024,3496063,0.000000,0.000000
2020-01-10,208.000000,213.000000,205.899994,209.100006,207.032166,2769132,0.000000,0.000000
2020-01-13,210.649994,216.250000,209.600006,213.600006,211.487625,3527267,0.000000,0.000000
2020-01-14,213.449997,215.500000,211.850006,214.350006,212.230225,1775182,0.000000,0.000000
2020-01-15,214.500000,218.000000,212.500000,216.600006,214.457962,1982079,0.000000,0.000000
2020-01-16,217.699997,222.500000,217.000000,220.000000,217.824356,4280379,0.000000,0.000000
2020-01-17,216.000000,229.250000,213.699997,228.399994,226.141251,10810744,0.000000,0.000000
2020-01-20,229.550003,232.250000,224.149994,226.550003,224.309555,4546367,0.000000,0.000000
2020-01-21,224.350006,227.000000,220.500000,224.250000,222.032318,2813526,0.000000,0.000000
2020-01-22,224.800003,228.000000,221.149994,225.899994,223.666000,2939366,0.000000,0.000000
2020-01-23,226.000000,231.199997,225.750000,229.600006,227.329407,2650092,0.000000,0.000000
2020-01-24,225.500000,232.399994,219.000000,229.750000,227.477921,7154795,0.000000,0.000000
2020-01-27,229.500000,236.449997,226.050003,230.550003,228.270020,5293975,0.000000,0.000000
2020-01-28,232.250000,234.500000,229.100006,229.899994,227.626450,2161711,0.000000,0.000000
2020-01-29,231.699997,238.350006,231.000000,232.300003,230.002701,3738186,0.000000,0.000000
2020-01-30,232.300003,232.750000,228.199997,231.500000,229.210632,2192123,0.000000,0.000000
2020-01-31,231.000000,234.550003,227.149994,229.449997,227.180893,2720308,0.000000,0.000000
2020-02-03,221.699997,224.649994,215.600006,220.899994,218.715439,2720614,0.000000,0.000000
2020-02-04,222.649994,227.149994,222.050003,225.449997,223.220459,2028088,0.000000,0.000000
2020-02-05,226.750000,239.300003,222.550003,236.250000,233.913620,8985919,0.000000,0.000000
2020-02-06,237.399994,243.600006,234.100006,236.500000,234.161179,8852675,0.000000,0.000000
2020-02-07,236.399994,242.149994,235.250000,239.500000,237.131500,5052443,0.000000,0.000000
2020-02-10,239.500000,245.149994,237.550003,244.500000,242.082062,5588211,0.000000,0.000000
2020-02-11,245.199997,248.600006,243.649994,245.300003,242.874146,3533751,0.000000,0.000000
2020-02-12,245.899994,251.399994,245.000000,249.699997,247.230621,4490312,0.000000,0.000000
2020-02-13,249.800003,252.750000,248.250000,251.449997,248.963318,2563148,0.000000,0.000000
2020-02-14,252.500000,258.600006,251.550003,256.149994,253.616837,4968325,0.000000,0.000000
2020-02-17,256.899994,257.399994,251.649994,252.500000,250.002945,2411524,0.000000,0.000000
2020-02-18,251.649994,251.649994,245.250000,249.449997,246.983093,2430446,0.000000,0.000000
2020-02-19,250.000000,255.500000,249.899994,254.000000,251.488083,2101729,0.000000,0.000000
2020-02-20,253.199997,261.000000,252.649994,258.649994,256.092163,3108173,0.000000,0.000000
2020-02-24,254.800003,255.850006,244.100006,247.250000,244.804871,3309214,0.000000,0.000000
2020-02-25,249.800003,251.750000,242.399994,246.449997,244.012772,3309962,0.000000,0.000000
2020-02-26,244.000000,246.300003,241.000000,242.800003,240.398865,2897390,0.000000,0.000000
2020-02-27,241.449997,241.449997,232.050003,234.149994,231.834412,3568055,0.000000,0.000000
2020-02-28,221.000000,226.800003,217.000000,218.649994,216.487656,3364181,0.000000,0.000000
2020-03-02,223.000000,226.699997,216.149994,218.600006,216.438187,3162614,0.000000,0.000000
2020-03-03,221.000000,228.649994,219.250000,225.750000,223.517487,2992170,0.000000,0.000000
2020-03-04,226.100006,227.000000,213.550003,221.100006,218.913483,5216787,0.000000,0.000000
2020-03-05,223.750000,226.850006,219.350006,221.750000,219.557022,3159080,0.000000,0.000000
2020-03-06,215.100006,216.750000,207.500000,214.750000,212.626251,4375226,0.000000,0.000000
2020-03-09,207.000000,208.500000,197.250000,199.699997,197.725082,2763988,0.000000,0.000000
2020-03-11,197.399994,205.000000,192.250000,195.750000,193.814148,3763186,0.000000,0.000000
2020-03-12,180.100006,183.899994,160.449997,162.149994,160.546417,4834390,0.000000,0.000000
2020-03-13,145.949997,161.350006,129.750000,148.750000,147.278976,7463176,0.000000,0.000000
2020-03-16,141.000000,142.300003,128.649994,134.699997,133.367889,6582749,0.000000,0.000000
2020-03-17,135.699997,142.550003,130.500000,133.399994,132.080750,6388061,0.000000,0.000000
2020-03-18,135.899994,137.000000,127.099998,130.199997,128.912415,4255688,0.000000,0.000000
2020-03-19,121.000000,132.949997,118.199997,128.899994,127.625267,5517080,0.000000,0.000000
2020-03-20,138.000000,141.600006,128.699997,137.699997,136.338242,4496351,0.000000,0.000000
2020-03-23,123.050003,135.000000,118.199997,120.900002,120.553139,1456143,0.969485,0.000000
2020-03-24,125.000000,132.949997,116.400002,130.350006,129.976028,5125923,0.000000,0.000000
2020-03-25,126.000000,134.899994,125.000000,132.300003,131.920441,2771318,0.000000,0.000000
2020-03-26,135.000000,152.000000,132.050003,140.250000,139.847610,7980255,0.000000,0.000000
2020-03-27,146.000000,151.000000,126.250000,128.000000,127.632767,4378366,0.000000,0.000000
2020-03-30,124.000000,129.800003,121.000000,128.699997,128.330765,2397592,0.000000,0.000000
2020-03-31,131.699997,138.449997,129.449997,137.600006,137.205231,2200227,0.000000,0.000000
2020-04-01,138.949997,138.949997,131.800003,133.949997,133.565689,1997603,0.000000,0.000000
2020-04-03,134.000000,134.600006,128.000000,129.050003,128.679764,1761897,0.000000,0.000000
2020-04-07,131.000000,141.500000,131.000000,138.149994,137.753662,2463474,0.000000,0.000000
2020-04-08,136.850006,147.149994,134.899994,138.100006,137.703781,3237290,0.000000,0.000000
2020-04-09,140.000000,146.250000,140.000000,142.449997,142.041321,2359428,0.000000,0.000000
2020-04-13,142.000000,149.000000,136.550003,146.000000,145.581116,2204560,0.000000,0.000000
2020-04-15,148.050003,150.949997,143.199997,145.250000,144.833267,3413325,0.000000,0.000000
2020-04-16,142.000000,144.850006,140.550003,143.300003,142.888885,2685695,0.000000,0.000000
2020-04-17,146.949997,148.550003,141.550003,143.899994,143.487137,2383979,0.000000,0.000000
2020-04-20,146.000000,155.449997,142.600006,146.699997,146.279099,6835058,0.000000,0.000000
2020-04-21,143.000000,143.000000,134.149994,135.949997,135.559952,3576177,0.000000,0.000000
2020-04-22,136.000000,138.800003,132.100006,137.600006,137.205231,6012030,0.000000,0.000000
2020-04-23,140.500000,142.500000,137.500000,140.500000,140.096909,3371195,0.000000,0.000000
2020-04-24,137.149994,140.550003,134.100006,134.649994,134.263687,1823167,0.000000,0.000000
2020-04-27,136.399994,138.350006,134.100006,134.600006,134.213837,2996533,0.000000,0.000000
2020-04-28,135.949997,141.899994,135.050003,139.300003,138.900345,5721109,0.000000,0.000000
2020-04-29,140.000000,140.699997,135.649994,139.500000,139.099762,4774187,0.000000,0.000000
2020-04-30,141.449997,147.449997,140.300003,141.399994,140.994324,4899422,0.000000,0.000000
2020-05-04,136.899994,137.500000,130.000000,131.550003,131.172592,6012691,0.000000,0.000000
2020-05-05,135.000000,136.350006,131.800003,132.699997,132.319260,3112486,0.000000,0.000000
2020-05-06,133.649994,135.399994,127.300003,133.250000,132.867706,6685480,0.000000,0.000000
2020-05-07,131.100006,135.649994,130.000000,134.899994,134.512985,2423478,0.000000,0.000000
2020-05-08,136.899994,139.350006,136.199997,137.149994,136.756531,2431204,0.000000,0.000000
2020-05-11,137.850006,143.300003,137.500000,140.050003,139.648209,2900696,0.000000,0.000000
2020-05-12,138.500000,140.699997,133.199997,139.899994,139.498611,2901801,0.000000,0.000000
2020-05-13,145.000000,145.000000,140.750000,141.149994,140.745026,3115038,0.000000,0.000000
2020-05-14,139.550003,142.350006,137.399994,140.899994,140.495758,1587450,0.000000,0.000000
2020-05-15,141.399994,143.699997,140.000000,141.050003,140.645355,2145697,0.000000,0.000000
2020-05-18,144.800003,146.399994,134.350006,135.899994,135.510117,4941536,0.000000,0.000000
2020-05-19,137.800003,145.899994,134.449997,139.699997,139.299179,5564024,0.000000,0.000000
2020-05-20,139.500000,143.199997,138.000000,141.350006,140.944489,2872608,0.000000,0.000000
2020-05-21,142.199997,144.000000,137.050003,138.300003,137.903214,2682428,0.000000,0.000000
2020-05-22,138.000000,141.199997,136.600006,138.100006,137.703781,2449109,0.000000,0.000000
2020-05-26,139.000000,143.300003,138.350006,139.500000,139.099762,2657870,0.000000,0.000000
2020-05-27,139.750000,141.600006,138.500000,141.000000,140.595474,2224751,0.000000,0.000000
2020-05-28,141.699997,144.399994,140.600006,142.649994,142.240723,2816689,0.000000,0.000000
2020-05-29,141.100006,153.600006,141.100006,148.350006,147.924393,9162612,0.000000,0.000000
2020-06-01,150.000000,154.899994,149.500000,150.500000,150.068222,3985102,0.000000,0.000000
2020-06-02,151.000000,152.600006,148.250000,149.949997,149.519791,2482873,0.000000,0.000000
2020-06-03,151.750000,157.899994,149.600006,150.649994,150.217773,5875845,0.000000,0.000000
2020-06-04,150.500000,153.899994,146.149994,148.000000,147.575394,3146640,0.000000,0.000000
2020-06-05,148.899994,155.000000,148.449997,152.449997,152.012619,4111095,0.000000,0.000000
2020-06-08,155.600006,158.500000,150.649994,152.649994,152.212051,4899754,0.000000,0.000000
2020-06-09,154.199997,156.699997,151.050003,151.899994,151.464203,3005643,0.000000,0.000000
2020-06-10,152.750000,154.750000,150.250000,151.850006,151.414337,4135121,0.000000,0.000000
2020-06-11,151.850006,165.449997,150.250000,151.800003,151.364502,16533100,0.000000,0.000000
2020-06-12,144.000000,153.300003,141.000000,152.300003,151.863052,4817295,0.000000,0.000000
2020-06-15,151.800003,156.850006,148.250000,149.250000,148.821808,3214496,0.000000,0.000000
2020-06-16,153.500000,154.000000,142.750000,146.199997,145.780548,2640377,0.000000,0.000000
2020-06-17,145.000000,148.449997,143.449997,147.149994,146.727814,1252809,0.000000,0.000000
2020-06-18,146.699997,149.449997,146.000000,147.850006,147.425827,2037814,0.000000,0.000000
2020-06-19,149.600006,154.399994,148.899994,152.699997,152.261902,5245179,0.000000,0.000000
2020-06-22,154.500000,156.199997,153.600006,154.649994,154.206299,4662143,0.000000,0.000000
2020-06-23,157.000000,161.800003,155.550003,157.199997,156.749008,4790074,0.000000,0.000000
2020-06-24,159.100006,163.000000,153.500000,154.800003,154.355896,4078195,0.000000,0.000000
2020-06-25,153.250000,169.199997,153.000000,161.649994,161.186218,14608370,0.000000,0.000000
2020-06-26,164.000000,166.350006,161.300003,162.149994,161.684769,6772909,0.000000,0.000000
2020-06-29,161.399994,163.550003,156.750000,159.750000,159.291672,2937549,0.000000,0.000000
2020-06-30,161.399994,164.149994,155.250000,156.250000,155.801712,3827240,0.000000,0.000000
2020-07-01,157.149994,159.000000,156.050003,157.649994,157.197708,1681231,0.000000,0.000000
2020-07-02,159.800003,160.949997,156.149994,158.199997,157.746109,2152710,0.000000,0.000000
2020-07-03,160.000000,163.850006,157.399994,160.000000,159.540955,4481657,0.000000,0.000000
2020-07-06,161.949997,165.199997,160.500000,164.199997,163.728912,3515662,0.000000,0.000000
2020-07-07,164.500000,170.649994,163.300003,168.149994,167.667572,8172143,0.000000,0.000000
2020-07-08,168.000000,169.500000,161.399994,163.000000,162.532349,3650115,0.000000,0.000000
2020-07-09,163.000000,165.100006,161.449997,162.750000,162.283066,1711099,0.000000,0.000000
2020-07-10,161.500000,163.399994,158.500000,159.699997,159.241837,1950837,0.000000,0.000000
2020-07-13,161.449997,162.449997,154.350006,156.050003,155.602280,2585981,0.000000,0.000000
2020-07-14,155.899994,156.250000,149.000000,149.750000,149.320358,2352010,0.000000,0.000000
2020-07-15,150.100006,153.850006,147.000000,147.750000,147.326111,2180415,0.000000,0.000000
2020-07-16,148.100006,150.000000,145.199997,148.899994,148.472809,1473784,0.000000,0.000000
2020-07-17,149.750000,153.899994,149.000000,151.600006,151.165054,2222846,0.000000,0.000000
2020-07-20,153.149994,161.899994,152.100006,160.699997,160.238937,6329853,0.000000,0.000000
2020-07-21,161.449997,168.100006,159.100006,167.300003,166.820007,6517373,0.000000,0.000000
2020-07-22,167.000000,172.000000,162.000000,169.399994,168.914001,4611051,0.000000,0.000000
2020-07-23,168.350006,170.699997,165.399994,169.949997,169.462418,2199241,0.000000,0.000000
2020-07-24,167.399994,169.750000,163.649994,168.750000,168.265839,1801357,0.000000,0.000000
2020-07-27,168.649994,169.050003,163.000000,165.949997,165.473892,1156539,0.000000,0.000000
2020-07-28,166.300003,174.899994,163.800003,173.550003,173.052094,4829045,0.000000,0.000000
2020-07-29,174.000000,190.850006,172.050003,179.100006,178.586182,15392378,0.000000,0.000000
2020-07-30,179.199997,181.350006,173.250000,175.050003,174.547791,3403335,0.000000,0.000000
2020-07-31,174.000000,178.649994,172.100006,175.250000,174.747208,2644457,0.000000,0.000000
2020-08-03,175.250000,178.699997,171.199997,172.250000,171.755814,2789132,0.000000,0.000000
2020-08-04,174.000000,184.000000,172.199997,182.100006,181.577560,4208453,0.000000,0.000000
2020-08-05,183.000000,184.800003,178.500000,179.600006,179.084747,4042372,0.000000,0.000000
2020-08-06,180.100006,188.000000,177.500000,185.949997,185.416504,6447296,0.000000,0.000000
2020-08-07,181.050003,195.000000,180.100006,192.899994,192.346573,9386323,0.000000,0.000000
2020-08-10,192.899994,198.300003,192.350006,195.699997,195.138519,4627306,0.000000,0.000000
2020-08-11,196.000000,199.800003,194.399994,195.850006,195.288101,2965963,0.000000,0.000000
2020-08-12,195.800003,200.750000,190.199997,197.699997,197.132797,3352636,0.000000,0.000000
2020-08-13,198.899994,203.300003,197.750000,200.750000,200.174042,3552469,0.000000,0.000000
2020-08-14,202.399994,204.500000,191.449997,196.199997,195.637100,6617104,0.000000,0.000000
2020-08-17,197.399994,201.649994,196.050003,197.800003,197.232544,3227005,0.000000,0.000000
2020-08-18,200.000000,216.800003,199.000000,213.699997,213.086899,13367091,0.000000,0.000000
2020-08-19,214.250000,245.399994,214.250000,239.550003,238.862717,19592028,0.000000,0.000000
2020-08-20,241.199997,245.000000,230.399994,234.000000,233.328659,9484513,0.000000,0.000000
2020-08-21,237.100006,244.500000,231.100006,233.350006,232.680527,5797329,0.000000,0.000000
2020-08-24,236.000000,253.850006,235.000000,248.699997,247.986481,11878911,0.000000,0.000000
2020-08-25,252.000000,322.399994,250.000000,307.549988,306.667603,49264537,0.000000,0.000000
2020-08-26,299.000000,302.799988,278.250000,285.549988,284.730743,26717004,0.000000,0.000000
2020-08-27,284.899994,297.700012,283.700012,286.700012,285.877502,15748895,0.000000,0.000000
2020-08-28,289.000000,295.649994,286.500000,288.250000,287.423035,7256271,0.000000,0.000000
2020-08-31,290.000000,297.600006,270.250000,279.549988,278.747925,15172187,0.000000,0.000000
2020-09-01,279.950012,287.049988,271.549988,281.100006,280.293549,5169176,0.000000,0.000000
2020-09-02,283.000000,306.000000,280.399994,293.049988,292.209259,17403674,0.000000,0.000000
2020-09-03,294.750000,298.700012,287.649994,291.250000,290.414398,9061697,0.000000,0.000000
2020-09-04,284.000000,293.450012,280.100006,285.149994,284.331909,6719721,0.000000,0.000000
2020-09-07,285.149994,291.700012,282.049988,285.250000,284.431610,5812023,0.000000,0.000000
2020-09-08,286.000000,289.799988,273.549988,277.700012,276.903290,5660442,0.000000,0.000000
2020-09-09,276.899994,286.899994,274.399994,283.049988,282.237915,6661093,0.000000,0.000000
2020-09-10,287.649994,307.950012,285.899994,298.299988,297.444183,25430532,0.000000,0.000000
2020-09-11,299.000000,303.649994,292.100006,296.000000,295.150787,9743753,0.000000,0.000000
2020-09-14,301.799988,304.000000,290.149994,293.149994,292.308960,6120182,0.000000,0.000000
2020-09-15,294.899994,298.700012,270.000000,288.549988,287.722168,2552460,0.000000,0.000000
2020-09-16,292.700012,302.850006,290.100006,297.100006,296.247620,6159158,0.000000,0.000000
2020-09-17,295.000000,300.799988,292.149994,293.700012,292.857361,2466000,0.000000,0.000000
2020-09-18,297.600006,299.700012,287.299988,291.549988,290.713531,2744172,0.000000,0.000000
2020-09-21,293.000000,296.250000,265.000000,277.100006,276.305023,6459206,0.000000,0.000000
2020-09-22,278.250000,283.000000,257.500000,280.399994,279.595551,12535965,0.000000,0.000000
2020-09-23,283.950012,296.250000,278.450012,283.549988,282.736481,8864848,0.000000,0.000000
2020-09-24,277.950012,281.250000,269.500000,270.450012,269.674103,3689023,0.000000,0.000000
2020-09-25,275.899994,283.600006,275.000000,280.299988,279.495819,7663618,0.000000,0.000000
2020-09-28,283.100006,302.049988,282.100006,295.700012,294.851654,5875621,0.000000,0.000000
2020-09-29,299.899994,307.000000,292.149994,297.899994,297.045349,10246726,0.000000,0.000000
2020-09-30,300.000000,304.700012,295.100006,297.100006,296.247620,5618023,0.000000,0.000000
2020-10-01,299.799988,311.950012,296.000000,308.149994,307.265930,6914312,0.000000,0.000000
2020-10-05,311.500000,334.500000,307.350006,326.600006,325.662994,20009492,0.000000,0.000000
2020-10-06,329.399994,331.149994,320.299988,327.149994,326.211395,7705557,0.000000,0.000000
2020-10-07,325.149994,335.600006,323.250000,330.100006,329.152924,8234005,0.000000,0.000000
2020-10-08,329.000000,329.799988,310.500000,316.250000,315.342712,4125845,0.000000,0.000000
2020-10-09,318.799988,322.049988,310.500000,313.000000,312.101990,2468904,0.000000,0.000000
2020-10-12,315.000000,322.700012,313.000000,315.350006,314.445282,2556329,0.000000,0.000000
2020-10-13,315.500000,316.799988,309.750000,313.200012,312.301422,1454109,0.000000,0.000000
2020-10-14,312.950012,315.700012,310.049988,313.399994,312.500854,1517470,0.000000,0.000000
2020-10-15,315.000000,325.850006,305.350006,307.100006,306.218903,4960658,0.000000,0.000000
2020-10-16,309.250000,313.950012,305.350006,307.000000,306.119232,1871531,0.000000,0.000000
2020-10-19,309.899994,319.250000,309.350006,316.950012,316.040680,3329571,0.000000,0.000000
2020-10-20,315.299988,327.850006,313.500000,321.899994,320.976471,7198907,0.000000,0.000000
2020-10-21,322.000000,324.700012,306.000000,312.000000,311.104889,4998821,0.000000,0.000000
2020-10-22,311.000000,314.799988,309.000000,311.500000,310.606323,2380993,0.000000,0.000000
2020-10-23,314.000000,322.450012,313.299988,315.450012,314.544983,4159352,0.000000,0.000000
2020-10-26,318.000000,318.700012,305.049988,307.399994,306.518036,4397393,0.000000,0.000000
2020-10-27,308.000000,315.350006,303.000000,314.049988,313.148956,3549135,0.000000,0.000000
2020-10-28,313.799988,320.799988,309.850006,318.850006,317.935242,3098009,0.000000,0.000000
2020-10-29,315.399994,332.350006,313.200012,328.899994,327.956360,6897070,0.000000,0.000000
2020-10-30,331.049988,347.500000,329.649994,339.700012,338.725403,14205844,0.000000,0.000000
2020-11-02,339.100006,344.299988,333.049988,341.100006,340.121368,4272022,0.000000,0.000000
2020-11-03,344.000000,349.600006,340.149994,344.799988,343.810760,4078834,0.000000,0.000000
2020-11-04,342.600006,359.500000,337.500000,351.850006,350.840546,9701398,0.000000,0.000000
2020-11-05,353.000000,354.950012,345.250000,352.750000,351.737976,5361436,0.000000,0.000000
2020-11-06,352.000000,353.850006,345.049988,352.100006,351.089813,3863486,0.000000,0.000000
2020-11-09,354.000000,364.700012,351.850006,357.899994,356.873169,6278843,0.000000,0.000000
2020-11-10,358.100006,361.750000,353.200012,359.500000,358.468628,3590100,0.000000,0.000000
2020-11-11,359.200012,362.700012,354.049988,360.100006,359.066864,2869576,0.000000,0.000000
2020-11-12,358.200012,369.500000,358.000000,365.549988,364.501221,4199715,0.000000,0.000000
2020-11-13,364.000000,371.649994,362.049988,368.600006,367.542511,2786714,0.000000,0.000000
2020-11-14,369.799988,372.850006,369.500000,371.250000,370.184906,620753,0.000000,0.000000
2020-11-17,372.000000,401.950012,371.000000,394.299988,393.168732,10496968,0.000000,0.000000
2020-11-18,393.950012,404.700012,387.399994,394.500000,393.368195,8656493,0.000000,0.000000
2020-11-19,390.000000,398.500000,377.799988,385.750000,384.643250,7731483,0.000000,0.000000
2020-11-20,385.100006,402.000000,385.000000,388.299988,387.185974,5490838,0.000000,0.000000
2020-11-23,390.100006,413.700012,383.100006,409.049988,407.876434,7318547,0.000000,0.000000
2020-11-24,409.899994,415.500000,404.200012,407.200012,406.031738,6167783,0.000000,0.000000
2020-11-25,408.950012,411.500000,393.000000,399.250000,398.104553,3448648,0.000000,0.000000
2020-11-26,402.799988,411.549988,399.149994,401.950012,400.796814,5490958,0.000000,0.000000
2020-11-27,401.000000,407.850006,396.299988,398.399994,397.256989,6429153,0.000000,0.000000
2020-12-01,398.000000,423.950012,395.100006,421.899994,420.689545,7846125,0.000000,0.000000
2020-12-02,420.549988,461.899994,419.350006,453.750000,452.448181,16821595,0.000000,0.000000
2020-12-03,453.750000,457.000000,443.250000,447.549988,446.265961,6848649,0.000000,0.000000
2020-12-04,449.000000,456.549988,442.000000,445.950012,444.670593,4131360,0.000000,0.000000
2020-12-07,446.000000,466.350006,445.950012,457.549988,456.237244,5371039,0.000000,0.000000
2020-12-08,457.549988,462.299988,446.549988,451.899994,450.603516,3872952,0.000000,0.000000
2020-12-09,454.000000,458.100006,447.299988,449.100006,447.811523,2798049,0.000000,0.000000
2020-12-10,448.000000,452.250000,438.049988,447.250000,445.966827,3113868,0.000000,0.000000
2020-12-11,447.250000,451.799988,440.399994,449.799988,448.509552,2940168,0.000000,0.000000
2020-12-14,451.000000,462.000000,447.000000,455.149994,453.844147,3762369,0.000000,0.000000
2020-12-15,455.500000,464.049988,446.549988,462.450012,461.123260,4779869,0.000000,0.000000
2020-12-16,462.500000,467.549988,457.549988,463.250000,461.920929,4088505,0.000000,0.000000
2020-12-17,463.399994,473.950012,455.100006,459.299988,457.982269,4912523,0.000000,0.000000
2020-12-18,461.000000,464.200012,450.799988,455.149994,453.844147,2159692,0.000000,0.000000
2020-12-21,454.000000,460.750000,409.649994,429.200012,427.968658,5350194,0.000000,0.000000
2020-12-22,428.200012,461.549988,418.100006,458.799988,457.483673,8342699,0.000000,0.000000
2020-12-23,458.000000,466.799988,454.200012,463.600006,462.269928,4604130,0.000000,0.000000
2020-12-24,465.000000,479.850006,462.399994,473.649994,472.291107,7985151,0.000000,0.000000
2020-12-28,473.000000,507.000000,472.700012,490.850006,489.441803,13714406,0.000000,0.000000
2020-12-29,492.000000,499.149994,484.700012,489.200012,487.796509,5849496,0.000000,0.000000
2020-12-30,489.200012,496.000000,478.399994,484.149994,482.760956,5419517,0.000000,0.000000
2020-12-31,481.000000,484.000000,435.750000,479.549988,478.174164,7575962,0.000000,0.000000
2021-01-01,477.000000,493.250000,477.000000,491.149994,489.740875,5035248,0.000000,0.000000
2021-01-04,492.000000,502.600006,486.649994,494.500000,493.081299,4936582,0.000000,0.000000
2021-01-05,492.000000,501.399994,489.600006,494.399994,492.981567,3654033,0.000000,0.000000
2021-01-06,496.000000,500.649994,484.250000,490.899994,489.491608,3295461,0.000000,0.000000
2021-01-07,493.899994,523.950012,493.799988,518.099976,516.613586,9879731,0.000000,0.000000
2021-01-08,523.000000,526.599976,514.099976,518.000000,516.513794,3702267,0.000000,0.000000
2021-01-11,520.599976,524.599976,510.500000,519.150024,517.660583,4148831,0.000000,0.000000
2021-01-12,519.000000,536.599976,517.099976,525.400024,523.892578,4878024,0.000000,0.000000
2021-01-13,529.099976,540.200012,521.299988,536.049988,534.512146,4948731,0.000000,0.000000
2021-01-14,534.950012,541.000000,528.400024,532.099976,530.573364,3161306,0.000000,0.000000
2021-01-15,534.700012,537.500000,518.799988,527.299988,525.787170,3376852,0.000000,0.000000
2021-01-18,528.000000,529.099976,502.049988,507.850006,506.392944,5204588,0.000000,0.000000
2021-01-19,512.299988,532.000000,512.299988,530.099976,528.579163,4181185,0.000000,0.000000
2021-01-20,532.150024,552.150024,531.000000,546.750000,545.181274,6681731,0.000000,0.000000
2021-01-21,551.400024,552.950012,531.549988,536.900024,535.359619,4208383,0.000000,0.000000
2021-01-22,534.049988,546.750000,521.599976,526.799988,525.288635,4179558,0.000000,0.000000
2021-01-25,530.250000,534.400024,509.000000,513.900024,512.425537,3728411,0.000000,0.000000
2021-01-27,513.099976,521.549988,507.049988,512.799988,511.328735,2792007,0.000000,0.000000
2021-01-28,507.299988,519.500000,501.350006,511.850006,510.381500,4197516,0.000000,0.000000
2021-01-29,515.200012,525.200012,502.500000,506.649994,505.196472,3822560,0.000000,0.000000
2021-02-01,510.500000,539.500000,496.899994,537.200012,535.658813,4004036,0.000000,0.000000
2021-02-02,542.049988,566.900024,540.799988,564.200012,562.581421,5144708,0.000000,0.000000
2021-02-03,568.000000,576.599976,558.349976,566.599976,564.974365,6087209,0.000000,0.000000
2021-02-04,561.950012,611.700012,556.000000,589.700012,588.008179,11184167,0.000000,0.000000
2021-02-05,595.000000,607.849976,588.599976,595.349976,593.641968,4754950,0.000000,0.000000
2021-02-08,605.400024,638.000000,603.549988,628.299988,626.497375,7085276,0.000000,0.000000
2021-02-09,631.450012,641.900024,621.000000,629.849976,628.042969,4510798,0.000000,0.000000
2021-02-10,633.049988,654.900024,622.099976,650.700012,648.833191,5991927,0.000000,0.000000
2021-02-11,654.000000,661.000000,645.349976,658.599976,656.710449,3688016,0.000000,0.000000
2021-02-12,657.000000,724.450012,655.200012,718.950012,716.887329,16810897,0.000000,0.000000
2021-02-15,725.000000,787.950012,707.650024,763.450012,761.259705,21579566,0.000000,0.000000
2021-02-16,760.000000,802.950012,756.250000,780.200012,777.961670,19426061,0.000000,0.000000
2021-02-17,787.150024,802.000000,782.250000,785.450012,783.196472,8908279,0.000000,0.000000
2021-02-18,787.250000,824.500000,786.000000,808.200012,805.881348,9694238,0.000000,0.000000
2021-02-19,813.000000,831.000000,729.500000,781.900024,779.656738,20210882,0.000000,0.000000
2021-02-22,786.000000,813.000000,780.549988,805.900024,803.587830,10890564,0.000000,0.000000
2021-02-23,814.799988,827.299988,789.000000,799.650024,797.355896,9753081,0.000000,0.000000
2021-02-24,806.000000,812.049988,795.450012,805.200012,802.889893,4626257,0.000000,0.000000
2021-02-25,814.000000,862.400024,809.000000,843.500000,841.080078,12118095,0.000000,0.000000
2021-02-26,833.900024,861.000000,819.849976,833.650024,831.258301,11355426,0.000000,0.000000
2021-03-01,840.750000,860.950012,836.450012,851.500000,849.057007,5996840,0.000000,0.000000
2021-03-02,857.400024,876.500000,852.250000,872.549988,870.046631,5116413,0.000000,0.000000
2021-03-03,880.450012,944.900024,872.849976,915.349976,912.723877,11670544,0.000000,0.000000
2021-03-04,910.000000,938.700012,905.400024,918.400024,915.765137,8141787,0.000000,0.000000
2021-03-05,918.000000,934.000000,888.299988,909.900024,907.289490,7109101,0.000000,0.000000
2021-03-08,918.099976,926.400024,905.099976,910.200012,907.588684,3904469,0.000000,0.000000
2021-03-09,918.000000,928.400024,893.599976,905.200012,902.603088,5561849,0.000000,0.000000
2021-03-10,911.000000,914.099976,888.700012,898.150024,895.573181,5465016,0.000000,0.000000
2021-03-12,905.000000,923.799988,889.299988,894.099976,891.534851,6049852,0.000000,0.000000
2021-03-15,898.750000,904.000000,874.500000,896.200012,893.628845,5234540,0.000000,0.000000
2021-03-16,900.700012,904.400024,888.049988,897.799988,895.224243,2555026,0.000000,0.000000
2021-03-17,898.000000,905.400024,865.000000,873.900024,871.392761,3886557,0.000000,0.000000
2021-03-18,876.000000,891.000000,857.750000,871.049988,868.550964,4465851,0.000000,0.000000
2021-03-19,866.000000,895.400024,840.200012,889.650024,887.097656,4794995,0.000000,0.000000
2021-03-22,892.900024,1003.000000,883.450012,991.049988,988.206665,22596465,0.000000,0.000000
2021-03-23,999.000000,1086.699951,991.049988,1058.400024,1055.363525,31098225,0.000000,0.000000
2021-03-24,1063.000000,1093.000000,1018.400024,1025.449951,1022.507996,22877032,0.000000,0.000000
2021-03-25,1032.949951,1041.449951,977.000000,981.549988,978.733948,13139164,0.000000,0.000000
2021-03-26,1000.000000,1018.450012,978.000000,988.299988,985.464478,9396506,0.000000,0.000000
2021-03-30,1004.000000,1042.449951,988.000000,1031.550049,1028.590454,10470011,0.000000,0.000000
2021-03-31,1038.000000,1053.150024,1016.599976,1031.150024,1028.191772,6440569,0.000000,0.000000
2021-04-01,1043.400024,1116.050049,1035.000000,1107.199951,1104.023438,12713083,0.000000,0.000000
2021-04-05,1127.000000,1150.000000,1098.849976,1138.250000,1134.984375,15795720,0.000000,0.000000
2021-04-06,1153.400024,1241.000000,1142.500000,1225.400024,1221.884399,21496457,0.000000,0.000000
2021-04-07,1233.400024,1251.599976,1108.000000,1165.550049,1162.206055,23007694,0.000000,0.000000
2021-04-08,1162.500000,1191.000000,1137.750000,1162.500000,1159.164795,12404773,0.000000,0.000000
2021-04-09,1163.400024,1228.000000,1151.199951,1201.400024,1197.953125,12923020,0.000000,0.000000
2021-04-12,1177.400024,1177.400024,1061.400024,1074.400024,1071.317627,13690016,0.000000,0.000000
2021-04-13,1077.000000,1116.300049,1051.050049,1106.349976,1103.175781,12137329,0.000000,0.000000
2021-04-15,1095.000000,1144.900024,1081.349976,1129.949951,1126.708008,9350889,0.000000,0.000000
2021-04-16,1130.000000,1192.000000,1112.000000,1159.000000,1155.674683,10661068,0.000000,0.000000
2021-04-19,1100.000000,1153.000000,1089.000000,1136.349976,1133.089844,8565063,0.000000,0.000000
2021-04-20,1156.849976,1177.699951,1125.050049,1142.750000,1139.471313,8261172,0.000000,0.000000
2021-04-22,1134.000000,1169.000000,1123.000000,1157.800049,1154.478394,7124786,0.000000,0.000000
2021-04-23,1161.000000,1182.900024,1145.650024,1157.599976,1154.278931,6167151,0.000000,0.000000
2021-04-26,1160.000000,1197.900024,1160.000000,1173.349976,1169.983643,6939823,0.000000,0.000000
2021-04-27,1184.699951,1213.500000,1181.000000,1191.150024,1187.732666,7109421,0.000000,0.000000
2021-04-28,1207.949951,1213.949951,1180.750000,1185.199951,1181.799438,5020151,0.000000,0.000000
2021-04-29,1196.550049,1212.650024,1178.000000,1182.300049,1178.908203,4070698,0.000000,0.000000
2021-04-30,1171.000000,1200.949951,1143.000000,1158.699951,1155.375610,4232500,0.000000,0.000000
2021-05-03,1145.099976,1264.400024,1122.650024,1255.550049,1251.947876,11276228,0.000000,0.000000
2021-05-04,1285.000000,1298.949951,1241.849976,1262.500000,1258.877808,10271516,0.000000,0.000000
2021-05-05,1274.400024,1288.250000,1240.250000,1267.500000,1263.863770,7805805,0.000000,0.000000
2021-05-06,1272.349976,1311.849976,1263.000000,1286.750000,1283.058350,6240535,0.000000,0.000000
2021-05-07,1305.000000,1322.400024,1290.449951,1298.900024,1295.173462,4584524,0.000000,0.000000
2021-05-10,1294.900024,1314.000000,1286.300049,1304.099976,1300.358521,3892338,0.000000,0.000000
2021-05-11,1292.000000,1326.000000,1284.000000,1303.500000,1299.760254,4744734,0.000000,0.000000
2021-05-12,1311.000000,1328.500000,1278.599976,1285.800049,1282.111084,4143731,0.000000,0.000000
2021-05-14,1300.000000,1302.000000,1213.349976,1220.349976,1216.848877,6377643,0.000000,0.000000
2021-05-17,1230.000000,1299.000000,1227.449951,1289.099976,1285.401611,7782732,0.000000,0.000000
2021-05-18,1314.949951,1344.949951,1302.000000,1326.699951,1322.893555,6531595,0.000000,0.000000
2021-05-19,1350.000000,1351.550049,1283.900024,1294.699951,1290.985352,9925284,0.000000,0.000000
2021-05-20,1301.300049,1320.000000,1283.949951,1302.000000,1298.264526,5837747,0.000000,0.000000
2021-05-21,1320.000000,1336.000000,1300.050049,1315.099976,1311.327026,8314215,0.000000,0.000000
2021-05-24,1321.699951,1328.650024,1303.000000,1306.800049,1303.050903,7913411,0.000000,0.000000
2021-05-25,1314.349976,1322.000000,1272.900024,1282.750000,1279.069702,3697062,0.000000,0.000000
2021-05-26,1288.949951,1326.849976,1254.250000,1322.800049,1319.004761,5630730,0.000000,0.000000
2021-05-27,1329.500000,1342.000000,1304.250000,1325.800049,1321.996338,36690935,0.000000,0.000000
2021-05-28,1311.599976,1330.449951,1298.000000,1302.599976,1298.862793,2979585,0.000000,0.000000
2021-05-31,1307.050049,1321.500000,1292.000000,1316.300049,1312.523682,2709718,0.000000,0.000000
2021-06-01,1319.900024,1430.000000,1309.050049,1416.250000,1412.186768,10018645,0.000000,0.000000
2021-06-02,1425.550049,1557.000000,1413.000000,1546.750000,1542.312500,24541949,0.000000,0.000000
2021-06-03,1564.000000,1623.800049,1553.000000,1583.099976,1578.557983,19107244,0.000000,0.000000
2021-06-04,1605.000000,1713.550049,1585.800049,1700.949951,1696.070068,21102075,0.000000,0.000000
2021-06-07,1715.000000,1717.199951,1613.000000,1624.300049,1619.640015,15350263,0.000000,0.000000
2021-06-08,1633.000000,1668.000000,1602.449951,1636.449951,1631.755005,12410257,0.000000,0.000000
2021-06-09,1640.000000,1649.449951,1571.849976,1594.650024,1590.074829,11614666,0.000000,0.000000
2021-06-10,1612.000000,1630.000000,1591.000000,1612.000000,1607.375366,5362307,0.000000,0.000000
2021-06-11,1615.099976,1620.099976,1575.250000,1601.599976,1597.005127,5355387,0.000000,0.000000
2021-06-14,1441.449951,1529.949951,1201.199951,1501.449951,1497.142334,43530006,0.000000,0.000000
2021-06-15,1550.949951,1572.599976,1477.199951,1538.849976,1534.434937,22320542,0.000000,0.000000
2021-06-16,1510.000000,1538.199951,1409.300049,1448.300049,1444.144775,12626149,0.000000,0.000000
2021-06-17,1380.000000,1436.000000,1303.500000,1367.699951,1363.776001,27926070,0.000000,0.000000
2021-06-18,1350.000000,1504.000000,1332.550049,1487.500000,1483.232422,30526777,0.000000,0.000000
2021-06-21,1490.000000,1582.000000,1444.849976,1540.000000,1535.581787,21101083,0.000000,0.000000
2021-06-22,1554.050049,1582.000000,1531.800049,1541.599976,1537.177124,12069983,0.000000,0.000000
2021-06-23,1560.099976,1569.949951,1481.300049,1504.750000,1500.432983,12679703,0.000000,0.000000
2021-06-24,1509.949951,1519.000000,1488.050049,1508.500000,1504.172119,7261764,0.000000,0.000000
2021-06-25,1525.000000,1534.000000,1501.000000,1519.449951,1515.090698,4962963,0.000000,0.000000
2021-06-28,1524.900024,1565.000000,1518.199951,1525.750000,1521.372681,6178022,0.000000,0.000000
2021-06-29,1526.000000,1548.699951,1513.000000,1523.550049,1519.179077,5551918,0.000000,0.000000
2021-06-30,1539.000000,1539.000000,1502.699951,1507.550049,1503.224854,3256147,0.000000,0.000000
2021-07-01,1509.550049,1522.550049,1482.900024,1490.250000,1486.930664,3759914,0.969485,0.000000
2021-07-02,1490.250000,1507.699951,1411.550049,1422.050049,1418.882568,6653653,0.000000,0.000000
2021-07-05,1427.000000,1443.949951,1350.599976,1394.349976,1391.244385,12239845,0.000000,0.000000
2021-07-06,1400.900024,1444.150024,1378.750000,1414.800049,1411.648804,9485434,0.000000,0.000000
2021-07-07,1420.000000,1437.099976,1385.000000,1425.650024,1422.474609,5549751,0.000000,0.000000
2021-07-08,1420.000000,1445.000000,1411.800049,1425.900024,1422.723999,3898830,0.000000,0.000000
2021-07-09,1425.900024,1456.599976,1416.449951,1431.349976,1428.161743,4502324,0.000000,0.000000
2021-07-12,1442.000000,1447.000000,1414.150024,1420.699951,1417.535645,2557189,0.000000,0.000000
2021-07-13,1433.000000,1433.000000,1385.199951,1417.699951,1414.542236,4157955,0.000000,0.000000
2021-07-14,1449.000000,1449.000000,1397.800049,1402.050049,1398.927246,3859529,0.000000,0.000000
2021-07-15,1399.000000,1429.000000,1393.400024,1407.949951,1404.813843,2728305,0.000000,0.000000
2021-07-16,1409.000000,1415.000000,1388.250000,1395.500000,1392.391846,2134914,0.000000,0.000000
2021-07-19,1390.000000,1412.650024,1332.750000,1380.599976,1377.524902,6190302,0.000000,0.000000
2021-07-20,1340.000000,1382.900024,1336.099976,1365.699951,1362.657959,4529933,0.000000,0.000000
2021-07-22,1375.000000,1424.900024,1340.500000,1416.750000,1413.594482,5009804,0.000000,0.000000
2021-07-23,1430.000000,1434.849976,1386.199951,1401.650024,1398.527954,4694140,0.000000,0.000000
2021-07-26,1399.800049,1416.800049,1392.000000,1403.900024,1400.773071,2054318,0.000000,0.000000
2021-07-27,1403.900024,1424.599976,1378.150024,1396.750000,1393.639038,2978042,0.000000,0.000000
2021-07-28,1406.849976,1424.800049,1378.599976,1399.900024,1396.781860,3188606,0.000000,0.000000
2021-07-29,1413.949951,1425.000000,1397.000000,1400.250000,1397.131226,2538248,0.000000,0.000000
2021-07-30,1409.500000,1449.500000,1400.250000,1420.250000,1417.086548,4403219,0.000000,0.000000
2021-08-02,1435.000000,1445.000000,1424.099976,1438.199951,1434.996704,2483790,0.000000,0.000000
2021-08-03,1467.000000,1467.000000,1422.199951,1442.800049,1439.586426,4442122,0.000000,0.000000
2021-08-04,1460.000000,1460.000000,1423.050049,1429.550049,1426.365967,3341801,0.000000,0.000000
2021-08-05,1428.000000,1438.000000,1407.400024,1432.349976,1429.159668,2104359,0.000000,0.000000
2021-08-06,1422.000000,1555.000000,1422.000000,1536.650024,1533.227417,14250256,0.000000,0.000000
2021-08-09,1546.699951,1565.000000,1482.500000,1493.400024,1490.073853,6031426,0.000000,0.000000
2021-08-10,1488.000000,1498.650024,1426.050049,1446.500000,1443.278198,3581449,0.000000,0.000000
2021-08-11,1455.000000,1456.599976,1407.000000,1437.050049,1433.849243,3197412,0.000000,0.000000
2021-08-12,1443.599976,1458.000000,1430.250000,1442.900024,1439.686279,2455443,0.000000,0.000000
2021-08-13,1445.000000,1454.000000,1428.000000,1437.000000,1433.799316,2095991,0.000000,0.000000
2021-08-16,1431.500000,1449.699951,1413.550049,1430.099976,1426.914551,1909352,0.000000,0.000000
2021-08-17,1431.000000,1451.000000,1416.199951,1441.650024,1438.439087,3062815,0.000000,0.000000
2021-08-18,1441.900024,1496.800049,1432.599976,1460.000000,1456.748047,4738820,0.000000,0.000000
2021-08-20,1438.000000,1482.650024,1411.000000,1430.099976,1426.914551,4933377,0.000000,0.000000
2021-08-23,1415.050049,1427.750000,1361.550049,1396.699951,1393.588989,4866080,0.000000,0.000000
2021-08-24,1407.000000,1448.400024,1390.000000,1437.800049,1434.597534,3362312,0.000000,0.000000
2021-08-25,1444.250000,1481.800049,1425.000000,1475.349976,1472.063965,5361140,0.000000,0.000000
2021-08-26,1482.000000,1494.650024,1460.400024,1475.699951,1472.412964,4678919,0.000000,0.000000
2021-08-27,1475.000000,1515.000000,1474.099976,1506.050049,1502.695557,5164477,0.000000,0.000000
2021-08-30,1513.750000,1527.000000,1493.300049,1516.550049,1513.172119,3149863,0.000000,0.000000
2021-08-31,1517.300049,1596.849976,1512.800049,1587.599976,1584.063843,7234384,0.000000,0.000000
2021-09-01,1594.900024,1600.849976,1561.500000,1565.199951,1561.713623,3056760,0.000000,0.000000
2021-09-02,1571.000000,1594.300049,1565.500000,1570.550049,1567.051880,2171898,0.000000,0.000000
2021-09-03,1578.500000,1581.400024,1551.550049,1565.550049,1562.062988,1687999,0.000000,0.000000
2021-09-06,1572.000000,1628.449951,1566.050049,1582.000000,1578.476440,5562312,0.000000,0.000000
2021-09-07,1585.099976,1592.349976,1553.000000,1558.099976,1554.629517,1651169,0.000000,0.000000
2021-09-08,1559.900024,1579.000000,1538.250000,1555.949951,1552.484253,2084219,0.000000,0.000000
2021-09-09,1561.599976,1565.500000,1535.050049,1545.000000,1541.558716,1243149,0.000000,0.000000
2021-09-13,1548.000000,1557.000000,1525.250000,1532.449951,1529.036621,1759456,0.000000,0.000000
2021-09-14,1539.900024,1547.250000,1497.050049,1513.199951,1509.829590,7143757,0.000000,0.000000
2021-09-15,1524.000000,1545.599976,1496.900024,1516.800049,1513.421631,12834337,0.000000,0.000000
2021-09-16,1523.000000,1535.000000,1499.750000,1503.199951,1499.851807,7616906,0.000000,0.000000
2021-09-17,1503.199951,1525.000000,1465.750000,1480.250000,1476.953003,3329954,0.000000,0.000000
2021-09-20,1464.900024,1488.500000,1409.949951,1418.849976,1415.689575,2273312,0.000000,0.000000
2021-09-21,1420.000000,1446.949951,1381.349976,1441.449951,1438.239380,2682157,0.000000,0.000000
2021-09-22,1435.000000,1462.650024,1424.349976,1437.750000,1434.547485,1663858,0.000000,0.000000
2021-09-23,1453.000000,1480.000000,1441.099976,1474.349976,1471.066040,1622616,0.000000,0.000000
2021-09-24,1483.000000,1516.000000,1455.000000,1461.699951,1458.444092,2760295,0.000000,0.000000
2021-09-27,1462.000000,1544.000000,1462.000000,1531.250000,1527.839355,4737676,0.000000,0.000000
2021-09-28,1557.000000,1557.900024,1475.000000,1487.300049,1483.987183,3547971,0.000000,0.000000
2021-09-29,1466.300049,1498.000000,1464.300049,1485.650024,1482.341064,1764350,0.000000,0.000000
2021-09-30,1484.699951,1519.000000,1463.349976,1468.099976,1464.829956,2072145,0.000000,0.000000
2021-10-01,1465.000000,1468.750000,1422.650024,1458.699951,1455.450806,2311858,0.000000,0.000000
2021-10-04,1471.000000,1531.000000,1460.099976,1526.650024,1523.249634,3209302,0.000000,0.000000
2021-10-05,1515.000000,1557.849976,1512.349976,1527.650024,1524.247314,2544835,0.000000,0.000000
2021-10-06,1529.800049,1541.000000,1472.000000,1479.550049,1476.254517,1777998,0.000000,0.000000
2021-10-07,1502.849976,1535.750000,1490.000000,1520.750000,1517.362793,1919106,0.000000,0.000000
2021-10-08,1522.000000,1569.449951,1511.449951,1547.900024,1544.452393,2646112,0.000000,0.000000
2021-10-11,1553.000000,1563.699951,1532.150024,1539.750000,1536.320557,1910095,0.000000,0.000000
2021-10-12,1539.000000,1566.900024,1514.500000,1554.449951,1550.987549,1900749,0.000000,0.000000
2021-10-13,1568.449951,1608.300049,1551.300049,1569.699951,1566.203735,3923958,0.000000,0.000000
2021-10-14,1580.000000,1656.000000,1574.800049,1646.349976,1642.682861,5256882,0.000000,0.000000
2021-10-18,1672.949951,1672.949951,1608.550049,1615.500000,1611.901611,3791222,0.000000,0.000000
2021-10-19,1625.199951,1637.000000,1562.050049,1569.449951,1565.954224,1822638,0.000000,0.000000
2021-10-20,1574.000000,1607.349976,1539.099976,1589.699951,1586.159180,2768997,0.000000,0.000000
2021-10-21,1601.949951,1626.849976,1581.699951,1595.050049,1591.497314,3129269,0.000000,0.000000
2021-10-22,1595.050049,1608.800049,1537.000000,1543.000000,1539.563110,2580699,0.000000,0.000000
2021-10-25,1545.000000,1551.400024,1494.050049,1532.199951,1528.787231,2276050,0.000000,0.000000
2021-10-26,1532.000000,1557.250000,1520.900024,1543.849976,1540.411255,1661783,0.000000,0.000000
2021-10-27,1548.000000,1581.150024,1540.000000,1566.550049,1563.060791,2121282,0.000000,0.000000
2021-10-28,1550.000000,1566.900024,1367.699951,1398.550049,1395.435059,7093354,0.000000,0.000000
2021-10-29,1400.000000,1454.800049,1377.750000,1423.599976,1420.429077,3165141,0.000000,0.000000
2021-11-01,1436.000000,1457.000000,1411.199951,1445.300049,1442.080811,1543436,0.000000,0.000000
2021-11-02,1455.000000,1489.000000,1452.800049,1472.800049,1469.519653,1667692,0.000000,0.000000
2021-11-03,1474.000000,1501.000000,1464.449951,1485.900024,1482.590454,1710819,0.000000,0.000000
2021-11-04,1495.000000,1511.500000,1483.000000,1489.449951,1486.132568,272261,0.000000,0.000000
2021-11-08,1495.000000,1575.150024,1485.650024,1568.250000,1564.757080,2565017,0.000000,0.000000
2021-11-09,1555.000000,1659.000000,1554.949951,1635.449951,1631.807251,4713708,0.000000,0.000000
2021-11-10,1625.550049,1686.000000,1620.400024,1655.849976,1652.161865,3728328,0.000000,0.000000
2021-11-11,1650.000000,1704.000000,1640.849976,1664.900024,1661.191650,4470709,0.000000,0.000000
2021-11-12,1678.300049,1719.500000,1670.099976,1705.199951,1701.401733,5349189,0.000000,0.000000
2021-11-15,1713.750000,1764.000000,1691.800049,1749.550049,1745.653198,3997553,0.000000,0.000000
2021-11-16,1759.449951,1766.550049,1706.900024,1711.599976,1707.787598,2172117,0.000000,0.000000
2021-11-17,1714.000000,1729.699951,1682.500000,1706.449951,1702.649048,1476385,0.000000,0.000000
2021-11-18,1708.000000,1714.000000,1640.000000,1688.750000,1684.988525,2255988,0.000000,0.000000
2021-11-22,1691.400024,1701.400024,1610.050049,1675.750000,1672.017578,2552170,0.000000,0.000000
2021-11-23,1660.150024,1720.349976,1650.000000,1707.949951,1704.145874,2472589,0.000000,0.000000
2021-11-24,1721.599976,1788.900024,1712.449951,1755.150024,1751.240845,4562858,0.000000,0.000000
2021-11-25,1762.949951,1773.699951,1735.550049,1763.050049,1759.123169,2341862,0.000000,0.000000
2021-11-26,1740.000000,1768.550049,1660.849976,1669.550049,1665.831421,3510810,0.000000,0.000000
2021-11-29,1655.000000,1697.000000,1609.849976,1665.050049,1661.341309,2119826,0.000000,0.000000
2021-11-30,1668.000000,1718.650024,1648.150024,1662.849976,1659.146240,2952368,0.000000,0.000000
2021-12-01,1694.000000,1705.000000,1652.349976,1693.300049,1689.528687,2476360,0.000000,0.000000
2021-12-02,1692.500000,1735.000000,1687.650024,1732.250000,1728.391724,2159661,0.000000,0.000000
2021-12-03,1734.000000,1745.000000,1701.099976,1708.099976,1704.295532,1544077,0.000000,0.000000
2021-12-06,1710.000000,1727.949951,1640.000000,1645.599976,1641.934570,1574680,0.000000,0.000000
2021-12-07,1658.900024,1686.699951,1654.000000,1678.449951,1674.711426,1476012,0.000000,0.000000
2021-12-08,1679.800049,1726.400024,1679.050049,1715.500000,1711.679077,1406394,0.000000,0.000000
2021-12-09,1725.000000,1739.250000,1706.599976,1722.250000,1718.413940,1306393,0.000000,0.000000
2021-12-10,1710.599976,1788.000000,1710.599976,1740.400024,1736.523438,2708578,0.000000,0.000000
2021-12-13,1755.000000,1762.199951,1711.099976,1719.550049,1715.720093,1104594,0.000000,0.000000
2021-12-14,1712.000000,1727.900024,1683.000000,1720.099976,1716.268799,1198653,0.000000,0.000000
2021-12-15,1720.000000,1727.000000,1687.050049,1695.300049,1691.523926,866378,0.000000,0.000000
2021-12-16,1707.300049,1719.849976,1687.000000,1702.050049,1698.259033,751885,0.000000,0.000000
2021-12-17,1698.949951,1702.000000,1640.000000,1645.300049,1641.635376,1215873,0.000000,0.000000
2021-12-20,1629.000000,1629.000000,1555.199951,1589.949951,1586.408691,1945211,0.000000,0.000000
2021-12-21,1621.099976,1645.900024,1602.900024,1620.500000,1616.890625,1563851,0.000000,0.000000
2021-12-22,1631.250000,1663.449951,1627.000000,1658.099976,1654.406738,993006,0.000000,0.000000
2021-12-23,1674.699951,1684.199951,1658.199951,1676.199951,1672.466431,979023,0.000000,0.000000
2021-12-24,1680.000000,1703.949951,1658.199951,1698.199951,1694.417480,1234386,0.000000,0.000000
2021-12-27,1694.750000,1738.000000,1686.050049,1730.199951,1726.346191,1672655,0.000000,0.000000
2021-12-28,1740.000000,1760.000000,1728.099976,1751.000000,1747.099854,1552918,0.000000,0.000000
2021-12-29,1751.000000,1755.000000,1709.400024,1718.050049,1714.223267,1100579,0.000000,0.000000
2021-12-30,1714.000000,1725.000000,1685.000000,1696.400024,1692.621460,1359574,0.000000,0.000000
2021-12-31,1694.949951,1725.000000,1691.050049,1709.449951,1705.642456,1310960,0.000000,0.000000
2022-01-03,1713.000000,1733.000000,1711.199951,1717.150024,1713.325195,1094708,0.000000,0.000000
2022-01-04,1725.750000,1728.000000,1700.000000,1719.000000,1715.171143,1191189,0.000000,0.000000
2022-01-05,1722.000000,1744.650024,1702.550049,1715.449951,1711.629150,1583598,0.000000,0.000000
2022-01-06,1710.000000,1723.849976,1675.599976,1713.099976,1709.284180,1615375,0.000000,0.000000
2022-01-07,1719.900024,1730.800049,1689.500000,1699.099976,1695.315430,1295933,0.000000,0.000000
2022-01-10,1707.550049,1766.000000,1699.099976,1752.599976,1748.696411,1670551,0.000000,0.000000
2022-01-11,1758.000000,1850.000000,1737.000000,1843.900024,1839.793091,5126019,0.000000,0.000000
2022-01-12,1873.000000,1873.000000,1808.300049,1830.099976,1826.023682,2518912,0.000000,0.000000
2022-01-13,1834.000000,1863.000000,1808.000000,1853.349976,1849.221924,1881069,0.000000,0.000000
2022-01-14,1850.000000,1890.449951,1831.099976,1870.250000,1866.084473,2357616,0.000000,0.000000
2022-01-17,1876.000000,1901.400024,1855.650024,1877.800049,1873.617432,1700525,0.000000,0.000000
2022-01-18,1885.000000,1908.500000,1830.050049,1840.949951,1836.849609,2294146,0.000000,0.000000
2022-01-19,1839.800049,1857.000000,1811.250000,1849.300049,1845.181152,1544606,0.000000,0.000000
2022-01-20,1855.000000,1880.349976,1843.699951,1865.849976,1861.694092,1252017,0.000000,0.000000
2022-01-21,1860.849976,1873.000000,1810.750000,1828.349976,1824.277710,1929667,0.000000,0.000000
2022-01-24,1822.000000,1827.449951,1696.550049,1715.800049,1711.978271,2381112,0.000000,0.000000
2022-01-25,1668.000000,1750.550049,1668.000000,1741.400024,1737.521362,1817963,0.000000,0.000000
2022-01-27,1718.000000,1725.550049,1654.500000,1686.000000,1682.244629,3549583,0.000000,0.000000
2022-01-28,1702.500000,1744.099976,1683.949951,1693.699951,1689.927490,1624750,0.000000,0.000000
2022-01-31,1708.949951,1734.000000,1705.000000,1714.949951,1711.130127,1024738,0.000000,0.000000
2022-02-01,1727.949951,1765.099976,1699.150024,1746.900024,1743.009033,1574361,0.000000,0.000000
2022-02-02,1755.000000,1786.000000,1747.000000,1779.349976,1775.386719,1405276,0.000000,0.000000
2022-02-03,1771.949951,1787.000000,1746.400024,1751.849976,1747.947998,588866,0.000000,0.000000
2022-02-04,1758.000000,1770.000000,1733.699951,1757.300049,1753.385986,855996,0.000000,0.000000
2022-02-07,1765.000000,1765.500000,1722.099976,1731.800049,1727.942627,854871,0.000000,0.000000
2022-02-08,1739.400024,1747.000000,1677.050049,1716.000000,1712.177856,1480201,0.000000,0.000000
2022-02-09,1724.599976,1791.900024,1718.099976,1783.150024,1779.178345,1674022,0.000000,0.000000
2022-02-10,1799.000000,1809.000000,1766.000000,1786.099976,1782.121704,1747943,0.000000,0.000000
2022-02-11,1764.000000,1774.900024,1743.349976,1764.300049,1760.370239,1196002,0.000000,0.000000
2022-02-14,1736.300049,1737.900024,1653.000000,1663.949951,1660.243774,1919476,0.000000,0.000000
2022-02-15,1636.000000,1751.400024,1627.849976,1744.250000,1740.364990,2261554,0.000000,0.000000
2022-02-16,1744.250000,1776.000000,1730.000000,1738.099976,1734.228638,1663614,0.000000,0.000000
2022-02-17,1750.000000,1762.000000,1724.000000,1730.949951,1727.094482,1075487,0.000000,0.000000
2022-02-18,1739.000000,1754.599976,1725.000000,1736.300049,1732.432617,945100,0.000000,0.000000
2022-02-21,1738.800049,1738.800049,1671.300049,1685.199951,1681.446289,1449291,0.000000,0.000000
2022-02-22,1636.099976,1678.900024,1630.000000,1667.699951,1663.985229,1717579,0.000000,0.000000
2022-02-23,1682.000000,1717.500000,1670.000000,1688.699951,1684.938477,1285012,0.000000,0.000000
2022-02-24,1626.000000,1648.599976,1528.800049,1543.949951,1540.511108,2798065,0.000000,0.000000
2022-02-25,1594.000000,1638.099976,1578.800049,1618.699951,1615.094482,1741584,0.000000,0.000000
2022-02-28,1603.750000,1651.099976,1592.250000,1644.449951,1640.787231,1869037,0.000000,0.000000
2022-03-02,1638.000000,1664.250000,1615.500000,1641.800049,1638.143188,1249817,0.000000,0.000000
2022-03-03,1670.000000,1678.199951,1634.949951,1643.800049,1640.138794,1333325,0.000000,0.000000
2022-03-04,1621.800049,1655.500000,1601.199951,1615.000000,1611.402832,1433490,0.000000,0.000000
2022-03-07,1590.000000,1592.000000,1539.300049,1564.050049,1560.566284,1508821,0.000000,0.000000
2022-03-08,1574.900024,1607.400024,1553.400024,1601.599976,1598.032715,1396347,0.000000,0.000000
2022-03-09,1609.599976,1669.949951,1608.000000,1656.550049,1652.860352,1498176,0.000000,0.000000
2022-03-10,1682.000000,1749.599976,1678.250000,1742.849976,1738.968018,2294474,0.000000,0.000000
2022-03-11,1750.000000,1757.000000,1721.199951,1734.099976,1730.237427,1354129,0.000000,0.000000
2022-03-14,1732.000000,1752.449951,1722.449951,1736.099976,1732.233154,659190,0.000000,0.000000
2022-03-15,1740.000000,1754.199951,1686.650024,1701.400024,1697.610474,1085901,0.000000,0.000000
2022-03-16,1724.000000,1764.000000,1718.650024,1758.000000,1754.084351,1269866,0.000000,0.000000
2022-03-17,1775.599976,1823.599976,1760.000000,1819.650024,1815.597046,2392329,0.000000,0.000000
2022-03-21,1836.050049,1841.900024,1796.150024,1802.949951,1798.934204,1081052,0.000000,0.000000
2022-03-22,1802.949951,1837.000000,1790.000000,1831.550049,1827.470459,964066,0.000000,0.000000
2022-03-23,1848.050049,1848.050049,1800.849976,1811.000000,1806.966309,1553366,0.000000,0.000000
2022-03-24,1815.000000,1839.550049,1800.150024,1832.800049,1828.717773,1030145,0.000000,0.000000
2022-03-25,1835.550049,1878.000000,1822.000000,1867.000000,1862.841675,1366115,0.000000,0.000000
2022-03-28,1876.900024,1924.400024,1851.050049,1909.699951,1905.446411,1895438,0.000000,0.000000
2022-03-29,1919.250000,1930.900024,1885.500000,1917.250000,1912.979614,1715098,0.000000,0.000000
2022-03-30,1927.699951,2015.000000,1917.300049,1995.250000,1990.805908,3215951,0.000000,0.000000
2022-03-31,2005.000000,2042.000000,1991.000000,2014.750000,2010.262329,2786973,0.000000,0.000000
2022-04-01,2018.000000,2049.000000,2013.050049,2043.650024,2039.098145,1267111,0.000000,0.000000
2022-04-04,2050.000000,2075.500000,2032.000000,2065.850098,2061.248535,1334265,0.000000,0.000000
2022-04-05,2078.000000,2189.800049,2067.600098,2139.850098,2135.084229,4970260,0.000000,0.000000
2022-04-06,2153.750000,2182.850098,2124.199951,2160.000000,2155.188965,2259018,0.000000,0.000000
2022-04-07,2165.949951,2214.949951,2081.250000,2099.050049,2094.375000,3499044,0.000000,0.000000
2022-04-08,2115.000000,2176.000000,2105.250000,2170.949951,2166.114502,1924054,0.000000,0.000000
2022-04-11,2181.850098,2200.000000,2158.500000,2180.199951,2175.343750,1615715,0.000000,0.000000
2022-04-12,2188.000000,2219.000000,2155.000000,2196.949951,2192.056641,2632324,0.000000,0.000000
2022-04-13,2210.000000,2217.149902,2173.449951,2199.449951,2194.551025,992512,0.000000,0.000000
2022-04-18,2179.800049,2240.000000,2156.750000,2233.850098,2228.874512,1747434,0.000000,0.000000
2022-04-19,2245.000000,2255.000000,2140.100098,2168.300049,2163.470459,1639219,0.000000,0.000000
2022-04-20,2178.000000,2207.949951,2161.899902,2183.949951,2179.085205,1119025,0.000000,0.000000
2022-04-21,2216.000000,2293.550049,2203.899902,2286.350098,2281.257568,2243636,0.000000,0.000000
2022-04-22,2297.000000,2306.000000,2265.000000,2273.300049,2268.236572,1786042,0.000000,0.000000
2022-04-25,2259.949951,2295.000000,2242.600098,2284.199951,2279.112305,1683622,0.000000,0.000000
2022-04-26,2297.000000,2413.899902,2295.100098,2395.300049,2389.965088,3199358,0.000000,0.000000
2022-04-27,2404.949951,2420.949951,2325.000000,2334.100098,2328.901367,2559876,0.000000,0.000000
2022-04-28,2359.850098,2389.899902,2336.300049,2378.550049,2373.252441,1679893,0.000000,0.000000
2022-04-29,2389.000000,2394.149902,2301.500000,2332.000000,2326.805664,1916180,0.000000,0.000000
2022-05-02,2325.000000,2362.300049,2311.000000,2339.500000,2334.289307,1006544,0.000000,0.000000
2022-05-04,2358.699951,2362.899902,2233.050049,2253.800049,2248.780029,1744686,0.000000,0.000000
2022-05-05,2270.000000,2303.800049,2236.000000,2255.399902,2250.376465,1636796,0.000000,0.000000
2022-05-06,2210.000000,2262.000000,2200.000000,2247.699951,2242.693604,1161579,0.000000,0.000000
2022-05-09,2229.500000,2244.199951,2180.000000,2197.649902,2192.754883,1450886,0.000000,0.000000
2022-05-10,2190.000000,2220.000000,2097.500000,2109.500000,2104.801270,1471866,0.000000,0.000000
2022-05-11,2109.600098,2157.750000,2077.000000,2119.300049,2114.579590,1397917,0.000000,0.000000
2022-05-12,2103.000000,2113.600098,2011.050049,2045.199951,2040.644531,1553685,0.000000,0.000000
2022-05-13,2084.500000,2135.000000,2035.300049,2054.149902,2049.574707,1547617,0.000000,0.000000
2022-05-16,2082.649902,2141.949951,2057.649902,2105.899902,2101.209473,1742552,0.000000,0.000000
2022-05-17,2133.050049,2192.250000,2119.399902,2184.850098,2179.984131,1061085,0.000000,0.000000
2022-05-18,2199.699951,2216.899902,2172.000000,2181.100098,2176.242188,1296983,0.000000,0.000000
2022-05-19,2145.000000,2154.750000,2097.600098,2114.750000,2110.039795,986930,0.000000,0.000000
2022-05-20,2159.000000,2232.399902,2151.000000,2219.550049,2214.606201,1444803,0.000000,0.000000
2022-05-23,2231.750000,2245.000000,2155.649902,2170.649902,2165.815186,1455450,0.000000,0.000000
2022-05-24,2161.000000,2178.899902,2142.550049,2160.199951,2155.388428,1008943,0.000000,0.000000
2022-05-25,2168.000000,2181.449951,2066.199951,2074.149902,2069.530029,1382448,0.000000,0.000000
2022-05-26,2077.000000,2088.000000,1906.199951,2046.400024,2041.842041,4967514,0.000000,0.000000
2022-05-27,2080.000000,2094.300049,2047.699951,2080.149902,2075.516602,1354005,0.000000,0.000000
2022-05-30,2120.000000,2175.000000,2102.000000,2165.649902,2160.826416,1384584,0.000000,0.000000
2022-05-31,2160.000000,2225.800049,2150.399902,2167.550049,2162.722168,2861556,0.000000,0.000000
2022-06-01,2169.949951,2189.300049,2126.000000,2150.899902,2146.109131,1448212,0.000000,0.000000
2022-06-02,2155.000000,2218.000000,2142.300049,2209.399902,2204.478760,1855167,0.000000,0.000000
2022-06-03,2235.000000,2242.250000,2176.050049,2190.000000,2185.121826,1651685,0.000000,0.000000
2022-06-06,2188.500000,2230.000000,2168.199951,2225.050049,2220.093994,1664487,0.000000,0.000000
2022-06-07,2210.000000,2254.699951,2207.050049,2227.550049,2222.588623,2046676,0.000000,0.000000
2022-06-08,2244.949951,2244.949951,2158.550049,2177.199951,2172.350830,1530739,0.000000,0.000000
2022-06-09,2160.300049,2224.000000,2155.000000,2219.199951,2214.257324,1440385,0.000000,0.000000
2022-06-10,2190.000000,2215.000000,2171.000000,2203.100098,2198.193115,1305761,0.000000,0.000000
2022-06-13,2172.500000,2172.500000,2066.750000,2079.750000,2075.117920,1764172,0.000000,0.000000
2022-06-14,2274.000000,2274.000000,2053.100098,2196.449951,2191.557617,6515102,0.000000,0.000000
2022-06-15,2218.399902,2219.699951,2174.199951,2184.600098,2179.734131,1313510,0.000000,0.000000
2022-06-16,2205.000000,2217.300049,2076.050049,2083.000000,2078.360107,2131789,0.000000,0.000000
2022-06-17,2062.000000,2137.399902,2060.149902,2095.800049,2091.131836,2280135,0.000000,0.000000
2022-06-20,2107.300049,2123.300049,2025.000000,2079.850098,2075.218018,2603594,0.000000,0.000000
2022-06-21,2100.000000,2177.000000,2091.649902,2161.800049,2156.984619,1331500,0.000000,0.000000
2022-06-22,2149.949951,2149.949951,2077.100098,2089.199951,2084.546875,1774137,0.000000,0.000000
2022-06-23,2105.000000,2128.000000,2080.000000,2110.350098,2105.649658,1026783,0.000000,0.000000
2022-06-24,2121.000000,2168.000000,2108.600098,2161.449951,2156.635498,1156536,0.000000,0.000000
2022-06-27,2189.000000,2211.000000,2169.350098,2181.600098,2176.740967,1202504,0.000000,0.000000
2022-06-28,2170.000000,2210.250000,2160.000000,2204.600098,2199.689941,1282047,0.000000,0.000000
2022-06-29,2185.000000,2247.800049,2177.199951,2220.100098,2215.155029,1692493,0.000000,0.000000
2022-06-30,2220.000000,2248.500000,2180.500000,2190.899902,2186.020020,1568415,0.000000,0.000000
2022-07-01,2189.899902,2242.000000,2138.250000,2232.199951,2227.228271,2141743,0.000000,0.000000
2022-07-04,2232.199951,2277.000000,2228.350098,2261.850098,2256.812012,1581159,0.000000,0.000000
2022-07-05,2264.000000,2290.699951,2238.000000,2246.449951,2241.446533,1356776,0.000000,0.000000
2022-07-06,2245.000000,2277.000000,2236.500000,2272.850098,2267.787598,1045463,0.000000,0.000000
2022-07-07,2280.000000,2294.949951,2256.000000,2274.300049,2269.234619,946131,0.000000,0.000000
2022-07-08,2286.000000,2303.600098,2263.899902,2293.050049,2287.942627,898576,0.000000,0.000000
2022-07-11,2293.050049,2384.600098,2291.050049,2373.250000,2367.963867,1967308,0.000000,0.000000
2022-07-12,2364.399902,2389.800049,2350.149902,2365.649902,2360.380859,1273008,0.000000,0.000000
2022-07-13,2373.500000,2384.649902,2333.699951,2353.500000,2348.257812,982185,0.000000,0.000000
2022-07-14,2365.000000,2404.000000,2336.500000,2383.100098,2378.771729,933554,0.969485,0.000000
2022-07-15,2414.500000,2422.949951,2377.000000,2405.250000,2400.881592,1169788,0.000000,0.000000
2022-07-18,2424.000000,2441.850098,2406.050049,2423.600098,2419.198242,937204,0.000000,0.000000
2022-07-19,2406.949951,2459.300049,2405.000000,2451.300049,2446.848145,843301,0.000000,0.000000
2022-07-20,2462.000000,2472.800049,2444.000000,2451.100098,2446.648438,693601,0.000000,0.000000
2022-07-21,2453.800049,2498.949951,2451.250000,2495.500000,2490.967773,1314165,0.000000,0.000000
2022-07-22,2505.500000,2514.050049,2483.100098,2499.399902,2494.860596,833522,0.000000,0.000000
2022-07-25,2505.000000,2562.149902,2500.000000,2550.600098,2545.967773,1220351,0.000000,0.000000
2022-07-26,2555.000000,2568.600098,2533.000000,2559.699951,2555.050781,865142,0.000000,0.000000
2022-07-27,2560.000000,2572.500000,2528.000000,2548.699951,2544.071045,953588,0.000000,0.000000
2022-07-28,2559.899902,2565.649902,2531.600098,2550.399902,2545.767822,759442,0.000000,0.000000
2022-07-29,2565.000000,2622.000000,2560.000000,2569.199951,2564.533936,1107195,0.000000,0.000000
2022-08-01,2575.850098,2669.399902,2569.199951,2660.149902,2655.318848,1267039,0.000000,0.000000
2022-08-02,2660.000000,2697.000000,2640.000000,2683.649902,2678.775879,1096480,0.000000,0.000000
2022-08-03,2685.000000,2717.000000,2671.199951,2711.399902,2706.475586,815831,0.000000,0.000000
2022-08-04,2725.000000,2743.899902,2684.250000,2723.600098,2718.653564,1223799,0.000000,0.000000
2022-08-05,2760.000000,2767.649902,2685.000000,2698.399902,2693.499023,1639981,0.000000,0.000000
2022-08-08,2700.000000,2807.649902,2695.649902,2791.899902,2786.829590,1581696,0.000000,0.000000
2022-08-10,2801.750000,2834.899902,2781.550049,2827.199951,2822.065186,1304663,0.000000,0.000000
2022-08-11,2841.000000,2848.399902,2815.100098,2834.050049,2828.902832,978616,0.000000,0.000000
2022-08-12,2840.000000,2871.149902,2834.050049,2864.550049,2859.347656,843025,0.000000,0.000000
2022-08-16,2879.000000,2986.000000,2871.000000,2975.850098,2970.445312,1969492,0.000000,0.000000
2022-08-17,2986.000000,3028.550049,2980.000000,3008.649902,3003.185547,1510171,0.000000,0.000000
2022-08-18,3005.000000,3186.000000,3004.000000,3153.649902,3147.922363,3502295,0.000000,0.000000
2022-08-19,3178.000000,3258.899902,3075.250000,3130.199951,3124.515137,6109949,0.000000,0.000000
2022-08-22,3134.000000,3191.800049,3029.199951,3051.600098,3046.057861,3473580,0.000000,0.000000
2022-08-23,3032.649902,3074.000000,2927.399902,3030.649902,3025.145752,4169136,0.000000,0.000000
2022-08-24,3038.000000,3153.000000,2986.000000,3134.649902,3128.956787,3475387,0.000000,0.000000
2022-08-25,3167.000000,3177.800049,3055.699951,3066.350098,3060.781250,3119494,0.000000,0.000000
2022-08-26,3080.000000,3172.949951,3078.000000,3139.550049,3133.848145,2897602,0.000000,0.000000
2022-08-29,3055.000000,3166.449951,3037.850098,3142.600098,3136.892578,1924984,0.000000,0.000000
2022-08-30,3165.000000,3263.100098,3161.000000,3194.350098,3188.548828,4392183,0.000000,0.000000
2022-09-01,3200.000000,3245.000000,3184.399902,3233.250000,3227.378174,1880363,0.000000,0.000000
2022-09-02,3261.000000,3369.399902,3225.000000,3355.800049,3349.705322,4835905,0.000000,0.000000
2022-09-05,3374.100098,3431.800049,3313.000000,3346.550049,3340.471924,3686950,0.000000,0.000000
2022-09-06,3370.000000,3447.600098,3355.000000,3435.800049,3429.560059,2580772,0.000000,0.000000
2022-09-07,3435.800049,3487.949951,3406.100098,3473.750000,3467.441162,2188110,0.000000,0.000000
2022-09-08,3499.000000,3501.500000,3450.000000,3462.800049,3456.510986,1560414,0.000000,0.000000
2022-09-09,3479.000000,3507.949951,3415.149902,3451.199951,3444.932129,1614634,0.000000,0.000000
2022-09-12,3465.000000,3495.500000,3457.899902,3463.800049,3457.509277,1647756,0.000000,0.000000
2022-09-13,3478.000000,3568.899902,3421.300049,3555.800049,3549.342285,3479669,0.000000,0.000000
2022-09-14,3518.000000,3608.000000,3511.000000,3572.100098,3565.612549,2740337,0.000000,0.000000
2022-09-15,3590.000000,3767.949951,3575.000000,3748.699951,3741.891846,4716688,0.000000,0.000000
2022-09-16,3755.000000,3866.949951,3614.600098,3702.199951,3695.476074,5687429,0.000000,0.000000
2022-09-19,3718.949951,3801.949951,3680.750000,3778.649902,3771.787109,3092486,0.000000,0.000000
2022-09-20,3819.000000,3885.000000,3812.000000,3834.550049,3827.586182,3338704,0.000000,0.000000
2022-09-21,3837.649902,3862.800049,3571.250000,3640.100098,3633.489014,6089846,0.000000,0.000000
2022-09-22,3639.000000,3735.949951,3608.050049,3716.300049,3709.550781,3490772,0.000000,0.000000
2022-09-23,3732.000000,3737.899902,3655.000000,3674.300049,3667.626953,3001474,0.000000,0.000000
2022-09-26,3646.300049,3658.000000,3532.000000,3586.199951,3579.686768,3123908,0.000000,0.000000
2022-09-27,3596.000000,3629.550049,3485.850098,3559.100098,3552.636230,3546332,0.000000,0.000000
2022-09-28,3528.000000,3596.949951,3503.000000,3548.750000,3542.305176,2259832,0.000000,0.000000
2022-09-29,3583.500000,3664.750000,3443.600098,3470.699951,3464.396484,15060223,0.000000,0.000000
2022-09-30,3447.949951,3523.800049,3371.100098,3455.750000,3449.473877,4307707,0.000000,0.000000
2022-10-03,3440.000000,3460.050049,3110.199951,3157.300049,3151.565674,7578847,0.000000,0.000000
2022-10-04,3230.000000,3291.199951,3125.000000,3237.699951,3231.819824,5642467,0.000000,0.000000
2022-10-06,3270.000000,3318.800049,3208.050049,3285.000000,3279.033936,2845165,0.000000,0.000000
2022-10-07,3280.000000,3310.949951,3228.149902,3277.600098,3271.647461,1930275,0.000000,0.000000
2022-10-10,3234.000000,3278.750000,3214.350098,3246.250000,3240.354492,1590792,0.000000,0.000000
2022-10-11,3257.550049,3338.000000,3249.000000,3273.949951,3268.003906,2544394,0.000000,0.000000
2022-10-12,3297.000000,3297.000000,3145.000000,3223.649902,3217.795166,2972601,0.000000,0.000000
2022-10-13,3218.000000,3262.800049,3189.000000,3233.649902,3227.777100,1840193,0.000000,0.000000
2022-10-14,3272.000000,3305.000000,3194.850098,3209.500000,3203.671143,1344415,0.000000,0.000000
2022-10-17,3211.000000,3235.000000,3136.100098,3212.600098,3206.765381,1985298,0.000000,0.000000
2022-10-18,3249.000000,3298.000000,3226.100098,3284.300049,3278.334961,1635079,0.000000,0.000000
2022-10-19,3300.000000,3310.000000,3259.649902,3277.250000,3271.297852,1396513,0.000000,0.000000
2022-10-20,3260.000000,3365.000000,3245.000000,3357.100098,3351.003174,2211287,0.000000,0.000000
2022-10-21,3374.899902,3382.000000,3287.000000,3311.899902,3305.885010,1120790,0.000000,0.000000
2022-10-24,3325.000000,3340.100098,3287.399902,3309.800049,3303.789062,248249,0.000000,0.000000
2022-10-25,3321.949951,3345.000000,3294.000000,3300.500000,3294.505615,879424,0.000000,0.000000
2022-10-27,3319.850098,3355.000000,3297.000000,3325.000000,3318.961426,1106870,0.000000,0.000000
2022-10-28,3322.000000,3387.949951,3297.649902,3323.300049,3317.264404,1323334,0.000000,0.000000
2022-10-31,3339.949951,3360.000000,3326.100098,3347.449951,3341.370361,575722,0.000000,0.000000
2022-11-01,3361.899902,3607.449951,3352.000000,3575.699951,3569.205811,4393335,0.000000,0.000000
2022-11-02,3580.000000,3625.149902,3526.000000,3580.699951,3574.196777,2534755,0.000000,0.000000
2022-11-03,3550.000000,3614.699951,3542.449951,3590.399902,3583.878906,1275216,0.000000,0.000000
2022-11-04,3642.000000,3849.800049,3566.750000,3833.250000,3826.288086,6112097,0.000000,0.000000
2022-11-07,3852.449951,4013.699951,3820.000000,3960.600098,3953.406982,5985652,0.000000,0.000000
2022-11-09,3977.000000,4048.000000,3943.050049,3997.199951,3989.940186,3732472,0.000000,0.000000
2022-11-10,3995.000000,4030.000000,3962.149902,3992.250000,3984.999268,2313795,0.000000,0.000000
2022-11-11,4040.000000,4048.949951,3975.149902,4008.850098,4001.569336,1476875,0.000000,0.000000
2022-11-14,3999.000000,4078.000000,3990.000000,4022.550049,4015.244385,1803092,0.000000,0.000000
2022-11-15,4025.050049,4065.000000,4022.000000,4057.800049,4050.430420,1065546,0.000000,0.000000
2022-11-16,4057.300049,4096.000000,3863.550049,3956.600098,3949.414307,3059841,0.000000,0.000000
2022-11-17,3970.000000,4033.000000,3900.000000,4018.149902,4010.852295,2266112,0.000000,0.000000
2022-11-18,4028.350098,4043.000000,3984.000000,4019.800049,4012.499512,1440776,0.000000,0.000000
2022-11-21,4019.949951,4019.949951,3921.949951,4001.850098,3994.582031,1492003,0.000000,0.000000
2022-11-22,4001.850098,4056.000000,3988.000000,4034.000000,4026.673584,1705043,0.000000,0.000000
2022-11-23,4050.000000,4061.850098,3873.000000,3903.300049,3896.210938,2861156,0.000000,0.000000
2022-11-24,3910.000000,3935.000000,3821.000000,3921.100098,3913.978760,2797181,0.000000,0.000000
2022-11-25,3929.000000,3949.899902,3845.300049,3901.100098,3894.015137,2506346,0.000000,0.000000
2022-11-28,3899.399902,3925.000000,3871.399902,3886.149902,3879.091797,1119166,0.000000,0.000000
2022-11-29,3885.000000,3915.000000,3864.050049,3878.399902,3871.356201,1513444,0.000000,0.000000
2022-11-30,3897.800049,3939.899902,3867.000000,3917.899902,3910.784180,1968428,0.000000,0.000000
2022-12-01,3937.500000,3944.949951,3902.449951,3915.100098,3907.989502,945838,0.000000,0.000000
2022-12-02,3905.000000,3963.800049,3885.000000,3922.500000,3915.375977,1297832,0.000000,0.000000
2022-12-05,3928.899902,3939.000000,3810.050049,3930.399902,3923.261719,2392866,0.000000,0.000000
2022-12-06,3920.000000,4057.000000,3909.000000,4031.800049,4024.477539,2962621,0.000000,0.000000
2022-12-07,4031.000000,4057.899902,3984.550049,3999.300049,3992.036621,1257261,0.000000,0.000000
2022-12-08,4010.000000,4045.000000,4003.350098,4025.000000,4017.689697,895075,0.000000,0.000000
2022-12-09,4044.000000,4094.000000,3941.500000,3996.800049,3989.541016,2129800,0.000000,0.000000
2022-12-12,3997.000000,4031.899902,3968.750000,4016.699951,4009.405029,802499,0.000000,0.000000
2022-12-13,4027.800049,4072.000000,4011.600098,4060.199951,4052.826172,1215308,0.000000,0.000000
2022-12-14,4076.000000,4092.050049,4040.000000,4055.800049,4048.434082,1114492,0.000000,0.000000
2022-12-15,4055.800049,4073.050049,4025.000000,4043.750000,4036.405762,866138,0.000000,0.000000
2022-12-16,4018.899902,4047.899902,3944.050049,3980.800049,3973.570312,1598960,0.000000,0.000000
2022-12-19,3988.000000,4104.000000,3971.449951,4075.300049,4067.898682,1643404,0.000000,0.000000
2022-12-20,4095.000000,4172.000000,4066.399902,4165.299805,4157.734863,3778426,0.000000,0.000000
2022-12-21,4175.000000,4190.000000,3883.250000,3901.949951,3894.863525,3585883,0.000000,0.000000
2022-12-22,3948.000000,3948.000000,3817.050049,3868.550049,3861.524170,2879658,0.000000,0.000000
2022-12-23,3822.000000,3848.000000,3616.800049,3642.199951,3635.585205,3036157,0.000000,0.000000
2022-12-26,3653.000000,3744.899902,3620.000000,3716.750000,3709.999756,2162662,0.000000,0.000000
2022-12-27,3732.449951,3797.899902,3695.050049,3769.649902,3762.803467,1804911,0.000000,0.000000
2022-12-28,3756.050049,3825.000000,3745.000000,3797.699951,3790.802734,1377950,0.000000,0.000000
2022-12-29,3790.000000,3825.000000,3748.100098,3810.600098,3803.679443,1531692,0.000000,0.000000
2022-12-30,3829.699951,3898.000000,3822.050049,3858.350098,3851.342285,1528747,0.000000,0.000000
2023-01-02,3870.000000,3874.000000,3822.550049,3841.199951,3834.223633,923051,0.000000,0.000000
2023-01-03,3841.899902,3852.850098,3791.000000,3830.949951,3823.992188,799905,0.000000,0.000000
2023-01-04,3839.000000,3874.949951,3803.600098,3827.050049,3820.099609,1028377,0.000000,0.000000
2023-01-05,3827.050049,3842.399902,3756.899902,3829.800049,3822.844482,997006,0.000000,0.000000
2023-01-06,3829.000000,3868.250000,3797.050049,3824.250000,3817.304688,912159,0.000000,0.000000
2023-01-09,3843.000000,3880.000000,3811.250000,3855.300049,3848.298340,753981,0.000000,0.000000
2023-01-10,3859.000000,3862.050049,3555.000000,3646.899902,3640.276367,3595798,0.000000,0.000000
2023-01-11,3660.000000,3664.500000,3560.100098,3635.800049,3629.196777,2226506,0.000000,0.000000
2023-01-12,3642.500000,3679.000000,3612.000000,3647.199951,3640.575928,1199785,0.000000,0.000000
2023-01-13,3651.199951,3736.050049,3642.199951,3721.149902,3714.391602,1364712,0.000000,0.000000
2023-01-16,3720.000000,3739.949951,3600.000000,3619.800049,3613.225830,1863848,0.000000,0.000000
2023-01-17,3620.000000,3649.600098,3560.199951,3639.350098,3632.740479,1668381,0.000000,0.000000
2023-01-18,3648.000000,3648.000000,3527.100098,3596.699951,3590.167725,3652240,0.000000,0.000000
2023-01-19,3470.000000,3537.699951,3426.699951,3463.550049,3457.259521,3696319,0.000000,0.000000
2023-01-20,3450.000000,3477.350098,3440.949951,3456.149902,3449.873047,1510258,0.000000,0.000000
2023-01-23,3443.050049,3460.000000,3412.550049,3436.350098,3430.109131,974857,0.000000,0.000000
2023-01-24,3447.449951,3508.000000,3430.000000,3442.000000,3435.748779,1518123,0.000000,0.000000
2023-01-25,3422.000000,3428.000000,3315.000000,3388.949951,3382.795166,3686439,0.000000,0.000000
2023-01-27,3335.000000,3346.500000,2712.000000,2761.449951,2756.434814,14764368,0.000000,0.000000
2023-01-30,2850.000000,3037.550049,2665.000000,2892.850098,2887.596191,20947906,0.000000,0.000000
2023-01-31,2980.000000,3073.600098,2906.000000,2973.899902,2968.498779,11568020,0.000000,0.000000
2023-02-01,2995.000000,3010.750000,1941.199951,2135.350098,2131.471924,13525314,0.000000,0.000000
2023-02-02,2348.850098,2348.850098,1494.750000,1565.250000,1562.407227,34474080,0.000000,0.000000
2023-02-03,1490.000000,1679.900024,1017.450012,1586.800049,1583.918213,43885579,0.000000,0.000000
2023-02-06,1575.000000,1615.000000,1435.199951,1572.699951,1569.843506,19308603,0.000000,0.000000
2023-02-07,1571.000000,1962.699951,1525.599976,1802.949951,1799.675415,19188072,0.000000,0.000000
2023-02-08,1869.849976,2222.149902,1840.849976,2164.250000,2160.319580,19173006,0.000000,0.000000
2023-02-09,2168.000000,2168.000000,1731.400024,1925.699951,1922.202515,18279862,0.000000,0.000000
2023-02-10,1769.000000,1990.000000,1733.150024,1846.949951,1843.595581,11334878,0.000000,0.000000
2023-02-13,1850.000000,1921.699951,1662.250000,1717.650024,1714.530396,12210940,0.000000,0.000000
2023-02-14,1735.000000,1889.000000,1611.349976,1749.699951,1746.522217,14579030,0.000000,0.000000
2023-02-15,1780.000000,1824.400024,1750.000000,1779.099976,1775.868774,7636578,0.000000,0.000000
2023-02-16,1820.000000,1874.949951,1790.000000,1796.599976,1793.337036,5578515,0.000000,0.000000
2023-02-17,1800.000000,1815.849976,1703.199951,1722.699951,1719.571167,5392513,0.000000,0.000000
2023-02-20,1650.000000,1685.000000,1560.500000,1621.449951,1618.505005,6762330,0.000000,0.000000
2023-02-21,1626.000000,1644.449951,1561.300049,1571.099976,1568.246582,5571915,0.000000,0.000000
2023-02-22,1535.000000,1560.000000,1381.199951,1404.849976,1402.298462,10606476,0.000000,0.000000
2023-02-23,1380.000000,1438.000000,1350.000000,1382.650024,1380.138794,8907540,0.000000,0.000000
2023-02-24,1410.000000,1427.000000,1261.599976,1315.650024,1313.260620,8736727,0.000000,0.000000
2023-02-27,1300.000000,1313.800049,1131.050049,1193.500000,1191.332397,10271008,0.000000,0.000000
2023-02-28,1145.000000,1398.000000,1103.750000,1363.849976,1361.373047,33948366,0.000000,0.000000
2023-03-01,1424.000000,1580.000000,1411.000000,1564.300049,1561.458984,20114340,0.000000,0.000000
2023-03-02,1499.900024,1646.000000,1407.900024,1607.250000,1604.331055,26970925,0.000000,0.000000
2023-03-03,1688.849976,1905.949951,1685.500000,1879.500000,1876.086426,22888891,0.000000,0.000000
2023-03-06,1966.699951,2135.000000,1855.000000,1982.900024,1979.298828,27180456,0.000000,0.000000
2023-03-08,2040.000000,2088.000000,1941.000000,2039.650024,2035.945679,13568243,0.000000,0.000000
2023-03-09,2049.800049,2068.850098,1905.349976,1953.150024,1949.602905,12627794,0.000000,0.000000
2023-03-10,1870.000000,1940.000000,1820.599976,1896.199951,1892.756104,9419942,0.000000,0.000000
2023-03-13,1917.000000,1985.000000,1857.400024,1874.400024,1870.995850,7572604,0.000000,0.000000
2023-03-14,1874.000000,1874.849976,1651.349976,1738.199951,1735.043213,12679663,0.000000,0.000000
2023-03-15,1760.900024,1891.449951,1728.099976,1839.000000,1835.660034,12296703,0.000000,0.000000
2023-03-16,1861.000000,1875.000000,1795.000000,1843.800049,1840.451538,6509495,0.000000,0.000000
2023-03-17,1901.000000,1918.849976,1845.000000,1876.550049,1873.141968,5969594,0.000000,0.000000
2023-03-20,1837.000000,1849.949951,1777.400024,1804.949951,1801.671997,5168139,0.000000,0.000000
2023-03-21,1836.949951,1861.000000,1804.949951,1824.250000,1820.936768,4094018,0.000000,0.000000
2023-03-22,1834.000000,1850.000000,1806.150024,1815.400024,1812.102905,3248124,0.000000,0.000000
2023-03-23,1794.000000,1834.000000,1780.000000,1794.000000,1790.741821,4108804,0.000000,0.000000
2023-03-24,1796.000000,1823.000000,1695.250000,1740.650024,1737.488770,6187968,0.000000,0.000000
2023-03-27,1740.650024,1757.400024,1682.000000,1723.050049,1719.920654,5053055,0.000000,0.000000
2023-03-28,1727.949951,1733.000000,1573.000000,1600.849976,1597.942505,8144878,0.000000,0.000000
2023-03-29,1602.949951,1756.000000,1591.099976,1740.400024,1737.239258,9332702,0.000000,0.000000
2023-03-31,1788.000000,1825.000000,1740.000000,1750.449951,1747.270752,4893249,0.000000,0.000000
2023-04-03,1750.449951,1754.949951,1695.500000,1717.449951,1714.330811,3445796,0.000000,0.000000
2023-04-05,1717.449951,1737.949951,1671.550049,1698.000000,1694.916138,3690559,0.000000,0.000000
2023-04-06,1705.000000,1793.650024,1688.150024,1754.050049,1750.864380,6012473,0.000000,0.000000
2023-04-10,1774.000000,1812.699951,1760.599976,1797.250000,1793.985962,4197975,0.000000,0.000000
2023-04-11,1810.000000,1829.000000,1792.849976,1803.150024,1799.875244,2883672,0.000000,0.000000
2023-04-12,1814.000000,1858.750000,1797.050049,1847.250000,1843.895142,4809035,0.000000,0.000000
2023-04-13,1855.000000,1885.000000,1826.050049,1870.750000,1867.352295,3402280,0.000000,0.000000
2023-04-17,1870.750000,1904.900024,1847.000000,1878.750000,1875.337891,2983032,0.000000,0.000000
2023-04-18,1892.000000,1902.750000,1830.000000,1850.949951,1847.588257,2542401,0.000000,0.000000
2023-04-19,1847.000000,1877.699951,1835.000000,1853.849976,1850.483154,2455884,0.000000,0.000000
2023-04-20,1855.000000,1878.900024,1836.849976,1842.900024,1839.553101,2016823,0.000000,0.000000
2023-04-21,1846.000000,1853.250000,1796.050049,1803.000000,1799.725342,2090833,0.000000,0.000000
2023-04-24,1804.000000,1817.400024,1775.800049,1801.949951,1798.677368,1963582,0.000000,0.000000
2023-04-25,1806.000000,1913.750000,1801.800049,1844.599976,1841.249878,5364841,0.000000,0.000000
2023-04-26,1854.000000,1874.000000,1826.400024,1847.900024,1844.543945,2422711,0.000000,0.000000
2023-04-27,1848.000000,1864.949951,1832.550049,1853.050049,1849.684570,1782360,0.000000,0.000000
2023-04-28,1868.050049,1944.000000,1857.150024,1924.949951,1921.453857,6159130,0.000000,0.000000
2023-05-02,1935.000000,1966.000000,1908.000000,1919.849976,1916.363037,3813963,0.000000,0.000000
2023-05-03,1919.000000,1940.000000,1785.349976,1839.000000,1835.660034,5849432,0.000000,0.000000
2023-05-04,1839.050049,1935.000000,1839.050049,1911.250000,1907.778809,4842127,0.000000,0.000000
2023-05-05,1954.800049,1955.000000,1903.150024,1920.300049,1916.812500,6137744,0.000000,0.000000
2023-05-08,1920.300049,1926.900024,1876.000000,1887.500000,1884.072021,2835197,0.000000,0.000000
2023-05-09,1900.000000,1930.000000,1889.099976,1896.099976,1892.656372,2700563,0.000000,0.000000
2023-05-10,1899.000000,1914.900024,1883.949951,1892.150024,1888.713623,1970906,0.000000,0.000000
2023-05-11,1925.000000,2013.750000,1910.000000,1984.650024,1981.045532,8835941,0.000000,0.000000
2023-05-12,2009.000000,2010.000000,1946.550049,1964.699951,1961.131714,3816201,0.000000,0.000000
2023-05-15,1959.900024,1964.699951,1880.000000,1916.050049,1912.570068,4836782,0.000000,0.000000
2023-05-16,1927.000000,1935.000000,1881.000000,1889.150024,1885.719116,3058799,0.000000,0.000000
2023-05-17,1900.000000,1919.949951,1857.750000,1899.500000,1896.050171,3632797,0.000000,0.000000
2023-05-18,1910.050049,1924.000000,1877.199951,1890.000000,1886.567505,2437396,0.000000,0.000000
2023-05-19,1888.000000,1983.000000,1872.099976,1956.050049,1952.497437,7541150,0.000000,0.000000
2023-05-22,2010.000000,2347.000000,1983.400024,2326.100098,2321.875488,26311368,0.000000,0.000000
2023-05-23,2410.899902,2759.449951,2400.000000,2633.699951,2628.916748,28432888,0.000000,0.000000
2023-05-24,2709.000000,2750.000000,2425.350098,2475.600098,2471.104004,23465761,0.000000,0.000000
2023-05-25,2440.000000,2558.800049,2386.649902,2537.449951,2532.841553,8434009,0.000000,0.000000
2023-05-26,2565.000000,2599.949951,2535.149902,2544.350098,2539.729248,3963515,0.000000,0.000000
2023-05-29,2570.000000,2583.500000,2523.000000,2534.050049,2529.447510,2779432,0.000000,0.000000
2023-05-30,2529.300049,2554.149902,2475.149902,2496.449951,2491.916016,1736953,0.000000,0.000000
2023-05-31,2482.000000,2573.000000,2428.000000,2493.350098,2488.822021,4268439,0.000000,0.000000
2023-06-01,2499.899902,2560.000000,2485.300049,2492.149902,2487.623535,1704946,0.000000,0.000000
2023-06-02,2535.000000,2538.899902,2425.000000,2445.050049,2440.609619,5543791,0.000000,0.000000
2023-06-05,2463.199951,2514.000000,2428.000000,2433.949951,2429.529541,2956768,0.000000,0.000000
2023-06-06,2475.000000,2506.949951,2425.899902,2433.649902,2429.229980,6473608,0.000000,0.000000
2023-06-07,2453.000000,2466.949951,2435.000000,2439.550049,2435.119385,2522516,0.000000,0.000000
2023-06-08,2450.000000,2475.899902,2369.050049,2429.149902,2424.738037,3781621,0.000000,0.000000
2023-06-09,2447.949951,2458.899902,2428.000000,2451.149902,2446.697998,1948506,0.000000,0.000000
2023-06-12,2460.000000,2505.000000,2432.600098,2484.800049,2480.287109,2804898,0.000000,0.000000
2023-06-13,2499.000000,2505.000000,2442.199951,2462.550049,2458.077637,2210990,0.000000,0.000000
2023-06-14,2469.899902,2484.800049,2452.350098,2457.149902,2452.687256,1364403,0.000000,0.000000
2023-06-15,2469.000000,2527.000000,2462.899902,2485.649902,2481.135498,3744029,0.000000,0.000000
2023-06-16,2499.199951,2526.899902,2487.399902,2509.600098,2505.042480,7999982,0.000000,0.000000
2023-06-19,2504.000000,2521.600098,2350.000000,2401.399902,2397.038574,11475674,0.000000,0.000000
2023-06-20,2435.000000,2435.000000,2390.000000,2414.800049,2410.414062,2479711,0.000000,0.000000
2023-06-21,2426.699951,2440.000000,2393.100098,2405.949951,2401.580322,7418013,0.000000,0.000000
2023-06-22,2425.100098,2449.949951,2360.000000,2397.250000,2392.896240,8459191,0.000000,0.000000
2023-06-23,2392.300049,2392.300049,2163.300049,2233.550049,2229.493408,15213238,0.000000,0.000000
2023-06-26,2210.050049,2336.449951,2173.050049,2295.600098,2291.430908,7847341,0.000000,0.000000
2023-06-27,2328.949951,2343.850098,2271.000000,2284.449951,2280.301270,3361053,0.000000,0.000000
2023-06-28,2300.000000,2418.600098,2293.850098,2402.000000,2397.637695,28353193,0.000000,0.000000
2023-06-30,2437.949951,2437.949951,2350.000000,2388.050049,2383.712646,5125497,0.000000,0.000000
2023-07-03,2405.000000,2417.850098,2373.199951,2385.500000,2381.167480,2662358,0.000000,0.000000
2023-07-04,2397.000000,2414.000000,2373.050049,2387.699951,2383.363525,2308684,0.000000,0.000000
2023-07-05,2391.000000,2412.050049,2374.000000,2399.149902,2394.792480,2198481,0.000000,0.000000
2023-07-06,2399.149902,2427.600098,2390.000000,2402.899902,2398.535645,2476366,0.000000,0.000000
2023-07-07,2395.000000,2409.949951,2368.100098,2379.600098,2376.429199,1823645,1.163382,0.000000
2023-07-10,2392.800049,2462.699951,2355.000000,2410.250000,2407.038086,3771285,0.000000,0.000000
2023-07-11,2423.750000,2444.949951,2388.000000,2422.899902,2419.671143,2247776,0.000000,0.000000
2023-07-12,2429.899902,2432.000000,2380.449951,2387.899902,2384.717773,1445282,0.000000,0.000000
2023-07-13,2397.000000,2405.699951,2355.550049,2362.050049,2358.902344,1247741,0.000000,0.000000
2023-07-14,2375.000000,2385.000000,2340.000000,2376.100098,2372.933594,1353535,0.000000,0.000000
2023-07-17,2399.899902,2459.500000,2391.300049,2408.550049,2405.340332,3090373,0.000000,0.000000
2023-07-18,2415.000000,2510.000000,2405.199951,2416.899902,2413.679199,5978272,0.000000,0.000000
2023-07-19,2428.649902,2443.000000,2416.899902,2423.750000,2420.520020,1637260,0.000000,0.000000
2023-07-20,2428.949951,2433.899902,2400.000000,2419.750000,2416.525146,1564275,0.000000,0.000000
2023-07-21,2410.000000,2457.850098,2395.300049,2416.300049,2413.080078,2280563,0.000000,0.000000
2023-07-24,2430.000000,2439.399902,2412.050049,2418.199951,2414.977295,1113193,0.000000,0.000000
2023-07-25,2428.000000,2479.000000,2416.000000,2466.649902,2463.362793,3017555,0.000000,0.000000
2023-07-26,2472.449951,2506.000000,2446.000000,2470.750000,2467.457520,4021773,0.000000,0.000000
2023-07-27,2470.750000,2485.000000,2415.000000,2428.399902,2425.163574,2243944,0.000000,0.000000
2023-07-28,2437.000000,2481.649902,2431.100098,2463.199951,2459.917480,2339800,0.000000,0.000000
2023-07-31,2477.000000,2518.000000,2467.000000,2492.199951,2488.878662,3359974,0.000000,0.000000
2023-08-01,2504.850098,2514.000000,2455.250000,2481.100098,2477.793701,1575727,0.000000,0.000000
2023-08-02,2493.000000,2514.000000,2451.000000,2473.550049,2470.253662,2506971,0.000000,0.000000
2023-08-03,2469.899902,2550.000000,2462.000000,2532.600098,2529.225098,4720470,0.000000,0.000000
2023-08-04,2545.300049,2557.899902,2502.000000,2541.800049,2538.412598,3294056,0.000000,0.000000
2023-08-07,2550.949951,2569.000000,2516.399902,2550.500000,2547.101074,4684333,0.000000,0.000000
2023-08-08,2563.250000,2563.250000,2461.300049,2474.550049,2471.252441,6127920,0.000000,0.000000
2023-08-09,2488.350098,2516.899902,2472.000000,2507.100098,2503.759277,5781400,0.000000,0.000000
2023-08-10,2510.000000,2577.500000,2510.000000,2552.399902,2548.998535,8140756,0.000000,0.000000
2023-08-11,2550.050049,2568.149902,2518.199951,2539.500000,2536.115723,7157372,0.000000,0.000000
2023-08-14,2480.000000,2484.949951,2400.050049,2456.000000,2452.726807,9786919,0.000000,0.000000
2023-08-16,2450.000000,2465.000000,2420.000000,2445.100098,2441.841797,7084828,0.000000,0.000000
2023-08-17,2454.949951,2487.199951,2442.050049,2479.699951,2476.395264,7769452,0.000000,0.000000
2023-08-18,2477.500000,2665.949951,2461.300049,2577.399902,2573.965088,14679923,0.000000,0.000000
2023-08-21,2588.000000,2655.000000,2580.500000,2639.750000,2636.232178,10479200,0.000000,0.000000
2023-08-22,2668.850098,2721.000000,2654.100098,2698.050049,2694.454346,10291468,0.000000,0.000000
2023-08-23,2720.000000,2722.399902,2488.850098,2530.300049,2526.927979,5251316,0.000000,0.000000
2023-08-24,2580.000000,2613.000000,2531.100098,2539.550049,2536.165771,4558367,0.000000,0.000000
2023-08-25,2549.000000,2549.000000,2486.000000,2495.750000,2492.424072,2808721,0.000000,0.000000
2023-08-28,2550.000000,2582.000000,2455.649902,2472.449951,2469.155029,4457038,0.000000,0.000000
2023-08-29,2472.100098,2536.649902,2445.000000,2506.449951,2503.109863,4802150,0.000000,0.000000
2023-08-30,2517.000000,2543.000000,2492.399902,2513.100098,2509.751221,6484593,0.000000,0.000000
2023-08-31,2449.949951,2489.949951,2383.750000,2419.250000,2416.025879,6230369,0.000000,0.000000
2023-09-01,2381.000000,2465.550049,2380.000000,2450.050049,2446.785156,6764397,0.000000,0.000000
2023-09-04,2454.000000,2480.000000,2450.050049,2470.600098,2467.307617,5998454,0.000000,0.000000
2023-09-05,2482.000000,2501.399902,2464.000000,2494.050049,2490.726318,6489319,0.000000,0.000000
2023-09-06,2494.050049,2504.000000,2471.000000,2496.500000,2493.173096,7416248,0.000000,0.000000
2023-09-07,2498.000000,2520.000000,2485.000000,2509.500000,2506.155762,4298988,0.000000,0.000000
2023-09-08,2513.800049,2538.600098,2506.100098,2519.300049,2515.942627,5640973,0.000000,0.000000
2023-09-11,2565.000000,2630.250000,2546.000000,2614.949951,2611.465088,9148241,0.000000,0.000000
2023-09-12,2622.449951,2626.600098,2530.000000,2535.699951,2532.320801,5658774,0.000000,0.000000
2023-09-13,2545.699951,2566.949951,2496.000000,2518.899902,2515.543213,1780068,0.000000,0.000000
2023-09-14,2541.850098,2545.000000,2506.050049,2519.800049,2516.441895,1218481,0.000000,0.000000
2023-09-15,2519.800049,2558.000000,2514.199951,2540.050049,2536.665039,1547001,0.000000,0.000000
2023-09-18,2552.000000,2555.000000,2491.000000,2502.449951,2499.114990,861677,0.000000,0.000000
2023-09-20,2502.399902,2533.649902,2458.899902,2470.300049,2467.007812,1203019,0.000000,0.000000
2023-09-21,2479.800049,2503.800049,2461.000000,2479.250000,2475.946045,1279908,0.000000,0.000000
2023-09-22,2489.949951,2498.000000,2460.000000,2464.899902,2461.614990,865589,0.000000,0.000000
2023-09-25,2479.949951,2489.000000,2424.000000,2482.100098,2478.792236,1216898,0.000000,0.000000
2023-09-26,2491.000000,2499.000000,2452.600098,2457.949951,2454.674316,698863,0.000000,0.000000
2023-09-27,2460.000000,2498.000000,2445.100098,2483.300049,2479.990723,1077373,0.000000,0.000000
2023-09-28,2489.949951,2511.000000,2446.699951,2475.250000,2471.951416,2225560,0.000000,0.000000
2023-09-29,2462.050049,2479.550049,2405.050049,2413.899902,2410.683105,1689201,0.000000,0.000000
2023-10-03,2418.000000,2424.899902,2372.000000,2387.250000,2384.068604,2019899,0.000000,0.000000
2023-10-04,2402.199951,2502.750000,2392.250000,2464.949951,2461.665039,2857377,0.000000,0.000000
2023-10-05,2477.949951,2486.500000,2446.399902,2466.350098,2463.063232,1132455,0.000000,0.000000
2023-10-06,2466.350098,2514.949951,2466.050049,2478.100098,2474.797852,1510035,0.000000,0.000000
2023-10-09,2440.000000,2459.699951,2411.300049,2442.600098,2439.345215,1408224,0.000000,0.000000
2023-10-10,2443.000000,2517.949951,2443.000000,2498.300049,2494.970947,1771910,0.000000,0.000000
2023-10-11,2533.899902,2538.000000,2482.500000,2488.600098,2485.283447,1627836,0.000000,0.000000
2023-10-12,2499.899902,2521.750000,2490.649902,2506.350098,2503.010010,1804818,0.000000,0.000000
2023-10-13,2488.899902,2495.000000,2422.350098,2454.550049,2451.279053,2278682,0.000000,0.000000
2023-10-16,2454.550049,2464.699951,2421.850098,2429.350098,2426.112793,803856,0.000000,0.000000
2023-10-17,2459.949951,2462.000000,2423.500000,2428.399902,2425.163574,707543,0.000000,0.000000
2023-10-18,2440.000000,2441.750000,2401.050049,2406.350098,2403.143311,776977,0.000000,0.000000
2023-10-19,2400.000000,2414.699951,2382.550049,2402.199951,2398.998779,1168822,0.000000,0.000000
2023-10-20,2398.050049,2443.949951,2382.050049,2393.750000,2390.560059,1240350,0.000000,0.000000
2023-10-23,2397.800049,2412.350098,2301.800049,2308.649902,2305.573486,1483549,0.000000,0.000000
2023-10-25,2320.000000,2348.050049,2235.300049,2257.000000,2253.992188,1540819,0.000000,0.000000
2023-10-26,2249.000000,2249.000000,2167.050049,2203.199951,2200.263916,2226073,0.000000,0.000000
2023-10-27,2222.000000,2275.000000,2212.000000,2261.699951,2258.685791,1244293,0.000000,0.000000
2023-10-30,2260.050049,2305.000000,2250.000000,2299.100098,2296.036133,996448,0.000000,0.000000
2023-10-31,2320.000000,2320.000000,2276.000000,2294.649902,2291.591797,1155280,0.000000,0.000000
2023-11-01,2299.000000,2312.250000,2207.000000,2217.300049,2214.345215,1666579,0.000000,0.000000
2023-11-02,2247.000000,2297.949951,2204.199951,2215.300049,2212.347656,2340997,0.000000,0.000000
2023-11-03,2215.300049,2279.000000,2215.000000,2229.850098,2226.878418,1853300,0.000000,0.000000
2023-11-06,2253.949951,2260.000000,2233.000000,2246.000000,2243.006836,770061,0.000000,0.000000
2023-11-07,2257.000000,2260.000000,2226.649902,2233.350098,2230.373779,641554,0.000000,0.000000
2023-11-08,2245.300049,2298.000000,2235.000000,2259.949951,2256.938232,1169180,0.000000,0.000000
2023-11-09,2269.000000,2272.600098,2210.100098,2214.649902,2211.698486,1267890,0.000000,0.000000
2023-11-10,2220.250000,2237.000000,2198.500000,2205.100098,2202.161621,1072597,0.000000,0.000000
2023-11-13,2215.500000,2241.899902,2195.550049,2213.649902,2210.699707,853633,0.000000,0.000000
2023-11-15,2240.000000,2250.000000,2220.500000,2225.399902,2222.434082,696475,0.000000,0.000000
2023-11-16,2226.000000,2232.800049,2196.100098,2205.899902,2202.960205,1307584,0.000000,0.000000
2023-11-17,2205.899902,2237.949951,2201.000000,2208.800049,2205.856445,916518,0.000000,0.000000
2023-11-20,2211.000000,2218.500000,2142.000000,2149.850098,2146.985107,1577213,0.000000,0.000000
2023-11-21,2160.000000,2232.550049,2158.350098,2196.649902,2193.722412,1839502,0.000000,0.000000
2023-11-22,2205.149902,2225.000000,2153.500000,2172.649902,2169.754639,1247205,0.000000,0.000000
2023-11-23,2190.000000,2190.000000,2160.600098,2175.250000,2172.351318,729114,0.000000,0.000000
2023-11-24,2179.000000,2251.949951,2160.899902,2225.449951,2222.484131,1946259,0.000000,0.000000
2023-11-28,2301.000000,2512.399902,2275.000000,2423.500000,2420.270264,11972275,0.000000,0.000000
2023-11-29,2468.699951,2477.649902,2390.000000,2396.600098,2393.406250,4561574,0.000000,0.000000
2023-11-30,2400.050049,2409.000000,2343.050049,2358.550049,2355.406738,2983879,0.000000,0.000000
2023-12-01,2370.000000,2403.350098,2354.100098,2362.699951,2359.551514,1792983,0.000000,0.000000
2023-12-04,2549.949951,2595.000000,2487.449951,2531.199951,2527.826904,5681516,0.000000,0.000000
2023-12-05,2531.199951,2999.899902,2531.199951,2959.350098,2955.406494,22879079,0.000000,0.000000
2023-12-06,3080.000000,3154.550049,2844.850098,2883.949951,2880.106689,19355777,0.000000,0.000000
2023-12-07,2900.000000,2945.899902,2853.050049,2887.149902,2883.302246,6325887,0.000000,0.000000
2023-12-08,2902.699951,2927.000000,2760.000000,2822.149902,2818.388672,6959428,0.000000,0.000000
2023-12-11,2837.050049,2919.899902,2811.050049,2855.800049,2851.994385,5064123,0.000000,0.000000
2023-12-12,2869.100098,2895.949951,2840.550049,2857.649902,2853.841797,2017772,0.000000,0.000000
2023-12-13,2860.000000,2899.100098,2805.000000,2875.050049,2871.218750,2805832,0.000000,0.000000
2023-12-14,2900.949951,2932.949951,2887.000000,2894.050049,2890.193115,3224681,0.000000,0.000000
2023-12-15,2912.050049,3000.000000,2893.899902,2991.800049,2987.812988,4921484,0.000000,0.000000
2023-12-18,2993.949951,3027.750000,2961.100098,2980.600098,2976.628174,2315922,0.000000,0.000000
2023-12-19,2988.800049,2994.350098,2915.000000,2941.250000,2937.330566,1741493,0.000000,0.000000
2023-12-20,2946.000000,2968.000000,2766.199951,2783.850098,2780.140137,3417739,0.000000,0.000000
2023-12-21,2750.000000,2821.949951,2725.000000,2799.750000,2796.018799,2678577,0.000000,0.000000
2023-12-22,2815.949951,2847.600098,2791.399902,2808.350098,2804.607666,1513956,0.000000,0.000000
2023-12-26,2817.000000,2893.750000,2800.100098,2865.449951,2861.631104,2048484,0.000000,0.000000
2023-12-27,2880.699951,2894.800049,2833.600098,2843.350098,2839.561035,1698325,0.000000,0.000000
2023-12-28,2855.000000,2867.350098,2800.100098,2809.899902,2806.155273,4102912,0.000000,0.000000
2023-12-29,2823.899902,2863.300049,2802.850098,2848.949951,2845.153320,1507086,0.000000,0.000000
2024-01-01,2852.300049,2947.000000,2842.050049,2917.199951,2913.312256,2898619,0.000000,0.000000
2024-01-02,2922.000000,2948.199951,2841.000000,2932.399902,2928.492188,2671368,0.000000,0.000000
2024-01-03,3047.000000,3199.000000,2955.600098,3003.000000,2998.998047,19725411,0.000000,0.000000
2024-01-04,3039.399902,3044.449951,2990.000000,2998.300049,2994.304443,2975620,0.000000,0.000000
2024-01-05,3009.949951,3066.899902,2981.100098,3006.600098,3002.593262,3219949,0.000000,0.000000
2024-01-08,3020.000000,3027.000000,2952.949951,2963.500000,2959.550537,1849061,0.000000,0.000000
2024-01-09,2990.699951,3068.800049,2980.000000,3014.600098,3010.582764,2885706,0.000000,0.000000
2024-01-10,3024.000000,3112.000000,3020.050049,3098.199951,3094.071289,3590297,0.000000,0.000000
2024-01-11,3120.000000,3129.000000,3065.000000,3080.899902,3076.793945,2008103,0.000000,0.000000
2024-01-12,3096.350098,3125.000000,3068.199951,3104.100098,3099.963379,1795933,0.000000,0.000000
2024-01-15,3127.000000,3130.000000,3067.449951,3089.500000,3085.382812,1407007,0.000000,0.000000
2024-01-16,3095.000000,3104.500000,3035.000000,3056.500000,3052.426758,2515564,0.000000,0.000000
2024-01-17,3033.000000,3045.000000,2946.300049,2971.050049,2967.090576,2897218,0.000000,0.000000
2024-01-18,2975.550049,2985.000000,2885.100098,2918.899902,2915.010010,2552342,0.000000,0.000000
2024-01-19,2945.350098,2949.449951,2903.050049,2915.649902,2911.764404,2014096,0.000000,0.000000
2024-01-23,3014.949951,3014.949951,2885.500000,2896.550049,2892.689697,1827002,0.000000,0.000000
2024-01-24,2901.000000,2929.100098,2871.250000,2903.449951,2899.580566,5807940,0.000000,0.000000
2024-01-25,2903.449951,2926.350098,2804.399902,2893.600098,2889.743896,2601969,0.000000,0.000000
2024-01-29,2929.000000,3092.699951,2923.050049,3064.649902,3060.565674,4402976,0.000000,0.000000
2024-01-30,3081.000000,3129.899902,3020.899902,3091.100098,3086.980713,3115506,0.000000,0.000000
2024-01-31,3092.750000,3151.699951,3072.399902,3142.000000,3137.812744,2671051,0.000000,0.000000
2024-02-01,3156.899902,3236.949951,3083.050049,3153.500000,3149.297363,4686595,0.000000,0.000000
2024-02-02,3184.949951,3208.500000,3140.000000,3157.449951,3153.242188,2708695,0.000000,0.000000
2024-02-05,3170.000000,3229.399902,3151.449951,3173.449951,3169.220703,2191195,0.000000,0.000000
2024-02-06,3183.899902,3228.199951,3160.000000,3203.750000,3199.480713,2078891,0.000000,0.000000
2024-02-07,3220.050049,3277.949951,3210.000000,3229.850098,3225.545898,2095911,0.000000,0.000000
2024-02-08,3245.600098,3245.600098,3146.100098,3168.600098,3164.377441,1679004,0.000000,0.000000
2024-02-09,3184.449951,3224.949951,3121.199951,3215.199951,3210.915527,1572789,0.000000,0.000000
2024-02-12,3229.000000,3241.949951,3160.000000,3169.750000,3165.525879,1083138,0.000000,0.000000
2024-02-13,3180.000000,3194.000000,3092.050049,3178.449951,3174.214111,1225207,0.000000,0.000000
2024-02-14,3184.000000,3255.250000,3169.850098,3207.199951,3202.925781,1741264,0.000000,0.000000
2024-02-15,3219.850098,3252.750000,3184.050049,3193.800049,3189.543945,2035204,0.000000,0.000000
2024-02-16,3214.000000,3252.300049,3192.649902,3223.600098,3219.304199,2193673,0.000000,0.000000
2024-02-19,3240.000000,3308.600098,3235.800049,3258.800049,3254.457275,1779444,0.000000,0.000000
2024-02-20,3267.000000,3269.800049,3210.149902,3228.600098,3224.297363,1467630,0.000000,0.000000
2024-02-21,3238.000000,3300.000000,3205.000000,3223.199951,3218.904541,1657021,0.000000,0.000000
2024-02-22,3239.000000,3274.000000,3210.500000,3263.050049,3258.701660,1138722,0.000000,0.000000
2024-02-23,3263.050049,3319.949951,3225.100098,3273.300049,3268.937988,1975035,0.000000,0.000000
2024-02-26,3272.000000,3344.000000,3263.000000,3327.750000,3323.315186,1695378,0.000000,0.000000
2024-02-27,3339.000000,3340.000000,3273.000000,3302.300049,3297.899170,1125570,0.000000,0.000000
2024-02-28,3309.199951,3318.800049,3207.500000,3219.000000,3214.710205,1358879,0.000000,0.000000
2024-02-29,3220.050049,3304.750000,3205.350098,3285.399902,3281.021484,1352988,0.000000,0.000000
2024-03-01,3309.850098,3346.000000,3281.800049,3318.750000,3314.327148,1161067,0.000000,0.000000
2024-03-04,3335.000000,3350.000000,3310.050049,3317.149902,3312.729248,1061244,0.000000,0.000000
2024-03-05,3325.300049,3334.000000,3295.050049,3310.199951,3305.788818,1190416,0.000000,0.000000
2024-03-06,3323.000000,3323.000000,3183.149902,3233.949951,3229.640381,1935203,0.000000,0.000000
2024-03-07,3240.000000,3262.000000,3220.000000,3226.550049,3222.250244,856328,0.000000,0.000000
2024-03-11,3241.199951,3259.000000,3200.000000,3207.350098,3203.075928,738851,0.000000,0.000000
2024-03-12,3207.350098,3222.699951,3111.000000,3122.500000,3118.338867,1199487,0.000000,0.000000
2024-03-13,3125.000000,3138.050049,2850.149902,2906.199951,2902.327148,3407040,0.000000,0.000000
2024-03-14,2927.449951,3101.199951,2880.000000,3087.449951,3083.335449,3759100,0.000000,0.000000
2024-03-15,3111.000000,3143.399902,3061.250000,3132.199951,3128.025635,2199094,0.000000,0.000000
2024-03-18,3050.100098,3124.000000,2976.050049,3111.750000,3107.603271,3042515,0.000000,0.000000
2024-03-19,3126.000000,3164.800049,3041.850098,3052.699951,3048.631836,1460452,0.000000,0.000000
2024-03-20,3075.000000,3083.199951,3021.100098,3051.449951,3047.383545,966481,0.000000,0.000000
2024-03-21,3089.550049,3107.100098,3059.600098,3066.500000,3062.413330,1175751,0.000000,0.000000
2024-03-22,3066.550049,3128.949951,3048.050049,3107.699951,3103.558594,951557,0.000000,0.000000
2024-03-26,3100.500000,3171.949951,3089.100098,3109.949951,3105.805420,937103,0.000000,0.000000
2024-03-27,3115.000000,3138.449951,3106.250000,3122.100098,3117.939697,900231,0.000000,0.000000
2024-03-28,3134.000000,3237.000000,3096.750000,3197.100098,3192.839600,2327053,0.000000,0.000000
2024-04-01,3230.199951,3291.800049,3207.850098,3252.100098,3247.766357,1292646,0.000000,0.000000
2024-04-02,3258.949951,3285.000000,3240.000000,3268.750000,3264.394043,868829,0.000000,0.000000
2024-04-03,3250.000000,3260.149902,3222.000000,3233.449951,3229.140869,1153109,0.000000,0.000000
2024-04-04,3250.000000,3273.000000,3201.699951,3210.800049,3206.521484,1403826,0.000000,0.000000
2024-04-05,3211.100098,3234.000000,3178.949951,3224.800049,3220.502441,755607,0.000000,0.000000
2024-04-08,3240.949951,3243.500000,3197.199951,3224.550049,3220.252930,577440,0.000000,0.000000
2024-04-09,3240.699951,3251.000000,3185.000000,3198.449951,3194.187500,833679,0.000000,0.000000
2024-04-10,3200.000000,3254.600098,3192.500000,3242.000000,3237.679688,1441138,0.000000,0.000000
2024-04-12,3210.000000,3247.500000,3205.300049,3209.899902,3205.622070,705173,0.000000,0.000000
2024-04-15,3150.000000,3180.300049,3103.199951,3147.449951,3143.255371,1035378,0.000000,0.000000
2024-04-16,3101.000000,3149.199951,3100.000000,3106.399902,3102.260254,1134184,0.000000,0.000000
2024-04-18,3125.149902,3145.000000,3008.300049,3019.300049,3015.276367,1703646,0.000000,0.000000
2024-04-19,3000.000000,3057.050049,2962.500000,3026.949951,3022.916260,1727317,0.000000,0.000000
2024-04-22,3053.000000,3077.500000,3025.000000,3063.350098,3059.267822,993929,0.000000,0.000000
2024-04-23,3059.000000,3091.000000,3043.100098,3065.100098,3061.015381,1654272,0.000000,0.000000
2024-04-24,3071.949951,3087.850098,3040.000000,3043.550049,3039.494141,605917,0.000000,0.000000
2024-04-25,3050.000000,3120.899902,3025.649902,3115.250000,3111.098145,1515529,0.000000,0.000000
2024-04-26,3119.899902,3129.899902,3066.050049,3080.399902,3076.294678,662764,0.000000,0.000000
2024-04-29,3110.000000,3110.500000,3051.500000,3081.199951,3077.093994,648544,0.000000,0.000000
2024-04-30,3094.000000,3108.449951,3045.000000,3054.699951,3050.628906,804552,0.000000,0.000000
2024-05-02,3071.949951,3119.850098,3015.050049,3039.600098,3035.549561,2219085,0.000000,0.000000
2024-05-03,3030.000000,3045.000000,2975.100098,2993.250000,2989.261230,1472168,0.000000,0.000000
2024-05-06,2993.250000,3000.199951,2850.000000,2874.649902,2870.818848,2377944,0.000000,0.000000
2024-05-07,2889.949951,2905.350098,2822.000000,2835.949951,2832.170410,1262311,0.000000,0.000000
2024-05-08,2850.000000,2890.899902,2820.000000,2860.550049,2856.737793,951411,0.000000,0.000000
2024-05-09,2864.800049,2883.649902,2756.000000,2766.649902,2762.962891,1485510,0.000000,0.000000
2024-05-10,2794.949951,2809.000000,2760.449951,2797.250000,2793.522217,2354794,0.000000,0.000000
2024-05-13,2803.000000,2890.000000,2790.500000,2879.600098,2875.762695,3784373,0.000000,0.000000
2024-05-14,2894.949951,3046.000000,2874.550049,3037.550049,3033.501953,5725807,0.000000,0.000000
2024-05-15,3046.750000,3118.850098,3037.600098,3049.750000,3045.685547,1688836,0.000000,0.000000
2024-05-16,3065.000000,3076.949951,2974.949951,3041.649902,3037.596436,1835312,0.000000,0.000000
2024-05-17,3041.050049,3091.000000,3015.500000,3060.500000,3056.421631,825436,0.000000,0.000000
2024-05-21,3067.899902,3175.000000,3034.500000,3117.500000,3113.345459,3091659,0.000000,0.000000
2024-05-22,3129.949951,3145.000000,3073.500000,3140.949951,3136.763916,3371077,0.000000,0.000000
2024-05-23,3156.699951,3406.000000,3135.550049,3387.300049,3382.785889,6979082,0.000000,0.000000
2024-05-24,3406.000000,3457.850098,3355.600098,3384.949951,3380.438965,3473668,0.000000,0.000000
2024-05-27,3358.000000,3358.000000,3267.050049,3289.050049,3284.666992,2582485,0.000000,0.000000
2024-05-28,3309.649902,3329.500000,3229.050049,3244.050049,3239.726807,1621168,0.000000,0.000000
2024-05-29,3250.000000,3322.899902,3212.000000,3258.800049,3254.457275,1910729,0.000000,0.000000
2024-05-30,3254.000000,3274.300049,3174.500000,3194.250000,3189.993164,1990208,0.000000,0.000000
2024-05-31,3225.250000,3434.449951,3225.250000,3411.350098,3406.804199,6384589,0.000000,0.000000
2024-06-03,3725.000000,3743.899902,3586.050049,3645.250000,3640.392090,8511359,0.000000,0.000000
2024-06-04,3520.000000,3520.000000,2733.949951,2941.250000,2937.330566,20306909,0.000000,0.000000
2024-06-05,3030.000000,3150.000000,2750.000000,3115.350098,3111.198242,8778345,0.000000,0.000000
2024-06-06,3184.000000,3222.399902,3137.149902,3185.649902,3181.404785,5873271,0.000000,0.000000
2024-06-07,3170.399902,3233.750000,3151.600098,3219.550049,3215.259766,4740455,0.000000,0.000000
2024-06-10,3267.000000,3284.399902,3205.500000,3220.100098,3215.809082,4935698,0.000000,0.000000
2024-06-11,3224.000000,3265.000000,3195.050049,3221.250000,3216.957275,4173692,0.000000,0.000000
2024-06-12,3224.899902,3245.000000,3208.000000,3219.050049,3214.760254,3022477,0.000000,0.000000
2024-06-13,3230.000000,3254.000000,3207.250000,3224.800049,3220.502441,3202978,0.000000,0.000000
2024-06-14,3225.000000,3275.000000,3221.100098,3261.750000,3258.676758,4224855,1.260331,0.000000
2024-06-18,3310.000000,3345.000000,3287.199951,3309.050049,3305.932373,1755612,0.000000,0.000000
2024-06-19,3314.000000,3314.000000,3226.300049,3261.899902,3258.826660,1419264,0.000000,0.000000
2024-06-20,3263.899902,3315.000000,3240.000000,3259.449951,3256.378906,1366545,0.000000,0.000000
2024-06-21,3265.050049,3277.100098,3176.399902,3189.300049,3186.295166,4697655,0.000000,0.000000
2024-06-24,3185.750000,3214.800049,3135.000000,3194.600098,3191.590088,3261647,0.000000,0.000000
2024-06-25,3204.750000,3208.449951,3156.350098,3171.100098,3168.112305,1694962,0.000000,0.000000
2024-06-26,3169.050049,3187.699951,3163.899902,3170.500000,3167.512695,2142889,0.000000,0.000000
2024-06-27,3177.000000,3202.250000,3150.000000,3175.149902,3172.158447,5114980,0.000000,0.000000
2024-06-28,3190.000000,3211.949951,3157.000000,3177.149902,3174.156494,960905,0.000000,0.000000
2024-07-01,3179.949951,3193.149902,3157.550049,3183.800049,3180.800293,832170,0.000000,0.000000
2024-07-02,3179.850098,3207.800049,3131.050049,3153.199951,3150.229004,1490844,0.000000,0.000000
2024-07-03,3158.000000,3194.550049,3147.750000,3190.949951,3187.943604,1152522,0.000000,0.000000
2024-07-04,3192.000000,3194.449951,3138.050049,3144.250000,3141.287598,1055391,0.000000,0.000000
2024-07-05,3143.899902,3158.550049,3123.949951,3147.899902,3144.933838,663988,0.000000,0.000000
2024-07-08,3147.899902,3158.199951,3075.000000,3113.600098,3110.666504,1155112,0.000000,0.000000
2024-07-09,3115.949951,3158.000000,3100.500000,3110.750000,3107.819092,922403,0.000000,0.000000
2024-07-10,3120.100098,3127.250000,3063.399902,3096.000000,3093.083008,586710,0.000000,0.000000
2024-07-11,3118.699951,3129.800049,3074.100098,3078.300049,3075.399658,899781,0.000000,0.000000
2024-07-12,3090.000000,3098.800049,3058.350098,3065.449951,3062.561768,756036,0.000000,0.000000
2024-07-15,3066.100098,3103.500000,3058.350098,3090.399902,3087.488281,724171,0.000000,0.000000
2024-07-16,3110.000000,3137.750000,3096.100098,3109.300049,3106.370605,988357,0.000000,0.000000
2024-07-18,3106.000000,3111.000000,3057.149902,3092.199951,3089.286377,1021653,0.000000,0.000000
2024-07-19,3092.000000,3094.500000,3000.000000,3005.699951,3002.868164,1026941,0.000000,0.000000
2024-07-22,3005.699951,3026.899902,2972.149902,3000.850098,2998.022705,662085,0.000000,0.000000
2024-07-23,3020.000000,3038.000000,2886.350098,2995.350098,2992.528076,1443331,0.000000,0.000000
2024-07-24,2995.350098,3007.500000,2959.300049,2970.699951,2967.901123,693702,0.000000,0.000000
2024-07-25,2960.699951,3017.649902,2945.100098,2973.500000,2970.698486,1105721,0.000000,0.000000
2024-07-26,2995.000000,3109.000000,2988.100098,3080.500000,3077.597656,1942427,0.000000,0.000000
2024-07-29,3094.300049,3120.350098,3074.000000,3089.350098,3086.439453,1037474,0.000000,0.000000
2024-07-30,3092.000000,3155.000000,3066.649902,3128.750000,3125.802002,1647048,0.000000,0.000000
2024-07-31,3141.000000,3197.500000,3135.000000,3169.399902,3166.413818,2414005,0.000000,0.000000
2024-08-01,3180.000000,3258.000000,3151.699951,3217.250000,3214.218750,6149883,0.000000,0.000000
2024-08-02,3200.000000,3215.000000,3111.000000,3160.899902,3157.921875,3360209,0.000000,0.000000
2024-08-05,3085.000000,3133.050049,2996.300049,3038.199951,3035.337402,2238921,0.000000,0.000000
2024-08-06,3084.000000,3142.800049,3057.250000,3072.699951,3069.804932,2125201,0.000000,0.000000
2024-08-07,3118.000000,3190.000000,3112.000000,3185.949951,3182.948242,1868169,0.000000,0.000000
2024-08-08,3190.550049,3242.649902,3156.550049,3167.550049,3164.565430,2139376,0.000000,0.000000
2024-08-09,3209.000000,3219.300049,3171.050049,3187.550049,3184.546875,760165,0.000000,0.000000
2024-08-12,3100.000000,3169.850098,3014.000000,3151.750000,3148.780273,10307245,0.000000,0.000000
2024-08-13,3170.050049,3178.100098,3081.750000,3092.199951,3089.286377,2192588,0.000000,0.000000
2024-08-14,3085.699951,3085.699951,3027.750000,3040.100098,3037.235840,1232383,0.000000,0.000000
2024-08-16,3070.000000,3121.600098,3039.350098,3108.800049,3105.871094,970067,0.000000,0.000000
2024-08-19,3122.050049,3134.300049,3092.949951,3102.550049,3099.626709,557265,0.000000,0.000000
2024-08-20,3118.949951,3126.000000,3058.850098,3070.649902,3067.756836,662263,0.000000,0.000000
2024-08-21,3070.649902,3153.300049,3068.399902,3115.699951,3112.764404,1379240,0.000000,0.000000
2024-08-22,3130.750000,3150.000000,3091.000000,3099.050049,3096.130127,1378912,0.000000,0.000000
2024-08-23,3101.000000,3123.000000,3067.600098,3076.350098,3073.451416,1375224,0.000000,0.000000
2024-08-26,3088.000000,3090.000000,3055.000000,3069.000000,3066.108398,1632446,0.000000,0.000000
2024-08-27,3072.199951,3095.750000,3064.000000,3067.100098,3064.210205,1310440,0.000000,0.000000
2024-08-28,3078.000000,3078.000000,3022.100098,3028.000000,3025.147217,1569652,0.000000,0.000000
2024-08-29,3030.000000,3041.949951,2981.300049,3020.149902,3017.304199,1853966,0.000000,0.000000
2024-08-30,3030.000000,3038.550049,3003.300049,3019.350098,3016.505371,3509174,0.000000,0.000000
2024-09-02,3021.100098,3059.149902,2997.600098,3042.149902,3039.283691,1842658,0.000000,0.000000
2024-09-03,3037.000000,3053.050049,3023.800049,3036.100098,3033.239502,1371577,0.000000,0.000000
2024-09-04,3010.000000,3025.000000,2955.199951,3012.350098,3009.511719,1212270,0.000000,0.000000
2024-09-05,3025.000000,3037.899902,3002.000000,3015.350098,3012.509033,734273,0.000000,0.000000
2024-09-06,3019.000000,3025.000000,2968.000000,2975.449951,2972.646484,1251165,0.000000,0.000000
2024-09-09,2972.100098,2972.500000,2927.300049,2964.149902,2961.357178,1523581,0.000000,0.000000
2024-09-10,2971.600098,3007.399902,2947.600098,2986.399902,2983.586182,803782,0.000000,0.000000
2024-09-11,2985.000000,2992.949951,2928.000000,2937.850098,2935.082275,888628,0.000000,0.000000
2024-09-12,2950.000000,3000.000000,2917.149902,2991.000000,2988.181885,1314173,0.000000,0.000000
2024-09-13,2972.000000,3001.949951,2956.050049,2968.350098,2965.553467,815948,0.000000,0.000000
2024-09-16,2972.000000,3026.399902,2972.000000,2984.899902,2982.087646,695162,0.000000,0.000000
2024-09-17,2990.050049,2995.899902,2952.500000,2975.199951,2972.396729,698700,0.000000,0.000000
2024-09-18,2976.000000,2984.750000,2935.000000,2956.300049,2953.514648,831891,0.000000,0.000000
2024-09-19,2975.050049,2975.250000,2890.350098,2943.149902,2940.376953,1655401,0.000000,0.000000
2024-09-20,2948.149902,3025.000000,2942.050049,3008.500000,3005.665283,1787210,0.000000,0.000000
2024-09-23,3020.000000,3070.000000,3015.250000,3043.949951,3041.082031,897314,0.000000,0.000000
2024-09-24,3055.000000,3101.000000,3040.250000,3093.899902,3090.984863,1021918,0.000000,0.000000
2024-09-25,3108.000000,3123.899902,3080.199951,3105.100098,3102.174561,913008,0.000000,0.000000
2024-09-26,3085.000000,3148.000000,3085.000000,3122.649902,3119.707764,1548019,0.000000,0.000000
2024-09-27,3122.000000,3179.000000,3116.000000,3130.300049,3127.350830,2297441,0.000000,0.000000
2024-09-30,3129.000000,3209.899902,3120.399902,3135.850098,3132.895508,1607429,0.000000,0.000000
2024-10-01,3136.300049,3192.000000,3107.000000,3186.100098,3183.098389,1367116,0.000000,0.000000
2024-10-03,3150.000000,3196.350098,3084.100098,3116.000000,3113.064209,1309703,0.000000,0.000000
2024-10-04,3119.899902,3149.500000,3070.000000,3110.649902,3107.719238,987583,0.000000,0.000000
2024-10-07,3110.649902,3128.500000,2980.449951,3018.000000,3015.156494,1743454,0.000000,0.000000
2024-10-08,3018.500000,3170.000000,2994.850098,3160.699951,3157.721924,1776511,0.000000,0.000000
2024-10-09,3175.000000,3179.949951,3134.399902,3153.750000,3150.778564,897335,0.000000,0.000000
2024-10-10,3140.000000,3211.000000,3056.100098,3174.199951,3171.209229,2905725,0.000000,0.000000
2024-10-11,3174.199951,3190.000000,3116.000000,3137.199951,3134.244141,1035260,0.000000,0.000000
2024-10-14,3145.000000,3150.100098,3092.850098,3101.100098,3098.178223,437728,0.000000,0.000000
2024-10-15,3124.000000,3128.000000,3091.500000,3104.699951,3101.774658,371613,0.000000,0.000000
2024-10-16,3098.000000,3115.399902,3061.000000,3085.899902,3082.992432,543476,0.000000,0.000000
2024-10-17,3089.949951,3100.000000,2993.000000,3013.750000,3010.910400,2655289,0.000000,0.000000
2024-10-18,2990.000000,3031.699951,2968.100098,3002.000000,2999.171387,796339,0.000000,0.000000
2024-10-21,3005.149902,3014.949951,2916.949951,2937.649902,2934.882080,1051690,0.000000,0.000000
2024-10-22,2938.000000,2955.000000,2818.000000,2823.800049,2821.139404,1209732,0.000000,0.000000
2024-10-23,2840.850098,2879.000000,2820.100098,2835.550049,2832.878418,1270530,0.000000,0.000000
2024-10-24,2841.050049,2875.149902,2807.899902,2830.199951,2827.533447,942066,0.000000,0.000000
2024-10-25,2845.000000,2847.000000,2654.699951,2693.449951,2690.912354,1954174,0.000000,0.000000
2024-10-28,2701.100098,2822.399902,2672.100098,2798.649902,2796.012939,1385033,0.000000,0.000000
2024-10-29,2803.000000,2863.050049,2732.850098,2848.600098,2845.916260,1529844,0.000000,0.000000
2024-10-30,2864.000000,2997.149902,2815.050049,2969.300049,2966.502441,2884272,0.000000,0.000000
2024-10-31,2967.899902,2976.500000,2933.850098,2947.250000,2944.473145,1156390,0.000000,0.000000
2024-11-01,2960.000000,2975.600098,2928.399902,2949.500000,2946.720947,304673,0.000000,0.000000
2024-11-04,2935.000000,2943.000000,2857.750000,2897.399902,2894.670166,1059384,0.000000,0.000000
2024-11-05,2897.399902,2924.000000,2870.000000,2915.550049,2912.803223,752303,0.000000,0.000000
2024-11-06,2918.000000,3070.000000,2918.000000,3046.250000,3043.379883,1676755,0.000000,0.000000
2024-11-07,3045.000000,3045.000000,2943.050049,2970.100098,2967.301758,1285585,0.000000,0.000000
2024-11-08,2965.100098,2995.000000,2911.250000,2929.100098,2926.340332,835641,0.000000,0.000000
2024-11-11,2928.000000,2946.800049,2888.000000,2903.649902,2900.914062,584144,0.000000,0.000000
2024-11-12,2910.000000,2930.449951,2855.000000,2870.000000,2867.295898,597231,0.000000,0.000000
2024-11-13,2860.000000,2889.000000,2808.000000,2816.699951,2814.045898,890146,0.000000,0.000000
2024-11-14,2824.000000,2844.800049,2801.000000,2826.800049,2824.136719,646797,0.000000,0.000000
2024-11-18,2826.800049,2858.649902,2793.300049,2818.699951,2816.044189,489692,0.000000,0.000000
2024-11-19,2831.000000,2894.800049,2809.800049,2821.500000,2818.841797,536296,0.000000,0.000000
2024-11-21,2539.350098,2539.350098,2155.050049,2183.649902,2181.592529,21796668,0.000000,0.000000
2024-11-22,2101.000000,2289.699951,2025.000000,2228.000000,2225.900879,20939196,0.000000,0.000000
2024-11-25,2315.000000,2333.649902,2238.000000,2257.500000,2255.373047,7466733,0.000000,0.000000
2024-11-26,2265.600098,2292.850098,2136.000000,2150.500000,2148.473633,7723187,0.000000,0.000000
2024-11-27,2180.000000,2418.000000,2142.149902,2397.800049,2395.541016,17502156,0.000000,0.000000
2024-11-28,2440.000000,2526.300049,2400.000000,2437.100098,2434.803955,14445549,0.000000,0.000000
2024-11-29,2464.050049,2520.000000,2400.000000,2463.149902,2460.829102,8191680,0.000000,0.000000
2024-12-02,2491.350098,2508.000000,2426.600098,2457.050049,2454.734863,3807565,0.000000,0.000000
2024-12-03,2464.000000,2558.000000,2462.050049,2514.199951,2511.831055,4070042,0.000000,0.000000
2024-12-04,2528.000000,2530.050049,2470.100098,2494.750000,2492.399414,2344949,0.000000,0.000000
2024-12-05,2505.000000,2538.149902,2470.250000,2522.550049,2520.173340,3333144,0.000000,0.000000
2024-12-06,2520.000000,2535.000000,2502.500000,2506.399902,2504.038330,1240437,0.000000,0.000000
2024-12-09,2507.899902,2526.000000,2483.149902,2495.850098,2493.498535,958369,0.000000,0.000000
2024-12-10,2501.000000,2501.000000,2455.000000,2467.199951,2464.875488,1119816,0.000000,0.000000
2024-12-11,2469.000000,2480.000000,2451.000000,2457.250000,2454.934814,712674,0.000000,0.000000
2024-12-12,2457.000000,2534.800049,2446.250000,2504.100098,2501.740723,2579624,0.000000,0.000000
2024-12-13,2504.000000,2545.000000,2479.050049,2527.550049,2525.168457,1940935,0.000000,0.000000
2024-12-16,2530.000000,2537.500000,2503.000000,2512.399902,2510.032715,654321,0.000000,0.000000
2024-12-17,2512.000000,2525.000000,2480.750000,2487.600098,2485.256348,1061891,0.000000,0.000000
2024-12-18,2489.000000,2496.600098,2452.000000,2457.399902,2455.084717,990217,0.000000,0.000000
2024-12-19,2429.000000,2434.000000,2397.100098,2419.350098,2417.070557,1181898,0.000000,0.000000
2024-12-20,2429.000000,2453.850098,2333.000000,2344.949951,2342.740723,1337016,0.000000,0.000000
2024-12-23,2373.949951,2379.500000,2332.750000,2338.949951,2336.746338,758920,0.000000,0.000000
2024-12-24,2355.199951,2412.899902,2340.000000,2372.449951,2370.214600,1156186,0.000000,0.000000
2024-12-26,2378.050049,2410.000000,2368.000000,2400.250000,2397.988525,895785,0.000000,0.000000
2024-12-27,2415.000000,2446.149902,2390.500000,2409.949951,2407.679443,1982291,0.000000,0.000000
2024-12-30,2425.000000,2610.000000,2421.949951,2592.350098,2589.907715,7825097,0.000000,0.000000
2024-12-31,2575.000000,2577.750000,2507.449951,2528.649902,2526.267334,2745674,0.000000,0.000000
2025-01-01,2536.000000,2644.199951,2518.250000,2554.850098,2552.442871,2875721,0.000000,0.000000
2025-01-02,2565.699951,2602.000000,2537.000000,2597.699951,2595.252441,1167236,0.000000,0.000000
2025-01-03,2580.000000,2619.000000,2556.600098,2564.600098,2562.183838,932795,0.000000,0.000000
2025-01-06,2557.649902,2568.850098,2463.500000,2474.449951,2472.118652,1121398,0.000000,0.000000
2025-01-07,2474.649902,2525.000000,2474.649902,2520.550049,2518.175049,1019130,0.000000,0.000000
2025-01-08,2520.550049,2530.000000,2490.000000,2515.250000,2512.880127,879641,0.000000,0.000000
2025-01-09,2517.000000,2517.550049,2469.500000,2477.899902,2475.565186,705838,0.000000,0.000000
2025-01-10,2480.000000,2484.600098,2368.250000,2374.399902,2372.162842,1418808,0.000000,0.000000
2025-01-13,2365.000000,2365.000000,2216.899902,2225.149902,2223.053467,1559903,0.000000,0.000000
2025-01-14,2241.500000,2422.899902,2241.500000,2380.550049,2378.307129,4120705,0.000000,0.000000
2025-01-15,2399.000000,2421.949951,2372.649902,2388.149902,2385.899658,1421437,0.000000,0.000000
2025-01-16,2500.000000,2570.000000,2418.850098,2427.850098,2425.562744,2841803,0.000000,0.000000
2025-01-17,2450.000000,2450.000000,2380.050049,2399.800049,2397.539062,1122205,0.000000,0.000000
2025-01-20,2413.750000,2454.000000,2390.000000,2442.800049,2440.498535,1039435,0.000000,0.000000
2025-01-21,2441.750000,2441.750000,2373.649902,2384.300049,2382.053711,1206512,0.000000,0.000000
2025-01-22,2399.000000,2399.000000,2325.149902,2376.550049,2374.311035,1147334,0.000000,0.000000
2025-01-23,2383.000000,2405.149902,2355.000000,2385.000000,2382.752930,826721,0.000000,0.000000
2025-01-24,2387.750000,2406.000000,2299.399902,2315.100098,2312.918701,1388583,0.000000,0.000000
2025-01-27,2310.050049,2318.100098,2250.050049,2259.699951,2257.571045,1032995,0.000000,0.000000
2025-01-28,2274.199951,2315.850098,2242.000000,2286.050049,2283.895996,966497,0.000000,0.000000
2025-01-29,2297.000000,2326.250000,2282.600098,2318.600098,2316.415527,785220,0.000000,0.000000
2025-01-30,2325.000000,2351.500000,2201.300049,2252.600098,2250.477783,2601625,0.000000,0.000000
2025-01-31,2238.850098,2314.949951,2213.750000,2287.800049,2285.644531,2013345,0.000000,0.000000
2025-02-01,2297.000000,2351.449951,2237.550049,2270.000000,2267.861328,987362,0.000000,0.000000
2025-02-03,2266.750000,2279.000000,2213.899902,2261.850098,2259.718994,824942,0.000000,0.000000
2025-02-04,2278.899902,2312.000000,2267.550049,2301.500000,2299.331543,691187,0.000000,0.000000
2025-02-05,2314.949951,2349.399902,2309.050049,2324.600098,2322.409912,560940,0.000000,0.000000
2025-02-06,2340.000000,2340.000000,2298.199951,2312.449951,2310.271240,680544,0.000000,0.000000
2025-02-07,2312.449951,2374.899902,2307.350098,2338.800049,2336.596436,892884,0.000000,0.000000
2025-02-10,2350.000000,2350.949951,2280.100098,2290.800049,2288.641846,739708,0.000000,0.000000
2025-02-11,2312.000000,2397.000000,2306.000000,2321.750000,2319.562500,4895456,0.000000,0.000000
2025-02-12,2325.000000,2378.449951,2281.000000,2353.449951,2351.232666,1933098,0.000000,0.000000
2025-02-13,2354.000000,2372.750000,2233.399902,2244.699951,2242.584961,2551665,0.000000,0.000000
2025-02-14,2245.699951,2249.300049,2124.550049,2152.649902,2150.621582,2549876,0.000000,0.000000
2025-02-17,2152.649902,2240.399902,2110.649902,2223.699951,2221.604736,1400160,0.000000,0.000000
2025-02-18,2240.000000,2240.000000,2166.050049,2220.300049,2218.208252,1138085,0.000000,0.000000
2025-02-19,2166.000000,2219.399902,2127.000000,2180.800049,2178.745361,1203163,0.000000,0.000000
2025-02-20,2180.800049,2216.350098,2156.800049,2179.000000,2176.947021,1086670,0.000000,0.000000
2025-02-21,2190.449951,2199.600098,2116.850098,2133.100098,2131.090332,1540308,0.000000,0.000000
2025-02-24,2128.949951,2138.500000,2096.699951,2115.149902,2113.156982,1032294,0.000000,0.000000
2025-02-25,2115.149902,2158.300049,2102.000000,2129.850098,2127.843262,802131,0.000000,0.000000
2025-02-27,2143.750000,2149.100098,2102.500000,2110.949951,2108.961182,941950,0.000000,0.000000
2025-02-28,2107.000000,2111.350098,2072.000000,2096.000000,2094.025146,2373922,0.000000,0.000000
2025-03-03,2109.000000,2127.250000,2026.550049,2117.100098,2115.105225,1592611,0.000000,0.000000
2025-03-04,2085.100098,2154.000000,2080.000000,2144.800049,2142.779297,852978,0.000000,0.000000
2025-03-05,2153.949951,2258.399902,2148.050049,2245.850098,2243.734131,1370106,0.000000,0.000000
2025-03-06,2260.000000,2268.899902,2226.149902,2252.850098,2250.727539,890270,0.000000,0.000000
2025-03-07,2249.949951,2267.649902,2227.000000,2247.500000,2245.382568,818806,0.000000,0.000000
2025-03-10,2245.000000,2288.000000,2220.000000,2228.300049,2226.200684,940113,0.000000,0.000000
2025-03-11,2223.149902,2267.850098,2208.300049,2250.600098,2248.479492,947079,0.000000,0.000000
2025-03-12,2270.000000,2280.000000,2180.949951,2241.800049,2239.687744,1049076,0.000000,0.000000
2025-03-13,2249.000000,2273.000000,2215.600098,2221.100098,2219.007324,750310,0.000000,0.000000
2025-03-17,2200.000000,2286.899902,2198.000000,2252.699951,2250.577393,927737,0.000000,0.000000
2025-03-18,2252.699951,2252.699951,2252.699951,2252.699951,2250.577393,0,0.000000,0.000000
2025-03-19,2319.949951,2342.000000,2311.050049,2318.649902,2316.465332,1030345,0.000000,0.000000
2025-03-20,2348.000000,2348.000000,2299.000000,2339.300049,2337.095947,2587050,0.000000,0.000000
2025-03-21,2343.800049,2389.550049,2338.000000,2362.800049,2360.573975,1101418,0.000000,0.000000
2025-03-24,2370.000000,2395.000000,2361.100098,2368.699951,2366.468262,1010184,0.000000,0.000000
2025-03-25,2385.000000,2387.649902,2315.100098,2320.350098,2318.164062,763065,0.000000,0.000000
2025-03-26,2324.899902,2359.850098,2308.050049,2312.600098,2310.421143,1078870,0.000000,0.000000
2025-03-27,2310.000000,2373.899902,2291.600098,2363.350098,2361.123291,1696042,0.000000,0.000000
2025-03-28,2376.000000,2386.949951,2293.699951,2315.800049,2313.618164,1838836,0.000000,0.000000
2025-04-01,2312.000000,2358.949951,2301.000000,2335.250000,2333.049805,501942,0.000000,0.000000
2025-04-02,2339.750000,2378.850098,2314.550049,2369.399902,2367.167480,573928,0.000000,0.000000
2025-04-03,2339.750000,2429.899902,2339.699951,2410.800049,2408.528564,1023200,0.000000,0.000000
2025-04-04,2394.949951,2410.050049,2315.500000,2334.649902,2332.450195,1219733,0.000000,0.000000
2025-04-07,2150.050049,2239.000000,2145.000000,2212.699951,2210.615234,1567177,0.000000,0.000000
2025-04-08,2270.000000,2301.000000,2225.000000,2285.699951,2283.546387,1224337,0.000000,0.000000
2025-04-09,2265.699951,2279.550049,2215.199951,2236.899902,2234.792236,1001633,0.000000,0.000000
2025-04-11,2303.050049,2343.500000,2281.000000,2321.399902,2319.212891,981463,0.000000,0.000000
2025-04-15,2375.000000,2440.000000,2359.000000,2418.199951,2415.921631,1145125,0.000000,0.000000
2025-04-16,2400.000000,2428.000000,2382.899902,2415.600098,2413.323975,889949,0.000000,0.000000
2025-04-17,2418.000000,2448.600098,2392.000000,2418.100098,2415.821777,1054797,0.000000,0.000000
2025-04-21,2426.100098,2464.899902,2395.500000,2442.699951,2440.398438,782559,0.000000,0.000000
2025-04-22,2458.899902,2483.399902,2441.000000,2445.500000,2443.196045,766567,0.000000,0.000000
2025-04-23,2460.000000,2473.800049,2421.199951,2453.600098,2451.288330,672262,0.000000,0.000000
2025-04-24,2450.000000,2461.399902,2425.100098,2442.500000,2440.198730,596626,0.000000,0.000000
2025-04-25,2450.100098,2459.500000,2323.500000,2354.300049,2352.081787,1414809,0.000000,0.000000
2025-04-28,2346.000000,2402.000000,2337.600098,2369.800049,2367.567139,681421,0.000000,0.000000
2025-04-29,2392.000000,2400.000000,2325.600098,2330.600098,2328.404297,670730,0.000000,0.000000
2025-04-30,2331.399902,2340.000000,2285.000000,2301.300049,2299.131592,837464,0.000000,0.000000
2025-05-02,2349.899902,2372.399902,2290.000000,2299.100098,2296.933838,1695797,0.000000,0.000000
2025-05-05,2312.600098,2497.000000,2297.800049,2455.500000,2453.186279,4227194,0.000000,0.000000
2025-05-06,2454.000000,2463.199951,2343.500000,2354.000000,2351.781982,1524692,0.000000,0.000000
2025-05-07,2315.000000,2379.500000,2315.000000,2353.100098,2350.883057,1012640,0.000000,0.000000
2025-05-08,2362.000000,2367.800049,2260.000000,2285.300049,2283.146973,1380069,0.000000,0.000000
2025-05-09,2240.000000,2273.100098,2233.000000,2251.000000,2248.879150,1006000,0.000000,0.000000
2025-05-12,2350.000000,2433.300049,2315.000000,2425.300049,2423.015137,2147039,0.000000,0.000000
2025-05-13,2425.000000,2454.899902,2405.000000,2441.199951,2438.899658,1815174,0.000000,0.000000
2025-05-14,2444.899902,2481.899902,2430.100098,2461.899902,2459.580322,774441,0.000000,0.000000
2025-05-15,2463.399902,2526.800049,2450.699951,2520.000000,2517.625732,1554800,0.000000,0.000000
2025-05-16,2529.000000,2584.199951,2516.199951,2555.000000,2552.592773,1641135,0.000000,0.000000
2025-05-19,2571.300049,2578.800049,2536.000000,2540.600098,2538.206543,680957,0.000000,0.000000
2025-05-20,2545.000000,2564.800049,2492.500000,2501.600098,2499.243164,628023,0.000000,0.000000
2025-05-21,2509.699951,2524.500000,2483.699951,2500.399902,2498.043945,529234,0.000000,0.000000
2025-05-22,2500.399902,2521.899902,2465.300049,2487.600098,2485.256348,906909,0.000000,0.000000
2025-05-23,2499.000000,2548.100098,2490.500000,2540.000000,2537.606934,968415,0.000000,0.000000
2025-05-26,2549.100098,2568.899902,2541.300049,2547.699951,2545.299561,552912,0.000000,0.000000
2025-05-27,2545.899902,2569.100098,2526.100098,2540.300049,2537.906494,514936,0.000000,0.000000
2025-05-28,2559.000000,2559.000000,2510.000000,2515.000000,2512.630371,575989,0.000000,0.000000
2025-05-29,2536.699951,2559.000000,2511.000000,2540.800049,2538.406006,802317,0.000000,0.000000
2025-05-30,2550.000000,2564.000000,2513.800049,2519.899902,2517.525635,684592,0.000000,0.000000
2025-06-02,2527.000000,2564.000000,2514.899902,2518.800049,2516.426758,1008716,0.000000,0.000000
2025-06-03,2511.000000,2512.500000,2452.000000,2470.899902,2468.571777,962656,0.000000,0.000000
2025-06-04,2480.000000,2503.000000,2441.100098,2489.399902,2487.054443,552667,0.000000,0.000000
2025-06-05,2495.000000,2530.100098,2487.500000,2504.399902,2502.040283,673209,0.000000,0.000000
2025-06-06,2514.899902,2553.300049,2504.000000,2534.199951,2531.812256,640680,0.000000,0.000000
2025-06-09,2545.000000,2604.100098,2524.500000,2582.100098,2579.667480,1711167,0.000000,0.000000
2025-06-10,2600.000000,2663.199951,2577.699951,2613.100098,2610.638184,2084054,0.000000,0.000000
2025-06-11,2630.000000,2630.899902,2563.100098,2581.199951,2578.767822,745432,0.000000,0.000000
2025-06-12,2591.500000,2601.800049,2530.000000,2543.699951,2541.303223,955097,0.000000,0.000000
2025-06-13,2498.000000,2516.000000,2460.000000,2507.899902,2506.779053,695869,1.260331,0.000000
2025-06-16,2500.000000,2563.300049,2462.000000,2544.000000,2542.863037,956459,0.000000,0.000000
2025-06-17,2535.000000,2539.600098,2479.000000,2488.500000,2487.387939,703343,0.000000,0.000000
2025-06-18,2491.899902,2495.899902,2445.399902,2459.100098,2458.000977,667044,0.000000,0.000000
2025-06-19,2466.300049,2468.899902,2405.100098,2420.600098,2419.518311,688209,0.000000,0.000000
2025-06-20,2428.000000,2461.300049,2415.000000,2448.399902,2447.305664,3002549,0.000000,0.000000
2025-06-23,2438.000000,2492.600098,2421.000000,2472.000000,2470.895264,790533,0.000000,0.000000
2025-06-24,2504.000000,2544.600098,2500.199951,2505.600098,2504.480225,996372,0.000000,0.000000
2025-06-25,2519.899902,2541.600098,2512.100098,2527.199951,2526.070557,921346,0.000000,0.000000
2025-06-26,2535.000000,2593.600098,2522.199951,2586.199951,2585.044189,1339627,0.000000,0.000000
2025-06-27,2587.699951,2681.600098,2582.000000,2646.300049,2645.117432,4049316,0.000000,0.000000
2025-06-30,2650.000000,2653.899902,2605.899902,2619.399902,2618.229248,694814,0.000000,0.000000
2025-07-01,2624.899902,2645.000000,2603.000000,2621.800049,2620.628418,729197,0.000000,0.000000
2025-07-02,2634.000000,2646.000000,2613.600098,2630.199951,2629.024414,621409,0.000000,0.000000
2025-07-03,2634.000000,2644.000000,2605.100098,2611.199951,2610.032959,502724,0.000000,0.000000
2025-07-04,2617.000000,2617.000000,2582.199951,2599.100098,2597.938477,370305,0.000000,0.000000
2025-07-07,2602.000000,2605.399902,2572.000000,2576.100098,2574.948730,412159,0.000000,0.000000
2025-07-08,2586.000000,2600.000000,2573.000000,2591.300049,2590.141846,357686,0.000000,0.000000
2025-07-09,2599.000000,2609.899902,2570.000000,2583.000000,2581.845703,396880,0.000000,0.000000
2025-07-10,2591.000000,2604.000000,2575.000000,2581.000000,2579.846436,306565,0.000000,0.000000
2025-07-11,2575.000000,2591.899902,2551.899902,2558.699951,2557.556396,390645,0.000000,0.000000
2025-07-14,2555.000000,2604.800049,2543.500000,2581.300049,2580.146484,536585,0.000000,0.000000
2025-07-15,2588.000000,2606.899902,2576.000000,2598.199951,2597.038818,379425,0.000000,0.000000
2025-07-16,2602.500000,2619.500000,2595.500000,2608.500000,2607.334229,686644,0.000000,0.000000
2025-07-17,2612.000000,2654.500000,2605.300049,2616.600098,2615.430664,785771,0.000000,0.000000
2025-07-18,2612.000000,2626.699951,2584.199951,2596.100098,2594.939941,479942,0.000000,0.000000
2025-07-21,2596.300049,2624.899902,2585.000000,2619.500000,2618.329346,369782,0.000000,0.000000
2025-07-22,2626.000000,2630.000000,2581.600098,2587.800049,2586.643555,387055,0.000000,0.000000
2025-07-23,2600.699951,2625.899902,2593.500000,2614.500000,2613.331543,316424,0.000000,0.000000
2025-07-24,2615.399902,2624.199951,2595.000000,2608.399902,2607.234131,253782,0.000000,0.000000
2025-07-25,2605.000000,2617.000000,2544.100098,2550.100098,2548.960449,424612,0.000000,0.000000
2025-07-28,2549.000000,2585.000000,2512.600098,2522.300049,2521.172852,428409,0.000000,0.000000
2025-07-29,2529.000000,2557.399902,2507.500000,2547.899902,2546.761230,424781,0.000000,0.000000
2025-07-30,2547.899902,2552.600098,2525.000000,2532.899902,2531.767822,262063,0.000000,0.000000
2025-07-31,2509.899902,2520.000000,2422.600098,2430.699951,2429.613525,1457616,0.000000,0.000000
2025-08-01,2425.000000,2444.899902,2333.000000,2350.899902,2349.849365,976341,0.000000,0.000000
2025-08-04,2360.000000,2374.699951,2338.199951,2363.600098,2362.543701,576426,0.000000,0.000000
2025-08-05,2370.000000,2370.000000,2316.000000,2328.199951,2327.159424,576742,0.000000,0.000000
2025-08-06,2333.899902,2347.899902,2296.000000,2300.300049,2299.271973,631582,0.000000,0.000000
2025-08-07,2290.000000,2295.000000,2202.800049,2249.800049,2248.794678,1529410,0.000000,0.000000
2025-08-08,2247.000000,2260.899902,2164.800049,2178.100098,2177.126709,2552736,0.000000,0.000000
2025-08-11,2196.000000,2302.000000,2183.000000,2283.399902,2282.379395,2376286,0.000000,0.000000
2025-08-12,2280.100098,2314.699951,2267.000000,2288.199951,2287.177246,1075526,0.000000,0.000000
2025-08-13,2299.000000,2314.899902,2245.399902,2280.100098,2279.081055,833679,0.000000,0.000000
2025-08-14,2288.000000,2304.000000,2267.699951,2281.600098,2280.580322,998109,0.000000,0.000000
2025-08-18,2309.600098,2360.000000,2300.000000,2333.600098,2332.557129,988629,0.000000,0.000000
2025-08-19,2339.899902,2395.600098,2314.100098,2388.399902,2387.332520,1069432,0.000000,0.000000
2025-08-20,2380.000000,2406.000000,2372.100098,2387.100098,2386.033203,780025,0.000000,0.000000
2025-08-21,2387.100098,2397.000000,2371.399902,2377.199951,2376.137451,441867,0.000000,0.000000
2025-08-22,2369.899902,2376.300049,2321.000000,2324.899902,2323.860840,584211,0.000000,0.000000
2025-08-25,2335.699951,2348.399902,2300.000000,2302.899902,2301.870605,542455,0.000000,0.000000
2025-08-26,2304.000000,2309.300049,2249.399902,2272.000000,2270.984619,1071550,0.000000,0.000000
2025-08-28,2271.899902,2327.899902,2255.000000,2275.199951,2274.183105,907868,0.000000,0.000000
2025-08-29,2283.000000,2289.699951,2240.000000,2244.699951,2243.696777,795699,0.000000,0.000000
2025-09-01,2259.000000,2288.000000,2252.100098,2284.199951,2283.179199,425639,0.000000,0.000000
2025-09-02,2291.000000,2302.000000,2264.000000,2274.199951,2273.183594,481894,0.000000,0.000000
2025-09-03,2285.000000,2293.000000,2263.100098,2288.699951,2287.677002,443629,0.000000,0.000000
2025-09-04,2309.899902,2317.300049,2275.000000,2278.800049,2277.781738,392697,0.000000,0.000000
2025-09-05,2275.000000,2293.500000,2248.000000,2281.399902,2280.380371,443010,0.000000,0.000000
2025-09-08,2290.000000,2333.899902,2286.000000,2310.899902,2309.867188,542811,0.000000,0.000000
2025-09-09,2320.000000,2325.000000,2297.000000,2311.600098,2310.566895,369431,0.000000,0.000000
2025-09-10,2330.000000,2345.899902,2325.100098,2340.199951,2339.154053,390490,0.000000,0.000000
2025-09-11,2348.000000,2418.699951,2340.199951,2398.800049,2397.728027,2111888,0.000000,0.000000
2025-09-12,2416.899902,2421.600098,2387.100098,2392.000000,2390.930908,533971,0.000000,0.000000
2025-09-15,2392.000000,2402.800049,2378.100098,2383.399902,2382.334717,298129,0.000000,0.000000
2025-09-16,2410.000000,2415.800049,2388.000000,2399.399902,2398.327637,752979,0.000000,0.000000
2025-09-17,2417.000000,2417.000000,2391.000000,2402.000000,2400.926514,514354,0.000000,0.000000
2025-09-18,2414.500000,2438.000000,2388.399902,2402.000000,2400.926514,703730,0.000000,0.000000
2025-09-19,2495.000000,2579.000000,2466.100098,2524.000000,2522.872070,7965135,0.000000,0.000000
2025-09-22,2535.000000,2659.000000,2522.100098,2629.500000,2628.324951,7022985,0.000000,0.000000
2025-09-23,2642.600098,2695.000000,2593.000000,2676.399902,2675.203857,5610022,0.000000,0.000000
2025-09-24,2655.000000,2676.000000,2614.399902,2619.800049,2618.629150,1720785,0.000000,0.000000
2025-09-25,2625.000000,2647.899902,2567.000000,2576.399902,2575.248535,1489682,0.000000,0.000000
2025-09-26,2572.800049,2605.000000,2535.000000,2543.699951,2542.563232,1037808,0.000000,0.000000
2025-09-29,2543.699951,2555.000000,2505.000000,2509.500000,2508.378418,1012402,0.000000,0.000000
2025-09-30,2522.000000,2535.000000,2490.600098,2505.899902,2504.780029,712592,0.000000,0.000000
2025-10-01,2518.399902,2603.399902,2472.100098,2592.699951,2591.541260,1573485,0.000000,0.000000
2025-10-03,2595.000000,2612.899902,2564.399902,2589.899902,2588.742432,917651,0.000000,0.000000
2025-10-06,2589.100098,2599.800049,2562.600098,2573.500000,2572.349854,654955,0.000000,0.000000
2025-10-07,2580.699951,2617.300049,2533.100098,2542.199951,2541.063721,1120230,0.000000,0.000000
2025-10-08,2562.000000,2565.000000,2500.000000,2524.100098,2522.971924,1063357,0.000000,0.000000
2025-10-09,2535.000000,2559.000000,2522.199951,2542.399902,2541.263672,651703,0.000000,0.000000
2025-10-10,2552.000000,2565.000000,2538.800049,2550.899902,2549.759766,690142,0.000000,0.000000
2025-10-13,2529.100098,2542.100098,2504.000000,2527.399902,2526.270264,645483,0.000000,0.000000
2025-10-14,2538.899902,2538.899902,2485.199951,2517.000000,2515.875000,673048,0.000000,0.000000
2025-10-15,2535.000000,2561.399902,2527.300049,2532.800049,2531.668213,759772,0.000000,0.000000
2025-10-16,2544.800049,2579.699951,2540.899902,2557.600098,2556.457031,1020102,0.000000,0.000000
2025-10-17,2560.000000,2577.199951,2543.100098,2549.399902,2548.260498,682968,0.000000,0.000000
2025-10-20,2561.300049,2579.000000,2537.100098,2548.100098,2546.961426,747349,0.000000,0.000000
2025-10-21,2554.899902,2562.000000,2542.300049,2549.899902,2548.760254,101019,0.000000,0.000000
2025-10-23,2559.899902,2577.800049,2540.899902,2545.800049,2544.662354,852445,0.000000,0.000000
2025-10-24,2554.800049,2554.800049,2497.699951,2504.199951,2503.080811,473765,0.000000,0.000000
2025-10-27,2504.199951,2514.600098,2487.100098,2492.800049,2491.686035,478055,0.000000,0.000000
2025-10-28,2495.000000,2516.000000,2479.100098,2494.399902,2493.285156,626988,0.000000,0.000000
2025-10-29,2500.000000,2600.000000,2495.500000,2537.399902,2536.265869,1526734,0.000000,0.000000
2025-10-30,2550.000000,2559.399902,2511.800049,2526.899902,2525.770508,783328,0.000000,0.000000
2025-10-31,2535.000000,2543.500000,2464.899902,2481.000000,2479.891113,848642,0.000000,0.000000
2025-11-03,2484.000000,2501.899902,2457.500000,2467.000000,2465.897461,731108,0.000000,0.000000
2025-11-04,2479.800049,2488.899902,2390.600098,2419.800049,2418.718506,2072668,0.000000,0.000000
2025-11-06,2425.100098,2427.100098,2307.600098,2314.300049,2313.265869,1978147,0.000000,0.000000
2025-11-07,2315.000000,2402.500000,2291.399902,2369.399902,2368.341064,2232889,0.000000,0.000000
2025-11-10,2308.247070,2315.130371,2291.862793,2298.358154,2297.331055,577428,0.000000,0.000000
2025-11-11,2295.740723,2306.308105,2267.140869,2294.577148,2293.551758,654132,0.000000,0.000000
2025-11-12,2311.252441,2440.678711,2288.954346,2408.685547,2407.609131,6895852,0.000000,0.000000
2025-11-13,2425.651611,2447.949707,2392.786133,2412.272705,2411.194580,2791508,0.000000,0.000000
2025-11-14,2423.712646,2475.773926,2405.292480,2440.000000,2438.909424,4637753,0.000000,0.000000
2025-11-17,2460.000000,2474.899902,2421.000000,2462.000000,2460.899658,2672697,0.000000,0.000000
2025-11-18,2462.000000,2478.600098,2434.300049,2436.800049,2435.710938,1245215,0.000000,0.000000
2025-11-19,2446.500000,2449.899902,2413.899902,2433.100098,2432.012695,774785,0.000000,0.000000
2025-11-20,2450.100098,2478.899902,2440.399902,2446.100098,2445.006836,1526556,0.000000,0.000000
2025-11-21,2450.000000,2456.199951,2418.000000,2422.300049,2421.217529,547541,0.000000,0.000000
2025-11-24,2426.199951,2432.300049,2393.100098,2399.199951,2398.127686,691419,0.000000,0.000000
2025-11-25,2400.899902,2407.699951,2325.300049,2332.899902,2331.857178,2223715,0.000000,0.000000
2025-11-26,2321.199951,2357.000000,2310.000000,2315.000000,2313.965332,1026965,0.000000,0.000000
2025-11-27,2310.000000,2320.500000,2243.000000,2255.000000,2253.992188,1474038,0.000000,0.000000
2025-11-28,2267.100098,2331.000000,2247.800049,2280.199951,2279.180908,3037620,0.000000,0.000000
2025-12-01,2300.000000,2304.000000,2257.000000,2262.000000,2260.989014,1313265,0.000000,0.000000
2025-12-02,2255.000000,2267.199951,2232.199951,2239.600098,2238.599121,1035354,0.000000,0.000000
2025-12-03,2240.000000,2245.000000,2172.199951,2189.800049,2188.821289,1643852,0.000000,0.000000
2025-12-04,2188.000000,2231.699951,2183.399902,2217.899902,2216.908691,2522821,0.000000,0.000000
2025-12-05,2217.899902,2268.600098,2202.899902,2265.399902,2264.387451,2400781,0.000000,0.000000
2025-12-08,2265.399902,2270.399902,2205.000000,2216.199951,2215.209473,939764,0.000000,0.000000
2025-12-09,2216.199951,2257.000000,2178.399902,2245.199951,2244.196533,1227728,0.000000,0.000000
2025-12-10,2255.800049,2267.500000,2204.100098,2211.600098,2210.611816,935149,0.000000,0.000000
2025-12-11,2225.000000,2293.899902,2192.399902,2277.699951,2276.682129,1519832,0.000000,0.000000
2025-12-12,2277.699951,2296.800049,2270.199951,2282.399902,2281.379883,929199,0.000000,0.000000
2025-12-15,2282.399902,2300.000000,2273.000000,2278.899902,2277.881348,573027,0.000000,0.000000
2025-12-16,2270.000000,2276.800049,2232.100098,2247.899902,2246.895264,654714,0.000000,0.000000
2025-12-17,2247.600098,2255.000000,2221.000000,2232.500000,2231.502197,651509,0.000000,0.000000
2025-12-18,2236.399902,2245.000000,2211.100098,2229.300049,2228.303711,508238,0.000000,0.000000
2025-12-19,2249.000000,2250.000000,2210.000000,2239.000000,2237.999268,880005,0.000000,0.000000
2025-12-22,2260.000000,2274.000000,2245.899902,2263.500000,2262.488525,599195,0.000000,0.000000
2025-12-23,2272.500000,2273.600098,2245.000000,2248.800049,2247.794922,450112,0.000000,0.000000
2025-12-24,2250.000000,2258.800049,2217.399902,2222.699951,2221.706543,825693,0.000000,0.000000
2025-12-26,2229.300049,2250.899902,2218.000000,2229.899902,2228.903320,566237,0.000000,0.000000
2025-12-29,2232.000000,2238.199951,2196.000000,2203.199951,2202.215332,690691,0.000000,0.000000
2025-12-30,2204.800049,2219.000000,2195.000000,2214.699951,2213.710205,935026,0.000000,0.000000
2025-12-31,2216.300049,2246.399902,2216.300049,2239.699951,2238.698975,779141,0.000000,0.000000
2026-01-01,2249.000000,2287.399902,2241.000000,2260.000000,2258.989990,1046220,0.000000,0.000000
2026-01-02,2260.000000,2283.699951,2259.000000,2279.800049,2278.781250,715242,0.000000,0.000000
2026-01-05,2287.000000,2303.899902,2274.300049,2279.500000,2278.481201,696380,0.000000,0.000000
2026-01-06,2288.899902,2290.399902,2248.100098,2259.100098,2258.090576,698294,0.000000,0.000000
2026-01-07,2265.000000,2284.000000,2243.000000,2274.100098,2273.083740,529451,0.000000,0.000000
2026-01-08,2275.000000,2275.899902,2205.000000,2214.000000,2213.010498,792800,0.000000,0.000000
2026-01-09,2214.100098,2216.000000,2145.000000,2153.699951,2152.737549,1570376,0.000000,0.000000
2026-01-12,2156.600098,2180.000000,2119.000000,2171.600098,2170.629639,1257197,0.000000,0.000000
2026-01-13,2187.800049,2187.800049,2141.100098,2158.500000,2157.535400,791556,0.000000,0.000000
2026-01-14,2156.000000,2169.000000,2142.000000,2153.300049,2152.337646,618139,0.000000,0.000000
2026-01-15,2153.300049,2153.300049,2153.300049,2153.300049,2152.337646,0,0.000000,0.000000
2026-01-16,2162.800049,2193.899902,2152.100098,2157.300049,2156.335938,758469,0.000000,0.000000
2026-01-19,2155.000000,2156.800049,2123.000000,2134.600098,2133.645996,749495,0.000000,0.000000
2026-01-20,2134.000000,2139.899902,2040.000000,2055.100098,2054.181641,1160975,0.000000,0.000000
2026-01-21,2056.500000,2068.199951,2004.099976,2032.199951,2031.291748,1354644,0.000000,0.000000
2026-01-22,2055.899902,2102.899902,2051.000000,2086.399902,2085.467529,942721,0.000000,0.000000
2026-01-23,2080.500000,2082.500000,1848.000000,1864.199951,1863.366821,7492631,0.000000,0.000000
2026-01-27,1909.000000,1973.900024,1893.000000,1959.500000,1958.624268,5449633,0.000000,0.000000
2026-01-28,1985.000000,2004.000000,1952.000000,1994.699951,1993.808472,2073198,0.000000,0.000000
2026-01-29,1999.800049,2029.099976,1972.000000,2019.199951,2018.297485,1391239,0.000000,0.000000
2026-01-30,2005.000000,2038.800049,1992.199951,2020.400024,2019.497070,1230915,0.000000,0.000000
2026-02-02,1956.599976,2002.199951,1934.000000,1995.400024,1994.508301,1229270,0.000000,0.000000
2026-02-03,2150.000000,2233.399902,2131.100098,2202.600098,2201.615723,6918581,0.000000,0.000000
2026-02-04,2220.000000,2246.000000,2189.199951,2228.199951,2227.204102,2051918,0.000000,0.000000
2026-02-05,2232.000000,2243.699951,2210.000000,2236.600098,2235.600586,992382,0.000000,0.000000
2026-02-06,2226.100098,2238.000000,2200.399902,2226.399902,2225.404785,933650,0.000000,0.000000
2026-02-09,2250.000000,2288.000000,2240.000000,2250.100098,2249.094482,1650899,0.000000,0.000000
2026-02-10,2259.000000,2268.300049,2171.000000,2228.399902,2227.404053,1670672,0.000000,0.000000
2026-02-11,2232.899902,2237.699951,2215.100098,2234.399902,2233.401367,682320,0.000000,0.000000
2026-02-12,2229.000000,2229.500000,2201.000000,2211.800049,2210.811523,649585,0.000000,0.000000
2026-02-13,2210.000000,2210.000000,2124.199951,2136.600098,2135.645264,1489548,0.000000,0.000000
2026-02-16,2124.199951,2190.899902,2103.199951,2184.600098,2183.623779,1824808,0.000000,0.000000
2026-02-17,2170.000000,2252.000000,2170.000000,2242.899902,2241.897461,1931699,0.000000,0.000000
2026-02-18,2254.000000,2254.000000,2188.100098,2211.199951,2210.211670,1149398,0.000000,0.000000
2026-02-19,2218.899902,2218.899902,2151.000000,2156.699951,2155.736084,1101633,0.000000,0.000000
2026-02-20,2160.000000,2174.399902,2152.100098,2160.800049,2159.834473,738454,0.000000,0.000000
2026-02-23,2180.000000,2203.000000,2155.300049,2191.000000,2190.020752,1103960,0.000000,0.000000
2026-02-24,2168.600098,2204.699951,2162.199951,2183.000000,2182.024414,1152423,0.000000,0.000000
2026-02-25,2193.199951,2237.300049,2180.100098,2231.699951,2230.702637,1474187,0.000000,0.000000
2026-02-26,2230.000000,2232.399902,2200.100098,2216.399902,2215.409424,915342,0.000000,0.000000
2026-02-27,2210.000000,2216.399902,2153.000000,2161.800049,2160.833984,1433096,0.000000,0.000000
2026-03-02,2093.000000,2147.899902,2073.699951,2124.600098,2123.650635,2134522,0.000000,0.000000
2026-03-04,2104.600098,2104.600098,2037.500000,2076.500000,2075.572021,1585848,0.000000,0.000000
2026-03-05,2094.000000,2100.000000,2040.000000,2089.199951,2088.266357,1231524,0.000000,0.000000
2026-03-06,2079.100098,2090.000000,2030.199951,2039.900024,2038.988403,1696027,0.000000,0.000000
2026-03-09,1985.000000,2006.000000,1940.400024,1999.199951,1998.306519,1305447,0.000000,0.000000
2026-03-10,2030.000000,2030.000000,1982.199951,1996.500000,1995.607788,1680405,0.000000,0.000000
2026-03-11,2006.599976,2027.400024,1970.000000,1974.699951,1973.817383,1088294,0.000000,0.000000
2026-03-12,1960.000000,2026.000000,1947.099976,2002.000000,2001.105225,1473773,0.000000,0.000000
2026-03-13,1999.900024,2008.599976,1945.000000,1961.099976,1960.223511,1195448,0.000000,0.000000
2026-03-16,1961.000000,1994.800049,1946.599976,1978.000000,1977.115967,1465828,0.000000,0.000000
2026-03-17,1989.900024,1990.000000,1945.000000,1975.400024,1974.517212,1268988,0.000000,0.000000
2026-03-18,1988.900024,2027.000000,1982.199951,2007.199951,2006.302856,1041095,0.000000,0.000000
2026-03-19,1984.000000,1988.599976,1930.000000,1936.800049,1935.934448,1510588,0.000000,0.000000
2026-03-20,1951.000000,1974.400024,1919.900024,1927.099976,1926.238770,1175662,0.000000,0.000000
2026-03-23,1910.000000,1910.099976,1820.500000,1833.000000,1832.180786,2370668,0.000000,0.000000
2026-03-24,1892.699951,1893.000000,1813.699951,1817.900024,1817.087524,11211381,0.000000,0.000000
2026-03-25,1847.900024,1911.000000,1839.199951,1886.599976,1885.756836,2537690,0.000000,0.000000
2026-03-27,1880.000000,1883.199951,1816.500000,1823.000000,1822.185303,2585257,0.000000,0.000000
2026-03-30,1810.000000,1837.800049,1753.000000,1758.800049,1758.014038,2825299,0.000000,0.000000
2026-04-01,1825.000000,1870.000000,1803.800049,1842.500000,1841.676514,2328166,0.000000,0.000000
2026-04-02,1805.000000,1842.900024,1770.099976,1834.199951,1833.380249,1830598,0.000000,0.000000
2026-04-06,1836.900024,1909.000000,1802.099976,1902.199951,1901.349854,3153437,0.000000,0.000000
2026-04-07,1890.000000,1904.599976,1865.000000,1882.099976,1881.258789,1566909,0.000000,0.000000
2026-04-08,2000.000000,2099.000000,1975.099976,2043.800049,2042.886597,4197831,0.000000,0.000000
2026-04-09,2039.800049,2065.000000,2010.300049,2040.500000,2039.588013,2481188,0.000000,0.000000
2026-04-10,2043.099976,2094.600098,2041.699951,2086.800049,2085.867432,1700162,0.000000,0.000000
2026-04-13,2010.199951,2159.000000,2000.199951,2129.000000,2128.048584,3729773,0.000000,0.000000
2026-04-15,2187.000000,2200.000000,2136.000000,2144.399902,2143.441650,1779015,0.000000,0.000000
2026-04-16,2170.000000,2210.399902,2161.100098,2203.699951,2202.715088,2188912,0.000000,0.000000
2026-04-17,2240.000000,2240.000000,2186.100098,2218.300049,2217.308594,2408901,0.000000,0.000000
2026-04-20,2218.300049,2280.100098,2202.199951,2229.600098,2228.603760,1795338,0.000000,0.000000
2026-04-21,2229.699951,2255.000000,2220.000000,2226.000000,2225.005127,1818221,0.000000,0.000000
2026-04-22,2229.000000,2278.600098,2224.100098,2260.800049,2259.789551,3517237,0.000000,0.000000
2026-04-23,2243.500000,2333.899902,2221.800049,2300.000000,2298.972168,2948009,0.000000,0.000000
2026-04-24,2310.199951,2321.399902,2227.000000,2287.600098,2286.577637,2271317,0.000000,0.000000
2026-04-27,2300.199951,2337.000000,2286.000000,2321.800049,2320.762451,1500864,0.000000,0.000000
2026-04-28,2321.800049,2420.000000,2320.899902,2412.399902,2411.321777,4375556,0.000000,0.000000
2026-04-29,2427.600098,2443.800049,2388.000000,2425.899902,2424.815674,4656967,0.000000,0.000000
2026-04-30,2394.899902,2420.000000,2328.800049,2408.399902,2407.323486,3538354,0.000000,0.000000
2026-05-01,2408.399902,2408.399902,2408.399902,2408.399902,2407.323486,0,0.000000,0.000000
2026-05-04,2390.399902,2515.000000,2375.000000,2485.699951,2484.589111,6039537,0.000000,0.000000
2026-05-05,2470.000000,2511.899902,2450.000000,2462.000000,2460.899658,1622580,0.000000,0.000000
2026-05-06,2475.500000,2546.500000,2472.199951,2540.300049,2539.164795,3169133,0.000000,0.000000
2026-05-07,2540.300049,2549.899902,2506.199951,2513.699951,2512.576660,1098088,0.000000,0.000000
2026-05-08,2519.000000,2546.100098,2500.000000,2505.899902,2504.780029,1499613,0.000000,0.000000
2026-05-11,2495.000000,2514.000000,2460.000000,2500.199951,2499.082520,1279432,0.000000,0.000000
2026-05-12,2487.699951,2511.699951,2400.100098,2405.199951,2404.125000,1459022,0.000000,0.000000
2026-05-13,2401.100098,2530.000000,2401.100098,2498.000000,2496.883545,2036291,0.000000,0.000000
2026-05-14,2530.100098,2720.000000,2530.000000,2712.899902,2711.687500,9539233,0.000000,0.000000
2026-05-15,2781.100098,2803.100098,2661.000000,2716.000000,2714.786133,6742083,0.000000,0.000000
2026-05-18,2700.000000,2710.000000,2647.500000,2689.800049,2688.597900,2033884,0.000000,0.000000
2026-05-19,2734.699951,2774.500000,2697.000000,2725.000000,2723.782227,4204144,0.000000,0.000000
2026-05-20,2715.000000,2720.000000,2685.100098,2704.800049,2703.591309,1187449,0.000000,0.000000
2026-05-21,2727.899902,2770.000000,2684.000000,2697.600098,2696.394531,1606690,0.000000,0.000000
2026-05-22,2710.199951,2745.000000,2706.100098,2717.300049,2716.085693,1094843,0.000000,0.000000
2026-05-25,2739.800049,2858.800049,2739.300049,2849.699951,2848.426270,3277924,0.000000,0.000000
2026-05-26,2846.000000,2979.399902,2825.000000,2969.300049,2967.972900,4899494,0.000000,0.000000
2026-05-27,2982.000000,3027.500000,2944.000000,2973.100098,2971.771484,3826916,0.000000,0.000000
2026-05-28,2973.100098,2973.100098,2973.100098,2973.100098,2971.771484,0,0.000000,0.000000
2026-05-29,2987.800049,2995.000000,2926.800049,2937.399902,2936.087158,4040865,0.000000,0.000000
2026-06-01,2949.899902,2955.699951,2891.100098,2909.399902,2908.099609,1629342,0.000000,0.000000
2026-06-02,2885.000000,2975.000000,2865.199951,2968.100098,2966.773682,2066890,0.000000,0.000000
2026-06-03,2960.000000,2965.000000,2888.100098,2925.600098,2924.292480,1346112,0.000000,0.000000
2026-06-04,2920.000000,2983.000000,2918.100098,2972.800049,2971.471436,1722991,0.000000,0.000000
2026-06-05,2992.000000,3059.800049,2921.800049,3048.199951,3046.837646,5617327,0.000000,0.000000
2026-06-08,3017.699951,3039.800049,2955.100098,2970.000000,2968.672607,1653499,0.000000,0.000000
2026-06-09,2985.899902,2998.699951,2935.899902,2979.899902,2978.568115,1841620,0.000000,0.000000
2026-06-10,2977.000000,2994.899902,2918.000000,2931.100098,2929.790039,1475029,0.000000,0.000000
2026-06-11,2895.100098,2966.800049,2895.100098,2908.800049,2907.500000,1204115,0.000000,0.000000
2026-06-12,2958.800049,2971.899902,2886.199951,2921.600098,2921.600098,2321009,1.300000,0.000000
2026-06-15,2960.000000,2983.000000,2935.000000,2942.500000,2942.500000,1174229,0.000000,0.000000
2026-06-16,2971.399902,2997.699951,2928.300049,2943.600098,2943.600098,1851843,0.000000,0.000000
2026-06-17,2958.000000,2974.500000,2934.600098,2951.899902,2951.899902,1244567,0.000000,0.000000
2026-06-18,2952.000000,3041.000000,2938.000000,3013.399902,3013.399902,1774394,0.000000,0.000000
2026-06-19,3017.000000,3051.899902,3009.100098,3038.399902,3038.399902,3620222,0.000000,0.000000
2026-06-22,3040.000000,3065.000000,3001.000000,3059.600098,3059.600098,1726452,0.000000,0.000000
2026-06-23,3072.000000,3091.699951,2943.500000,2962.899902,2962.899902,1620658,0.000000,0.000000
2026-06-24,2988.300049,3077.800049,2971.000000,3069.699951,3069.699951,2527812,0.000000,0.000000
2026-06-25,3086.000000,3105.000000,3027.699951,3038.000000,3038.000000,1719600,0.000000,0.000000
2026-06-26,3038.000000,3038.000000,3038.000000,3038.000000,3038.000000,0,0.000000,0.000000
2026-06-29,3020.000000,3020.000000,2955.000000,2962.500000,2962.500000,1693354,0.000000,0.000000
2026-06-30,2980.000000,3054.600098,2969.000000,3036.000000,3036.000000,2099291,0.000000,0.000000
2026-07-01,3041.000000,3149.800049,3012.800049,3143.600098,3143.600098,3415655,0.000000,0.000000
2026-07-02,3155.899902,3229.600098,3147.000000,3177.500000,3177.500000,3400034,0.000000,0.000000
2026-07-03,3192.000000,3224.000000,3105.500000,3212.100098,3212.100098,2848623,0.000000,0.000000
2026-07-06,3230.000000,3245.000000,3187.699951,3206.600098,3206.600098,1978869,0.000000,0.000000
2026-07-07,3209.899902,3215.199951,3096.500000,3107.199951,3107.199951,2093552,0.000000,0.000000
2026-07-08,3105.000000,3146.899902,3028.000000,3046.899902,3046.899902,2321035,0.000000,0.000000
2026-07-09,3060.000000,3105.000000,3026.800049,3083.600098,3083.600098,2609306,0.000000,0.000000
2026-07-10,3105.000000,3183.000000,3100.000000,3157.300049,3157.300049,2145335,0.000000,0.000000
2026-07-13,3127.300049,3195.000000,3115.199951,3177.500000,3177.500000,1599810,0.000000,0.000000
2026-07-14,3169.899902,3219.699951,3145.000000,3188.899902,3188.899902,1932879,0.000000,0.000000
2026-07-15,3195.000000,3199.899902,3142.300049,3150.600098,3150.600098,1035101,0.000000,0.000000
2026-07-16,3167.600098,3190.000000,3140.100098,3151.399902,3151.399902,1151243,0.000000,0.000000
2026-07-17,3156.100098,3184.800049,3140.000000,3160.699951,3160.699951,1021302,0.000000,0.000000
2026-07-20,3162.699951,3189.000000,3133.000000,3183.300049,3183.300049,994778,0.000000,0.000000
2026-07-21,3175.199951,3213.500000,3170.000000,3182.699951,3182.699951,951463,0.000000,0.000000
2026-07-22,3182.000000,3201.899902,3139.000000,3147.699951,3147.699951,977224,0.000000,0.000000
2026-07-23,3147.100098,3147.100098,3001.300049,3010.000000,3010.000000,1580313,0.000000,0.000000
2026-07-24,3010.000000,3041.899902,2992.500000,3026.399902,3026.399902,1280635,0.000000,0.000000
2026-07-27,3045.100098,3057.399902,3008.100098,3036.600098,3036.600098,636870,0.000000,0.000000
2026-07-28,3038.000000,3038.000000,2996.199951,3002.300049,3002.300049,1096125,0.000000,0.000000
2026-07-29,3017.800049,3048.300049,2972.699951,3024.500000,3024.500000,1547208,0.000000,0.000000
2026-07-30,3024.500000,3060.899902,2994.600098,3049.100098,3049.100098,1278332,0.000000,0.000000
2026-07-31,3051.000000,3067.500000,3002.399902,3009.500000,3009.500000,866401,0.000000,0.000000
2026-08-03,3025.000000,3077.000000,3024.500000,3068.000000,3068.000000,891429,0.000000,0.000000
2026-08-04,3063.100098,3091.500000,3020.899902,3050.000000,3050.000000,854172,0.000000,0.000000
2026-08-05,3055.000000,3085.899902,3037.300049,3050.000000,3050.000000,870914,0.000000,0.000000
2026-08-06,3050.000000,3072.399902,3025.699951,3026.000000,3026.000000,843121,0.000000,0.000000
2026-08-07,3025.899902,3039.500000,3004.500000,3020.000000,3020.000000,788881,0.000000,0.000000
2026-08-10,3020.000000,3021.800049,2969.899902,3010.000000,3010.000000,811593,0.000000,0.000000
2026-08-11,3062.000000,3062.000000,2980.000000,2995.500000,2995.500000,1422452,0.000000,0.000000
2026-08-12,3020.000000,3020.000000,2943.000000,2985.699951,2985.699951,1160458,0.000000,0.000000
2026-08-13,2986.199951,3019.500000,2932.800049,2964.899902,2964.899902,1302957,0.000000,0.000000
2026-08-14,2965.000000,3048.000000,2950.000000,3035.100098,3035.100098,1666749,0.000000,0.000000
2026-08-17,3049.000000,3058.600098,3005.500000,3007.300049,3007.300049,941404,0.000000,0.000000
2026-08-18,3014.000000,3036.000000,3002.500000,3002.500000,3002.500000,721988,0.000000,0.000000
2026-08-19,3012.699951,3019.000000,2967.300049,2990.300049,2990.300049,938700,0.000000,0.000000
2026-08-20,3000.000000,3011.000000,2990.000000,2994.899902,2994.899902,713687,0.000000,0.000000
2026-08-21,2995.000000,3007.500000,2981.000000,2997.000000,2997.000000,803177,0.000000,0.000000
2026-08-24,3010.000000,3019.800049,2971.500000,2998.600098,2998.600098,832518,0.000000,0.000000
2026-08-25,2998.000000,3110.000000,2962.500000,3110.000000,3110.000000,2025912,0.000000,0.000000
2026-08-26,3122.800049,3165.000000,3092.800049,3112.000000,3112.000000,2044729,0.000000,0.000000
2026-08-27,3125.000000,3169.000000,3125.000000,3169.000000,3169.000000,1793570,0.000000,0.000000
2026-08-28,3170.000000,3173.699951,3133.300049,3168.500000,3168.500000,530795,0.000000,0.000000
2026-08-31,3165.000000,3165.000000,2859.100098,2859.100098,2859.100098,12872435,0.000000,0.000000
2026-09-01,2910.000000,2942.500000,2846.000000,2863.899902,2863.899902,3862408,0.000000,0.000000
2026-09-02,2859.800049,2905.000000,2830.500000,2891.800049,2891.800049,1642492,0.000000,0.000000
2026-09-03,2905.000000,2920.500000,2885.199951,2901.000000,2901.000000,816124,0.000000,0.000000
2026-09-04,2900.000000,2965.000000,2882.800049,2938.000000,2938.000000,1060844,0.000000,0.000000
