Date,Open,High,Low,Close,Adj Close,Volume,Dividends,Stock Splits
2007-11-27,154.000000,207.000000,154.000000,191.800003,172.951736,27262365,0.000000,0.000000
2007-11-28,194.000000,197.800003,174.929993,177.000000,159.606125,21958915,0.000000,0.000000
2007-11-29,181.000000,182.800003,168.460007,177.399994,159.966782,25616715,0.000000,0.000000
2007-11-30,178.000000,191.399994,178.000000,185.800003,167.541351,23047035,0.000000,0.000000
2007-12-03,187.949997,198.860001,184.399994,196.000000,176.739014,14578850,0.000000,0.000000
2007-12-04,197.350006,211.000000,195.199997,209.800003,189.182892,22742860,0.000000,0.000000
2007-12-05,210.000000,219.800003,210.000000,216.800003,195.494980,13806600,0.000000,0.000000
2007-12-06,210.199997,221.520004,210.199997,218.020004,196.595078,8619680,0.000000,0.000000
2007-12-07,220.000000,226.740005,215.600006,220.000000,198.380524,11182820,0.000000,0.000000
2007-12-10,220.330002,222.000000,212.309998,214.710007,193.610382,5028390,0.000000,0.000000
2007-12-11,216.210007,217.800003,208.199997,209.199997,188.641846,3990645,0.000000,0.000000
2007-12-12,206.000000,212.600006,203.199997,207.380005,187.000702,3637865,0.000000,0.000000
2007-12-13,208.000000,230.000000,207.419998,226.229996,203.998260,15317195,0.000000,0.000000
2007-12-14,221.029999,227.979996,220.220001,221.399994,199.642929,5345960,0.000000,0.000000
2007-12-17,228.000000,233.600006,204.300003,208.850006,188.326233,7024775,0.000000,0.000000
2007-12-18,208.850006,208.850006,208.850006,208.850006,188.326233,0,0.000000,0.000000
2007-12-19,218.199997,223.199997,209.259995,213.380005,192.411057,4228330,0.000000,0.000000
2007-12-20,216.699997,216.699997,210.199997,212.039993,191.202744,3116440,0.000000,0.000000
2007-12-24,219.000000,238.399994,217.050003,231.360001,208.624191,10304460,0.000000,0.000000
2007-12-26,235.000000,242.800003,229.600006,239.979996,216.397049,7335155,0.000000,0.000000
2007-12-27,243.000000,248.000000,240.800003,242.330002,218.516159,4887475,0.000000,0.000000
2007-12-28,237.880005,254.800003,235.000000,249.820007,225.270111,5820690,0.000000,0.000000
2007-12-31,252.669998,259.000000,252.199997,253.759995,228.822906,3686245,0.000000,0.000000
2008-01-01,255.800003,263.799988,252.740005,259.369995,233.881622,2456740,0.000000,0.000000
2008-01-02,262.049988,264.799988,254.000000,261.489990,235.793274,3519075,0.000000,0.000000
2008-01-03,261.000000,262.940002,252.229996,255.160004,230.085297,2525290,0.000000,0.000000
2008-01-04,255.759995,258.959991,246.600006,248.070007,223.692062,2753975,0.000000,0.000000
2008-01-07,248.000000,255.779999,243.000000,245.449997,221.329529,3154815,0.000000,0.000000
2008-01-08,248.000000,251.000000,237.000000,240.960007,217.280762,2652495,0.000000,0.000000
2008-01-09,240.000000,242.000000,230.199997,236.050003,212.853287,3137535,0.000000,0.000000
2008-01-10,237.000000,239.960007,222.000000,224.309998,202.266998,2194030,0.000000,0.000000
2008-01-11,225.600006,226.000000,212.600006,217.169998,195.828598,3084690,0.000000,0.000000
2008-01-14,216.479996,216.479996,206.220001,207.029999,186.685043,4179580,0.000000,0.000000
2008-01-15,209.119995,215.740005,207.210007,209.910004,189.282074,4152465,0.000000,0.000000
2008-01-16,209.199997,212.800003,200.000000,206.080002,185.828445,4080940,0.000000,0.000000
2008-01-17,210.000000,210.699997,202.199997,204.179993,184.115128,1680015,0.000000,0.000000
2008-01-18,202.000000,214.399994,194.979996,198.919998,179.372070,3384270,0.000000,0.000000
2008-01-21,199.000000,201.000000,159.139999,165.009995,148.794388,788625,0.000000,0.000000
2008-01-22,140.000000,162.000000,132.009995,147.110001,132.653442,2730805,0.000000,0.000000
2008-01-23,152.000000,176.380005,152.000000,171.399994,154.556473,2677310,0.000000,0.000000
2008-01-24,175.000000,187.000000,162.399994,162.830002,146.828629,2555085,0.000000,0.000000
2008-01-25,164.000000,176.600006,164.000000,173.139999,156.125443,2020225,0.000000,0.000000
2008-01-28,167.000000,167.000000,156.639999,164.160004,148.027924,2335260,0.000000,0.000000
2008-01-29,168.000000,172.000000,164.009995,168.149994,151.625870,1100350,0.000000,0.000000
2008-01-30,169.960007,172.800003,164.449997,166.089996,149.768265,1430950,0.000000,0.000000
2008-01-31,166.199997,169.979996,162.509995,167.529999,151.066757,971500,0.000000,0.000000
2008-02-01,166.330002,170.460007,164.000000,165.070007,148.848495,1021955,0.000000,0.000000
2008-02-04,169.580002,174.479996,168.000000,171.220001,154.394119,1401150,0.000000,0.000000
2008-02-05,171.199997,171.399994,166.000000,166.860001,150.462585,810465,0.000000,0.000000
2008-02-06,160.600006,164.979996,156.000000,161.500000,145.629349,966300,0.000000,0.000000
2008-02-07,165.000000,166.000000,158.399994,159.250000,143.600433,1064660,0.000000,0.000000
2008-02-08,162.000000,166.000000,153.029999,156.809998,141.400208,1425125,0.000000,0.000000
2008-02-11,157.000000,157.000000,139.000000,142.240005,128.262054,1119775,0.000000,0.000000
2008-02-12,145.000000,146.990005,131.119995,136.259995,122.869667,1517045,0.000000,0.000000
2008-02-13,163.179993,163.179993,132.800003,134.190002,121.003098,214900,0.000000,0.000000
2008-02-14,136.000000,142.800003,136.000000,141.960007,128.009567,1345160,0.000000,0.000000
2008-02-15,140.000000,152.740005,136.250000,145.750000,131.427109,1765245,0.000000,0.000000
2008-02-18,147.000000,155.000000,147.000000,154.320007,139.154877,1712900,0.000000,0.000000
2008-02-19,155.800003,157.380005,152.039993,152.779999,137.766251,687060,0.000000,0.000000
2008-02-20,150.000000,152.000000,144.000000,146.419998,132.031219,987445,0.000000,0.000000
2008-02-21,152.399994,152.399994,146.020004,147.520004,133.023193,627790,0.000000,0.000000
2008-02-22,144.600006,147.399994,143.000000,144.800003,130.570465,405350,0.000000,0.000000
2008-02-25,145.009995,151.779999,140.460007,141.529999,127.621803,764015,0.000000,0.000000
2008-02-26,145.000000,148.800003,142.600006,147.160004,132.698547,1256345,0.000000,0.000000
2008-02-27,149.940002,156.679993,148.199997,149.279999,134.610199,1526600,0.000000,0.000000
2008-02-28,148.000000,150.979996,145.009995,147.550003,133.050217,562455,0.000000,0.000000
2008-02-29,147.600006,152.199997,145.080002,147.130005,132.671478,1019360,0.000000,0.000000
2008-03-03,145.000000,145.000000,138.460007,139.850006,126.106911,912550,0.000000,0.000000
2008-03-04,141.000000,141.789993,128.399994,133.850006,120.696510,2004980,0.000000,0.000000
2008-03-05,133.600006,134.399994,127.199997,128.179993,115.583687,1316315,0.000000,0.000000
2008-03-07,126.000000,126.000000,115.400002,121.949997,109.965935,2264745,0.000000,0.000000
2008-03-10,120.000000,122.000000,101.629997,120.230003,108.414948,1179830,0.000000,0.000000
2008-03-11,118.599998,127.150002,115.000000,124.739998,112.481743,1134150,0.000000,0.000000
2008-03-12,128.000000,129.990005,118.199997,120.580002,108.730560,1053695,0.000000,0.000000
2008-03-13,117.000000,120.000000,112.410004,113.260002,102.129883,827575,0.000000,0.000000
2008-03-14,113.800003,115.400002,110.809998,112.199997,101.174065,785945,0.000000,0.000000
2008-03-17,109.800003,109.800003,101.400002,102.290001,92.237923,1007885,0.000000,0.000000
2008-03-18,101.000000,105.000000,98.000000,100.480003,90.605797,1288085,0.000000,0.000000
2008-03-19,106.000000,106.000000,99.000000,99.550003,89.767197,980105,0.000000,0.000000
2008-03-24,100.400002,101.180000,93.000000,93.839996,84.618294,2714575,0.000000,0.000000
2008-03-25,95.000000,101.000000,93.010002,99.430000,89.658951,3733735,0.000000,0.000000
2008-03-26,100.400002,104.400002,98.050003,100.809998,90.903358,1392075,0.000000,0.000000
2008-03-27,99.220001,104.199997,97.199997,103.199997,93.058495,1798625,0.000000,0.000000
2008-03-28,103.000000,123.839996,103.000000,123.839996,111.670189,1546340,0.000000,0.000000
2008-03-31,125.000000,134.679993,114.000000,115.750000,104.375198,10674900,0.000000,0.000000
2008-04-01,117.000000,123.400002,116.949997,118.440002,106.800842,3644195,0.000000,0.000000
2008-04-02,124.760002,126.680000,120.199997,121.669998,109.713432,4337755,0.000000,0.000000
2008-04-03,122.199997,124.279999,118.419998,120.459999,108.622368,3900130,0.000000,0.000000
2008-04-04,122.800003,122.800003,117.000000,118.639999,106.981201,1934490,0.000000,0.000000
2008-04-07,119.000000,121.059998,114.000000,118.680000,107.017273,2330860,0.000000,0.000000
2008-04-08,125.000000,125.000000,117.019997,117.930000,106.340973,1088650,0.000000,0.000000
2008-04-09,116.099998,124.599998,115.029999,119.550003,107.801765,2537110,0.000000,0.000000
2008-04-10,123.000000,123.000000,117.199997,121.720001,109.758514,2475095,0.000000,0.000000
2008-04-11,122.000000,124.000000,121.000000,122.040001,110.047089,1507610,0.000000,0.000000
2008-04-15,121.000000,130.000000,120.000000,128.509995,115.881271,3662315,0.000000,0.000000
2008-04-16,131.399994,132.399994,126.400002,127.480003,114.952499,2202745,0.000000,0.000000
2008-04-17,129.759995,131.880005,124.209999,125.269997,112.959656,2212480,0.000000,0.000000
2008-04-21,128.000000,130.990005,126.620003,129.029999,116.350166,1285875,0.000000,0.000000
2008-04-22,128.000000,134.679993,127.629997,133.169998,120.083351,2873485,0.000000,0.000000
2008-04-23,135.000000,135.580002,130.479996,133.339996,120.236610,1812760,0.000000,0.000000
2008-04-24,133.600006,135.570007,131.619995,133.050003,119.975113,1279140,0.000000,0.000000
2008-04-25,134.000000,143.600006,131.820007,142.429993,128.433334,7553070,0.000000,0.000000
2008-04-28,145.000000,148.220001,140.600006,147.289993,132.815750,5360780,0.000000,0.000000
2008-04-29,147.649994,149.600006,142.220001,148.119995,133.564148,3002865,0.000000,0.000000
2008-04-30,148.000000,154.800003,143.000000,152.029999,137.089951,3655410,0.000000,0.000000
2008-05-02,153.250000,157.600006,152.729996,153.330002,138.262207,3037375,0.000000,0.000000
2008-05-05,136.339996,156.339996,136.339996,150.880005,136.052948,1242715,0.000000,0.000000
2008-05-06,146.000000,153.580002,145.020004,151.580002,136.684189,2093215,0.000000,0.000000
2008-05-07,152.399994,154.899994,149.000000,153.699997,138.595871,1476905,0.000000,0.000000
2008-05-08,152.000000,157.000000,150.399994,156.300003,140.940369,2113150,0.000000,0.000000
2008-05-09,154.089996,160.750000,154.000000,156.750000,141.346115,3288700,0.000000,0.000000
2008-05-12,143.839996,162.960007,143.839996,161.509995,145.638336,6228725,0.000000,0.000000
2008-05-13,163.679993,165.500000,157.229996,158.570007,142.987289,2345620,0.000000,0.000000
2008-05-14,158.000000,160.449997,156.399994,157.839996,142.329010,842295,0.000000,0.000000
2008-05-15,159.000000,161.779999,157.000000,158.169998,142.626587,698320,0.000000,0.000000
2008-05-16,159.000000,160.000000,154.240005,155.119995,139.876266,924180,0.000000,0.000000
2008-05-20,155.199997,180.940002,154.000000,176.809998,159.434784,17805685,0.000000,0.000000
2008-05-21,178.910004,185.199997,173.960007,180.270004,162.554764,12583100,0.000000,0.000000
2008-05-22,179.559998,182.990005,173.610001,176.880005,159.497940,6699380,0.000000,0.000000
2008-05-23,178.000000,180.800003,169.199997,170.729996,153.952316,3459065,0.000000,0.000000
2008-05-26,169.690002,181.080002,165.800003,177.490005,160.048019,5059040,0.000000,0.000000
2008-05-27,181.979996,185.199997,172.080002,174.610001,157.450989,6401400,0.000000,0.000000
2008-05-28,174.600006,176.600006,167.000000,168.199997,151.670929,3088380,0.000000,0.000000
2008-05-29,170.229996,173.580002,165.830002,166.970001,150.561813,2239530,0.000000,0.000000
2008-05-30,168.619995,169.539993,152.000000,158.080002,142.545380,4255780,0.000000,0.000000
2008-06-02,159.100006,165.399994,152.009995,153.160004,138.108887,4245850,0.000000,0.000000
2008-06-03,148.199997,153.979996,146.669998,147.880005,133.347778,2664250,0.000000,0.000000
2008-06-04,148.399994,151.139999,138.449997,140.440002,126.638939,1915440,0.000000,0.000000
2008-06-05,140.199997,141.779999,127.019997,131.509995,118.586464,3579815,0.000000,0.000000
2008-06-06,133.979996,136.250000,127.000000,127.919998,115.349258,2841970,0.000000,0.000000
2008-06-09,124.000000,125.199997,118.260002,122.519997,110.479904,2306670,0.000000,0.000000
2008-06-10,119.839996,123.769997,116.000000,117.849998,106.268829,2586135,0.000000,0.000000
2008-06-11,119.599998,126.279999,119.040001,121.419998,109.488014,3841800,0.000000,0.000000
2008-06-12,119.580002,120.879997,114.000000,118.699997,107.035309,2530485,0.000000,0.000000
2008-06-13,118.699997,122.980003,118.440002,120.059998,108.261642,2557780,0.000000,0.000000
2008-06-16,122.000000,127.959999,121.209999,124.180000,111.976776,4810680,0.000000,0.000000
2008-06-17,124.199997,126.949997,122.400002,126.120003,113.726143,1734210,0.000000,0.000000
2008-06-18,126.120003,131.800003,125.040001,125.779999,113.419556,3471990,0.000000,0.000000
2008-06-19,123.599998,130.800003,122.309998,129.830002,117.071564,3745810,0.000000,0.000000
2008-06-20,130.770004,132.179993,124.000000,124.849998,112.580933,3581665,0.000000,0.000000
2008-06-23,124.000000,124.000000,112.410004,114.209999,102.986534,4199165,0.000000,0.000000
2008-06-24,114.709999,118.000000,112.790001,113.739998,102.562721,3366790,0.000000,0.000000
2008-06-25,112.000000,112.599998,108.220001,109.940002,99.136139,3264390,0.000000,0.000000
2008-06-26,117.199997,117.199997,105.000000,105.690002,95.303787,3293845,0.000000,0.000000
2008-06-27,101.000000,102.769997,97.669998,99.199997,89.451584,3403335,0.000000,0.000000
2008-06-30,99.199997,102.019997,97.760002,98.830002,89.117935,1913815,0.000000,0.000000
2008-07-01,100.000000,101.000000,95.000000,95.629997,86.232407,1329330,0.000000,0.000000
2008-07-02,87.800003,101.989998,77.620003,96.260002,86.800507,9877350,0.000000,0.000000
2008-07-03,94.199997,94.400002,84.800003,88.669998,79.956360,5041115,0.000000,0.000000
2008-07-04,89.800003,91.980003,86.620003,90.080002,81.227791,2656325,0.000000,0.000000
2008-07-07,91.099998,98.800003,91.099998,93.470001,84.284660,2721810,0.000000,0.000000
2008-07-08,91.400002,95.779999,85.000000,91.889999,82.859932,2989255,0.000000,0.000000
2008-07-09,95.800003,110.269997,94.199997,110.269997,99.433723,11755215,0.000000,0.000000
2008-07-10,112.000000,120.589996,112.000000,113.550003,102.391411,17114200,0.000000,0.000000
2008-07-11,114.000000,116.000000,107.629997,109.269997,98.531975,4688250,0.000000,0.000000
2008-07-14,108.000000,114.400002,105.669998,106.980003,96.467049,5552560,0.000000,0.000000
2008-07-15,106.000000,106.199997,97.000000,97.599998,88.008812,4163170,0.000000,0.000000
2008-07-16,95.000000,101.199997,94.019997,95.639999,86.241409,3697585,0.000000,0.000000
2008-07-17,99.800003,101.000000,92.599998,95.750000,86.340614,3005685,0.000000,0.000000
2008-07-18,97.000000,98.680000,92.199997,93.480003,84.293686,4306840,0.000000,0.000000
2008-07-21,94.000000,97.760002,92.000000,95.269997,85.907761,3410565,0.000000,0.000000
2008-07-22,97.000000,105.180000,95.000000,103.290001,93.139648,7527325,0.000000,0.000000
2008-07-23,107.989998,113.760002,107.989998,110.709999,99.830482,4448180,0.000000,0.000000
2008-07-24,112.660004,118.599998,111.010002,116.919998,105.430222,5672650,0.000000,0.000000
2008-07-25,115.000000,122.180000,110.230003,117.559998,106.007339,7324370,0.000000,0.000000
2008-07-28,116.000000,121.389999,116.000000,117.690002,106.124557,3732325,0.000000,0.000000
2008-07-29,116.000000,123.400002,108.019997,110.940002,100.037888,11216705,0.000000,0.000000
2008-07-30,114.000000,117.000000,111.010002,112.779999,101.697083,5019235,0.000000,0.000000
2008-07-31,114.199997,117.000000,113.000000,115.599998,104.239944,3578765,0.000000,0.000000
2008-08-01,114.000000,116.800003,111.110001,115.250000,103.924347,3292850,0.000000,0.000000
2008-08-04,115.199997,119.580002,114.230003,117.010002,105.511375,2636195,0.000000,0.000000
2008-08-05,117.010002,120.000000,116.000000,117.400002,105.863052,2614045,0.000000,0.000000
2008-08-06,120.099998,121.080002,114.000000,115.330002,103.996475,2470665,0.000000,0.000000
2008-08-07,115.330002,118.000000,114.260002,114.750000,103.473480,2551555,0.000000,0.000000
2008-08-08,114.000000,118.139999,113.000000,116.309998,104.880165,2829625,0.000000,0.000000
2008-08-11,118.000000,120.400002,116.849998,118.199997,106.584442,2528650,0.000000,0.000000
2008-08-12,118.400002,126.699997,118.209999,125.300003,112.986710,10981260,0.000000,0.000000
2008-08-13,124.000000,127.400002,121.400002,122.949997,110.867653,4119835,0.000000,0.000000
2008-08-14,123.000000,123.790001,113.050003,114.459999,103.211960,2620450,0.000000,0.000000
2008-08-18,115.019997,117.760002,113.199997,114.750000,103.473480,1336990,0.000000,0.000000
2008-08-19,114.800003,115.879997,111.809998,113.779999,102.598801,992960,0.000000,0.000000
2008-08-20,114.400002,116.800003,114.400002,116.029999,104.627670,1098145,0.000000,0.000000
2008-08-21,116.000000,116.199997,112.400002,112.870003,101.778214,991000,0.000000,0.000000
2008-08-22,113.000000,115.900002,112.000000,115.180000,103.861221,1285000,0.000000,0.000000
2008-08-25,117.959999,119.260002,115.800003,116.440002,104.997391,2068825,0.000000,0.000000
2008-08-26,115.050003,115.599998,113.199997,113.730003,102.553719,1026585,0.000000,0.000000
2008-08-27,114.800003,115.300003,111.419998,112.160004,101.138008,939630,0.000000,0.000000
2008-08-28,110.330002,114.980003,110.330002,111.510002,100.551865,1550995,0.000000,0.000000
2008-08-29,113.400002,116.199997,113.400002,115.449997,104.104668,1400280,0.000000,0.000000
2008-09-01,114.980003,119.000000,114.059998,118.209999,106.593452,2798610,0.000000,0.000000
2008-09-02,119.019997,120.959999,117.250000,118.129997,106.521301,2493960,0.000000,0.000000
2008-09-04,117.199997,118.199997,115.599998,116.760002,105.285957,868825,0.000000,0.000000
2008-09-05,115.000000,116.940002,113.639999,114.150002,102.932426,962595,0.000000,0.000000
2008-09-08,117.760002,118.800003,115.379997,116.029999,104.627670,1128340,0.000000,0.000000
2008-09-09,116.000000,117.160004,115.000000,116.089996,104.681770,909095,0.000000,0.000000
2008-09-10,115.199997,120.400002,115.010002,117.930000,106.340973,2586170,0.000000,0.000000
2008-09-11,116.599998,119.360001,115.070000,115.919998,104.528496,1404905,0.000000,0.000000
2008-09-12,116.199997,116.989998,111.610001,112.550003,101.753006,851465,0.300000,0.000000
2008-09-15,110.000000,111.000000,102.019997,107.150002,96.871025,314195,0.000000,0.000000
2008-09-16,106.050003,108.900002,103.080002,107.669998,97.341133,1102925,0.000000,0.000000
2008-09-17,108.989998,109.160004,96.800003,98.730003,89.258759,1623750,0.000000,0.000000
2008-09-18,95.199997,95.199997,89.000000,90.949997,82.225105,3328495,0.000000,0.000000
2008-09-19,99.989998,99.989998,90.400002,91.279999,82.523438,3133560,0.000000,0.000000
2008-09-22,92.199997,95.529999,87.800003,88.769997,80.254227,3643265,0.000000,0.000000
2008-09-23,87.800003,90.980003,84.199997,88.510002,80.019180,2062220,0.000000,0.000000
2008-09-24,90.599998,90.599998,88.209999,89.379997,80.805710,1924885,0.000000,0.000000
2008-09-25,89.599998,89.800003,87.599998,87.989998,79.549057,710440,0.000000,0.000000
2008-09-26,85.900002,88.379997,85.800003,86.190002,77.921730,992275,0.000000,0.000000
2008-09-29,87.000000,89.000000,81.410004,84.570000,76.457138,1737485,0.000000,0.000000
2008-09-30,80.000000,87.199997,78.510002,86.330002,78.048286,1786865,0.000000,0.000000
2008-10-01,86.760002,88.000000,85.199997,86.820000,78.491287,1462065,0.000000,0.000000
2008-10-03,86.800003,87.970001,84.480003,86.370003,78.084488,1413285,0.000000,0.000000
2008-10-06,85.000000,86.599998,81.410004,82.430000,74.522430,1173260,0.000000,0.000000
2008-10-07,82.000000,94.400002,81.019997,83.050003,75.082947,3239595,0.000000,0.000000
2008-10-08,80.000000,81.989998,76.220001,79.349998,71.737877,2804625,0.000000,0.000000
2008-10-10,75.940002,77.599998,65.010002,69.879997,63.176357,2569640,0.000000,0.000000
2008-10-13,70.410004,77.500000,70.019997,76.019997,68.727341,1619750,0.000000,0.000000
2008-10-14,80.000000,82.400002,77.400002,79.739998,72.090477,1667105,0.000000,0.000000
2008-10-15,76.400002,78.599998,74.599998,76.080002,68.781609,663360,0.000000,0.000000
2008-10-16,70.510002,81.480003,68.410004,80.099998,72.415932,1646905,0.000000,0.000000
2008-10-17,81.680000,81.680000,77.660004,80.199997,72.506371,1002060,0.000000,0.000000
2008-10-20,80.019997,83.099998,76.059998,82.000000,74.133682,1226585,0.000000,0.000000
2008-10-21,83.580002,88.000000,80.400002,87.199997,78.834831,1158575,0.000000,0.000000
2008-10-22,85.000000,86.800003,83.769997,84.050003,75.987030,464545,0.000000,0.000000
2008-10-23,80.459999,83.000000,78.029999,81.059998,73.283844,479700,0.000000,0.000000
2008-10-24,79.599998,80.940002,72.230003,75.080002,67.877533,3025520,0.000000,0.000000
2008-10-27,75.000000,75.580002,64.300003,68.050003,61.521931,1312395,0.000000,0.000000
2008-10-29,74.940002,75.599998,67.629997,68.529999,61.955864,579595,0.000000,0.000000
2008-10-31,71.400002,73.000000,69.830002,71.580002,64.713280,1136485,0.000000,0.000000
2008-11-03,74.199997,74.599998,70.400002,71.070000,64.252197,2177680,0.000000,0.000000
2008-11-04,71.400002,71.400002,68.000000,69.459999,62.796646,2131475,0.000000,0.000000
2008-11-05,72.000000,73.779999,70.480003,70.949997,64.143715,1822980,0.000000,0.000000
2008-11-06,66.250000,71.699997,66.250000,69.660004,62.977470,842820,0.000000,0.000000
2008-11-07,69.599998,70.199997,67.510002,68.230003,61.684643,1050820,0.000000,0.000000
2008-11-10,69.790001,70.580002,68.110001,68.650002,62.064362,869315,0.000000,0.000000
2008-11-11,69.000000,72.000000,68.220001,69.250000,62.606812,1457725,0.000000,0.000000
2008-11-12,69.800003,69.800003,67.000000,67.910004,61.395355,946550,0.000000,0.000000
2008-11-14,68.440002,70.199997,64.000000,64.570000,58.375751,664950,0.000000,0.000000
2008-11-17,65.449997,67.360001,63.209999,65.889999,59.569126,1305975,0.000000,0.000000
2008-11-18,65.000000,65.559998,63.520000,64.959999,58.728344,396850,0.000000,0.000000
2008-11-19,64.839996,66.370003,60.639999,61.959999,56.016132,389810,0.000000,0.000000
2008-11-20,61.959999,61.959999,61.959999,61.959999,56.016132,0,0.000000,0.000000
2008-11-21,58.000000,58.779999,55.000000,57.130001,51.649471,586155,0.000000,0.000000
2008-11-24,57.599998,58.000000,55.200001,56.180000,50.790611,991255,0.000000,0.000000
2008-11-25,57.200001,57.980000,54.410000,55.080002,49.796139,529480,0.000000,0.000000
2008-11-26,55.240002,55.939999,53.000000,53.689999,48.539486,438245,0.000000,0.000000
2008-11-27,53.689999,53.689999,53.689999,53.689999,48.539486,0,0.000000,0.000000
2008-11-28,53.400002,53.400002,51.200001,51.590000,46.640942,347390,0.000000,0.000000
2008-12-01,51.400002,55.000000,51.000000,53.130001,48.033203,698365,0.000000,0.000000
2008-12-02,51.599998,52.509998,50.730000,51.889999,46.912159,568195,0.000000,0.000000
2008-12-03,52.220001,53.990002,51.849998,52.509998,47.472683,372925,0.000000,0.000000
2008-12-04,52.439999,54.400002,52.439999,54.060001,48.873985,378270,0.000000,0.000000
2008-12-05,54.430000,56.340000,53.040001,53.880001,48.711246,342500,0.000000,0.000000
2008-12-08,55.009998,56.400002,52.630001,53.049999,47.960873,352125,0.000000,0.000000
2008-12-10,53.310001,56.779999,53.200001,55.880001,50.519394,1937505,0.000000,0.000000
2008-12-11,56.889999,59.290001,56.060001,56.849998,51.396336,1245975,0.000000,0.000000
2008-12-12,56.000000,57.779999,54.400002,56.529999,51.107037,466565,0.000000,0.000000
2008-12-15,58.799999,60.380001,57.200001,58.639999,53.014626,955645,0.000000,0.000000
2008-12-16,58.599998,65.580002,58.580002,64.209999,58.050289,2245155,0.000000,0.000000
2008-12-17,65.500000,69.220001,60.419998,61.549999,55.645470,3430170,0.000000,0.000000
2008-12-18,63.000000,63.939999,61.009998,62.880001,56.847870,1010580,0.000000,0.000000
2008-12-19,63.200001,65.440002,62.200001,64.110001,57.959885,1156945,0.000000,0.000000
2008-12-22,64.400002,65.199997,62.000000,62.340000,56.359688,500665,0.000000,0.000000
2008-12-23,61.599998,63.759998,60.220001,61.930000,55.989017,788775,0.000000,0.000000
2008-12-24,61.020000,63.599998,61.020000,62.560001,56.558567,663115,0.000000,0.000000
2008-12-26,62.700001,63.389999,60.599998,61.090000,55.229595,340495,0.000000,0.000000
2008-12-29,62.000000,63.799999,60.400002,63.150002,57.091972,395420,0.000000,0.000000
2008-12-30,65.160004,67.000000,62.619999,63.939999,57.806190,579400,0.000000,0.000000
2008-12-31,64.599998,65.940002,64.599998,65.059998,58.818752,656370,0.000000,0.000000
2009-01-02,67.300003,68.940002,65.800003,66.250000,59.894577,845745,0.000000,0.000000
2009-01-05,67.059998,79.000000,66.599998,78.080002,70.589737,7391260,0.000000,0.000000
2009-01-06,79.400002,81.779999,76.050003,79.040001,71.457619,6701300,0.000000,0.000000
2009-01-07,80.000000,81.379997,69.419998,70.410004,63.655533,3134815,0.000000,0.000000
2009-01-09,69.129997,72.800003,63.610001,67.599998,61.115078,1145965,0.000000,0.000000
2009-01-12,68.599998,76.459999,68.599998,73.970001,66.873993,4197475,0.000000,0.000000
2009-01-13,74.599998,74.800003,65.720001,69.949997,63.239643,3005700,0.000000,0.000000
2009-01-14,73.000000,77.900002,72.269997,76.949997,69.568130,2716150,0.000000,0.000000
2009-01-15,76.000000,76.000000,72.199997,74.620003,67.461647,1308450,0.000000,0.000000
2009-01-16,75.000000,77.000000,73.400002,75.089996,67.886543,1114925,0.000000,0.000000
2009-01-19,75.940002,75.940002,72.019997,72.540001,65.581192,736710,0.000000,0.000000
2009-01-20,72.000000,76.500000,70.400002,75.010002,67.814232,2351065,0.000000,0.000000
2009-01-21,74.000000,75.000000,70.629997,71.309998,64.469177,812250,0.000000,0.000000
2009-01-22,72.800003,74.339996,70.820000,73.820000,66.738411,775160,0.000000,0.000000
2009-01-23,73.820000,74.580002,71.820000,72.779999,65.798164,1450025,0.000000,0.000000
2009-01-27,74.000000,76.000000,73.599998,75.139999,67.931763,669085,0.000000,0.000000
2009-01-28,76.199997,79.339996,75.599998,78.910004,71.340118,1065380,0.000000,0.000000
2009-01-29,80.000000,80.400002,76.000000,76.290001,68.971451,602255,0.000000,0.000000
2009-01-30,75.300003,80.599998,75.300003,77.230003,69.821274,2848685,0.000000,0.000000
2009-02-02,77.980003,80.400002,76.599998,77.919998,70.445076,1660110,0.000000,0.000000
2009-02-03,78.400002,79.379997,76.000000,76.120003,68.817772,649825,0.000000,0.000000
2009-02-04,77.000000,77.790001,73.400002,73.709999,66.638939,1535480,0.000000,0.000000
2009-02-05,74.400002,74.400002,72.620003,73.580002,66.521431,1002950,0.000000,0.000000
2009-02-06,74.400002,75.900002,74.000000,75.040001,67.841370,1224575,0.000000,0.000000
2009-02-09,75.110001,77.500000,75.070000,77.099998,69.703728,887920,0.000000,0.000000
2009-02-10,77.199997,80.599998,74.800003,75.290001,68.067360,1699745,0.000000,0.000000
2009-02-11,74.800003,75.599998,73.000000,74.320000,67.190422,610650,0.000000,0.000000
2009-02-12,74.239998,75.940002,73.199997,73.480003,66.431007,955890,0.000000,0.000000
2009-02-13,74.599998,75.599998,73.309998,73.660004,66.593742,794180,0.000000,0.000000
2009-02-16,74.540001,74.540001,71.349998,71.709999,64.830811,756460,0.000000,0.000000
2009-02-17,71.000000,71.400002,68.800003,69.190002,62.552551,455565,0.000000,0.000000
2009-02-18,68.000000,69.339996,66.599998,66.830002,60.770279,615345,0.400000,0.000000
2009-02-19,66.800003,71.339996,66.400002,70.400002,64.016571,2367930,0.000000,0.000000
2009-02-20,69.599998,72.300003,69.400002,70.250000,63.880165,1852180,0.000000,0.000000
2009-02-24,68.309998,71.800003,68.309998,69.239998,62.961735,1219910,0.000000,0.000000
2009-02-25,70.400002,70.800003,68.599998,69.050003,62.788971,1152375,0.000000,0.000000
2009-02-26,68.760002,69.760002,68.000000,69.019997,62.761688,1079160,0.000000,0.000000
2009-02-27,68.250000,69.320000,67.459999,68.330002,62.134258,1957565,0.000000,0.000000
2009-03-02,66.660004,67.889999,61.400002,63.270000,57.533077,2292915,0.000000,0.000000
2009-03-03,60.240002,63.330002,60.240002,61.320000,55.759884,631700,0.000000,0.000000
2009-03-04,61.029999,63.799999,58.250000,62.799999,57.105698,2346270,0.000000,0.000000
2009-03-05,60.639999,63.980000,60.099998,62.160000,56.523720,975945,0.000000,0.000000
2009-03-06,60.299999,62.450001,60.299999,61.959999,56.341854,687510,0.000000,0.000000
2009-03-09,61.080002,62.680000,59.000000,59.580002,54.177654,493665,0.000000,0.000000
2009-03-12,60.570000,60.900002,58.849998,59.580002,54.177654,730430,0.000000,0.000000
2009-03-13,60.200001,62.880001,60.200001,62.340000,56.687401,657630,0.000000,0.000000
2009-03-16,62.599998,63.279999,61.619999,62.439999,56.778320,435695,0.000000,0.000000
2009-03-17,62.599998,65.199997,61.700001,62.070000,56.441879,1134420,0.000000,0.000000
2009-03-18,62.599998,66.400002,62.599998,65.320000,59.397186,1452240,0.000000,0.000000
2009-03-19,65.599998,66.879997,62.200001,62.529999,56.860172,1293020,0.000000,0.000000
2009-03-20,61.270000,64.379997,61.270000,62.860001,57.160255,732710,0.000000,0.000000
2009-03-23,63.000000,65.180000,63.000000,64.430000,58.587887,892205,0.000000,0.000000
2009-03-24,65.000000,66.199997,62.599998,62.860001,57.160255,1041025,0.000000,0.000000
2009-03-25,63.000000,65.190002,62.799999,64.839996,58.960712,609980,0.000000,0.000000
2009-03-26,65.000000,66.550003,63.529999,64.320000,58.487881,830860,0.000000,0.000000
2009-03-27,58.000000,65.370003,58.000000,61.630001,56.041779,46210690,0.000000,0.000000
2009-03-30,64.199997,65.300003,60.619999,63.619999,57.851330,3605440,0.000000,0.000000
2009-03-31,63.820000,65.599998,63.650002,64.660004,58.797043,1915045,0.000000,0.000000
2009-04-01,64.660004,69.349998,64.660004,68.160004,61.979687,9438590,0.000000,0.000000
2009-04-02,69.980003,71.000000,68.449997,69.449997,63.152714,6387430,0.000000,0.000000
2009-04-06,71.000000,78.209999,70.019997,77.029999,70.045418,7880855,0.000000,0.000000
2009-04-08,74.680000,74.680000,71.720001,73.129997,66.499023,3557795,0.000000,0.000000
2009-04-09,74.879997,77.779999,74.019997,75.660004,68.799622,4646875,0.000000,0.000000
2009-04-13,77.000000,77.980003,75.070000,76.019997,69.126976,1438090,0.000000,0.000000
2009-04-15,75.000000,81.790001,73.610001,79.940002,72.691544,5416915,0.000000,0.000000
2009-04-16,77.059998,83.029999,74.050003,76.040001,69.145172,3053720,0.000000,0.000000
2009-04-17,77.000000,80.599998,74.800003,75.400002,68.563217,2538755,0.000000,0.000000
2009-04-20,75.800003,77.800003,75.199997,75.760002,68.890564,1310245,0.000000,0.000000
2009-04-21,74.599998,76.680000,74.000000,75.919998,69.036049,1186580,0.000000,0.000000
2009-04-22,76.489998,80.000000,76.250000,77.360001,70.345505,3122725,0.000000,0.000000
2009-04-23,78.940002,80.379997,75.000000,78.309998,71.209335,2400665,0.000000,0.000000
2009-04-24,78.440002,83.940002,78.199997,80.699997,73.382629,6069835,0.000000,0.000000
2009-04-27,80.529999,82.379997,77.500000,77.940002,70.872902,2684800,0.000000,0.000000
2009-04-28,78.400002,79.059998,73.110001,73.900002,67.199219,1299665,0.000000,0.000000
2009-04-29,75.000000,78.419998,74.699997,77.750000,70.700111,1737030,0.000000,0.000000
2009-04-30,77.750000,77.750000,77.750000,77.750000,70.700111,0,0.000000,0.000000
2009-05-04,78.400002,81.779999,78.269997,81.059998,73.709984,2346715,0.000000,0.000000
2009-05-05,80.400002,85.559998,80.400002,82.110001,74.664795,3172165,0.000000,0.000000
2009-05-06,82.760002,84.419998,79.239998,80.269997,72.991600,1592145,0.000000,0.000000
2009-05-07,80.199997,82.900002,80.199997,82.389999,74.919395,1400675,0.000000,0.000000
2009-05-08,81.599998,85.680000,81.250000,82.639999,75.146721,2572590,0.000000,0.000000
2009-05-11,83.400002,84.599998,79.599998,80.690002,73.373528,1552905,0.000000,0.000000
2009-05-12,81.000000,82.449997,78.239998,81.629997,74.228294,2402700,0.000000,0.000000
2009-05-13,80.260002,90.320000,80.260002,87.720001,79.766090,7058345,0.000000,0.000000
2009-05-14,80.199997,93.400002,72.449997,92.389999,84.012650,6401610,0.000000,0.000000
2009-05-15,92.839996,97.099998,92.839996,94.349998,85.794937,4831275,0.000000,0.000000
2009-05-18,99.980003,113.199997,99.980003,104.669998,95.179184,61830,0.000000,0.000000
2009-05-19,120.000000,120.000000,90.250000,105.750000,96.161263,4739615,0.000000,0.000000
2009-05-20,107.580002,114.139999,105.400002,107.300003,97.570709,6424115,0.000000,0.000000
2009-05-21,106.400002,115.239998,106.400002,111.820000,101.680855,5535565,0.000000,0.000000
2009-05-22,111.820000,113.550003,108.000000,109.260002,99.352982,1823790,0.000000,0.000000
2009-05-25,110.239998,123.139999,110.000000,119.959999,109.082787,7456625,0.000000,0.000000
2009-05-26,121.480003,125.370003,114.250000,115.250000,104.799858,4614125,0.000000,0.000000
2009-05-27,118.220001,119.599998,116.669998,117.940002,107.245949,1282830,0.000000,0.000000
2009-05-28,118.879997,118.980003,116.300003,117.699997,107.027695,977865,0.000000,0.000000
2009-05-29,118.199997,129.800003,118.199997,122.239998,111.156036,4723135,0.000000,0.000000
2009-06-01,124.900002,131.800003,124.019997,130.229996,118.421547,4107615,0.000000,0.000000
2009-06-02,132.399994,132.759995,122.510002,125.800003,114.393250,2127755,0.000000,0.000000
2009-06-03,127.000000,129.639999,116.199997,120.190002,109.291924,3195210,0.000000,0.000000
2009-06-04,119.400002,124.800003,118.099998,124.050003,112.801926,1730245,0.000000,0.000000
2009-06-05,126.000000,127.599998,124.199997,125.330002,113.965866,1853450,0.000000,0.000000
2009-06-08,126.379997,128.979996,121.400002,124.449997,113.165665,2598015,0.000000,0.000000
2009-06-09,124.220001,136.899994,122.000000,136.039993,123.704720,4192215,0.000000,0.000000
2009-06-10,139.539993,140.600006,131.250000,137.479996,125.014168,4020065,0.000000,0.000000
2009-06-11,137.479996,137.940002,131.000000,134.960007,122.722694,1425295,0.000000,0.000000
2009-06-12,135.199997,141.000000,131.020004,133.119995,121.049515,2582600,0.000000,0.000000
2009-06-15,132.699997,133.800003,125.400002,126.059998,114.629662,2170780,0.000000,0.000000
2009-06-16,123.199997,129.000000,122.800003,126.709999,115.220718,1652170,0.000000,0.000000
2009-06-17,129.399994,132.000000,122.000000,122.750000,111.619781,2675530,0.000000,0.000000
2009-06-18,124.000000,127.000000,121.400002,123.540001,112.338165,2868540,0.000000,0.000000
2009-06-19,124.790001,126.970001,122.220001,123.839996,112.610954,2975485,0.000000,0.000000
2009-06-22,124.980003,124.980003,122.010002,123.570000,112.365440,2288380,0.000000,0.000000
2009-06-23,120.459999,122.610001,114.110001,120.169998,109.273735,1648215,0.000000,0.000000
2009-06-24,121.000000,124.599998,120.419998,122.510002,111.401558,902905,0.000000,0.000000
2009-06-25,123.980003,126.400002,121.599998,122.279999,111.192421,993425,0.000000,0.000000
2009-06-26,123.199997,125.699997,122.760002,122.989998,111.838036,941885,0.000000,0.000000
2009-06-29,124.389999,129.779999,124.000000,126.959999,115.448067,1683825,0.000000,0.000000
2009-06-30,127.970001,128.880005,119.529999,120.820000,109.864792,1212140,0.000000,0.000000
2009-07-01,122.000000,124.000000,118.000000,121.559998,110.537704,1550140,0.000000,0.000000
2009-07-02,122.769997,122.900002,117.010002,117.849998,107.164078,1166940,0.000000,0.000000
2009-07-03,117.800003,118.919998,115.269997,117.169998,106.545753,2108950,0.000000,0.000000
2009-07-06,119.199997,119.940002,106.610001,107.970001,98.179970,1783135,0.000000,0.000000
2009-07-07,109.400002,110.949997,104.000000,104.209999,94.760895,1602385,0.000000,0.000000
2009-07-08,103.500000,103.500000,98.209999,101.150002,91.978355,1653535,0.000000,0.000000
2009-07-09,102.470001,102.980003,98.250000,98.959999,89.986931,905865,0.000000,0.000000
2009-07-10,99.699997,105.360001,99.489998,103.220001,93.860664,5260355,0.000000,0.000000
2009-07-13,102.000000,103.000000,99.940002,101.199997,92.023796,949800,0.000000,0.000000
2009-07-14,103.000000,107.940002,102.000000,105.019997,95.497452,4399615,0.000000,0.000000
2009-07-15,106.199997,109.559998,105.820000,108.029999,98.234512,2720310,0.000000,0.000000
2009-07-16,110.000000,110.199997,105.000000,105.779999,96.188545,1104350,0.000000,0.000000
2009-07-17,107.000000,109.800003,106.820000,108.709999,98.852867,1478485,0.000000,0.000000
2009-07-20,109.400002,111.980003,109.199997,110.349998,100.344154,1532335,0.000000,0.000000
2009-07-21,110.000000,111.489998,108.410004,110.660004,100.626030,1452735,0.000000,0.000000
2009-07-22,111.300003,114.180000,110.010002,111.190002,101.107994,1560975,0.000000,0.000000
2009-07-23,113.000000,113.580002,110.839996,111.449997,101.344406,916475,0.000000,0.000000
2009-07-24,113.000000,113.199997,111.110001,111.690002,101.562660,817880,0.000000,0.000000
2009-07-27,112.580002,112.800003,109.599998,111.820000,101.680855,799480,0.000000,0.000000
2009-07-28,112.000000,115.599998,110.709999,112.209999,102.035500,1024430,0.000000,0.000000
2009-07-29,112.000000,112.220001,107.610001,109.169998,99.271133,754145,0.000000,0.000000
2009-07-30,109.000000,114.000000,108.419998,111.410004,101.308044,1996945,0.000000,0.000000
2009-07-31,114.879997,122.940002,112.269997,120.269997,109.364655,8675780,0.000000,0.000000
2009-08-03,119.879997,124.800003,118.400002,120.150002,109.255562,4752020,0.000000,0.000000
2009-08-04,120.800003,123.599998,119.059998,120.080002,109.191887,2937470,0.000000,0.000000
2009-08-05,120.199997,121.540001,118.639999,119.449997,108.619034,1700760,0.000000,0.000000
2009-08-06,119.980003,119.980003,113.599998,114.260002,103.899612,1059220,0.000000,0.000000
2009-08-07,113.599998,115.000000,107.099998,108.070000,98.270889,2246430,0.000000,0.000000
2009-08-10,110.400002,113.599998,108.230003,112.290001,102.108238,2032535,0.000000,0.000000
2009-08-11,112.400002,113.800003,108.800003,109.510002,99.580338,1090665,0.000000,0.000000
2009-08-12,109.980003,110.400002,107.699997,108.910004,99.034729,876500,0.000000,0.000000
2009-08-13,110.000000,112.400002,109.400002,110.730003,100.689705,1332100,0.000000,0.000000
2009-08-14,111.599998,113.400002,109.379997,110.480003,100.462364,1506010,0.000000,0.000000
2009-08-17,108.330002,109.599998,108.000000,108.389999,98.740623,1294815,0.200000,0.000000
2009-08-18,108.000000,108.800003,105.400002,107.059998,97.529022,1085890,0.000000,0.000000
2009-08-19,107.699997,111.360001,105.599998,106.029999,96.590729,2193810,0.000000,0.000000
2009-08-20,107.199997,108.599998,106.000000,106.050003,96.608925,744805,0.000000,0.000000
2009-08-21,106.000000,106.639999,104.400002,105.760002,96.344749,1390230,0.000000,0.000000
2009-08-24,106.570000,109.000000,106.099998,107.550003,97.975403,1207660,0.000000,0.000000
2009-08-25,107.410004,110.540001,107.029999,108.489998,98.831711,1200325,0.000000,0.000000
2009-08-26,108.760002,112.800003,108.760002,110.589996,100.744781,1449910,0.000000,0.000000
2009-08-27,110.980003,119.790001,110.589996,116.940002,106.529449,6384055,0.000000,0.000000
2009-08-28,117.680000,117.800003,112.599998,113.839996,103.705444,2652605,0.000000,0.000000
2009-08-31,113.099998,117.239998,111.019997,111.500000,101.573746,2341605,0.000000,0.000000
2009-09-01,112.769997,113.739998,106.419998,107.110001,97.574554,2167715,0.000000,0.000000
2009-09-02,107.110001,108.599998,104.650002,105.209999,95.843719,1714700,0.000000,0.000000
2009-09-03,106.879997,110.379997,106.620003,109.230003,99.505844,1695685,0.000000,0.000000
2009-09-04,109.760002,110.800003,107.519997,110.040001,100.243744,907015,0.000000,0.000000
2009-09-07,111.000000,114.400002,110.199997,113.589996,103.477692,1676900,0.000000,0.000000
2009-09-08,113.989998,114.779999,108.220001,108.910004,99.214340,2238930,0.000000,0.000000
2009-09-09,110.599998,110.779999,107.080002,108.029999,98.412666,1404150,0.000000,0.000000
2009-09-10,109.599998,110.400002,107.559998,108.070000,98.449112,1070170,0.000000,0.000000
2009-09-11,108.400002,109.000000,106.239998,106.800003,97.292175,883540,0.000000,0.000000
2009-09-14,107.599998,107.970001,105.000000,107.040001,97.510803,773120,0.000000,0.000000
2009-09-15,107.400002,109.959999,107.209999,109.449997,99.706245,886180,0.000000,0.000000
2009-09-16,110.050003,110.800003,107.000000,107.989998,98.376221,1741850,0.000000,0.000000
2009-09-17,108.199997,109.580002,106.400002,106.989998,97.465256,966905,0.000000,0.000000
2009-09-18,106.800003,109.070000,106.629997,107.050003,97.519905,1410940,0.000000,0.000000
2009-09-22,107.949997,111.410004,106.599998,108.529999,98.868149,2679710,0.000000,0.000000
2009-09-23,107.820000,109.940002,107.000000,107.500000,97.929855,1156820,0.000000,0.000000
2009-09-24,106.980003,107.599998,105.580002,106.339996,96.873131,1009530,0.000000,0.000000
2009-09-25,105.199997,109.139999,105.000000,105.690002,96.280991,1762985,0.000000,0.000000
2009-09-29,105.599998,106.959999,104.839996,105.199997,95.834618,1142385,0.000000,0.000000
2009-09-30,105.199997,106.790001,103.250000,103.970001,94.714104,2715510,0.000000,0.000000
2009-10-01,104.360001,106.599998,104.239998,105.110001,95.752617,1100940,0.000000,0.000000
2009-10-05,105.379997,106.379997,102.809998,102.959999,93.794022,1643350,0.000000,0.000000
2009-10-06,105.000000,105.000000,100.000000,102.190002,93.092590,1663110,0.000000,0.000000
2009-10-07,102.989998,103.800003,101.599998,102.099998,93.010590,1331755,0.000000,0.000000
2009-10-08,102.839996,106.199997,101.580002,105.040001,95.688843,3507120,0.000000,0.000000
2009-10-09,105.400002,109.000000,105.400002,107.620003,98.039169,4666810,0.000000,0.000000
2009-10-12,108.330002,109.419998,106.839996,107.540001,97.966293,1338775,0.000000,0.000000
2009-10-13,107.540001,107.540001,107.540001,107.540001,97.966293,0,0.000000,0.000000
2009-10-14,108.000000,111.220001,107.599998,110.370003,100.544357,3312630,0.000000,0.000000
2009-10-15,111.959999,112.690002,110.400002,111.139999,101.245804,2834835,0.000000,0.000000
2009-10-16,111.959999,112.800003,109.489998,111.010002,101.127388,1700430,0.000000,0.000000
2009-10-20,110.400002,110.980003,108.129997,109.470001,99.724487,1608990,0.000000,0.000000
2009-10-21,109.269997,110.800003,107.500000,108.099998,98.476448,959450,0.000000,0.000000
2009-10-22,107.599998,107.820000,104.239998,105.029999,95.679726,854990,0.000000,0.000000
2009-10-23,106.980003,106.980003,103.599998,103.930000,94.677673,812390,0.000000,0.000000
2009-10-26,104.790001,106.000000,102.400002,105.320000,95.943932,1101245,0.000000,0.000000
2009-10-27,104.400002,106.199997,101.199997,101.690002,92.637093,1433930,0.000000,0.000000
2009-10-28,100.400002,103.779999,100.400002,102.860001,93.702927,561490,0.000000,0.000000
2009-10-29,101.580002,103.320000,101.000000,101.629997,92.582436,648805,0.000000,0.000000
2009-10-30,102.599998,105.790001,93.430000,100.029999,91.124863,6740830,0.000000,0.000000
2009-11-03,100.000000,100.000000,94.800003,96.279999,87.708710,1918265,0.000000,0.000000
2009-11-04,98.900002,98.980003,96.440002,98.339996,89.585312,1217495,0.000000,0.000000
2009-11-05,98.180000,106.900002,97.650002,105.830002,96.408531,3932845,0.000000,0.000000
2009-11-06,106.870003,106.940002,104.239998,105.070000,95.716179,928200,0.000000,0.000000
2009-11-09,105.739998,109.699997,104.570000,107.099998,97.565445,1999680,0.000000,0.000000
2009-11-10,108.000000,108.559998,103.379997,103.790001,94.550148,722800,0.000000,0.000000
2009-11-11,104.000000,106.570000,104.000000,105.790001,96.372078,817285,0.000000,0.000000
2009-11-12,105.599998,110.400002,105.599998,108.360001,98.713303,2022500,0.000000,0.000000
2009-11-13,108.849998,109.779999,107.070000,108.570000,98.904587,965160,0.000000,0.000000
2009-11-16,109.000000,110.930000,107.800003,109.040001,99.332756,1585265,0.000000,0.000000
2009-11-17,113.940002,113.940002,105.620003,106.000000,96.563377,500655,0.000000,0.000000
2009-11-18,105.800003,109.370003,105.449997,106.860001,97.346840,1067010,0.000000,0.000000
2009-11-19,106.860001,108.800003,106.669998,107.830002,98.230484,651250,0.000000,0.000000
2009-11-20,107.000000,108.959999,106.199997,107.070000,97.538132,989595,0.000000,0.000000
2009-11-23,108.000000,110.839996,108.000000,110.320000,100.498795,1230950,0.000000,0.000000
2009-11-24,110.800003,111.000000,108.800003,109.739998,99.970436,1228715,0.000000,0.000000
2009-11-25,110.000000,112.199997,108.000000,109.559998,99.806458,1403720,0.000000,0.000000
2009-11-26,110.000000,110.599998,108.800003,109.430000,99.688049,640705,0.000000,0.000000
2009-11-27,108.080002,108.559998,105.199997,106.209999,96.754684,835645,0.000000,0.000000
2009-11-30,107.000000,109.000000,107.000000,108.570000,98.904587,720815,0.000000,0.000000
2009-12-01,108.199997,111.800003,107.400002,111.360001,101.446213,1065850,0.000000,0.000000
2009-12-02,111.800003,114.800003,111.220001,113.889999,103.750999,2544320,0.000000,0.000000
2009-12-03,114.599998,115.480003,113.410004,114.529999,104.334007,1085165,0.000000,0.000000
2009-12-04,114.279999,116.959999,113.019997,113.410004,103.313713,894280,0.000000,0.000000
2009-12-07,113.989998,115.400002,111.000000,111.320000,101.409775,456675,0.000000,0.000000
2009-12-08,111.919998,115.160004,110.660004,114.750000,104.534431,1345555,0.000000,0.000000
2009-12-09,113.500000,116.599998,111.430000,111.989998,102.020142,907065,0.000000,0.000000
2009-12-10,112.019997,113.800003,112.000000,112.650002,102.621376,423210,0.000000,0.000000
2009-12-11,113.000000,114.779999,111.639999,113.709999,103.586998,685355,0.000000,0.000000
2009-12-14,112.820000,115.000000,110.800003,113.209999,103.131531,430555,0.000000,0.000000
2009-12-15,113.209999,114.360001,111.190002,111.750000,101.801491,425600,0.000000,0.000000
2009-12-16,112.000000,112.540001,109.699997,110.500000,100.662773,291480,0.000000,0.000000
2009-12-17,110.599998,111.099998,108.820000,109.730003,99.961327,609605,0.000000,0.000000
2009-12-18,109.839996,110.000000,108.199997,108.610001,98.941032,1305290,0.000000,0.000000
2009-12-21,108.199997,112.650002,107.830002,108.900002,99.205215,1080730,0.000000,0.000000
2009-12-22,109.529999,111.570000,107.599998,108.000000,98.385338,440775,0.000000,0.000000
2009-12-23,108.000000,109.639999,107.699997,108.629997,98.959267,1019960,0.000000,0.000000
2009-12-24,109.489998,112.199997,108.639999,111.389999,101.473557,603450,0.000000,0.000000
2009-12-29,112.000000,112.779999,109.400002,110.389999,100.562576,704655,0.000000,0.000000
2009-12-30,111.400002,111.879997,109.599998,109.989998,100.198189,584275,0.000000,0.000000
2009-12-31,108.080002,112.900002,108.080002,110.690002,100.835876,729535,0.000000,0.000000
2010-01-04,111.000000,112.559998,110.699997,111.349998,101.437103,1079040,0.000000,0.000000
2010-01-05,111.959999,116.699997,111.800003,115.190002,104.935265,2112500,0.000000,0.000000
2010-01-06,115.800003,122.000000,113.070000,120.900002,110.136932,5761450,0.000000,0.000000
2010-01-07,121.489998,123.209999,119.000000,119.470001,108.834213,3174260,0.000000,0.000000
2010-01-08,119.400002,121.699997,118.639999,119.330002,108.706696,1220560,0.000000,0.000000
2010-01-11,120.599998,126.980003,119.599998,123.389999,112.405243,5512030,0.000000,0.000000
2010-01-12,124.400002,128.399994,123.269997,125.239998,114.090553,4366170,0.000000,0.000000
2010-01-13,123.050003,130.970001,105.000000,129.970001,118.399467,4475290,0.000000,0.000000
2010-01-14,131.479996,132.550003,127.250000,127.839996,116.459091,3020830,0.000000,0.000000
2010-01-15,128.600006,130.399994,127.070000,129.809998,118.253716,2396195,0.000000,0.000000
2010-01-18,128.309998,131.600006,128.309998,129.809998,118.253716,2031560,0.000000,0.000000
2010-01-19,130.399994,130.759995,126.000000,126.459999,115.201935,769910,0.000000,0.000000
2010-01-20,127.080002,129.000000,124.120003,124.730003,113.625946,843480,0.000000,0.000000
2010-01-21,124.300003,128.979996,122.599998,124.680000,113.580421,1712055,0.000000,0.000000
2010-01-22,122.220001,124.400002,117.599998,123.080002,112.122849,2194355,0.000000,0.000000
2010-01-25,123.800003,124.000000,119.699997,120.269997,109.562996,652660,0.000000,0.000000
2010-01-27,120.360001,122.739998,116.019997,117.070000,106.647903,999240,0.000000,0.000000
2010-01-28,119.029999,120.500000,115.000000,117.239998,106.802750,811325,0.000000,0.000000
2010-01-29,116.199997,120.809998,115.000000,119.040001,108.442505,2203015,0.000000,0.000000
2010-02-01,119.000000,123.440002,118.019997,122.800003,111.867783,642590,0.000000,0.000000
2010-02-02,124.400002,126.400002,123.040001,125.040001,113.908363,1877745,0.000000,0.000000
2010-02-03,126.400002,130.960007,125.000000,130.449997,119.313828,2264310,0.500000,0.000000
2010-02-04,129.050003,131.550003,127.110001,129.339996,118.298599,1960870,0.000000,0.000000
2010-02-05,123.110001,128.979996,122.500000,127.029999,116.185791,2513800,0.000000,0.000000
2010-02-08,130.000000,130.589996,127.800003,129.820007,118.737640,892700,0.000000,0.000000
2010-02-09,129.800003,129.800003,127.199997,127.989998,117.063820,676620,0.000000,0.000000
2010-02-10,127.800003,129.619995,127.500000,128.059998,117.127861,697880,0.000000,0.000000
2010-02-11,128.399994,128.960007,127.000000,127.989998,117.063820,615600,0.000000,0.000000
2010-02-15,125.800003,130.399994,125.800003,127.480003,116.597404,925995,0.000000,0.000000
2010-02-16,128.279999,128.279999,126.699997,127.040001,116.194923,479900,0.000000,0.000000
2010-02-17,131.199997,139.350006,128.300003,136.419998,124.774185,5685510,0.000000,0.000000
2010-02-18,130.000000,137.800003,130.000000,133.630005,122.222397,7141980,0.000000,0.000000
2010-02-19,132.800003,135.979996,130.100006,131.059998,119.871750,3058535,0.000000,0.000000
2010-02-22,131.979996,133.339996,128.679993,129.610001,118.545540,1931730,0.000000,0.000000
2010-02-23,128.600006,131.240005,128.600006,129.809998,118.728477,2220280,0.000000,0.000000
2010-02-24,129.199997,131.100006,127.199997,127.940002,117.018120,1295395,0.000000,0.000000
2010-02-25,128.429993,134.539993,128.429993,133.550003,122.149185,6303470,0.000000,0.000000
2010-02-26,134.000000,136.199997,132.220001,134.770004,123.265045,2091610,0.000000,0.000000
2010-03-02,134.000000,138.580002,132.699997,137.520004,125.780312,2009720,0.000000,0.000000
2010-03-03,137.600006,144.770004,134.800003,142.919998,130.719299,6396450,0.000000,0.000000
2010-03-04,142.800003,144.330002,141.500000,142.990005,130.783356,1585250,0.000000,0.000000
2010-03-05,143.940002,147.399994,142.419998,143.380005,131.140045,2088575,0.000000,0.000000
2010-03-08,142.779999,147.300003,142.779999,146.699997,134.176620,2998275,0.000000,0.000000
2010-03-09,146.699997,147.199997,142.399994,143.080002,130.865631,2887980,0.000000,0.000000
2010-03-10,143.199997,143.729996,139.600006,142.009995,129.886993,2456645,0.000000,0.000000
2010-03-11,141.960007,142.779999,137.300003,138.600006,126.768082,3215010,0.000000,0.000000
2010-03-12,139.460007,141.300003,136.460007,139.860001,127.920547,4587100,0.000000,0.000000
2010-03-15,140.000000,141.899994,139.399994,140.309998,128.332092,3691730,0.000000,0.000000
2010-03-16,142.800003,145.600006,138.000000,144.089996,131.789459,4313620,0.000000,0.000000
2010-03-17,144.679993,145.339996,142.330002,143.100006,130.883987,2894280,0.000000,0.000000
2010-03-18,138.020004,144.979996,138.020004,142.570007,130.399155,1602495,0.000000,0.000000
2010-03-19,142.410004,146.000000,142.020004,145.740005,133.298553,3173105,0.000000,0.000000
2010-03-22,144.800003,148.360001,142.800003,145.389999,132.978439,3420825,0.000000,0.000000
2010-03-23,146.050003,147.199997,144.020004,145.279999,132.877808,3137795,0.000000,0.000000
2010-03-25,145.399994,147.960007,144.750000,147.339996,134.761963,4631175,0.000000,0.000000
2010-03-26,147.139999,149.759995,146.020004,148.199997,135.548538,4510640,0.000000,0.000000
2010-03-29,149.619995,157.399994,147.699997,154.940002,141.713196,3427565,0.000000,0.000000
2010-03-30,155.979996,159.960007,153.229996,157.320007,143.890045,5228770,0.000000,0.000000
2010-03-31,157.800003,159.800003,157.000000,157.919998,144.438797,2262800,0.000000,0.000000
2010-04-01,156.919998,161.199997,147.199997,150.289993,137.460144,62604490,0.000000,0.000000
2010-04-05,152.000000,152.940002,149.000000,150.190002,137.368698,3068635,0.000000,0.000000
2010-04-06,151.199997,151.229996,147.830002,148.220001,135.566910,2779200,0.000000,0.000000
2010-04-07,149.860001,149.860001,147.619995,148.490005,135.813812,2025005,0.000000,0.000000
2010-04-08,147.279999,150.679993,147.000000,148.300003,135.640015,2818780,0.000000,0.000000
2010-04-09,149.000000,150.199997,148.149994,148.539993,135.859543,1723635,0.000000,0.000000
2010-04-12,149.000000,149.979996,147.080002,149.479996,136.719330,1443360,0.000000,0.000000
2010-04-13,150.740005,153.000000,149.050003,151.649994,138.704025,2766355,0.000000,0.000000
2010-04-15,152.320007,153.779999,149.300003,149.759995,136.975388,2582545,0.000000,0.000000
2010-04-16,150.020004,150.300003,148.399994,149.830002,137.039444,1299990,0.000000,0.000000
2010-04-19,148.000000,149.470001,146.639999,149.050003,136.326019,1658230,0.000000,0.000000
2010-04-20,148.000000,151.779999,148.000000,151.220001,138.310745,1682830,0.000000,0.000000
2010-04-21,151.600006,155.399994,148.500000,154.779999,141.566879,3645470,0.000000,0.000000
2010-04-22,155.399994,157.300003,154.199997,156.580002,143.213211,3305040,0.000000,0.000000
2010-04-23,157.199997,157.250000,154.710007,156.869995,143.478439,2273000,0.000000,0.000000
2010-04-26,157.880005,157.880005,151.860001,152.589996,139.563828,1761705,0.000000,0.000000
2010-04-27,153.000000,153.000000,150.449997,151.169998,138.265045,2151410,0.000000,0.000000
2010-04-28,149.800003,150.399994,148.300003,148.990005,136.271133,2261885,0.000000,0.000000
2010-04-29,147.460007,149.990005,147.380005,148.229996,135.576004,3114455,0.000000,0.000000
2010-04-30,148.440002,149.979996,146.869995,147.800003,135.182724,2816810,0.000000,0.000000
2010-05-03,147.850006,147.850006,145.029999,145.779999,133.335144,1635105,0.000000,0.000000
2010-05-04,147.000000,147.000000,141.619995,142.360001,130.207123,1028305,0.000000,0.000000
2010-05-05,140.399994,142.490005,137.000000,139.139999,127.261993,1229535,0.000000,0.000000
2010-05-06,140.000000,140.000000,135.630005,136.520004,124.865639,869630,0.000000,0.000000
2010-05-07,136.220001,136.220001,129.000000,130.460007,119.322990,2221815,0.000000,0.000000
2010-05-10,131.009995,139.940002,131.009995,138.509995,126.685791,2034620,0.000000,0.000000
2010-05-11,138.619995,143.380005,137.619995,140.460007,128.469284,2057890,0.000000,0.000000
2010-05-12,141.000000,145.600006,138.660004,144.669998,132.319931,2107705,0.000000,0.000000
2010-05-13,145.380005,151.979996,145.300003,148.839996,136.133911,4105230,0.000000,0.000000
2010-05-14,148.020004,150.330002,141.460007,142.410004,130.252838,3020415,0.000000,0.000000
2010-05-17,142.800003,145.559998,139.410004,140.289993,128.313828,3047020,0.000000,0.000000
2010-05-18,138.000000,142.000000,135.279999,136.600006,124.938820,2877205,0.000000,0.000000
2010-05-19,134.800003,135.179993,130.000000,130.839996,119.670540,1484980,0.000000,0.000000
2010-05-20,132.000000,133.979996,129.000000,129.850006,118.765060,798775,0.000000,0.000000
2010-05-21,127.980003,135.070007,125.040001,134.210007,122.752853,1928445,0.000000,0.000000
2010-05-24,135.399994,138.080002,134.000000,135.399994,123.841255,848410,0.000000,0.000000
2010-05-25,135.399994,135.399994,126.910004,128.649994,117.667480,1806230,0.000000,0.000000
2010-05-26,130.000000,135.399994,129.820007,134.649994,123.155289,1077775,0.000000,0.000000
2010-05-27,135.199997,135.990005,132.860001,133.960007,122.524216,1529150,0.000000,0.000000
2010-05-28,135.589996,137.000000,134.000000,134.419998,122.944923,428395,0.000000,0.000000
2010-05-31,134.399994,139.770004,133.100006,139.289993,127.399178,1657050,0.000000,0.000000
2010-06-01,139.399994,139.399994,133.619995,135.350006,123.795509,1123865,0.000000,0.000000
2010-06-02,136.919998,137.000000,131.729996,133.089996,121.728462,778530,0.000000,0.000000
2010-06-03,135.800003,138.000000,134.199997,137.240005,125.524231,1059015,0.000000,0.000000
2010-06-04,137.600006,139.940002,136.229996,137.940002,126.164421,766910,0.000000,0.000000
2010-06-07,135.000000,135.000000,130.000000,132.289993,120.996765,947530,0.000000,0.000000
2010-06-08,133.000000,134.800003,131.649994,132.610001,121.289459,479630,0.000000,0.000000
2010-06-09,132.610001,134.699997,130.399994,133.399994,122.011993,436625,0.000000,0.000000
2010-06-10,132.690002,136.789993,132.690002,136.419998,124.774185,770920,0.000000,0.000000
2010-06-11,137.029999,138.360001,135.699997,136.690002,125.021149,396325,0.000000,0.000000
2010-06-14,137.000000,139.399994,135.850006,138.160004,126.365654,520405,0.000000,0.000000
2010-06-15,139.000000,141.160004,135.820007,140.559998,128.560715,799185,0.000000,0.000000
2010-06-16,141.000000,143.960007,140.559998,141.669998,129.576004,944675,0.000000,0.000000
2010-06-17,141.600006,143.199997,141.600006,142.880005,130.682739,630010,0.000000,0.000000
2010-06-18,143.000000,144.369995,142.449997,142.869995,130.673569,533715,0.000000,0.000000
2010-06-21,143.300003,144.380005,143.110001,143.589996,131.332092,613985,0.000000,0.000000
2010-06-22,143.589996,145.759995,142.600006,143.220001,130.993698,1423355,0.000000,0.000000
2010-06-23,141.399994,145.300003,141.399994,144.800003,132.438828,677995,0.000000,0.000000
2010-06-24,145.029999,145.520004,141.020004,141.949997,129.832123,953330,0.000000,0.000000
2010-06-25,141.000000,142.699997,139.199997,139.830002,127.893097,442165,0.000000,0.000000
2010-06-28,139.460007,143.940002,139.460007,143.100006,130.883987,532285,0.000000,0.000000
2010-06-29,144.380005,144.979996,143.029999,144.259995,131.944916,783870,0.000000,0.000000
2010-06-30,137.059998,148.300003,137.059998,147.699997,135.091232,1727175,0.000000,0.000000
2010-07-01,147.600006,148.000000,145.000000,145.929993,133.472351,1085640,0.000000,0.000000
2010-07-02,146.000000,146.940002,142.199997,142.990005,130.783356,436715,0.000000,0.000000
2010-07-05,142.399994,147.369995,142.000000,146.610001,134.094284,852870,0.000000,0.000000
2010-07-06,145.600006,146.899994,143.240005,144.130005,131.826050,579100,0.000000,0.000000
2010-07-07,144.199997,146.800003,144.199997,145.179993,132.786346,560780,0.000000,0.000000
2010-07-08,146.779999,146.940002,142.839996,144.710007,132.356476,650695,0.000000,0.000000
2010-07-09,144.720001,146.949997,143.800003,144.809998,132.447937,621160,0.000000,0.000000
2010-07-12,146.399994,149.779999,145.000000,148.440002,135.768097,1599720,0.000000,0.000000
2010-07-13,149.880005,152.389999,149.220001,151.759995,138.804672,2638055,0.000000,0.000000
2010-07-14,152.210007,152.979996,148.839996,149.919998,137.121750,1898990,0.000000,0.000000
2010-07-15,144.279999,151.110001,143.800003,149.350006,136.600418,597610,0.000000,0.000000
2010-07-16,150.000000,151.949997,150.000000,150.960007,138.072937,9466055,0.000000,0.000000
2010-07-19,150.000000,153.169998,148.399994,149.429993,136.673553,1007550,0.000000,0.000000
2010-07-20,149.800003,151.539993,145.529999,146.419998,133.920532,990480,0.000000,0.000000
2010-07-21,147.600006,148.199997,145.889999,146.139999,133.664429,1026685,0.000000,0.000000
2010-07-22,146.000000,147.139999,143.440002,145.110001,132.722336,1634170,0.000000,0.000000
2010-07-23,145.300003,146.970001,144.649994,145.179993,132.786346,705565,0.000000,0.000000
2010-07-26,145.520004,146.399994,144.199997,145.320007,132.914429,735920,0.000000,0.000000
2010-07-27,146.000000,146.399994,144.300003,145.080002,132.694916,305390,0.000000,0.000000
2010-07-28,146.199997,146.199997,144.100006,144.910004,132.539444,300120,0.000000,0.000000
2010-07-29,143.800003,145.399994,143.600006,144.250000,131.935791,585590,0.000000,0.000000
2010-07-30,145.440002,147.720001,143.720001,144.830002,132.466278,707970,0.000000,0.000000
2010-08-02,146.800003,148.800003,145.330002,147.660004,135.054688,1302000,0.000000,0.000000
2010-08-03,149.229996,150.300003,148.399994,148.759995,136.060745,807660,0.000000,0.000000
2010-08-04,149.779999,152.800003,149.399994,150.869995,137.990616,2590470,0.000000,0.000000
2010-08-05,151.000000,156.000000,150.869995,154.619995,141.420532,3532135,0.000000,0.000000
2010-08-06,155.000000,157.940002,154.600006,156.990005,143.588211,1931170,0.000000,0.000000
2010-08-09,158.000000,159.470001,157.000000,158.300003,145.063538,1601000,0.300000,0.000000
2010-08-10,158.059998,164.830002,158.059998,163.380005,149.718826,3124625,0.000000,0.000000
2010-08-11,163.600006,164.399994,158.399994,159.539993,146.199844,1420705,0.000000,0.000000
2010-08-12,158.100006,161.240005,155.199997,159.649994,146.300705,1629590,0.000000,0.000000
2010-08-13,159.600006,165.979996,158.240005,159.570007,146.227371,2923400,0.000000,0.000000
2010-08-16,161.199997,161.339996,157.000000,158.729996,145.457611,878645,0.000000,0.000000
2010-08-17,159.399994,160.399994,157.039993,158.100006,144.880295,5088005,0.000000,0.000000
2010-08-18,158.199997,158.940002,156.850006,157.619995,144.440399,1197090,0.000000,0.000000
2010-08-19,158.850006,162.199997,157.199997,159.830002,146.465607,2024180,0.000000,0.000000
2010-08-20,160.380005,161.000000,159.220001,160.369995,146.960464,3075255,0.000000,0.000000
2010-08-23,160.399994,165.800003,160.399994,163.000000,149.370560,1554090,0.000000,0.000000
2010-08-24,163.399994,165.000000,159.419998,159.740005,146.383118,1806540,0.000000,0.000000
2010-08-25,159.559998,161.199997,157.589996,159.130005,145.824173,1160570,0.000000,0.000000
2010-08-26,160.000000,160.600006,158.410004,158.789993,145.512573,2303185,0.000000,0.000000
2010-08-27,159.399994,159.940002,151.710007,153.679993,140.829834,1447020,0.000000,0.000000
2010-08-30,155.960007,162.000000,152.020004,153.039993,140.243393,1048150,0.000000,0.000000
2010-08-31,152.000000,154.380005,150.440002,153.729996,140.875702,1236395,0.000000,0.000000
2010-09-01,154.000000,156.639999,154.000000,155.339996,142.351074,657285,0.000000,0.000000
2010-09-02,156.000000,157.619995,151.740005,152.589996,139.831024,1504755,0.000000,0.000000
2010-09-03,152.839996,154.399994,152.470001,153.009995,140.215897,567605,0.000000,0.000000
2010-09-06,153.619995,158.800003,153.619995,157.759995,144.568710,835515,0.000000,0.000000
2010-09-07,158.000000,159.110001,155.000000,155.440002,142.442734,805485,0.000000,0.000000
2010-09-08,156.009995,158.800003,154.869995,158.070007,144.852783,662285,0.000000,0.000000
2010-09-09,156.979996,160.000000,156.979996,158.000000,144.788635,1163640,0.000000,0.000000
2010-09-13,160.000000,160.779999,156.800003,160.139999,146.749680,1072490,0.000000,0.000000
2010-09-14,161.000000,163.800003,160.410004,161.110001,147.638626,1298745,0.000000,0.000000
2010-09-15,160.600006,163.399994,160.600006,162.190002,148.628296,2191880,0.000000,0.000000
2010-09-16,161.710007,162.779999,156.399994,157.529999,144.357925,522655,0.000000,0.000000
2010-09-17,158.399994,166.880005,158.399994,165.029999,151.230804,2022965,0.000000,0.000000
2010-09-20,165.600006,171.479996,165.600006,169.619995,155.436996,2171195,0.000000,0.000000
2010-09-21,169.800003,171.300003,167.000000,168.679993,154.575607,1821570,0.000000,0.000000
2010-09-22,169.320007,170.020004,166.199997,167.399994,153.402695,1029390,0.000000,0.000000
2010-09-23,170.550003,170.550003,163.250000,165.600006,151.753189,854754,0.000000,5.000000
2010-09-24,166.699997,166.899994,158.899994,162.850006,149.233109,1196835,0.000000,0.000000
2010-09-27,164.000000,168.500000,163.649994,166.899994,152.944489,1081969,0.000000,0.000000
2010-09-28,167.899994,172.449997,165.649994,170.800003,156.518341,1476778,0.000000,0.000000
2010-09-29,172.000000,173.300003,167.550003,168.300003,154.227417,1227360,0.000000,0.000000
2010-09-30,170.000000,170.000000,162.250000,167.649994,153.631744,1931069,0.000000,0.000000
2010-10-01,167.699997,170.000000,165.600006,167.050003,153.081924,727077,0.000000,0.000000
2010-10-04,167.600006,170.199997,166.350006,166.899994,152.944489,685065,0.000000,0.000000
2010-10-05,167.399994,171.600006,164.949997,170.100006,155.876892,1470053,0.000000,0.000000
2010-10-06,172.250000,181.550003,171.250000,179.899994,164.857468,3351355,0.000000,0.000000
2010-10-07,182.899994,185.250000,180.000000,181.050003,165.911316,1625703,0.000000,0.000000
2010-10-08,183.050003,184.500000,180.399994,181.500000,166.323669,882766,0.000000,0.000000
2010-10-11,182.000000,183.600006,179.500000,180.500000,165.407257,472843,0.000000,0.000000
2010-10-12,180.500000,181.649994,175.000000,176.350006,161.604309,572523,0.000000,0.000000
2010-10-13,176.350006,178.000000,171.600006,171.949997,157.572235,2001885,0.000000,0.000000
2010-10-14,173.100006,174.350006,166.050003,166.899994,152.944489,2352455,0.000000,0.000000
2010-10-15,167.250000,169.800003,160.600006,161.899994,148.362549,2388253,0.000000,0.000000
2010-10-18,163.399994,163.399994,157.000000,158.949997,145.659195,1210587,0.000000,0.000000
2010-10-19,161.800003,167.899994,159.550003,165.550003,151.707352,2076053,0.000000,0.000000
2010-10-20,165.550003,166.949997,164.000000,164.750000,150.974243,842389,0.000000,0.000000
2010-10-21,165.899994,174.699997,165.100006,174.000000,159.450790,2298066,0.000000,0.000000
2010-10-22,175.050003,175.699997,169.550003,171.199997,156.884903,530558,0.000000,0.000000
2010-10-25,172.199997,173.899994,163.800003,164.300003,150.561859,1394953,0.000000,0.000000
2010-10-26,165.000000,166.500000,163.000000,163.850006,150.149506,1164317,0.000000,0.000000
2010-10-27,163.500000,164.899994,159.649994,160.350006,146.942184,1539430,0.000000,0.000000
2010-10-28,161.000000,162.949997,152.250000,154.399994,141.489716,3691083,0.000000,0.000000
2010-10-29,154.899994,155.800003,150.100006,151.899994,139.198700,2028773,0.000000,0.000000
2010-11-01,154.250000,158.750000,153.649994,155.199997,142.222763,1402657,0.000000,0.000000
2010-11-02,155.899994,156.000000,151.149994,153.149994,140.344162,1467943,0.000000,0.000000
2010-11-03,155.000000,160.699997,154.199997,159.899994,146.529785,2649767,0.000000,0.000000
2010-11-04,161.000000,163.000000,160.300003,161.199997,147.721054,835546,0.000000,0.000000
2010-11-08,162.500000,163.449997,160.199997,161.399994,147.904388,613082,0.000000,0.000000
2010-11-09,162.500000,165.000000,161.350006,162.250000,148.683304,601933,0.000000,0.000000
2010-11-10,162.500000,162.899994,159.550003,159.899994,146.529785,423032,0.000000,0.000000
2010-11-11,161.050003,161.649994,154.000000,155.399994,142.406052,1955709,0.000000,0.000000
2010-11-12,156.699997,158.850006,151.000000,151.850006,139.152908,1124521,0.000000,0.000000
2010-11-15,152.600006,153.449997,150.050003,151.550003,138.877960,606454,0.000000,0.000000
2010-11-16,152.949997,155.500000,147.149994,148.449997,136.037216,1473835,0.000000,0.000000
2010-11-18,150.000000,153.449997,147.000000,147.750000,135.395737,1823233,0.000000,0.000000
2010-11-19,148.550003,151.000000,144.000000,145.300003,133.150589,1042105,0.000000,0.000000
2010-11-22,145.399994,147.399994,140.699997,146.050003,133.837875,860599,0.000000,0.000000
2010-11-23,145.000000,147.000000,142.050003,145.350006,133.196426,977715,0.000000,0.000000
2010-11-24,147.699997,148.000000,142.300003,144.899994,132.783997,477765,0.000000,0.000000
2010-11-25,143.000000,145.250000,137.600006,139.050003,127.423164,874260,0.000000,0.000000
2010-11-26,139.949997,148.600006,114.000000,141.300003,129.485046,5075222,0.000000,0.000000
2010-11-29,141.000000,145.600006,133.550003,143.500000,131.501053,1118461,0.000000,0.000000
2010-11-30,143.500000,153.899994,139.149994,152.399994,139.656921,2214284,0.000000,0.000000
2010-12-01,150.250000,154.899994,150.199997,153.649994,140.802353,639181,0.000000,0.000000
2010-12-02,155.000000,155.899994,148.550003,150.350006,137.778351,520492,0.000000,0.000000
2010-12-03,150.000000,151.500000,144.399994,147.050003,134.754272,529009,0.000000,0.000000
2010-12-06,148.899994,149.750000,146.000000,147.000000,134.708405,268880,0.000000,0.000000
2010-12-07,148.100006,148.100006,144.600006,145.699997,133.517105,198780,0.000000,0.000000
2010-12-08,145.000000,145.949997,140.050003,141.500000,129.668289,387102,0.000000,0.000000
2010-12-09,142.100006,144.100006,136.550003,137.750000,126.231850,781461,0.000000,0.000000
2010-12-10,137.649994,149.699997,133.100006,146.600006,134.341873,1827567,0.000000,0.000000
2010-12-13,147.899994,149.699997,144.300003,148.250000,135.853912,362511,0.000000,0.000000
2010-12-14,151.000000,154.350006,148.949997,151.449997,138.786331,661078,0.000000,0.000000
2010-12-15,151.449997,151.899994,147.000000,148.300003,135.899704,385342,0.000000,0.000000
2010-12-16,149.899994,150.350006,146.600006,148.050003,135.670639,284245,0.000000,0.000000
2010-12-20,141.000000,145.449997,135.100006,144.300003,132.234222,1097483,0.000000,0.000000
2010-12-21,146.949997,150.500000,143.649994,149.699997,137.182617,638065,0.000000,0.000000
2010-12-22,150.500000,152.399994,148.500000,149.949997,137.411728,1484744,0.000000,0.000000
2010-12-23,150.000000,151.350006,143.250000,145.300003,133.150589,460088,0.000000,0.000000
2010-12-24,144.649994,145.399994,143.149994,143.750000,131.730164,546725,0.000000,0.000000
2010-12-27,145.000000,146.899994,143.100006,143.649994,131.638519,478728,0.000000,0.000000
2010-12-28,148.000000,148.000000,140.399994,140.850006,129.072693,941747,0.000000,0.000000
2010-12-29,142.000000,142.649994,140.300003,141.350006,129.530884,651864,0.000000,0.000000
2010-12-30,142.000000,142.850006,140.050003,141.699997,129.851562,665419,0.000000,0.000000
2010-12-31,142.449997,145.350006,142.000000,144.050003,132.005096,680716,0.000000,0.000000
2011-01-03,145.550003,146.399994,143.050003,145.050003,132.921494,487210,0.000000,0.000000
2011-01-04,146.949997,150.500000,144.550003,148.550003,136.128815,812777,0.000000,0.000000
2011-01-05,150.100006,158.800003,149.300003,157.600006,144.422104,3254352,0.000000,0.000000
2011-01-06,158.300003,160.000000,154.000000,154.949997,141.993652,1874274,0.000000,0.000000
2011-01-07,155.000000,155.300003,146.100006,147.250000,134.937515,781973,0.000000,0.000000
2011-01-10,147.300003,148.300003,139.250000,140.399994,128.660263,625006,0.000000,0.000000
2011-01-11,141.050003,142.750000,136.000000,139.050003,127.423164,1121192,0.000000,0.000000
2011-01-12,140.399994,140.850006,136.500000,139.750000,128.064636,1045506,0.000000,0.000000
2011-01-13,140.600006,143.699997,139.600006,141.399994,129.576660,797536,0.000000,0.000000
2011-01-14,141.000000,142.500000,138.000000,139.199997,127.560631,598460,0.000000,0.000000
2011-01-17,141.000000,141.000000,135.350006,137.100006,125.636230,397997,0.000000,0.000000
2011-01-18,137.500000,140.550003,137.500000,139.850006,128.156281,370616,0.000000,0.000000
2011-01-19,140.050003,142.000000,138.600006,139.800003,128.110474,379533,0.000000,0.000000
2011-01-20,139.000000,142.000000,137.649994,139.399994,127.743904,266418,0.000000,0.000000
2011-01-21,138.850006,141.350006,138.000000,140.000000,128.293716,271388,0.000000,0.000000
2011-01-24,140.399994,144.500000,139.750000,142.250000,130.355591,657683,0.000000,0.000000
2011-01-25,143.949997,144.550003,139.800003,140.149994,128.431213,378857,0.000000,0.000000
2011-01-27,141.449997,141.500000,138.000000,138.149994,126.598434,1363893,0.000000,0.000000
2011-01-28,137.800003,140.850006,134.550003,139.500000,127.835541,774349,0.000000,0.000000
2011-01-31,138.000000,141.000000,135.550003,140.550003,128.797760,690663,0.000000,0.000000
2011-02-01,140.050003,142.449997,137.800003,139.449997,127.789719,2105194,0.000000,0.000000
2011-02-02,141.000000,141.050003,135.899994,136.500000,125.086395,2986356,0.000000,0.000000
2011-02-03,136.500000,139.250000,135.500000,138.350006,126.781685,856145,0.000000,0.000000
2011-02-04,138.500000,139.250000,134.199997,134.949997,123.665970,581117,0.000000,0.000000
2011-02-07,136.800003,136.800003,134.300003,134.800003,123.528557,434301,0.000000,0.000000
2011-02-08,137.000000,137.399994,130.500000,131.699997,120.687729,1037657,0.000000,0.000000
2011-02-09,131.000000,132.000000,126.949997,129.000000,118.213509,1074254,0.000000,0.000000
2011-02-10,128.750000,130.850006,120.500000,129.699997,118.854988,983982,0.000000,0.000000
2011-02-11,131.000000,139.899994,128.199997,138.550003,126.965004,1175164,0.000000,0.000000
2011-02-14,142.000000,144.399994,137.100006,142.699997,131.241577,875125,0.500000,0.000000
2011-02-15,142.600006,146.000000,139.300003,141.649994,130.275894,1017479,0.000000,0.000000
2011-02-16,142.750000,144.250000,139.000000,143.350006,131.839401,1324018,0.000000,0.000000
2011-02-17,143.699997,149.399994,142.300003,147.800003,135.932083,1236435,0.000000,0.000000
2011-02-18,148.000000,151.000000,142.949997,144.300003,132.713120,548509,0.000000,0.000000
2011-02-21,145.399994,145.399994,139.199997,143.649994,132.115341,459542,0.000000,0.000000
2011-02-22,141.500000,143.800003,139.199997,140.199997,128.942307,457607,0.000000,0.000000
2011-02-23,140.050003,146.600006,138.350006,143.899994,132.345261,1732547,0.000000,0.000000
2011-02-24,144.000000,149.800003,141.000000,146.300003,134.552551,1598633,0.000000,0.000000
2011-02-25,145.100006,149.500000,143.100006,148.199997,136.299988,743380,0.000000,0.000000
2011-02-28,148.050003,150.550003,134.750000,138.000000,126.918999,2792105,0.000000,0.000000
2011-03-01,139.199997,141.399994,133.250000,138.949997,127.792694,3822872,0.000000,0.000000
2011-03-03,139.750000,139.750000,135.000000,135.600006,124.711731,1759385,0.000000,0.000000
2011-03-04,110.000000,137.800003,110.000000,132.800003,122.136543,1382407,0.000000,0.000000
2011-03-07,130.000000,132.500000,130.000000,131.500000,120.940926,780459,0.000000,0.000000
2011-03-08,131.500000,133.699997,131.149994,132.699997,122.044586,319785,0.000000,0.000000
2011-03-09,133.100006,134.300003,129.649994,131.050003,120.527054,1183691,0.000000,0.000000
2011-03-10,131.449997,135.550003,131.000000,133.800003,123.056244,1064047,0.000000,0.000000
2011-03-11,132.800003,133.649994,130.350006,131.600006,121.032890,580658,0.000000,0.000000
2011-03-14,131.800003,134.500000,131.100006,133.250000,122.550400,542303,0.000000,0.000000
2011-03-15,126.000000,132.899994,125.250000,130.800003,120.297127,568586,0.000000,0.000000
2011-03-16,130.000000,132.800003,130.000000,131.350006,120.802986,625182,0.000000,0.000000
2011-03-17,129.850006,134.750000,129.850006,133.649994,122.918312,714993,0.000000,0.000000
2011-03-18,134.000000,135.500000,132.199997,133.949997,123.194191,840493,0.000000,0.000000
2011-03-21,134.550003,134.949997,131.199997,131.550003,120.986916,321326,0.000000,0.000000
2011-03-22,132.050003,133.500000,130.550003,131.300003,120.757004,413606,0.000000,0.000000
2011-03-23,132.050003,132.899994,130.500000,131.300003,120.757004,404062,0.000000,0.000000
2011-03-24,132.000000,133.600006,131.399994,132.649994,121.998581,523257,0.000000,0.000000
2011-03-25,134.000000,138.399994,133.600006,137.949997,126.873009,1368519,0.000000,0.000000
2011-03-28,138.300003,139.550003,136.699997,137.949997,126.873009,600132,0.000000,0.000000
2011-03-29,137.949997,139.800003,135.550003,136.500000,125.539436,841159,0.000000,0.000000
2011-03-30,137.899994,138.149994,135.100006,136.449997,125.493484,541367,0.000000,0.000000
2011-03-31,136.550003,137.649994,134.199997,136.649994,125.677399,763249,0.000000,0.000000
2011-04-01,138.000000,142.250000,137.500000,141.149994,129.816040,1716486,0.000000,0.000000
2011-04-04,142.350006,149.100006,141.500000,148.199997,136.299988,1125553,0.000000,0.000000
2011-04-05,148.500000,158.000000,148.050003,156.850006,144.255432,1712167,0.000000,0.000000
2011-04-06,158.000000,158.399994,152.250000,153.649994,141.312363,934007,0.000000,0.000000
2011-04-07,154.750000,157.000000,152.699997,155.750000,143.243698,1042870,0.000000,0.000000
2011-04-08,156.699997,156.800003,152.500000,154.399994,142.002106,877589,0.000000,0.000000
2011-04-11,154.850006,155.949997,145.550003,146.050003,134.322617,758237,0.000000,0.000000
2011-04-13,145.899994,147.850006,144.199997,147.250000,135.426254,736669,0.000000,0.000000
2011-04-15,147.850006,148.250000,144.699997,146.050003,134.322617,334620,0.000000,0.000000
2011-04-18,146.899994,153.500000,146.500000,150.100006,138.047363,1715836,0.000000,0.000000
2011-04-19,150.800003,151.199997,145.199997,146.899994,135.104355,776550,0.000000,0.000000
2011-04-20,147.949997,149.350006,146.250000,147.850006,135.978073,412906,0.000000,0.000000
2011-04-21,148.699997,149.399994,146.550003,147.149994,135.334259,327436,0.000000,0.000000
2011-04-25,147.199997,147.899994,145.300003,146.800003,135.012375,474447,0.000000,0.000000
2011-04-26,147.000000,147.600006,143.100006,144.899994,133.264938,593986,0.000000,0.000000
2011-04-27,145.100006,146.000000,141.050003,142.250000,130.827744,917321,0.000000,0.000000
2011-04-28,142.399994,146.350006,140.649994,144.600006,132.989090,821967,0.000000,0.000000
2011-04-29,145.050003,146.050003,141.050003,144.449997,132.851074,1112274,0.000000,0.000000
2011-05-02,145.399994,146.000000,141.500000,143.850006,132.299240,224173,0.000000,0.000000
2011-05-03,143.600006,148.449997,137.550003,138.699997,127.562782,1714835,0.000000,0.000000
2011-05-04,143.000000,143.000000,132.399994,133.199997,122.504417,1392594,0.000000,0.000000
2011-05-05,133.500000,134.350006,127.250000,128.550003,118.583900,2733977,0.400000,0.000000
2011-05-06,129.000000,133.350006,126.099998,131.899994,121.674202,2375485,0.000000,0.000000
2011-05-09,134.300003,134.699997,129.500000,130.500000,120.382751,2699189,0.000000,0.000000
2011-05-10,131.199997,136.199997,130.550003,135.600006,125.087387,1839712,0.000000,0.000000
2011-05-11,135.050003,136.850006,133.149994,134.800003,124.349358,1275260,0.000000,0.000000
2011-05-12,134.500000,135.399994,132.350006,133.199997,122.873405,599231,0.000000,0.000000
2011-05-13,132.250000,139.350006,131.000000,138.199997,127.485771,1059083,0.000000,0.000000
2011-05-16,137.850006,140.100006,135.149994,138.699997,127.947014,516674,0.000000,0.000000
2011-05-17,141.250000,156.449997,139.800003,144.399994,133.205109,4091917,0.000000,0.000000
2011-05-18,146.399994,149.350006,142.149994,148.149994,136.664352,3165782,0.000000,0.000000
2011-05-19,148.500000,149.800003,143.500000,144.199997,133.020615,1596311,0.000000,0.000000
2011-05-20,140.100006,149.500000,140.100006,147.949997,136.479889,1582876,0.000000,0.000000
2011-05-23,146.750000,151.300003,145.449997,149.899994,138.278687,2425801,0.000000,0.000000
2011-05-24,149.899994,153.399994,149.149994,151.800003,140.031418,3261978,0.000000,0.000000
2011-05-25,151.000000,155.199997,151.000000,154.449997,142.475967,4081882,0.000000,0.000000
2011-05-26,154.500000,156.899994,150.550003,151.899994,140.123642,2623502,0.000000,0.000000
2011-05-27,152.800003,153.399994,147.050003,152.649994,140.815506,2050208,0.000000,0.000000
2011-05-30,152.800003,159.350006,151.500000,155.600006,143.536804,4165889,0.000000,0.000000
2011-05-31,155.050003,165.899994,155.050003,161.449997,148.933258,20663160,0.000000,0.000000
2011-06-01,162.100006,165.699997,161.250000,164.000000,151.285583,2574106,0.000000,0.000000
2011-06-02,164.000000,165.149994,160.149994,161.250000,148.748764,1699298,0.000000,0.000000
2011-06-03,161.500000,162.800003,159.199997,161.050003,148.564270,1185817,0.000000,0.000000
2011-06-06,160.500000,161.100006,159.050003,159.850006,147.457321,546378,0.000000,0.000000
2011-06-07,159.850006,162.750000,156.350006,157.250000,145.058884,2193466,0.000000,0.000000
2011-06-08,157.399994,158.699997,153.300003,154.899994,142.891022,1431303,0.000000,0.000000
2011-06-09,155.050003,157.399994,153.149994,154.949997,142.937225,867109,0.000000,0.000000
2011-06-10,155.399994,155.399994,150.300003,152.000000,140.215897,838559,0.000000,0.000000
2011-06-13,152.449997,155.399994,150.050003,154.750000,142.752716,749987,0.000000,0.000000
2011-06-14,154.949997,157.750000,154.350006,156.550003,144.413177,599387,0.000000,0.000000
2011-06-15,156.000000,158.600006,153.250000,154.250000,142.291458,956161,0.000000,0.000000
2011-06-16,153.300003,153.899994,150.750000,151.550003,139.800797,1145520,0.000000,0.000000
2011-06-17,150.949997,152.350006,147.250000,148.199997,136.710495,696910,0.000000,0.000000
2011-06-20,149.800003,150.000000,141.399994,147.149994,135.741913,1207293,0.000000,0.000000
2011-06-21,148.000000,149.800003,144.500000,148.350006,136.848892,1088170,0.000000,0.000000
2011-06-22,149.899994,150.600006,146.500000,148.100006,136.618271,487689,0.000000,0.000000
2011-06-23,148.199997,151.500000,144.000000,150.149994,138.509323,1194788,0.000000,0.000000
2011-06-24,151.000000,155.899994,151.000000,154.300003,142.337601,851591,0.000000,0.000000
2011-06-27,154.500000,157.800003,153.449997,156.250000,144.136414,1615697,0.000000,0.000000
2011-06-28,156.550003,158.850006,156.550003,157.100006,144.920532,1127185,0.000000,0.000000
2011-06-29,153.100006,159.000000,151.600006,157.100006,144.920532,1022281,0.000000,0.000000
2011-06-30,158.850006,163.250000,157.050003,161.949997,149.394531,2743578,0.000000,0.000000
2011-07-01,163.000000,164.949997,160.649994,162.350006,149.763504,641406,0.000000,0.000000
2011-07-04,162.350006,164.000000,160.250000,160.850006,148.379791,508395,0.000000,0.000000
2011-07-05,161.250000,161.899994,159.250000,159.899994,147.503433,376300,0.000000,0.000000
2011-07-06,159.500000,164.000000,159.449997,161.000000,148.518188,681135,0.000000,0.000000
2011-07-07,162.000000,165.750000,159.649994,162.050003,149.486755,1081191,0.000000,0.000000
2011-07-08,162.550003,162.600006,157.100006,157.850006,145.612381,360582,0.000000,0.000000
2011-07-11,156.500000,158.500000,155.000000,157.100006,144.920532,437792,0.000000,0.000000
2011-07-12,155.300003,156.699997,153.500000,153.899994,141.968597,673388,0.000000,0.000000
2011-07-13,154.649994,156.600006,152.550003,154.500000,142.522095,721657,0.000000,0.000000
2011-07-14,152.550003,157.899994,152.000000,156.800003,144.643768,712244,0.000000,0.000000
2011-07-15,156.699997,158.850006,154.449997,156.750000,144.597672,520139,0.000000,0.000000
2011-07-18,156.500000,158.050003,154.050003,154.850006,142.844955,286868,0.000000,0.000000
2011-07-19,154.800003,161.199997,153.250000,160.399994,147.964645,1099870,0.000000,0.000000
2011-07-20,161.300003,162.649994,155.000000,155.949997,143.859650,1424292,0.000000,0.000000
2011-07-21,156.449997,158.850006,154.100006,157.350006,145.151154,1069969,0.000000,0.000000
2011-07-22,158.449997,161.500000,157.899994,160.750000,148.287537,1679870,0.000000,0.000000
2011-07-25,161.000000,161.800003,158.100006,158.949997,146.627106,1385495,0.000000,0.000000
2011-07-26,159.500000,163.000000,158.100006,158.899994,146.580963,1150173,0.000000,0.000000
2011-07-27,159.800003,160.500000,155.600006,156.250000,144.136414,495383,0.000000,0.000000
2011-07-28,155.350006,160.000000,154.000000,154.949997,142.937225,1243690,0.000000,0.000000
2011-07-29,154.050003,156.399994,135.250000,143.550003,132.420990,4895210,0.000000,0.000000
2011-08-01,147.500000,150.899994,144.000000,145.100006,133.850830,3708191,0.000000,0.000000
2011-08-02,145.250000,145.699997,138.149994,141.550003,130.576065,1475136,0.000000,0.000000
2011-08-03,139.399994,144.300003,137.000000,142.699997,131.636887,1009315,0.000000,0.000000
2011-08-04,143.199997,144.800003,136.750000,138.149994,127.439590,3306069,0.000000,0.000000
2011-08-05,134.949997,141.000000,132.000000,139.750000,128.915604,9280860,0.000000,0.000000
2011-08-08,135.449997,140.500000,134.000000,136.149994,125.594688,3743566,0.000000,0.000000
2011-08-09,133.949997,138.000000,130.000000,133.449997,123.104012,997026,0.000000,0.000000
2011-08-10,136.350006,139.699997,134.899994,137.949997,127.255157,2270284,0.000000,0.000000
2011-08-11,136.000000,138.199997,134.250000,135.449997,124.948959,1536864,0.000000,0.000000
2011-08-12,137.199997,137.850006,135.000000,136.449997,125.871468,1540298,0.000000,0.000000
2011-08-16,132.000000,142.850006,132.000000,139.699997,128.869522,1041466,0.000000,0.000000
2011-08-17,139.399994,141.300003,136.050003,138.600006,127.854782,666711,0.000000,0.000000
2011-08-18,139.100006,140.750000,134.449997,136.449997,125.871468,5314420,0.000000,0.000000
2011-08-19,133.000000,137.949997,131.949997,136.300003,125.733086,3919879,0.000000,0.000000
2011-08-22,135.050003,137.899994,134.899994,136.050003,125.502480,334962,0.000000,0.000000
2011-08-23,137.399994,139.199997,134.199997,138.449997,127.716393,907130,0.000000,0.000000
2011-08-24,139.899994,148.000000,138.800003,146.800003,135.419037,2727812,0.000000,0.000000
2011-08-25,147.199997,149.649994,138.750000,140.399994,129.515228,1793336,0.000000,0.000000
2011-08-26,139.250000,142.850006,139.100006,140.550003,129.653564,694785,0.000000,0.000000
2011-08-29,141.149994,147.949997,141.000000,145.350006,134.081467,484414,0.000000,0.000000
2011-08-30,147.000000,152.899994,146.399994,152.100006,140.308105,1185911,0.000000,0.000000
2011-09-02,154.050003,158.500000,151.600006,157.500000,145.289490,1596147,0.000000,0.000000
2011-09-05,155.800003,160.600006,154.800003,157.250000,145.058884,912066,0.000000,0.000000
2011-09-06,160.000000,161.899994,150.899994,154.050003,142.106979,1330904,0.000000,0.000000
2011-09-07,155.300003,162.000000,154.500000,160.050003,147.641800,1871504,0.000000,0.000000
2011-09-08,161.800003,163.899994,158.600006,160.750000,148.287537,1011497,0.000000,0.000000
2011-09-09,162.449997,162.449997,153.050003,154.149994,142.199234,541841,0.000000,0.000000
2011-09-12,153.199997,156.800003,150.350006,152.350006,140.538788,458685,0.000000,0.000000
2011-09-13,155.899994,157.000000,151.649994,152.550003,140.723297,477998,0.000000,0.000000
2011-09-14,150.100006,153.000000,147.550003,149.050003,137.494598,1511322,0.000000,0.000000
2011-09-15,150.000000,151.699997,148.250000,149.350006,137.771393,535073,0.000000,0.000000
2011-09-16,150.000000,153.500000,148.000000,150.800003,139.108948,1324489,0.000000,0.000000
2011-09-19,149.000000,155.750000,148.199997,154.100006,142.153137,2809987,0.000000,0.000000
2011-09-20,155.100006,155.649994,152.500000,154.350006,142.383728,1631967,0.000000,0.000000
2011-09-21,154.050003,158.199997,154.050003,157.100006,144.920532,1204766,0.000000,0.000000
2011-09-22,156.100006,156.100006,142.199997,146.449997,135.096176,2453772,0.000000,0.000000
2011-09-23,144.600006,151.250000,143.750000,149.649994,138.048080,1400138,0.000000,0.000000
2011-09-26,150.300003,152.949997,147.399994,152.300003,140.492661,959586,0.000000,0.000000
2011-09-27,154.850006,158.899994,152.750000,157.449997,145.243362,1229409,0.000000,0.000000
2011-09-28,159.000000,161.199997,156.000000,160.300003,147.872421,2377196,0.000000,0.000000
2011-09-29,159.800003,166.750000,158.149994,163.949997,151.239456,3079459,0.000000,0.000000
2011-09-30,163.750000,169.800003,162.000000,164.350006,151.608459,2712461,0.000000,0.000000
2011-10-03,163.600006,164.000000,151.350006,153.100006,141.230667,1642213,0.000000,0.000000
2011-10-04,152.500000,159.800003,146.699997,147.449997,136.018631,1108391,0.000000,0.000000
2011-10-05,153.550003,153.899994,147.600006,150.649994,138.970566,643151,0.000000,0.000000
2011-10-07,155.550003,157.800003,151.199997,156.449997,144.320908,806599,0.000000,0.000000
2011-10-10,155.250000,157.850006,153.100006,154.850006,142.844955,574856,0.000000,0.000000
2011-10-11,155.899994,159.500000,152.250000,153.449997,141.553497,624082,0.000000,0.000000
2011-10-12,155.250000,156.850006,153.449997,155.000000,142.983307,606780,0.000000,0.000000
2011-10-13,155.000000,159.000000,154.500000,156.399994,144.274796,843751,0.000000,0.000000
2011-10-14,155.699997,157.300003,154.500000,155.449997,143.398438,499700,0.000000,0.000000
2011-10-17,156.050003,157.600006,153.100006,155.899994,143.813522,331198,0.000000,0.000000
2011-10-18,157.500000,157.500000,150.800003,152.250000,140.446564,355368,0.000000,0.000000
2011-10-19,153.050003,155.250000,149.550003,150.399994,138.739960,1057725,0.000000,0.000000
2011-10-20,148.000000,152.800003,147.600006,151.800003,140.031418,370257,0.000000,0.000000
2011-10-21,149.000000,153.000000,149.000000,150.449997,138.786072,300342,0.000000,0.000000
2011-10-24,155.050003,157.600006,151.649994,156.500000,144.367035,1167828,0.000000,0.000000
2011-10-25,156.500000,162.500000,155.500000,161.250000,148.748764,1139611,0.000000,0.000000
2011-10-28,162.399994,170.449997,162.399994,163.399994,150.732101,1051878,0.000000,0.000000
2011-10-31,160.050003,166.949997,160.050003,163.949997,151.239456,840954,0.000000,0.000000
2011-11-01,156.000000,163.949997,156.000000,160.100006,147.687943,512462,0.000000,0.000000
2011-11-02,157.399994,159.500000,155.100006,158.050003,145.796875,1042409,0.000000,0.000000
2011-11-03,163.000000,163.600006,157.550003,162.199997,149.625122,496651,0.000000,0.000000
2011-11-04,164.500000,167.500000,163.550003,165.000000,152.208054,1747474,0.000000,0.000000
2011-11-08,165.050003,166.699997,160.199997,161.550003,149.025558,873158,0.000000,0.000000
2011-11-09,162.149994,163.949997,156.100006,158.649994,146.350357,886539,0.000000,0.000000
2011-11-11,159.899994,162.899994,150.000000,150.449997,138.786072,2472593,0.000000,0.000000
2011-11-14,158.649994,158.649994,151.050003,155.149994,143.121704,1554235,0.000000,0.000000
2011-11-15,154.500000,156.050003,141.000000,144.600006,133.389618,1354549,0.000000,0.000000
2011-11-16,144.199997,144.199997,130.199997,132.550003,122.273811,3855162,0.000000,0.000000
2011-11-17,132.000000,135.850006,129.000000,132.149994,121.904808,2518688,0.000000,0.000000
2011-11-18,131.149994,139.800003,128.350006,137.899994,127.209015,1456984,0.000000,0.000000
2011-11-21,136.699997,139.100006,132.500000,136.600006,126.009842,717393,0.000000,0.000000
2011-11-22,137.899994,139.000000,131.250000,132.350006,122.089325,692110,0.000000,0.000000
2011-11-23,132.050003,132.350006,121.250000,123.550003,113.971542,1295172,0.000000,0.000000
2011-11-24,123.699997,125.000000,116.750000,117.699997,108.575089,2554572,0.000000,0.000000
2011-11-25,118.000000,124.849998,115.199997,123.349998,113.787041,4717307,0.000000,0.000000
2011-11-28,124.750000,127.449997,121.750000,126.400002,116.600578,2568553,0.000000,0.000000
2011-11-29,128.000000,130.899994,125.400002,128.300003,118.353302,1970380,0.000000,0.000000
2011-11-30,128.000000,130.350006,121.699997,125.750000,116.000992,1884842,0.000000,0.000000
2011-12-01,129.699997,132.350006,125.250000,126.199997,116.416115,1060484,0.000000,0.000000
2011-12-02,124.599998,132.000000,124.599998,130.300003,120.198227,578277,0.000000,0.000000
2011-12-05,129.699997,130.600006,126.349998,129.149994,119.137398,559299,0.000000,0.000000
2011-12-07,129.699997,133.949997,129.100006,132.100006,121.858711,1679421,0.000000,0.000000
2011-12-08,130.699997,133.899994,126.550003,128.850006,118.860672,956836,0.000000,0.000000
2011-12-09,127.349998,131.000000,124.400002,127.300003,117.430824,535841,0.000000,0.000000
2011-12-12,128.949997,130.899994,126.349998,129.000000,118.999023,1280093,0.000000,0.000000
2011-12-13,129.000000,129.600006,126.199997,128.149994,118.214912,829707,0.000000,0.000000
2011-12-14,128.300003,132.500000,127.650002,130.399994,120.290482,622509,0.000000,0.000000
2011-12-15,128.000000,129.500000,125.849998,127.050003,117.200203,2760437,0.000000,0.000000
2011-12-16,127.099998,129.500000,124.400002,126.650002,116.831223,1062095,0.000000,0.000000
2011-12-19,124.199997,125.750000,118.500000,119.699997,110.420029,1292516,0.000000,0.000000
2011-12-20,120.900002,123.800003,117.699997,121.500000,112.080482,2207343,0.000000,0.000000
2011-12-21,123.150002,125.199997,122.050003,123.650002,114.063797,738177,0.000000,0.000000
2011-12-22,123.650002,124.900002,121.900002,123.949997,114.340530,1208491,0.000000,0.000000
2011-12-23,124.000000,127.599998,122.599998,124.900002,115.216888,1372951,0.000000,0.000000
2011-12-26,125.500000,125.500000,120.099998,123.550003,113.971542,669863,0.000000,0.000000
2011-12-27,124.500000,127.900002,123.000000,125.449997,115.724251,753047,0.000000,0.000000
2011-12-28,126.650002,126.650002,119.250000,120.599998,111.250244,581843,0.000000,0.000000
2011-12-29,120.449997,126.750000,118.699997,124.199997,114.571167,2892730,0.000000,0.000000
2011-12-30,123.599998,123.599998,119.650002,120.050003,110.742889,1280686,0.000000,0.000000
2012-01-02,122.800003,123.750000,111.000000,114.699997,105.807655,1572363,0.000000,0.000000
2012-01-03,117.500000,120.900002,115.000000,120.300003,110.973518,1385662,0.000000,0.000000
2012-01-04,121.000000,123.500000,118.000000,122.849998,113.325806,1259249,0.000000,0.000000
2012-01-05,122.000000,127.599998,121.300003,126.699997,116.877335,788405,0.000000,0.000000
2012-01-06,126.250000,128.750000,124.300003,127.699997,117.799820,1036623,0.000000,0.000000
2012-01-09,128.699997,133.399994,126.000000,132.199997,121.950920,848300,0.000000,0.000000
2012-01-10,133.850006,137.000000,132.850006,136.449997,125.871468,869679,0.000000,0.000000
2012-01-11,136.000000,140.699997,134.750000,137.050003,126.424934,1810746,0.000000,0.000000
2012-01-12,137.500000,137.500000,131.199997,132.649994,122.366058,1748799,0.000000,0.000000
2012-01-13,132.500000,133.000000,129.550003,131.550003,121.351349,1099713,0.000000,0.000000
2012-01-16,131.550003,131.550003,131.550003,131.550003,121.351349,0,0.000000,0.000000
2012-01-17,137.100006,141.000000,135.000000,140.000000,129.146225,1636196,0.000000,0.000000
2012-01-18,142.000000,143.800003,138.699997,141.699997,130.714432,890591,0.000000,0.000000
2012-01-19,144.000000,150.550003,143.149994,149.399994,137.817490,1456077,0.000000,0.000000
2012-01-20,151.899994,157.600006,150.250000,155.399994,143.352325,1634070,0.000000,0.000000
2012-01-23,155.399994,155.399994,145.100006,146.750000,135.372910,1657609,0.000000,0.000000
2012-01-24,147.050003,152.899994,145.600006,150.050003,138.417099,1337362,0.000000,0.000000
2012-01-25,150.949997,150.949997,142.250000,143.199997,132.098145,1859617,0.000000,0.000000
2012-01-27,145.800003,149.649994,144.800003,147.100006,135.695770,1264483,0.000000,0.000000
2012-01-30,147.100006,147.399994,137.350006,138.399994,127.670319,757694,0.000000,0.000000
2012-01-31,138.949997,148.500000,137.000000,146.250000,134.911667,1291344,0.000000,0.000000
2012-02-01,146.550003,147.750000,142.149994,143.899994,132.743866,899183,0.000000,0.000000
2012-02-02,144.500000,151.800003,144.500000,151.000000,139.293427,2355597,0.000000,0.000000
2012-02-03,151.000000,152.699997,148.250000,150.250000,138.601578,814359,0.000000,0.000000
2012-02-06,152.850006,152.850006,146.300003,148.100006,136.618271,1518103,0.000000,0.000000
2012-02-07,149.149994,149.449997,137.850006,139.149994,128.362091,1735290,0.000000,0.000000
2012-02-08,139.000000,143.300003,136.600006,140.300003,129.422974,1532614,0.000000,0.000000
2012-02-09,139.649994,141.800003,135.199997,137.949997,127.255157,1907732,0.000000,0.000000
2012-02-10,138.149994,144.149994,137.199997,142.899994,131.821411,1780060,0.000000,0.000000
2012-02-13,143.949997,144.300003,141.000000,143.050003,132.237411,718239,0.300000,0.000000
2012-02-14,143.300003,145.550003,142.000000,144.149994,133.254242,1580236,0.000000,0.000000
2012-02-15,145.000000,147.949997,144.149994,147.149994,136.027496,886834,0.000000,0.000000
2012-02-16,147.449997,149.899994,145.750000,147.600006,136.443481,856476,0.000000,0.000000
2012-02-17,149.000000,152.899994,145.750000,150.500000,139.124283,1749511,0.000000,0.000000
2012-02-21,151.199997,155.750000,150.649994,152.649994,141.111755,1744030,0.000000,0.000000
2012-02-22,155.750000,157.750000,142.399994,143.850006,132.976913,1863666,0.000000,0.000000
2012-02-23,142.000000,145.399994,140.500000,144.050003,133.161804,1533912,0.000000,0.000000
2012-02-24,145.050003,146.500000,141.000000,142.699997,131.913864,527338,0.000000,0.000000
2012-02-27,144.399994,145.149994,137.250000,143.649994,132.792038,947560,0.000000,0.000000
2012-02-28,144.800003,149.449997,144.100006,148.100006,136.905701,629276,0.000000,0.000000
2012-02-29,149.750000,152.000000,145.250000,148.649994,137.414093,627017,0.000000,0.000000
2012-03-01,148.000000,152.000000,144.000000,146.850006,135.750168,370864,0.000000,0.000000
2012-03-02,147.500000,150.000000,144.000000,147.350006,136.212372,497666,0.000000,0.000000
2012-03-05,147.000000,147.050003,142.399994,143.199997,132.376053,264293,0.000000,0.000000
2012-03-06,144.649994,147.000000,140.649994,143.550003,132.699615,502716,0.000000,0.000000
2012-03-07,141.050003,146.649994,141.050003,145.250000,134.271118,389292,0.000000,0.000000
2012-03-09,146.300003,148.500000,129.750000,135.000000,124.795845,5833743,0.000000,0.000000
2012-03-12,135.000000,137.300003,128.399994,129.899994,120.081345,5786647,0.000000,0.000000
2012-03-13,125.000000,133.949997,125.000000,131.100006,121.190666,5344550,0.000000,0.000000
2012-03-14,132.050003,137.250000,132.050003,135.750000,125.489174,2528804,0.000000,0.000000
2012-03-15,136.000000,136.000000,130.399994,132.050003,122.068848,1691856,0.000000,0.000000
2012-03-16,132.750000,135.750000,130.250000,133.149994,123.085678,1024696,0.000000,0.000000
2012-03-19,133.449997,133.850006,130.850006,131.850006,121.883965,886890,0.000000,0.000000
2012-03-20,131.850006,133.300003,129.449997,132.350006,122.346169,1991819,0.000000,0.000000
2012-03-21,131.399994,132.600006,130.250000,131.149994,121.236862,1329184,0.000000,0.000000
2012-03-22,132.850006,133.199997,124.800003,125.900002,116.383690,2489358,0.000000,0.000000
2012-03-23,125.099998,127.949997,120.750000,123.449997,114.118874,4212337,0.000000,0.000000
2012-03-26,123.000000,123.699997,119.050003,120.550003,111.438095,1124699,0.000000,0.000000
2012-03-27,121.550003,123.000000,118.250000,121.500000,112.316277,1098462,0.000000,0.000000
2012-03-28,121.500000,121.500000,117.000000,118.250000,109.311935,1756343,0.000000,0.000000
2012-03-29,118.000000,125.500000,116.099998,124.199997,114.812210,2869127,0.000000,0.000000
2012-03-30,124.500000,130.000000,124.099998,129.500000,119.711578,1405080,0.000000,0.000000
2012-04-02,129.399994,132.699997,128.600006,129.500000,119.711578,773104,0.000000,0.000000
2012-04-03,129.500000,132.399994,125.099998,129.399994,119.619141,598189,0.000000,0.000000
2012-04-04,129.399994,132.250000,128.300003,131.649994,121.699074,763340,0.000000,0.000000
2012-04-09,131.050003,136.250000,129.649994,133.750000,123.640373,1171110,0.000000,0.000000
2012-04-10,134.300003,134.699997,131.000000,131.949997,121.976410,364048,0.000000,0.000000
2012-04-11,130.100006,133.449997,125.449997,127.349998,117.724083,607896,0.000000,0.000000
2012-04-12,129.699997,131.000000,127.800003,128.250000,118.556084,567378,0.000000,0.000000
2012-04-13,129.850006,130.899994,128.750000,129.899994,120.081345,573117,0.000000,0.000000
2012-04-16,129.899994,130.949997,128.649994,128.899994,119.156929,225281,0.000000,0.000000
2012-04-17,130.000000,130.949997,128.649994,129.649994,119.850235,429108,0.000000,0.000000
2012-04-18,130.750000,133.899994,129.199997,129.750000,119.942673,594109,0.000000,0.000000
2012-04-19,130.300003,135.399994,129.399994,134.100006,123.963890,845571,0.000000,0.000000
2012-04-20,134.000000,137.199997,129.949997,130.649994,120.774635,1357915,0.000000,0.000000
2012-04-23,130.000000,131.600006,126.699997,127.250000,117.631645,671276,0.000000,0.000000
2012-04-24,128.699997,130.000000,126.199997,128.649994,118.925812,487818,0.000000,0.000000
2012-04-25,130.000000,131.949997,127.650002,129.649994,119.850235,939012,0.000000,0.000000
2012-04-26,130.100006,131.500000,124.050003,124.599998,115.181953,1267245,0.000000,0.000000
2012-04-27,125.000000,127.349998,124.699997,126.349998,116.799683,383798,0.000000,0.000000
2012-04-30,126.900002,128.500000,125.000000,127.800003,118.140068,892604,0.000000,0.000000
2012-05-02,128.899994,128.899994,125.500000,126.050003,116.522354,591736,0.000000,0.000000
2012-05-03,126.550003,127.500000,124.449997,124.949997,115.505493,626023,0.000000,0.000000
2012-05-04,124.900002,125.800003,122.500000,124.099998,114.719742,1173453,0.000000,0.000000
2012-05-07,122.699997,129.000000,121.000000,127.699997,118.047646,564358,0.000000,0.000000
2012-05-08,127.150002,128.949997,121.650002,123.050003,113.749123,339686,0.000000,0.000000
2012-05-09,122.949997,125.250000,120.199997,122.849998,113.564232,1961492,0.000000,0.000000
2012-05-10,120.000000,126.300003,118.900002,125.050003,115.597969,1266715,0.000000,0.000000
2012-05-11,123.000000,126.400002,119.349998,121.500000,112.316277,2334822,0.000000,0.000000
2012-05-14,121.449997,121.949997,114.199997,114.900002,106.215149,1957717,0.000000,0.000000
2012-05-15,114.000000,115.449997,112.250000,114.699997,106.030243,921396,0.000000,0.000000
2012-05-16,114.000000,114.000000,109.800003,111.000000,102.609917,2319699,0.000000,0.000000
2012-05-17,109.099998,116.000000,109.099998,113.800003,105.198296,1943986,0.000000,0.000000
2012-05-18,111.050003,113.400002,109.750000,111.699997,103.257027,1538120,0.000000,0.000000
2012-05-21,111.699997,113.750000,109.500000,112.599998,104.088982,1491072,0.000000,0.000000
2012-05-22,113.099998,113.900002,111.300003,111.750000,103.303246,388799,0.000000,0.000000
2012-05-23,112.000000,112.050003,109.800003,110.250000,101.916618,1245523,0.000000,0.000000
2012-05-24,111.449997,112.699997,109.800003,112.000000,103.534332,1116442,0.000000,0.000000
2012-05-25,112.000000,115.449997,112.000000,113.800003,105.198296,1089233,0.000000,0.000000
2012-05-28,114.849998,115.750000,114.099998,114.900002,106.215149,501829,0.000000,0.000000
2012-05-29,115.900002,122.250000,114.750000,118.300003,109.358154,1379146,0.000000,0.000000
2012-05-30,119.000000,120.800003,117.300003,119.000000,110.005249,1778680,0.000000,0.000000
2012-05-31,118.349998,125.900002,117.150002,123.449997,114.118874,3592822,0.000000,0.000000
2012-06-01,124.000000,126.250000,122.650002,125.349998,115.875267,1088955,0.000000,0.000000
2012-06-04,124.449997,124.500000,120.199997,123.750000,114.396202,870476,0.000000,0.000000
2012-06-05,124.699997,125.199997,121.599998,122.849998,113.564232,664310,0.000000,0.000000
2012-06-06,122.099998,126.000000,122.099998,124.150002,114.765984,1330789,0.000000,0.000000
2012-06-07,124.849998,127.449997,123.150002,125.099998,115.644165,745015,0.000000,0.000000
2012-06-08,124.250000,126.550003,123.750000,124.800003,115.366844,540939,0.000000,0.000000
2012-06-11,125.500000,126.800003,122.500000,123.650002,114.303764,1050332,0.000000,0.000000
2012-06-12,124.300003,124.849998,120.650002,122.550003,113.286926,1474970,0.000000,0.000000
2012-06-13,122.550003,125.349998,119.349998,120.800003,111.669182,1683780,0.000000,0.000000
2012-06-14,119.199997,121.300003,114.000000,114.500000,105.845375,1264900,0.000000,0.000000
2012-06-15,115.000000,116.500000,113.000000,114.750000,106.076469,1147454,0.000000,0.000000
2012-06-18,114.949997,118.500000,112.449997,115.199997,106.492462,1281993,0.000000,0.000000
2012-06-19,115.199997,115.900002,113.300003,114.949997,106.261368,891747,0.000000,0.000000
2012-06-20,116.000000,117.800003,115.800003,117.449997,108.572395,659167,0.000000,0.000000
2012-06-21,117.250000,118.150002,115.800003,117.550003,108.664848,690964,0.000000,0.000000
2012-06-22,115.800003,118.849998,115.800003,117.849998,108.942169,486749,0.000000,0.000000
2012-06-25,118.000000,119.250000,116.349998,116.699997,107.879089,346396,0.000000,0.000000
2012-06-26,117.900002,118.500000,116.250000,118.050003,109.127060,436613,0.000000,0.000000
2012-06-27,118.800003,118.800003,117.599998,118.400002,109.450584,432947,0.000000,0.000000
2012-06-28,118.449997,120.650002,117.849998,119.449997,110.421219,396097,0.000000,0.000000
2012-06-29,119.650002,122.949997,119.599998,121.150002,111.992737,916783,0.000000,0.000000
2012-07-02,121.449997,125.750000,121.000000,124.750000,115.320625,999891,0.000000,0.000000
2012-07-03,125.599998,126.900002,123.599998,124.050003,114.673538,737421,0.000000,0.000000
2012-07-04,124.849998,125.400002,122.500000,124.599998,115.181953,410302,0.000000,0.000000
2012-07-05,124.900002,126.500000,123.300003,123.949997,114.581085,860385,0.000000,0.000000
2012-07-06,123.550003,123.849998,120.900002,122.599998,113.333138,660690,0.000000,0.000000
2012-07-09,121.750000,121.949997,120.050003,121.449997,112.270042,426421,0.000000,0.000000
2012-07-10,121.449997,122.699997,120.300003,121.400002,112.223839,394520,0.000000,0.000000
2012-07-11,120.750000,122.349998,120.250000,120.550003,111.438095,436328,0.000000,0.000000
2012-07-12,120.000000,120.250000,117.500000,118.849998,109.866577,642833,0.000000,0.000000
2012-07-13,119.500000,120.050003,116.099998,117.500000,108.618629,697441,0.000000,0.000000
2012-07-16,118.150002,118.150002,115.099998,115.500000,106.769798,618414,0.000000,0.000000
2012-07-17,115.500000,116.000000,112.800003,113.550003,104.967186,873178,0.000000,0.000000
2012-07-18,115.000000,115.000000,111.050003,113.000000,104.458763,1161347,0.000000,0.000000
2012-07-19,114.000000,114.500000,111.250000,111.949997,103.488121,751834,0.000000,0.000000
2012-07-20,111.500000,114.800003,111.250000,113.849998,105.244514,518368,0.000000,0.000000
2012-07-23,112.599998,113.500000,110.000000,112.449997,103.950333,551789,0.000000,0.000000
2012-07-24,112.500000,117.699997,111.650002,117.000000,108.156418,1175158,0.000000,0.000000
2012-07-25,116.099998,117.199997,114.199997,115.199997,106.492462,631445,0.000000,0.000000
2012-07-26,114.900002,119.199997,114.849998,117.849998,108.942169,1135801,0.000000,0.000000
2012-07-27,118.099998,119.849998,113.050003,114.099998,105.475616,525503,0.000000,0.000000
2012-07-30,114.400002,119.349998,114.099998,118.849998,110.544777,689560,0.700000,0.000000
2012-07-31,118.000000,121.000000,116.349998,120.449997,112.032951,715123,0.000000,0.000000
2012-08-01,121.550003,125.500000,118.099998,120.900002,112.451515,4518020,0.000000,0.000000
2012-08-02,121.250000,122.150002,120.150002,121.599998,113.102608,682706,0.000000,0.000000
2012-08-03,118.500000,122.949997,118.500000,121.550003,113.056114,821744,0.000000,0.000000
2012-08-06,122.000000,124.699997,121.650002,124.050003,115.381409,630742,0.000000,0.000000
2012-08-07,122.150002,124.750000,122.150002,122.750000,114.172226,908275,0.000000,0.000000
2012-08-08,122.250000,126.250000,122.250000,124.300003,115.613914,1034361,0.000000,0.000000
2012-08-09,123.949997,127.750000,123.949997,127.000000,118.125244,1095476,0.000000,0.000000
2012-08-10,126.349998,127.500000,124.800003,126.900002,118.032234,1133003,0.000000,0.000000
2012-08-13,125.800003,126.949997,122.750000,125.199997,116.451027,786435,0.000000,0.000000
2012-08-14,123.050003,129.000000,123.050003,128.149994,119.194878,893033,0.000000,0.000000
2012-08-16,128.300003,130.399994,125.150002,127.150002,118.264771,1322874,0.000000,0.000000
2012-08-17,127.500000,128.350006,122.099998,123.500000,114.869812,653977,0.000000,0.000000
2012-08-21,122.050003,123.699997,118.500000,119.849998,111.474884,904738,0.000000,0.000000
2012-08-22,119.000000,119.300003,116.000000,116.550003,108.405495,1152766,0.000000,0.000000
2012-08-23,116.650002,116.699997,110.000000,110.800003,103.057304,4531629,0.000000,0.000000
2012-08-24,110.550003,112.900002,105.650002,112.000000,104.173439,2507113,0.000000,0.000000
2012-08-27,110.000000,112.050003,106.550003,108.000000,100.452965,1101295,0.000000,0.000000
2012-08-28,108.000000,110.599998,106.099998,108.849998,101.243561,906607,0.000000,0.000000
2012-08-29,108.000000,110.449997,107.400002,109.449997,101.801643,840345,0.000000,0.000000
2012-08-30,109.050003,115.400002,107.400002,114.500000,106.498749,2299775,0.000000,0.000000
2012-08-31,114.099998,115.000000,111.000000,113.750000,105.801155,1709001,0.000000,0.000000
2012-09-03,112.300003,117.000000,112.300003,116.250000,108.126457,622511,0.000000,0.000000
2012-09-04,117.500000,117.500000,114.199997,116.599998,108.451981,373291,0.000000,0.000000
2012-09-05,115.699997,116.900002,115.000000,115.599998,107.521873,1031669,0.000000,0.000000
2012-09-06,114.050003,115.349998,110.849998,114.150002,106.173203,1049284,0.000000,0.000000
2012-09-07,115.099998,116.900002,112.150002,112.949997,105.057053,1312589,0.000000,0.000000
2012-09-10,112.300003,114.949997,111.650002,112.699997,104.824524,1544686,0.000000,0.000000
2012-09-11,112.699997,113.500000,111.400002,112.449997,104.592010,1285716,0.000000,0.000000
2012-09-12,111.550003,112.949997,110.150002,110.900002,103.150314,1198143,0.000000,0.000000
2012-09-13,110.500000,112.349998,109.800003,110.599998,102.871262,984996,0.000000,0.000000
2012-09-14,112.900002,113.099998,110.099998,111.599998,103.801399,1853351,0.000000,0.000000
2012-09-17,112.150002,114.050003,110.900002,111.650002,103.847908,1522753,0.000000,0.000000
2012-09-18,112.150002,117.900002,111.800003,117.050003,108.870544,2158032,0.000000,0.000000
2012-09-20,116.400002,116.750000,114.050003,115.500000,107.428871,2705275,0.000000,0.000000
2012-09-21,117.000000,119.400002,113.250000,115.699997,107.614891,3156075,0.000000,0.000000
2012-09-24,116.000000,123.449997,114.300003,119.550003,111.195869,4222804,0.000000,0.000000
2012-09-25,120.949997,121.800003,117.099998,120.000000,111.614410,3807912,0.000000,0.000000
2012-09-26,119.900002,123.949997,119.900002,122.599998,114.032730,2423037,0.000000,0.000000
2012-09-27,122.000000,124.400002,119.550003,122.050003,113.521164,3694614,0.000000,0.000000
2012-09-28,123.000000,128.500000,123.000000,127.500000,118.590317,2455631,0.000000,0.000000
2012-10-01,128.100006,128.500000,124.550003,125.500000,116.730072,470394,0.000000,0.000000
2012-10-03,125.500000,130.000000,124.000000,129.500000,120.450539,1268946,0.000000,0.000000
2012-10-04,130.100006,132.300003,128.600006,129.600006,120.543564,1423093,0.000000,0.000000
2012-10-05,129.649994,131.149994,123.599998,128.149994,119.194878,1210168,0.000000,0.000000
2012-10-08,127.050003,127.949997,121.349998,123.800003,115.148872,533122,0.000000,0.000000
2012-10-09,125.949997,126.349998,121.800003,122.650002,114.079224,410937,0.000000,0.000000
2012-10-10,122.050003,122.800003,119.599998,120.500000,112.079460,276010,0.000000,0.000000
2012-10-11,119.949997,124.900002,118.699997,124.300003,115.613914,604810,0.000000,0.000000
2012-10-12,123.849998,127.000000,123.449997,125.400002,116.637054,735106,0.000000,0.000000
2012-10-15,125.400002,125.500000,122.449997,123.449997,114.823303,304000,0.000000,0.000000
2012-10-16,122.000000,122.000000,118.099998,120.050003,111.660927,1903838,0.000000,0.000000
2012-10-17,119.150002,120.900002,118.000000,120.000000,111.614410,389450,0.000000,0.000000
2012-10-18,120.000000,125.400002,119.300003,124.699997,115.985977,1293131,0.000000,0.000000
2012-10-19,125.000000,127.449997,122.650002,124.349998,115.660423,1344070,0.000000,0.000000
2012-10-22,124.050003,130.600006,123.050003,129.750000,120.683067,2914830,0.000000,0.000000
2012-10-23,130.699997,131.000000,127.699997,128.550003,119.566917,1724049,0.000000,0.000000
2012-10-25,128.000000,132.899994,128.000000,130.699997,121.566681,1479503,0.000000,0.000000
2012-10-29,126.050003,127.400002,123.550003,124.500000,115.799957,1584245,0.000000,0.000000
2012-10-30,124.050003,127.800003,123.000000,125.000000,116.265015,678844,0.000000,0.000000
2012-10-31,125.550003,128.649994,124.900002,127.250000,118.357765,1690316,0.000000,0.000000
2012-11-01,125.500000,126.449997,124.000000,125.000000,116.265015,754150,0.000000,0.000000
2012-11-02,125.599998,128.649994,125.599998,127.949997,119.008858,1501687,0.000000,0.000000
2012-11-05,127.000000,130.600006,127.000000,127.449997,118.543800,1196272,0.000000,0.000000
2012-11-06,127.400002,136.699997,126.150002,134.850006,125.426704,3019713,0.000000,0.000000
2012-11-07,135.000000,136.000000,129.050003,130.850006,121.706223,1782253,0.000000,0.000000
2012-11-08,130.800003,131.500000,128.199997,130.600006,121.473686,754715,0.000000,0.000000
2012-11-09,130.000000,132.449997,127.199997,127.900002,118.962364,355941,0.000000,0.000000
2012-11-12,127.050003,130.600006,126.650002,129.199997,120.171509,692315,0.000000,0.000000
2012-11-15,128.899994,132.500000,128.050003,131.399994,122.217789,453557,0.000000,0.000000
2012-11-16,131.399994,133.250000,126.000000,127.349998,118.450775,671193,0.000000,0.000000
2012-11-19,125.199997,130.000000,125.199997,127.949997,119.008858,642800,0.000000,0.000000
2012-11-20,130.000000,130.699997,121.599998,123.199997,114.590797,787747,0.000000,0.000000
2012-11-21,124.000000,125.400002,122.150002,123.050003,114.451286,360974,0.000000,0.000000
2012-11-22,123.949997,124.800003,121.550003,122.800003,114.218742,251196,0.000000,0.000000
2012-11-23,123.449997,124.500000,122.050003,123.349998,114.730301,182011,0.000000,0.000000
2012-11-26,123.900002,125.949997,123.099998,125.349998,116.590546,292680,0.000000,0.000000
2012-11-27,126.400002,130.600006,125.099998,129.750000,120.683067,1987923,0.000000,0.000000
2012-11-29,130.050003,132.199997,124.550003,125.449997,116.683563,1359991,0.000000,0.000000
2012-11-30,125.500000,130.699997,125.250000,130.149994,121.055122,1251861,0.000000,0.000000
2012-12-03,130.350006,133.250000,129.000000,132.250000,123.008377,1160794,0.000000,0.000000
2012-12-04,132.649994,137.899994,130.600006,134.399994,125.008125,3545718,0.000000,0.000000
2012-12-05,134.750000,136.300003,131.250000,133.699997,124.357071,1003342,0.000000,0.000000
2012-12-06,133.699997,136.500000,130.699997,135.050003,125.612740,3147331,0.000000,0.000000
2012-12-07,135.649994,138.800003,135.350006,137.600006,127.984512,1424101,0.000000,0.000000
2012-12-10,137.949997,138.750000,135.600006,137.050003,127.472946,612960,0.000000,0.000000
2012-12-11,137.149994,138.600006,131.750000,134.750000,125.333679,790611,0.000000,0.000000
2012-12-12,135.000000,136.600006,133.000000,135.649994,126.170776,543139,0.000000,0.000000
2012-12-13,136.000000,136.000000,130.050003,130.699997,121.566681,680712,0.000000,0.000000
2012-12-14,130.050003,136.449997,130.050003,135.649994,126.170776,878418,0.000000,0.000000
2012-12-17,136.050003,144.149994,135.550003,143.250000,133.239685,2010480,0.000000,0.000000
2012-12-18,144.600006,146.250000,142.100006,142.649994,132.681595,1908629,0.000000,0.000000
2012-12-19,144.050003,146.399994,142.250000,145.250000,135.099960,1845672,0.000000,0.000000
2012-12-20,145.250000,146.399994,139.050003,140.000000,130.216782,2098610,0.000000,0.000000
2012-12-21,139.449997,142.100006,133.649994,135.649994,126.170776,1487914,0.000000,0.000000
2012-12-24,137.000000,137.399994,133.449997,135.350006,125.891754,625551,0.000000,0.000000
2012-12-26,136.000000,137.500000,134.399994,136.399994,126.868385,526630,0.000000,0.000000
2012-12-27,137.449997,138.250000,132.449997,133.800003,124.450066,1895037,0.000000,0.000000
2012-12-28,133.500000,134.949997,132.050003,132.850006,123.566460,773240,0.000000,0.000000
2012-12-31,132.850006,135.949997,132.399994,135.000000,125.566200,636052,0.000000,0.000000
2013-01-01,136.250000,138.149994,135.300003,137.800003,128.170547,353823,0.000000,0.000000
2013-01-02,138.800003,140.199997,137.300003,138.449997,128.775116,1158271,0.000000,0.000000
2013-01-03,139.449997,140.000000,137.149994,138.300003,128.635620,996003,0.000000,0.000000
2013-01-04,138.300003,138.300003,134.500000,137.500000,127.891502,1236742,0.000000,0.000000
2013-01-07,137.000000,141.250000,137.000000,140.050003,130.263336,1974675,0.000000,0.000000
2013-01-08,140.600006,140.649994,135.300003,137.449997,127.845001,750310,0.000000,0.000000
2013-01-09,137.000000,138.899994,134.449997,135.149994,125.705719,804170,0.000000,0.000000
2013-01-10,136.100006,136.649994,134.199997,135.800003,126.310303,649023,0.000000,0.000000
2013-01-11,135.800003,136.399994,131.100006,131.699997,122.496796,627649,0.000000,0.000000
2013-01-14,131.699997,136.750000,131.100006,136.300003,126.775360,645456,0.000000,0.000000
2013-01-15,135.100006,137.399994,133.699997,136.899994,127.333435,611458,0.000000,0.000000
2013-01-16,137.350006,139.000000,134.750000,135.600006,126.124321,1823638,0.000000,0.000000
2013-01-17,135.949997,136.800003,133.649994,134.600006,125.194183,448421,0.000000,0.000000
2013-01-18,134.600006,135.800003,131.750000,132.250000,123.008377,551806,0.000000,0.000000
2013-01-21,131.949997,137.000000,131.550003,135.750000,126.263794,1013495,0.000000,0.000000
2013-01-22,135.750000,138.199997,134.350006,135.449997,125.984741,1864356,0.000000,0.000000
2013-01-23,135.899994,136.149994,133.149994,133.649994,124.310539,633457,0.000000,0.000000
2013-01-24,137.899994,137.899994,128.600006,129.949997,120.869118,948386,0.000000,0.000000
2013-01-25,129.949997,130.899994,126.050003,130.300003,121.194641,1711468,0.000000,0.000000
2013-01-28,131.600006,137.800003,127.300003,136.750000,127.193939,6676462,0.000000,0.000000
2013-01-29,137.000000,156.250000,137.000000,145.800003,135.611511,19207648,0.000000,0.000000
2013-01-30,147.550003,148.800003,140.199997,142.649994,132.681595,10316243,0.000000,0.000000
2013-01-31,143.350006,155.000000,141.649994,150.550003,140.029572,8895649,0.000000,0.000000
2013-02-01,151.699997,156.649994,149.250000,149.949997,139.471497,3716667,0.000000,0.000000
2013-02-04,151.500000,154.899994,148.550003,149.899994,139.424973,2234003,0.000000,0.000000
2013-02-05,149.800003,153.399994,146.449997,150.250000,139.750549,2115293,0.000000,0.000000
2013-02-06,151.949997,162.649994,150.199997,154.949997,144.122116,5541384,0.000000,0.000000
2013-02-07,153.500000,158.350006,149.199997,155.850006,144.959213,4047635,0.000000,0.000000
2013-02-08,156.199997,157.449997,151.199997,151.850006,141.238739,1791582,0.000000,0.000000
2013-02-11,153.300003,156.500000,152.000000,153.500000,142.773422,2315423,0.000000,0.000000
2013-02-12,154.149994,156.500000,152.399994,153.699997,142.959442,2292412,0.000000,0.000000
2013-02-13,154.500000,158.699997,153.750000,154.899994,144.075546,1577507,0.000000,0.000000
2013-02-14,154.899994,155.699997,145.550003,148.399994,138.029785,3032088,0.000000,0.000000
2013-02-15,146.149994,151.699997,144.600006,149.949997,139.471497,1572387,0.000000,0.000000
2013-02-18,151.250000,152.300003,147.850006,149.050003,138.634399,888936,0.000000,0.000000
2013-02-19,150.100006,153.850006,149.550003,152.550003,141.889816,1183511,0.000000,0.000000
2013-02-20,153.050003,153.699997,149.449997,150.449997,139.936569,1086942,0.000000,0.000000
2013-02-21,150.300003,154.449997,143.649994,145.600006,135.425491,3125690,0.000000,0.000000
2013-02-22,146.350006,150.750000,143.149994,149.699997,139.238983,1120221,0.000000,0.000000
2013-02-25,149.699997,152.500000,145.850006,148.100006,137.750793,921416,0.000000,0.000000
2013-02-26,147.000000,148.000000,138.050003,141.449997,131.565475,1881561,0.000000,0.000000
2013-02-27,143.250000,144.500000,137.000000,143.300003,133.286194,2210177,0.000000,0.000000
2013-02-28,144.850006,145.800003,131.899994,138.649994,128.961166,4173623,0.000000,0.000000
2013-03-01,139.550003,141.800003,137.800003,140.100006,130.309830,3196913,0.000000,0.000000
2013-03-04,140.800003,140.800003,134.800003,136.149994,126.635803,900454,0.000000,0.000000
2013-03-05,137.350006,148.250000,136.699997,145.949997,135.751007,1772006,0.000000,0.000000
2013-03-06,147.000000,147.500000,143.199997,144.300003,134.216324,1195204,0.000000,0.000000
2013-03-07,144.000000,146.399994,143.300003,145.899994,135.704529,1019838,0.000000,0.000000
2013-03-08,146.449997,147.550003,145.050003,145.949997,135.751007,737539,0.000000,0.000000
2013-03-11,146.699997,146.750000,141.100006,142.000000,132.077057,885327,0.000000,0.000000
2013-03-12,130.600006,142.699997,130.600006,138.899994,129.193695,918664,0.000000,0.000000
2013-03-13,137.850006,139.899994,134.800003,135.399994,125.938271,814241,0.000000,0.000000
2013-03-14,135.449997,141.350006,133.000000,139.949997,130.170319,1204991,0.000000,0.000000
2013-03-15,140.250000,143.000000,137.800003,138.800003,129.100632,651943,0.000000,0.000000
2013-03-18,138.600006,140.350006,134.199997,139.050003,129.333176,1089644,0.000000,0.000000
2013-03-19,139.000000,139.750000,134.350006,136.000000,126.496330,970366,0.000000,0.000000
2013-03-20,135.000000,137.850006,132.000000,132.350006,123.101387,690865,0.000000,0.000000
2013-03-21,126.000000,134.500000,121.650002,127.300003,118.404282,1349239,0.000000,0.000000
2013-03-22,127.150002,127.699997,119.099998,124.099998,115.427895,2379340,0.000000,0.000000
2013-03-25,124.599998,129.699997,124.599998,128.050003,119.101875,1137186,0.000000,0.000000
2013-03-26,126.050003,133.750000,125.750000,131.399994,122.217789,1527015,0.000000,0.000000
2013-03-28,131.800003,141.600006,129.750000,138.699997,129.007645,1939645,0.000000,0.000000
2013-04-01,140.800003,144.199997,137.350006,142.449997,132.495605,890295,0.000000,0.000000
2013-04-02,142.949997,148.500000,142.649994,147.149994,136.867157,1468440,0.000000,0.000000
2013-04-03,147.850006,149.800003,144.500000,146.050003,135.844025,1553513,0.000000,0.000000
2013-04-04,144.500000,144.600006,139.600006,140.750000,130.914413,1364325,0.000000,0.000000
2013-04-05,141.000000,148.649994,140.949997,144.750000,134.634872,1133976,0.000000,0.000000
2013-04-08,145.199997,146.899994,143.100006,144.050003,133.983780,588531,0.000000,0.000000
2013-04-09,144.850006,147.649994,144.100006,145.300003,135.146439,511288,0.000000,0.000000
2013-04-10,146.000000,152.500000,142.199997,151.300003,140.727173,2267790,0.000000,0.000000
2013-04-11,152.149994,154.399994,148.550003,149.300003,138.866928,1334386,0.000000,0.000000
2013-04-12,149.000000,153.500000,146.750000,148.500000,138.122833,832927,0.000000,0.000000
2013-04-15,147.300003,148.399994,142.899994,145.399994,135.239456,988564,0.000000,0.000000
2013-04-16,145.000000,147.300003,143.550003,146.199997,135.983536,789507,0.000000,0.000000
2013-04-17,147.100006,147.500000,140.399994,141.000000,131.146942,1224412,0.000000,0.000000
2013-04-18,141.750000,146.500000,140.800003,145.250000,135.099960,1433603,0.000000,0.000000
2013-04-22,144.000000,152.800003,140.699997,150.350006,139.843552,1690739,0.000000,0.000000
2013-04-23,150.000000,151.000000,145.500000,147.300003,137.006699,1160058,0.000000,0.000000
2013-04-25,146.500000,148.100006,141.750000,145.500000,135.332458,2246425,0.000000,0.000000
2013-04-26,144.000000,146.199997,143.250000,144.850006,134.727890,877991,0.000000,0.000000
2013-04-29,143.000000,147.500000,143.000000,145.399994,135.239456,415488,0.000000,0.000000
2013-04-30,146.000000,146.699997,143.149994,145.000000,134.867401,892336,0.000000,0.000000
2013-05-02,145.000000,149.000000,144.149994,146.300003,136.076569,1253183,0.000000,0.000000
2013-05-03,150.000000,158.800003,148.100006,155.550003,144.680176,3167410,0.000000,0.000000
2013-05-06,156.350006,156.649994,151.250000,152.449997,141.796783,1465010,0.000000,0.000000
2013-05-07,152.550003,153.300003,147.300003,150.350006,139.843552,1713111,0.000000,0.000000
2013-05-08,151.000000,155.350006,150.000000,154.399994,143.610519,1288174,0.000000,0.000000
2013-05-09,154.550003,154.750000,150.350006,151.550003,140.959686,1362727,0.000000,0.000000
2013-05-10,152.000000,152.500000,150.000000,150.949997,140.401611,1444269,0.000000,0.000000
2013-05-13,149.300003,153.850006,149.300003,150.350006,139.843552,878208,0.000000,0.000000
2013-05-14,150.399994,151.699997,148.800003,149.949997,139.471497,440169,0.000000,0.000000
2013-05-15,150.699997,153.500000,149.699997,152.500000,141.843292,1562040,0.000000,0.000000
2013-05-16,157.000000,167.350006,154.399994,162.000000,150.679474,8280624,0.000000,0.000000
2013-05-17,163.050003,169.000000,163.050003,168.250000,156.492706,9076436,0.000000,0.000000
2013-05-20,169.699997,175.000000,166.899994,167.600006,155.888138,7727111,0.000000,0.000000
2013-05-21,167.600006,168.000000,160.000000,160.649994,149.423782,3803039,0.000000,0.000000
2013-05-22,160.800003,161.800003,153.250000,154.649994,143.843063,2243155,0.000000,0.000000
2013-05-23,154.000000,158.949997,150.550003,152.449997,141.796783,2104757,0.000000,0.000000
2013-05-24,153.250000,158.199997,150.300003,156.649994,145.703278,1502462,0.000000,0.000000
2013-05-27,157.699997,160.149994,153.000000,158.000000,146.959000,3890085,0.000000,0.000000
2013-05-28,158.649994,159.750000,156.100006,157.850006,146.819473,2825798,0.000000,0.000000
2013-05-29,157.000000,157.949997,151.100006,153.500000,142.773422,1839294,0.000000,0.000000
2013-05-30,152.000000,156.199997,151.600006,154.649994,143.843063,2440279,0.000000,0.000000
2013-05-31,154.699997,155.449997,150.050003,152.050003,141.424744,2175273,0.000000,0.000000
2013-06-03,151.000000,154.649994,149.550003,153.550003,142.819931,2987578,0.000000,0.000000
2013-06-04,153.000000,156.500000,153.000000,155.350006,144.494171,3938790,0.000000,0.000000
2013-06-05,154.100006,155.449997,149.149994,154.550003,143.750061,2291669,0.000000,0.000000
2013-06-06,153.800003,155.449997,152.000000,152.500000,141.843292,1270646,0.000000,0.000000
2013-06-07,152.000000,153.800003,150.000000,152.050003,141.424744,1577506,0.000000,0.000000
2013-06-10,152.199997,160.350006,150.300003,150.800003,140.262115,4320732,0.000000,0.000000
2013-06-11,150.399994,153.300003,145.750000,148.300003,137.936813,2191377,0.000000,0.000000
2013-06-12,147.199997,147.800003,141.800003,144.149994,134.076797,2083999,0.000000,0.000000
2013-06-13,142.000000,144.300003,136.399994,143.300003,133.286194,3768898,0.000000,0.000000
2013-06-14,143.899994,149.899994,143.800003,148.600006,138.215820,1702926,0.000000,0.000000
2013-06-17,149.000000,151.000000,145.250000,150.000000,139.518005,1738706,0.000000,0.000000
2013-06-18,150.800003,155.000000,149.449997,153.949997,143.191971,1791207,0.000000,0.000000
2013-06-19,153.350006,154.500000,148.300003,150.350006,139.843552,1074287,0.000000,0.000000
2013-06-20,149.899994,151.399994,146.850006,148.899994,138.494858,3201936,0.000000,0.000000
2013-06-21,147.000000,152.600006,146.800003,151.449997,140.866684,4669085,0.000000,0.000000
2013-06-24,152.000000,152.000000,147.750000,150.750000,140.215561,907117,0.000000,0.000000
2013-06-25,150.750000,151.000000,143.949997,145.000000,134.867401,557666,0.000000,0.000000
2013-06-26,146.399994,150.000000,143.000000,147.800003,137.471741,974214,0.000000,0.000000
2013-06-27,148.699997,150.000000,147.149994,149.750000,139.285477,3226254,0.000000,0.000000
2013-06-28,151.949997,152.449997,148.300003,150.300003,139.797043,2214838,0.000000,0.000000
2013-07-01,150.899994,153.300003,149.850006,151.550003,140.959686,1196393,0.000000,0.000000
2013-07-02,151.199997,154.800003,149.399994,150.050003,139.564529,949423,0.000000,0.000000
2013-07-03,150.000000,150.850006,148.000000,149.149994,138.727417,492114,0.000000,0.000000
2013-07-04,149.500000,150.949997,148.050003,148.899994,138.494858,457355,0.000000,0.000000
2013-07-05,149.199997,151.300003,147.350006,148.399994,138.029785,1000475,0.000000,0.000000
2013-07-08,147.000000,150.699997,146.500000,149.199997,138.773895,480067,0.000000,0.000000
2013-07-09,149.500000,150.750000,148.350006,149.300003,138.866928,1168035,0.000000,0.000000
2013-07-10,149.300003,152.449997,149.000000,149.250000,138.820435,764498,0.000000,0.000000
2013-07-11,150.149994,151.800003,149.399994,150.000000,139.518005,1400737,0.000000,0.000000
2013-07-12,150.050003,153.899994,149.500000,151.850006,141.238739,1328772,0.000000,0.000000
2013-07-15,152.000000,152.750000,148.550003,149.300003,138.866928,1112743,0.000000,0.000000
2013-07-16,147.000000,150.699997,146.449997,148.600006,138.215820,1281108,0.000000,0.000000
2013-07-17,147.000000,148.399994,144.399994,146.699997,136.448593,2430167,0.000000,0.000000
2013-07-18,145.699997,150.600006,145.050003,149.750000,139.285477,1208925,0.000000,0.000000
2013-07-19,150.500000,150.500000,145.350006,146.699997,136.448593,670836,0.000000,0.000000
2013-07-22,146.000000,146.850006,144.000000,145.649994,135.471985,518078,0.000000,0.000000
2013-07-23,146.000000,148.050003,146.000000,146.800003,136.541626,854668,0.000000,0.000000
2013-07-24,144.250000,147.399994,143.699997,145.649994,135.471985,557040,0.000000,0.000000
2013-07-25,145.500000,148.750000,143.649994,147.350006,137.053192,1002650,0.000000,0.000000
2013-07-26,148.000000,148.300003,142.649994,143.600006,133.565247,1729266,0.000000,0.000000
2013-07-29,143.000000,143.000000,137.899994,139.449997,129.705246,1552283,0.000000,0.000000
2013-07-30,138.100006,140.000000,135.050003,135.699997,127.128975,1537956,1.000000,0.000000
2013-07-31,135.800003,135.850006,116.650002,125.250000,117.338982,5120681,0.000000,0.000000
2013-08-01,126.500000,148.399994,125.199997,140.949997,132.047318,6475235,0.000000,0.000000
2013-08-02,143.000000,143.000000,125.000000,125.250000,117.338982,4117068,0.000000,0.000000
2013-08-05,129.000000,129.000000,117.949997,123.250000,115.465302,3230823,0.000000,0.000000
2013-08-06,120.699997,134.750000,120.349998,130.050003,121.835800,3407089,0.000000,0.000000
2013-08-07,129.000000,135.350006,128.500000,134.199997,125.723663,1814154,0.000000,0.000000
2013-08-08,134.949997,145.000000,133.449997,142.199997,133.218369,1294871,0.000000,0.000000
2013-08-12,143.399994,147.000000,141.600006,144.350006,135.232590,1539039,0.000000,0.000000
2013-08-13,144.899994,147.350006,142.100006,144.350006,135.232590,676958,0.000000,0.000000
2013-08-14,144.750000,147.600006,143.550003,145.449997,136.263107,2171281,0.000000,0.000000
2013-08-16,144.899994,146.800003,140.949997,141.949997,132.984177,1747053,0.000000,0.000000
2013-08-19,135.500000,140.199997,125.099998,131.250000,122.960007,2769817,0.000000,0.000000
2013-08-20,128.000000,133.750000,125.000000,127.699997,119.634232,1164236,0.000000,0.000000
2013-08-21,131.949997,132.699997,126.000000,126.699997,118.697395,939051,0.000000,0.000000
2013-08-22,126.000000,126.900002,120.099998,122.300003,114.575302,2481435,0.000000,0.000000
2013-08-23,124.000000,124.800003,118.949997,123.349998,115.558983,3373987,0.000000,0.000000
2013-08-26,124.750000,127.650002,121.500000,123.800003,115.980568,2440388,0.000000,0.000000
2013-08-27,123.099998,125.599998,121.800003,123.500000,115.699501,1341557,0.000000,0.000000
2013-08-28,122.099998,126.099998,121.500000,122.800003,115.043724,1892163,0.000000,0.000000
2013-08-29,122.500000,128.500000,121.300003,127.750000,119.681061,1572244,0.000000,0.000000
2013-08-30,127.000000,130.300003,122.650002,125.949997,117.994766,1635610,0.000000,0.000000
2013-09-02,125.599998,131.000000,124.199997,130.399994,122.163689,646648,0.000000,0.000000
2013-09-03,131.500000,131.949997,120.750000,121.949997,114.247406,1872958,0.000000,0.000000
2013-09-04,118.699997,124.849998,118.699997,123.699997,115.886894,1005021,0.000000,0.000000
2013-09-05,126.000000,128.399994,121.849998,122.550003,114.809532,1712545,0.000000,0.000000
2013-09-06,123.599998,127.500000,122.550003,126.849998,118.837914,1009977,0.000000,0.000000
2013-09-10,127.500000,130.500000,126.000000,129.399994,121.226845,1089788,0.000000,0.000000
2013-09-11,129.000000,130.750000,127.500000,128.199997,120.102654,1760377,0.000000,0.000000
2013-09-12,129.000000,130.500000,126.800003,129.149994,120.992645,865513,0.000000,0.000000
2013-09-13,129.500000,137.000000,129.500000,136.199997,127.597351,1256650,0.000000,0.000000
2013-09-16,139.399994,140.600006,135.000000,136.250000,127.644180,864897,0.000000,0.000000
2013-09-17,136.000000,136.399994,131.399994,132.300003,123.943687,1135789,0.000000,0.000000
2013-09-18,133.649994,135.199997,131.050003,133.050003,124.646332,312008,0.000000,0.000000
2013-09-19,136.600006,141.699997,134.399994,137.949997,129.236832,2949490,0.000000,0.000000
2013-09-20,137.300003,141.199997,136.000000,139.699997,130.876312,2326944,0.000000,0.000000
2013-09-23,139.000000,140.199997,136.050003,139.600006,130.782623,2996106,0.000000,0.000000
2013-09-24,138.000000,140.800003,137.899994,138.899994,130.126831,1450785,0.000000,0.000000
2013-09-25,138.000000,141.949997,137.000000,140.699997,131.813126,1023461,0.000000,0.000000
2013-09-26,140.600006,143.500000,140.000000,141.050003,132.141037,979813,0.000000,0.000000
2013-09-27,142.000000,143.000000,138.600006,140.600006,131.719452,632896,0.000000,0.000000
2013-09-30,140.699997,141.750000,137.050003,138.050003,129.330521,861504,0.000000,0.000000
2013-10-01,138.199997,140.399994,136.600006,138.699997,129.939453,2335850,0.000000,0.000000
2013-10-03,139.500000,142.250000,139.149994,140.850006,131.953644,421126,0.000000,0.000000
2013-10-04,139.750000,146.250000,138.899994,142.899994,133.874176,4360793,0.000000,0.000000
2013-10-07,143.000000,146.000000,142.649994,144.699997,135.560501,878860,0.000000,0.000000
2013-10-08,144.000000,146.600006,143.000000,144.500000,135.373108,666262,0.000000,0.000000
2013-10-09,143.000000,146.750000,142.949997,145.800003,136.591003,387134,0.000000,0.000000
2013-10-10,145.949997,147.449997,143.949997,145.800003,136.591003,1100941,0.000000,0.000000
2013-10-11,144.100006,151.800003,144.100006,150.399994,140.900467,5286940,0.000000,0.000000
2013-10-14,151.500000,152.399994,149.850006,150.949997,141.415710,1457949,0.000000,0.000000
2013-10-15,150.100006,151.899994,148.699997,151.300003,141.743622,2133195,0.000000,0.000000
2013-10-17,149.000000,152.750000,149.000000,150.149994,140.666245,3169858,0.000000,0.000000
2013-10-18,150.449997,154.949997,150.000000,152.750000,143.102005,1633030,0.000000,0.000000
2013-10-21,151.350006,163.000000,151.350006,156.899994,146.989868,2044981,0.000000,0.000000
2013-10-22,157.050003,164.399994,156.750000,159.800003,149.706726,2720432,0.000000,0.000000
2013-10-23,160.600006,160.899994,154.500000,159.000000,148.957291,3553428,0.000000,0.000000
2013-10-24,158.000000,161.699997,151.100006,154.899994,145.116196,6241761,0.000000,0.000000
2013-10-25,155.000000,157.449997,143.149994,144.399994,135.279449,3766465,0.000000,0.000000
2013-10-28,144.649994,147.899994,140.850006,145.100006,135.935211,2508923,0.000000,0.000000
2013-10-29,145.000000,146.100006,141.449997,145.100006,135.935211,3491805,0.000000,0.000000
2013-10-30,145.750000,149.500000,144.850006,146.449997,137.199936,1799363,0.000000,0.000000
2013-10-31,146.500000,146.899994,142.600006,145.500000,136.309937,1905129,0.000000,0.000000
2013-11-01,145.500000,147.000000,143.800003,144.850006,135.701004,2084157,0.000000,0.000000
2013-11-05,143.000000,155.500000,140.600006,151.850006,142.258881,6256796,0.000000,0.000000
2013-11-06,152.000000,156.600006,150.000000,150.899994,141.368881,2318436,0.000000,0.000000
2013-11-07,151.100006,155.899994,147.000000,148.300003,138.933105,1625414,0.000000,0.000000
2013-11-08,147.949997,152.899994,146.600006,148.399994,139.026749,1605475,0.000000,0.000000
2013-11-11,149.300003,152.300003,147.850006,149.899994,140.432007,2734419,0.000000,0.000000
2013-11-12,150.250000,152.800003,145.000000,146.199997,136.965729,1070011,0.000000,0.000000
2013-11-13,146.500000,147.500000,144.000000,145.250000,136.075760,1387266,0.000000,0.000000
2013-11-14,144.000000,155.550003,144.000000,152.800003,143.148865,3581094,0.000000,0.000000
2013-11-18,153.699997,157.899994,153.449997,154.800003,145.022537,3407642,0.000000,0.000000
2013-11-19,154.050003,157.949997,153.600006,154.600006,144.835175,2106533,0.000000,0.000000
2013-11-20,155.000000,160.949997,154.500000,156.300003,146.427826,2698124,0.000000,0.000000
2013-11-21,154.600006,158.649994,149.800003,152.050003,142.446228,2137637,0.000000,0.000000
2013-11-22,153.800003,155.899994,151.050003,152.699997,143.055191,1257846,0.000000,0.000000
2013-11-25,153.100006,162.000000,153.100006,161.250000,151.065125,4082301,0.000000,0.000000
2013-11-26,160.100006,162.399994,156.300003,158.050003,148.067261,1910831,0.000000,0.000000
2013-11-27,158.899994,158.899994,150.699997,151.699997,142.118362,1401835,0.000000,0.000000
2013-11-28,153.800003,159.449997,153.250000,157.050003,147.130447,3487149,0.000000,0.000000
2013-11-29,157.850006,162.050003,156.449997,157.949997,147.973587,2648844,0.000000,0.000000
2013-12-02,158.550003,161.250000,157.300003,159.699997,149.613037,2244372,0.000000,0.000000
2013-12-03,159.550003,161.899994,156.649994,158.100006,148.114120,1900138,0.000000,0.000000
2013-12-04,157.600006,161.649994,152.399994,154.449997,144.694656,3191123,0.000000,0.000000
2013-12-05,159.899994,162.250000,158.250000,160.399994,150.268814,6219677,0.000000,0.000000
2013-12-06,159.600006,165.350006,158.399994,163.300003,152.985672,3596446,0.000000,0.000000
2013-12-09,168.000000,169.149994,164.000000,164.850006,154.437790,3404813,0.000000,0.000000
2013-12-10,164.850006,164.850006,158.750000,159.949997,149.847260,1777162,0.000000,0.000000
2013-12-11,159.899994,159.899994,155.600006,156.949997,147.036758,1147763,0.000000,0.000000
2013-12-12,156.199997,158.250000,153.000000,154.199997,144.460434,986715,0.000000,0.000000
2013-12-13,153.000000,155.699997,151.100006,152.000000,142.399384,1293806,0.000000,0.000000
2013-12-16,150.500000,157.300003,150.500000,156.350006,146.474640,1748287,0.000000,0.000000
2013-12-17,157.449997,159.750000,156.550003,157.550003,147.598862,1182370,0.000000,0.000000
2013-12-18,156.300003,160.199997,156.300003,158.300003,148.301468,2880051,0.000000,0.000000
2013-12-19,160.000000,168.449997,156.300003,167.199997,156.639343,2524728,0.000000,0.000000
2013-12-20,167.000000,168.000000,161.600006,163.199997,152.891983,1737990,0.000000,0.000000
2013-12-23,164.000000,165.600006,161.500000,161.949997,151.720947,1846021,0.000000,0.000000
2013-12-24,163.199997,164.500000,158.600006,159.300003,149.238312,750508,0.000000,0.000000
2013-12-26,160.000000,164.300003,158.899994,159.949997,149.847260,2433227,0.000000,0.000000
2013-12-27,160.699997,163.500000,159.550003,160.000000,149.894104,534707,0.000000,0.000000
2013-12-30,161.350006,161.649994,156.300003,157.050003,147.130447,1300968,0.000000,0.000000
2013-12-31,157.199997,158.750000,154.649994,155.399994,145.584641,983269,0.000000,0.000000
2014-01-01,154.550003,157.750000,154.550003,156.300003,146.427826,851727,0.000000,0.000000
2014-01-02,155.699997,159.399994,151.100006,152.649994,143.008331,2862278,0.000000,0.000000
2014-01-03,151.500000,153.850006,147.500000,149.899994,140.432007,1636752,0.000000,0.000000
2014-01-06,150.500000,152.500000,149.000000,150.850006,141.322006,750034,0.000000,0.000000
2014-01-07,150.850006,152.199997,145.300003,145.949997,136.731522,1069056,0.000000,0.000000
2014-01-08,147.100006,152.199997,144.399994,150.750000,141.228333,1195550,0.000000,0.000000
2014-01-09,149.449997,153.199997,148.550003,149.550003,140.104141,1377312,0.000000,0.000000
2014-01-10,150.300003,152.000000,147.699997,148.300003,138.933105,820545,0.000000,0.000000
2014-01-13,148.500000,149.949997,142.199997,143.750000,134.670486,1444514,0.000000,0.000000
2014-01-14,143.000000,149.699997,142.000000,147.050003,137.762070,2065518,0.000000,0.000000
2014-01-15,147.100006,150.899994,147.100006,150.100006,140.619400,1073586,0.000000,0.000000
2014-01-16,149.100006,152.449997,149.100006,150.800003,141.275208,1193550,0.000000,0.000000
2014-01-17,150.199997,151.600006,145.100006,148.649994,139.260986,1122874,0.000000,0.000000
2014-01-20,149.100006,152.500000,148.750000,150.949997,141.415710,1223239,0.000000,0.000000
2014-01-21,151.000000,151.449997,146.149994,147.649994,138.324173,1112972,0.000000,0.000000
2014-01-22,147.649994,149.600006,146.649994,147.899994,138.558365,732908,0.000000,0.000000
2014-01-23,147.199997,149.600006,147.199997,148.300003,138.933105,1518047,0.000000,0.000000
2014-01-24,147.500000,149.199997,143.149994,145.000000,135.841522,4192128,0.000000,0.000000
2014-01-27,143.550003,147.399994,141.250000,143.949997,134.857834,2467215,0.000000,0.000000
2014-01-28,143.600006,146.399994,141.050003,142.000000,133.031021,1453706,0.000000,0.000000
2014-01-29,144.000000,147.800003,143.350006,146.649994,137.387329,1503702,0.000000,0.000000
2014-01-30,144.699997,146.350006,141.000000,141.649994,132.703125,1530051,0.000000,0.000000
2014-01-31,143.000000,147.550003,142.300003,146.949997,137.668365,765126,0.000000,0.000000
2014-02-03,146.399994,146.649994,143.399994,143.949997,134.857834,520680,0.000000,0.000000
2014-02-04,142.500000,148.500000,141.949997,146.899994,137.621521,787885,0.000000,0.000000
2014-02-05,146.899994,148.500000,144.500000,145.699997,136.497330,2446824,0.000000,0.000000
2014-02-06,148.000000,148.850006,145.699997,146.399994,137.153107,720689,0.000000,0.000000
2014-02-07,147.500000,152.500000,146.699997,147.500000,138.183624,6366201,0.000000,0.000000
2014-02-10,147.250000,149.100006,146.699997,148.050003,138.698898,1981260,0.000000,0.000000
2014-02-11,149.899994,150.000000,147.550003,148.250000,138.886246,2114388,0.000000,0.000000
2014-02-12,149.000000,149.199997,144.350006,146.050003,136.825195,835543,0.000000,0.000000
2014-02-13,146.100006,147.250000,143.500000,144.149994,135.045212,734478,0.000000,0.000000
2014-02-14,143.350006,148.399994,143.350006,147.050003,137.762070,919174,0.000000,0.000000
2014-02-17,148.399994,152.000000,146.199997,151.199997,141.649933,647048,0.000000,0.000000
2014-02-18,152.000000,160.399994,151.449997,159.649994,149.566223,3306662,0.000000,0.000000
2014-02-19,160.000000,165.000000,158.500000,164.100006,153.735138,2624162,0.000000,0.000000
2014-02-20,161.050003,167.500000,160.149994,164.800003,154.390961,2344760,0.000000,0.000000
2014-02-21,166.399994,168.399994,162.550003,167.250000,156.686218,2288323,0.000000,0.000000
2014-02-24,167.000000,170.699997,163.350006,164.500000,154.109879,2124447,0.000000,0.000000
2014-02-25,164.850006,166.600006,158.050003,159.000000,148.957291,1682365,0.000000,0.000000
2014-02-26,160.000000,161.699997,154.850006,160.750000,150.596710,1778597,0.000000,0.000000
2014-02-28,160.600006,169.800003,160.149994,167.250000,156.686218,2464976,0.000000,0.000000
2014-03-03,168.000000,173.800003,167.399994,171.649994,160.808273,1937906,0.000000,0.000000
2014-03-04,172.300003,176.800003,171.100006,175.449997,164.368240,2792682,0.000000,0.000000
2014-03-05,176.199997,178.649994,175.050003,176.899994,165.726669,2423656,0.000000,0.000000
2014-03-06,177.250000,179.699997,175.750000,179.149994,167.834534,1618425,0.000000,0.000000
2014-03-07,179.699997,189.699997,176.550003,186.899994,175.095047,4517490,0.000000,0.000000
2014-03-10,185.949997,190.750000,182.300003,187.850006,175.985046,2522084,0.000000,0.000000
2014-03-11,188.100006,188.500000,183.649994,184.600006,172.940353,1741685,0.000000,0.000000
2014-03-12,183.250000,186.350006,182.050003,183.649994,172.050323,1067157,0.000000,0.000000
2014-03-13,183.649994,185.699997,177.899994,179.199997,167.881409,923751,0.000000,0.000000
2014-03-14,177.000000,185.350006,175.199997,183.199997,171.628738,1715374,0.000000,0.000000
2014-03-18,183.500000,189.800003,183.500000,188.750000,176.828201,3061068,0.000000,0.000000
2014-03-19,189.949997,189.949997,184.300003,185.199997,173.502426,1385598,0.000000,0.000000
2014-03-20,184.050003,186.899994,180.750000,181.600006,170.129852,1230749,0.000000,0.000000
2014-03-21,183.000000,184.399994,179.800003,181.699997,170.223511,1492705,0.000000,0.000000
2014-03-24,182.000000,182.899994,174.600006,178.500000,167.225616,1389494,0.000000,0.000000
2014-03-25,179.000000,182.199997,177.000000,179.899994,168.537201,1468660,0.000000,0.000000
2014-03-26,180.550003,183.000000,177.800003,178.800003,167.506683,1836011,0.000000,0.000000
2014-03-27,178.500000,180.550003,177.800003,179.750000,168.396652,1595618,0.000000,0.000000
2014-03-28,179.350006,188.100006,179.350006,186.149994,174.392380,5268789,0.000000,0.000000
2014-03-31,187.399994,192.800003,185.750000,187.449997,175.610306,3889451,0.000000,0.000000
2014-04-01,188.699997,189.399994,184.300003,186.300003,174.532944,1143086,0.000000,0.000000
2014-04-02,187.899994,189.699997,175.149994,186.000000,174.251892,2072685,0.000000,0.000000
2014-04-03,186.050003,187.800003,179.100006,181.300003,169.848740,2074961,0.000000,0.000000
2014-04-04,182.000000,183.399994,178.350006,179.850006,168.490372,2928018,0.000000,0.000000
2014-04-07,180.250000,182.800003,175.500000,177.000000,165.820343,2230925,0.000000,0.000000
2014-04-09,178.800003,184.199997,176.899994,183.449997,171.862930,3813131,0.000000,0.000000
2014-04-10,183.350006,204.399994,183.350006,193.000000,180.809799,15336233,0.000000,0.000000
2014-04-11,193.500000,200.600006,188.149994,193.649994,181.418686,8768812,0.000000,0.000000
2014-04-15,195.000000,195.300003,185.300003,187.000000,175.188721,4579077,0.000000,0.000000
2014-04-16,187.600006,198.350006,187.050003,194.100006,181.840286,7878787,0.000000,0.000000
2014-04-17,195.350006,203.399994,195.300003,198.399994,185.868683,6192143,0.000000,0.000000
2014-04-21,199.899994,209.500000,198.899994,204.000000,191.115005,7284821,0.000000,0.000000
2014-04-22,205.600006,208.899994,202.149994,204.800003,191.864471,3848936,0.000000,0.000000
2014-04-23,208.000000,213.050003,203.350006,204.449997,191.536560,7702502,0.000000,0.000000
2014-04-24,204.449997,204.449997,204.449997,204.449997,191.536560,0,0.000000,0.000000
2014-04-25,205.000000,206.699997,197.250000,198.699997,186.149719,5808334,0.000000,0.000000
2014-04-28,199.399994,199.649994,189.399994,192.149994,180.013428,6111039,0.000000,0.000000
2014-04-29,193.699997,196.500000,190.550003,191.550003,179.451370,4973177,0.000000,0.000000
2014-04-30,192.050003,194.449997,174.600006,188.199997,176.312958,5884524,0.000000,0.000000
2014-05-02,190.000000,192.399994,184.000000,185.850006,174.111374,5328258,0.000000,0.000000
2014-05-05,187.000000,190.399994,182.500000,186.050003,174.298737,3462920,0.000000,0.000000
2014-05-06,187.300003,193.899994,186.600006,192.500000,180.341354,3079280,0.000000,0.000000
2014-05-07,193.500000,196.149994,187.350006,189.500000,177.530838,4398923,0.000000,0.000000
2014-05-08,190.050003,191.600006,185.050003,190.199997,178.186615,4955646,0.000000,0.000000
2014-05-09,191.100006,208.649994,189.100006,204.699997,191.770752,8272339,0.000000,0.000000
2014-05-12,206.500000,209.500000,200.100006,204.600006,191.677078,4820292,0.000000,0.000000
2014-05-13,210.050003,227.699997,210.000000,224.500000,210.320160,21252250,0.000000,0.000000
2014-05-14,227.000000,229.350006,215.550003,217.050003,203.340744,11619778,0.000000,0.000000
2014-05-15,219.500000,227.199997,215.550003,220.399994,206.479111,13153383,0.000000,0.000000
2014-05-16,235.000000,235.000000,219.050003,225.000000,210.788589,16816546,0.000000,0.000000
2014-05-19,228.000000,232.500000,225.600006,231.649994,217.018570,8324363,0.000000,0.000000
2014-05-20,233.949997,244.699997,231.550003,235.800003,220.906418,7962251,0.000000,0.000000
2014-05-21,237.399994,237.399994,212.250000,225.649994,211.397522,5478596,0.000000,0.000000
2014-05-22,227.500000,230.550003,224.000000,225.050003,210.835419,4449033,0.000000,0.000000
2014-05-23,224.000000,229.000000,223.250000,227.699997,213.318054,3328418,0.000000,0.000000
2014-05-26,229.500000,235.949997,211.100006,223.250000,209.149109,6471305,0.000000,0.000000
2014-05-27,221.050003,223.000000,211.649994,214.449997,200.904953,4048066,0.000000,0.000000
2014-05-28,214.100006,222.699997,214.100006,220.399994,206.479111,2455740,0.000000,0.000000
2014-05-29,220.000000,221.100006,211.100006,211.899994,198.515991,3058419,0.000000,0.000000
2014-05-30,212.000000,232.000000,212.000000,227.500000,213.130676,11195546,0.000000,0.000000
2014-06-02,229.000000,230.300003,224.050003,226.149994,211.865952,2341446,0.000000,0.000000
2014-06-03,227.600006,241.800003,226.649994,240.300003,225.122238,6583611,0.000000,0.000000
2014-06-04,241.850006,245.350006,237.800003,243.850006,228.447983,4530747,0.000000,0.000000
2014-06-05,244.500000,245.000000,236.399994,241.649994,226.386932,5542042,0.000000,0.000000
2014-06-06,243.850006,260.399994,242.000000,257.649994,241.376343,8606900,0.000000,0.000000
2014-06-09,259.000000,261.799988,252.300003,254.000000,237.956879,4765315,0.000000,0.000000
2014-06-10,255.699997,255.699997,242.699997,246.050003,230.509048,5125196,0.000000,0.000000
2014-06-11,247.399994,251.000000,235.500000,238.199997,223.154877,6632454,0.000000,0.000000
2014-06-12,239.000000,242.100006,233.100006,236.949997,221.983795,2751243,0.000000,0.000000
2014-06-13,237.949997,246.550003,223.550003,230.600006,216.034866,5345562,0.000000,0.000000
2014-06-16,229.949997,230.000000,219.649994,228.100006,213.692795,3233252,0.000000,0.000000
2014-06-17,227.899994,236.600006,226.399994,236.100006,221.187500,3338397,0.000000,0.000000
2014-06-18,235.000000,239.300003,228.850006,231.050003,216.456467,2415067,0.000000,0.000000
2014-06-19,231.000000,234.350006,224.600006,225.949997,211.678589,2672876,0.000000,0.000000
2014-06-20,224.449997,236.000000,223.100006,232.600006,217.908585,3228673,0.000000,0.000000
2014-06-23,233.949997,239.199997,233.600006,237.000000,222.030640,2865754,0.000000,0.000000
2014-06-24,239.300003,243.500000,235.500000,238.000000,222.967499,3569302,0.000000,0.000000
2014-06-25,238.949997,241.199997,235.649994,237.149994,222.171143,1943671,0.000000,0.000000
2014-06-26,238.000000,238.899994,232.649994,234.550003,219.735397,1801189,0.000000,0.000000
2014-06-27,235.000000,236.000000,230.500000,231.399994,216.784348,3496814,0.000000,0.000000
2014-06-30,232.000000,244.899994,231.750000,243.699997,228.307465,3695817,0.000000,0.000000
2014-07-01,245.449997,247.300003,242.699997,244.199997,228.775864,1969294,0.000000,0.000000
2014-07-02,245.949997,279.399994,245.899994,271.250000,254.117340,29796852,0.000000,0.000000
2014-07-03,271.899994,276.350006,267.799988,270.399994,253.320969,10025759,0.000000,0.000000
2014-07-04,271.399994,277.500000,269.399994,275.549988,258.145752,7514461,0.000000,0.000000
2014-07-07,277.850006,282.600006,248.000000,280.700012,262.970551,10604584,0.000000,0.000000
2014-07-08,281.500000,281.500000,253.600006,258.450012,242.125839,5348048,0.000000,0.000000
2014-07-09,258.000000,272.649994,249.350006,264.899994,248.168381,7271247,0.000000,0.000000
2014-07-10,267.250000,285.399994,252.350006,270.299988,253.227341,9128261,0.000000,0.000000
2014-07-11,273.000000,279.899994,244.600006,248.699997,232.991653,7391100,0.000000,0.000000
2014-07-14,249.800003,255.300003,246.850006,252.800003,236.832642,3749117,0.000000,0.000000
2014-07-15,254.800003,264.250000,254.600006,262.950012,246.341553,4753216,0.000000,0.000000
2014-07-16,264.100006,285.399994,263.000000,281.000000,263.251526,6760956,0.000000,0.000000
2014-07-17,285.000000,289.649994,282.549988,285.649994,267.607819,6726603,0.000000,0.000000
2014-07-18,283.750000,293.399994,275.549988,288.299988,270.090424,8919945,0.000000,0.000000
2014-07-21,290.000000,293.850006,286.100006,288.100006,269.903046,4470445,0.000000,0.000000
2014-07-22,288.700012,289.899994,282.149994,284.799988,266.811523,3096008,0.000000,0.000000
2014-07-23,285.049988,287.500000,277.149994,279.799988,262.127258,3814814,0.000000,0.000000
2014-07-24,280.149994,282.649994,271.649994,275.700012,258.286285,3952702,0.000000,0.000000
2014-07-25,272.899994,276.000000,263.049988,268.049988,251.119446,5432866,0.000000,0.000000
2014-07-28,267.750000,277.750000,264.750000,266.000000,249.198975,5082312,0.000000,0.000000
2014-07-30,267.000000,268.299988,259.149994,263.649994,246.997360,6091746,0.000000,0.000000
2014-07-31,262.049988,265.500000,259.450012,260.549988,245.022522,7890098,1.000000,0.000000
2014-08-01,257.350006,263.250000,255.600006,259.250000,243.800003,6097901,0.000000,0.000000
2014-08-04,260.049988,266.399994,258.500000,265.450012,249.630539,4251061,0.000000,0.000000
2014-08-05,264.600006,269.649994,262.500000,265.799988,249.959595,5848392,0.000000,0.000000
2014-08-06,265.850006,275.750000,265.100006,268.500000,252.498718,6978210,0.000000,0.000000
2014-08-07,269.899994,273.000000,263.649994,266.149994,250.288773,3496953,0.000000,0.000000
2014-08-08,262.000000,263.899994,258.299988,262.100006,246.480194,4238796,0.000000,0.000000
2014-08-11,265.600006,272.250000,265.000000,270.000000,253.909378,4305779,0.000000,0.000000
2014-08-12,273.000000,274.950012,270.100006,271.350006,255.178970,3262251,0.000000,0.000000
2014-08-13,270.250000,275.250000,265.700012,274.399994,258.047180,3863196,0.000000,0.000000
2014-08-14,276.000000,276.000000,268.750000,272.399994,256.166351,2321776,0.000000,0.000000
2014-08-18,273.799988,277.899994,273.000000,273.600006,257.294830,2499975,0.000000,0.000000
2014-08-19,275.450012,289.649994,275.200012,287.149994,270.037292,5479772,0.000000,0.000000
2014-08-20,287.950012,297.500000,284.950012,293.149994,275.679749,11384639,0.000000,0.000000
2014-08-21,294.399994,301.350006,293.350006,296.899994,279.206268,6936813,0.000000,0.000000
2014-08-22,296.950012,300.399994,294.250000,297.700012,279.958618,4107903,0.000000,0.000000
2014-08-25,297.299988,301.000000,291.700012,293.350006,275.867767,2557796,0.000000,0.000000
2014-08-26,292.500000,300.899994,289.250000,298.000000,280.240692,2768112,0.000000,0.000000
2014-08-27,299.250000,302.700012,284.299988,288.250000,271.071747,3607703,0.000000,0.000000
2014-08-28,289.700012,293.850006,281.350006,282.850006,265.993561,3637436,0.000000,0.000000
2014-09-01,285.799988,287.549988,276.299988,286.500000,269.426025,3598155,0.000000,0.000000
2014-09-02,285.899994,291.500000,285.899994,288.850006,271.635986,2060621,0.000000,0.000000
2014-09-03,290.149994,294.950012,287.950012,289.100006,271.871063,2780904,0.000000,0.000000
2014-09-04,289.100006,292.899994,286.399994,289.299988,272.059174,5686505,0.000000,0.000000
2014-09-05,290.799988,292.899994,286.399994,290.149994,272.858490,1540290,0.000000,0.000000
2014-09-08,289.750000,301.500000,289.750000,299.799988,281.933411,3472358,0.000000,0.000000
2014-09-09,300.799988,301.200012,293.649994,295.200012,277.607605,1903788,0.000000,0.000000
2014-09-10,291.000000,296.750000,288.000000,293.450012,275.961914,3601230,0.000000,0.000000
2014-09-11,294.700012,295.450012,290.100006,293.450012,275.961914,1911504,0.000000,0.000000
2014-09-12,294.149994,299.899994,292.549988,293.500000,276.008850,2602822,0.000000,0.000000
2014-09-15,291.899994,294.000000,288.500000,291.799988,274.410156,1273200,0.000000,0.000000
2014-09-16,291.799988,292.799988,278.399994,279.700012,263.031311,2068845,0.000000,0.000000
2014-09-17,280.000000,284.000000,271.799988,282.450012,265.617462,2458969,0.000000,0.000000
2014-09-18,280.000000,296.000000,278.149994,294.600006,277.043304,3210047,0.000000,0.000000
2014-09-19,294.799988,295.399994,283.600006,284.950012,267.968445,3571431,0.000000,0.000000
2014-09-22,283.899994,288.700012,282.049988,285.799988,268.767761,1729402,0.000000,0.000000
2014-09-23,287.299988,288.399994,272.100006,273.100006,256.824615,2629647,0.000000,0.000000
2014-09-24,274.799988,274.799988,261.100006,268.250000,252.263641,5118762,0.000000,0.000000
2014-09-25,271.000000,271.450012,264.250000,267.899994,251.934525,5305786,0.000000,0.000000
2014-09-26,269.000000,281.750000,267.250000,279.950012,263.266418,3311604,0.000000,0.000000
2014-09-29,281.899994,285.700012,277.100006,281.450012,264.677002,4799075,0.000000,0.000000
2014-09-30,278.700012,285.850006,275.100006,277.549988,261.009338,2567794,0.000000,0.000000
2014-10-01,277.049988,283.350006,272.500000,275.149994,258.752472,1937730,0.000000,0.000000
2014-10-07,274.149994,275.149994,256.500000,259.899994,244.411270,5687206,0.000000,0.000000
2014-10-08,260.899994,264.850006,258.549988,261.149994,245.586746,2156752,0.000000,0.000000
2014-10-09,262.750000,270.700012,262.649994,269.799988,253.721268,2010254,0.000000,0.000000
2014-10-10,268.000000,268.000000,257.600006,258.899994,243.470886,1876136,0.000000,0.000000
2014-10-13,257.000000,263.799988,252.000000,260.500000,244.975510,2155274,0.000000,0.000000
2014-10-14,263.000000,264.500000,255.000000,260.149994,244.646378,3429442,0.000000,0.000000
2014-10-15,260.149994,260.149994,260.149994,260.149994,244.646378,0,0.000000,0.000000
2014-10-16,258.700012,262.500000,251.050003,252.949997,237.875412,2214333,0.000000,0.000000
2014-10-17,254.449997,255.550003,244.100006,250.350006,235.430405,3201427,0.000000,0.000000
2014-10-20,253.899994,261.649994,253.500000,258.899994,243.470886,2122596,0.000000,0.000000
2014-10-21,260.950012,265.000000,257.600006,261.899994,246.292084,1999783,0.000000,0.000000
2014-10-22,264.500000,269.850006,263.200012,269.000000,252.968979,2777106,0.000000,0.000000
2014-10-27,270.799988,270.899994,262.649994,263.850006,248.125900,893003,0.000000,0.000000
2014-10-28,263.500000,266.049988,260.000000,261.399994,245.821884,1208043,0.000000,0.000000
2014-10-29,264.000000,272.500000,262.899994,271.950012,255.743149,2843234,0.000000,0.000000
2014-10-30,272.799988,274.450012,270.100006,271.850006,255.649139,2122837,0.000000,0.000000
2014-10-31,275.799988,288.000000,274.299988,285.649994,268.626678,2716153,0.000000,0.000000
2014-11-03,287.399994,293.500000,283.500000,291.500000,274.128082,2314825,0.000000,0.000000
2014-11-05,292.000000,294.600006,285.100006,288.750000,271.541962,1797633,0.000000,0.000000
2014-11-07,288.600006,295.750000,284.049988,292.899994,275.444611,1615079,0.000000,0.000000
2014-11-10,292.950012,300.950012,287.399994,290.700012,273.375732,5822567,0.000000,0.000000
2014-11-11,294.000000,296.450012,289.000000,291.500000,274.128082,1984726,0.000000,0.000000
2014-11-12,295.600006,306.350006,295.000000,300.700012,282.779785,6066400,0.000000,0.000000
2014-11-13,302.100006,304.899994,291.299988,294.250000,276.714172,2585938,0.000000,0.000000
2014-11-14,295.250000,298.899994,292.299988,297.250000,279.535370,1540791,0.000000,0.000000
2014-11-17,297.200012,297.200012,292.399994,296.100006,278.453949,1170407,0.000000,0.000000
2014-11-18,297.000000,305.000000,296.799988,303.100006,285.036774,2537080,0.000000,0.000000
2014-11-19,304.700012,307.250000,296.000000,300.149994,282.262543,3988326,0.000000,0.000000
2014-11-20,299.950012,301.899994,292.450012,300.250000,282.356537,1669583,0.000000,0.000000
2014-11-21,300.049988,304.750000,297.549988,303.049988,284.989746,3515231,0.000000,0.000000
2014-11-24,302.000000,308.750000,302.000000,306.299988,288.046051,3374221,0.000000,0.000000
2014-11-25,306.000000,306.799988,294.500000,298.700012,280.898987,2054557,0.000000,0.000000
2014-11-26,297.200012,300.600006,293.049988,296.799988,279.112183,1374295,0.000000,0.000000
2014-11-27,294.549988,298.000000,289.000000,290.350006,273.046570,2123941,0.000000,0.000000
2014-11-28,290.049988,297.850006,288.500000,290.250000,272.952515,1925459,0.000000,0.000000
2014-12-01,290.000000,292.450012,284.000000,289.000000,271.777100,1974590,0.000000,0.000000
2014-12-02,288.000000,291.600006,285.000000,286.149994,269.096924,2280967,0.000000,0.000000
2014-12-03,285.750000,293.000000,285.750000,291.250000,273.892975,1637493,0.000000,0.000000
2014-12-04,291.450012,293.649994,285.000000,286.200012,269.143951,1869475,0.000000,0.000000
2014-12-05,286.549988,291.149994,283.000000,284.549988,267.592255,2638164,0.000000,0.000000
2014-12-08,282.600006,284.700012,276.000000,276.799988,260.304077,1157284,0.000000,0.000000
2014-12-09,275.049988,279.850006,266.049988,269.200012,253.157043,1934181,0.000000,0.000000
2014-12-10,269.000000,277.600006,268.350006,275.250000,258.846558,1964268,0.000000,0.000000
2014-12-11,273.600006,282.500000,270.250000,278.100006,261.526550,3450618,0.000000,0.000000
2014-12-12,279.750000,287.450012,275.549988,277.450012,260.915344,5222845,0.000000,0.000000
2014-12-15,275.549988,289.450012,274.500000,288.049988,270.883636,2084321,0.000000,0.000000
2014-12-16,286.799988,286.799988,272.000000,274.500000,258.141235,1933499,0.000000,0.000000
2014-12-17,273.649994,278.149994,267.549988,273.750000,257.435883,2231001,0.000000,0.000000
2014-12-18,278.000000,291.000000,277.649994,289.950012,272.670441,3335626,0.000000,0.000000
2014-12-19,292.000000,293.700012,286.100006,289.899994,272.623413,3204495,0.000000,0.000000
2014-12-22,290.600006,292.950012,285.100006,290.299988,272.999573,1909478,0.000000,0.000000
2014-12-23,291.549988,295.899994,287.000000,288.149994,270.977692,2092865,0.000000,0.000000
2014-12-24,287.899994,287.899994,282.000000,283.049988,266.181671,2631645,0.000000,0.000000
2014-12-26,284.399994,290.000000,283.299988,289.200012,271.965118,1208404,0.000000,0.000000
2014-12-29,291.450012,294.500000,287.950012,293.100006,275.632690,1377996,0.000000,0.000000
2014-12-30,293.799988,317.100006,293.799988,316.000000,297.167999,8904689,0.000000,0.000000
2014-12-31,316.799988,321.299988,311.399994,319.049988,300.036224,3559436,0.000000,0.000000
2015-01-01,319.000000,322.500000,316.250000,319.549988,300.506378,1456204,0.000000,0.000000
2015-01-02,319.350006,325.799988,318.049988,319.350006,300.318329,2894058,0.000000,0.000000
2015-01-05,320.450012,327.500000,319.350006,323.799988,304.503143,2099786,0.000000,0.000000
2015-01-06,321.649994,331.450012,315.600006,321.850006,302.669342,3672197,0.000000,0.000000
2015-01-07,321.950012,328.700012,317.399994,321.100006,301.964020,2981544,0.000000,0.000000
2015-01-08,326.000000,337.299988,323.549988,334.549988,314.612427,2932673,0.000000,0.000000
2015-01-09,339.899994,343.100006,327.350006,331.149994,311.415131,3543488,0.000000,0.000000
2015-01-12,332.149994,335.750000,325.549988,328.450012,308.876068,2990475,0.000000,0.000000
2015-01-13,330.200012,331.299988,320.750000,323.000000,303.750793,2688701,0.000000,0.000000
2015-01-14,324.000000,333.899994,322.649994,331.250000,311.509155,2272652,0.000000,0.000000
2015-01-15,334.000000,337.299988,326.250000,330.600006,310.897919,2140699,0.000000,0.000000
2015-01-16,329.799988,334.600006,326.000000,330.850006,311.132965,1970666,0.000000,0.000000
2015-01-19,332.049988,334.799988,326.600006,328.350006,308.782013,1362398,0.000000,0.000000
2015-01-20,329.000000,332.649994,326.850006,330.500000,310.803833,1091657,0.000000,0.000000
2015-01-21,330.350006,333.500000,326.200012,329.350006,309.722412,1514648,0.000000,0.000000
2015-01-22,329.049988,331.649994,327.000000,329.399994,309.769409,1376133,0.000000,0.000000
2015-01-23,332.000000,352.750000,330.100006,346.899994,326.226471,7519790,0.000000,0.000000
2015-01-27,348.000000,349.450012,340.899994,345.149994,324.580750,2928237,0.000000,0.000000
2015-01-28,343.399994,350.000000,333.899994,339.250000,319.032379,3391819,0.000000,0.000000
2015-01-29,340.649994,348.399994,337.649994,344.149994,323.640320,4034959,0.000000,0.000000
2015-01-30,346.399994,352.000000,323.500000,341.049988,320.725098,4373172,0.000000,0.000000
2015-02-02,339.500000,343.899994,333.000000,335.899994,315.882050,1735161,0.000000,0.000000
2015-02-03,336.299988,336.950012,326.049988,327.799988,308.264801,1537152,0.000000,0.000000
2015-02-04,329.450012,333.000000,319.250000,321.250000,302.105133,2792395,0.000000,0.000000
2015-02-05,322.000000,322.700012,308.450012,312.200012,293.594482,2167857,0.000000,0.000000
2015-02-06,311.100006,313.950012,298.600006,300.200012,282.309601,3265593,0.000000,0.000000
2015-02-09,296.700012,307.899994,292.500000,300.149994,282.262543,3103409,0.000000,0.000000
2015-02-10,298.100006,319.700012,298.100006,317.850006,298.907745,3921257,0.000000,0.000000
2015-02-11,319.899994,328.899994,319.000000,326.100006,306.666107,2148555,0.000000,0.000000
2015-02-12,327.700012,338.000000,326.799988,336.600006,316.540344,3539194,0.000000,0.000000
2015-02-13,337.700012,344.350006,331.549988,335.350006,315.364807,2180303,0.000000,0.000000
2015-02-16,335.100006,341.700012,329.649994,331.250000,311.509155,2205960,0.000000,0.000000
2015-02-18,332.299988,335.799988,330.000000,333.799988,313.907135,1227170,0.000000,0.000000
2015-02-19,335.149994,341.000000,323.700012,333.850006,313.954285,2643121,0.000000,0.000000
2015-02-20,335.049988,338.049988,326.399994,329.000000,309.393250,1302901,0.000000,0.000000
2015-02-23,331.000000,332.399994,321.200012,323.399994,304.126953,1737238,0.000000,0.000000
2015-02-24,323.750000,336.899994,319.250000,334.049988,314.142242,2330482,0.000000,0.000000
2015-02-25,336.000000,337.450012,326.850006,328.200012,308.640930,1467120,0.000000,0.000000
2015-02-26,328.100006,332.500000,322.500000,327.299988,307.794556,1775811,0.000000,0.000000
2015-02-27,329.399994,349.649994,327.799988,346.250000,325.615204,3025639,0.000000,0.000000
2015-03-02,334.500000,335.600006,325.600006,330.350006,310.662811,2592113,0.000000,0.000000
2015-03-03,332.500000,339.049988,332.000000,336.549988,316.493286,2016305,0.000000,0.000000
2015-03-04,339.899994,343.299988,330.100006,332.000000,312.214447,1846535,0.000000,0.000000
2015-03-05,332.799988,335.399994,327.200012,333.049988,313.201874,1770268,0.000000,0.000000
2015-03-09,331.549988,335.899994,323.500000,325.000000,305.631592,1825760,0.000000,0.000000
2015-03-10,325.049988,327.899994,314.700012,317.549988,298.625549,1215285,0.000000,0.000000
2015-03-11,318.899994,318.899994,302.200012,307.799988,289.456635,4828130,0.000000,0.000000
2015-03-12,306.549988,312.000000,304.000000,310.250000,291.760620,3431277,0.000000,0.000000
2015-03-13,312.899994,316.299988,305.000000,306.250000,287.999023,4356123,0.000000,0.000000
2015-03-16,306.700012,314.750000,303.049988,313.299988,294.628906,1629195,0.000000,0.000000
2015-03-17,315.299988,320.850006,310.299988,319.549988,300.506378,5158959,0.000000,0.000000
2015-03-18,320.049988,320.950012,312.899994,316.649994,297.779236,3069180,0.000000,0.000000
2015-03-19,316.149994,322.649994,310.500000,312.899994,294.252716,1470026,0.000000,0.000000
2015-03-20,312.899994,316.700012,306.500000,308.149994,289.785767,2049167,0.000000,0.000000
2015-03-23,308.299988,311.250000,302.549988,303.850006,285.742065,1387396,0.000000,0.000000
2015-03-24,304.000000,309.000000,299.000000,307.100006,288.798370,2447607,0.000000,0.000000
2015-03-25,310.149994,315.500000,309.200012,314.750000,295.992493,2456872,0.000000,0.000000
2015-03-26,313.549988,315.600006,303.000000,304.200012,286.071259,3406327,0.000000,0.000000
2015-03-27,307.799988,307.799988,295.399994,305.000000,286.823547,3371344,0.000000,0.000000
2015-03-30,306.000000,310.000000,303.000000,308.549988,290.161957,3039118,0.000000,0.000000
2015-03-31,311.000000,315.450012,305.049988,308.200012,289.832794,2590770,0.000000,0.000000
2015-04-01,308.450012,312.049988,306.100006,310.950012,292.418945,1026200,0.000000,0.000000
2015-04-06,313.750000,323.850006,311.450012,321.250000,302.105133,2039045,0.000000,0.000000
2015-04-07,323.000000,325.600006,316.649994,323.899994,304.597229,1913068,0.000000,0.000000
2015-04-08,324.299988,325.000000,318.000000,319.149994,300.130280,1317175,0.000000,0.000000
2015-04-09,319.700012,320.549988,312.000000,316.700012,297.826294,1503986,0.000000,0.000000
2015-04-10,316.899994,323.850006,313.500000,319.799988,300.741516,2127407,0.000000,0.000000
2015-04-13,320.500000,331.649994,319.549988,330.799988,311.085938,2405161,0.000000,0.000000
2015-04-15,330.500000,333.600006,324.250000,325.750000,306.336945,1576904,0.000000,0.000000
2015-04-16,328.000000,332.399994,321.799988,327.500000,307.982635,1676768,0.000000,0.000000
2015-04-17,327.600006,332.000000,321.000000,322.750000,303.515717,1471127,0.000000,0.000000
2015-04-20,324.500000,324.950012,308.299988,313.500000,294.816956,2002115,0.000000,0.000000
2015-04-21,313.950012,320.649994,310.250000,314.450012,295.710388,1679188,0.000000,0.000000
2015-04-22,316.399994,318.250000,304.750000,313.700012,295.005066,2317579,0.000000,0.000000
2015-04-23,315.000000,319.850006,313.200012,318.600006,299.613037,1069160,0.000000,0.000000
2015-04-24,319.000000,319.000000,312.950012,316.299988,297.450073,1316393,0.000000,0.000000
2015-04-27,316.750000,323.450012,304.549988,305.950012,287.716919,2330507,0.000000,0.000000
2015-04-28,307.000000,310.799988,298.500000,306.100006,287.857941,2539436,0.000000,0.000000
2015-04-29,308.000000,315.399994,305.750000,312.850006,294.205688,1566799,0.000000,0.000000
2015-04-30,313.049988,319.899994,308.700012,317.549988,298.625549,2916537,0.000000,0.000000
2015-05-04,325.549988,353.000000,321.049988,347.200012,326.508636,6375610,0.000000,0.000000
2015-05-05,349.600006,351.700012,337.950012,342.700012,322.276825,4219216,0.000000,0.000000
2015-05-06,340.350006,344.250000,329.049988,331.200012,311.462158,2247751,0.000000,0.000000
2015-05-07,332.299988,332.299988,315.399994,322.799988,303.562714,1709602,0.000000,0.000000
2015-05-08,326.200012,340.750000,326.200012,335.100006,315.129669,2097977,0.000000,0.000000
2015-05-11,337.600006,345.000000,337.049988,344.049988,323.546295,2266220,0.000000,0.000000
2015-05-12,343.399994,343.399994,333.149994,334.899994,314.941650,1550748,0.000000,0.000000
2015-05-13,336.450012,344.000000,334.549988,340.450012,320.160858,3022877,0.000000,0.000000
2015-05-14,338.399994,340.000000,330.750000,333.950012,314.048248,3075816,0.000000,0.000000
2015-05-15,335.850006,338.649994,327.049988,329.000000,309.393250,1663198,0.000000,0.000000
2015-05-18,330.799988,340.549988,329.500000,339.350006,319.126404,1370344,0.000000,0.000000
2015-05-19,338.299988,344.899994,335.350006,339.850006,319.596649,1685421,0.000000,0.000000
2015-05-20,340.799988,344.450012,338.549988,343.049988,322.605927,1660453,0.000000,0.000000
2015-05-21,344.000000,351.000000,343.549988,348.399994,327.637115,2609479,0.000000,0.000000
2015-05-22,347.549988,354.799988,346.799988,348.950012,329.193695,2369700,1.100000,0.000000
2015-05-25,347.649994,350.299988,340.350006,342.899994,323.486145,1420555,0.000000,0.000000
2015-05-26,343.049988,350.250000,343.000000,345.250000,325.703156,1576396,0.000000,0.000000
2015-05-27,343.000000,344.899994,336.100006,338.899994,319.712677,2585896,0.000000,0.000000
2015-05-28,339.899994,340.600006,320.549988,333.000000,314.146667,3394601,0.000000,0.000000
2015-05-29,333.100006,334.700012,322.549988,323.850006,305.514771,3711024,0.000000,0.000000
2015-06-01,325.799988,325.799988,308.250000,311.549988,293.911163,3889157,0.000000,0.000000
2015-06-02,318.100006,321.000000,306.200012,309.149994,291.647034,7395219,0.000000,0.000000
2015-06-03,311.000000,311.799988,288.000000,297.250000,280.420807,24022178,0.000000,0.000000
2015-06-04,301.000000,316.350006,301.000000,311.200012,293.580994,6343813,0.000000,0.000000
2015-06-05,311.000000,315.649994,308.700012,311.299988,293.675262,2533852,0.000000,0.000000
2015-06-08,311.750000,313.899994,298.250000,302.149994,285.043365,2647500,0.000000,0.000000
2015-06-09,303.450012,311.350006,301.200012,306.549988,289.194244,2724447,0.000000,0.000000
2015-06-10,307.000000,314.250000,306.049988,312.950012,295.231873,2282770,0.000000,0.000000
2015-06-11,320.000000,320.299988,302.549988,304.250000,287.024445,3718393,0.000000,0.000000
2015-06-12,303.000000,313.049988,300.000000,312.049988,294.382843,2854243,0.000000,0.000000
2015-06-15,310.100006,317.000000,308.100006,310.049988,292.496063,3154460,0.000000,0.000000
2015-06-16,310.000000,315.000000,303.250000,313.200012,295.467773,4130581,0.000000,0.000000
2015-06-17,312.000000,315.000000,308.399994,311.000000,293.392242,4251580,0.000000,0.000000
2015-06-18,312.299988,313.700012,309.350006,311.000000,293.392242,2616024,0.000000,0.000000
2015-06-19,311.950012,313.250000,303.000000,304.600006,287.354645,3438440,0.000000,0.000000
2015-06-22,306.000000,314.500000,304.100006,311.049988,293.439423,3121416,0.000000,0.000000
2015-06-23,311.049988,318.399994,311.049988,316.049988,298.156342,2683470,0.000000,0.000000
2015-06-24,316.899994,318.000000,309.750000,311.549988,293.911163,2241106,0.000000,0.000000
2015-06-25,310.799988,316.450012,308.100006,312.549988,294.854523,5190167,0.000000,0.000000
2015-06-26,311.000000,315.350006,309.000000,311.200012,293.580994,2127770,0.000000,0.000000
2015-06-29,306.600006,307.500000,300.850006,306.649994,289.288605,1890624,0.000000,0.000000
2015-06-30,305.000000,309.399994,305.000000,307.899994,290.467773,2632153,0.000000,0.000000
2015-07-01,308.799988,312.700012,306.500000,311.299988,293.675262,2854143,0.000000,0.000000
2015-07-02,312.450012,319.000000,311.899994,316.049988,298.156342,8669541,0.000000,0.000000
2015-07-03,319.950012,325.750000,319.000000,320.799988,302.637451,5189498,0.000000,0.000000
2015-07-06,316.950012,321.100006,316.250000,320.100006,301.977081,2853145,0.000000,0.000000
2015-07-07,321.799988,334.700012,321.600006,333.049988,314.193848,7877450,0.000000,0.000000
2015-07-08,329.399994,329.399994,318.899994,320.649994,302.495911,6546522,0.000000,0.000000
2015-07-09,323.399994,323.399994,312.600006,315.149994,297.307343,3521086,0.000000,0.000000
2015-07-10,318.750000,321.549988,315.200012,317.100006,299.146973,2531442,0.000000,0.000000
2015-07-13,319.000000,322.000000,313.600006,321.399994,303.203461,1890469,0.000000,0.000000
2015-07-14,322.299988,322.750000,314.000000,315.899994,298.014862,1960113,0.000000,0.000000
2015-07-15,315.899994,320.750000,315.100006,319.649994,301.552521,2112588,0.000000,0.000000
2015-07-16,325.000000,329.000000,322.750000,326.899994,308.392090,3075862,0.000000,0.000000
2015-07-17,329.700012,330.700012,320.100006,329.299988,310.656189,2556255,0.000000,0.000000
2015-07-20,328.000000,330.500000,325.600006,328.799988,310.184509,1847655,0.000000,0.000000
2015-07-21,330.500000,331.250000,321.000000,322.649994,304.382660,1927178,0.000000,0.000000
2015-07-22,322.399994,325.399994,320.000000,324.500000,306.127930,1703725,0.000000,0.000000
2015-07-23,325.700012,333.350006,325.000000,331.350006,312.590149,3000343,0.000000,0.000000
2015-07-24,330.399994,330.399994,322.000000,323.899994,305.561981,2337434,0.000000,0.000000
2015-07-27,322.200012,322.700012,312.750000,313.950012,296.175262,2359169,0.000000,0.000000
2015-07-28,313.899994,317.100006,312.200012,313.450012,295.703583,2415757,0.000000,0.000000
2015-07-29,314.700012,316.299988,313.500000,314.700012,296.882812,2000338,0.000000,0.000000
2015-07-30,316.000000,319.950012,315.100006,318.350006,300.326172,3092912,0.000000,0.000000
2015-07-31,319.799988,326.500000,317.500000,325.000000,306.599640,3265863,0.000000,0.000000
2015-08-03,326.000000,331.899994,324.000000,330.700012,311.976959,2834386,0.000000,0.000000
2015-08-04,332.250000,340.299988,329.600006,339.149994,319.948517,4458398,0.000000,0.000000
2015-08-05,342.000000,344.000000,337.549988,339.850006,320.608887,2486133,0.000000,0.000000
2015-08-06,341.000000,348.399994,335.299988,346.750000,327.118256,2426994,0.000000,0.000000
2015-08-07,345.950012,347.700012,338.000000,339.549988,320.325867,1883328,0.000000,0.000000
2015-08-10,339.100006,344.250000,337.000000,338.549988,319.382507,4031354,0.000000,0.000000
2015-08-11,340.399994,340.399994,328.950012,331.799988,313.014648,3016995,0.000000,0.000000
2015-08-12,331.799988,331.799988,331.799988,331.799988,313.014648,0,0.000000,0.000000
2015-08-13,328.000000,338.000000,328.000000,334.700012,315.750488,4693354,0.000000,0.000000
2015-08-14,340.000000,365.799988,340.000000,363.750000,343.155823,13845397,0.000000,0.000000
2015-08-17,364.000000,365.000000,356.600006,358.299988,338.014343,3561590,0.000000,0.000000
2015-08-18,361.649994,372.799988,361.649994,363.450012,342.872772,4140901,0.000000,0.000000
2015-08-19,360.000000,368.200012,355.049988,365.500000,344.806702,2272302,0.000000,0.000000
2015-08-20,366.950012,374.799988,358.549988,368.549988,347.684021,5891117,0.000000,0.000000
2015-08-21,360.549988,367.149994,356.350006,365.049988,344.382172,4288543,0.000000,0.000000
2015-08-24,348.549988,349.700012,325.399994,334.600006,315.656067,6795047,0.000000,0.000000
2015-08-25,338.000000,349.299988,325.649994,344.799988,325.278625,5152340,0.000000,0.000000
2015-08-26,344.000000,355.250000,336.250000,347.850006,328.155975,4493391,0.000000,0.000000
2015-08-27,356.799988,362.850006,347.950012,356.549988,336.363373,14512261,0.000000,0.000000
2015-08-28,360.500000,369.450012,357.000000,362.649994,342.118042,5905591,0.000000,0.000000
2015-08-31,365.000000,372.399994,345.200012,355.450012,335.325714,30058587,0.000000,0.000000
2015-09-01,344.950012,354.750000,339.000000,342.250000,322.873047,3654461,0.000000,0.000000
2015-09-02,344.000000,347.450012,332.950012,334.549988,315.608948,4886043,0.000000,0.000000
2015-09-03,337.500000,344.750000,336.100006,339.399994,320.184357,2448672,0.000000,0.000000
2015-09-04,338.000000,342.649994,330.000000,339.350006,320.137207,2104869,0.000000,0.000000
2015-09-07,340.899994,345.500000,321.299988,322.649994,304.382660,2580631,0.000000,0.000000
2015-09-08,323.649994,327.350006,311.700012,317.549988,299.571442,4788058,0.000000,0.000000
2015-09-09,323.500000,327.600006,320.149994,324.049988,305.703461,2070584,0.000000,0.000000
2015-09-10,319.100006,328.000000,314.799988,326.200012,307.731750,2432225,0.000000,0.000000
2015-09-11,329.000000,334.000000,320.500000,322.950012,304.665741,2528750,0.000000,0.000000
2015-09-14,324.399994,331.200012,323.000000,329.950012,311.269440,2471856,0.000000,0.000000
2015-09-15,330.399994,334.899994,326.899994,332.000000,313.203400,2164523,0.000000,0.000000
2015-09-16,337.649994,337.649994,331.100006,334.200012,315.278748,1854497,0.000000,0.000000
2015-09-18,340.000000,351.200012,335.000000,339.700012,320.467377,11182333,0.000000,0.000000
2015-09-21,335.799988,337.299988,331.500000,332.899994,314.052399,2001172,0.000000,0.000000
2015-09-22,335.500000,335.549988,317.100006,319.100006,301.033752,2640588,0.000000,0.000000
2015-09-23,312.750000,316.600006,309.250000,310.850006,293.250793,3910066,0.000000,0.000000
2015-09-24,313.000000,313.299988,300.350006,301.850006,284.760345,10386968,0.000000,0.000000
2015-09-28,304.600006,312.000000,302.750000,307.200012,289.807465,3282892,0.000000,0.000000
2015-09-29,304.000000,304.950012,293.000000,297.399994,280.562256,5666979,0.000000,0.000000
2015-09-30,302.950012,303.500000,294.000000,299.000000,282.071686,5296746,0.000000,0.000000
2015-10-01,302.950012,307.100006,298.500000,305.049988,287.779144,4450444,0.000000,0.000000
2015-10-05,310.000000,319.649994,309.049988,317.850006,299.854462,5465126,0.000000,0.000000
2015-10-06,319.850006,320.950012,313.000000,315.799988,297.920502,3585046,0.000000,0.000000
2015-10-07,315.799988,319.500000,312.100006,314.549988,296.741241,1851446,0.000000,0.000000
2015-10-08,314.100006,322.399994,312.149994,320.750000,302.590240,3186244,0.000000,0.000000
2015-10-09,323.000000,324.700012,315.950012,318.549988,300.514832,1322859,0.000000,0.000000
2015-10-12,322.000000,324.250000,318.000000,320.750000,302.590240,1229567,0.000000,0.000000
2015-10-13,320.000000,325.299988,319.100006,323.549988,305.231720,1271687,0.000000,0.000000
2015-10-14,323.000000,328.399994,321.299988,324.500000,306.127930,1676790,0.000000,0.000000
2015-10-15,325.200012,331.000000,325.000000,329.000000,310.373199,1970502,0.000000,0.000000
2015-10-16,330.450012,330.899994,320.049988,323.299988,304.995880,1561900,0.000000,0.000000
2015-10-19,323.299988,324.700012,315.600006,317.700012,299.712952,1396880,0.000000,0.000000
2015-10-20,319.299988,319.299988,308.700012,309.850006,292.307404,5636626,0.000000,0.000000
2015-10-21,309.000000,314.799988,309.000000,314.200012,296.411133,2184160,0.000000,0.000000
2015-10-23,317.299988,318.000000,313.049988,314.149994,296.363953,1598163,0.000000,0.000000
2015-10-26,315.299988,317.000000,311.600006,316.350006,298.439392,1674155,0.000000,0.000000
2015-10-27,315.799988,316.649994,310.350006,311.299988,293.675262,2983187,0.000000,0.000000
2015-10-28,309.000000,310.750000,298.250000,300.649994,283.628265,6552757,0.000000,0.000000
2015-10-29,300.850006,303.350006,298.149994,300.100006,283.109375,4435704,0.000000,0.000000
2015-10-30,301.799988,302.750000,294.350006,296.250000,279.477356,3247944,0.000000,0.000000
2015-11-02,293.100006,302.700012,290.100006,295.549988,278.817017,7004865,0.000000,0.000000
2015-11-03,298.350006,301.500000,290.299988,291.200012,274.713287,3207025,0.000000,0.000000
2015-11-04,293.450012,295.200012,287.549988,289.450012,273.062408,2575040,0.000000,0.000000
2015-11-05,289.200012,292.950012,283.000000,284.100006,268.015320,2305175,0.000000,0.000000
2015-11-06,284.500000,287.899994,281.299988,285.049988,268.911469,2510273,0.000000,0.000000
2015-11-09,277.950012,283.500000,274.399994,276.049988,260.421021,5642736,0.000000,0.000000
2015-11-10,276.000000,276.600006,262.450012,265.600006,250.562698,5013279,0.000000,0.000000
2015-11-13,266.500000,268.950012,261.600006,267.350006,252.213593,4675141,0.000000,0.000000
2015-11-16,267.000000,273.250000,266.600006,272.100006,256.694733,2383616,0.000000,0.000000
2015-11-17,275.799988,276.399994,269.549988,270.750000,255.421112,2545418,0.000000,0.000000
2015-11-18,270.399994,272.399994,265.700012,267.299988,252.166473,2005924,0.000000,0.000000
2015-11-19,268.149994,271.500000,265.350006,270.750000,255.421112,2036037,0.000000,0.000000
2015-11-20,268.100006,273.500000,268.100006,269.700012,254.430527,3352666,0.000000,0.000000
2015-11-23,274.399994,278.899994,273.399994,276.500000,260.845520,3246402,0.000000,0.000000
2015-11-24,276.500000,277.000000,269.500000,270.250000,254.949402,2730094,0.000000,0.000000
2015-11-26,271.500000,272.500000,267.049988,268.000000,252.826813,5489324,0.000000,0.000000
2015-11-27,269.000000,271.700012,267.549988,268.250000,253.062653,3022945,0.000000,0.000000
2015-11-30,268.500000,269.200012,264.250000,268.000000,252.826813,4828780,0.000000,0.000000
2015-12-01,269.000000,269.350006,261.100006,263.250000,248.345734,5104457,0.000000,0.000000
2015-12-02,263.700012,265.799988,260.049988,261.399994,246.600433,3928835,0.000000,0.000000
2015-12-03,259.950012,262.950012,256.850006,258.850006,244.194855,5427457,0.000000,0.000000
2015-12-04,255.000000,257.899994,254.550003,255.550003,241.081665,3911817,0.000000,0.000000
2015-12-07,257.850006,258.899994,254.500000,255.100006,240.657135,2699537,0.000000,0.000000
2015-12-08,255.000000,255.000000,250.050003,251.050003,236.836441,2741462,0.000000,0.000000
2015-12-09,249.000000,251.300003,243.649994,244.000000,230.185593,4226145,0.000000,0.000000
2015-12-10,245.100006,249.449997,242.149994,246.899994,232.921417,4531790,0.000000,0.000000
2015-12-11,247.949997,250.399994,238.750000,241.149994,227.496948,3975604,0.000000,0.000000
2015-12-14,239.800003,255.500000,239.149994,254.550003,240.138290,4625481,0.000000,0.000000
2015-12-15,256.600006,257.399994,251.100006,252.100006,237.827011,3908369,0.000000,0.000000
2015-12-16,253.699997,254.500000,249.000000,251.649994,237.402466,2954754,0.000000,0.000000
2015-12-17,253.000000,257.649994,252.000000,256.299988,241.789185,2430145,0.000000,0.000000
2015-12-18,256.000000,261.250000,253.550003,260.200012,245.468399,3384209,0.000000,0.000000
2015-12-21,261.549988,262.600006,257.950012,260.600006,245.845779,1249639,0.000000,0.000000
2015-12-22,261.299988,261.299988,256.350006,257.600006,243.015610,1992099,0.000000,0.000000
2015-12-23,259.000000,260.250000,255.850006,257.299988,242.732620,1924064,0.000000,0.000000
2015-12-24,257.200012,261.299988,254.449997,258.100006,243.487335,1660435,0.000000,0.000000
2015-12-28,259.000000,263.000000,257.100006,262.000000,247.166489,2392484,0.000000,0.000000
2015-12-29,263.299988,266.399994,261.700012,263.549988,248.628754,1721015,0.000000,0.000000
2015-12-30,264.399994,265.000000,261.049988,261.750000,246.930649,1410867,0.000000,0.000000
2015-12-31,262.500000,262.950012,259.200012,260.899994,246.128784,2727837,0.000000,0.000000
2016-01-01,261.000000,268.299988,260.100006,267.549988,252.402283,1347893,0.000000,0.000000
2016-01-04,264.450012,266.500000,257.000000,257.950012,243.345825,2536252,0.000000,0.000000
2016-01-05,259.200012,260.299988,254.250000,255.699997,241.223145,2815055,0.000000,0.000000
2016-01-06,253.000000,257.299988,250.550003,251.800003,237.544006,2029467,0.000000,0.000000
2016-01-07,245.649994,247.500000,241.500000,245.000000,231.128967,4244402,0.000000,0.000000
2016-01-08,245.300003,247.250000,239.350006,241.399994,227.732819,4219352,0.000000,0.000000
2016-01-11,237.000000,238.699997,232.500000,234.050003,220.798935,2995719,0.000000,0.000000
2016-01-12,234.199997,240.500000,234.100006,237.250000,223.817764,3544439,0.000000,0.000000
2016-01-13,238.750000,239.800003,222.800003,230.199997,217.166901,4137056,0.000000,0.000000
2016-01-14,227.000000,232.949997,224.699997,227.800003,214.902771,2802513,0.000000,0.000000
2016-01-15,228.500000,229.449997,216.500000,218.250000,205.893478,3286291,0.000000,0.000000
2016-01-18,211.100006,225.899994,209.800003,219.300003,206.884003,4116330,0.000000,0.000000
2016-01-19,222.800003,233.899994,218.699997,232.850006,219.666855,3713322,0.000000,0.000000
2016-01-20,229.050003,229.350006,216.050003,219.399994,206.978363,4087126,0.000000,0.000000
2016-01-21,224.000000,224.000000,215.100006,221.300003,208.770782,7664473,0.000000,0.000000
2016-01-22,223.000000,225.000000,216.449997,221.750000,209.195297,5622627,0.000000,0.000000
2016-01-25,223.000000,225.800003,217.750000,218.399994,206.034958,1804218,0.000000,0.000000
2016-01-27,219.949997,220.050003,214.500000,215.350006,203.157639,2189628,0.000000,0.000000
2016-01-28,216.000000,219.949997,207.149994,210.850006,198.912460,12022147,0.000000,0.000000
2016-01-29,211.350006,216.750000,208.600006,212.250000,200.233154,4589849,0.000000,0.000000
2016-02-01,213.250000,221.800003,212.750000,221.100006,208.582092,3982611,0.000000,0.000000
2016-02-02,221.949997,223.949997,211.699997,213.250000,201.176559,2971041,0.000000,0.000000
2016-02-03,212.000000,214.500000,208.000000,210.199997,198.299225,3026403,0.000000,0.000000
2016-02-04,212.550003,218.000000,211.649994,215.699997,203.487839,2023624,0.000000,0.000000
2016-02-05,215.699997,218.000000,209.100006,211.100006,199.148270,3022383,0.000000,0.000000
2016-02-08,211.449997,216.899994,210.000000,212.050003,200.044479,2723554,0.000000,0.000000
2016-02-09,210.000000,212.750000,208.550003,210.399994,198.487900,1954496,0.000000,0.000000
2016-02-10,209.850006,209.899994,198.399994,202.850006,191.365372,3393463,0.000000,0.000000
2016-02-11,203.000000,204.800003,182.500000,186.850006,176.271210,3670827,0.000000,0.000000
2016-02-12,187.949997,190.699997,169.149994,178.050003,167.969437,12168356,0.000000,0.000000
2016-02-15,184.449997,194.000000,184.000000,191.149994,180.327759,9208050,0.000000,0.000000
2016-02-16,195.500000,204.350006,193.750000,200.350006,189.006912,9113057,0.000000,0.000000
2016-02-17,201.050003,214.300003,196.300003,212.500000,200.468994,6728882,0.000000,0.000000
2016-02-18,214.500000,215.800003,205.750000,210.399994,198.487900,4659211,0.000000,0.000000
2016-02-19,208.899994,210.800003,205.750000,209.399994,197.544510,2019974,0.000000,0.000000
2016-02-22,209.050003,211.699997,204.250000,205.899994,194.242691,2342159,0.000000,0.000000
2016-02-23,205.949997,208.649994,203.000000,204.199997,192.638947,2174859,0.000000,0.000000
2016-02-24,202.850006,203.750000,198.850006,200.149994,188.818222,3502611,0.000000,0.000000
2016-02-25,201.300003,201.899994,195.449997,198.449997,187.214493,4868927,0.000000,0.000000
2016-02-26,201.899994,204.449997,196.649994,200.100006,188.771042,2188367,0.000000,0.000000
2016-02-29,201.000000,204.000000,195.800003,196.699997,185.563538,3939877,0.000000,0.000000
2016-03-01,198.000000,208.000000,196.350006,206.899994,195.186050,2152599,0.000000,0.000000
2016-03-02,209.000000,222.550003,208.850006,218.800003,206.412338,4228824,0.000000,0.000000
2016-03-03,220.850006,229.449997,217.649994,227.500000,214.619781,3290989,0.000000,0.000000
2016-03-04,228.850006,228.850006,222.199997,225.149994,212.402802,4768604,0.000000,0.000000
2016-03-08,224.000000,231.699997,222.300003,228.250000,215.327316,3066086,0.000000,0.000000
2016-03-09,228.000000,232.649994,221.300003,226.000000,213.204681,4117976,0.000000,0.000000
2016-03-10,228.800003,228.800003,224.199997,226.449997,213.629211,1543894,0.000000,0.000000
2016-03-11,226.449997,232.850006,226.000000,231.199997,218.110291,2649095,0.000000,0.000000
2016-03-14,233.000000,237.500000,229.649994,232.399994,219.242355,2722628,0.000000,0.000000
2016-03-15,233.100006,233.600006,227.199997,228.250000,215.327316,1913147,0.000000,0.000000
2016-03-16,229.000000,229.500000,222.750000,228.550003,215.610306,2172701,0.000000,0.000000
2016-03-17,231.399994,239.500000,231.050003,235.699997,222.355530,5383866,0.000000,0.000000
2016-03-18,236.449997,243.199997,235.750000,241.949997,228.251648,4606790,0.000000,0.000000
2016-03-21,238.949997,245.000000,236.750000,243.850006,230.044113,3240298,0.000000,0.000000
2016-03-22,242.000000,243.300003,236.500000,239.550003,227.011581,3153670,1.100000,0.000000
2016-03-23,239.750000,243.199997,237.350006,238.300003,225.827042,2083410,0.000000,0.000000
2016-03-28,240.399994,242.949997,232.699997,235.649994,223.315720,2756755,0.000000,0.000000
2016-03-29,236.449997,242.199997,233.300003,237.850006,225.400574,2043092,0.000000,0.000000
2016-03-30,240.000000,248.500000,239.550003,245.949997,233.076599,2883662,0.000000,0.000000
2016-03-31,247.100006,250.000000,242.500000,247.699997,234.735001,4192902,0.000000,0.000000
2016-04-01,248.000000,248.000000,239.500000,242.899994,230.186249,1772898,0.000000,0.000000
2016-04-04,249.449997,249.449997,241.199997,242.550003,229.854553,1986415,0.000000,0.000000
2016-04-05,242.399994,242.449997,223.850006,226.250000,214.407715,4836504,0.000000,0.000000
2016-04-06,227.000000,229.750000,221.149994,224.350006,212.607193,6273776,0.000000,0.000000
2016-04-07,225.500000,228.000000,216.000000,216.800003,205.452347,4171133,0.000000,0.000000
2016-04-08,216.000000,220.000000,214.699997,219.250000,207.774094,1631016,0.000000,0.000000
2016-04-11,220.899994,229.899994,218.750000,229.050003,217.061157,2417006,0.000000,0.000000
2016-04-12,229.000000,234.800003,226.300003,233.600006,221.373016,2704639,0.000000,0.000000
2016-04-13,235.000000,237.949997,232.000000,233.550003,221.325638,2830268,0.000000,0.000000
2016-04-18,235.850006,236.750000,228.050003,231.300003,219.193375,5479038,0.000000,0.000000
2016-04-20,232.000000,236.300003,231.500000,233.500000,221.278275,2111521,0.000000,0.000000
2016-04-21,234.100006,236.000000,228.399994,229.350006,217.345474,2990447,0.000000,0.000000
2016-04-22,229.500000,233.399994,227.300003,230.100006,218.056229,7431640,0.000000,0.000000
2016-04-25,231.000000,233.699997,230.250000,231.800003,219.667236,1454607,0.000000,0.000000
2016-04-26,232.199997,232.899994,227.000000,229.100006,217.108551,2703783,0.000000,0.000000
2016-04-27,230.000000,242.000000,227.649994,241.250000,228.622635,7177265,0.000000,0.000000
2016-04-28,241.699997,241.699997,234.350006,235.449997,223.126190,5899252,0.000000,0.000000
2016-04-29,236.000000,240.100006,232.750000,238.199997,225.732254,2160232,0.000000,0.000000
2016-05-02,237.000000,237.250000,231.800003,232.949997,220.757050,2312439,0.000000,0.000000
2016-05-03,235.250000,242.449997,232.500000,235.500000,223.173584,5328996,0.000000,0.000000
2016-05-04,234.500000,234.500000,205.500000,208.250000,197.349899,22904231,0.000000,0.000000
2016-05-05,209.649994,210.699997,196.699997,198.000000,187.636368,17225029,0.000000,0.000000
2016-05-06,198.000000,199.500000,190.550003,194.550003,184.366943,15642446,0.000000,0.000000
2016-05-09,196.149994,198.399994,194.350006,196.750000,186.451782,9413270,0.000000,0.000000
2016-05-10,197.949997,198.949997,194.000000,194.550003,184.366943,4925308,0.000000,0.000000
2016-05-11,191.800003,195.449997,189.300003,193.000000,182.898087,7021749,0.000000,0.000000
2016-05-12,194.199997,197.649994,193.600006,195.149994,184.935562,6098282,0.000000,0.000000
2016-05-13,194.600006,200.250000,179.399994,188.550003,178.681000,15272242,0.000000,0.000000
2016-05-16,189.000000,192.199997,183.699997,185.800003,176.074951,9997240,0.000000,0.000000
2016-05-17,186.600006,187.350006,182.699997,183.250000,173.658417,7208437,0.000000,0.000000
2016-05-18,182.399994,185.500000,180.550003,183.199997,173.611008,5909252,0.000000,0.000000
2016-05-19,184.500000,184.500000,169.699997,171.550003,162.570786,13478073,0.000000,0.000000
2016-05-20,171.600006,180.399994,170.350006,177.949997,168.635818,13115129,0.000000,0.000000
2016-05-23,179.250000,182.449997,178.000000,181.100006,171.620972,10109957,0.000000,0.000000
2016-05-24,180.949997,181.500000,177.100006,180.850006,171.384033,3874787,0.000000,0.000000
2016-05-25,182.800003,184.050003,181.350006,182.850006,173.279358,4249199,0.000000,0.000000
2016-05-26,184.000000,187.500000,181.399994,184.800003,175.127304,5744871,0.000000,0.000000
2016-05-27,185.399994,192.949997,185.000000,191.699997,181.666138,8241406,0.000000,0.000000
2016-05-30,192.699997,194.000000,185.449997,190.250000,180.292023,3672794,0.000000,0.000000
2016-05-31,190.250000,194.699997,186.550003,192.149994,182.092590,6758009,0.000000,0.000000
2016-06-01,192.850006,203.300003,192.500000,202.300003,191.711334,10935767,0.000000,0.000000
2016-06-02,203.449997,206.500000,200.699997,205.199997,194.459503,6232617,0.000000,0.000000
2016-06-03,206.250000,206.250000,202.100006,204.550003,193.843536,3927140,0.000000,0.000000
2016-06-06,201.000000,204.550003,196.000000,203.699997,193.038025,5811557,0.000000,0.000000
2016-06-07,204.649994,207.649994,202.199997,206.500000,195.691452,3666830,0.000000,0.000000
2016-06-08,207.000000,207.850006,201.699997,203.399994,192.753723,2752494,0.000000,0.000000
2016-06-09,204.449997,205.850006,201.000000,201.899994,191.332230,2365078,0.000000,0.000000
2016-06-10,202.949997,205.699997,201.500000,202.750000,192.137741,1978971,0.000000,0.000000
2016-06-13,201.199997,203.699997,197.699997,202.600006,191.995605,2446154,0.000000,0.000000
2016-06-14,202.600006,210.000000,201.850006,208.600006,197.681549,4836424,0.000000,0.000000
2016-06-15,211.000000,211.899994,206.300003,207.000000,196.165283,4053483,0.000000,0.000000
2016-06-16,207.500000,209.500000,202.100006,208.500000,197.586777,4409306,0.000000,0.000000
2016-06-17,209.000000,209.500000,206.449997,207.699997,196.828659,2988774,0.000000,0.000000
2016-06-20,203.350006,208.899994,203.350006,206.800003,195.975784,1787203,0.000000,0.000000
2016-06-21,207.000000,209.949997,203.000000,203.250000,192.611572,2846802,0.000000,0.000000
2016-06-22,204.000000,208.449997,203.100006,207.350006,196.496979,3917750,0.000000,0.000000
2016-06-23,207.800003,208.800003,204.600006,207.149994,196.307434,4392227,0.000000,0.000000
2016-06-24,200.000000,203.100006,195.350006,201.899994,191.332230,6402985,0.000000,0.000000
2016-06-27,202.000000,205.649994,202.000000,203.850006,193.180161,2862705,0.000000,0.000000
2016-06-28,204.000000,206.800003,202.550003,202.899994,192.279892,5865629,0.000000,0.000000
2016-06-29,204.000000,205.250000,202.199997,203.050003,192.422058,6496278,0.000000,0.000000
2016-06-30,205.899994,207.800003,203.500000,206.850006,196.023148,5638170,0.000000,0.000000
2016-07-01,205.100006,207.899994,203.800003,204.300003,193.606613,3280576,0.000000,0.000000
2016-07-04,206.000000,213.949997,205.500000,213.250000,202.088150,5170996,0.000000,0.000000
2016-07-05,214.550003,216.399994,213.000000,214.550003,203.320129,6536180,0.000000,0.000000
2016-07-07,216.449997,216.449997,208.600006,210.050003,199.055664,7139883,0.000000,0.000000
2016-07-08,210.050003,211.949997,204.600006,207.050003,196.212692,2451302,0.000000,0.000000
2016-07-11,210.250000,218.250000,208.000000,217.449997,206.068329,7409680,0.000000,0.000000
2016-07-12,219.199997,219.899994,215.399994,218.000000,206.589539,5113880,0.000000,0.000000
2016-07-13,217.449997,222.000000,215.199997,217.300003,205.926178,5136217,0.000000,0.000000
2016-07-14,217.300003,220.699997,214.550003,216.899994,205.547134,3685749,0.000000,0.000000
2016-07-15,219.199997,223.649994,218.250000,220.500000,208.958664,5747335,0.000000,0.000000
2016-07-18,221.649994,222.899994,216.250000,217.949997,206.542175,3449057,0.000000,0.000000
2016-07-19,218.899994,221.800003,216.100006,220.600006,209.053452,3614887,0.000000,0.000000
2016-07-20,221.000000,222.399994,218.500000,221.399994,209.811584,3477005,0.000000,0.000000
2016-07-21,222.000000,226.350006,219.800003,223.199997,211.517349,5312623,0.000000,0.000000
2016-07-22,223.000000,225.949997,221.600006,225.350006,213.554810,3937731,0.000000,0.000000
2016-07-25,226.300003,227.449997,224.149994,226.149994,214.312958,4843432,0.000000,0.000000
2016-07-26,227.000000,229.449997,222.149994,224.399994,212.654556,3999228,0.000000,0.000000
2016-07-27,226.000000,229.449997,223.550003,228.699997,216.729462,3648076,0.000000,0.000000
2016-07-28,229.800003,231.550003,224.399994,225.250000,213.460068,4676659,0.000000,0.000000
2016-07-29,227.949997,233.500000,226.149994,232.399994,220.235809,4990407,0.000000,0.000000
2016-08-01,234.449997,236.250000,225.850006,228.550003,216.587326,3414966,0.000000,0.000000
2016-08-02,230.000000,231.699997,223.800003,224.649994,212.891464,2083401,0.000000,0.000000
2016-08-03,225.699997,228.399994,221.500000,222.850006,211.185684,3212161,0.000000,0.000000
2016-08-04,226.199997,229.500000,223.050003,227.899994,215.971344,2779249,0.000000,0.000000
2016-08-05,230.600006,234.899994,229.250000,234.000000,221.752090,2112014,0.000000,0.000000
2016-08-08,235.500000,241.399994,234.050003,240.649994,228.054016,3171611,0.000000,0.000000
2016-08-09,241.000000,242.899994,234.800003,239.750000,227.201141,7445154,0.000000,0.000000
2016-08-10,244.500000,261.250000,244.149994,258.450012,244.922333,19509517,0.000000,0.000000
2016-08-11,258.500000,259.750000,251.100006,253.500000,240.231430,4663215,0.000000,0.000000
2016-08-12,254.300003,261.000000,251.199997,258.250000,244.732803,8089419,0.000000,0.000000
2016-08-16,259.600006,274.600006,258.299988,273.549988,259.231934,15191371,0.000000,0.000000
2016-08-17,274.000000,276.350006,265.200012,267.649994,253.640762,11251645,0.000000,0.000000
2016-08-18,268.299988,277.000000,267.950012,275.450012,261.032532,9439270,0.000000,0.000000
2016-08-19,274.899994,277.899994,270.149994,273.049988,258.758118,3970921,0.000000,0.000000
2016-08-22,274.399994,279.700012,268.649994,270.549988,256.389008,3638085,0.000000,0.000000
2016-08-23,271.700012,276.149994,270.100006,272.500000,258.236877,4511269,0.000000,0.000000
2016-08-24,273.799988,273.799988,268.549988,270.100006,255.962570,3036313,0.000000,0.000000
2016-08-25,271.500000,271.500000,260.100006,261.750000,248.049591,8422383,0.000000,0.000000
2016-08-26,262.950012,263.200012,255.100006,257.700012,244.211609,4991512,0.000000,0.000000
2016-08-29,253.449997,263.350006,247.550003,262.600006,248.855148,6941895,0.000000,0.000000
2016-08-30,264.549988,265.399994,260.100006,262.950012,249.186798,2076344,0.000000,0.000000
2016-08-31,263.250000,266.450012,261.700012,262.950012,249.186798,5047234,0.000000,0.000000
2016-09-01,263.149994,263.899994,257.799988,258.700012,245.159256,3552214,0.000000,0.000000
2016-09-02,259.000000,269.399994,256.799988,268.200012,254.162003,6194172,0.000000,0.000000
2016-09-06,270.000000,271.750000,267.600006,270.600006,256.436371,4376626,0.000000,0.000000
2016-09-07,270.000000,274.100006,266.299988,272.250000,258.000061,3506325,0.000000,0.000000
2016-09-08,272.000000,276.500000,272.000000,275.600006,261.174652,3257359,0.000000,0.000000
2016-09-09,274.950012,275.500000,270.100006,272.200012,257.952637,2254000,0.000000,0.000000
2016-09-12,268.899994,268.899994,256.399994,260.000000,246.391220,4089149,0.000000,0.000000
2016-09-14,261.000000,268.000000,256.850006,264.700012,250.845200,5183715,0.000000,0.000000
2016-09-15,266.049988,269.750000,262.000000,267.399994,253.403854,2969754,0.000000,0.000000
2016-09-16,268.000000,275.000000,267.700012,271.149994,256.957611,5596231,0.000000,0.000000
2016-09-19,272.000000,277.700012,269.649994,276.149994,261.695892,3949553,0.000000,0.000000
2016-09-20,276.950012,276.950012,267.850006,270.100006,255.962570,4084585,0.000000,0.000000
2016-09-21,275.000000,276.000000,268.000000,269.700012,255.583481,5226987,0.000000,0.000000
2016-09-22,273.200012,277.399994,271.549988,275.350006,260.937775,4923688,0.000000,0.000000
2016-09-23,276.750000,277.700012,273.299988,275.100006,260.700897,3066615,0.000000,0.000000
2016-09-26,274.500000,274.500000,268.799988,270.399994,256.246826,2817192,0.000000,0.000000
2016-09-27,273.000000,273.700012,263.799988,264.700012,250.845200,3623937,0.000000,0.000000
2016-09-28,266.700012,272.000000,262.100006,271.000000,256.815460,4450516,0.000000,0.000000
2016-09-29,273.299988,273.700012,254.449997,256.799988,243.358673,7369816,0.000000,0.000000
2016-09-30,258.000000,259.799988,249.100006,256.750000,243.311295,8404996,0.000000,0.000000
2016-10-03,260.700012,267.500000,259.299988,264.500000,250.655685,3775937,0.000000,0.000000
2016-10-04,267.600006,269.799988,263.100006,268.700012,254.635834,3083178,0.000000,0.000000
2016-10-05,269.950012,269.950012,264.000000,265.450012,251.556000,2157411,0.000000,0.000000
2016-10-06,267.000000,267.600006,261.200012,264.899994,251.034714,3683355,0.000000,0.000000
2016-10-07,267.399994,268.200012,262.350006,266.850006,252.882690,3109737,0.000000,0.000000
2016-10-10,268.950012,268.950012,263.149994,264.000000,250.181854,4104061,0.000000,0.000000
2016-10-13,263.299988,263.299988,248.100006,251.100006,237.957047,5621911,0.000000,0.000000
2016-10-14,252.000000,256.200012,251.250000,254.350006,241.036926,2690365,0.000000,0.000000
2016-10-17,253.000000,255.050003,249.399994,250.750000,237.625336,1657111,0.000000,0.000000
2016-10-18,251.550003,269.000000,251.550003,267.000000,253.024857,4975655,0.000000,0.000000
2016-10-19,269.000000,273.399994,262.799988,271.600006,257.384064,4745567,0.000000,0.000000
2016-10-20,272.850006,286.399994,268.700012,285.250000,270.319580,7256284,0.000000,0.000000
2016-10-21,286.000000,288.250000,281.649994,285.750000,270.793457,4031821,0.000000,0.000000
2016-10-24,285.399994,294.899994,283.000000,285.649994,270.698639,7433061,0.000000,0.000000
2016-10-25,286.649994,317.000000,280.549988,312.799988,296.427551,20614093,0.000000,0.000000
2016-10-26,312.950012,316.500000,299.350006,305.100006,289.130646,11974635,0.000000,0.000000
2016-10-27,305.450012,308.799988,299.350006,305.000000,289.035797,6866827,0.000000,0.000000
2016-10-28,306.000000,309.700012,302.350006,307.000000,290.931122,6175751,0.000000,0.000000
2016-11-01,307.000000,308.000000,301.450012,305.149994,289.177948,5197221,0.000000,0.000000
2016-11-02,300.000000,304.149994,297.149994,299.899994,284.202728,4954922,0.000000,0.000000
2016-11-03,299.700012,301.899994,287.100006,288.200012,273.115173,5762076,0.000000,0.000000
2016-11-04,289.000000,291.850006,284.250000,287.700012,272.641327,6331988,0.000000,0.000000
2016-11-07,298.299988,298.299988,290.799988,293.500000,278.137726,4697049,0.000000,0.000000
2016-11-08,295.700012,295.700012,286.500000,289.850006,274.678802,4446596,0.000000,0.000000
2016-11-09,268.000000,283.000000,260.899994,282.399994,267.618744,7432798,0.000000,0.000000
2016-11-10,289.000000,297.149994,286.000000,294.549988,279.132751,4488690,0.000000,0.000000
2016-11-11,288.000000,293.000000,272.850006,276.750000,262.264557,4430411,0.000000,0.000000
2016-11-15,280.700012,280.700012,258.000000,266.649994,252.693176,4007163,0.000000,0.000000
2016-11-16,271.000000,275.000000,260.899994,265.250000,251.366425,3586045,0.000000,0.000000
2016-11-17,267.000000,269.399994,262.200012,264.600006,250.750443,2448535,0.000000,0.000000
2016-11-18,265.000000,266.299988,256.799988,261.899994,248.191757,2821119,0.000000,0.000000
2016-11-21,262.049988,265.000000,245.149994,255.699997,242.316238,4715918,0.000000,0.000000
2016-11-22,257.000000,263.200012,257.000000,260.799988,247.149323,4773262,0.000000,0.000000
2016-11-23,263.950012,264.700012,258.100006,263.700012,249.897552,4191100,0.000000,0.000000
2016-11-24,263.700012,263.700012,256.149994,257.700012,244.211609,4052569,0.000000,0.000000
2016-11-25,260.000000,266.000000,255.750000,265.049988,251.176880,3644381,0.000000,0.000000
2016-11-28,266.950012,274.500000,264.149994,272.750000,258.473846,5898358,0.000000,0.000000
2016-11-29,275.000000,280.000000,267.600006,276.899994,262.406616,4965658,0.000000,0.000000
2016-11-30,278.899994,281.899994,276.250000,277.899994,263.354340,4877016,0.000000,0.000000
2016-12-01,280.000000,280.350006,271.700012,275.100006,260.700897,2039195,0.000000,0.000000
2016-12-02,273.700012,274.399994,264.250000,265.899994,251.982376,2854273,0.000000,0.000000
2016-12-05,266.500000,273.399994,263.700012,268.700012,254.635834,4802020,0.000000,0.000000
2016-12-06,274.000000,274.500000,270.100006,271.899994,257.668335,3001729,0.000000,0.000000
2016-12-07,272.500000,282.899994,272.299988,277.399994,262.880463,3768935,0.000000,0.000000
2016-12-08,279.899994,288.299988,279.899994,287.100006,272.072784,4172911,0.000000,0.000000
2016-12-09,289.450012,291.299988,284.250000,285.649994,270.698639,3130514,0.000000,0.000000
2016-12-12,285.000000,285.450012,279.299988,281.350006,266.623749,1781321,0.000000,0.000000
2016-12-13,281.399994,287.200012,278.450012,286.000000,271.030304,2703309,0.000000,0.000000
2016-12-14,287.450012,288.350006,282.100006,283.850006,268.992798,2454540,0.000000,0.000000
2016-12-15,290.100006,291.649994,283.049988,284.250000,269.371918,4952579,0.000000,0.000000
2016-12-16,286.000000,286.000000,279.200012,280.250000,265.581299,3752270,0.000000,0.000000
2016-12-19,280.899994,281.000000,275.250000,276.450012,261.980255,2479261,0.000000,0.000000
2016-12-20,276.100006,276.100006,268.450012,272.399994,258.142181,1657363,0.000000,0.000000
2016-12-21,274.399994,275.649994,270.100006,274.200012,259.847961,2500157,0.000000,0.000000
2016-12-22,271.750000,273.500000,261.100006,263.549988,249.755386,2771674,0.000000,0.000000
2016-12-23,262.149994,268.500000,259.049988,262.899994,249.139404,3336863,0.000000,0.000000
2016-12-26,262.000000,262.000000,257.250000,260.000000,246.391220,2684615,0.000000,0.000000
2016-12-27,261.000000,269.649994,258.200012,266.950012,252.977509,5604754,0.000000,0.000000
2016-12-28,267.899994,271.850006,267.100006,268.500000,254.446320,3862488,0.000000,0.000000
2016-12-29,268.000000,268.100006,262.649994,264.649994,250.797821,4400374,0.000000,0.000000
2016-12-30,265.000000,271.149994,264.399994,268.450012,254.398956,3744173,0.000000,0.000000
2017-01-02,269.799988,276.899994,267.000000,273.799988,259.468903,2622173,0.000000,0.000000
2017-01-03,275.200012,277.700012,272.049988,273.950012,259.610992,2064823,0.000000,0.000000
2017-01-04,275.149994,276.899994,272.200012,274.899994,260.511322,2741205,0.000000,0.000000
2017-01-05,276.299988,288.899994,275.500000,287.500000,272.451813,5997054,0.000000,0.000000
2017-01-06,288.799988,291.799988,285.000000,286.049988,271.077698,5651466,0.000000,0.000000
2017-01-09,286.350006,289.000000,282.600006,284.700012,269.798340,2877279,0.000000,0.000000
2017-01-10,285.100006,294.700012,285.000000,293.899994,278.516815,5779720,0.000000,0.000000
2017-01-11,295.899994,299.750000,294.500000,295.649994,280.175201,3323800,0.000000,0.000000
2017-01-12,297.000000,298.850006,289.549988,292.750000,277.426971,3420733,0.000000,0.000000
2017-01-13,294.500000,295.149994,290.549988,294.049988,278.658997,1699998,0.000000,0.000000
2017-01-16,294.700012,302.950012,292.399994,300.649994,284.913544,3614730,0.000000,0.000000
2017-01-17,302.450012,302.450012,292.600006,294.850006,279.417084,2231245,0.000000,0.000000
2017-01-18,296.750000,300.549988,290.049988,291.899994,276.621490,2613239,0.000000,0.000000
2017-01-19,292.100006,297.500000,292.000000,295.350006,279.890900,2290542,0.000000,0.000000
2017-01-20,295.000000,296.350006,283.399994,284.149994,269.277100,3279639,0.000000,0.000000
2017-01-23,285.149994,289.350006,284.149994,286.250000,271.267212,2261781,0.000000,0.000000
2017-01-24,287.000000,294.950012,286.000000,293.149994,277.806091,1945278,0.000000,0.000000
2017-01-25,295.250000,306.100006,294.450012,304.649994,288.704163,4477090,0.000000,0.000000
2017-01-27,305.000000,308.950012,302.100006,303.950012,288.040802,3386640,0.000000,0.000000
2017-01-30,303.750000,305.850006,301.350006,302.600006,286.761414,2241418,0.000000,0.000000
2017-01-31,303.500000,305.950012,292.500000,293.350006,277.995605,3859712,0.000000,0.000000
2017-02-01,295.549988,306.000000,293.649994,304.600006,288.656830,3158512,0.000000,0.000000
2017-02-02,305.450012,308.600006,301.200012,304.149994,288.230286,3018242,0.000000,0.000000
2017-02-03,304.549988,311.250000,301.700012,303.549988,287.661743,3352462,0.000000,0.000000
2017-02-06,305.850006,311.000000,302.600006,309.200012,293.016022,2426463,0.000000,0.000000
2017-02-07,309.299988,310.399994,301.250000,303.649994,287.756500,1803476,0.000000,0.000000
2017-02-08,306.049988,306.899994,299.000000,305.549988,289.557007,1581009,0.000000,0.000000
2017-02-09,306.500000,308.100006,300.850006,304.799988,288.846283,2032244,0.000000,0.000000
2017-02-10,305.600006,313.700012,305.100006,311.250000,294.958710,5313049,0.000000,0.000000
2017-02-13,313.200012,314.799988,304.600006,309.549988,293.347717,2291161,0.000000,0.000000
2017-02-14,310.000000,315.899994,305.250000,307.000000,290.931122,6996004,0.000000,0.000000
2017-02-15,308.100006,313.500000,297.000000,299.950012,284.250183,4562477,0.000000,0.000000
2017-02-16,300.000000,303.000000,294.000000,298.600006,282.970886,2837571,0.000000,0.000000
2017-02-17,300.100006,302.500000,295.799988,297.250000,281.691498,2264046,0.000000,0.000000
2017-02-20,298.200012,302.899994,296.100006,300.299988,284.581787,1690844,0.000000,0.000000
2017-02-21,300.500000,305.399994,298.299988,304.149994,288.230286,2559043,0.000000,0.000000
2017-02-22,305.000000,306.500000,297.450012,300.299988,284.581787,3507421,0.000000,0.000000
2017-02-23,300.350006,303.399994,295.799988,297.250000,281.691498,6593433,0.000000,0.000000
2017-02-27,297.000000,300.700012,295.000000,296.649994,281.122833,2116155,0.000000,0.000000
2017-02-28,297.649994,303.350006,296.799988,301.750000,285.955902,2570349,0.000000,0.000000
2017-03-01,302.950012,305.000000,301.149994,302.500000,286.666687,1892520,0.000000,0.000000
2017-03-02,303.750000,305.700012,292.000000,293.850006,278.469482,2458242,0.000000,0.000000
2017-03-03,293.000000,297.399994,291.000000,296.350006,280.838562,2871834,0.000000,0.000000
2017-03-06,297.850006,304.899994,296.450012,303.149994,287.282654,1877927,0.000000,0.000000
2017-03-07,303.000000,309.399994,301.950012,308.250000,292.115723,4069985,0.000000,0.000000
2017-03-08,308.250000,309.000000,300.850006,306.500000,290.457275,2786117,0.000000,0.000000
2017-03-09,306.500000,306.500000,299.700012,300.899994,285.150421,2564963,0.000000,0.000000
2017-03-10,302.450012,306.000000,297.049988,298.799988,283.160309,2684711,0.000000,0.000000
2017-03-14,305.649994,311.200012,304.100006,309.250000,293.063416,5102357,0.000000,0.000000
2017-03-15,308.000000,313.799988,308.000000,310.299988,294.058411,4865596,0.000000,0.000000
2017-03-16,312.000000,327.350006,311.500000,325.700012,308.652405,7051972,0.000000,0.000000
2017-03-17,326.799988,328.899994,321.299988,325.399994,308.368103,6779619,0.000000,0.000000
2017-03-20,327.049988,329.799988,324.700012,325.450012,308.415436,4103266,0.000000,0.000000
2017-03-21,325.000000,327.299988,320.049988,325.750000,308.699707,2802311,0.000000,0.000000
2017-03-22,321.899994,324.799988,319.350006,323.649994,306.709656,2518171,0.000000,0.000000
2017-03-23,324.000000,327.000000,322.100006,325.600006,308.557587,3911142,0.000000,0.000000
2017-03-24,327.200012,327.799988,321.700012,323.250000,306.330597,4636734,0.000000,0.000000
2017-03-27,322.600006,324.000000,317.649994,319.299988,302.587341,2353739,0.000000,0.000000
2017-03-28,321.049988,323.000000,319.500000,320.850006,304.056213,1760774,0.000000,0.000000
2017-03-29,321.149994,322.000000,316.799988,321.000000,304.198364,4426029,0.000000,0.000000
2017-03-30,321.899994,341.899994,320.549988,339.299988,321.540466,9728166,0.000000,0.000000
2017-03-31,342.000000,342.700012,336.000000,339.600006,321.824799,3417463,0.000000,0.000000
2017-04-03,340.600006,343.899994,338.750000,342.100006,324.194000,2441776,0.000000,0.000000
2017-04-05,343.850006,359.250000,343.049988,358.149994,339.403870,5947873,0.000000,0.000000
2017-04-06,355.750000,358.600006,351.100006,356.649994,337.982361,3524928,0.000000,0.000000
2017-04-07,352.250000,353.350006,345.549988,347.149994,328.979614,4918075,0.000000,0.000000
2017-04-10,348.049988,353.850006,346.049988,352.149994,333.717926,2222773,0.000000,0.000000
2017-04-11,352.450012,355.850006,330.549988,333.799988,316.328400,9397306,0.000000,0.000000
2017-04-12,333.799988,336.600006,323.649994,327.600006,310.452911,8100661,0.000000,0.000000
2017-04-13,325.600006,325.600006,318.299988,320.450012,303.677155,5730306,0.000000,0.000000
2017-04-17,320.649994,327.200012,317.600006,320.000000,303.250702,4219235,0.000000,0.000000
2017-04-18,321.649994,335.250000,318.149994,319.350006,302.634705,9315409,0.000000,0.000000
2017-04-19,322.000000,327.649994,319.250000,325.799988,308.747131,4403069,0.000000,0.000000
2017-04-20,327.450012,333.200012,324.000000,332.399994,315.001678,4439900,0.000000,0.000000
2017-04-21,335.000000,335.000000,324.149994,326.000000,308.936676,2517582,0.000000,0.000000
2017-04-24,328.149994,334.200012,327.250000,331.000000,313.674957,5048373,0.000000,0.000000
2017-04-25,332.500000,333.100006,326.500000,331.350006,314.006622,4330049,0.000000,0.000000
2017-04-26,332.450012,333.899994,318.000000,323.500000,306.567505,4078479,0.000000,0.000000
2017-04-27,325.149994,328.899994,321.149994,322.500000,305.619843,2983463,0.000000,0.000000
2017-04-28,324.799988,328.450012,321.600006,327.700012,310.547638,1808460,0.000000,0.000000
2017-05-02,328.750000,332.899994,326.649994,330.600006,313.295898,4233839,0.000000,0.000000
2017-05-03,330.600006,332.299988,323.899994,327.450012,310.310730,3271643,0.000000,0.000000
2017-05-04,328.799988,340.399994,328.700012,339.450012,321.682648,6728527,0.000000,0.000000
2017-05-05,339.399994,346.450012,336.149994,344.950012,326.894745,8196507,0.000000,0.000000
2017-05-08,343.500000,346.700012,338.000000,340.500000,322.677704,2462230,0.000000,0.000000
2017-05-09,339.899994,349.399994,335.799988,347.500000,329.311340,3459067,0.000000,0.000000
2017-05-10,346.100006,353.000000,346.100006,351.899994,333.480988,3207734,0.000000,0.000000
2017-05-11,352.000000,362.549988,350.500000,360.049988,341.204437,4604066,0.000000,0.000000
2017-05-12,360.399994,360.399994,353.399994,357.950012,339.214386,2958586,0.000000,0.000000
2017-05-15,359.000000,359.750000,350.850006,356.200012,337.556000,1530781,0.000000,0.000000
2017-05-16,354.200012,358.149994,351.149994,354.500000,335.944916,1321254,0.000000,0.000000
2017-05-17,354.500000,354.799988,347.549988,348.549988,330.306305,1239867,0.000000,0.000000
2017-05-18,344.299988,359.549988,342.200012,347.899994,329.690338,3618961,0.000000,0.000000
2017-05-19,349.049988,352.500000,345.299988,349.450012,331.159210,1302961,0.000000,0.000000
2017-05-22,352.399994,357.399994,350.450012,354.450012,335.897491,2939697,0.000000,0.000000
2017-05-23,354.799988,355.600006,328.500000,331.649994,314.290924,6270500,0.000000,0.000000
2017-05-24,333.399994,342.950012,328.100006,339.649994,321.872162,8363216,0.000000,0.000000
2017-05-25,344.899994,346.250000,331.299988,340.750000,322.914612,5992900,0.000000,0.000000
2017-05-26,342.399994,351.000000,339.000000,348.000000,329.785156,2754435,0.000000,0.000000
2017-05-29,347.799988,348.350006,325.100006,327.799988,310.642426,3943111,0.000000,0.000000
2017-05-30,328.399994,342.899994,327.450012,340.350006,322.535583,3680879,0.000000,0.000000
2017-05-31,341.500000,345.750000,336.549988,339.000000,321.256195,12190256,0.000000,0.000000
2017-06-01,337.600006,351.950012,337.600006,349.200012,330.922302,3447544,0.000000,0.000000
2017-06-02,352.000000,359.399994,350.500000,357.899994,339.166962,3297747,0.000000,0.000000
2017-06-05,359.950012,364.500000,355.200012,361.049988,342.152100,2830068,0.000000,0.000000
2017-06-06,362.950012,368.750000,357.049988,361.450012,342.531158,5229905,0.000000,0.000000
2017-06-07,363.600006,363.950012,357.299988,359.100006,340.304138,5435369,0.000000,0.000000
2017-06-08,359.250000,361.850006,350.500000,359.149994,340.351501,4568139,0.000000,0.000000
2017-06-09,360.000000,360.600006,350.250000,359.850006,341.014923,7152603,0.000000,0.000000
2017-06-12,359.700012,359.700012,353.549988,356.850006,338.171906,4963488,0.000000,0.000000
2017-06-13,359.000000,363.149994,355.399994,359.399994,340.588440,5463098,0.000000,0.000000
2017-06-14,360.500000,360.899994,356.100006,359.500000,340.683258,6005138,0.000000,0.000000
2017-06-15,359.450012,366.399994,357.750000,360.000000,341.157043,3997432,0.000000,0.000000
2017-06-16,361.500000,365.100006,356.250000,363.149994,344.142212,5332597,0.000000,0.000000
2017-06-19,365.000000,375.600006,365.000000,373.799988,354.234772,7328947,0.000000,0.000000
2017-06-20,375.600006,377.700012,370.100006,375.649994,355.987915,4597214,0.000000,0.000000
2017-06-21,374.750000,377.200012,367.200012,369.950012,350.586304,2797034,0.000000,0.000000
2017-06-22,370.000000,373.799988,367.500000,369.450012,350.112457,1935079,0.000000,0.000000
2017-06-23,369.450012,370.500000,361.649994,365.450012,346.321838,3011500,0.000000,0.000000
2017-06-27,367.899994,372.799988,365.450012,367.700012,348.454041,2780694,0.000000,0.000000
2017-06-28,368.399994,369.649994,363.049988,364.500000,345.421539,2394375,0.000000,0.000000
2017-06-29,366.950012,368.700012,362.350006,364.500000,345.421539,3343365,0.000000,0.000000
2017-06-30,364.000000,365.799988,360.549988,363.049988,344.047424,1386974,0.000000,0.000000
2017-07-03,364.899994,370.600006,359.500000,368.000000,348.738342,2171316,0.000000,0.000000
2017-07-04,368.500000,375.700012,368.000000,371.700012,352.244659,4186188,0.000000,0.000000
2017-07-05,374.500000,374.500000,371.850006,372.899994,353.381866,1422559,0.000000,0.000000
2017-07-06,373.899994,375.649994,371.500000,373.049988,353.523987,2318749,0.000000,0.000000
2017-07-07,372.100006,374.950012,370.000000,371.600006,352.149902,3077926,0.000000,0.000000
2017-07-10,374.750000,376.799988,372.350006,374.950012,355.324585,860121,0.000000,0.000000
2017-07-11,376.000000,376.850006,371.700012,372.700012,353.192322,2646484,0.000000,0.000000
2017-07-12,372.250000,375.299988,371.649994,373.850006,354.282074,2035281,0.000000,0.000000
2017-07-13,375.799988,377.899994,372.250000,375.950012,356.272247,2956936,0.000000,0.000000
2017-07-14,375.950012,378.450012,374.450012,375.600006,355.940521,1737806,0.000000,0.000000
2017-07-17,373.850006,383.700012,373.850006,381.250000,361.294769,4784990,0.000000,0.000000
2017-07-18,379.500000,384.100006,378.450012,381.899994,361.910797,3927479,0.000000,0.000000
2017-07-19,380.500000,383.799988,377.299988,381.049988,361.105255,4847964,0.000000,0.000000
2017-07-20,382.000000,382.500000,377.049988,380.000000,360.110229,4490409,0.000000,0.000000
2017-07-21,381.000000,382.700012,378.600006,381.899994,361.910797,6613707,0.000000,0.000000
2017-07-24,383.500000,390.350006,381.100006,388.450012,368.117950,4777031,0.000000,0.000000
2017-07-25,390.100006,393.399994,385.149994,390.750000,370.297546,3297724,0.000000,0.000000
2017-07-26,392.700012,394.350006,388.000000,393.049988,372.477142,3243876,0.000000,0.000000
2017-07-27,394.250000,394.850006,390.750000,392.500000,371.955933,2847871,0.000000,0.000000
2017-07-28,391.500000,398.450012,390.000000,395.750000,375.035828,3203051,0.000000,0.000000
2017-07-31,396.000000,398.000000,393.399994,395.899994,376.414459,1581010,1.300000,0.000000
2017-08-01,397.450012,405.299988,396.450012,404.000000,384.115814,3391013,0.000000,0.000000
2017-08-02,405.000000,413.500000,402.649994,411.250000,391.008972,2997197,0.000000,0.000000
2017-08-03,411.899994,411.899994,402.649994,407.350006,387.300934,2541125,0.000000,0.000000
2017-08-04,406.000000,410.399994,403.100006,406.649994,386.635437,2770532,0.000000,0.000000
2017-08-07,411.799988,421.500000,408.500000,414.250000,393.861298,3863466,0.000000,0.000000
2017-08-08,414.950012,418.799988,410.149994,414.799988,394.384247,2154068,0.000000,0.000000
2017-08-09,411.600006,417.500000,395.000000,397.250000,377.698029,3603960,0.000000,0.000000
2017-08-10,393.000000,396.899994,381.200012,385.649994,366.668976,3177276,0.000000,0.000000
2017-08-11,380.250000,385.450012,379.049988,382.750000,363.911682,6480493,0.000000,0.000000
2017-08-14,385.000000,405.799988,385.000000,396.200012,376.699738,2746774,0.000000,0.000000
2017-08-16,398.200012,404.899994,392.250000,397.549988,377.983276,2644234,0.000000,0.000000
2017-08-17,398.549988,401.399994,388.049988,389.299988,370.139313,2502761,0.000000,0.000000
2017-08-18,389.000000,390.799988,383.299988,386.200012,367.191925,2554849,0.000000,0.000000
2017-08-21,387.049988,388.700012,374.649994,375.950012,357.446442,1999552,0.000000,0.000000
2017-08-22,377.850006,381.799988,369.649994,375.649994,357.161163,3245723,0.000000,0.000000
2017-08-23,378.100006,386.200012,378.100006,385.000000,366.050934,3003871,0.000000,0.000000
2017-08-24,386.950012,387.649994,379.000000,380.049988,361.344604,2507753,0.000000,0.000000
2017-08-28,382.000000,389.850006,380.500000,387.500000,368.427917,3245331,0.000000,0.000000
2017-08-29,387.850006,387.850006,378.299988,383.299988,364.434631,3419877,0.000000,0.000000
2017-08-30,386.000000,392.399994,385.049988,389.750000,370.567169,2979277,0.000000,0.000000
2017-08-31,391.399994,397.700012,388.399994,392.950012,373.609711,2775034,0.000000,0.000000
2017-09-01,394.950012,396.500000,391.700012,394.899994,375.463654,1511368,0.000000,0.000000
2017-09-04,396.000000,396.000000,380.299988,384.850006,365.908325,2425859,0.000000,0.000000
2017-09-05,384.250000,393.000000,382.149994,390.299988,371.090088,2363336,0.000000,0.000000
2017-09-06,388.899994,388.899994,384.399994,385.049988,366.098511,1825546,0.000000,0.000000
2017-09-07,386.700012,390.899994,385.500000,387.700012,368.618073,1832093,0.000000,0.000000
2017-09-08,389.100006,391.600006,382.649994,385.899994,366.906616,1858507,0.000000,0.000000
2017-09-11,387.500000,390.399994,384.299988,385.350006,366.383728,2402644,0.000000,0.000000
2017-09-12,387.149994,390.000000,385.000000,389.049988,369.901642,2576054,0.000000,0.000000
2017-09-13,390.049988,394.799988,386.049988,390.000000,370.804901,2116076,0.000000,0.000000
2017-09-14,390.850006,405.600006,390.200012,403.100006,383.260162,5052114,0.000000,0.000000
2017-09-15,405.399994,409.750000,403.250000,405.149994,385.209167,6452962,0.000000,0.000000
2017-09-18,406.899994,408.200012,397.700012,404.700012,384.781372,3698399,0.000000,0.000000
2017-09-19,405.500000,408.500000,402.100006,406.899994,386.873047,4105917,0.000000,0.000000
2017-09-20,408.100006,412.850006,406.049988,409.700012,389.535309,5238339,0.000000,0.000000
2017-09-21,407.000000,414.700012,406.000000,410.200012,390.010651,4319190,0.000000,0.000000
2017-09-22,409.000000,409.500000,398.600006,401.200012,381.453674,4371220,0.000000,0.000000
2017-09-25,400.100006,401.149994,383.000000,388.649994,369.521301,4413073,0.000000,0.000000
2017-09-26,386.200012,394.250000,386.200012,390.549988,371.327789,3115143,0.000000,0.000000
2017-09-27,392.600006,392.600006,370.450012,372.549988,354.213745,3009736,0.000000,0.000000
2017-09-28,372.549988,375.000000,363.700012,372.049988,353.738342,3785886,0.000000,0.000000
2017-09-29,374.399994,378.200012,372.250000,376.750000,358.207031,2109890,0.000000,0.000000
2017-10-03,377.549988,385.799988,375.100006,383.700012,364.814972,3673873,0.000000,0.000000
2017-10-04,383.899994,389.500000,379.149994,387.649994,368.570526,2084250,0.000000,0.000000
2017-10-05,388.000000,389.149994,384.200012,385.899994,366.906616,1853539,0.000000,0.000000
2017-10-06,388.399994,392.299988,387.250000,389.250000,370.091766,3006087,0.000000,0.000000
2017-10-09,388.000000,395.700012,382.100006,393.700012,374.322784,4359490,0.000000,0.000000
2017-10-10,394.950012,398.350006,390.200012,396.850006,377.317719,4067875,0.000000,0.000000
2017-10-11,398.500000,401.250000,394.000000,396.950012,377.412811,5121486,0.000000,0.000000
2017-10-12,397.100006,406.350006,392.750000,403.700012,383.830566,4202243,0.000000,0.000000
2017-10-13,406.500000,409.500000,400.450012,408.200012,388.109070,3245961,0.000000,0.000000
2017-10-16,409.100006,410.799988,403.649994,406.799988,386.777954,4209209,0.000000,0.000000
2017-10-17,406.450012,408.250000,402.700012,406.850006,386.825500,3291749,0.000000,0.000000
2017-10-18,407.100006,407.100006,402.350006,406.899994,386.873047,3641132,0.000000,0.000000
2017-10-19,405.000000,406.299988,397.000000,401.399994,381.643738,137226,0.000000,0.000000
2017-10-23,403.200012,412.950012,400.049988,407.049988,387.015656,4555429,0.000000,0.000000
2017-10-24,407.049988,408.750000,402.600006,406.200012,386.207520,3406694,0.000000,0.000000
2017-10-25,408.799988,417.649994,405.200012,415.450012,395.002258,2475241,0.000000,0.000000
2017-10-26,416.000000,419.350006,409.549988,414.299988,393.908844,1542452,0.000000,0.000000
2017-10-27,416.500000,439.000000,414.399994,432.049988,410.785187,5306544,0.000000,0.000000
2017-10-30,436.500000,436.500000,427.799988,429.799988,408.645905,1465328,0.000000,0.000000
2017-10-31,430.250000,432.950012,425.600006,430.350006,409.168884,3418248,0.000000,0.000000
2017-11-01,432.000000,437.450012,429.350006,433.100006,411.783539,3931939,0.000000,0.000000
2017-11-02,433.000000,439.799988,428.299988,437.250000,415.729279,3075833,0.000000,0.000000
2017-11-03,438.649994,440.799988,432.750000,434.850006,413.447418,3097775,0.000000,0.000000
2017-11-06,434.000000,443.299988,430.649994,437.549988,416.014496,4541407,0.000000,0.000000
2017-11-07,437.500000,439.750000,428.299988,431.549988,410.309814,3989010,0.000000,0.000000
2017-11-08,433.000000,436.700012,427.149994,429.700012,408.550934,2723792,0.000000,0.000000
2017-11-09,430.600006,437.250000,428.250000,433.399994,412.068787,3478532,0.000000,0.000000
2017-11-10,435.450012,435.450012,426.100006,432.049988,410.785187,1506241,0.000000,0.000000
2017-11-13,433.000000,433.549988,411.399994,413.350006,393.005646,4344820,0.000000,0.000000
2017-11-14,413.350006,417.850006,406.700012,410.750000,390.533539,2326922,0.000000,0.000000
2017-11-15,410.000000,414.250000,403.649994,407.100006,387.063263,1849192,0.000000,0.000000
2017-11-16,408.000000,410.600006,395.000000,397.200012,377.650482,5321941,0.000000,0.000000
2017-11-17,401.000000,405.000000,396.000000,400.950012,381.215942,6515843,0.000000,0.000000
2017-11-20,400.950012,405.899994,397.100006,398.600006,378.981628,4437937,0.000000,0.000000
2017-11-21,399.299988,405.850006,399.299988,400.799988,381.073273,5418727,0.000000,0.000000
2017-11-22,402.500000,416.649994,401.649994,414.500000,394.099030,5170814,0.000000,0.000000
2017-11-23,415.299988,415.299988,402.549988,407.100006,387.063263,3903036,0.000000,0.000000
2017-11-24,411.000000,411.000000,401.850006,404.600006,384.686249,1374660,0.000000,0.000000
2017-11-27,404.500000,404.500000,398.000000,399.500000,379.837280,2993007,0.000000,0.000000
2017-11-28,399.600006,403.649994,395.200012,396.950012,377.412811,6013556,0.000000,0.000000
2017-11-29,397.600006,405.600006,395.049988,403.450012,383.592926,5205458,0.000000,0.000000
2017-11-30,401.350006,401.350006,396.000000,398.000000,378.411133,5552149,0.000000,0.000000
2017-12-01,400.899994,404.799988,382.049988,386.750000,367.714874,1836997,0.000000,0.000000
2017-12-04,386.750000,389.200012,377.350006,388.149994,369.045898,3650818,0.000000,0.000000
2017-12-05,388.149994,389.250000,379.049988,388.850006,369.711487,5100915,0.000000,0.000000
2017-12-06,386.399994,388.899994,382.600006,385.750000,366.764099,4212760,0.000000,0.000000
2017-12-07,387.049988,391.000000,384.299988,389.700012,370.519623,6934180,0.000000,0.000000
2017-12-08,391.500000,396.899994,391.200012,393.399994,374.037537,3282945,0.000000,0.000000
2017-12-11,396.000000,396.000000,384.500000,391.750000,372.468781,3457130,0.000000,0.000000
2017-12-12,391.500000,405.600006,389.500000,402.500000,382.689636,6686699,0.000000,0.000000
2017-12-13,401.799988,402.250000,391.899994,394.000000,374.607971,5035855,0.000000,0.000000
2017-12-14,397.549988,398.899994,386.200012,395.100006,375.653839,3587939,0.000000,0.000000
2017-12-15,405.700012,408.000000,400.100006,401.350006,381.596222,4643671,0.000000,0.000000
2017-12-18,395.799988,414.500000,374.049988,404.600006,384.686249,9127457,0.000000,0.000000
2017-12-19,405.000000,409.350006,400.950012,405.799988,385.827179,2700184,0.000000,0.000000
2017-12-20,404.000000,408.149994,400.549988,404.399994,384.496124,4228842,0.000000,0.000000
2017-12-21,405.000000,408.350006,401.000000,402.299988,382.499512,3336146,0.000000,0.000000
2017-12-22,403.000000,409.450012,399.200012,402.149994,382.356873,2449944,0.000000,0.000000
2017-12-26,403.750000,405.850006,400.200012,404.549988,384.638763,3466595,0.000000,0.000000
2017-12-27,405.950012,407.000000,400.700012,404.200012,384.305969,4355090,0.000000,0.000000
2017-12-28,404.200012,404.899994,397.549988,398.700012,379.076660,4180605,0.000000,0.000000
2017-12-29,401.149994,407.149994,399.299988,405.649994,385.684540,3574054,0.000000,0.000000
2018-01-01,406.700012,407.700012,398.049988,399.649994,379.979889,2701537,0.000000,0.000000
2018-01-02,403.450012,403.450012,395.000000,397.399994,377.840637,1322980,0.000000,0.000000
2018-01-03,398.100006,410.899994,397.450012,407.649994,387.586151,4679468,0.000000,0.000000
2018-01-04,408.700012,410.700012,406.049988,409.850006,389.677887,1990506,0.000000,0.000000
2018-01-05,411.899994,426.950012,410.200012,423.799988,402.941254,5448214,0.000000,0.000000
2018-01-08,424.000000,427.500000,421.100006,422.899994,402.085541,3447843,0.000000,0.000000
2018-01-09,422.899994,425.549988,419.200012,421.100006,400.374176,2509904,0.000000,0.000000
2018-01-10,422.000000,427.899994,418.750000,423.450012,402.608490,4253925,0.000000,0.000000
2018-01-11,423.000000,430.649994,421.000000,425.500000,404.557617,4415043,0.000000,0.000000
2018-01-12,425.850006,428.350006,411.549988,423.299988,402.465881,2581486,0.000000,0.000000
2018-01-15,425.549988,427.899994,419.500000,420.600006,399.898804,1599208,0.000000,0.000000
2018-01-16,421.500000,428.250000,418.450012,423.549988,402.703552,2318100,0.000000,0.000000
2018-01-17,424.250000,436.000000,422.750000,433.399994,412.068787,6715953,0.000000,0.000000
2018-01-18,437.950012,438.149994,409.350006,416.250000,395.762909,8794103,0.000000,0.000000
2018-01-19,418.799988,435.450012,418.799988,433.450012,412.116302,7588904,0.000000,0.000000
2018-01-22,434.000000,443.350006,432.549988,438.049988,416.489899,7092514,0.000000,0.000000
2018-01-23,438.049988,442.000000,433.000000,438.399994,416.822632,4659591,0.000000,0.000000
2018-01-24,437.000000,452.350006,429.100006,448.750000,426.663269,5201505,0.000000,0.000000
2018-01-25,450.000000,450.000000,434.799988,436.500000,415.016174,6792843,0.000000,0.000000
2018-01-29,436.500000,442.350006,432.000000,436.649994,415.158813,2126497,0.000000,0.000000
2018-01-30,435.000000,436.149994,426.799988,428.250000,407.172272,2389618,0.000000,0.000000
2018-01-31,428.000000,435.500000,424.500000,428.850006,407.742767,2734628,0.000000,0.000000
2018-02-01,431.000000,433.000000,414.450012,428.750000,407.647644,1681704,0.000000,0.000000
2018-02-02,424.500000,426.200012,412.000000,417.950012,397.379211,4265914,0.000000,0.000000
2018-02-05,408.000000,413.000000,406.299988,408.200012,388.109070,2936554,0.000000,0.000000
2018-02-06,395.000000,410.350006,387.000000,404.799988,384.876434,2963450,0.000000,0.000000
2018-02-07,414.399994,414.399994,404.149994,407.000000,386.968170,2592845,0.000000,0.000000
2018-02-08,408.250000,416.149994,401.100006,405.100006,385.161682,2952821,0.000000,0.000000
2018-02-09,400.000000,401.600006,394.000000,399.000000,379.361908,2936187,0.000000,0.000000
2018-02-12,403.750000,406.149994,400.000000,403.350006,383.497833,1249277,0.000000,0.000000
2018-02-14,405.000000,416.799988,405.000000,413.000000,392.672852,3001847,0.000000,0.000000
2018-02-15,421.500000,424.000000,409.549988,411.700012,391.436859,3293138,0.000000,0.000000
2018-02-16,414.000000,415.600006,402.350006,405.450012,385.494476,1740283,0.000000,0.000000
2018-02-19,407.500000,407.500000,388.649994,393.850006,374.465393,2140756,0.000000,0.000000
2018-02-20,394.000000,398.000000,387.200012,394.899994,375.463654,2045167,0.000000,0.000000
2018-02-21,396.500000,398.750000,389.750000,395.600006,376.129272,1800533,0.000000,0.000000
2018-02-22,395.000000,406.200012,392.750000,404.000000,384.115814,4726021,0.000000,0.000000
2018-02-23,405.100006,409.250000,402.000000,406.500000,386.492798,1953157,0.000000,0.000000
2018-02-26,407.500000,417.000000,407.500000,415.049988,394.621918,2299169,0.000000,0.000000
2018-02-27,417.000000,417.000000,409.649994,410.450012,390.248383,1334518,0.000000,0.000000
2018-02-28,410.000000,412.350006,403.100006,408.350006,388.251709,2823115,0.000000,0.000000
2018-03-01,408.350006,413.750000,405.000000,406.100006,386.112488,1216685,0.000000,0.000000
2018-03-05,404.950012,411.450012,400.100006,403.950012,384.068298,3665892,0.000000,0.000000
2018-03-06,406.700012,413.750000,395.149994,405.250000,385.304321,3321338,0.000000,0.000000
2018-03-07,398.950012,398.950012,372.250000,376.950012,358.397186,6951930,0.000000,0.000000
2018-03-08,379.000000,393.000000,369.700012,387.950012,368.855774,11040375,0.000000,0.000000
2018-03-09,392.000000,393.649994,373.799988,377.899994,359.300385,5352078,0.000000,0.000000
2018-03-12,382.000000,389.200012,377.000000,386.600006,367.572235,3693431,0.000000,0.000000
2018-03-13,387.000000,391.399994,381.149994,385.200012,366.241150,2175696,0.000000,0.000000
2018-03-14,383.100006,384.750000,376.850006,382.100006,363.293671,3616289,0.000000,0.000000
2018-03-15,383.600006,386.399994,380.299988,382.149994,363.341217,1818766,0.000000,0.000000
2018-03-16,377.899994,382.250000,367.450012,370.500000,352.264618,4972566,0.000000,0.000000
2018-03-19,370.000000,371.500000,355.250000,364.299988,346.369751,5253759,0.000000,0.000000
2018-03-20,364.299988,371.799988,360.149994,370.000000,351.789215,1780257,0.000000,0.000000
2018-03-21,372.899994,373.750000,362.299988,363.700012,345.799347,2296120,0.000000,0.000000
2018-03-22,365.000000,365.000000,354.100006,358.250000,340.617554,3443184,0.000000,0.000000
2018-03-23,355.000000,367.000000,350.450012,362.399994,344.563293,4518979,0.000000,0.000000
2018-03-26,364.399994,368.700012,351.500000,365.149994,347.177948,3884338,0.000000,0.000000
2018-03-27,368.149994,369.399994,361.899994,365.500000,347.510712,2631162,0.000000,0.000000
2018-03-28,364.500000,364.500000,351.049988,354.100006,336.671783,4766456,0.000000,0.000000
2018-04-02,356.000000,371.899994,356.000000,369.700012,351.503998,2978988,0.000000,0.000000
2018-04-03,368.500000,371.000000,362.700012,366.399994,348.366425,2679172,0.000000,0.000000
2018-04-04,368.000000,373.700012,363.750000,367.799988,349.697540,5611445,0.000000,0.000000
2018-04-05,372.000000,379.799988,371.500000,375.950012,357.446442,3648555,0.000000,0.000000
2018-04-06,378.450012,383.600006,374.649994,379.299988,360.631500,2037081,0.000000,0.000000
2018-04-09,380.649994,382.799988,376.350006,377.350006,358.777496,1571745,0.000000,0.000000
2018-04-10,379.000000,390.500000,378.600006,387.250000,368.190216,3493681,0.000000,0.000000
2018-04-11,388.000000,388.149994,375.500000,377.899994,359.300385,2045552,0.000000,0.000000
2018-04-12,378.000000,378.750000,369.250000,372.350006,354.023590,3609657,0.000000,0.000000
2018-04-13,375.799988,386.899994,372.350006,383.100006,364.244476,6485732,0.000000,0.000000
2018-04-16,381.750000,389.000000,379.250000,387.500000,368.427917,2682231,0.000000,0.000000
2018-04-17,391.500000,393.950012,382.000000,383.399994,364.529724,3770554,0.000000,0.000000
2018-04-18,385.250000,387.700012,380.200012,384.950012,366.003448,2568988,0.000000,0.000000
2018-04-19,387.299988,390.700012,383.450012,386.549988,367.524628,2848405,0.000000,0.000000
2018-04-20,386.000000,387.250000,378.950012,381.149994,362.390442,2178241,0.000000,0.000000
2018-04-23,381.450012,389.549988,375.549988,386.350006,367.334503,3614484,0.000000,0.000000
2018-04-24,387.250000,394.500000,387.100006,392.250000,372.944122,3093161,0.000000,0.000000
2018-04-25,394.000000,397.450012,390.200012,391.899994,372.611298,3205946,0.000000,0.000000
2018-04-26,388.649994,398.500000,388.100006,397.100006,377.555420,3663748,0.000000,0.000000
2018-04-27,398.299988,405.899994,398.299988,402.450012,382.642090,8210865,0.000000,0.000000
2018-04-30,405.799988,411.299988,402.399994,407.299988,387.253387,2264144,0.000000,0.000000
2018-05-02,408.000000,411.200012,397.299988,401.100006,381.358582,3047308,0.000000,0.000000
2018-05-03,399.700012,406.299988,393.549988,397.000000,377.460327,3161687,0.000000,0.000000
2018-05-04,401.950012,409.600006,391.299988,408.250000,388.156616,4782981,0.000000,0.000000
2018-05-07,410.000000,414.299988,405.950012,412.399994,392.102356,2582072,0.000000,0.000000
2018-05-08,413.100006,415.649994,410.100006,412.799988,392.482666,1945992,0.000000,0.000000
2018-05-09,412.100006,415.299988,409.600006,413.350006,393.005646,1408466,0.000000,0.000000
2018-05-10,413.850006,414.399994,409.100006,410.799988,390.581177,1552936,0.000000,0.000000
2018-05-11,412.350006,414.500000,410.850006,412.700012,392.387634,1442596,0.000000,0.000000
2018-05-14,413.950012,414.000000,407.399994,409.950012,389.772949,5517825,0.000000,0.000000
2018-05-15,399.000000,412.000000,397.399994,409.149994,389.012329,3089340,0.000000,0.000000
2018-05-16,407.750000,409.750000,400.250000,403.100006,383.260162,1897907,0.000000,0.000000
2018-05-17,404.000000,405.500000,395.600006,397.899994,378.316071,1614257,0.000000,0.000000
2018-05-18,396.149994,397.100006,384.049988,389.500000,370.329498,3895361,0.000000,0.000000
2018-05-21,389.350006,392.549988,381.500000,383.700012,364.814972,1544488,0.000000,0.000000
2018-05-22,382.700012,389.049988,377.750000,379.750000,361.059357,1861819,0.000000,0.000000
2018-05-23,379.799988,383.100006,373.500000,374.250000,355.830078,1560605,0.000000,0.000000
2018-05-24,374.950012,378.600006,364.700012,371.250000,352.977722,3299522,0.000000,0.000000
2018-05-25,371.500000,382.000000,366.500000,379.899994,361.201904,2372618,0.000000,0.000000
2018-05-28,382.500000,383.450012,376.200012,378.899994,360.251160,1807896,0.000000,0.000000
2018-05-29,379.799988,383.850006,373.200012,377.850006,359.252899,3394813,0.000000,0.000000
2018-05-30,374.000000,378.950012,370.000000,374.399994,355.972687,3110433,0.000000,0.000000
2018-05-31,375.500000,397.600006,369.250000,392.149994,372.849030,11133305,0.000000,0.000000
2018-06-01,394.100006,395.399994,382.299988,387.600006,368.523041,3219572,0.000000,0.000000
2018-06-04,388.000000,388.950012,376.049988,378.549988,359.918396,2481566,0.000000,0.000000
2018-06-05,378.750000,379.350006,371.500000,373.600006,355.212067,2767220,0.000000,0.000000
2018-06-06,374.000000,377.500000,373.350006,375.799988,357.303772,3927114,0.000000,0.000000
2018-06-07,378.000000,384.799988,376.549988,380.049988,361.344604,1770108,0.000000,0.000000
2018-06-08,381.000000,382.750000,375.100006,380.500000,361.772400,1232441,0.000000,0.000000
2018-06-11,384.000000,387.700012,380.100006,382.299988,363.483826,2030226,0.000000,0.000000
2018-06-12,384.000000,390.750000,382.350006,388.899994,369.759033,1920763,0.000000,0.000000
2018-06-13,391.149994,392.000000,381.600006,382.850006,364.006805,2529140,0.000000,0.000000
2018-06-14,383.649994,383.649994,372.049988,374.450012,356.020264,2398168,0.000000,0.000000
2018-06-15,369.799988,375.899994,369.799988,372.950012,354.594055,7278768,0.000000,0.000000
2018-06-18,373.000000,375.750000,369.200012,370.549988,352.312164,966982,0.000000,0.000000
2018-06-19,369.549988,371.700012,361.399994,362.450012,344.610870,3037612,0.000000,0.000000
2018-06-20,363.000000,366.750000,357.200012,365.649994,347.653320,4112085,0.000000,0.000000
2018-06-21,369.000000,374.799988,365.950012,366.899994,348.841827,4844094,0.000000,0.000000
2018-06-22,364.899994,367.350006,361.200012,365.799988,347.795959,2982451,0.000000,0.000000
2018-06-25,366.000000,367.750000,359.049988,361.149994,343.374786,1716838,0.000000,0.000000
2018-06-26,361.000000,366.549988,356.399994,362.899994,345.038696,1997309,0.000000,0.000000
2018-06-27,362.000000,365.049988,355.149994,361.100006,343.327271,3186106,0.000000,0.000000
2018-06-28,359.700012,364.450012,358.149994,361.799988,343.992828,9627099,0.000000,0.000000
2018-06-29,364.450012,377.399994,359.049988,373.149994,354.784241,3241005,0.000000,0.000000
2018-07-02,371.000000,373.899994,359.149994,362.799988,344.943604,1732427,0.000000,0.000000
2018-07-03,362.500000,365.450012,360.250000,362.750000,344.896118,1488048,0.000000,0.000000
2018-07-04,362.950012,363.500000,355.950012,359.950012,342.233887,1616705,0.000000,0.000000
2018-07-05,361.350006,363.399994,355.600006,361.899994,344.087891,1526982,0.000000,0.000000
2018-07-06,361.899994,370.899994,358.350006,365.750000,347.748444,1549142,0.000000,0.000000
2018-07-09,367.000000,369.899994,365.600006,366.950012,348.889374,1050376,0.000000,0.000000
2018-07-10,367.549988,375.299988,367.549988,370.450012,352.217102,1656692,0.000000,0.000000
2018-07-11,369.899994,378.299988,368.000000,373.500000,355.116974,2480112,0.000000,0.000000
2018-07-12,374.399994,375.700012,368.600006,369.350006,351.171234,1458875,0.000000,0.000000
2018-07-13,374.000000,377.299988,367.500000,370.399994,352.169556,3006407,0.000000,0.000000
2018-07-16,370.500000,372.299988,358.500000,360.049988,342.328918,1340324,0.000000,0.000000
2018-07-17,361.100006,369.200012,360.799988,366.700012,348.651672,1775116,0.000000,0.000000
2018-07-18,365.850006,375.399994,361.750000,364.049988,346.132080,2065237,0.000000,0.000000
2018-07-19,366.399994,371.000000,364.100006,369.600006,351.408966,1537925,0.000000,0.000000
2018-07-20,369.600006,376.899994,366.899994,370.049988,351.836761,1886770,0.000000,0.000000
2018-07-23,370.200012,385.000000,370.000000,383.750000,364.862457,2517823,0.000000,0.000000
2018-07-24,385.399994,394.299988,382.750000,392.600006,373.276917,3937762,0.000000,0.000000
2018-07-25,392.500000,401.450012,391.200012,398.750000,379.124207,4308866,0.000000,0.000000
2018-07-26,395.799988,402.000000,394.700012,399.299988,381.560913,2388169,2.000000,0.000000
2018-07-27,402.450012,402.450012,391.149994,394.649994,377.117523,2966414,0.000000,0.000000
2018-07-30,395.000000,397.500000,387.649994,390.799988,373.438568,1649794,0.000000,0.000000
2018-07-31,389.750000,401.500000,386.149994,399.750000,381.990967,2502908,0.000000,0.000000
2018-08-01,402.950012,402.950012,395.049988,399.000000,381.274231,1774615,0.000000,0.000000
2018-08-02,397.600006,404.600006,394.000000,399.149994,381.417603,2966243,0.000000,0.000000
2018-08-03,399.049988,403.500000,398.149994,399.549988,381.799805,1632617,0.000000,0.000000
2018-08-06,403.500000,406.399994,395.299988,397.350006,379.697571,2817990,0.000000,0.000000
2018-08-07,393.500000,394.450012,369.200012,372.299988,355.760376,9635697,0.000000,0.000000
2018-08-08,375.000000,376.549988,369.649994,374.600006,357.958221,3276532,0.000000,0.000000
2018-08-09,376.000000,381.000000,371.549988,378.000000,361.207214,1992284,0.000000,0.000000
2018-08-10,377.299988,382.100006,376.000000,379.299988,362.449463,1142258,0.000000,0.000000
2018-08-13,378.000000,379.600006,374.649994,377.149994,360.394958,1438549,0.000000,0.000000
2018-08-14,377.549988,378.700012,371.000000,373.149994,356.572693,1501909,0.000000,0.000000
2018-08-16,372.000000,374.100006,367.299988,370.299988,353.849213,2376448,0.000000,0.000000
2018-08-17,371.000000,379.100006,371.000000,374.100006,357.480438,1983257,0.000000,0.000000
2018-08-20,376.399994,379.500000,374.149994,378.250000,361.446075,1280487,0.000000,0.000000
2018-08-21,378.549988,382.000000,375.399994,377.950012,361.159424,1592878,0.000000,0.000000
2018-08-23,379.700012,385.600006,372.500000,384.500000,367.418457,2012760,0.000000,0.000000
2018-08-24,385.000000,387.799988,375.000000,376.750000,360.012756,2085488,0.000000,0.000000
2018-08-27,378.000000,382.299988,375.549988,378.649994,361.828278,2055581,0.000000,0.000000
2018-08-28,380.399994,388.399994,376.149994,386.950012,369.759644,5128415,0.000000,0.000000
2018-08-29,383.250000,393.299988,383.250000,385.899994,368.756226,3234342,0.000000,0.000000
2018-08-30,386.200012,389.200012,380.100006,383.750000,366.701721,3566612,0.000000,0.000000
2018-08-31,384.000000,394.000000,381.200012,383.149994,366.128387,3931829,0.000000,0.000000
2018-09-03,384.000000,392.950012,378.450012,384.450012,367.370667,2744322,0.000000,0.000000
2018-09-04,384.549988,386.950012,372.450012,373.750000,357.145996,2960605,0.000000,0.000000
2018-09-05,374.299988,380.500000,368.500000,379.200012,362.353882,2276777,0.000000,0.000000
2018-09-06,381.500000,387.500000,374.649994,384.799988,367.705109,1820623,0.000000,0.000000
2018-09-07,383.049988,385.600006,375.649994,377.450012,360.681671,1859785,0.000000,0.000000
2018-09-10,375.649994,382.950012,370.600006,371.950012,355.425934,3129554,0.000000,0.000000
2018-09-11,373.899994,377.850006,363.000000,364.649994,348.450256,2452935,0.000000,0.000000
2018-09-12,366.700012,377.450012,364.799988,376.049988,359.343811,3711887,0.000000,0.000000
2018-09-14,376.799988,385.899994,376.100006,380.100006,363.213867,2937705,0.000000,0.000000
2018-09-17,377.299988,384.000000,376.299988,380.799988,363.882782,1401771,0.000000,0.000000
2018-09-18,383.600006,388.000000,377.100006,379.549988,362.688324,2692099,0.000000,0.000000
2018-09-19,382.000000,382.100006,371.000000,372.399994,355.855957,2121141,0.000000,0.000000
2018-09-21,373.049988,379.750000,316.549988,361.750000,345.679138,3241191,0.000000,0.000000
2018-09-24,364.350006,366.000000,338.500000,345.850006,330.485474,3415863,0.000000,0.000000
2018-09-25,345.100006,349.450012,324.299988,337.950012,322.936432,5028005,0.000000,0.000000
2018-09-26,340.500000,344.899994,330.600006,338.549988,323.509766,3424347,0.000000,0.000000
2018-09-27,338.549988,344.950012,330.149994,335.250000,320.356354,4896009,0.000000,0.000000
2018-09-28,335.250000,341.000000,326.500000,328.899994,314.288452,4653499,0.000000,0.000000
2018-10-01,328.000000,334.399994,320.000000,330.350006,315.674042,4159563,0.000000,0.000000
2018-10-03,327.299988,338.000000,326.399994,329.750000,315.100677,4438442,0.000000,0.000000
2018-10-04,324.700012,329.399994,314.000000,317.049988,302.964935,4508937,0.000000,0.000000
2018-10-05,317.100006,318.399994,298.000000,301.799988,288.392395,7177862,0.000000,0.000000
2018-10-08,301.799988,305.600006,294.100006,304.350006,290.829132,5915306,0.000000,0.000000
2018-10-09,304.000000,324.000000,302.500000,318.750000,304.589386,5771005,0.000000,0.000000
2018-10-10,318.700012,332.899994,316.000000,327.100006,312.568451,2734052,0.000000,0.000000
2018-10-11,320.000000,324.850006,311.100006,313.500000,299.572632,2739752,0.000000,0.000000
2018-10-12,317.000000,327.850006,317.000000,323.149994,308.793915,2428109,0.000000,0.000000
2018-10-15,326.000000,326.399994,315.149994,321.250000,306.978363,1925052,0.000000,0.000000
2018-10-16,323.399994,335.799988,321.899994,333.350006,318.540771,4764262,0.000000,0.000000
2018-10-17,337.500000,339.299988,309.600006,313.899994,299.954803,3323311,0.000000,0.000000
2018-10-19,313.950012,320.250000,305.350006,315.350006,301.340454,2731598,0.000000,0.000000
2018-10-22,318.700012,324.899994,308.950012,315.399994,301.388214,4606057,0.000000,0.000000
2018-10-23,317.350006,320.700012,311.000000,319.000000,304.828278,3893139,0.000000,0.000000
2018-10-24,325.000000,329.399994,307.399994,314.149994,300.193756,7675048,0.000000,0.000000
2018-10-25,311.899994,312.899994,298.700012,305.600006,292.023621,4584103,0.000000,0.000000
2018-10-26,307.000000,310.549988,301.450012,304.100006,290.590210,4704344,0.000000,0.000000
2018-10-29,305.100006,327.950012,303.000000,326.399994,311.899506,5379930,0.000000,0.000000
2018-10-30,324.000000,335.399994,320.000000,322.600006,308.268341,4301781,0.000000,0.000000
2018-10-31,324.600006,324.950012,313.250000,318.850006,304.684937,6383757,0.000000,0.000000
2018-11-01,322.700012,326.600006,313.899994,318.299988,304.159363,5167082,0.000000,0.000000
2018-11-02,321.700012,340.149994,319.399994,333.600006,318.779663,7387791,0.000000,0.000000
2018-11-05,334.450012,334.450012,326.700012,329.549988,314.909576,3085488,0.000000,0.000000
2018-11-06,331.000000,337.450012,323.149994,325.600006,311.135071,5044028,0.000000,0.000000
2018-11-07,329.000000,329.000000,324.350006,326.200012,311.708405,301934,0.000000,0.000000
2018-11-09,328.000000,338.850006,326.149994,337.600006,322.601959,3522988,0.000000,0.000000
2018-11-12,339.000000,344.700012,327.299988,328.649994,314.049591,3573699,0.000000,0.000000
2018-11-13,327.649994,335.000000,324.700012,334.100006,319.257446,1738296,0.000000,0.000000
2018-11-14,335.299988,337.000000,329.500000,332.000000,317.250732,2981090,0.000000,0.000000
2018-11-15,334.000000,347.850006,330.000000,346.200012,330.819916,5293256,0.000000,0.000000
2018-11-16,346.000000,351.399994,342.000000,347.450012,332.014374,3619678,0.000000,0.000000
2018-11-19,348.200012,352.000000,342.399994,350.549988,334.976624,2321979,0.000000,0.000000
2018-11-20,349.850006,357.549988,347.000000,355.250000,339.467865,5778336,0.000000,0.000000
2018-11-21,355.250000,362.850006,352.549988,361.250000,345.201385,3161864,0.000000,0.000000
2018-11-22,359.350006,370.899994,359.350006,368.149994,351.794800,4446824,0.000000,0.000000
2018-11-26,368.450012,370.399994,356.000000,369.049988,352.654785,3906643,0.000000,0.000000
2018-11-27,368.450012,373.000000,363.200012,369.049988,352.654785,4995025,0.000000,0.000000
2018-11-28,368.200012,369.000000,362.250000,365.399994,349.166992,2583045,0.000000,0.000000
2018-11-29,366.500000,371.350006,363.200012,369.799988,353.371460,3425961,0.000000,0.000000
2018-11-30,369.799988,374.600006,363.600006,365.649994,349.405853,4137466,0.000000,0.000000
2018-12-03,367.450012,379.899994,365.000000,375.649994,358.961609,4303979,0.000000,0.000000
2018-12-04,374.450012,375.649994,370.649994,373.799988,357.193787,2615507,0.000000,0.000000
2018-12-05,375.000000,376.750000,372.700012,374.750000,358.101593,4847267,0.000000,0.000000
2018-12-06,372.899994,375.299988,362.600006,363.950012,347.781372,6200377,0.000000,0.000000
2018-12-07,364.799988,374.600006,363.750000,373.450012,356.859375,3286454,0.000000,0.000000
2018-12-10,360.100006,365.500000,357.600006,359.149994,343.194580,2917295,0.000000,0.000000
2018-12-11,347.000000,363.549988,347.000000,355.750000,339.945618,6177739,0.000000,0.000000
2018-12-12,357.000000,376.149994,355.549988,374.450012,357.814880,2845017,0.000000,0.000000
2018-12-13,374.899994,376.450012,370.000000,371.049988,354.565887,2369770,0.000000,0.000000
2018-12-14,370.000000,371.149994,367.000000,368.600006,352.224792,2380991,0.000000,0.000000
2018-12-17,369.149994,377.600006,369.149994,371.399994,354.900391,3175781,0.000000,0.000000
2018-12-18,369.000000,374.350006,365.000000,372.899994,356.333801,2687027,0.000000,0.000000
2018-12-19,373.899994,377.350006,372.000000,375.850006,359.152710,1607147,0.000000,0.000000
2018-12-20,374.200012,376.850006,369.000000,375.149994,358.483795,2746343,0.000000,0.000000
2018-12-21,374.299988,379.500000,359.149994,361.100006,345.057983,10909545,0.000000,0.000000
2018-12-24,361.250000,366.750000,358.299988,361.100006,345.057983,2268806,0.000000,0.000000
2018-12-26,360.200012,378.500000,357.500000,376.549988,359.821625,4519020,0.000000,0.000000
2018-12-27,379.250000,385.799988,373.649994,384.000000,366.940643,5043675,0.000000,0.000000
2018-12-28,384.950012,390.750000,384.000000,387.399994,370.189575,3282766,0.000000,0.000000
2018-12-31,387.200012,389.950012,385.649994,387.700012,370.476257,2062181,0.000000,0.000000
2019-01-01,386.299988,390.899994,384.049988,389.000000,371.718506,1233249,0.000000,0.000000
2019-01-02,388.000000,388.950012,378.000000,381.299988,364.360596,1506543,0.000000,0.000000
2019-01-03,382.399994,385.299988,376.600006,378.100006,361.302734,1902063,0.000000,0.000000
2019-01-04,378.649994,383.950012,375.850006,382.149994,365.172821,1669709,0.000000,0.000000
2019-01-07,385.000000,386.950012,379.350006,381.649994,364.695038,1260331,0.000000,0.000000
2019-01-08,383.000000,383.000000,375.750000,378.750000,361.923889,2154121,0.000000,0.000000
2019-01-09,382.000000,382.000000,373.299988,377.299988,360.538269,1166498,0.000000,0.000000
2019-01-10,377.950012,381.799988,376.950012,380.250000,363.357208,1286641,0.000000,0.000000
2019-01-11,380.299988,381.000000,375.100006,377.149994,360.394958,1829555,0.000000,0.000000
2019-01-14,377.000000,377.000000,372.399994,374.450012,357.814880,927301,0.000000,0.000000
2019-01-15,375.000000,386.000000,375.000000,385.149994,368.039551,1965520,0.000000,0.000000
2019-01-16,385.299988,390.700012,379.200012,389.299988,372.005188,2847403,0.000000,0.000000
2019-01-17,391.200012,395.450012,386.500000,394.500000,376.974152,4156932,0.000000,0.000000
2019-01-18,396.500000,399.950012,392.250000,399.299988,381.560913,3617922,0.000000,0.000000
2019-01-21,397.500000,402.700012,392.100006,396.200012,378.598663,2563705,0.000000,0.000000
2019-01-22,393.399994,394.700012,387.100006,390.600006,373.247437,3328908,0.000000,0.000000
2019-01-23,390.000000,392.000000,383.600006,385.200012,368.087311,3653992,0.000000,0.000000
2019-01-24,386.000000,386.500000,377.600006,380.950012,364.026184,3633336,0.000000,0.000000
2019-01-25,382.500000,383.750000,372.250000,373.850006,357.241547,4760625,0.000000,0.000000
2019-01-28,374.950012,375.350006,292.100006,326.100006,311.612854,15177384,0.000000,0.000000
2019-01-29,330.000000,354.600006,327.600006,349.250000,333.734406,9816333,0.000000,0.000000
2019-01-30,349.049988,349.049988,335.600006,338.149994,323.127502,7672859,0.000000,0.000000
2019-01-31,339.899994,341.700012,330.200012,338.649994,323.605286,6403921,0.000000,0.000000
2019-02-01,339.899994,346.799988,333.350006,338.450012,323.414185,3119675,0.000000,0.000000
2019-02-04,337.250000,338.799988,329.049988,335.649994,320.738556,4517829,0.000000,0.000000
2019-02-05,333.100006,340.950012,330.750000,339.799988,324.704193,3262960,0.000000,0.000000
2019-02-06,338.799988,341.799988,318.850006,330.350006,315.674042,6687853,0.000000,0.000000
2019-02-07,330.549988,336.350006,322.600006,332.350006,317.585205,4871712,0.000000,0.000000
2019-02-08,333.000000,336.500000,328.000000,331.500000,316.772949,2915806,0.000000,0.000000
2019-02-11,332.950012,333.950012,318.399994,328.799988,314.192871,3783848,0.000000,0.000000
2019-02-12,328.799988,329.950012,323.250000,326.799988,312.281708,4496913,0.000000,0.000000
2019-02-14,342.000000,352.200012,340.049988,349.100006,333.591064,6612759,0.000000,0.000000
2019-02-15,347.549988,352.899994,347.299988,350.149994,334.594452,7728519,0.000000,0.000000
2019-02-18,348.000000,352.899994,345.549988,347.299988,331.871002,6875440,0.000000,0.000000
2019-02-19,347.500000,348.500000,337.549988,339.549988,324.465302,3300497,0.000000,0.000000
2019-02-20,342.000000,356.350006,340.950012,354.750000,338.990051,4885571,0.000000,0.000000
2019-02-21,352.100006,359.250000,350.799988,355.750000,339.945618,4089677,0.000000,0.000000
2019-02-22,353.549988,358.600006,352.700012,354.299988,338.560028,1719606,0.000000,0.000000
2019-02-25,329.000000,339.549988,320.600006,324.549988,310.131714,21795407,0.000000,0.000000
2019-02-26,324.000000,326.500000,315.750000,323.500000,309.128357,14243781,0.000000,0.000000
2019-02-27,326.549988,332.299988,322.600006,325.250000,310.800629,5738757,0.000000,0.000000
2019-02-28,328.700012,329.700012,325.149994,325.850006,311.373962,5059506,0.000000,0.000000
2019-03-01,328.799988,334.799988,327.000000,333.200012,318.397430,4756894,0.000000,0.000000
2019-03-05,333.250000,340.500000,330.500000,339.250000,324.178650,5098498,0.000000,0.000000
2019-03-06,342.500000,349.200012,334.049988,337.049988,322.076416,7949482,0.000000,0.000000
2019-03-07,338.000000,342.500000,335.000000,340.899994,325.755371,3047318,0.000000,0.000000
2019-03-08,340.899994,342.950012,338.100006,342.149994,326.949860,2265000,0.000000,0.000000
2019-03-11,343.200012,352.899994,342.149994,351.299988,335.693298,2918059,0.000000,0.000000
2019-03-12,352.549988,365.149994,351.600006,361.049988,345.010193,5386817,0.000000,0.000000
2019-03-13,361.450012,369.399994,357.799988,367.149994,350.839203,3888377,0.000000,0.000000
2019-03-14,367.000000,369.200012,360.200012,366.000000,349.740326,1775804,0.000000,0.000000
2019-03-15,366.250000,368.950012,361.500000,367.100006,350.791473,3057825,0.000000,0.000000
2019-03-18,365.049988,375.799988,365.049988,369.000000,352.607025,3037029,0.000000,0.000000
2019-03-19,370.000000,372.000000,362.500000,365.750000,349.501404,1933040,0.000000,0.000000
2019-03-20,367.000000,367.549988,359.500000,360.600006,344.580200,2925322,0.000000,0.000000
2019-03-22,359.600006,362.000000,355.299988,360.750000,344.723541,3229387,0.000000,0.000000
2019-03-25,358.899994,363.000000,353.149994,361.350006,345.296875,3162063,0.000000,0.000000
2019-03-26,361.350006,369.850006,361.350006,368.600006,352.224792,2657710,0.000000,0.000000
2019-03-27,367.200012,371.700012,364.200012,366.299988,350.026947,2965654,0.000000,0.000000
2019-03-28,368.850006,382.649994,366.299988,381.299988,364.360596,5909606,0.000000,0.000000
2019-04-01,380.950012,386.500000,378.799988,383.049988,366.032806,2479521,0.000000,0.000000
2019-04-02,383.000000,386.000000,377.500000,379.700012,362.831665,1825681,0.000000,0.000000
2019-04-03,380.299988,386.299988,380.000000,382.000000,365.029480,2701443,0.000000,0.000000
2019-04-04,382.000000,382.049988,374.700012,378.250000,361.446075,1397625,0.000000,0.000000
2019-04-05,379.000000,388.899994,377.399994,387.149994,369.950684,2443633,0.000000,0.000000
2019-04-08,388.299988,388.299988,375.149994,379.899994,363.022766,2624528,0.000000,0.000000
2019-04-09,379.750000,381.600006,373.000000,380.700012,363.787262,1542463,0.000000,0.000000
2019-04-10,378.399994,385.399994,375.200012,383.450012,366.415070,2067637,0.000000,0.000000
2019-04-11,382.500000,383.000000,377.500000,379.450012,362.592834,1621369,0.000000,0.000000
2019-04-12,379.200012,387.000000,377.299988,385.649994,368.517303,2146541,0.000000,0.000000
2019-04-15,385.000000,389.000000,382.750000,387.049988,369.855103,2070828,0.000000,0.000000
2019-04-16,387.049988,396.549988,386.100006,395.649994,378.073059,3728013,0.000000,0.000000
2019-04-18,395.000000,395.500000,388.899994,390.549988,373.199646,3218018,0.000000,0.000000
2019-04-22,388.399994,391.799988,384.250000,391.049988,373.677399,2279282,0.000000,0.000000
2019-04-23,389.549988,391.700012,385.549988,390.899994,373.534088,2424827,0.000000,0.000000
2019-04-24,387.700012,394.000000,386.100006,391.750000,374.346313,1674322,0.000000,0.000000
2019-04-25,390.000000,392.899994,387.649994,389.250000,371.957397,5163069,0.000000,0.000000
2019-04-26,387.299988,393.700012,385.649994,391.750000,374.346313,1681376,0.000000,0.000000
2019-04-30,391.149994,393.950012,384.799988,392.799988,375.349670,2502107,0.000000,0.000000
2019-05-02,392.799988,397.000000,390.149994,395.299988,377.738617,2139442,0.000000,0.000000
2019-05-03,393.000000,398.399994,385.049988,387.250000,370.046265,1863548,0.000000,0.000000
2019-05-06,386.000000,386.049988,378.450012,379.799988,362.927216,1648057,0.000000,0.000000
2019-05-07,381.000000,383.950012,370.100006,371.899994,355.378143,1628805,0.000000,0.000000
2019-05-08,370.049988,374.899994,367.700012,369.799988,353.371460,1688110,0.000000,0.000000
2019-05-09,369.899994,370.700012,361.100006,363.899994,347.733582,1315271,0.000000,0.000000
2019-05-10,363.899994,378.700012,363.899994,372.549988,355.999329,3030255,0.000000,0.000000
2019-05-13,369.899994,372.299988,362.950012,364.750000,348.545807,1520562,0.000000,0.000000
2019-05-14,362.899994,373.799988,362.000000,370.549988,354.088165,3050760,0.000000,0.000000
2019-05-15,371.000000,375.000000,359.100006,360.149994,344.150208,2499138,0.000000,0.000000
2019-05-16,361.000000,374.000000,361.000000,371.500000,354.995972,3157194,0.000000,0.000000
2019-05-17,368.799988,372.799988,362.000000,367.100006,350.791473,3059404,0.000000,0.000000
2019-05-20,388.500000,408.200012,376.049988,400.100006,382.325409,10973781,0.000000,0.000000
2019-05-21,409.000000,411.399994,385.299988,387.600006,370.380676,9115899,0.000000,0.000000
2019-05-22,389.000000,393.450012,378.399994,385.950012,368.803986,4543570,0.000000,0.000000
2019-05-23,398.950012,430.600006,392.149994,407.549988,389.444427,23021274,0.000000,0.000000
2019-05-24,408.450012,414.850006,399.500000,410.250000,392.024445,9272570,0.000000,0.000000
2019-05-27,409.250000,417.299988,405.600006,412.399994,394.078918,5088602,0.000000,0.000000
2019-05-28,420.000000,426.799988,408.700012,412.649994,394.317810,18296760,0.000000,0.000000
2019-05-29,412.299988,412.950012,404.299988,406.549988,388.488831,2511011,0.000000,0.000000
2019-05-30,406.549988,411.799988,401.600006,409.299988,391.116669,5598272,0.000000,0.000000
2019-05-31,408.799988,417.700012,407.350006,416.399994,397.901215,4217665,0.000000,0.000000
2019-06-03,416.399994,426.350006,412.100006,424.750000,405.880310,3852273,0.000000,0.000000
2019-06-04,423.399994,429.850006,417.399994,425.549988,406.644714,7683485,0.000000,0.000000
2019-06-06,428.149994,429.500000,420.799988,426.299988,407.361389,4848580,0.000000,0.000000
2019-06-07,426.299988,427.399994,419.450012,425.200012,406.310303,2648848,0.000000,0.000000
2019-06-10,424.100006,429.500000,420.600006,425.750000,406.835846,2374282,0.000000,0.000000
2019-06-11,424.700012,427.799988,423.149994,426.299988,407.361389,1707108,0.000000,0.000000
2019-06-12,425.250000,429.399994,423.000000,424.950012,406.071472,2329686,0.000000,0.000000
2019-06-13,424.000000,426.299988,422.500000,424.950012,406.071472,2925612,0.000000,0.000000
2019-06-14,424.950012,428.149994,423.750000,426.399994,407.457001,2745328,0.000000,0.000000
2019-06-17,426.000000,426.350006,422.100006,422.850006,404.064697,2736051,0.000000,0.000000
2019-06-18,424.899994,425.700012,418.600006,421.399994,402.679108,3509487,0.000000,0.000000
2019-06-19,423.500000,424.850006,400.700012,407.700012,389.587769,5938743,0.000000,0.000000
2019-06-20,397.950012,412.600006,389.700012,401.200012,383.376526,8383317,0.000000,0.000000
2019-06-21,402.149994,407.649994,397.649994,402.000000,384.140991,4710025,0.000000,0.000000
2019-06-24,400.000000,407.399994,399.799988,406.000000,387.963318,2582740,0.000000,0.000000
2019-06-25,404.000000,407.200012,402.649994,405.649994,387.628815,2099347,0.000000,0.000000
2019-06-26,405.399994,417.600006,404.000000,414.950012,396.515656,3327963,0.000000,0.000000
2019-06-27,415.250000,418.299988,404.700012,406.500000,388.441040,8841636,0.000000,0.000000
2019-06-28,408.700012,413.350006,407.000000,410.200012,391.976746,2148799,0.000000,0.000000
2019-07-01,412.000000,414.000000,408.500000,413.250000,394.891174,1457022,0.000000,0.000000
2019-07-02,413.000000,416.450012,409.399994,414.049988,395.655609,1671598,0.000000,0.000000
2019-07-03,414.000000,419.500000,414.000000,414.899994,396.467865,2542307,0.000000,0.000000
2019-07-04,416.000000,417.250000,413.350006,414.899994,396.467865,1101623,0.000000,0.000000
2019-07-05,416.399994,416.500000,400.549988,402.450012,384.571014,1670037,0.000000,0.000000
2019-07-08,401.000000,404.450012,395.950012,397.799988,380.127594,1648021,0.000000,0.000000
2019-07-09,397.700012,406.000000,392.649994,405.000000,387.007690,1952280,0.000000,0.000000
2019-07-10,406.950012,408.799988,402.350006,405.000000,387.007690,2023029,0.000000,0.000000
2019-07-11,408.200012,413.700012,403.899994,412.899994,394.556732,1732979,0.000000,0.000000
2019-07-12,411.950012,419.399994,409.600006,415.299988,396.850098,2818537,0.000000,0.000000
2019-07-15,413.549988,416.200012,408.100006,409.100006,390.925568,2601603,0.000000,0.000000
2019-07-16,411.649994,421.500000,407.649994,417.750000,399.191254,2111513,0.000000,0.000000
2019-07-17,420.200012,421.100006,414.299988,417.049988,398.522400,1698318,0.000000,0.000000
2019-07-18,416.700012,419.299988,410.750000,412.399994,394.078918,1300071,0.000000,0.000000
2019-07-19,414.549988,416.649994,401.750000,405.500000,387.485504,1894624,0.000000,0.000000
2019-07-22,403.799988,409.500000,396.500000,407.200012,389.109985,1941825,0.000000,0.000000
2019-07-23,409.000000,409.000000,398.000000,399.750000,381.990967,2835920,0.000000,0.000000
2019-07-24,400.000000,400.549988,378.000000,380.799988,363.882782,4748109,0.000000,0.000000
2019-07-25,380.799988,385.549988,377.000000,380.350006,363.452789,2998970,0.000000,0.000000
2019-07-26,380.649994,384.399994,377.200012,381.649994,364.886902,2701597,0.200000,0.000000
2019-07-29,381.549988,382.799988,372.000000,373.850006,357.429504,1888927,0.000000,0.000000
2019-07-30,376.600006,379.899994,371.100006,373.450012,357.047119,2312161,0.000000,0.000000
2019-07-31,373.000000,381.799988,368.649994,377.549988,360.966980,2429787,0.000000,0.000000
2019-08-01,376.000000,377.850006,366.299988,371.100006,354.800354,1720133,0.000000,0.000000
2019-08-02,368.500000,379.750000,363.649994,375.450012,358.959259,3029294,0.000000,0.000000
2019-08-05,372.000000,372.000000,359.149994,367.850006,351.693054,2432675,0.000000,0.000000
2019-08-06,365.600006,378.600006,365.250000,376.950012,360.393372,3719169,0.000000,0.000000
2019-08-07,379.549988,379.549988,365.649994,372.250000,355.899780,3419644,0.000000,0.000000
2019-08-08,378.000000,379.500000,367.450012,373.950012,357.525085,3397923,0.000000,0.000000
2019-08-09,377.700012,380.500000,374.250000,376.600006,360.058746,2223023,0.000000,0.000000
2019-08-13,376.399994,379.549988,359.100006,360.549988,344.713654,2576776,0.000000,0.000000
2019-08-14,361.549988,363.000000,356.600006,358.850006,343.088348,4506969,0.000000,0.000000
2019-08-16,356.049988,358.549988,350.000000,357.350006,341.654236,4433448,0.000000,0.000000
2019-08-19,357.600006,363.399994,356.500000,357.399994,341.701996,2152462,0.000000,0.000000
2019-08-20,357.399994,359.750000,352.000000,354.950012,339.359619,1767899,0.000000,0.000000
2019-08-21,355.000000,355.000000,348.399994,350.700012,335.296295,1459740,0.000000,0.000000
2019-08-22,348.799988,348.799988,340.799988,345.049988,329.894440,2171160,0.000000,0.000000
2019-08-23,346.399994,354.149994,339.649994,349.350006,334.005615,2246560,0.000000,0.000000
2019-08-26,366.000000,375.000000,349.350006,368.200012,352.027710,4974219,0.000000,0.000000
2019-08-27,370.299988,374.250000,367.299988,372.049988,355.708557,3040184,0.000000,0.000000
2019-08-28,373.100006,374.250000,364.049988,365.950012,349.876495,2186454,0.000000,0.000000
2019-08-29,367.000000,370.299988,361.299988,366.200012,350.115540,1725632,0.000000,0.000000
2019-08-30,368.450012,368.850006,359.399994,365.700012,349.637512,2313806,0.000000,0.000000
2019-09-03,362.700012,367.149994,359.549988,361.299988,345.430756,1638833,0.000000,0.000000
2019-09-04,361.299988,365.750000,356.649994,364.350006,348.346771,1846644,0.000000,0.000000
2019-09-05,365.700012,367.750000,361.250000,366.549988,350.450134,1642165,0.000000,0.000000
2019-09-06,368.000000,368.700012,363.799988,365.750000,349.685272,2366109,0.000000,0.000000
2019-09-09,365.799988,371.799988,363.649994,369.549988,353.318329,2954338,0.000000,0.000000
2019-09-11,371.200012,374.950012,366.500000,373.350006,356.951447,3341392,0.000000,0.000000
2019-09-12,375.000000,376.200012,370.500000,372.450012,356.090973,2625251,0.000000,0.000000
2019-09-13,376.500000,377.000000,370.399994,374.200012,357.764130,2925109,0.000000,0.000000
2019-09-16,373.000000,373.799988,368.100006,370.600006,354.322266,2561643,0.000000,0.000000
2019-09-17,370.600006,373.250000,362.799988,365.299988,349.255035,2609989,0.000000,0.000000
2019-09-18,365.000000,368.299988,364.200012,366.350006,350.258942,1469778,0.000000,0.000000
2019-09-19,366.299988,366.500000,357.850006,361.899994,346.004364,1317155,0.000000,0.000000
2019-09-20,362.450012,384.799988,361.000000,380.700012,363.978668,6134710,0.000000,0.000000
2019-09-23,394.000000,417.500000,386.100006,410.950012,392.899963,6695717,0.000000,0.000000
2019-09-24,409.950012,417.500000,403.950012,413.850006,395.672607,3112368,0.000000,0.000000
2019-09-25,409.299988,417.950012,409.100006,414.799988,396.580811,2997555,0.000000,0.000000
2019-09-26,412.200012,420.600006,412.000000,419.149994,400.739807,8639414,0.000000,0.000000
2019-09-27,418.000000,420.500000,406.100006,408.600006,390.653168,3789544,0.000000,0.000000
2019-09-30,403.000000,415.549988,401.450012,413.950012,395.768219,3152658,0.000000,0.000000
2019-10-01,415.200012,417.899994,401.600006,404.049988,386.303009,2532760,0.000000,0.000000
2019-10-03,403.500000,406.200012,398.600006,403.899994,386.159607,2619077,0.000000,0.000000
2019-10-04,405.500000,407.250000,392.950012,394.600006,377.268127,1610595,0.000000,0.000000
2019-10-07,396.000000,400.750000,390.649994,395.250000,377.889587,1399825,0.000000,0.000000
2019-10-09,396.350006,402.850006,391.549988,400.450012,382.861176,3905912,0.000000,0.000000
2019-10-10,397.799988,401.600006,395.600006,399.899994,382.335327,3034826,0.000000,0.000000
2019-10-11,401.250000,410.250000,395.899994,409.049988,391.083405,2283201,0.000000,0.000000
2019-10-14,410.899994,413.000000,404.799988,407.450012,389.553711,3313476,0.000000,0.000000
2019-10-15,408.850006,414.500000,407.450012,413.750000,395.576935,2434978,0.000000,0.000000
2019-10-16,413.000000,413.750000,403.600006,410.000000,391.991699,2008661,0.000000,0.000000
2019-10-17,409.100006,411.200012,404.600006,409.149994,391.179016,2478950,0.000000,0.000000
2019-10-18,410.000000,423.799988,408.000000,421.700012,403.177795,4047650,0.000000,0.000000
2019-10-22,421.500000,428.850006,417.100006,420.750000,402.269501,2380735,0.000000,0.000000
2019-10-23,418.000000,419.000000,395.000000,396.100006,378.702209,6752056,0.000000,0.000000
2019-10-24,399.000000,401.450012,393.350006,399.149994,381.618256,6433637,0.000000,0.000000
2019-10-25,402.950012,402.950012,396.850006,398.950012,381.427032,3272059,0.000000,0.000000
2019-10-27,402.250000,402.250000,398.549988,399.799988,382.239746,110114,0.000000,0.000000
2019-10-29,401.000000,401.000000,398.149994,398.950012,381.427032,2269051,0.000000,0.000000
2019-10-30,399.200012,405.000000,395.500000,398.100006,380.614380,5590453,0.000000,0.000000
2019-10-31,399.250000,400.000000,393.649994,395.799988,378.415375,2529130,0.000000,0.000000
2019-11-01,396.000000,397.250000,387.850006,389.750000,372.631104,3665336,0.000000,0.000000
2019-11-04,390.000000,394.950012,389.750000,391.000000,373.826202,3146855,0.000000,0.000000
2019-11-05,391.700012,392.899994,386.500000,390.000000,372.870117,1395899,0.000000,0.000000
2019-11-06,390.000000,394.399994,388.500000,391.000000,373.826202,2277683,0.000000,0.000000
2019-11-07,390.500000,392.000000,388.049988,390.450012,373.300415,1615593,0.000000,0.000000
2019-11-08,391.200012,391.200012,385.500000,386.149994,369.189209,1206504,0.000000,0.000000
2019-11-11,386.149994,389.149994,382.500000,387.899994,370.862396,2300763,0.000000,0.000000
2019-11-13,391.000000,391.799988,369.399994,370.799988,354.513458,5392849,0.000000,0.000000
2019-11-14,371.899994,374.100006,365.850006,369.100006,352.888184,2662084,0.000000,0.000000
2019-11-15,369.100006,370.899994,365.500000,366.299988,350.211090,2362065,0.000000,0.000000
2019-11-18,366.299988,367.450012,364.100006,365.649994,349.589691,1835202,0.000000,0.000000
2019-11-19,367.500000,368.149994,361.549988,364.049988,348.059937,2758083,0.000000,0.000000
2019-11-20,364.500000,377.100006,364.000000,366.700012,350.593597,6385953,0.000000,0.000000
2019-11-21,368.000000,376.250000,368.000000,372.100006,355.756378,6556285,0.000000,0.000000
2019-11-22,372.250000,375.549988,370.450012,371.450012,355.134949,3679373,0.000000,0.000000
2019-11-25,372.000000,379.200012,371.500000,374.700012,358.242188,3050808,0.000000,0.000000
2019-11-26,377.049988,378.000000,368.450012,370.399994,354.131012,4348236,0.000000,0.000000
2019-11-27,372.000000,374.350006,367.250000,372.950012,356.569061,1417796,0.000000,0.000000
2019-11-28,376.000000,377.700012,370.500000,372.600006,356.234436,1649478,0.000000,0.000000
2019-11-29,372.000000,384.950012,370.799988,382.049988,365.269318,30111277,0.000000,0.000000
2019-12-02,381.100006,383.350006,375.850006,377.750000,361.158173,3783084,0.000000,0.000000
2019-12-03,380.000000,380.000000,359.549988,361.950012,346.052185,4189825,0.000000,0.000000
2019-12-04,361.500000,370.350006,357.350006,367.850006,351.693054,4369308,0.000000,0.000000
2019-12-05,368.000000,373.600006,365.149994,368.399994,352.218872,3179935,0.000000,0.000000
2019-12-06,370.649994,371.299988,363.399994,366.149994,350.067749,2376977,0.000000,0.000000
2019-12-09,368.250000,377.500000,364.950012,373.600006,357.190491,4988293,0.000000,0.000000
2019-12-10,373.899994,375.850006,366.049988,366.899994,350.784760,2108098,0.000000,0.000000
2019-12-11,368.950012,370.850006,365.000000,369.700012,353.461823,1710192,0.000000,0.000000
2019-12-12,371.450012,376.500000,370.899994,372.500000,356.138763,2012086,0.000000,0.000000
2019-12-13,372.549988,380.899994,372.549988,376.950012,360.393372,2699035,0.000000,0.000000
2019-12-16,377.250000,380.450012,366.950012,368.350006,352.171082,3579883,0.000000,0.000000
2019-12-17,369.200012,373.000000,367.549988,371.250000,354.943726,4226416,0.000000,0.000000
2019-12-18,372.100006,375.799988,369.100006,374.500000,358.050934,3960881,0.000000,0.000000
2019-12-19,374.000000,374.250000,367.600006,369.649994,353.414001,2769484,0.000000,0.000000
2019-12-20,370.200012,378.000000,370.200012,372.299988,355.947540,10808900,0.000000,0.000000
2019-12-23,372.049988,374.200012,364.250000,366.899994,350.784760,4275342,0.000000,0.000000
2019-12-24,368.000000,372.000000,366.000000,368.600006,352.410095,2948878,0.000000,0.000000
2019-12-26,368.799988,370.600006,362.100006,363.649994,347.677551,2503435,0.000000,0.000000
2019-12-27,366.750000,367.899994,362.799988,363.700012,347.725342,2146972,0.000000,0.000000
2019-12-30,371.000000,371.000000,363.750000,365.950012,349.876495,4732203,0.000000,0.000000
2019-12-31,366.000000,368.649994,364.899994,366.000000,349.924316,2043206,0.000000,0.000000
2020-01-01,368.000000,379.250000,366.000000,377.649994,361.062622,11377167,0.000000,0.000000
2020-01-02,377.950012,384.700012,376.500000,383.149994,366.321014,5919760,0.000000,0.000000
2020-01-03,382.700012,384.350006,379.200012,382.500000,365.699585,3684824,0.000000,0.000000
2020-01-06,388.000000,388.000000,374.750000,380.200012,363.500610,12482680,0.000000,0.000000
2020-01-07,384.049988,389.750000,382.399994,384.799988,367.898560,8091465,0.000000,0.000000
2020-01-08,379.000000,387.600006,378.250000,385.649994,368.711182,4620991,0.000000,0.000000
2020-01-09,389.149994,394.000000,386.049988,391.799988,374.591064,4186783,0.000000,0.000000
2020-01-10,391.799988,394.299988,390.000000,392.049988,374.830109,2405154,0.000000,0.000000
2020-01-13,391.899994,393.899994,389.299988,390.350006,373.204803,1516112,0.000000,0.000000
2020-01-14,391.000000,392.600006,386.000000,389.200012,372.105286,1963128,0.000000,0.000000
2020-01-15,389.299988,391.399994,386.000000,390.799988,373.635040,1536571,0.000000,0.000000
2020-01-16,392.000000,394.600006,389.799988,390.950012,373.778442,1340762,0.000000,0.000000
2020-01-17,390.899994,392.399994,386.000000,387.600006,370.575531,1644832,0.000000,0.000000
2020-01-20,387.649994,389.200012,378.799988,380.049988,363.357178,1760945,0.000000,0.000000
2020-01-21,378.799988,382.000000,375.299988,379.950012,363.261566,2005178,0.000000,0.000000
2020-01-22,379.950012,385.000000,379.000000,383.600006,366.751251,1817459,0.000000,0.000000
2020-01-23,384.450012,386.750000,380.750000,385.850006,368.902435,1202104,0.000000,0.000000
2020-01-24,383.000000,387.399994,380.299988,384.750000,367.850769,1572385,0.000000,0.000000
2020-01-27,383.700012,386.250000,379.799988,381.250000,364.504486,1076027,0.000000,0.000000
2020-01-28,380.700012,381.500000,370.200012,372.950012,356.569061,2220618,0.000000,0.000000
2020-01-29,377.500000,387.750000,373.750000,383.350006,366.512268,3588224,0.000000,0.000000
2020-01-30,381.000000,383.700012,376.850006,378.000000,361.397247,1526892,0.000000,0.000000
2020-01-31,380.049988,381.549988,368.250000,369.399994,353.174927,2912256,0.000000,0.000000
2020-02-03,364.000000,370.000000,355.500000,367.350006,351.214996,2857926,0.000000,0.000000
2020-02-04,370.100006,376.000000,366.350006,372.500000,356.138763,3061868,0.000000,0.000000
2020-02-05,372.000000,372.500000,361.100006,366.600006,350.497955,3441871,0.000000,0.000000
2020-02-06,370.000000,373.200012,367.649994,370.200012,353.939880,4172547,0.000000,0.000000
2020-02-07,370.200012,373.700012,367.200012,369.549988,353.318329,2197903,0.000000,0.000000
2020-02-10,370.049988,373.450012,366.149994,368.250000,352.075439,1537598,0.000000,0.000000
2020-02-11,370.500000,378.399994,369.049988,374.200012,357.764130,2836917,0.000000,0.000000
2020-02-12,376.950012,378.899994,371.600006,374.100006,357.668518,1873710,0.000000,0.000000
2020-02-13,374.000000,374.700012,367.000000,369.100006,352.888184,1602247,0.000000,0.000000
2020-02-14,370.299988,372.000000,366.000000,366.850006,350.736908,1012713,0.000000,0.000000
2020-02-17,366.850006,366.850006,359.399994,362.799988,346.864807,1979626,0.000000,0.000000
2020-02-18,362.500000,368.450012,358.350006,366.600006,350.497955,1693616,0.000000,0.000000
2020-02-19,371.000000,374.450012,367.350006,371.299988,354.991486,2057811,0.000000,0.000000
2020-02-20,371.000000,374.500000,370.000000,370.850006,354.561279,1799254,0.000000,0.000000
2020-02-24,367.649994,371.399994,361.500000,362.250000,346.339020,2070656,0.000000,0.000000
2020-02-25,362.299988,364.700012,355.600006,358.399994,342.658081,2530137,0.000000,0.000000
2020-02-26,356.899994,362.500000,352.899994,358.399994,342.658081,4164401,0.000000,0.000000
2020-02-27,358.700012,360.750000,351.500000,353.700012,338.164520,1977795,0.000000,0.000000
2020-02-28,347.000000,348.649994,339.200012,342.200012,327.169647,4299292,0.000000,0.000000
2020-03-02,346.100006,351.049988,338.299988,340.649994,325.687714,2510491,0.000000,0.000000
2020-03-03,344.000000,349.049988,342.000000,347.299988,332.045593,3671071,0.000000,0.000000
2020-03-04,347.799988,349.799988,339.899994,345.950012,330.754974,3490806,0.000000,0.000000
2020-03-05,347.299988,351.899994,346.500000,349.149994,333.814331,2709900,0.000000,0.000000
2020-03-06,339.799988,343.200012,331.250000,341.399994,326.404785,3966036,0.000000,0.000000
2020-03-09,334.700012,334.700012,316.850006,321.899994,307.761230,3230309,0.000000,0.000000
2020-03-11,322.799988,326.350006,316.200012,320.200012,306.135956,5634335,0.000000,0.000000
2020-03-12,288.200012,301.899994,284.000000,287.649994,275.015625,9895066,0.000000,0.000000
2020-03-13,260.000000,300.700012,232.000000,292.750000,279.891602,21079070,0.000000,0.000000
2020-03-16,273.000000,276.850006,252.000000,261.399994,252.680588,7727458,3.200000,0.000000
2020-03-17,265.000000,283.350006,265.000000,267.149994,258.238831,9691217,0.000000,0.000000
2020-03-18,270.000000,273.000000,256.000000,260.399994,251.713974,5581367,0.000000,0.000000
2020-03-19,248.000000,264.149994,241.000000,258.350006,249.732361,8727962,0.000000,0.000000
2020-03-20,257.600006,264.500000,247.199997,256.399994,247.847397,7028900,0.000000,0.000000
2020-03-23,235.000000,235.800003,203.000000,207.800003,200.868546,5716748,0.000000,0.000000
2020-03-24,216.000000,238.750000,212.600006,231.750000,224.019638,9694177,0.000000,0.000000
2020-03-25,222.300003,266.500000,222.300003,255.600006,247.074097,11745146,0.000000,0.000000
2020-03-26,257.649994,260.100006,241.500000,248.199997,239.920929,8701776,0.000000,0.000000
2020-03-27,259.000000,259.600006,244.000000,251.300003,242.917511,4871435,0.000000,0.000000
2020-03-30,248.000000,254.850006,237.000000,251.649994,243.255829,8946439,0.000000,0.000000
2020-03-31,255.000000,259.600006,247.050003,251.300003,242.917511,6401278,0.000000,0.000000
2020-04-01,246.050003,247.800003,235.050003,244.800003,236.634338,4034211,0.000000,0.000000
2020-04-03,246.000000,252.800003,238.899994,244.800003,236.634338,7210403,0.000000,0.000000
2020-04-07,254.199997,255.850006,245.600006,248.100006,239.824265,7360798,0.000000,0.000000
2020-04-08,248.000000,255.850006,242.750000,250.850006,242.482544,6897792,0.000000,0.000000
2020-04-09,254.000000,254.600006,247.449997,251.899994,243.497513,5290625,0.000000,0.000000
2020-04-13,252.000000,265.500000,247.500000,262.850006,254.082275,6979344,0.000000,0.000000
2020-04-15,265.000000,279.399994,265.000000,268.899994,259.930420,7606664,0.000000,0.000000
2020-04-16,267.000000,271.299988,260.299988,267.600006,258.673859,3267284,0.000000,0.000000
2020-04-17,275.000000,275.899994,263.600006,268.149994,259.205475,3470146,0.000000,0.000000
2020-04-20,273.500000,273.500000,266.549988,270.500000,261.477081,2234365,0.000000,0.000000
2020-04-21,266.049988,269.600006,260.899994,265.200012,256.353851,2562044,0.000000,0.000000
2020-04-22,260.000000,273.850006,258.500000,271.899994,262.830383,3229099,0.000000,0.000000
2020-04-23,273.500000,279.700012,268.500000,277.600006,268.340240,3594086,0.000000,0.000000
2020-04-24,273.950012,276.950012,269.549988,270.649994,261.622070,2515755,0.000000,0.000000
2020-04-27,273.299988,277.100006,269.500000,271.149994,262.105377,1845577,0.000000,0.000000
2020-04-28,271.149994,274.700012,270.000000,272.950012,263.845398,1808291,0.000000,0.000000
2020-04-29,274.000000,293.200012,272.700012,287.649994,278.054993,4058322,0.000000,0.000000
2020-04-30,295.049988,296.000000,285.100006,290.100006,280.423279,4675412,0.000000,0.000000
2020-05-04,275.000000,280.000000,262.000000,266.350006,257.465515,6359013,0.000000,0.000000
2020-05-05,271.700012,271.700012,261.100006,263.100006,254.323959,4866839,0.000000,0.000000
2020-05-06,261.100006,273.500000,261.100006,270.149994,261.138733,10547916,0.000000,0.000000
2020-05-07,271.200012,284.500000,268.450012,282.399994,272.980103,6505707,0.000000,0.000000
2020-05-08,285.100006,286.850006,280.549988,285.049988,275.541718,2594066,0.000000,0.000000
2020-05-11,285.200012,293.250000,285.200012,289.700012,280.036682,3204070,0.000000,0.000000
2020-05-12,289.000000,292.799988,285.250000,291.500000,281.776611,4602740,0.000000,0.000000
2020-05-13,297.000000,311.899994,262.350006,309.350006,299.031189,9559902,0.000000,0.000000
2020-05-14,301.100006,311.450012,301.100006,308.399994,298.112854,5684066,0.000000,0.000000
2020-05-15,309.000000,312.000000,305.350006,309.250000,298.934509,3712050,0.000000,0.000000
2020-05-18,306.000000,307.350006,291.350006,293.299988,283.516571,3625908,0.000000,0.000000
2020-05-19,299.799988,320.899994,297.350006,319.200012,308.552612,10540236,0.000000,0.000000
2020-05-20,318.000000,324.799988,311.549988,323.750000,312.950806,6985180,0.000000,0.000000
2020-05-21,319.399994,322.149994,315.399994,317.149994,306.570984,4602568,0.000000,0.000000
2020-05-22,315.000000,315.000000,306.549988,310.600006,300.239502,3428549,0.000000,0.000000
2020-05-26,312.399994,320.549988,309.600006,315.600006,305.072723,4031218,0.000000,0.000000
2020-05-27,313.000000,328.500000,313.000000,326.649994,315.754059,6352246,0.000000,0.000000
2020-05-28,329.500000,334.149994,327.450012,331.799988,320.732300,5654879,0.000000,0.000000
2020-05-29,330.000000,330.000000,322.049988,323.799988,312.999176,12299517,0.000000,0.000000
2020-06-01,326.000000,336.350006,326.000000,329.350006,318.364044,2865749,0.000000,0.000000
2020-06-02,330.200012,341.649994,325.799988,339.950012,328.610474,4668305,0.000000,0.000000
2020-06-03,344.000000,344.950012,336.850006,339.549988,328.223785,5177337,0.000000,0.000000
2020-06-04,341.000000,342.899994,337.600006,339.200012,327.885468,4625229,0.000000,0.000000
2020-06-05,340.100006,347.149994,337.200012,341.149994,329.770416,2348630,0.000000,0.000000
2020-06-08,343.100006,347.649994,340.950012,343.299988,331.848724,2771175,0.000000,0.000000
2020-06-09,344.500000,351.350006,341.299988,346.049988,334.506958,3387618,0.000000,0.000000
2020-06-10,346.049988,349.750000,340.399994,346.549988,334.990265,2324983,0.000000,0.000000
2020-06-11,348.000000,348.000000,336.799988,338.649994,327.353790,4260956,0.000000,0.000000
2020-06-12,330.649994,347.799988,327.700012,345.299988,333.782013,3022904,0.000000,0.000000
2020-06-15,346.500000,346.850006,336.850006,339.750000,328.417114,2474091,0.000000,0.000000
2020-06-16,347.000000,347.000000,335.899994,340.799988,329.432098,2686016,0.000000,0.000000
2020-06-17,341.000000,346.450012,337.549988,341.299988,329.915436,2457982,0.000000,0.000000
2020-06-18,340.350006,345.500000,335.149994,343.799988,332.332031,2502231,0.000000,0.000000
2020-06-19,344.399994,354.899994,341.500000,348.899994,337.261902,6917609,0.000000,0.000000
2020-06-22,350.000000,353.899994,346.700012,349.600006,337.938568,2515837,0.000000,0.000000
2020-06-23,350.000000,357.200012,346.750000,355.649994,343.786743,2715717,0.000000,0.000000
2020-06-24,355.350006,360.000000,349.600006,351.850006,340.113495,2841354,0.000000,0.000000
2020-06-25,349.799988,351.500000,342.200012,344.000000,332.525330,5056963,0.000000,0.000000
2020-06-26,348.000000,349.000000,339.600006,343.200012,331.752075,3979419,0.000000,0.000000
2020-06-29,341.350006,344.049988,339.100006,342.649994,331.220398,3263757,0.000000,0.000000
2020-06-30,344.000000,349.799988,342.399994,343.899994,332.428650,2828818,0.000000,0.000000
2020-07-01,345.899994,347.049988,341.299988,343.799988,332.332031,1202080,0.000000,0.000000
2020-07-02,346.000000,349.600006,344.899994,346.799988,335.231964,1204040,0.000000,0.000000
2020-07-03,350.200012,366.799988,348.649994,360.399994,348.378326,9300920,0.000000,0.000000
2020-07-06,365.100006,366.000000,356.100006,359.450012,347.460022,3360559,0.000000,0.000000
2020-07-07,361.000000,361.000000,344.250000,345.950012,334.410309,4348413,0.000000,0.000000
2020-07-08,349.000000,349.649994,339.299988,340.600006,329.238800,3988463,0.000000,0.000000
2020-07-09,341.000000,346.500000,340.000000,343.149994,331.703705,3635224,0.000000,0.000000
2020-07-10,341.000000,342.700012,332.250000,334.950012,323.777252,3368457,0.000000,0.000000
2020-07-13,336.250000,339.649994,331.500000,332.200012,321.118958,2187702,0.000000,0.000000
2020-07-14,332.700012,333.500000,319.700012,320.399994,309.712585,3146768,0.000000,0.000000
2020-07-15,320.549988,324.500000,312.899994,315.149994,304.637695,3905249,0.000000,0.000000
2020-07-16,317.000000,317.450012,309.600006,311.200012,300.819458,3122788,0.000000,0.000000
2020-07-17,312.000000,318.899994,310.600006,313.000000,302.559387,3264266,0.000000,0.000000
2020-07-20,316.000000,318.700012,310.350006,317.299988,306.715942,4328735,0.000000,0.000000
2020-07-21,320.899994,325.350006,313.600006,314.700012,304.202728,4264584,0.000000,0.000000
2020-07-22,316.200012,318.649994,309.100006,312.000000,301.592773,3068805,0.000000,0.000000
2020-07-23,313.399994,315.950012,311.600006,313.899994,303.429382,2831414,0.000000,0.000000
2020-07-24,313.899994,313.950012,305.350006,309.399994,299.079468,2457668,0.000000,0.000000
2020-07-27,309.000000,310.700012,298.000000,309.049988,298.741150,5465737,0.000000,0.000000
2020-07-28,309.899994,320.000000,308.049988,318.600006,307.972656,4973488,0.000000,0.000000
2020-07-29,317.049988,323.000000,312.049988,315.149994,304.637695,4000041,0.000000,0.000000
2020-07-30,317.850006,321.750000,310.100006,312.500000,302.076111,2498353,0.000000,0.000000
2020-07-31,315.000000,318.149994,312.750000,315.200012,304.686035,1944926,0.000000,0.000000
2020-08-03,311.000000,319.549988,308.649994,311.350006,300.964478,2408531,0.000000,0.000000
2020-08-04,313.000000,317.750000,311.350006,314.950012,304.444397,3182644,0.000000,0.000000
2020-08-05,316.399994,328.799988,313.399994,327.100006,316.189087,8387003,0.000000,0.000000
2020-08-06,330.100006,330.899994,321.399994,323.799988,312.999176,3281920,0.000000,0.000000
2020-08-07,323.899994,328.350006,321.549988,326.649994,315.754059,2634656,0.000000,0.000000
2020-08-10,329.000000,333.950012,325.700012,331.299988,320.248962,3187734,0.000000,0.000000
2020-08-11,333.500000,336.750000,330.700012,335.000000,323.825562,3504782,0.000000,0.000000
2020-08-12,336.000000,347.750000,331.750000,341.200012,329.818756,10674205,0.000000,0.000000
2020-08-13,343.549988,348.950012,341.750000,347.649994,336.053589,2707033,0.000000,0.000000
2020-08-14,353.750000,353.750000,343.649994,348.100006,336.488586,3376980,0.000000,0.000000
2020-08-17,350.850006,358.000000,346.799988,357.450012,345.526733,4507708,0.000000,0.000000
2020-08-18,356.899994,359.500000,354.500000,357.450012,345.526733,2151389,0.000000,0.000000
2020-08-19,360.000000,366.200012,355.500000,356.649994,344.753387,3269069,0.000000,0.000000
2020-08-20,354.950012,357.100006,347.950012,353.600006,341.805115,3533915,0.000000,0.000000
2020-08-21,357.899994,359.350006,353.000000,354.350006,342.530121,1341709,0.000000,0.000000
2020-08-24,358.399994,363.299988,347.600006,349.000000,337.358612,3488987,0.000000,0.000000
2020-08-25,351.899994,352.000000,341.000000,346.100006,334.555328,3532971,0.000000,0.000000
2020-08-26,346.350006,366.899994,346.350006,354.250000,342.433472,11568355,0.000000,0.000000
2020-08-27,356.000000,357.450012,349.549988,350.549988,338.856873,2996658,0.000000,0.000000
2020-08-28,355.000000,363.000000,348.500000,360.049988,348.040009,5406394,0.000000,0.000000
2020-08-31,365.000000,378.350006,352.000000,355.750000,343.883423,19379155,0.000000,0.000000
2020-09-01,357.000000,365.350006,341.399994,348.799988,337.165253,6726316,0.000000,0.000000
2020-09-02,352.950012,363.500000,344.100006,359.899994,347.895020,5694675,0.000000,0.000000
2020-09-03,363.500000,368.000000,359.549988,366.000000,353.791534,4285869,0.000000,0.000000
2020-09-04,363.399994,363.399994,351.100006,353.000000,341.225159,7628188,0.000000,0.000000
2020-09-07,355.000000,357.950012,347.200012,352.049988,340.306824,3344349,0.000000,0.000000
2020-09-08,352.700012,355.950012,343.549988,345.600006,334.071991,2339457,0.000000,0.000000
2020-09-09,344.399994,346.299988,335.350006,343.850006,332.380341,3413201,0.000000,0.000000
2020-09-10,346.000000,348.950012,336.600006,341.600006,330.205444,3892385,0.000000,0.000000
2020-09-11,341.000000,343.899994,333.450012,342.500000,331.075378,4656343,0.000000,0.000000
2020-09-14,345.000000,353.600006,343.450012,351.649994,339.920197,4221864,0.000000,0.000000
2020-09-15,355.100006,356.799988,351.000000,352.649994,340.886810,2042309,0.000000,0.000000
2020-09-16,352.250000,356.100006,348.950012,353.549988,341.756805,1998091,0.000000,0.000000
2020-09-17,352.000000,355.500000,345.000000,346.100006,334.555328,2433176,0.000000,0.000000
2020-09-18,348.700012,359.799988,347.100006,357.850006,345.913361,4963124,0.000000,0.000000
2020-09-21,358.000000,359.000000,343.950012,347.850006,336.246918,3086172,0.000000,0.000000
2020-09-22,347.850006,348.350006,327.149994,332.299988,321.215637,4670128,0.000000,0.000000
2020-09-23,332.549988,335.350006,320.149994,324.600006,313.772491,4281260,0.000000,0.000000
2020-09-24,321.549988,322.950012,312.100006,313.750000,303.284424,6847625,0.000000,0.000000
2020-09-25,319.000000,329.700012,315.600006,326.149994,315.270752,6282538,0.000000,0.000000
2020-09-28,327.799988,343.200012,327.799988,339.549988,328.223785,4249775,0.000000,0.000000
2020-09-29,343.399994,346.399994,336.899994,341.000000,329.625397,3490634,0.000000,0.000000
2020-09-30,340.549988,346.549988,330.000000,341.750000,330.350372,2757175,0.000000,0.000000
2020-10-01,345.500000,354.899994,344.500000,353.299988,341.515137,3004005,0.000000,0.000000
2020-10-05,355.899994,358.000000,348.450012,350.350006,338.663544,11896461,0.000000,0.000000
2020-10-06,356.000000,364.500000,354.850006,362.899994,350.794922,7483578,0.000000,0.000000
2020-10-07,362.549988,368.750000,359.000000,360.649994,348.619995,4024700,0.000000,0.000000
2020-10-08,359.799988,362.799988,356.350006,359.750000,347.750031,3036028,0.000000,0.000000
2020-10-09,361.000000,362.450012,355.149994,357.200012,345.285034,1988867,0.000000,0.000000
2020-10-12,359.100006,362.850006,355.049988,357.649994,345.720001,3626399,0.000000,0.000000
2020-10-13,357.649994,358.649994,348.399994,349.899994,338.228546,2413110,0.000000,0.000000
2020-10-14,349.100006,351.200012,344.700012,348.950012,337.310242,2363379,0.000000,0.000000
2020-10-15,350.600006,353.850006,341.250000,342.799988,331.365356,2855273,0.000000,0.000000
2020-10-16,344.350006,354.750000,341.950012,349.950012,338.276886,2634960,0.000000,0.000000
2020-10-19,352.600006,352.600006,344.799988,347.549988,335.956940,2181974,0.000000,0.000000
2020-10-20,346.700012,352.299988,345.649994,348.950012,337.310242,1999765,0.000000,0.000000
2020-10-21,350.250000,360.149994,349.549988,355.350006,343.496796,4398526,0.000000,0.000000
2020-10-22,350.549988,364.049988,350.149994,358.350006,346.396698,4506437,0.000000,0.000000
2020-10-23,360.000000,369.000000,357.649994,364.350006,352.196564,6357073,0.000000,0.000000
2020-10-26,366.000000,373.899994,360.350006,363.700012,351.568268,7541562,0.000000,0.000000
2020-10-27,360.200012,366.200012,351.000000,364.399994,352.244904,5869559,0.000000,0.000000
2020-10-28,363.000000,370.000000,352.000000,353.649994,341.853455,3863941,0.000000,0.000000
2020-10-29,350.549988,350.549988,341.149994,342.700012,331.268738,3346474,0.000000,0.000000
2020-10-30,345.200012,362.700012,343.200012,359.850006,347.846680,12044256,0.000000,0.000000
2020-11-02,360.000000,362.700012,351.200012,356.899994,344.995056,9364431,0.000000,0.000000
2020-11-03,362.000000,362.649994,347.200012,353.649994,341.853455,7971473,0.000000,0.000000
2020-11-04,367.649994,369.500000,349.600006,361.100006,349.054993,17940352,0.000000,0.000000
2020-11-05,366.049988,374.649994,364.299988,368.649994,356.353119,16920686,0.000000,0.000000
2020-11-06,368.649994,375.899994,365.799988,371.100006,358.721436,7290106,0.000000,0.000000
2020-11-09,375.000000,376.000000,366.000000,367.049988,354.806488,7038841,0.000000,0.000000
2020-11-10,370.700012,374.500000,364.149994,366.750000,354.516571,6850175,0.000000,0.000000
2020-11-11,366.750000,372.450012,365.250000,371.600006,359.204773,4370366,0.000000,0.000000
2020-11-12,373.000000,375.600006,366.100006,368.049988,355.773163,4759659,0.000000,0.000000
2020-11-13,367.500000,370.399994,362.700012,365.500000,353.308228,4156320,0.000000,0.000000
2020-11-14,369.000000,369.000000,363.000000,366.100006,353.888184,444529,0.000000,0.000000
2020-11-17,368.500000,386.750000,366.250000,379.649994,366.986176,11192618,0.000000,0.000000
2020-11-18,382.000000,395.200012,382.000000,391.100006,378.054260,15514329,0.000000,0.000000
2020-11-19,390.000000,392.700012,379.600006,381.899994,369.161163,6894431,0.000000,0.000000
2020-11-20,381.000000,382.649994,373.000000,375.850006,363.312958,5562369,0.000000,0.000000
2020-11-23,375.850006,379.350006,370.299988,375.149994,362.636292,4065424,0.000000,0.000000
2020-11-24,378.000000,402.000000,376.000000,392.250000,379.165924,19485370,0.000000,0.000000
2020-11-25,396.299988,404.700012,384.399994,398.950012,385.642426,18238080,0.000000,0.000000
2020-11-26,400.799988,413.000000,395.649994,410.149994,396.468811,12856261,0.000000,0.000000
2020-11-27,411.000000,416.000000,408.200012,411.549988,397.822113,10593353,0.000000,0.000000
2020-12-01,415.000000,426.000000,412.000000,423.799988,409.663483,9170159,0.000000,0.000000
2020-12-02,424.899994,442.000000,420.350006,438.200012,423.583191,13049398,0.000000,0.000000
2020-12-03,442.000000,444.500000,433.049988,435.799988,421.263214,10810399,0.000000,0.000000
2020-12-04,439.700012,458.299988,439.000000,453.700012,438.566162,10271034,0.000000,0.000000
2020-12-07,461.000000,474.899994,459.000000,471.500000,455.772430,16140936,0.000000,0.000000
2020-12-08,472.700012,474.700012,457.549988,463.350006,447.894287,9218366,0.000000,0.000000
2020-12-09,467.649994,469.899994,458.149994,463.899994,448.425934,5811412,0.000000,0.000000
2020-12-10,463.899994,474.100006,457.000000,471.000000,455.289124,4785102,0.000000,0.000000
2020-12-11,471.750000,475.000000,462.700012,466.299988,450.745880,4922448,0.000000,0.000000
2020-12-14,468.600006,472.450012,463.100006,467.000000,451.422577,5943652,0.000000,0.000000
2020-12-15,469.500000,479.649994,461.450012,475.750000,459.880646,10973876,0.000000,0.000000
2020-12-16,480.000000,480.450012,473.149994,475.549988,459.687286,5452263,0.000000,0.000000
2020-12-17,478.000000,478.799988,465.549988,467.750000,452.147522,6757703,0.000000,0.000000
2020-12-18,467.750000,472.950012,458.500000,463.299988,447.845947,5980780,0.000000,0.000000
2020-12-21,459.000000,467.000000,427.200012,444.250000,429.431366,8223842,0.000000,0.000000
2020-12-22,444.250000,470.500000,435.000000,468.649994,453.017487,9462053,0.000000,0.000000
2020-12-23,467.149994,476.700012,462.500000,470.750000,455.047485,7943560,0.000000,0.000000
2020-12-24,474.899994,482.899994,466.000000,478.549988,462.587250,7679078,0.000000,0.000000
2020-12-28,480.000000,492.950012,480.000000,483.549988,467.420471,8372924,0.000000,0.000000
2020-12-29,485.000000,489.850006,478.200012,483.399994,467.275452,5866837,0.000000,0.000000
2020-12-30,484.000000,487.600006,478.149994,485.399994,469.208740,3736356,0.000000,0.000000
2020-12-31,485.399994,490.799988,480.250000,483.750000,467.613831,4386328,0.000000,0.000000
2021-01-01,485.000000,508.000000,482.549988,503.850006,487.043335,7815730,0.000000,0.000000
2021-01-04,507.000000,510.899994,495.200012,498.899994,482.258453,9998803,0.000000,0.000000
2021-01-05,498.899994,504.500000,492.000000,499.450012,482.790100,5135408,0.000000,0.000000
2021-01-06,501.799988,504.950012,489.500000,496.799988,480.228485,5203982,0.000000,0.000000
2021-01-07,500.100006,520.900024,499.500000,513.849976,496.709778,10295126,0.000000,0.000000
2021-01-08,520.000000,527.349976,514.500000,517.000000,499.754700,7272250,0.000000,0.000000
2021-01-11,520.450012,522.500000,504.000000,508.350006,491.393250,7156036,0.000000,0.000000
2021-01-12,507.000000,520.650024,502.549988,511.250000,494.196472,6751375,0.000000,0.000000
2021-01-13,515.900024,540.000000,514.599976,536.650024,518.749207,11045555,0.000000,0.000000
2021-01-14,537.950012,542.450012,530.099976,536.950012,519.039246,6066782,0.000000,0.000000
2021-01-15,536.799988,541.000000,524.000000,527.950012,510.339447,5427713,0.000000,0.000000
2021-01-18,531.000000,532.299988,503.799988,515.500000,498.304749,6258367,0.000000,0.000000
2021-01-19,516.000000,535.000000,516.000000,532.799988,515.027649,6694907,0.000000,0.000000
2021-01-20,529.000000,562.500000,529.000000,558.599976,539.967102,14440729,0.000000,0.000000
2021-01-21,561.849976,561.849976,542.650024,547.650024,529.382324,8870257,0.000000,0.000000
2021-01-22,549.500000,557.500000,531.700012,535.799988,517.927551,6843849,0.000000,0.000000
2021-01-25,543.000000,547.450012,522.000000,523.650024,506.182892,5816153,0.000000,0.000000
2021-01-27,528.250000,536.000000,512.500000,518.849976,501.542969,8920054,0.000000,0.000000
2021-01-28,515.700012,527.950012,507.049988,519.099976,501.784668,5707393,0.000000,0.000000
2021-01-29,527.549988,533.099976,507.100006,509.700012,492.698181,6781488,0.000000,0.000000
2021-02-01,514.299988,545.450012,500.100006,542.750000,524.645752,10259084,0.000000,0.000000
2021-02-02,548.700012,554.849976,540.000000,550.799988,532.427246,7160471,0.000000,0.000000
2021-02-03,549.549988,562.299988,542.000000,560.099976,541.417053,7462289,0.000000,0.000000
2021-02-04,557.900024,573.400024,554.049988,568.400024,549.440186,6850462,0.000000,0.000000
2021-02-05,571.000000,573.950012,561.650024,566.950012,548.038513,5586868,0.000000,0.000000
2021-02-08,572.150024,594.000000,571.099976,582.049988,562.634888,8887710,0.000000,0.000000
2021-02-09,589.650024,589.799988,573.200012,581.950012,562.538147,10917915,0.000000,0.000000
2021-02-10,584.750000,587.000000,550.500000,576.849976,557.608276,19987392,0.000000,0.000000
2021-02-11,576.849976,593.700012,576.299988,591.849976,572.107849,10595917,0.000000,0.000000
2021-02-12,592.299988,621.650024,586.099976,616.599976,596.032288,24953701,0.000000,0.000000
2021-02-15,617.950012,639.900024,610.799988,627.750000,606.810486,15146033,0.000000,0.000000
2021-02-16,629.799988,643.500000,628.049988,636.549988,615.316956,15120148,0.000000,0.000000
2021-02-17,658.000000,670.000000,646.900024,655.750000,633.876465,34868085,0.000000,0.000000
2021-02-18,660.799988,670.000000,649.049988,664.049988,641.899719,13189027,0.000000,0.000000
2021-02-19,664.950012,676.650024,628.650024,653.500000,631.701538,17553743,0.000000,0.000000
2021-02-22,658.799988,678.500000,649.000000,673.799988,651.324341,16739107,0.000000,0.000000
2021-02-23,680.000000,682.700012,659.250000,662.000000,639.918030,11247164,0.000000,0.000000
2021-02-24,666.700012,671.000000,653.400024,665.200012,643.011353,3919187,0.000000,0.000000
2021-02-25,669.400024,711.349976,667.150024,704.299988,680.807007,18596690,0.000000,0.000000
2021-02-26,697.099976,703.450012,668.000000,675.900024,653.354370,19909990,0.000000,0.000000
2021-03-01,684.599976,704.650024,673.299988,692.900024,669.787292,11600468,0.000000,0.000000
2021-03-02,697.599976,724.700012,696.000000,720.500000,696.466675,11486477,0.000000,0.000000
2021-03-03,732.000000,754.950012,723.400024,729.849976,705.504761,19961472,0.000000,0.000000
2021-03-04,733.250000,765.700012,715.849976,752.450012,727.350891,30607959,0.000000,0.000000
2021-03-05,752.450012,761.000000,730.500000,748.950012,723.967651,17665200,0.000000,0.000000
2021-03-08,762.700012,767.799988,744.200012,748.400024,723.436096,15286852,0.000000,0.000000
2021-03-09,755.549988,759.400024,738.650024,750.750000,725.707581,8548163,0.000000,0.000000
2021-03-10,757.500000,759.099976,743.000000,745.349976,720.487732,5235249,0.000000,0.000000
2021-03-12,749.000000,752.099976,723.000000,728.150024,703.861450,10961076,0.000000,0.000000
2021-03-15,727.799988,727.799988,706.049988,719.049988,695.064941,13403522,0.000000,0.000000
2021-03-16,731.400024,735.700012,714.250000,717.349976,693.421692,14979009,0.000000,0.000000
2021-03-17,715.000000,716.950012,683.799988,688.250000,665.292297,8151544,0.000000,0.000000
2021-03-18,695.000000,705.500000,675.400024,679.650024,656.979309,10925357,0.000000,0.000000
2021-03-19,677.400024,691.500000,657.099976,686.250000,663.359070,10373422,0.000000,0.000000
2021-03-22,686.000000,726.250000,681.000000,721.900024,697.820007,22864950,0.000000,0.000000
2021-03-23,730.250000,755.000000,727.099976,738.549988,713.914551,30612174,0.000000,0.000000
2021-03-24,741.000000,750.500000,697.650024,706.849976,683.271973,21213413,0.000000,0.000000
2021-03-25,711.000000,712.349976,683.150024,688.250000,665.292297,16860086,0.000000,0.000000
2021-03-26,698.000000,710.700012,692.599976,703.049988,679.598633,12350673,0.000000,0.000000
2021-03-30,703.049988,718.000000,697.299988,710.549988,686.848450,9109273,0.000000,0.000000
2021-03-31,705.000000,719.900024,698.599976,702.400024,678.970337,7752226,0.000000,0.000000
2021-04-01,713.500000,742.000000,705.000000,736.250000,711.691345,15017049,0.000000,0.000000
2021-04-05,731.750000,745.000000,715.000000,742.250000,717.491150,15622924,0.000000,0.000000
2021-04-06,756.000000,852.700012,743.000000,835.549988,807.679016,64555516,0.000000,0.000000
2021-04-07,857.000000,885.000000,795.000000,814.750000,787.572754,97717880,0.000000,0.000000
2021-04-08,818.000000,838.000000,806.000000,823.000000,795.547607,34025873,0.000000,0.000000
2021-04-09,824.750000,837.000000,817.049988,823.599976,796.127563,21804785,0.000000,0.000000
2021-04-12,809.900024,809.900024,735.000000,744.650024,719.811157,28112240,0.000000,0.000000
2021-04-13,750.000000,755.750000,701.349976,731.049988,706.664734,52812517,0.000000,0.000000
2021-04-15,735.900024,754.500000,725.000000,750.349976,725.320862,26108614,0.000000,0.000000
2021-04-16,750.900024,794.849976,743.000000,755.500000,730.299194,41791181,0.000000,0.000000
2021-04-19,715.000000,730.900024,707.450012,720.950012,696.901611,22935238,0.000000,0.000000
2021-04-20,744.700012,745.900024,710.000000,720.450012,696.418335,21315167,0.000000,0.000000
2021-04-22,689.500000,744.900024,689.500000,737.799988,713.189636,26840536,0.000000,0.000000
2021-04-23,736.450012,746.900024,720.099976,725.349976,701.154785,18435449,0.000000,0.000000
2021-04-26,733.000000,739.650024,728.900024,730.750000,706.374695,9390549,0.000000,0.000000
2021-04-27,735.000000,757.500000,727.349976,749.150024,724.161011,20573107,0.000000,0.000000
2021-04-28,755.000000,760.000000,741.099976,746.250000,721.357788,11156977,0.000000,0.000000
2021-04-29,753.200012,765.849976,743.400024,746.750000,721.841064,13851910,0.000000,0.000000
2021-04-30,739.000000,759.450012,724.500000,730.049988,705.698120,12600934,0.000000,0.000000
2021-05-03,727.650024,764.000000,713.750000,761.400024,736.002380,25953577,0.000000,0.000000
2021-05-04,779.849976,782.000000,760.049988,768.750000,743.107178,31400296,0.000000,0.000000
2021-05-05,772.000000,774.799988,732.700012,738.099976,713.479492,29426971,0.000000,0.000000
2021-05-06,745.000000,753.700012,735.599976,740.799988,716.089478,11926793,0.000000,0.000000
2021-05-07,747.700012,778.000000,745.250000,767.750000,742.140503,20782117,0.000000,0.000000
2021-05-10,774.400024,779.500000,762.450012,765.450012,739.917297,9201326,0.000000,0.000000
2021-05-11,751.000000,789.700012,750.349976,762.650024,737.210754,12978165,0.000000,0.000000
2021-05-12,763.000000,772.799988,747.700012,751.599976,726.529297,10615003,0.000000,0.000000
2021-05-14,757.900024,758.650024,727.500000,733.549988,709.081299,10876267,0.000000,0.000000
2021-05-17,740.000000,760.000000,737.000000,754.200012,729.042542,12271212,0.000000,0.000000
2021-05-18,765.000000,780.000000,757.099976,775.900024,750.018799,9877934,0.000000,0.000000
2021-05-19,784.000000,791.900024,769.299988,772.400024,746.635498,15666729,0.000000,0.000000
2021-05-20,776.500000,779.500000,761.049988,765.700012,740.158875,6964023,0.000000,0.000000
2021-05-21,772.000000,775.250000,766.650024,769.200012,743.542236,5274817,0.000000,0.000000
2021-05-24,769.700012,779.900024,746.599976,766.549988,740.980530,8354397,0.000000,0.000000
2021-05-25,773.000000,776.700012,759.000000,764.000000,738.515686,4730725,0.000000,0.000000
2021-05-26,767.849976,769.900024,757.000000,758.299988,733.005737,7375242,0.000000,0.000000
2021-05-27,758.299988,765.000000,749.450012,751.400024,726.335999,7909776,0.000000,0.000000
2021-05-28,755.000000,784.900024,754.000000,776.150024,750.260437,13623565,0.000000,0.000000
2021-05-31,779.950012,779.950012,761.700012,769.549988,743.880432,7820165,0.000000,0.000000
2021-06-01,773.099976,801.799988,764.299988,798.200012,771.574890,17847137,0.000000,0.000000
2021-06-02,802.950012,824.000000,802.950012,811.500000,784.431213,27748928,0.000000,0.000000
2021-06-03,818.849976,849.000000,810.700012,825.299988,797.770874,24105079,0.000000,0.000000
2021-06-04,830.799988,841.950012,823.000000,833.849976,806.035645,14457348,0.000000,0.000000
2021-06-07,837.400024,898.799988,835.650024,878.599976,849.293030,33684310,0.000000,0.000000
2021-06-08,883.400024,887.799988,859.150024,874.200012,845.039795,16422574,0.000000,0.000000
2021-06-09,879.250000,901.000000,831.299988,852.599976,824.160156,31225441,0.000000,0.000000
2021-06-10,858.549988,863.950012,843.299988,846.750000,818.505371,11744190,0.000000,0.000000
2021-06-11,852.000000,856.400024,820.700012,839.750000,811.738892,17460610,0.000000,0.000000
2021-06-14,755.799988,783.700012,681.099976,768.450012,742.817200,89771631,0.000000,0.000000
2021-06-15,802.900024,802.900024,755.000000,761.849976,736.437317,45408426,0.000000,0.000000
2021-06-16,755.000000,755.000000,697.799988,706.700012,683.126953,29440056,0.000000,0.000000
2021-06-17,683.000000,704.650024,638.349976,646.900024,625.321655,70812142,0.000000,0.000000
2021-06-18,643.200012,704.599976,638.099976,694.349976,671.188965,76266975,0.000000,0.000000
2021-06-21,692.000000,744.650024,685.099976,731.049988,706.664734,51759617,0.000000,0.000000
2021-06-22,740.000000,761.650024,738.000000,742.900024,718.119568,35597113,0.000000,0.000000
2021-06-23,749.000000,757.000000,715.500000,718.700012,694.726746,31168761,0.000000,0.000000
2021-06-24,724.000000,725.000000,701.700012,709.900024,691.027649,21503302,5.000000,0.000000
2021-06-25,715.000000,719.000000,706.500000,712.200012,693.266479,12085421,0.000000,0.000000
2021-06-28,719.000000,729.950012,713.000000,716.250000,697.208923,14139292,0.000000,0.000000
2021-06-29,717.500000,723.000000,709.000000,711.000000,692.098450,9303151,0.000000,0.000000
2021-06-30,717.599976,717.599976,702.099976,703.700012,684.992493,9100756,0.000000,0.000000
2021-07-01,706.000000,711.849976,700.000000,703.099976,684.408447,8035542,0.000000,0.000000
2021-07-02,705.000000,724.299988,705.000000,710.400024,691.514343,17676086,0.000000,0.000000
2021-07-05,717.000000,721.000000,703.000000,710.049988,691.173706,11105134,0.000000,0.000000
2021-07-06,712.000000,731.950012,707.099976,712.700012,693.753235,14580124,0.000000,0.000000
2021-07-07,716.900024,723.000000,706.000000,720.099976,700.956543,8719991,0.000000,0.000000
2021-07-08,724.000000,728.000000,709.099976,711.700012,692.779785,7804439,0.000000,0.000000
2021-07-09,712.500000,737.000000,708.349976,728.500000,709.133301,14924156,0.000000,0.000000
2021-07-12,734.400024,735.650024,715.049988,718.049988,698.960999,8664504,0.000000,0.000000
2021-07-13,720.000000,720.900024,702.000000,704.000000,685.284607,12287372,0.000000,0.000000
2021-07-14,709.400024,711.500000,695.349976,697.250000,678.713989,13812481,0.000000,0.000000
2021-07-15,699.700012,706.400024,695.500000,699.099976,680.514832,7490612,0.000000,0.000000
2021-07-16,699.700012,702.900024,685.250000,687.599976,669.320496,6941246,0.000000,0.000000
2021-07-19,686.000000,693.000000,661.400024,673.700012,655.790039,13618862,0.000000,0.000000
2021-07-20,661.000000,680.849976,660.000000,672.599976,654.719299,11533588,0.000000,0.000000
2021-07-22,678.000000,695.000000,666.700012,691.799988,673.408875,9740403,0.000000,0.000000
2021-07-23,700.000000,700.000000,677.200012,680.049988,661.971252,8682097,0.000000,0.000000
2021-07-26,680.000000,690.950012,674.450012,682.799988,664.648132,5339116,0.000000,0.000000
2021-07-27,682.799988,686.299988,660.349976,663.200012,645.569214,7133113,0.000000,0.000000
2021-07-28,668.400024,676.750000,654.200012,665.400024,647.710693,11132158,0.000000,0.000000
2021-07-29,671.000000,671.000000,657.950012,659.650024,642.113586,4572153,0.000000,0.000000
2021-07-30,661.250000,687.799988,659.500000,674.500000,656.568726,13440904,0.000000,0.000000
2021-08-02,682.000000,695.000000,678.000000,692.000000,673.603516,8925708,0.000000,0.000000
2021-08-03,698.000000,714.950012,695.250000,705.049988,686.306641,18429941,0.000000,0.000000
2021-08-04,718.000000,718.000000,692.000000,694.700012,676.231750,14045587,0.000000,0.000000
2021-08-05,695.000000,700.500000,684.000000,693.549988,675.112366,5851411,0.000000,0.000000
2021-08-06,692.950012,719.900024,691.450012,710.700012,691.806458,17504802,0.000000,0.000000
2021-08-09,714.000000,717.000000,694.099976,699.900024,681.293518,7521213,0.000000,0.000000
2021-08-10,701.700012,706.750000,683.250000,693.000000,674.576904,5937282,0.000000,0.000000
2021-08-11,693.400024,705.000000,684.549988,699.150024,680.563538,6297975,0.000000,0.000000
2021-08-12,701.000000,710.400024,700.000000,704.049988,685.333191,5068665,0.000000,0.000000
2021-08-13,704.450012,709.500000,699.049988,704.150024,685.430542,3390071,0.000000,0.000000
2021-08-16,704.000000,716.450012,702.000000,706.900024,688.107422,6385995,0.000000,0.000000
2021-08-17,705.799988,714.900024,686.049988,692.650024,674.236328,7262774,0.000000,0.000000
2021-08-18,696.450012,708.299988,688.700012,705.400024,686.647339,7354758,0.000000,0.000000
2021-08-20,690.000000,706.400024,680.799988,687.200012,668.931152,6274741,0.000000,0.000000
2021-08-23,691.799988,691.799988,665.000000,668.299988,650.533630,6636881,0.000000,0.000000
2021-08-24,673.000000,702.000000,668.500000,695.400024,676.913208,7640710,0.000000,0.000000
2021-08-25,698.500000,725.000000,695.400024,720.750000,701.589355,21275432,0.000000,0.000000
2021-08-26,725.000000,733.000000,717.700012,721.700012,702.514038,14969643,0.000000,0.000000
2021-08-27,724.000000,731.950012,722.250000,727.000000,707.673157,6751256,0.000000,0.000000
2021-08-30,730.599976,735.400024,727.099976,730.000000,710.593384,4757858,0.000000,0.000000
2021-08-31,732.299988,754.000000,728.099976,748.299988,728.406860,15419587,0.000000,0.000000
2021-09-01,750.049988,751.849976,737.599976,744.750000,724.951233,5320381,0.000000,0.000000
2021-09-02,745.000000,760.650024,744.000000,753.849976,733.809326,5788915,0.000000,0.000000
2021-09-03,755.950012,762.000000,745.299988,754.900024,734.831482,4491254,0.000000,0.000000
2021-09-06,758.400024,765.000000,747.250000,751.200012,731.229797,5260360,0.000000,0.000000
2021-09-07,753.900024,755.150024,741.650024,745.500000,725.681335,3515903,0.000000,0.000000
2021-09-08,748.799988,753.000000,738.250000,746.849976,726.995361,4036193,0.000000,0.000000
2021-09-09,745.099976,751.000000,742.000000,749.700012,729.769653,2829060,0.000000,0.000000
2021-09-13,748.000000,752.650024,740.500000,745.099976,725.291931,2514604,0.000000,0.000000
2021-09-14,747.799988,762.750000,745.450012,755.400024,735.318237,5615411,0.000000,0.000000
2021-09-15,758.549988,769.799988,753.599976,765.950012,745.587585,7039338,0.000000,0.000000
2021-09-16,769.000000,772.750000,760.000000,769.650024,749.189331,4625316,0.000000,0.000000
2021-09-17,773.299988,786.000000,760.000000,767.099976,746.707031,9701785,0.000000,0.000000
2021-09-20,759.799988,776.000000,746.099976,748.900024,728.991028,5570433,0.000000,0.000000
2021-09-21,754.000000,758.799988,734.049988,749.599976,729.672302,7766479,0.000000,0.000000
2021-09-22,750.000000,759.599976,742.000000,745.299988,725.486572,4343365,0.000000,0.000000
2021-09-23,754.400024,760.000000,750.549988,754.500000,734.442078,3526253,0.000000,0.000000
2021-09-24,756.000000,764.900024,743.000000,744.799988,724.999878,4445517,0.000000,0.000000
2021-09-27,749.700012,753.799988,736.400024,750.250000,730.305054,3803939,0.000000,0.000000
2021-09-28,754.000000,756.900024,733.000000,738.700012,719.062073,3748173,0.000000,0.000000
2021-09-29,737.650024,747.849976,736.000000,742.000000,722.274414,2734053,0.000000,0.000000
2021-09-30,745.799988,756.500000,736.000000,737.900024,718.283447,4356469,0.000000,0.000000
2021-10-01,735.849976,738.250000,722.000000,734.950012,715.411743,4008108,0.000000,0.000000
2021-10-04,738.849976,747.500000,736.049988,744.200012,724.415894,3414151,0.000000,0.000000
2021-10-05,744.150024,753.799988,742.000000,743.950012,724.172485,3270764,0.000000,0.000000
2021-10-06,747.700012,749.000000,721.849976,724.000000,704.752930,3615568,0.000000,0.000000
2021-10-07,730.000000,738.799988,726.549988,736.150024,716.579956,3237419,0.000000,0.000000
2021-10-08,739.700012,747.000000,733.500000,739.900024,720.230225,2878232,0.000000,0.000000
2021-10-11,743.900024,746.000000,736.500000,737.450012,717.845276,2118247,0.000000,0.000000
2021-10-12,737.650024,740.950012,728.849976,736.900024,717.309998,2152513,0.000000,0.000000
2021-10-13,740.599976,764.599976,739.099976,759.000000,738.822449,9083125,0.000000,0.000000
2021-10-14,766.099976,817.700012,764.250000,812.799988,791.192139,19754735,0.000000,0.000000
2021-10-18,820.900024,829.900024,807.000000,810.549988,789.002014,8883845,0.000000,0.000000
2021-10-19,815.000000,820.000000,785.000000,792.250000,771.188477,5543852,0.000000,0.000000
2021-10-20,792.000000,802.900024,777.500000,794.900024,773.768066,5467049,0.000000,0.000000
2021-10-21,799.000000,802.900024,775.299988,779.349976,758.631348,4607499,0.000000,0.000000
2021-10-22,780.299988,787.299988,753.900024,761.799988,741.547913,3860760,0.000000,0.000000
2021-10-25,765.000000,765.549988,738.549988,752.049988,732.057190,2973109,0.000000,0.000000
2021-10-26,752.000000,758.549988,740.049988,749.900024,729.964417,3093933,0.000000,0.000000
2021-10-27,753.650024,756.549988,743.650024,745.849976,726.021973,3246881,0.000000,0.000000
2021-10-28,724.349976,734.500000,681.150024,688.099976,669.807190,18160551,0.000000,0.000000
2021-10-29,697.000000,709.599976,687.000000,693.000000,674.576904,7612968,0.000000,0.000000
2021-11-01,705.000000,707.000000,690.000000,704.400024,685.673950,3233662,0.000000,0.000000
2021-11-02,707.000000,715.000000,700.650024,702.349976,683.678406,3028354,0.000000,0.000000
2021-11-03,702.000000,719.799988,702.000000,709.200012,690.346313,3036191,0.000000,0.000000
2021-11-04,713.000000,716.450012,713.000000,713.700012,694.726685,453287,0.000000,0.000000
2021-11-08,717.000000,735.099976,709.099976,730.450012,711.031433,3227351,0.000000,0.000000
2021-11-09,731.000000,744.500000,727.799988,737.349976,717.747925,3456614,0.000000,0.000000
2021-11-10,736.400024,745.049988,730.099976,737.900024,718.283447,2751881,0.000000,0.000000
2021-11-11,734.950012,741.549988,728.500000,735.099976,715.557800,2325810,0.000000,0.000000
2021-11-12,737.700012,755.500000,734.250000,750.299988,730.353638,4585484,0.000000,0.000000
2021-11-15,753.900024,756.500000,740.549988,749.799988,729.866943,2434426,0.000000,0.000000
2021-11-16,752.700012,761.700012,743.450012,746.450012,726.606018,3378779,0.000000,0.000000
2021-11-17,744.400024,745.000000,733.000000,735.549988,715.995789,2444025,0.000000,0.000000
2021-11-18,739.450012,741.299988,716.150024,726.049988,706.748352,2202581,0.000000,0.000000
2021-11-22,725.000000,733.400024,704.000000,715.000000,695.992126,3557560,0.000000,0.000000
2021-11-23,714.000000,733.599976,705.200012,729.250000,709.863342,3487221,0.000000,0.000000
2021-11-24,735.650024,772.349976,732.000000,763.049988,742.764648,11647665,0.000000,0.000000
2021-11-25,764.799988,774.299988,755.500000,762.450012,742.180664,6140941,0.000000,0.000000
2021-11-26,750.000000,766.000000,713.250000,717.150024,698.085022,7219931,0.000000,0.000000
2021-11-29,707.000000,715.000000,682.650024,702.599976,683.921753,5930351,0.000000,0.000000
2021-11-30,704.000000,712.650024,679.700012,683.849976,665.670227,6190734,0.000000,0.000000
2021-12-01,695.000000,711.049988,682.750000,707.950012,689.129517,5582125,0.000000,0.000000
2021-12-02,710.000000,742.299988,702.299988,739.099976,719.451416,8478638,0.000000,0.000000
2021-12-03,739.000000,746.500000,734.000000,737.450012,717.845276,5578503,0.000000,0.000000
2021-12-06,739.000000,744.500000,721.500000,723.450012,704.217529,3537411,0.000000,0.000000
2021-12-07,729.000000,749.950012,725.799988,744.700012,724.902649,3993342,0.000000,0.000000
2021-12-08,751.200012,764.400024,748.200012,761.400024,741.158630,4621331,0.000000,0.000000
2021-12-09,766.700012,775.799988,760.000000,769.750000,749.286621,4687479,0.000000,0.000000
2021-12-10,768.849976,794.950012,763.000000,767.700012,747.291138,10049545,0.000000,0.000000
2021-12-13,775.000000,778.799988,750.099976,758.450012,738.287048,4985928,0.000000,0.000000
2021-12-14,755.900024,766.000000,750.500000,763.700012,743.397522,2919015,0.000000,0.000000
2021-12-15,763.700012,766.650024,742.950012,745.500000,725.681335,4673906,0.000000,0.000000
2021-12-16,752.000000,756.450012,739.349976,745.150024,725.340698,3303620,0.000000,0.000000
2021-12-17,744.500000,744.500000,721.200012,723.950012,704.704224,4973404,0.000000,0.000000
2021-12-20,717.000000,717.000000,685.500000,701.700012,683.045715,4559002,0.000000,0.000000
2021-12-21,710.000000,728.000000,701.700012,725.599976,706.310364,6943546,0.000000,0.000000
2021-12-22,727.000000,729.900024,717.250000,722.849976,703.633484,3626585,0.000000,0.000000
2021-12-23,732.799988,747.500000,728.849976,731.299988,711.858826,6641505,0.000000,0.000000
2021-12-24,732.500000,734.900024,713.400024,722.400024,703.195435,3946754,0.000000,0.000000
2021-12-27,717.000000,726.400024,713.000000,723.200012,703.974182,2663285,0.000000,0.000000
2021-12-28,727.099976,738.900024,725.200012,729.250000,709.863342,3604123,0.000000,0.000000
2021-12-29,729.000000,734.200012,720.099976,722.750000,703.536072,2396416,0.000000,0.000000
2021-12-30,722.900024,726.000000,716.450012,724.250000,704.996216,3654532,0.000000,0.000000
2021-12-31,725.000000,735.000000,725.000000,730.299988,710.885437,2538092,0.000000,0.000000
2022-01-03,732.000000,738.650024,730.500000,736.599976,717.017883,2377227,0.000000,0.000000
2022-01-04,743.000000,747.000000,732.650024,739.250000,719.597412,4068551,0.000000,0.000000
2022-01-05,739.000000,758.799988,734.049988,754.900024,734.831482,5409002,0.000000,0.000000
2022-01-06,748.900024,748.900024,730.099976,739.799988,720.132812,5440633,0.000000,0.000000
2022-01-07,744.700012,747.700012,730.500000,736.099976,716.531250,2590751,0.000000,0.000000
2022-01-10,737.099976,743.000000,734.099976,738.849976,719.208069,2173107,0.000000,0.000000
2022-01-11,738.650024,768.900024,728.500000,765.099976,744.760254,8959781,0.000000,0.000000
2022-01-12,769.500000,774.900024,754.000000,763.549988,743.251404,5775798,0.000000,0.000000
2022-01-13,763.000000,776.000000,760.000000,772.200012,751.671509,4049411,0.000000,0.000000
2022-01-14,769.000000,795.000000,763.650024,780.099976,759.361450,9627761,0.000000,0.000000
2022-01-17,783.500000,789.400024,773.900024,779.049988,758.339417,3187871,0.000000,0.000000
2022-01-18,780.000000,790.000000,760.000000,762.950012,742.667358,4300929,0.000000,0.000000
2022-01-19,761.750000,761.750000,736.000000,744.200012,724.415894,5843870,0.000000,0.000000
2022-01-20,744.000000,751.700012,735.000000,738.000000,718.380737,4741333,0.000000,0.000000
2022-01-21,732.000000,733.650024,714.450012,723.900024,704.655579,9244367,0.000000,0.000000
2022-01-24,723.900024,725.250000,689.000000,702.450012,683.775818,5349759,0.000000,0.000000
2022-01-25,696.000000,712.849976,690.000000,711.099976,692.195740,4482325,0.000000,0.000000
2022-01-27,699.799988,712.299988,691.000000,709.099976,690.248962,4749083,0.000000,0.000000
2022-01-28,713.000000,732.799988,707.500000,710.150024,691.271057,3543413,0.000000,0.000000
2022-01-31,719.700012,723.900024,714.549988,716.299988,697.257507,2152066,0.000000,0.000000
2022-02-01,721.000000,744.299988,720.650024,738.750000,719.110779,6052108,0.000000,0.000000
2022-02-02,723.900024,746.849976,721.500000,745.200012,725.389282,6167378,0.000000,0.000000
2022-02-03,744.049988,745.000000,729.400024,732.500000,713.026978,2689612,0.000000,0.000000
2022-02-04,735.000000,741.150024,724.000000,726.950012,707.624451,2453595,0.000000,0.000000
2022-02-07,728.799988,729.900024,713.349976,715.150024,696.138123,2610637,0.000000,0.000000
2022-02-08,719.000000,723.000000,703.000000,717.799988,698.717712,3207780,0.000000,0.000000
2022-02-09,722.000000,735.400024,719.049988,733.450012,713.951660,3186942,0.000000,0.000000
2022-02-10,736.900024,741.549988,728.049988,731.049988,711.615417,4752601,0.000000,0.000000
2022-02-11,727.900024,733.900024,719.450012,723.700012,704.460876,3621116,0.000000,0.000000
2022-02-14,714.799988,714.799988,691.000000,695.750000,677.253845,6219506,0.000000,0.000000
2022-02-15,699.700012,722.450012,690.000000,720.599976,701.443237,3319096,0.000000,0.000000
2022-02-16,724.900024,750.849976,722.099976,740.750000,721.057556,9382605,0.000000,0.000000
2022-02-17,741.099976,745.000000,731.349976,734.200012,714.681763,3407347,0.000000,0.000000
2022-02-18,729.900024,739.200012,725.500000,727.500000,708.159851,2151557,0.000000,0.000000
2022-02-21,722.700012,726.750000,709.549988,711.099976,692.195740,2805791,0.000000,0.000000
2022-02-22,698.000000,711.099976,685.000000,705.549988,686.793335,6112926,0.000000,0.000000
2022-02-23,711.000000,719.400024,705.000000,706.700012,687.912781,2978284,0.000000,0.000000
2022-02-24,682.000000,688.000000,651.950012,654.849976,637.441101,9547717,0.000000,0.000000
2022-02-25,674.500000,703.000000,670.250000,695.150024,676.669800,5738223,0.000000,0.000000
2022-02-28,690.000000,709.650024,684.500000,707.500000,688.691528,4288186,0.000000,0.000000
2022-03-02,702.950012,717.900024,697.599976,710.299988,691.417053,4448558,0.000000,0.000000
2022-03-03,718.799988,724.599976,703.000000,706.700012,687.912781,7533817,0.000000,0.000000
2022-03-04,699.900024,710.700012,689.049988,700.150024,681.536926,7941457,0.000000,0.000000
2022-03-07,690.000000,691.700012,663.549988,677.799988,659.781067,4890958,0.000000,0.000000
2022-03-08,679.650024,692.000000,670.599976,688.849976,670.537292,3831397,0.000000,0.000000
2022-03-09,697.000000,718.000000,692.700012,714.099976,695.116028,5351552,0.000000,0.000000
2022-03-10,727.900024,737.650024,720.599976,730.400024,710.982788,5850213,0.000000,0.000000
2022-03-11,729.500000,731.750000,722.299988,729.450012,710.057983,2864685,0.000000,0.000000
2022-03-14,725.950012,733.500000,724.000000,730.549988,711.128723,1905433,0.000000,0.000000
2022-03-15,733.000000,736.000000,716.250000,721.299988,702.124695,4228582,0.000000,0.000000
2022-03-16,726.000000,729.500000,721.000000,723.799988,704.558167,2693057,0.000000,0.000000
2022-03-17,730.500000,743.799988,729.549988,740.099976,720.424866,4957379,0.000000,0.000000
2022-03-21,741.000000,750.450012,725.400024,735.150024,715.606445,6662688,0.000000,0.000000
2022-03-22,735.000000,743.900024,723.049988,739.150024,719.500122,5010054,0.000000,0.000000
2022-03-23,747.950012,751.000000,731.799988,733.750000,714.243713,4698808,0.000000,0.000000
2022-03-24,733.000000,742.299988,731.000000,733.450012,713.951660,2914647,0.000000,0.000000
2022-03-25,737.000000,746.900024,730.049988,743.250000,723.491089,4003497,0.000000,0.000000
2022-03-28,747.000000,749.700012,726.549988,737.000000,717.407288,5691095,0.000000,0.000000
2022-03-29,741.000000,766.900024,738.049988,761.950012,741.693909,11423551,0.000000,0.000000
2022-03-30,768.799988,775.950012,762.099976,767.400024,746.999207,6913983,0.000000,0.000000
2022-03-31,767.400024,781.000000,765.500000,774.200012,753.618286,5468951,0.000000,0.000000
2022-04-01,774.500000,790.700012,774.500000,785.750000,764.861267,6816743,0.000000,0.000000
2022-04-04,791.000000,822.150024,783.650024,818.549988,796.789307,13743062,0.000000,0.000000
2022-04-05,840.000000,860.900024,826.000000,848.049988,825.505127,21090646,0.000000,0.000000
2022-04-06,852.950012,862.650024,840.000000,849.849976,827.257202,8785541,0.000000,0.000000
2022-04-07,850.000000,866.000000,813.599976,817.400024,795.669922,11662093,0.000000,0.000000
2022-04-08,823.000000,844.799988,817.400024,839.299988,816.987671,5777924,0.000000,0.000000
2022-04-11,840.000000,860.000000,839.299988,854.549988,831.832275,6030153,0.000000,0.000000
2022-04-12,853.900024,859.000000,835.000000,844.900024,822.438843,5597246,0.000000,0.000000
2022-04-13,849.900024,854.900024,836.500000,840.500000,818.155701,2955807,0.000000,0.000000
2022-04-18,831.349976,846.750000,821.400024,842.700012,820.297363,3969878,0.000000,0.000000
2022-04-19,849.000000,850.250000,807.000000,819.299988,797.519287,4472320,0.000000,0.000000
2022-04-20,825.599976,835.950012,820.000000,827.650024,805.647400,3071216,0.000000,0.000000
2022-04-21,833.000000,858.900024,832.299988,850.500000,827.889893,5539106,0.000000,0.000000
2022-04-22,847.450012,886.000000,840.700012,874.150024,850.911255,17864000,0.000000,0.000000
2022-04-25,873.950012,880.950012,848.650024,859.549988,836.699341,10145325,0.000000,0.000000
2022-04-26,868.000000,913.000000,865.400024,909.500000,885.321533,21010788,0.000000,0.000000
2022-04-27,914.049988,924.650024,880.000000,887.299988,863.711609,20793885,0.000000,0.000000
2022-04-28,899.000000,900.250000,876.799988,887.099976,863.516907,8778304,0.000000,0.000000
2022-04-29,892.700012,898.900024,852.099976,856.400024,833.633057,11543840,0.000000,0.000000
2022-05-02,850.000000,862.849976,838.049988,856.549988,833.779175,5760499,0.000000,0.000000
2022-05-04,860.500000,864.200012,805.799988,812.799988,791.192139,7969164,0.000000,0.000000
2022-05-05,820.900024,835.500000,806.000000,811.349976,789.780640,6597383,0.000000,0.000000
2022-05-06,797.900024,820.950012,790.200012,811.400024,789.829407,6150326,0.000000,0.000000
2022-05-09,807.450012,807.450012,783.000000,792.599976,771.529114,4768026,0.000000,0.000000
2022-05-10,795.200012,803.950012,765.049988,769.099976,748.653931,5344522,0.000000,0.000000
2022-05-11,771.000000,784.950012,749.049988,759.900024,739.698486,8985117,0.000000,0.000000
2022-05-12,759.000000,759.000000,705.299988,713.299988,694.337280,10570456,0.000000,0.000000
2022-05-13,727.000000,735.900024,701.799988,705.900024,687.134033,7247809,0.000000,0.000000
2022-05-16,715.000000,728.150024,704.000000,712.500000,693.558594,5606071,0.000000,0.000000
2022-05-17,720.000000,747.299988,715.349976,744.750000,724.951233,4430294,0.000000,0.000000
2022-05-18,752.650024,767.200012,742.000000,759.799988,739.601135,9020504,0.000000,0.000000
2022-05-19,744.000000,747.349976,730.000000,732.799988,713.318909,4445667,0.000000,0.000000
2022-05-20,749.950012,772.799988,745.099976,767.549988,747.145081,5434279,0.000000,0.000000
2022-05-23,774.849976,779.900024,751.250000,753.549988,733.517212,4787481,0.000000,0.000000
2022-05-24,756.599976,764.799988,747.500000,752.150024,732.154541,4653281,0.000000,0.000000
2022-05-25,735.000000,743.950012,705.400024,707.900024,689.080811,7699306,0.000000,0.000000
2022-05-26,712.000000,719.299988,668.150024,701.500000,682.851013,13569693,0.000000,0.000000
2022-05-27,714.099976,714.099976,697.000000,703.099976,684.408447,5815428,0.000000,0.000000
2022-05-30,714.000000,737.000000,710.000000,734.700012,715.168457,5546106,0.000000,0.000000
2022-05-31,731.099976,749.000000,728.000000,739.849976,720.181519,6346866,0.000000,0.000000
2022-06-01,739.799988,743.700012,729.049988,736.900024,717.309998,3196984,0.000000,0.000000
2022-06-02,737.000000,751.900024,730.250000,748.450012,728.552917,3536560,0.000000,0.000000
2022-06-03,758.000000,758.500000,738.750000,739.900024,720.230225,2960614,0.000000,0.000000
2022-06-06,738.500000,745.000000,725.299988,741.250000,721.544312,2753267,0.000000,0.000000
2022-06-07,739.000000,742.500000,713.400024,734.549988,715.022400,2488075,0.000000,0.000000
2022-06-08,735.549988,740.000000,725.349976,728.599976,709.230591,2839931,0.000000,0.000000
2022-06-09,726.000000,737.000000,723.099976,735.500000,715.947144,2604731,0.000000,0.000000
2022-06-10,726.000000,732.150024,718.200012,726.400024,707.089050,3377686,0.000000,0.000000
2022-06-13,711.000000,714.700012,688.799988,695.250000,676.767151,4535069,0.000000,0.000000
2022-06-14,695.400024,721.799988,693.549988,704.700012,685.965881,6144330,0.000000,0.000000
2022-06-15,710.900024,713.299988,701.599976,703.750000,685.041199,2447673,0.000000,0.000000
2022-06-16,711.950012,717.099976,677.000000,681.700012,663.577393,4301251,0.000000,0.000000
2022-06-17,677.000000,689.450012,663.000000,668.950012,651.166382,6103963,0.000000,0.000000
2022-06-20,671.000000,673.900024,653.099976,663.150024,645.520569,3507676,0.000000,0.000000
2022-06-21,670.500000,691.549988,667.099976,689.099976,670.780640,3313116,0.000000,0.000000
2022-06-22,684.900024,687.849976,665.549988,668.299988,650.533630,2964156,0.000000,0.000000
2022-06-23,672.700012,683.299988,666.200012,675.299988,657.347534,2762533,0.000000,0.000000
2022-06-24,683.000000,687.950012,677.099976,686.400024,668.152466,2740927,0.000000,0.000000
2022-06-27,698.000000,698.700012,684.900024,687.750000,669.466553,2711512,0.000000,0.000000
2022-06-28,681.000000,683.799988,670.250000,678.049988,660.024414,4596840,0.000000,0.000000
2022-06-29,675.000000,684.400024,667.000000,677.799988,659.781067,3332554,0.000000,0.000000
2022-06-30,680.549988,685.900024,666.599976,672.049988,654.183960,3502799,0.000000,0.000000
2022-07-01,670.000000,680.000000,656.000000,677.900024,659.878418,3151179,0.000000,0.000000
2022-07-04,679.849976,684.299988,673.099976,682.000000,663.869324,1874921,0.000000,0.000000
2022-07-05,686.450012,694.200012,676.950012,678.750000,660.705811,2472875,0.000000,0.000000
2022-07-06,678.000000,696.299988,677.150024,694.349976,675.891113,2634839,0.000000,0.000000
2022-07-07,701.000000,707.000000,695.000000,703.599976,684.895142,2896584,0.000000,0.000000
2022-07-08,709.900024,717.750000,706.549988,715.700012,696.673462,3880791,0.000000,0.000000
2022-07-11,715.000000,732.000000,713.049988,729.200012,709.814697,3814715,0.000000,0.000000
2022-07-12,729.000000,742.900024,726.349976,731.900024,712.442871,5846548,0.000000,0.000000
2022-07-13,737.049988,739.000000,724.349976,726.750000,707.429749,2373553,0.000000,0.000000
2022-07-14,729.000000,730.799988,716.549988,724.450012,710.076233,2859869,5.000000,0.000000
2022-07-15,737.700012,738.450012,726.099976,730.900024,716.398254,4127381,0.000000,0.000000
2022-07-18,736.950012,742.500000,732.599976,739.750000,725.072571,2403691,0.000000,0.000000
2022-07-19,736.950012,751.799988,734.049988,749.000000,734.139099,2864129,0.000000,0.000000
2022-07-20,756.950012,756.950012,741.900024,743.549988,728.797180,2176017,0.000000,0.000000
2022-07-21,747.700012,756.900024,741.200012,754.250000,739.284973,2639283,0.000000,0.000000
2022-07-22,757.650024,764.950012,751.549988,754.250000,739.284973,2854708,0.000000,0.000000
2022-07-25,757.000000,757.250000,746.049988,749.950012,735.070251,1592179,0.000000,0.000000
2022-07-26,749.900024,753.500000,745.000000,749.099976,734.237122,1803260,0.000000,0.000000
2022-07-27,748.700012,762.200012,747.049988,760.650024,745.557922,2539587,0.000000,0.000000
2022-07-28,763.650024,768.599976,757.650024,764.500000,749.331543,2696358,0.000000,0.000000
2022-07-29,769.000000,775.650024,758.849976,763.700012,748.547424,3182798,0.000000,0.000000
2022-08-01,770.000000,804.000000,765.049988,801.250000,785.352417,6459641,0.000000,0.000000
2022-08-02,800.849976,810.400024,795.000000,802.299988,786.381531,4393310,0.000000,0.000000
2022-08-03,802.799988,809.900024,795.349976,807.200012,791.184326,3326267,0.000000,0.000000
2022-08-04,811.049988,820.500000,796.500000,807.250000,791.233337,4641779,0.000000,0.000000
2022-08-05,811.099976,818.700012,805.500000,810.250000,794.173767,2807602,0.000000,0.000000
2022-08-08,812.900024,823.000000,795.349976,801.650024,785.744385,7519923,0.000000,0.000000
2022-08-10,803.000000,808.000000,778.299988,790.549988,774.864624,5541103,0.000000,0.000000
2022-08-11,794.700012,799.900024,788.299988,792.750000,777.020996,2140171,0.000000,0.000000
2022-08-12,793.500000,799.700012,785.500000,788.349976,772.708252,2281608,0.000000,0.000000
2022-08-16,792.299988,826.000000,791.150024,824.150024,807.798096,6820860,0.000000,0.000000
2022-08-17,827.349976,831.950012,821.150024,824.750000,808.386169,3694850,0.000000,0.000000
2022-08-18,824.750000,836.450012,820.450012,833.049988,816.521423,3836669,0.000000,0.000000
2022-08-19,837.250000,883.900024,833.950012,871.799988,854.502563,24506694,0.000000,0.000000
2022-08-22,876.200012,891.900024,837.349976,840.250000,823.578552,14693558,0.000000,0.000000
2022-08-23,835.799988,857.200012,806.099976,832.500000,815.982361,13515300,0.000000,0.000000
2022-08-24,830.250000,838.150024,817.099976,836.299988,819.706970,6558722,0.000000,0.000000
2022-08-25,840.500000,842.349976,812.299988,816.000000,799.809753,6287921,0.000000,0.000000
2022-08-26,821.000000,845.000000,817.650024,837.700012,821.079163,8513113,0.000000,0.000000
2022-08-29,815.099976,844.599976,815.000000,836.400024,819.804993,6652807,0.000000,0.000000
2022-08-30,844.000000,860.599976,838.700012,842.150024,825.440918,9490984,0.000000,0.000000
2022-09-01,841.799988,846.549988,831.349976,837.799988,821.177185,3888408,0.000000,0.000000
2022-09-02,842.000000,860.900024,838.049988,851.950012,835.046448,8840020,0.000000,0.000000
2022-09-05,854.950012,864.900024,848.200012,850.900024,834.017273,5434684,0.000000,0.000000
2022-09-06,854.700012,858.549988,844.049988,850.349976,833.478210,3380947,0.000000,0.000000
2022-09-07,847.000000,878.750000,845.099976,874.900024,857.541077,8930248,0.000000,0.000000
2022-09-08,880.599976,888.400024,867.000000,885.049988,867.489746,7943521,0.000000,0.000000
2022-09-09,888.799988,925.000000,887.000000,906.849976,888.857178,18369177,0.000000,0.000000
2022-09-12,914.700012,942.000000,911.000000,938.500000,919.879211,12571292,0.000000,0.000000
2022-09-13,946.000000,953.900024,933.000000,948.799988,929.974792,9651873,0.000000,0.000000
2022-09-14,941.000000,958.799988,939.000000,947.849976,929.043640,8500355,0.000000,0.000000
2022-09-15,955.000000,972.700012,950.400024,968.549988,949.332947,8703534,0.000000,0.000000
2022-09-16,970.250000,976.450012,926.150024,938.200012,919.585205,10712402,0.000000,0.000000
2022-09-19,942.900024,972.599976,935.299988,959.599976,940.560547,7922869,0.000000,0.000000
2022-09-20,974.200012,987.849976,967.000000,970.250000,950.999207,7539047,0.000000,0.000000
2022-09-21,974.000000,976.099976,917.099976,932.900024,914.390381,13178269,0.000000,0.000000
2022-09-22,933.900024,953.500000,928.049988,946.650024,927.867493,8855564,0.000000,0.000000
2022-09-23,950.000000,950.849976,910.150024,913.799988,895.669250,6646619,0.000000,0.000000
2022-09-26,909.000000,909.900024,855.250000,863.400024,846.269226,9880236,0.000000,0.000000
2022-09-27,861.000000,875.000000,833.799988,844.200012,827.450256,11598728,0.000000,0.000000
2022-09-28,835.900024,847.000000,823.349976,827.099976,810.689514,7040943,0.000000,0.000000
2022-09-29,839.000000,847.500000,813.049988,816.400024,800.201782,7476709,0.000000,0.000000
2022-09-30,822.500000,830.450012,801.000000,820.650024,804.367493,10406215,0.000000,0.000000
2022-10-03,821.000000,834.400024,773.150024,784.400024,768.836731,12903551,0.000000,0.000000
2022-10-04,804.000000,826.299988,790.099976,823.049988,806.719849,10445528,0.000000,0.000000
2022-10-06,832.900024,835.000000,822.299988,824.099976,807.749023,6175752,0.000000,0.000000
2022-10-07,821.000000,826.000000,806.349976,816.900024,800.691895,6086925,0.000000,0.000000
2022-10-10,807.500000,813.950012,799.000000,808.099976,792.066467,4642360,0.000000,0.000000
2022-10-11,814.000000,820.599976,795.250000,797.349976,781.529785,6193388,0.000000,0.000000
2022-10-12,801.000000,806.500000,786.349976,803.900024,787.949829,5628537,0.000000,0.000000
2022-10-13,807.000000,811.750000,777.000000,784.750000,769.179749,7491563,0.000000,0.000000
2022-10-14,804.000000,806.599976,778.250000,780.099976,764.622009,4562526,0.000000,0.000000
2022-10-17,782.099976,789.950012,771.650024,786.200012,770.601013,4602870,0.000000,0.000000
2022-10-18,791.450012,815.000000,790.500000,809.950012,793.879761,7372253,0.000000,0.000000
2022-10-19,814.000000,823.450012,801.150024,805.049988,789.076904,5222275,0.000000,0.000000
2022-10-20,801.000000,822.250000,795.049988,820.049988,803.779358,4481441,0.000000,0.000000
2022-10-21,824.200012,824.200012,799.400024,801.650024,785.744385,5266210,0.000000,0.000000
2022-10-24,808.000000,810.000000,802.000000,805.500000,789.518127,665021,0.000000,0.000000
2022-10-25,806.700012,812.750000,797.099976,800.349976,784.470215,4485050,0.000000,0.000000
2022-10-27,805.000000,824.000000,795.000000,821.250000,804.955566,7110289,0.000000,0.000000
2022-10-28,824.000000,834.799988,817.299988,820.299988,804.024353,6898541,0.000000,0.000000
2022-10-31,824.000000,831.000000,819.500000,823.549988,807.209961,4487537,0.000000,0.000000
2022-11-01,827.700012,844.900024,823.549988,841.799988,825.097778,7769108,0.000000,0.000000
2022-11-02,850.000000,850.000000,829.000000,833.400024,816.864502,11859603,0.000000,0.000000
2022-11-03,825.000000,837.799988,823.500000,833.849976,817.305603,6632872,0.000000,0.000000
2022-11-04,837.000000,867.000000,832.000000,862.900024,845.779236,11128361,0.000000,0.000000
2022-11-07,867.200012,869.000000,845.549988,853.000000,836.075562,7995787,0.000000,0.000000
2022-11-09,859.500000,901.000000,859.000000,890.799988,873.125549,20088415,0.000000,0.000000
2022-11-10,894.000000,898.000000,876.299988,893.450012,875.723083,9906420,0.000000,0.000000
2022-11-11,905.000000,907.799988,890.799988,894.500000,876.752136,8777095,0.000000,0.000000
2022-11-14,895.000000,907.500000,885.000000,895.049988,877.291260,7653024,0.000000,0.000000
2022-11-15,898.900024,915.500000,895.000000,906.900024,888.906189,10675723,0.000000,0.000000
2022-11-16,915.000000,916.000000,874.400024,887.349976,869.744080,11504802,0.000000,0.000000
2022-11-17,886.000000,897.700012,880.500000,890.849976,873.174561,5190475,0.000000,0.000000
2022-11-18,892.049988,894.900024,879.599976,888.900024,871.263367,5384458,0.000000,0.000000
2022-11-21,885.000000,888.000000,869.000000,871.599976,854.306519,6108453,0.000000,0.000000
2022-11-22,871.599976,885.750000,870.500000,882.450012,864.941284,5466001,0.000000,0.000000
2022-11-23,885.450012,887.500000,866.650024,873.599976,856.266846,5319949,0.000000,0.000000
2022-11-24,873.900024,882.500000,868.299988,876.650024,859.256348,5111180,0.000000,0.000000
2022-11-25,877.000000,881.000000,872.099976,879.599976,862.147766,5079099,0.000000,0.000000
2022-11-28,876.000000,885.250000,873.500000,878.599976,861.167664,4168244,0.000000,0.000000
2022-11-29,878.000000,891.799988,874.650024,878.200012,860.775574,3663099,0.000000,0.000000
2022-11-30,878.900024,884.150024,873.299988,881.000000,863.520020,3797377,0.000000,0.000000
2022-12-01,884.750000,896.500000,882.000000,890.549988,872.880615,4491806,0.000000,0.000000
2022-12-02,894.000000,903.599976,884.250000,888.200012,870.577209,6279538,0.000000,0.000000
2022-12-05,891.599976,896.500000,878.549988,893.150024,875.429016,3966501,0.000000,0.000000
2022-12-06,893.799988,902.299988,886.000000,896.450012,878.663574,4836193,0.000000,0.000000
2022-12-07,897.799988,902.500000,884.799988,886.750000,869.156006,2867882,0.000000,0.000000
2022-12-08,888.000000,898.500000,887.349976,892.900024,875.183960,2822061,0.000000,0.000000
2022-12-09,896.049988,912.000000,882.200012,890.750000,873.076599,6979639,0.000000,0.000000
2022-12-12,892.049988,894.849976,878.549988,881.299988,863.814087,3412185,0.000000,0.000000
2022-12-13,884.950012,898.000000,881.299988,894.799988,877.046265,3821073,0.000000,0.000000
2022-12-14,897.200012,908.500000,891.650024,900.549988,882.682129,4930906,0.000000,0.000000
2022-12-15,900.250000,906.950012,880.349976,883.950012,866.411499,3679459,0.000000,0.000000
2022-12-16,882.950012,890.950012,854.400024,860.450012,843.377747,7791763,0.000000,0.000000
2022-12-19,860.450012,896.000000,859.599976,892.849976,875.134949,5205837,0.000000,0.000000
2022-12-20,894.099976,895.299988,871.299988,884.250000,866.705566,4023275,0.000000,0.000000
2022-12-21,887.000000,893.000000,851.549988,857.650024,840.633423,4660583,0.000000,0.000000
2022-12-22,864.700012,874.299988,845.549988,856.900024,839.898254,5517570,0.000000,0.000000
2022-12-23,853.000000,853.950012,790.200012,794.099976,778.344238,9112806,0.000000,0.000000
2022-12-26,798.000000,812.000000,785.299988,806.049988,790.057068,7205540,0.000000,0.000000
2022-12-27,810.099976,821.200012,798.099976,817.150024,800.936890,4872234,0.000000,0.000000
2022-12-28,815.750000,817.000000,808.799988,810.349976,794.271790,3624974,0.000000,0.000000
2022-12-29,807.000000,822.500000,799.549988,819.549988,803.289307,5308353,0.000000,0.000000
2022-12-30,822.450012,826.750000,815.599976,818.099976,801.867981,3252956,0.000000,0.000000
2023-01-02,823.000000,826.750000,816.299988,822.299988,805.984680,2042294,0.000000,0.000000
2023-01-03,822.250000,826.400024,817.799988,820.450012,804.171509,2166531,0.000000,0.000000
2023-01-04,820.799988,822.000000,806.500000,810.000000,793.928833,3260112,0.000000,0.000000
2023-01-05,814.049988,821.599976,797.000000,819.599976,803.338318,3119740,0.000000,0.000000
2023-01-06,819.900024,824.400024,803.500000,806.099976,790.106140,2892006,0.000000,0.000000
2023-01-09,810.450012,820.250000,809.099976,816.650024,800.446838,2040072,0.000000,0.000000
2023-01-10,817.000000,820.650024,781.099976,796.400024,780.598633,4545808,0.000000,0.000000
2023-01-11,800.000000,803.099976,789.049988,796.450012,780.647583,3618663,0.000000,0.000000
2023-01-12,796.700012,799.450012,786.099976,792.950012,777.217102,2670641,0.000000,0.000000
2023-01-13,795.599976,800.250000,786.000000,794.650024,778.883301,4059998,0.000000,0.000000
2023-01-16,797.000000,797.500000,784.400024,787.049988,771.434143,3601251,0.000000,0.000000
2023-01-17,788.349976,791.450012,778.099976,784.750000,769.179749,2948618,0.000000,0.000000
2023-01-18,784.000000,795.849976,776.599976,786.500000,770.895020,5585785,0.000000,0.000000
2023-01-19,783.950012,783.950012,771.750000,776.049988,760.652344,5086667,0.000000,0.000000
2023-01-20,776.000000,786.599976,772.450012,774.450012,759.084106,3328697,0.000000,0.000000
2023-01-23,778.349976,778.349976,762.400024,769.049988,753.791260,4283589,0.000000,0.000000
2023-01-24,769.150024,774.000000,758.000000,761.200012,746.097046,3011438,0.000000,0.000000
2023-01-25,753.000000,756.900024,706.000000,713.150024,699.000366,17085455,0.000000,0.000000
2023-01-27,699.000000,699.849976,537.000000,596.950012,585.105896,64194046,0.000000,0.000000
2023-01-30,620.000000,656.599976,566.950012,597.000000,585.154907,58256575,0.000000,0.000000
2023-01-31,600.000000,626.900024,588.099976,612.650024,600.494385,33272489,0.000000,0.000000
2023-02-01,627.000000,629.000000,459.500000,495.149994,485.325714,46557720,0.000000,0.000000
2023-02-02,510.000000,534.000000,424.049988,462.450012,453.274536,115517458,0.000000,0.000000
2023-02-03,459.000000,507.000000,395.100006,498.850006,488.952301,89662866,0.000000,0.000000
2023-02-06,498.000000,548.700012,476.700012,545.450012,534.627747,38363919,0.000000,0.000000
2023-02-07,550.000000,598.450012,543.000000,553.150024,542.174927,46650736,0.000000,0.000000
2023-02-08,564.000000,605.000000,563.000000,599.250000,587.360229,31111885,0.000000,0.000000
2023-02-09,587.250000,589.000000,546.200012,582.299988,570.746521,22494005,0.000000,0.000000
2023-02-10,573.599976,599.900024,560.000000,583.950012,572.363831,12527188,0.000000,0.000000
2023-02-13,587.900024,596.099976,537.400024,553.700012,542.714050,19528545,0.000000,0.000000
2023-02-14,551.000000,581.250000,538.299988,565.099976,553.887817,17976429,0.000000,0.000000
2023-02-15,567.799988,578.849976,561.900024,569.049988,557.759399,9259895,0.000000,0.000000
2023-02-16,580.000000,590.799988,573.299988,577.200012,565.747742,9909820,0.000000,0.000000
2023-02-17,579.000000,586.000000,569.099976,578.650024,567.168945,8880620,0.000000,0.000000
2023-02-20,567.299988,581.650024,560.000000,579.700012,568.198181,9507162,0.000000,0.000000
2023-02-21,585.000000,593.799988,579.200012,583.200012,571.628784,7702230,0.000000,0.000000
2023-02-22,583.500000,583.549988,540.000000,547.099976,536.244934,10994235,0.000000,0.000000
2023-02-23,539.500000,558.150024,533.650024,551.849976,540.900696,10711597,0.000000,0.000000
2023-02-24,557.000000,565.900024,543.200012,558.900024,547.810913,8631548,0.000000,0.000000
2023-02-27,559.000000,571.950012,553.099976,562.000000,550.849365,8484384,0.000000,0.000000
2023-02-28,563.000000,614.450012,551.950012,592.450012,580.695190,25360275,0.000000,0.000000
2023-03-01,598.000000,616.000000,594.599976,602.099976,590.153748,18661166,0.000000,0.000000
2023-03-02,603.950012,625.000000,585.599976,622.900024,610.541077,21080489,0.000000,0.000000
2023-03-03,663.000000,704.000000,650.549988,684.650024,671.065918,42832968,0.000000,0.000000
2023-03-06,690.000000,722.750000,681.099976,690.750000,677.044800,37435406,0.000000,0.000000
2023-03-08,700.000000,715.000000,682.000000,712.049988,697.922241,20232587,0.000000,0.000000
2023-03-09,713.900024,716.599976,686.000000,697.250000,683.415833,17041388,0.000000,0.000000
2023-03-10,684.799988,701.750000,680.650024,697.799988,683.954895,12138642,0.000000,0.000000
2023-03-13,703.700012,710.549988,677.150024,681.200012,667.684265,9693337,0.000000,0.000000
2023-03-14,681.200012,684.549988,638.599976,654.500000,641.514038,18147337,0.000000,0.000000
2023-03-15,661.549988,687.849976,657.250000,679.349976,665.871033,15514873,0.000000,0.000000
2023-03-16,686.900024,692.349976,675.150024,679.599976,666.116028,12992236,0.000000,0.000000
2023-03-17,688.500000,691.750000,671.299988,680.349976,666.851135,7625895,0.000000,0.000000
2023-03-20,671.000000,677.750000,659.299988,666.750000,653.520996,5250369,0.000000,0.000000
2023-03-21,671.500000,674.400024,661.200012,664.799988,651.609680,5011027,0.000000,0.000000
2023-03-22,669.900024,671.900024,654.150024,657.150024,644.111572,4457720,0.000000,0.000000
2023-03-23,655.000000,667.349976,652.049988,654.950012,641.955139,4491324,0.000000,0.000000
2023-03-24,658.200012,660.650024,633.950012,638.000000,625.341431,6072701,0.000000,0.000000
2023-03-27,638.000000,644.849976,625.500000,629.099976,616.617981,5621870,0.000000,0.000000
2023-03-28,622.599976,627.799988,571.549988,593.400024,581.626343,19860622,0.000000,0.000000
2023-03-29,593.349976,642.549988,590.099976,636.650024,624.018250,17057169,0.000000,0.000000
2023-03-31,643.900024,655.400024,627.349976,631.900024,619.362488,9466910,0.000000,0.000000
2023-04-03,638.549988,639.000000,622.150024,627.799988,615.343811,6072184,0.000000,0.000000
2023-04-05,626.900024,639.799988,625.049988,636.750000,624.116272,6622367,0.000000,0.000000
2023-04-06,637.000000,651.349976,631.549988,641.599976,628.869934,7094042,0.000000,0.000000
2023-04-10,646.000000,657.000000,643.000000,652.000000,639.063660,4254629,0.000000,0.000000
2023-04-11,655.000000,660.250000,647.400024,653.950012,640.975037,3798770,0.000000,0.000000
2023-04-12,656.000000,662.000000,650.000000,657.750000,644.699585,4271203,0.000000,0.000000
2023-04-13,659.700012,664.900024,653.400024,661.650024,648.522217,3306659,0.000000,0.000000
2023-04-17,663.000000,666.700012,658.000000,664.700012,651.511658,2731225,0.000000,0.000000
2023-04-18,668.000000,671.400024,651.049988,658.549988,645.483704,2964854,0.000000,0.000000
2023-04-19,659.000000,665.000000,654.900024,658.400024,645.336731,2683546,0.000000,0.000000
2023-04-20,663.000000,678.500000,661.200012,666.099976,652.883850,5009410,0.000000,0.000000
2023-04-21,668.000000,670.599976,658.650024,661.599976,648.473145,1982614,0.000000,0.000000
2023-04-24,665.099976,672.750000,656.000000,671.299988,657.980713,3357178,0.000000,0.000000
2023-04-25,675.000000,682.500000,668.849976,671.450012,658.127747,4814190,0.000000,0.000000
2023-04-26,671.000000,671.599976,662.099976,664.700012,651.511658,3373385,0.000000,0.000000
2023-04-27,667.900024,668.200012,657.200012,659.750000,646.659912,3197568,0.000000,0.000000
2023-04-28,666.200012,683.000000,662.150024,681.299988,667.782227,6162262,0.000000,0.000000
2023-05-02,683.799988,685.900024,672.599976,681.500000,667.978333,5563089,0.000000,0.000000
2023-05-03,675.000000,684.849976,656.750000,669.650024,656.363525,5645727,0.000000,0.000000
2023-05-04,670.000000,682.000000,667.700012,679.750000,666.263062,5124811,0.000000,0.000000
2023-05-05,682.799988,693.599976,677.500000,683.900024,670.330750,5193692,0.000000,0.000000
2023-05-08,684.700012,690.650024,678.599976,685.099976,671.506897,3671007,0.000000,0.000000
2023-05-09,685.099976,695.900024,684.500000,690.500000,676.799744,4029312,0.000000,0.000000
2023-05-10,692.000000,692.400024,685.549988,691.000000,677.289856,1794579,0.000000,0.000000
2023-05-11,694.000000,714.000000,692.250000,708.799988,694.736572,5979387,0.000000,0.000000
2023-05-12,712.000000,712.000000,695.049988,700.000000,686.111267,4025355,0.000000,0.000000
2023-05-15,699.799988,701.700012,687.500000,694.049988,680.279358,2616737,0.000000,0.000000
2023-05-16,694.049988,698.799988,685.299988,687.000000,673.369202,1403759,0.000000,0.000000
2023-05-17,687.250000,691.950012,682.549988,684.599976,671.016785,2295396,0.000000,0.000000
2023-05-18,689.700012,689.700012,661.299988,664.950012,651.756714,4405410,0.000000,0.000000
2023-05-19,664.000000,694.150024,659.500000,688.099976,674.447388,6340270,0.000000,0.000000
2023-05-22,698.900024,753.400024,693.150024,729.700012,715.222046,30204070,0.000000,0.000000
2023-05-23,744.299988,785.650024,730.000000,734.049988,719.485657,39497528,0.000000,0.000000
2023-05-24,739.000000,739.000000,708.750000,718.250000,703.999146,12809164,0.000000,0.000000
2023-05-25,717.000000,727.000000,705.599976,724.500000,710.125183,7458008,0.000000,0.000000
2023-05-26,729.099976,730.349976,720.599976,726.849976,712.428528,4507617,0.000000,0.000000
2023-05-29,731.000000,740.000000,728.049988,737.500000,722.867249,4302323,0.000000,0.000000
2023-05-30,740.000000,742.349976,727.650024,734.049988,719.485657,4785799,0.000000,0.000000
2023-05-31,736.000000,749.000000,721.299988,738.849976,724.190430,13649365,0.000000,0.000000
2023-06-01,730.500000,744.950012,729.000000,732.049988,717.525330,3771760,0.000000,0.000000
2023-06-02,738.000000,744.000000,734.000000,736.599976,721.985107,5554473,0.000000,0.000000
2023-06-05,738.000000,744.000000,735.000000,738.799988,724.141479,5166097,0.000000,0.000000
2023-06-06,742.900024,747.000000,740.000000,745.400024,730.610535,5492469,0.000000,0.000000
2023-06-07,750.000000,751.000000,741.950012,743.750000,728.993164,2129238,0.000000,0.000000
2023-06-08,744.950012,749.000000,733.000000,736.400024,721.789185,2141709,0.000000,0.000000
2023-06-09,738.000000,742.000000,733.000000,734.950012,720.367859,1335172,0.000000,0.000000
2023-06-12,735.200012,746.549988,733.549988,742.099976,727.375916,4571836,0.000000,0.000000
2023-06-13,741.000000,742.400024,735.049988,737.849976,723.210266,3636359,0.000000,0.000000
2023-06-14,736.349976,742.750000,735.799988,739.349976,724.680542,3900945,0.000000,0.000000
2023-06-15,737.299988,748.700012,737.000000,739.500000,724.827576,6448934,0.000000,0.000000
2023-06-16,741.000000,749.700012,740.799988,747.400024,732.570801,6800269,0.000000,0.000000
2023-06-19,749.900024,749.900024,731.000000,735.650024,721.054016,5256363,0.000000,0.000000
2023-06-20,738.000000,742.000000,730.200012,737.799988,723.161316,6753358,0.000000,0.000000
2023-06-21,739.900024,753.250000,733.299988,749.450012,734.580139,9312613,0.000000,0.000000
2023-06-22,755.000000,758.000000,741.000000,745.599976,730.806580,10061086,0.000000,0.000000
2023-06-23,741.000000,741.000000,703.000000,714.299988,700.127563,15398550,0.000000,0.000000
2023-06-26,710.000000,726.299988,705.099976,724.400024,710.027161,5696079,0.000000,0.000000
2023-06-27,724.349976,730.450012,716.000000,720.250000,705.959473,6935089,0.000000,0.000000
2023-06-28,722.950012,759.000000,721.799988,756.500000,741.490295,17910387,0.000000,0.000000
2023-06-30,752.799988,759.900024,738.000000,739.250000,724.582520,6629272,0.000000,0.000000
2023-07-03,744.500000,747.450012,732.700012,737.400024,722.769287,2808490,0.000000,0.000000
2023-07-04,740.049988,751.000000,735.000000,741.700012,726.984009,3263045,0.000000,0.000000
2023-07-05,741.000000,746.900024,734.049988,742.750000,728.013062,2212779,0.000000,0.000000
2023-07-06,742.400024,745.900024,738.200012,740.049988,725.366699,1949877,0.000000,0.000000
2023-07-07,739.950012,740.000000,716.200012,718.700012,704.440308,4248724,0.000000,0.000000
2023-07-10,722.000000,730.000000,708.000000,720.099976,705.812500,5135483,0.000000,0.000000
2023-07-11,723.950012,732.450012,719.049988,729.900024,715.418091,2716491,0.000000,0.000000
2023-07-12,731.849976,732.450012,722.000000,724.200012,709.831177,1349350,0.000000,0.000000
2023-07-13,724.950012,729.250000,715.000000,717.200012,702.970093,1378288,0.000000,0.000000
2023-07-14,718.650024,727.450012,714.700012,726.099976,711.693481,2043145,0.000000,0.000000
2023-07-17,730.200012,742.799988,730.099976,731.049988,716.545166,2683898,0.000000,0.000000
2023-07-18,731.000000,747.500000,725.599976,728.150024,713.702698,4464508,0.000000,0.000000
2023-07-19,731.900024,735.450012,729.000000,731.400024,716.888367,1039827,0.000000,0.000000
2023-07-20,733.450012,735.950012,728.099976,732.450012,717.917419,1423489,0.000000,0.000000
2023-07-21,728.799988,735.349976,726.299988,728.450012,713.996826,1491198,0.000000,0.000000
2023-07-24,730.000000,740.250000,728.450012,735.299988,720.710938,1919024,0.000000,0.000000
2023-07-25,737.650024,752.000000,733.150024,749.250000,734.384094,3210148,0.000000,0.000000
2023-07-26,752.950012,765.400024,745.000000,752.650024,737.716614,5868377,0.000000,0.000000
2023-07-27,753.900024,758.849976,741.900024,748.750000,733.893982,2243079,0.000000,0.000000
2023-07-28,750.000000,760.799988,743.099976,755.700012,745.685730,3257195,5.000000,0.000000
2023-07-31,758.650024,780.000000,754.400024,777.849976,767.542114,5854918,0.000000,0.000000
2023-08-01,778.950012,781.000000,761.599976,765.349976,755.207825,2590545,0.000000,0.000000
2023-08-02,767.000000,773.900024,751.549988,761.450012,751.359497,3017482,0.000000,0.000000
2023-08-03,761.450012,779.500000,753.400024,773.349976,763.101746,4135776,0.000000,0.000000
2023-08-04,776.450012,779.900024,768.750000,775.250000,764.976624,2758619,0.000000,0.000000
2023-08-07,777.049988,794.650024,771.200012,791.400024,780.912659,4175164,0.000000,0.000000
2023-08-08,793.750000,805.000000,764.299988,784.200012,773.808044,11993737,0.000000,0.000000
2023-08-09,792.700012,806.849976,784.000000,791.099976,780.616577,7007648,0.000000,0.000000
2023-08-10,793.000000,819.799988,792.000000,802.799988,792.161499,8064730,0.000000,0.000000
2023-08-11,806.900024,810.450012,794.250000,801.049988,790.434692,9040236,0.000000,0.000000
2023-08-14,781.000000,794.200012,771.099976,787.150024,776.718933,17841454,0.000000,0.000000
2023-08-16,786.000000,786.000000,772.450012,776.099976,765.815369,11481440,0.000000,0.000000
2023-08-17,778.000000,813.599976,776.849976,809.650024,798.920715,14011644,0.000000,0.000000
2023-08-18,807.000000,849.599976,804.299988,835.900024,824.822876,22502392,0.000000,0.000000
2023-08-21,840.099976,864.099976,838.500000,858.150024,846.778076,17432300,0.000000,0.000000
2023-08-22,863.900024,869.000000,853.349976,854.500000,843.176392,8037324,0.000000,0.000000
2023-08-23,858.549988,862.450012,820.099976,825.700012,814.758118,4748732,0.000000,0.000000
2023-08-24,834.000000,844.400024,820.200012,822.349976,811.452454,4692796,0.000000,0.000000
2023-08-25,823.000000,830.400024,803.500000,806.599976,795.911133,4442243,0.000000,0.000000
2023-08-28,816.000000,824.000000,798.500000,807.450012,796.749878,5067265,0.000000,0.000000
2023-08-29,809.500000,830.799988,800.049988,823.549988,812.636597,5935085,0.000000,0.000000
2023-08-30,828.000000,833.000000,816.599976,818.700012,807.850830,8592012,0.000000,0.000000
2023-08-31,803.900024,810.900024,787.700012,792.200012,781.702026,9998925,0.000000,0.000000
2023-09-01,780.000000,808.000000,779.650024,799.500000,788.905212,11900199,0.000000,0.000000
2023-09-04,807.549988,811.750000,795.549988,801.049988,790.434692,12522148,0.000000,0.000000
2023-09-05,805.000000,810.900024,797.500000,804.950012,794.283020,10483413,0.000000,0.000000
2023-09-06,806.000000,808.500000,800.450012,807.049988,796.355225,6729598,0.000000,0.000000
2023-09-07,809.700012,812.950012,805.049988,809.900024,799.167419,9787939,0.000000,0.000000
2023-09-08,810.900024,828.799988,810.150024,825.000000,814.067383,11683222,0.000000,0.000000
2023-09-11,840.000000,887.200012,835.000000,882.450012,870.756042,20638175,0.000000,0.000000
2023-09-12,889.500000,889.500000,853.049988,858.750000,847.370117,8036897,0.000000,0.000000
2023-09-13,859.000000,867.200012,843.150024,849.700012,838.440002,7180448,0.000000,0.000000
2023-09-14,854.049988,857.849976,841.000000,849.799988,838.538696,6234825,0.000000,0.000000
2023-09-15,846.000000,854.599976,841.500000,845.650024,834.443787,4013431,0.000000,0.000000
2023-09-18,848.049988,848.049988,828.150024,831.250000,820.234558,2801202,0.000000,0.000000
2023-09-20,832.000000,837.599976,815.000000,818.049988,807.209351,3016411,0.000000,0.000000
2023-09-21,821.150024,842.400024,820.000000,831.099976,820.086487,6437320,0.000000,0.000000
2023-09-22,833.900024,838.700012,822.099976,827.049988,816.090210,3156509,0.000000,0.000000
2023-09-25,828.700012,831.700012,818.950012,825.650024,814.708801,2395763,0.000000,0.000000
2023-09-26,826.099976,831.000000,819.000000,821.349976,810.465698,1569635,0.000000,0.000000
2023-09-27,825.799988,833.000000,821.500000,830.700012,819.691772,2463842,0.000000,0.000000
2023-09-28,833.250000,841.349976,819.150024,823.099976,812.192505,5057959,0.000000,0.000000
2023-09-29,826.500000,832.500000,822.299988,825.150024,814.215393,1468496,0.000000,0.000000
2023-10-03,826.000000,836.750000,824.250000,831.400024,820.382507,2453090,0.000000,0.000000
2023-10-04,830.950012,845.450012,819.349976,824.599976,813.672607,4096647,0.000000,0.000000
2023-10-05,830.849976,832.000000,820.250000,825.200012,814.264709,2083505,0.000000,0.000000
2023-10-06,830.000000,836.500000,826.400024,830.750000,819.741211,1877058,0.000000,0.000000
2023-10-09,815.000000,818.799988,785.000000,790.049988,779.580444,5994282,0.000000,0.000000
2023-10-10,800.549988,823.700012,800.549988,819.500000,808.640198,7591327,0.000000,0.000000
2023-10-11,827.400024,827.400024,812.349976,814.849976,804.051758,3281387,0.000000,0.000000
2023-10-12,818.549988,823.250000,812.549988,814.950012,804.150513,2563606,0.000000,0.000000
2023-10-13,812.000000,824.799988,805.849976,813.750000,802.966431,3801000,0.000000,0.000000
2023-10-16,818.500000,818.500000,803.250000,805.650024,794.973755,2664794,0.000000,0.000000
2023-10-17,812.000000,814.400024,804.000000,805.099976,794.431030,2162192,0.000000,0.000000
2023-10-18,808.950012,809.049988,795.400024,798.599976,788.017151,2271927,0.000000,0.000000
2023-10-19,796.750000,797.299988,787.450012,792.849976,782.343384,2862500,0.000000,0.000000
2023-10-20,791.799988,803.000000,788.650024,793.650024,783.132812,2434862,0.000000,0.000000
2023-10-23,793.650024,795.799988,769.900024,771.450012,761.226990,2002377,0.000000,0.000000
2023-10-25,772.500000,783.349976,761.049988,769.099976,758.908142,2581498,0.000000,0.000000
2023-10-26,764.000000,771.799988,754.500000,770.349976,760.141479,3855358,0.000000,0.000000
2023-10-27,774.900024,786.400024,773.049988,782.400024,772.031860,2995404,0.000000,0.000000
2023-10-30,785.900024,794.400024,779.799988,785.000000,774.597412,3522068,0.000000,0.000000
2023-10-31,789.799988,791.099976,782.500000,784.750000,774.350708,2825760,0.000000,0.000000
2023-11-01,784.750000,790.500000,767.200012,769.099976,758.908142,2693768,0.000000,0.000000
2023-11-02,776.900024,783.500000,772.049988,774.299988,764.039246,1741799,0.000000,0.000000
2023-11-03,780.000000,798.799988,777.299988,795.400024,784.859619,4310765,0.000000,0.000000
2023-11-06,801.500000,806.250000,799.299988,802.500000,791.865540,2270316,0.000000,0.000000
2023-11-07,803.000000,808.400024,796.000000,797.549988,786.981079,2394891,0.000000,0.000000
2023-11-08,802.000000,823.799988,800.049988,818.700012,807.850830,5123208,0.000000,0.000000
2023-11-09,825.000000,827.700012,798.099976,806.200012,795.516479,4982049,0.000000,0.000000
2023-11-10,808.000000,818.799988,806.200012,808.599976,797.884644,3903183,0.000000,0.000000
2023-11-13,810.000000,828.000000,807.500000,809.849976,799.118042,1050882,0.000000,0.000000
2023-11-15,818.000000,818.000000,809.049988,810.750000,800.006165,1694698,0.000000,0.000000
2023-11-16,814.400024,818.400024,808.099976,813.599976,802.818359,1689762,0.000000,0.000000
2023-11-17,811.700012,821.950012,809.049988,810.049988,799.315430,3218979,0.000000,0.000000
2023-11-20,810.049988,816.000000,801.099976,803.599976,792.950928,3227659,0.000000,0.000000
2023-11-21,805.000000,814.900024,799.299988,801.349976,790.730713,3643664,0.000000,0.000000
2023-11-22,804.000000,804.950012,788.549988,791.900024,781.406006,3212329,0.000000,0.000000
2023-11-23,795.000000,804.700012,791.450012,793.099976,782.590088,3776615,0.000000,0.000000
2023-11-24,795.900024,802.950012,785.000000,795.549988,785.007568,4421350,0.000000,0.000000
2023-11-28,806.000000,854.400024,806.000000,837.700012,826.599060,15929818,0.000000,0.000000
2023-11-29,850.000000,850.000000,833.299988,835.549988,824.477539,8057644,0.000000,0.000000
2023-11-30,839.000000,839.000000,823.000000,825.500000,814.560669,5998210,0.000000,0.000000
2023-12-01,839.200012,839.200012,825.500000,827.799988,816.830261,2932775,0.000000,0.000000
2023-12-04,865.000000,883.349976,858.500000,878.650024,867.006409,11064795,0.000000,0.000000
2023-12-05,884.000000,1024.300049,880.000000,1013.099976,999.674683,46564412,0.000000,0.000000
2023-12-06,1045.000000,1082.500000,1008.099976,1017.950012,1004.460388,41008947,0.000000,0.000000
2023-12-07,1029.000000,1058.750000,1021.650024,1039.650024,1025.872925,14840081,0.000000,0.000000
2023-12-08,1048.000000,1055.000000,992.299988,1022.950012,1009.394165,12202462,0.000000,0.000000
2023-12-11,1026.800049,1048.000000,1015.650024,1031.900024,1018.225586,7889666,0.000000,0.000000
2023-12-12,1037.050049,1048.449951,1023.250000,1041.949951,1028.142334,4902289,0.000000,0.000000
2023-12-13,1045.000000,1075.000000,1028.800049,1063.500000,1049.406738,8151639,0.000000,0.000000
2023-12-14,1080.000000,1089.900024,1063.000000,1074.699951,1060.458374,8004131,0.000000,0.000000
2023-12-15,1079.000000,1086.500000,1067.050049,1078.550049,1064.257324,11672787,0.000000,0.000000
2023-12-18,1079.000000,1102.400024,1072.750000,1094.300049,1079.798706,5448342,0.000000,0.000000
2023-12-19,1095.000000,1099.000000,1068.599976,1074.000000,1059.767700,5993252,0.000000,0.000000
2023-12-20,1078.000000,1083.849976,1005.000000,1012.150024,998.737305,8467564,0.000000,0.000000
2023-12-21,996.150024,1028.000000,989.250000,1018.950012,1005.447205,5352057,0.000000,0.000000
2023-12-22,1034.000000,1050.949951,1019.000000,1027.500000,1013.883850,5252106,0.000000,0.000000
2023-12-26,1034.099976,1041.000000,1026.099976,1028.750000,1015.117310,2176775,0.000000,0.000000
2023-12-27,1037.000000,1037.050049,1018.000000,1024.400024,1010.824951,2803997,0.000000,0.000000
2023-12-28,1029.550049,1031.199951,1014.650024,1016.950012,1003.473633,4865603,0.000000,0.000000
2023-12-29,1021.799988,1034.900024,1017.599976,1024.349976,1010.775635,2429250,0.000000,0.000000
2024-01-01,1026.550049,1057.949951,1023.000000,1047.849976,1033.964233,3989711,0.000000,0.000000
2024-01-02,1047.849976,1082.900024,1031.099976,1078.400024,1064.109375,6344621,0.000000,0.000000
2024-01-03,1105.000000,1144.000000,1062.750000,1094.250000,1079.749390,33060778,0.000000,0.000000
2024-01-04,1117.000000,1131.000000,1103.550049,1123.199951,1108.315552,9771995,0.000000,0.000000
2024-01-05,1129.099976,1160.000000,1125.400024,1154.250000,1138.954224,10622789,0.000000,0.000000
2024-01-08,1160.000000,1182.000000,1152.000000,1168.849976,1153.360718,8760094,0.000000,0.000000
2024-01-09,1182.000000,1229.900024,1178.500000,1197.099976,1181.236328,14701104,0.000000,0.000000
2024-01-10,1220.000000,1220.000000,1197.000000,1214.349976,1198.257812,7036728,0.000000,0.000000
2024-01-11,1221.000000,1223.599976,1200.000000,1202.949951,1187.008789,3721202,0.000000,0.000000
2024-01-12,1210.400024,1218.750000,1201.050049,1207.099976,1191.103760,3912779,0.000000,0.000000
2024-01-15,1214.000000,1215.349976,1189.099976,1203.099976,1187.156738,2825654,0.000000,0.000000
2024-01-16,1203.599976,1212.000000,1186.800049,1193.349976,1177.536133,3173587,0.000000,0.000000
2024-01-17,1180.000000,1204.699951,1159.449951,1166.849976,1151.387207,5268593,0.000000,0.000000
2024-01-18,1171.050049,1184.300049,1143.449951,1154.050049,1138.756836,5918594,0.000000,0.000000
2024-01-19,1162.250000,1166.800049,1150.000000,1152.449951,1137.177979,2732559,0.000000,0.000000
2024-01-23,1199.150024,1207.199951,1130.250000,1137.099976,1122.031494,7201014,0.000000,0.000000
2024-01-24,1138.000000,1146.750000,1118.349976,1120.599976,1105.750122,18373913,0.000000,0.000000
2024-01-25,1122.150024,1155.750000,1111.599976,1146.300049,1131.109619,4305042,0.000000,0.000000
2024-01-29,1155.000000,1204.900024,1151.000000,1196.650024,1180.792358,6768033,0.000000,0.000000
2024-01-30,1200.000000,1217.199951,1181.000000,1187.349976,1171.615601,4683729,0.000000,0.000000
2024-01-31,1195.800049,1214.250000,1191.650024,1207.650024,1191.646606,5510242,0.000000,0.000000
2024-02-01,1213.599976,1239.500000,1200.300049,1218.849976,1202.698120,7433628,0.000000,0.000000
2024-02-02,1233.050049,1287.500000,1231.699951,1261.449951,1244.733521,10450227,0.000000,0.000000
2024-02-05,1269.500000,1291.250000,1248.849976,1258.550049,1241.872070,5611298,0.000000,0.000000
2024-02-06,1266.000000,1284.599976,1248.849976,1273.099976,1256.229248,4408002,0.000000,0.000000
2024-02-07,1280.000000,1286.349976,1252.150024,1255.650024,1239.010498,3359763,0.000000,0.000000
2024-02-08,1264.050049,1264.500000,1236.750000,1245.199951,1228.698975,3354609,0.000000,0.000000
2024-02-09,1252.599976,1275.500000,1232.099976,1271.500000,1254.650513,3538164,0.000000,0.000000
2024-02-12,1278.000000,1279.750000,1243.900024,1249.349976,1232.793945,2204823,0.000000,0.000000
2024-02-13,1249.949951,1271.000000,1226.650024,1264.800049,1248.039307,2245009,0.000000,0.000000
2024-02-14,1261.949951,1281.550049,1248.650024,1267.849976,1251.048828,3382943,0.000000,0.000000
2024-02-15,1275.000000,1277.550049,1262.099976,1267.050049,1250.259399,3382824,0.000000,0.000000
2024-02-16,1269.800049,1311.000000,1265.550049,1306.849976,1289.531982,5476230,0.000000,0.000000
2024-02-19,1313.400024,1327.000000,1302.150024,1307.000000,1289.679932,2700240,0.000000,0.000000
2024-02-20,1311.000000,1312.900024,1293.699951,1300.500000,1283.266235,1856718,0.000000,0.000000
2024-02-21,1304.800049,1315.000000,1281.449951,1291.000000,1273.891968,2770510,0.000000,0.000000
2024-02-22,1296.000000,1317.000000,1281.000000,1310.949951,1293.577637,2556009,0.000000,0.000000
2024-02-23,1312.050049,1332.000000,1298.000000,1320.699951,1303.198364,2924829,0.000000,0.000000
2024-02-26,1320.000000,1343.000000,1316.750000,1338.150024,1320.417236,2802425,0.000000,0.000000
2024-02-27,1336.849976,1339.199951,1314.250000,1329.449951,1311.832397,2197456,0.000000,0.000000
2024-02-28,1334.500000,1334.900024,1295.150024,1299.500000,1282.279419,2121625,0.000000,0.000000
2024-02-29,1300.000000,1329.900024,1293.050049,1320.500000,1303.001099,2672239,0.000000,0.000000
2024-03-01,1335.000000,1349.000000,1312.400024,1322.099976,1304.579956,3301090,0.000000,0.000000
2024-03-04,1345.250000,1356.550049,1336.400024,1342.599976,1324.808228,2170214,0.000000,0.000000
2024-03-05,1344.050049,1354.949951,1334.000000,1338.300049,1320.565308,1815438,0.000000,0.000000
2024-03-06,1342.699951,1344.599976,1304.000000,1324.800049,1307.244141,2758443,0.000000,0.000000
2024-03-07,1329.800049,1335.349976,1315.000000,1325.449951,1307.885376,1640786,0.000000,0.000000
2024-03-11,1331.000000,1342.349976,1322.050049,1326.949951,1309.365601,2217673,0.000000,0.000000
2024-03-12,1335.000000,1346.949951,1293.449951,1301.300049,1284.055664,3139768,0.000000,0.000000
2024-03-13,1307.000000,1308.000000,1188.099976,1209.550049,1193.521484,8670336,0.000000,0.000000
2024-03-14,1210.000000,1276.000000,1195.699951,1267.849976,1251.048828,7195603,0.000000,0.000000
2024-03-15,1273.800049,1288.849976,1256.650024,1283.000000,1265.998047,4024586,0.000000,0.000000
2024-03-18,1250.000000,1270.050049,1227.250000,1266.599976,1249.815308,4858444,0.000000,0.000000
2024-03-19,1271.050049,1272.849976,1237.250000,1241.199951,1224.751953,2311324,0.000000,0.000000
2024-03-20,1248.000000,1252.949951,1230.199951,1245.400024,1228.896362,2772098,0.000000,0.000000
2024-03-21,1260.000000,1268.699951,1251.300049,1262.449951,1245.720337,3155563,0.000000,0.000000
2024-03-22,1262.449951,1289.099976,1255.050049,1281.599976,1264.616577,3076926,0.000000,0.000000
2024-03-26,1281.599976,1314.000000,1281.000000,1304.199951,1286.916992,3610644,0.000000,0.000000
2024-03-27,1315.000000,1343.000000,1312.099976,1322.800049,1305.270752,4938400,0.000000,0.000000
2024-03-28,1334.000000,1358.699951,1314.000000,1341.849976,1324.068237,4188741,0.000000,0.000000
2024-04-01,1356.800049,1381.750000,1350.250000,1375.900024,1357.666992,3251462,0.000000,0.000000
2024-04-02,1397.800049,1424.949951,1388.199951,1404.150024,1385.542603,5769001,0.000000,0.000000
2024-04-03,1399.849976,1402.000000,1389.199951,1397.199951,1378.684692,2727582,0.000000,0.000000
2024-04-04,1408.599976,1408.599976,1362.250000,1366.849976,1348.736938,4197697,0.000000,0.000000
2024-04-05,1367.000000,1381.900024,1357.349976,1375.550049,1357.321655,1853120,0.000000,0.000000
2024-04-08,1381.949951,1381.949951,1337.000000,1348.650024,1330.778198,14038860,0.000000,0.000000
2024-04-09,1356.150024,1364.900024,1346.099976,1356.500000,1338.524048,1935801,0.000000,0.000000
2024-04-10,1359.000000,1359.900024,1348.199951,1352.300049,1334.379883,3984001,0.000000,0.000000
2024-04-12,1350.000000,1358.400024,1341.000000,1344.199951,1326.386963,2183230,0.000000,0.000000
2024-04-15,1320.000000,1335.000000,1308.599976,1315.550049,1298.116821,3372368,0.000000,0.000000
2024-04-16,1302.000000,1322.000000,1294.400024,1304.349976,1287.065063,2696593,0.000000,0.000000
2024-04-18,1315.949951,1336.500000,1291.000000,1295.550049,1278.381714,6219274,0.000000,0.000000
2024-04-19,1280.000000,1316.000000,1270.000000,1310.000000,1292.640259,3899281,0.000000,0.000000
2024-04-22,1321.099976,1331.000000,1315.000000,1321.099976,1303.593262,8903130,0.000000,0.000000
2024-04-23,1321.099976,1338.550049,1318.900024,1322.099976,1304.579956,3847872,0.000000,0.000000
2024-04-24,1331.000000,1332.900024,1318.050049,1320.500000,1303.001099,2553035,0.000000,0.000000
2024-04-25,1320.500000,1336.949951,1316.800049,1330.550049,1312.917969,6097087,0.000000,0.000000
2024-04-26,1340.000000,1341.599976,1321.099976,1324.599976,1307.046753,2565490,0.000000,0.000000
2024-04-29,1334.300049,1335.750000,1307.000000,1317.250000,1299.794189,2191564,0.000000,0.000000
2024-04-30,1323.550049,1334.650024,1316.250000,1324.900024,1307.342896,2321071,0.000000,0.000000
2024-05-02,1333.949951,1348.699951,1306.550049,1338.800049,1321.058594,7991511,0.000000,0.000000
2024-05-03,1353.000000,1354.000000,1310.449951,1320.300049,1302.803833,3528822,0.000000,0.000000
2024-05-06,1322.500000,1322.500000,1257.000000,1289.949951,1272.855957,4000668,0.000000,0.000000
2024-05-07,1291.099976,1301.150024,1265.000000,1287.650024,1270.586426,3474340,0.000000,0.000000
2024-05-08,1293.349976,1293.699951,1269.050049,1277.250000,1260.324219,1627418,0.000000,0.000000
2024-05-09,1279.000000,1285.800049,1240.000000,1244.550049,1228.057617,2591646,0.000000,0.000000
2024-05-10,1250.000000,1278.699951,1245.750000,1266.750000,1249.963379,2022402,0.000000,0.000000
2024-05-13,1267.000000,1313.000000,1261.650024,1306.400024,1289.088013,2495810,0.000000,0.000000
2024-05-14,1306.400024,1339.900024,1285.250000,1331.250000,1313.608643,2989543,0.000000,0.000000
2024-05-15,1337.849976,1353.949951,1333.000000,1337.849976,1320.121216,2189768,0.000000,0.000000
2024-05-16,1352.199951,1366.750000,1310.500000,1345.050049,1327.225952,4822618,0.000000,0.000000
2024-05-17,1330.000000,1343.300049,1321.150024,1335.699951,1317.999634,1945123,0.000000,0.000000
2024-05-21,1344.000000,1398.800049,1333.000000,1385.500000,1367.139771,4200578,0.000000,0.000000
2024-05-22,1394.349976,1394.349976,1364.199951,1378.199951,1359.936401,1878562,0.000000,0.000000
2024-05-23,1384.000000,1448.800049,1369.900024,1443.349976,1424.223145,7821034,0.000000,0.000000
2024-05-24,1435.000000,1444.949951,1382.150024,1416.099976,1397.334229,19100263,0.000000,0.000000
2024-05-27,1445.000000,1457.050049,1423.599976,1431.650024,1412.678223,5517078,0.000000,0.000000
2024-05-28,1438.000000,1438.000000,1398.000000,1400.500000,1381.941040,4070886,0.000000,0.000000
2024-05-29,1406.000000,1427.849976,1382.900024,1410.000000,1391.314941,3214475,0.000000,0.000000
2024-05-30,1410.000000,1413.650024,1373.650024,1383.500000,1365.166382,3477661,0.000000,0.000000
2024-05-31,1391.000000,1451.000000,1391.000000,1437.400024,1418.352051,8238969,0.000000,0.000000
2024-06-03,1549.000000,1621.400024,1535.000000,1583.949951,1562.959961,23398347,0.000000,0.000000
2024-06-04,1558.000000,1558.000000,1188.000000,1248.949951,1232.399292,52109624,0.000000,0.000000
2024-06-05,1281.000000,1368.000000,1160.599976,1354.599976,1336.649170,20879925,0.000000,0.000000
2024-06-06,1384.000000,1404.000000,1344.800049,1352.949951,1335.020996,12153840,0.000000,0.000000
2024-06-07,1357.699951,1385.000000,1355.050049,1378.849976,1360.577881,5884018,0.000000,0.000000
2024-06-10,1404.000000,1415.349976,1381.250000,1384.050049,1365.709106,4843234,0.000000,0.000000
2024-06-11,1391.000000,1418.800049,1384.050049,1403.449951,1384.851929,4122878,0.000000,0.000000
2024-06-12,1411.750000,1414.449951,1390.599976,1393.949951,1375.477783,3258265,0.000000,0.000000
2024-06-13,1403.599976,1411.000000,1388.050049,1404.449951,1385.838623,2839159,0.000000,0.000000
2024-06-14,1409.000000,1442.000000,1395.449951,1430.699951,1417.797852,5651491,6.000000,0.000000
2024-06-18,1447.000000,1458.599976,1434.050049,1445.000000,1431.968872,5651898,0.000000,0.000000
2024-06-19,1446.000000,1452.000000,1420.449951,1448.400024,1435.338257,4484742,0.000000,0.000000
2024-06-20,1459.300049,1476.800049,1444.099976,1469.400024,1456.148804,4905603,0.000000,0.000000
2024-06-21,1479.949951,1498.900024,1470.000000,1485.500000,1472.103638,25891893,0.000000,0.000000
2024-06-24,1474.849976,1479.650024,1450.199951,1460.250000,1447.081421,3009931,0.000000,0.000000
2024-06-25,1466.150024,1468.900024,1437.000000,1456.150024,1443.018433,3343186,0.000000,0.000000
2024-06-26,1458.900024,1474.500000,1451.050049,1467.800049,1454.563354,3217949,0.000000,0.000000
2024-06-27,1475.599976,1494.000000,1459.000000,1485.500000,1472.103638,7803408,0.000000,0.000000
2024-06-28,1480.000000,1494.000000,1445.000000,1478.099976,1464.770386,11534763,0.000000,0.000000
2024-07-01,1483.000000,1491.400024,1471.599976,1474.500000,1461.202881,3372730,0.000000,0.000000
2024-07-02,1479.500000,1489.599976,1455.050049,1474.849976,1461.549683,5368562,0.000000,0.000000
2024-07-03,1479.800049,1514.000000,1470.800049,1510.650024,1497.026855,4435563,0.000000,0.000000
2024-07-04,1514.650024,1520.000000,1494.349976,1503.650024,1490.090088,2980840,0.000000,0.000000
2024-07-05,1508.000000,1509.500000,1493.900024,1500.449951,1486.918823,2111633,0.000000,0.000000
2024-07-08,1496.000000,1501.050049,1469.000000,1475.300049,1461.995605,2177821,0.000000,0.000000
2024-07-09,1480.000000,1503.949951,1475.000000,1478.000000,1464.671387,2256634,0.000000,0.000000
2024-07-10,1492.000000,1494.449951,1460.000000,1487.800049,1474.383057,2082079,0.000000,0.000000
2024-07-11,1495.000000,1498.500000,1477.900024,1483.849976,1470.468506,1765496,0.000000,0.000000
2024-07-12,1490.000000,1497.000000,1481.150024,1486.699951,1473.292725,2018935,0.000000,0.000000
2024-07-15,1494.000000,1505.000000,1485.300049,1495.050049,1481.567505,1913095,0.000000,0.000000
2024-07-16,1496.000000,1510.599976,1493.250000,1499.050049,1485.531494,2170314,0.000000,0.000000
2024-07-18,1490.000000,1504.250000,1472.199951,1493.900024,1480.427979,3263419,0.000000,0.000000
2024-07-19,1492.550049,1502.199951,1465.500000,1469.300049,1456.049805,2568243,0.000000,0.000000
2024-07-22,1470.000000,1475.000000,1442.550049,1467.349976,1454.117310,1721261,0.000000,0.000000
2024-07-23,1468.000000,1517.000000,1419.000000,1507.349976,1493.756470,5987213,0.000000,0.000000
2024-07-24,1508.000000,1513.550049,1480.000000,1484.800049,1471.410034,2201442,0.000000,0.000000
2024-07-25,1471.000000,1499.449951,1466.849976,1487.000000,1473.590088,2211808,0.000000,0.000000
2024-07-26,1495.900024,1547.900024,1490.000000,1542.750000,1528.837280,4500728,0.000000,0.000000
2024-07-29,1547.900024,1559.000000,1540.000000,1548.699951,1534.733643,1928637,0.000000,0.000000
2024-07-30,1554.599976,1556.900024,1536.000000,1546.250000,1532.305786,2800881,0.000000,0.000000
2024-07-31,1557.000000,1577.900024,1547.000000,1569.900024,1555.742554,2622023,0.000000,0.000000
2024-08-01,1580.949951,1604.949951,1568.500000,1590.150024,1575.809937,7160588,0.000000,0.000000
2024-08-02,1579.949951,1599.699951,1550.199951,1588.000000,1573.679321,4313297,0.000000,0.000000
2024-08-05,1540.000000,1563.449951,1471.550049,1493.849976,1480.378418,7147230,0.000000,0.000000
2024-08-06,1524.900024,1539.750000,1488.099976,1494.099976,1480.626099,3159971,0.000000,0.000000
2024-08-07,1520.000000,1547.849976,1514.199951,1543.800049,1529.877930,2258441,0.000000,0.000000
2024-08-08,1538.000000,1556.000000,1513.800049,1519.000000,1505.301514,2468123,0.000000,0.000000
2024-08-09,1541.500000,1543.500000,1519.000000,1533.800049,1519.968140,1503033,0.000000,0.000000
2024-08-12,1500.000000,1524.250000,1457.349976,1501.400024,1487.860229,9230512,0.000000,0.000000
2024-08-13,1505.849976,1517.449951,1479.500000,1483.449951,1470.072021,2485446,0.000000,0.000000
2024-08-14,1488.000000,1488.000000,1452.000000,1461.949951,1448.765991,2648057,0.000000,0.000000
2024-08-16,1471.199951,1497.199951,1457.050049,1493.449951,1479.981812,1985315,0.000000,0.000000
2024-08-19,1500.949951,1507.000000,1490.000000,1496.449951,1482.954834,1343387,0.000000,0.000000
2024-08-20,1504.949951,1510.000000,1486.300049,1492.550049,1479.090088,990643,0.000000,0.000000
2024-08-21,1499.099976,1517.000000,1492.550049,1503.500000,1489.941406,1551436,0.000000,0.000000
2024-08-22,1507.000000,1509.500000,1490.400024,1492.300049,1478.842407,1442064,0.000000,0.000000
2024-08-23,1493.000000,1503.000000,1486.099976,1491.300049,1477.851318,1181075,0.000000,0.000000
2024-08-26,1495.500000,1497.000000,1480.000000,1482.550049,1469.180298,1087057,0.000000,0.000000
2024-08-27,1484.900024,1496.900024,1475.599976,1478.349976,1465.018188,910064,0.000000,0.000000
2024-08-28,1479.400024,1486.400024,1467.000000,1469.800049,1456.545288,1225101,0.000000,0.000000
2024-08-29,1472.050049,1483.000000,1452.599976,1476.050049,1462.739014,3359850,0.000000,0.000000
2024-08-30,1480.949951,1487.000000,1466.000000,1481.900024,1468.536133,1996592,0.000000,0.000000
2024-09-02,1490.000000,1499.500000,1478.800049,1494.500000,1481.022461,2054244,0.000000,0.000000
2024-09-03,1494.500000,1498.099976,1476.599976,1479.550049,1466.207275,882478,0.000000,0.000000
2024-09-04,1472.000000,1475.150024,1461.050049,1472.099976,1458.824463,1122071,0.000000,0.000000
2024-09-05,1476.750000,1476.800049,1463.000000,1465.550049,1452.333618,959956,0.000000,0.000000
2024-09-06,1465.599976,1468.750000,1427.550049,1442.400024,1429.392334,3340767,0.000000,0.000000
2024-09-09,1431.000000,1441.599976,1411.000000,1435.900024,1422.950928,1621371,0.000000,0.000000
2024-09-10,1439.000000,1464.000000,1435.000000,1453.400024,1440.293091,1542798,0.000000,0.000000
2024-09-11,1454.949951,1457.849976,1425.099976,1430.599976,1417.698730,1637596,0.000000,0.000000
2024-09-12,1444.000000,1475.000000,1440.199951,1472.599976,1459.319946,4003674,0.000000,0.000000
2024-09-13,1472.949951,1475.650024,1450.000000,1452.099976,1439.004883,1683544,0.000000,0.000000
2024-09-16,1455.099976,1461.150024,1438.800049,1440.699951,1427.707642,1673805,0.000000,0.000000
2024-09-17,1442.800049,1445.000000,1420.099976,1426.599976,1413.734863,1321316,0.000000,0.000000
2024-09-18,1430.000000,1439.250000,1415.050049,1428.800049,1415.915039,1421406,0.000000,0.000000
2024-09-19,1433.000000,1438.000000,1394.449951,1408.199951,1395.500732,2072872,0.000000,0.000000
2024-09-20,1418.949951,1453.050049,1409.199951,1438.699951,1425.725708,4407151,0.000000,0.000000
2024-09-23,1448.000000,1458.949951,1443.849976,1456.150024,1443.018433,1139915,0.000000,0.000000
2024-09-24,1456.150024,1465.849976,1447.000000,1456.650024,1443.513916,1537307,0.000000,0.000000
2024-09-25,1459.000000,1464.000000,1438.199951,1452.550049,1439.450806,1227806,0.000000,0.000000
2024-09-26,1456.849976,1475.750000,1448.000000,1472.599976,1459.319946,2066994,0.000000,0.000000
2024-09-27,1485.000000,1485.000000,1452.449951,1456.699951,1443.563354,2694100,0.000000,0.000000
2024-09-30,1456.699951,1468.750000,1444.000000,1448.199951,1435.140015,2042408,0.000000,0.000000
2024-10-01,1448.199951,1472.849976,1448.000000,1467.500000,1454.265991,1687795,0.000000,0.000000
2024-10-03,1452.750000,1469.000000,1414.199951,1425.199951,1412.347412,3967953,0.000000,0.000000
2024-10-04,1424.800049,1446.400024,1404.199951,1413.699951,1400.951050,2611371,0.000000,0.000000
2024-10-07,1410.000000,1423.900024,1337.000000,1355.199951,1342.978638,4531821,0.000000,0.000000
2024-10-08,1342.000000,1424.349976,1342.000000,1418.550049,1405.757446,3031170,0.000000,0.000000
2024-10-09,1424.750000,1432.949951,1404.349976,1408.150024,1395.451294,1507508,0.000000,0.000000
2024-10-10,1417.000000,1430.050049,1406.849976,1417.199951,1404.419556,1628495,0.000000,0.000000
2024-10-11,1415.199951,1426.849976,1405.199951,1408.250000,1395.550415,1158809,0.000000,0.000000
2024-10-14,1418.000000,1426.000000,1407.150024,1410.300049,1397.581909,762384,0.000000,0.000000
2024-10-15,1415.949951,1424.699951,1407.000000,1420.300049,1407.491699,1018477,0.000000,0.000000
2024-10-16,1418.000000,1418.400024,1392.000000,1403.800049,1391.140503,1450465,0.000000,0.000000
2024-10-17,1403.800049,1408.000000,1387.550049,1394.699951,1382.122437,1418861,0.000000,0.000000
2024-10-18,1389.000000,1410.550049,1376.000000,1405.599976,1392.924194,1290065,0.000000,0.000000
2024-10-21,1409.900024,1412.900024,1371.300049,1375.500000,1363.095581,1644382,0.000000,0.000000
2024-10-22,1374.699951,1387.099976,1353.900024,1362.849976,1350.559692,2467299,0.000000,0.000000
2024-10-23,1362.800049,1370.800049,1335.199951,1340.449951,1328.361572,1916219,0.000000,0.000000
2024-10-24,1345.000000,1359.000000,1336.199951,1354.400024,1342.185913,1115993,0.000000,0.000000
2024-10-25,1360.000000,1368.000000,1304.150024,1318.699951,1306.807739,2078274,0.000000,0.000000
2024-10-28,1326.849976,1364.099976,1303.150024,1352.199951,1340.005737,2126411,0.000000,0.000000
2024-10-29,1364.699951,1377.449951,1322.000000,1372.699951,1360.320923,3790528,0.000000,0.000000
2024-10-30,1379.949951,1414.900024,1358.050049,1396.199951,1383.608887,2526884,0.000000,0.000000
2024-10-31,1407.949951,1408.000000,1372.099976,1375.949951,1363.541504,1891761,0.000000,0.000000
2024-11-01,1386.500000,1397.949951,1378.400024,1394.400024,1381.825317,243881,0.000000,0.000000
2024-11-04,1394.199951,1395.000000,1336.000000,1349.250000,1337.082397,1700308,0.000000,0.000000
2024-11-05,1350.000000,1353.050049,1295.900024,1329.349976,1317.361816,4852958,0.000000,0.000000
2024-11-06,1330.000000,1382.000000,1315.199951,1370.000000,1357.645264,3645515,0.000000,0.000000
2024-11-07,1372.949951,1372.949951,1350.000000,1353.099976,1340.897705,1292794,0.000000,0.000000
2024-11-08,1353.099976,1367.300049,1338.599976,1362.099976,1349.816406,1400491,0.000000,0.000000
2024-11-11,1355.099976,1357.949951,1339.050049,1347.900024,1335.744507,1269498,0.000000,0.000000
2024-11-12,1348.050049,1354.800049,1320.000000,1326.000000,1314.041992,1038042,0.000000,0.000000
2024-11-13,1322.000000,1329.250000,1284.849976,1287.900024,1276.285645,1437072,0.000000,0.000000
2024-11-14,1289.949951,1296.650024,1260.650024,1264.550049,1253.146240,2963013,0.000000,0.000000
2024-11-18,1264.000000,1288.900024,1261.300049,1279.300049,1267.763306,1445637,0.000000,0.000000
2024-11-19,1285.000000,1321.449951,1282.000000,1289.650024,1278.019897,2631778,0.000000,0.000000
2024-11-21,1160.699951,1160.699951,995.650024,1114.650024,1104.598022,46926687,0.000000,0.000000
2024-11-22,1072.599976,1155.900024,1054.000000,1136.750000,1126.498779,27086168,0.000000,0.000000
2024-11-25,1185.000000,1191.400024,1139.699951,1166.800049,1156.277832,10532688,0.000000,0.000000
2024-11-26,1172.050049,1174.449951,1119.349976,1128.849976,1118.669922,5802555,0.000000,0.000000
2024-11-27,1102.000000,1231.699951,1102.000000,1199.949951,1189.128784,24434211,0.000000,0.000000
2024-11-28,1196.650024,1226.900024,1163.150024,1167.599976,1157.070435,15602469,0.000000,0.000000
2024-11-29,1175.000000,1215.599976,1168.900024,1190.050049,1179.318115,9412850,0.000000,0.000000
2024-12-02,1201.900024,1220.900024,1189.400024,1215.800049,1204.835938,6941125,0.000000,0.000000
2024-12-03,1226.949951,1309.500000,1220.000000,1288.650024,1277.028809,16753958,0.000000,0.000000
2024-12-04,1301.000000,1301.000000,1262.000000,1269.550049,1258.101196,4874025,0.000000,0.000000
2024-12-05,1274.000000,1284.800049,1254.199951,1277.050049,1265.533447,4369917,0.000000,0.000000
2024-12-06,1279.000000,1282.500000,1256.099976,1259.050049,1247.695801,2232531,0.000000,0.000000
2024-12-09,1257.800049,1277.550049,1249.000000,1266.849976,1255.425415,2849557,0.000000,0.000000
2024-12-10,1272.900024,1272.900024,1244.400024,1248.750000,1237.488647,2406907,0.000000,0.000000
2024-12-11,1254.099976,1258.349976,1230.750000,1233.800049,1222.673584,2595435,0.000000,0.000000
2024-12-12,1233.800049,1268.000000,1223.449951,1244.000000,1232.781494,5457302,0.000000,0.000000
2024-12-13,1241.949951,1262.000000,1230.000000,1259.949951,1248.587646,2818291,0.000000,0.000000
2024-12-16,1258.000000,1261.849976,1240.949951,1243.150024,1231.939209,1337624,0.000000,0.000000
2024-12-17,1235.099976,1259.500000,1229.050049,1231.900024,1220.790649,2684726,0.000000,0.000000
2024-12-18,1236.000000,1238.900024,1207.250000,1210.050049,1199.137817,1931870,0.000000,0.000000
2024-12-19,1187.500000,1209.000000,1185.000000,1205.000000,1194.133179,1541271,0.000000,0.000000
2024-12-20,1205.000000,1215.900024,1176.199951,1182.449951,1171.786621,3045185,0.000000,0.000000
2024-12-23,1189.949951,1199.000000,1174.250000,1191.800049,1181.052246,1540796,0.000000,0.000000
2024-12-24,1198.000000,1203.099976,1180.000000,1182.199951,1171.538818,1380778,0.000000,0.000000
2024-12-26,1187.000000,1249.000000,1182.550049,1243.949951,1232.731934,3827047,0.000000,0.000000
2024-12-27,1248.449951,1250.949951,1225.750000,1230.699951,1219.601440,2595142,0.000000,0.000000
2024-12-30,1233.750000,1258.800049,1212.000000,1218.500000,1207.511475,8312636,0.000000,0.000000
2024-12-31,1222.000000,1236.800049,1208.150024,1231.099976,1219.997803,1717204,0.000000,0.000000
2025-01-01,1223.000000,1231.800049,1206.349976,1218.699951,1207.709595,1937930,0.000000,0.000000
2025-01-02,1223.800049,1228.400024,1208.099976,1226.000000,1214.943848,3772207,0.000000,0.000000
2025-01-03,1234.500000,1237.599976,1197.000000,1199.550049,1188.732422,3040564,0.000000,0.000000
2025-01-06,1199.550049,1200.900024,1158.050049,1163.050049,1152.561523,2298522,0.000000,0.000000
2025-01-07,1163.050049,1182.150024,1162.050049,1174.000000,1163.412842,2010913,0.000000,0.000000
2025-01-08,1183.550049,1183.550049,1141.099976,1152.300049,1141.908569,2900996,0.000000,0.000000
2025-01-09,1156.699951,1156.699951,1129.949951,1132.349976,1122.138428,1884725,0.000000,0.000000
2025-01-10,1134.900024,1137.400024,1106.300049,1112.199951,1102.170044,1902237,0.000000,0.000000
2025-01-13,1100.900024,1106.449951,1058.949951,1066.650024,1057.030884,2273302,0.000000,0.000000
2025-01-14,1078.849976,1131.400024,1075.050049,1117.099976,1107.025879,6277854,0.000000,0.000000
2025-01-15,1125.000000,1141.949951,1118.500000,1128.900024,1118.719604,3135942,0.000000,0.000000
2025-01-16,1179.949951,1190.000000,1145.400024,1150.750000,1140.372437,3997547,0.000000,0.000000
2025-01-17,1163.000000,1173.650024,1145.500000,1163.500000,1153.007446,2464355,0.000000,0.000000
2025-01-20,1172.000000,1172.000000,1146.500000,1148.699951,1138.340942,1312101,0.000000,0.000000
2025-01-21,1150.000000,1154.250000,1104.000000,1106.199951,1096.224121,3134022,0.000000,0.000000
2025-01-22,1115.500000,1118.050049,1080.449951,1102.250000,1092.309814,1906032,0.000000,0.000000
2025-01-23,1102.250000,1114.250000,1089.650024,1104.000000,1094.044067,1968815,0.000000,0.000000
2025-01-24,1104.150024,1115.000000,1088.250000,1094.150024,1084.282837,2400140,0.000000,0.000000
2025-01-27,1085.099976,1093.599976,1067.550049,1082.000000,1072.242432,2371555,0.000000,0.000000
2025-01-28,1087.000000,1096.650024,1061.250000,1080.699951,1070.954224,2404643,0.000000,0.000000
2025-01-29,1085.000000,1102.849976,1074.500000,1096.949951,1087.057617,4603700,0.000000,0.000000
2025-01-30,1103.900024,1118.500000,1010.750000,1077.050049,1067.337158,14097862,0.000000,0.000000
2025-01-31,1085.000000,1109.250000,1074.000000,1099.349976,1089.435913,4659891,0.000000,0.000000
2025-02-01,1105.900024,1117.500000,1063.000000,1084.099976,1074.323486,4919797,0.000000,0.000000
2025-02-03,1084.000000,1094.000000,1055.000000,1084.849976,1075.066772,3961203,0.000000,0.000000
2025-02-04,1100.000000,1127.900024,1091.750000,1125.099976,1114.953735,4071098,0.000000,0.000000
2025-02-05,1126.000000,1154.900024,1123.550049,1144.349976,1134.030151,2979646,0.000000,0.000000
2025-02-06,1155.599976,1169.400024,1140.099976,1164.050049,1153.552612,6263278,0.000000,0.000000
2025-02-07,1160.000000,1175.650024,1132.800049,1146.099976,1135.764282,4079540,0.000000,0.000000
2025-02-10,1150.000000,1158.849976,1127.250000,1144.199951,1133.881592,2415627,0.000000,0.000000
2025-02-11,1144.199951,1160.000000,1114.050049,1140.099976,1129.818359,4901591,0.000000,0.000000
2025-02-12,1140.000000,1144.199951,1098.949951,1128.949951,1118.769043,2862155,0.000000,0.000000
2025-02-13,1133.800049,1151.650024,1106.050049,1111.550049,1101.526001,3763868,0.000000,0.000000
2025-02-14,1120.000000,1120.000000,1042.150024,1062.699951,1053.116455,4565339,0.000000,0.000000
2025-02-17,1058.949951,1089.300049,1040.000000,1082.900024,1073.134399,2518527,0.000000,0.000000
2025-02-18,1082.900024,1087.900024,1061.949951,1085.150024,1075.364136,1715308,0.000000,0.000000
2025-02-19,1061.599976,1091.699951,1054.550049,1082.849976,1073.084839,1792268,0.000000,0.000000
2025-02-20,1074.199951,1126.000000,1074.000000,1111.699951,1101.674561,3714173,0.000000,0.000000
2025-02-21,1111.699951,1119.099976,1080.000000,1083.250000,1073.481201,2360177,0.000000,0.000000
2025-02-24,1083.250000,1083.250000,1065.699951,1070.400024,1060.747070,1669749,0.000000,0.000000
2025-02-25,1074.599976,1091.400024,1067.750000,1080.349976,1070.607300,1665355,0.000000,0.000000
2025-02-27,1083.000000,1087.949951,1069.099976,1078.949951,1069.219971,1819078,0.000000,0.000000
2025-02-28,1074.000000,1082.900024,1059.199951,1069.400024,1059.756104,2849138,0.000000,0.000000
2025-03-03,1074.949951,1081.000000,1040.599976,1053.050049,1043.553589,2274285,0.000000,0.000000
2025-03-04,1047.949951,1063.000000,1036.500000,1057.949951,1048.409302,1788886,0.000000,0.000000
2025-03-05,1056.800049,1118.650024,1055.000000,1112.699951,1102.665649,3785743,0.000000,0.000000
2025-03-06,1118.199951,1148.750000,1101.849976,1136.199951,1125.953613,4020627,0.000000,0.000000
2025-03-07,1136.199951,1156.949951,1134.099976,1144.500000,1134.178833,2211623,0.000000,0.000000
2025-03-10,1146.000000,1168.650024,1136.949951,1142.900024,1132.593262,2430740,0.000000,0.000000
2025-03-11,1137.300049,1145.900024,1124.400024,1135.000000,1124.764526,2399428,0.000000,0.000000
2025-03-12,1139.000000,1155.150024,1105.000000,1128.300049,1118.125000,2842848,0.000000,0.000000
2025-03-13,1135.000000,1139.449951,1115.050049,1119.199951,1109.106934,1358839,0.000000,0.000000
2025-03-17,1114.800049,1148.550049,1111.199951,1137.150024,1126.895142,1489537,0.000000,0.000000
2025-03-18,1137.150024,1137.150024,1137.150024,1137.150024,1126.895142,0,0.000000,0.000000
2025-03-19,1160.000000,1184.500000,1158.800049,1173.500000,1162.917236,2416781,0.000000,0.000000
2025-03-20,1185.000000,1186.949951,1161.199951,1177.449951,1166.831543,1919013,0.000000,0.000000
2025-03-21,1182.000000,1202.550049,1172.050049,1188.800049,1178.079346,3127446,0.000000,0.000000
2025-03-24,1196.000000,1210.849976,1186.050049,1200.800049,1189.971191,2135192,0.000000,0.000000
2025-03-25,1205.000000,1209.099976,1174.550049,1182.449951,1171.786621,2090037,0.000000,0.000000
2025-03-26,1183.000000,1202.199951,1173.050049,1181.599976,1170.944214,1676081,0.000000,0.000000
2025-03-27,1182.000000,1212.000000,1175.000000,1196.750000,1185.957642,2004036,0.000000,0.000000
2025-03-28,1197.699951,1205.000000,1175.199951,1182.949951,1172.281982,1670913,0.000000,0.000000
2025-04-01,1179.000000,1202.000000,1168.050049,1174.750000,1164.156006,1584541,0.000000,0.000000
2025-04-02,1182.400024,1198.949951,1167.349976,1195.449951,1184.669312,1232853,0.000000,0.000000
2025-04-03,1170.250000,1205.800049,1170.250000,1199.900024,1189.079346,1300511,0.000000,0.000000
2025-04-04,1196.000000,1200.099976,1143.000000,1148.349976,1137.994141,1785093,0.000000,0.000000
2025-04-07,1049.949951,1119.000000,1041.500000,1110.650024,1100.634155,2192949,0.000000,0.000000
2025-04-08,1135.000000,1155.650024,1111.050049,1131.349976,1121.147339,2423486,0.000000,0.000000
2025-04-09,1133.849976,1135.599976,1112.000000,1131.800049,1121.593384,1537177,0.000000,0.000000
2025-04-11,1163.000000,1170.300049,1148.000000,1164.550049,1154.048096,3536245,0.000000,0.000000
2025-04-15,1200.000000,1225.900024,1179.000000,1210.800049,1199.880981,3176522,0.000000,0.000000
2025-04-16,1210.000000,1235.500000,1201.599976,1232.900024,1221.781616,1909731,0.000000,0.000000
2025-04-17,1232.900024,1282.500000,1218.599976,1259.400024,1248.042725,4280765,0.000000,0.000000
2025-04-21,1259.400024,1260.000000,1209.400024,1243.099976,1231.889526,6049182,0.000000,0.000000
2025-04-22,1249.599976,1255.599976,1227.000000,1233.199951,1222.078857,2932537,0.000000,0.000000
2025-04-23,1240.099976,1242.800049,1216.800049,1239.099976,1227.925659,2580999,0.000000,0.000000
2025-04-24,1238.000000,1248.000000,1231.599976,1236.400024,1225.250122,2133285,0.000000,0.000000
2025-04-25,1236.300049,1243.400024,1181.199951,1193.000000,1182.241455,3628854,0.000000,0.000000
2025-04-28,1188.099976,1214.699951,1184.099976,1209.900024,1198.989136,2646406,0.000000,0.000000
2025-04-29,1212.000000,1223.900024,1202.500000,1216.400024,1205.430420,2381980,0.000000,0.000000
2025-04-30,1215.099976,1226.500000,1203.900024,1216.500000,1205.529541,1824334,0.000000,0.000000
2025-05-02,1255.000000,1295.000000,1242.699951,1263.099976,1251.709229,10694521,0.000000,0.000000
2025-05-05,1290.000000,1377.000000,1285.699951,1347.099976,1334.951782,14191797,0.000000,0.000000
2025-05-06,1350.000000,1356.300049,1315.000000,1320.800049,1308.888916,3604276,0.000000,0.000000
2025-05-07,1298.800049,1341.300049,1298.699951,1338.199951,1326.131958,3269847,0.000000,0.000000
2025-05-08,1340.000000,1366.900024,1316.400024,1333.099976,1321.078003,5077662,0.000000,0.000000
2025-05-09,1300.000000,1324.900024,1292.599976,1306.300049,1294.519775,2979366,0.000000,0.000000
2025-05-12,1360.000000,1375.000000,1345.500000,1362.099976,1349.816406,3662785,0.000000,0.000000
2025-05-13,1360.599976,1391.900024,1347.099976,1369.199951,1356.852417,3356599,0.000000,0.000000
2025-05-14,1380.000000,1381.900024,1362.000000,1371.800049,1359.429077,1557379,0.000000,0.000000
2025-05-15,1375.599976,1409.900024,1371.900024,1406.199951,1393.518799,3706424,0.000000,0.000000
2025-05-16,1410.900024,1424.900024,1401.000000,1407.400024,1394.708008,2777119,0.000000,0.000000
2025-05-19,1407.500000,1410.599976,1392.000000,1398.300049,1385.690186,1317210,0.000000,0.000000
2025-05-20,1399.000000,1407.300049,1381.400024,1384.599976,1372.113647,2970441,0.000000,0.000000
2025-05-21,1380.000000,1391.000000,1370.199951,1384.599976,1372.113647,1993690,0.000000,0.000000
2025-05-22,1380.099976,1408.000000,1358.599976,1371.400024,1359.032593,3186493,0.000000,0.000000
2025-05-23,1383.099976,1398.500000,1375.000000,1395.400024,1382.816162,1715309,0.000000,0.000000
2025-05-26,1395.800049,1410.599976,1394.800049,1400.199951,1387.572876,1024835,0.000000,0.000000
2025-05-27,1397.000000,1419.000000,1385.400024,1404.199951,1391.536865,2571237,0.000000,0.000000
2025-05-28,1405.000000,1427.800049,1403.000000,1411.000000,1398.275513,2035398,0.000000,0.000000
2025-05-29,1421.000000,1441.000000,1410.500000,1438.599976,1425.626587,1662886,0.000000,0.000000
2025-05-30,1442.000000,1457.500000,1428.800049,1432.800049,1419.879028,2575127,0.000000,0.000000
2025-06-02,1432.800049,1482.000000,1425.300049,1468.000000,1454.761475,3164701,0.000000,0.000000
2025-06-03,1470.000000,1472.000000,1426.699951,1432.300049,1419.383545,3677200,0.000000,0.000000
2025-06-04,1432.300049,1441.099976,1423.099976,1436.199951,1423.248291,1446972,0.000000,0.000000
2025-06-05,1443.800049,1467.699951,1438.000000,1456.699951,1443.563354,2019939,0.000000,0.000000
2025-06-06,1456.699951,1478.900024,1453.699951,1471.699951,1458.428101,1269864,0.000000,0.000000
2025-06-09,1482.000000,1484.000000,1463.099976,1467.099976,1453.869507,1493331,0.000000,0.000000
2025-06-10,1472.000000,1494.000000,1469.800049,1473.800049,1460.509277,2125187,0.000000,0.000000
2025-06-11,1473.800049,1476.000000,1448.800049,1456.400024,1443.266113,2192673,0.000000,0.000000
2025-06-12,1459.800049,1465.599976,1440.099976,1445.800049,1432.761719,2192452,0.000000,0.000000
2025-06-13,1405.000000,1423.800049,1397.099976,1405.000000,1399.103516,3380550,7.000000,0.000000
2025-06-16,1389.000000,1411.199951,1375.000000,1400.599976,1394.722046,2823300,0.000000,0.000000
2025-06-17,1400.500000,1414.800049,1384.000000,1392.300049,1386.456909,1571621,0.000000,0.000000
2025-06-18,1387.000000,1395.199951,1365.199951,1372.599976,1366.839478,1732093,0.000000,0.000000
2025-06-19,1370.500000,1372.599976,1331.599976,1338.000000,1332.384766,2950283,0.000000,0.000000
2025-06-20,1338.000000,1356.699951,1334.599976,1349.300049,1343.637329,4541583,0.000000,0.000000
2025-06-23,1341.000000,1364.900024,1335.699951,1354.800049,1349.114258,3921155,0.000000,0.000000
2025-06-24,1395.099976,1418.699951,1385.099976,1389.500000,1383.668579,7635176,0.000000,0.000000
2025-06-25,1399.699951,1404.000000,1385.500000,1393.099976,1387.253418,1915989,0.000000,0.000000
2025-06-26,1399.000000,1433.000000,1395.199951,1429.300049,1423.301636,2877806,0.000000,0.000000
2025-06-27,1434.900024,1456.800049,1427.000000,1440.199951,1434.155762,2888390,0.000000,0.000000
2025-06-30,1440.800049,1453.500000,1432.699951,1450.199951,1444.113770,1586196,0.000000,0.000000
2025-07-01,1450.300049,1459.800049,1442.000000,1447.000000,1440.927246,2134736,0.000000,0.000000
2025-07-02,1458.000000,1458.000000,1440.000000,1443.900024,1437.840332,1219600,0.000000,0.000000
2025-07-03,1444.000000,1451.099976,1426.699951,1431.099976,1425.093994,978007,0.000000,0.000000
2025-07-04,1432.000000,1439.900024,1416.599976,1424.400024,1418.422119,608462,0.000000,0.000000
2025-07-07,1424.400024,1437.800049,1417.000000,1435.599976,1429.575073,764520,0.000000,0.000000
2025-07-08,1438.000000,1449.900024,1430.000000,1448.500000,1442.421021,824935,0.000000,0.000000
2025-07-09,1448.400024,1455.800049,1438.300049,1443.000000,1436.944092,1008636,0.000000,0.000000
2025-07-10,1444.000000,1450.199951,1437.199951,1443.099976,1437.043579,1035509,0.000000,0.000000
2025-07-11,1444.000000,1453.900024,1428.300049,1431.699951,1425.691406,819864,0.000000,0.000000
2025-07-14,1432.000000,1446.500000,1426.099976,1433.000000,1426.986084,718442,0.000000,0.000000
2025-07-15,1434.400024,1449.300049,1429.000000,1445.099976,1439.035278,735108,0.000000,0.000000
2025-07-16,1447.500000,1474.000000,1442.900024,1456.699951,1450.586548,2488981,0.000000,0.000000
2025-07-17,1455.000000,1464.000000,1448.900024,1452.500000,1446.404175,1168071,0.000000,0.000000
2025-07-18,1452.400024,1456.500000,1429.099976,1443.099976,1437.043579,1147990,0.000000,0.000000
2025-07-21,1442.099976,1453.099976,1430.000000,1450.500000,1444.412598,815780,0.000000,0.000000
2025-07-22,1454.500000,1454.500000,1417.099976,1420.699951,1414.737671,976668,0.000000,0.000000
2025-07-23,1430.000000,1438.500000,1419.000000,1420.800049,1414.837280,740816,0.000000,0.000000
2025-07-24,1423.199951,1426.000000,1405.000000,1411.599976,1405.675781,598011,0.000000,0.000000
2025-07-25,1411.699951,1416.699951,1390.000000,1396.300049,1390.440063,744410,0.000000,0.000000
2025-07-28,1396.300049,1404.099976,1373.500000,1376.000000,1370.225220,790020,0.000000,0.000000
2025-07-29,1376.000000,1398.699951,1373.599976,1395.900024,1390.041748,782760,0.000000,0.000000
2025-07-30,1398.800049,1403.099976,1391.500000,1394.000000,1388.149658,627316,0.000000,0.000000
2025-07-31,1382.099976,1395.800049,1370.300049,1373.099976,1367.337402,1412892,0.000000,0.000000
2025-08-01,1371.000000,1375.900024,1342.800049,1347.099976,1341.446533,1239941,0.000000,0.000000
2025-08-04,1349.800049,1397.000000,1345.199951,1388.900024,1383.071167,1368323,0.000000,0.000000
2025-08-05,1392.000000,1394.199951,1346.000000,1358.099976,1352.400391,3000067,0.000000,0.000000
2025-08-06,1374.000000,1386.900024,1358.099976,1367.099976,1361.362549,2293293,0.000000,0.000000
2025-08-07,1351.000000,1357.900024,1315.000000,1345.400024,1339.753662,2857406,0.000000,0.000000
2025-08-08,1345.400024,1356.900024,1317.699951,1325.000000,1319.439331,1561061,0.000000,0.000000
2025-08-11,1325.000000,1348.300049,1313.699951,1339.400024,1333.778931,2053173,0.000000,0.000000
2025-08-12,1342.000000,1349.599976,1328.199951,1330.500000,1324.916260,1260241,0.000000,0.000000
2025-08-13,1335.199951,1339.300049,1316.599976,1319.599976,1314.061890,1205658,0.000000,0.000000
2025-08-14,1324.800049,1329.000000,1290.500000,1300.300049,1294.843018,2298528,0.000000,0.000000
2025-08-18,1321.900024,1332.000000,1295.000000,1327.199951,1321.630005,10225114,0.000000,0.000000
2025-08-19,1332.000000,1371.699951,1325.000000,1369.400024,1363.652954,3150673,0.000000,0.000000
2025-08-20,1369.400024,1374.599976,1358.000000,1370.599976,1364.847900,1594619,0.000000,0.000000
2025-08-21,1371.099976,1377.800049,1355.300049,1361.800049,1356.084839,1227167,0.000000,0.000000
2025-08-22,1364.000000,1364.000000,1338.199951,1341.199951,1335.571289,1210284,0.000000,0.000000
2025-08-25,1341.300049,1348.900024,1332.500000,1340.400024,1334.774658,1214246,0.000000,0.000000
2025-08-26,1335.199951,1339.900024,1310.000000,1315.400024,1309.879639,1652272,0.000000,0.000000
2025-08-28,1316.900024,1338.800049,1311.199951,1315.400024,1309.879639,1785681,0.000000,0.000000
2025-08-29,1318.000000,1322.900024,1303.000000,1312.800049,1307.290527,1592903,0.000000,0.000000
2025-09-01,1318.300049,1338.500000,1316.099976,1335.300049,1329.696167,983914,0.000000,0.000000
2025-09-02,1340.900024,1348.800049,1328.199951,1336.199951,1330.592285,1495993,0.000000,0.000000
2025-09-03,1338.000000,1344.800049,1327.599976,1332.400024,1326.808228,1774676,0.000000,0.000000
2025-09-04,1338.000000,1348.000000,1326.000000,1328.199951,1322.625854,1350147,0.000000,0.000000
2025-09-05,1330.000000,1335.699951,1312.800049,1321.800049,1316.252808,1135666,0.000000,0.000000
2025-09-08,1321.900024,1363.400024,1321.900024,1348.300049,1342.641602,1445628,0.000000,0.000000
2025-09-09,1354.699951,1385.000000,1348.300049,1380.900024,1375.104736,3515252,0.000000,0.000000
2025-09-10,1400.000000,1404.900024,1385.000000,1389.099976,1383.270264,2553605,0.000000,0.000000
2025-09-11,1404.900024,1423.099976,1388.000000,1393.099976,1387.253418,4041646,0.000000,0.000000
2025-09-12,1395.500000,1406.500000,1391.099976,1393.099976,1387.253418,1466190,0.000000,0.000000
2025-09-15,1393.099976,1409.000000,1392.199951,1395.199951,1389.344604,1254831,0.000000,0.000000
2025-09-16,1400.000000,1412.599976,1396.599976,1408.199951,1402.290039,1636246,0.000000,0.000000
2025-09-17,1410.000000,1413.099976,1396.199951,1406.099976,1400.198853,1062568,0.000000,0.000000
2025-09-18,1410.000000,1415.000000,1401.000000,1412.800049,1406.870850,1416920,0.000000,0.000000
2025-09-19,1447.800049,1460.000000,1425.000000,1427.800049,1421.807861,8069167,0.000000,0.000000
2025-09-22,1433.000000,1461.699951,1425.000000,1444.199951,1438.139038,5490489,0.000000,0.000000
2025-09-23,1453.000000,1455.000000,1423.099976,1441.599976,1435.549927,2550337,0.000000,0.000000
2025-09-24,1445.000000,1452.400024,1429.099976,1431.599976,1425.591919,2603193,0.000000,0.000000
2025-09-25,1431.699951,1439.900024,1404.099976,1407.199951,1401.294312,1970560,0.000000,0.000000
2025-09-26,1407.199951,1416.699951,1390.300049,1392.000000,1386.158081,1899079,0.000000,0.000000
2025-09-29,1393.599976,1401.300049,1377.599976,1383.199951,1377.395020,1978395,0.000000,0.000000
2025-09-30,1389.699951,1408.000000,1387.199951,1403.500000,1397.609863,1999250,0.000000,0.000000
2025-10-01,1406.000000,1426.900024,1392.699951,1422.699951,1416.729248,1602493,0.000000,0.000000
2025-10-03,1413.000000,1431.000000,1412.500000,1419.099976,1413.144409,1576970,0.000000,0.000000
2025-10-06,1419.099976,1419.099976,1395.000000,1400.500000,1394.622437,1338654,0.000000,0.000000
2025-10-07,1400.800049,1415.000000,1397.300049,1399.500000,1393.626587,1608151,0.000000,0.000000
2025-10-08,1399.400024,1411.099976,1386.000000,1394.300049,1388.448486,1704405,0.000000,0.000000
2025-10-09,1394.500000,1399.800049,1388.400024,1395.599976,1389.742920,1250770,0.000000,0.000000
2025-10-10,1400.500000,1418.000000,1395.699951,1409.400024,1403.485107,1359246,0.000000,0.000000
2025-10-13,1400.800049,1441.900024,1396.000000,1437.800049,1431.765991,2245061,0.000000,0.000000
2025-10-14,1440.000000,1442.199951,1422.000000,1429.000000,1423.002808,2640234,0.000000,0.000000
2025-10-15,1430.000000,1456.300049,1430.000000,1450.699951,1444.611694,2675240,0.000000,0.000000
2025-10-16,1454.000000,1490.500000,1453.000000,1479.500000,1473.290894,6512312,0.000000,0.000000
2025-10-17,1479.500000,1489.000000,1462.500000,1479.400024,1473.191284,3290072,0.000000,0.000000
2025-10-20,1488.000000,1489.000000,1459.099976,1467.000000,1460.843384,2660484,0.000000,0.000000
2025-10-21,1477.000000,1481.500000,1470.000000,1473.500000,1467.316040,394024,0.000000,0.000000
2025-10-23,1478.800049,1483.500000,1450.300049,1453.099976,1447.001709,2999137,0.000000,0.000000
2025-10-24,1463.000000,1463.500000,1422.300049,1429.000000,1423.002808,1907383,0.000000,0.000000
2025-10-27,1429.000000,1429.800049,1410.000000,1420.599976,1414.638062,2280976,0.000000,0.000000
2025-10-28,1425.900024,1435.000000,1410.000000,1417.900024,1411.949463,2068057,0.000000,0.000000
2025-10-29,1424.099976,1464.800049,1421.599976,1454.800049,1448.694580,3578596,0.000000,0.000000
2025-10-30,1458.000000,1463.000000,1449.599976,1457.900024,1451.781616,1380931,0.000000,0.000000
2025-10-31,1457.900024,1461.699951,1443.000000,1451.500000,1445.408447,1141853,0.000000,0.000000
2025-11-03,1451.500000,1457.400024,1435.300049,1444.699951,1438.636841,1059573,0.000000,0.000000
2025-11-04,1449.599976,1466.300049,1432.000000,1444.400024,1438.338257,3554714,0.000000,0.000000
2025-11-06,1452.099976,1466.300049,1434.300049,1436.800049,1430.770142,2745063,0.000000,0.000000
2025-11-07,1435.000000,1464.000000,1425.000000,1448.300049,1442.221924,2184538,0.000000,0.000000
2025-11-10,1452.199951,1463.900024,1441.000000,1444.900024,1438.836182,1161695,0.000000,0.000000
2025-11-11,1453.000000,1476.000000,1437.800049,1474.400024,1468.212280,2258827,0.000000,0.000000
2025-11-12,1477.000000,1515.000000,1475.500000,1506.900024,1500.575928,4641466,0.000000,0.000000
2025-11-13,1515.000000,1515.000000,1487.800049,1499.000000,1492.709106,2304918,0.000000,0.000000
2025-11-14,1500.000000,1523.599976,1497.000000,1512.699951,1506.351562,2345593,0.000000,0.000000
2025-11-17,1518.900024,1519.000000,1503.000000,1507.599976,1501.272949,1750560,0.000000,0.000000
2025-11-18,1518.900024,1518.900024,1490.199951,1495.000000,1488.725830,1818617,0.000000,0.000000
2025-11-19,1499.000000,1499.500000,1478.000000,1484.199951,1477.971069,1746304,0.000000,0.000000
2025-11-20,1500.000000,1505.000000,1487.599976,1491.099976,1484.842163,1459401,0.000000,0.000000
2025-11-21,1492.000000,1492.300049,1467.099976,1479.800049,1473.589722,1165365,0.000000,0.000000
2025-11-24,1482.000000,1490.199951,1471.300049,1485.900024,1479.664062,2485518,0.000000,0.000000
2025-11-25,1490.000000,1492.400024,1474.500000,1483.900024,1477.672485,1355333,0.000000,0.000000
2025-11-26,1484.300049,1523.000000,1484.300049,1506.199951,1499.878784,3986754,0.000000,0.000000
2025-11-27,1511.800049,1513.900024,1501.000000,1509.099976,1502.766602,861910,0.000000,0.000000
2025-11-28,1510.000000,1534.300049,1503.099976,1516.900024,1510.533936,2612938,0.000000,0.000000
2025-12-01,1530.000000,1549.000000,1523.000000,1530.500000,1524.076904,4059126,0.000000,0.000000
2025-12-02,1528.099976,1530.000000,1510.000000,1518.099976,1511.728882,1974536,0.000000,0.000000
2025-12-03,1514.000000,1524.000000,1488.599976,1497.699951,1491.414429,1958074,0.000000,0.000000
2025-12-04,1497.699951,1509.099976,1490.199951,1505.599976,1499.281372,1591805,0.000000,0.000000
2025-12-05,1504.599976,1514.000000,1493.300049,1509.400024,1503.065430,1141428,0.000000,0.000000
2025-12-08,1509.400024,1510.900024,1472.599976,1480.500000,1474.286743,1070689,0.000000,0.000000
2025-12-09,1476.900024,1499.199951,1460.900024,1497.199951,1490.916504,1327921,0.000000,0.000000
2025-12-10,1500.000000,1521.000000,1493.599976,1498.099976,1491.812744,1677388,0.000000,0.000000
2025-12-11,1496.000000,1515.000000,1495.000000,1504.000000,1497.688110,1451645,0.000000,0.000000
2025-12-12,1512.000000,1527.400024,1509.500000,1522.800049,1516.409180,1152570,0.000000,0.000000
2025-12-15,1522.800049,1522.800049,1508.099976,1512.599976,1506.251953,850425,0.000000,0.000000
2025-12-16,1512.599976,1512.599976,1494.199951,1499.000000,1492.709106,1122212,0.000000,0.000000
2025-12-17,1494.099976,1500.000000,1479.300049,1486.300049,1480.062378,964352,0.000000,0.000000
2025-12-18,1486.400024,1498.000000,1476.000000,1495.699951,1489.422852,683681,0.000000,0.000000
2025-12-19,1495.000000,1503.699951,1490.699951,1496.400024,1490.119995,1276175,0.000000,0.000000
2025-12-22,1497.500000,1515.000000,1497.500000,1508.699951,1502.368286,1116833,0.000000,0.000000
2025-12-23,1508.699951,1513.800049,1491.199951,1493.599976,1487.331665,928446,0.000000,0.000000
2025-12-24,1503.000000,1507.199951,1492.000000,1494.300049,1488.028809,1318023,0.000000,0.000000
2025-12-26,1499.599976,1501.400024,1485.000000,1487.099976,1480.859009,876540,0.000000,0.000000
2025-12-29,1487.099976,1487.099976,1451.000000,1454.400024,1448.296265,1568472,0.000000,0.000000
2025-12-30,1450.000000,1470.500000,1447.300049,1461.199951,1455.067627,3463973,0.000000,0.000000
2025-12-31,1468.500000,1475.000000,1461.300049,1469.800049,1463.631592,707055,0.000000,0.000000
2026-01-01,1472.800049,1490.900024,1470.400024,1481.099976,1474.884155,981252,0.000000,0.000000
2026-01-02,1480.099976,1495.000000,1478.300049,1489.500000,1483.248901,1251176,0.000000,0.000000
2026-01-05,1488.000000,1496.800049,1479.099976,1493.000000,1486.734253,790039,0.000000,0.000000
2026-01-06,1490.000000,1493.000000,1470.699951,1473.199951,1467.017334,1675609,0.000000,0.000000
2026-01-07,1473.199951,1480.400024,1459.000000,1465.300049,1459.150513,2124534,0.000000,0.000000
2026-01-08,1468.000000,1489.000000,1460.300049,1465.199951,1459.050903,1974347,0.000000,0.000000
2026-01-09,1463.000000,1463.000000,1431.000000,1435.900024,1429.873901,2280396,0.000000,0.000000
2026-01-12,1435.900024,1447.099976,1403.900024,1443.500000,1437.442017,1539180,0.000000,0.000000
2026-01-13,1443.500000,1449.000000,1420.000000,1428.599976,1422.604492,919873,0.000000,0.000000
2026-01-14,1429.000000,1438.900024,1423.000000,1430.000000,1423.998657,1278819,0.000000,0.000000
2026-01-15,1430.000000,1430.000000,1430.000000,1430.000000,1423.998657,0,0.000000,0.000000
2026-01-16,1430.000000,1448.000000,1416.099976,1421.900024,1415.932617,1556318,0.000000,0.000000
2026-01-19,1421.000000,1421.000000,1395.599976,1403.000000,1397.111938,1130162,0.000000,0.000000
2026-01-20,1409.000000,1412.900024,1359.599976,1367.599976,1361.860474,1799611,0.000000,0.000000
2026-01-21,1371.699951,1390.400024,1345.000000,1378.599976,1372.814331,2141532,0.000000,0.000000
2026-01-22,1400.000000,1421.699951,1388.500000,1414.199951,1408.264893,1689638,0.000000,0.000000
2026-01-23,1417.000000,1417.000000,1292.000000,1308.400024,1302.908936,6380222,0.000000,0.000000
2026-01-27,1334.300049,1368.300049,1322.000000,1363.900024,1358.176025,3838632,0.000000,0.000000
2026-01-28,1373.900024,1384.300049,1363.699951,1381.900024,1376.100464,2938285,0.000000,0.000000
2026-01-29,1384.900024,1429.000000,1371.599976,1417.800049,1411.849854,3918681,0.000000,0.000000
2026-01-30,1417.800049,1428.500000,1407.000000,1419.800049,1413.841431,2227414,0.000000,0.000000
2026-02-02,1348.000000,1406.000000,1348.000000,1403.099976,1397.211548,2796673,0.000000,0.000000
2026-02-03,1477.199951,1537.000000,1477.199951,1530.800049,1524.375610,11977119,0.000000,0.000000
2026-02-04,1529.900024,1572.300049,1508.500000,1567.900024,1561.319946,6632728,0.000000,0.000000
2026-02-05,1568.000000,1577.699951,1548.599976,1570.199951,1563.610229,3285127,0.000000,0.000000
2026-02-06,1563.000000,1575.500000,1527.000000,1550.699951,1544.192017,4429173,0.000000,0.000000
2026-02-09,1575.900024,1583.900024,1554.500000,1561.699951,1555.145874,1761025,0.000000,0.000000
2026-02-10,1565.000000,1568.000000,1525.000000,1554.699951,1548.175293,1643366,0.000000,0.000000
2026-02-11,1554.699951,1559.400024,1539.199951,1553.400024,1546.880737,1359416,0.000000,0.000000
2026-02-12,1542.099976,1551.000000,1532.500000,1543.699951,1537.221436,1107584,0.000000,0.000000
2026-02-13,1543.000000,1543.000000,1507.000000,1519.000000,1512.625122,1838361,0.000000,0.000000
2026-02-16,1517.500000,1545.500000,1495.300049,1540.099976,1533.636597,1644108,0.000000,0.000000
2026-02-17,1545.000000,1576.500000,1535.699951,1566.300049,1559.726685,3168457,0.000000,0.000000
2026-02-18,1565.000000,1565.000000,1540.000000,1550.800049,1544.291748,1326139,0.000000,0.000000
2026-02-19,1550.000000,1550.800049,1506.699951,1513.300049,1506.949097,984392,0.000000,0.000000
2026-02-20,1513.300049,1529.199951,1505.199951,1511.500000,1505.156616,1126987,0.000000,0.000000
2026-02-23,1511.000000,1564.500000,1510.800049,1555.800049,1549.270752,3113728,0.000000,0.000000
2026-02-24,1553.699951,1564.000000,1536.400024,1555.400024,1548.872437,1360612,0.000000,0.000000
2026-02-25,1567.000000,1584.000000,1518.500000,1528.699951,1522.284302,2153982,0.000000,0.000000
2026-02-26,1537.599976,1554.599976,1526.000000,1550.599976,1544.092529,1353287,0.000000,0.000000
2026-02-27,1545.000000,1545.099976,1516.199951,1521.000000,1514.616699,1596106,0.000000,0.000000
2026-03-02,1462.000000,1497.300049,1430.000000,1470.300049,1464.129517,4207514,0.000000,0.000000
2026-03-04,1435.000000,1450.500000,1409.000000,1434.400024,1428.380127,3386838,0.000000,0.000000
2026-03-05,1447.199951,1505.500000,1447.199951,1499.300049,1493.007812,3236481,0.000000,0.000000
2026-03-06,1489.000000,1497.800049,1470.000000,1477.500000,1471.299316,2576061,0.000000,0.000000
2026-03-09,1405.000000,1436.099976,1405.000000,1421.300049,1415.335205,4874245,0.000000,0.000000
2026-03-10,1450.000000,1470.300049,1416.500000,1424.099976,1418.123413,2706284,0.000000,0.000000
2026-03-11,1425.000000,1454.900024,1405.699951,1410.800049,1404.879272,2212011,0.000000,0.000000
2026-03-12,1402.500000,1418.599976,1375.300049,1391.500000,1385.660156,2699173,0.000000,0.000000
2026-03-13,1388.699951,1390.000000,1354.000000,1363.199951,1357.478882,2688559,0.000000,0.000000
2026-03-16,1356.599976,1383.099976,1347.000000,1373.900024,1368.134033,3322087,0.000000,0.000000
2026-03-17,1379.000000,1379.000000,1351.199951,1365.500000,1359.769287,2605905,0.000000,0.000000
2026-03-18,1367.099976,1411.099976,1367.099976,1401.900024,1396.016602,1956685,0.000000,0.000000
2026-03-19,1377.000000,1379.599976,1350.500000,1356.000000,1350.309204,2160622,0.000000,0.000000
2026-03-20,1364.900024,1393.500000,1358.000000,1365.400024,1359.669800,4213342,0.000000,0.000000
2026-03-23,1350.000000,1350.000000,1293.500000,1303.599976,1298.129028,3361416,0.000000,0.000000
2026-03-24,1343.000000,1361.000000,1313.599976,1344.199951,1338.558716,3132212,0.000000,0.000000
2026-03-25,1359.699951,1392.699951,1354.800049,1375.900024,1370.125732,1856531,0.000000,0.000000
2026-03-27,1375.000000,1375.000000,1330.099976,1337.800049,1332.185669,2667313,0.000000,0.000000
2026-03-30,1325.000000,1337.300049,1307.099976,1312.599976,1307.091309,2856500,0.000000,0.000000
2026-04-01,1351.199951,1405.400024,1348.699951,1385.400024,1379.585815,3684039,0.000000,0.000000
2026-04-02,1354.400024,1384.199951,1332.599976,1377.599976,1371.818481,3210456,0.000000,0.000000
2026-04-06,1379.800049,1391.800049,1348.099976,1387.099976,1381.278687,2519628,0.000000,0.000000
2026-04-07,1375.000000,1390.000000,1368.400024,1381.000000,1375.204224,1812944,0.000000,0.000000
2026-04-08,1464.900024,1505.699951,1449.000000,1453.300049,1447.200928,7636467,0.000000,0.000000
2026-04-09,1437.000000,1456.199951,1415.199951,1447.400024,1441.325684,3159307,0.000000,0.000000
2026-04-10,1442.000000,1478.099976,1438.300049,1475.300049,1469.108521,4026881,0.000000,0.000000
2026-04-13,1426.800049,1477.900024,1421.000000,1465.300049,1459.150513,3629785,0.000000,0.000000
2026-04-15,1484.300049,1515.000000,1480.900024,1511.800049,1505.455322,4415637,0.000000,0.000000
2026-04-16,1524.900024,1555.800049,1510.000000,1549.800049,1543.295898,7476052,0.000000,0.000000
2026-04-17,1559.000000,1578.500000,1549.199951,1573.400024,1566.796875,6024587,0.000000,0.000000
2026-04-20,1572.400024,1600.500000,1566.099976,1578.400024,1571.775879,2998603,0.000000,0.000000
2026-04-21,1578.500000,1611.900024,1578.400024,1594.099976,1587.409912,4276868,0.000000,0.000000
2026-04-22,1588.900024,1603.400024,1582.000000,1588.599976,1581.932983,1918773,0.000000,0.000000
2026-04-23,1575.000000,1611.000000,1566.199951,1602.900024,1596.172974,2406876,0.000000,0.000000
2026-04-24,1612.000000,1618.800049,1556.500000,1585.099976,1578.447632,2290223,0.000000,0.000000
2026-04-27,1600.000000,1649.900024,1593.000000,1628.500000,1621.665527,3787783,0.000000,0.000000
2026-04-28,1628.400024,1648.000000,1624.500000,1637.599976,1630.727417,2500914,0.000000,0.000000
2026-04-29,1645.000000,1672.000000,1644.900024,1661.099976,1654.128784,2345365,0.000000,0.000000
2026-04-30,1650.000000,1677.000000,1596.800049,1657.300049,1650.344727,6313698,0.000000,0.000000
2026-05-01,1657.300049,1657.300049,1657.300049,1657.300049,1650.344727,0,0.000000,0.000000
2026-05-04,1702.000000,1748.599976,1687.300049,1742.599976,1735.286743,7171346,0.000000,0.000000
2026-05-05,1749.800049,1757.400024,1718.699951,1725.000000,1717.760620,4357699,0.000000,0.000000
2026-05-06,1750.000000,1762.400024,1718.599976,1748.300049,1740.962891,3001204,0.000000,0.000000
2026-05-07,1748.300049,1755.900024,1708.000000,1732.800049,1725.527954,3280485,0.000000,0.000000
2026-05-08,1740.400024,1792.000000,1727.699951,1760.400024,1753.012085,4984856,0.000000,0.000000
2026-05-11,1757.099976,1785.599976,1733.099976,1767.300049,1759.883057,4111229,0.000000,0.000000
2026-05-12,1752.000000,1765.900024,1683.199951,1688.199951,1681.114990,3441070,0.000000,0.000000
2026-05-13,1688.199951,1752.300049,1688.000000,1737.800049,1730.506958,3018421,0.000000,0.000000
2026-05-14,1761.000000,1782.500000,1745.400024,1773.400024,1765.957520,3051398,0.000000,0.000000
2026-05-15,1796.800049,1823.900024,1766.199951,1795.099976,1787.566406,5622212,0.000000,0.000000
2026-05-18,1785.500000,1793.000000,1745.000000,1787.699951,1780.197388,2562978,0.000000,0.000000
2026-05-19,1790.800049,1805.000000,1758.800049,1762.800049,1755.401978,2274987,0.000000,0.000000
2026-05-20,1749.000000,1777.800049,1744.300049,1772.599976,1765.160767,1283223,0.000000,0.000000
2026-05-21,1781.400024,1800.800049,1776.800049,1793.300049,1785.774048,1628329,0.000000,0.000000
2026-05-22,1793.300049,1802.300049,1780.500000,1786.900024,1779.400879,1487044,0.000000,0.000000
2026-05-25,1809.000000,1813.300049,1793.000000,1802.900024,1795.333740,1516143,0.000000,0.000000
2026-05-26,1805.000000,1820.500000,1800.000000,1811.199951,1803.598755,2104926,0.000000,0.000000
2026-05-27,1810.000000,1842.800049,1809.900024,1824.500000,1816.843018,2102406,0.000000,0.000000
2026-05-28,1824.500000,1824.500000,1824.500000,1824.500000,1816.843018,0,0.000000,0.000000
2026-05-29,1836.400024,1840.699951,1796.400024,1804.599976,1797.026489,3554087,0.000000,0.000000
2026-06-01,1809.099976,1814.900024,1777.000000,1783.500000,1776.015015,1224826,0.000000,0.000000
2026-06-02,1745.199951,1817.800049,1745.199951,1814.500000,1806.885010,2256569,0.000000,0.000000
2026-06-03,1829.400024,1840.000000,1781.900024,1803.800049,1796.229980,2967709,0.000000,0.000000
2026-06-04,1794.300049,1826.400024,1786.199951,1790.900024,1783.384033,1369988,0.000000,0.000000
2026-06-05,1801.500000,1827.900024,1796.699951,1824.199951,1816.544189,1640762,0.000000,0.000000
2026-06-08,1805.599976,1832.800049,1791.599976,1805.000000,1797.424805,2574439,0.000000,0.000000
2026-06-09,1828.000000,1832.599976,1792.400024,1826.400024,1818.735107,1776339,0.000000,0.000000
2026-06-10,1826.000000,1857.800049,1812.199951,1821.199951,1813.556763,2933100,0.000000,0.000000
2026-06-11,1814.599976,1820.400024,1781.699951,1787.099976,1779.599976,2229041,0.000000,0.000000
2026-06-12,1804.000000,1818.000000,1777.900024,1812.900024,1812.900024,2325897,7.500000,0.000000
2026-06-15,1839.000000,1840.300049,1798.900024,1804.800049,1804.800049,1421741,0.000000,0.000000
2026-06-16,1804.800049,1828.000000,1797.099976,1822.000000,1822.000000,2215994,0.000000,0.000000
2026-06-17,1824.000000,1833.000000,1806.300049,1828.599976,1828.599976,2697924,0.000000,0.000000
2026-06-18,1833.000000,1849.500000,1820.000000,1842.099976,1842.099976,1643528,0.000000,0.000000
2026-06-19,1842.099976,1849.000000,1830.000000,1835.300049,1835.300049,4382841,0.000000,0.000000
2026-06-22,1835.300049,1836.800049,1808.099976,1827.199951,1827.199951,1524494,0.000000,0.000000
2026-06-23,1832.599976,1842.000000,1779.099976,1784.000000,1784.000000,3309685,0.000000,0.000000
2026-06-24,1786.000000,1818.000000,1775.000000,1813.300049,1813.300049,2141905,0.000000,0.000000
2026-06-25,1813.300049,1831.400024,1790.900024,1796.000000,1796.000000,1850390,0.000000,0.000000
2026-06-26,1796.000000,1796.000000,1796.000000,1796.000000,1796.000000,0,0.000000,0.000000
2026-06-29,1809.500000,1809.500000,1770.500000,1776.099976,1776.099976,1693498,0.000000,0.000000
2026-06-30,1786.900024,1816.300049,1782.599976,1810.199951,1810.199951,2230098,0.000000,0.000000
2026-07-01,1829.500000,1881.699951,1815.400024,1848.199951,1848.199951,4123193,0.000000,0.000000
2026-07-02,1858.500000,1888.000000,1845.500000,1883.199951,1883.199951,3089068,0.000000,0.000000
2026-07-03,1885.000000,1891.099976,1865.000000,1874.199951,1874.199951,1645113,0.000000,0.000000
2026-07-06,1872.800049,1883.500000,1859.300049,1864.400024,1864.400024,1042695,0.000000,0.000000
2026-07-07,1872.000000,1880.500000,1828.699951,1833.900024,1833.900024,1818238,0.000000,0.000000
2026-07-08,1824.900024,1850.400024,1783.199951,1791.699951,1791.699951,1413919,0.000000,0.000000
2026-07-09,1795.300049,1821.000000,1795.300049,1800.099976,1800.099976,1106782,0.000000,0.000000
2026-07-10,1800.099976,1852.900024,1800.099976,1828.099976,1828.099976,1489787,0.000000,0.000000
2026-07-13,1811.000000,1825.900024,1807.099976,1810.300049,1810.300049,1156618,0.000000,0.000000
2026-07-14,1819.300049,1840.900024,1808.599976,1821.900024,1821.900024,1636778,0.000000,0.000000
2026-07-15,1826.000000,1838.000000,1817.199951,1829.099976,1829.099976,917984,0.000000,0.000000
2026-07-16,1828.500000,1859.699951,1817.500000,1826.400024,1826.400024,1952268,0.000000,0.000000
2026-07-17,1825.599976,1841.500000,1817.099976,1837.400024,1837.400024,962152,0.000000,0.000000
2026-07-20,1836.099976,1853.699951,1828.000000,1844.000000,1844.000000,754950,0.000000,0.000000
2026-07-21,1840.000000,1857.400024,1833.000000,1846.500000,1846.500000,1372166,0.000000,0.000000
2026-07-22,1837.099976,1847.199951,1811.900024,1819.400024,1819.400024,1436881,0.000000,0.000000
2026-07-23,1818.300049,1825.500000,1769.000000,1778.500000,1778.500000,2592430,0.000000,0.000000
2026-07-24,1764.900024,1784.900024,1755.199951,1768.300049,1768.300049,1685770,0.000000,0.000000
2026-07-27,1784.000000,1785.000000,1752.099976,1770.400024,1770.400024,2266975,0.000000,0.000000
2026-07-28,1770.400024,1783.000000,1758.900024,1774.699951,1774.699951,1776549,0.000000,0.000000
2026-07-29,1785.000000,1792.000000,1705.099976,1719.699951,1719.699951,5088460,0.000000,0.000000
2026-07-30,1726.699951,1727.699951,1658.400024,1664.099976,1664.099976,5395211,0.000000,0.000000
2026-07-31,1674.000000,1708.099976,1650.000000,1696.500000,1696.500000,4703646,0.000000,0.000000
2026-08-03,1713.400024,1715.900024,1692.800049,1701.000000,1701.000000,1664693,0.000000,0.000000
2026-08-04,1703.099976,1713.900024,1690.000000,1706.699951,1706.699951,1099071,0.000000,0.000000
2026-08-05,1708.199951,1710.699951,1688.099976,1700.000000,1700.000000,2333361,0.000000,0.000000
2026-08-06,1704.000000,1706.000000,1685.800049,1695.000000,1695.000000,1254956,0.000000,0.000000
2026-08-07,1695.000000,1702.300049,1676.699951,1693.500000,1693.500000,2387389,0.000000,0.000000
2026-08-10,1690.000000,1690.000000,1673.099976,1681.000000,1681.000000,2177216,0.000000,0.000000
2026-08-11,1700.000000,1703.400024,1661.800049,1668.199951,1668.199951,2263466,0.000000,0.000000
2026-08-12,1669.800049,1672.699951,1640.400024,1665.000000,1665.000000,1494540,0.000000,0.000000
2026-08-13,1665.000000,1669.900024,1641.099976,1658.000000,1658.000000,1992956,0.000000,0.000000
2026-08-14,1658.000000,1700.000000,1657.199951,1700.000000,1700.000000,1978204,0.000000,0.000000
2026-08-17,1700.000000,1704.000000,1678.099976,1691.000000,1691.000000,1594217,0.000000,0.000000
2026-08-18,1691.599976,1693.699951,1667.000000,1682.400024,1682.400024,1298165,0.000000,0.000000
2026-08-19,1684.000000,1684.000000,1667.000000,1681.900024,1681.900024,1217074,0.000000,0.000000
2026-08-20,1690.000000,1698.500000,1680.400024,1696.000000,1696.000000,1661649,0.000000,0.000000
2026-08-21,1697.199951,1702.000000,1684.900024,1700.000000,1700.000000,1113535,0.000000,0.000000
2026-08-24,1700.000000,1700.000000,1672.099976,1672.099976,1672.099976,1061245,0.000000,0.000000
2026-08-25,1674.000000,1702.699951,1671.000000,1702.699951,1702.699951,1300541,0.000000,0.000000
2026-08-26,1711.900024,1719.699951,1690.500000,1691.500000,1691.500000,1937255,0.000000,0.000000
2026-08-27,1703.000000,1719.000000,1691.199951,1714.000000,1714.000000,2044450,0.000000,0.000000
2026-08-28,1712.000000,1723.900024,1699.199951,1707.500000,1707.500000,3268356,0.000000,0.000000
2026-08-31,1710.000000,1711.400024,1593.099976,1593.099976,1593.099976,9621819,0.000000,0.000000
2026-09-01,1625.000000,1655.599976,1625.000000,1647.500000,1647.500000,3770354,0.000000,0.000000
2026-09-02,1637.099976,1676.699951,1632.099976,1672.699951,1672.699951,2338937,0.000000,0.000000
2026-09-03,1694.900024,1710.800049,1681.800049,1706.500000,1706.500000,3370497,0.000000,0.000000
2026-09-04,1699.900024,1716.900024,1692.400024,1707.300049,1707.300049,1281968,0.000000,0.000000
