Date,Open,High,Low,Close,Adj Close,Volume,Dividends,Stock Splits
1996-01-01,0.794921,0.796679,0.791015,0.796679,0.468390,204800,0.000000,0.000000
1996-01-02,0.794921,0.798828,0.793457,0.793457,0.466496,204800,0.000000,0.000000
1996-01-03,0.798828,0.798828,0.798828,0.798828,0.469653,102400,0.000000,0.000000
1996-01-04,0.791015,0.794921,0.791015,0.793554,0.466553,307200,0.000000,0.000000
1996-01-05,0.784179,0.784179,0.784179,0.784179,0.461041,51200,0.000000,0.000000
1996-01-08,0.784179,0.791015,0.785156,0.789062,0.463912,358400,0.000000,0.000000
1996-01-09,0.789062,0.781250,0.771484,0.780273,0.458744,870400,0.000000,0.000000
1996-01-10,0.780273,0.775390,0.771484,0.773437,0.454726,358400,0.000000,0.000000
1996-01-11,0.779296,0.791015,0.773437,0.791015,0.465060,819200,0.000000,0.000000
1996-01-12,0.787109,0.787109,0.781250,0.786621,0.462477,358400,0.000000,0.000000
1996-01-15,0.776367,0.785156,0.776367,0.777832,0.457309,307200,0.000000,0.000000
1996-01-16,0.777832,0.781250,0.712890,0.781250,0.459319,358400,0.000000,0.000000
1996-01-17,0.781250,0.783203,0.771484,0.773828,0.454955,768000,0.000000,0.000000
1996-01-18,0.773828,0.776367,0.769531,0.776367,0.456448,204800,0.000000,0.000000
1996-01-19,0.771484,0.771484,0.768066,0.768554,0.451854,512000,0.000000,0.000000
1996-01-22,0.771484,0.776367,0.771484,0.776367,0.456448,204800,0.000000,0.000000
1996-01-23,0.767578,0.781250,0.767578,0.773925,0.455012,665600,0.000000,0.000000
1996-01-24,0.773925,0.770507,0.752929,0.770507,0.453003,409600,0.000000,0.000000
1996-01-25,0.770996,0.770996,0.767578,0.767578,0.451281,102400,0.000000,0.000000
1996-01-26,0.767578,0.767578,0.767578,0.767578,0.451281,0,0.000000,0.000000
1996-01-29,0.765625,0.765625,0.763183,0.763183,0.448697,102400,0.000000,0.000000
1996-01-30,0.763183,0.775390,0.771484,0.772460,0.454151,1433600,0.000000,0.000000
1996-01-31,0.772460,0.781250,0.767578,0.781250,0.459319,460800,0.000000,0.000000
1996-02-01,0.781250,0.810546,0.781250,0.810546,0.476543,819200,0.000000,0.000000
1996-02-02,0.810546,0.839843,0.810546,0.839746,0.493710,2355200,0.000000,0.000000
1996-02-05,0.839746,0.841796,0.820410,0.839843,0.493767,819200,0.000000,0.000000
1996-02-06,0.839843,0.883789,0.839843,0.859375,0.505251,1382400,0.000000,0.000000
1996-02-07,0.859375,0.843750,0.833984,0.836523,0.491815,972800,0.000000,0.000000
1996-02-08,0.849609,0.888671,0.849609,0.888671,0.522475,768000,0.000000,0.000000
1996-02-09,0.888671,0.927734,0.830078,0.922558,0.542398,1382400,0.000000,0.000000
1996-02-12,0.922558,0.935546,0.908203,0.912109,0.536255,819200,0.000000,0.000000
1996-02-13,0.937500,0.957031,0.937500,0.957031,0.562666,2048000,0.000000,0.000000
1996-02-14,0.957031,1.000976,0.951171,0.993164,0.583909,972800,0.000000,0.000000
1996-02-15,0.993164,1.005859,0.957031,1.002539,0.589421,2201600,0.000000,0.000000
1996-02-16,1.002539,1.015625,0.965332,1.005371,0.591086,2764800,0.000000,0.000000
1996-02-19,1.005371,0.986328,0.982421,0.984570,0.578857,1024000,0.000000,0.000000
1996-02-20,0.984570,0.981445,0.968750,0.968945,0.569670,614400,0.000000,0.000000
1996-02-21,0.968945,0.968945,0.968945,0.968945,0.569670,0,0.000000,0.000000
1996-02-22,0.968945,0.972656,0.961230,0.961425,0.565249,307200,0.000000,0.000000
1996-02-23,0.961425,0.970703,0.960937,0.970703,0.570704,153600,0.000000,0.000000
1996-02-26,0.970703,0.976562,0.966308,0.976562,0.574148,204800,0.000000,0.000000
1996-02-27,0.976562,0.952148,0.927734,0.927734,0.545441,153600,0.000000,0.000000
1996-02-28,0.927734,0.929687,0.929687,0.929687,0.546589,51200,0.000000,0.000000
1996-02-29,0.929687,0.917968,0.914062,0.916015,0.538551,460800,0.000000,0.000000
1996-03-01,0.916015,0.927734,0.898437,0.922851,0.542570,512000,0.000000,0.000000
1996-03-04,0.927734,0.937500,0.927734,0.937500,0.551183,153600,0.000000,0.000000
1996-03-05,0.937500,0.937500,0.937500,0.937500,0.551183,0,0.000000,0.000000
1996-03-06,0.952929,0.952929,0.911132,0.911132,0.535680,204800,0.000000,0.000000
1996-03-07,0.911132,0.937500,0.917871,0.937500,0.551183,307200,0.000000,0.000000
1996-03-08,0.937500,0.945214,0.929687,0.945214,0.555718,256000,0.000000,0.000000
1996-03-11,0.945214,0.937500,0.931738,0.935546,0.550034,153600,0.000000,0.000000
1996-03-12,0.935546,0.937500,0.917968,0.937500,0.551183,409600,0.000000,0.000000
1996-03-13,0.937500,0.928125,0.915039,0.915039,0.537977,870400,0.000000,0.000000
1996-03-14,0.915039,0.937500,0.937011,0.937500,0.551183,307200,0.000000,0.000000
1996-03-15,0.937500,0.933691,0.933593,0.933593,0.548886,153600,0.000000,0.000000
1996-03-18,0.933593,0.937500,0.933593,0.934960,0.549689,1228800,0.000000,0.000000
1996-03-19,0.934960,0.937500,0.927734,0.937500,0.551183,256000,0.000000,0.000000
1996-03-20,0.937500,0.937500,0.937500,0.937500,0.551183,0,0.000000,0.000000
1996-03-21,0.937500,0.944726,0.934570,0.934570,0.549460,256000,0.000000,0.000000
1996-03-22,0.934570,0.951171,0.941503,0.946679,0.556579,768000,0.000000,0.000000
1996-03-25,0.946679,0.937304,0.920898,0.935546,0.550034,409600,0.000000,0.000000
1996-03-26,0.935546,0.933593,0.923046,0.923046,0.542685,204800,0.000000,0.000000
1996-03-27,0.923046,0.937500,0.929687,0.929687,0.546589,716800,0.000000,0.000000
1996-03-28,0.929687,0.949316,0.947265,0.949316,0.558129,307200,0.000000,0.000000
1996-03-29,0.949316,0.984277,0.957031,0.982324,0.577536,716800,0.000000,0.000000
1996-04-01,0.982324,0.982324,0.982324,0.982324,0.577536,0,0.000000,0.000000
1996-04-02,0.982324,0.986328,0.974609,0.986328,0.579890,614400,0.000000,0.000000
1996-04-03,0.986328,0.990234,0.978515,0.978515,0.575297,512000,0.000000,0.000000
1996-04-04,0.978515,0.976562,0.976562,0.976562,0.574148,51200,0.000000,0.000000
1996-04-05,0.976562,0.976562,0.976562,0.976562,0.574148,0,0.000000,0.000000
1996-04-08,0.976562,0.982226,0.976562,0.982226,0.577478,256000,0.000000,0.000000
1996-04-09,0.982226,1.035156,0.988281,1.032226,0.606875,2099200,0.000000,0.000000
1996-04-10,1.032226,1.136718,1.084082,1.088867,0.640176,4505600,0.000000,0.000000
1996-04-11,1.088867,1.085937,1.064453,1.076171,0.632711,1536000,0.000000,0.000000
1996-04-12,1.076171,1.093750,1.070410,1.092578,0.642357,1587200,0.000000,0.000000
1996-04-15,1.092578,1.171875,1.093750,1.160156,0.682088,3174400,0.000000,0.000000
1996-04-16,1.160156,1.220703,1.152343,1.206640,0.709418,2918400,0.000000,0.000000
1996-04-17,1.206640,1.279296,1.210937,1.265820,0.744211,4249600,0.000000,0.000000
1996-04-18,1.265820,1.318164,1.231445,1.251757,0.735943,3532800,0.000000,0.000000
1996-04-19,1.251757,1.271484,1.235351,1.242187,0.730317,1587200,0.000000,0.000000
1996-04-22,1.242187,1.240234,1.210937,1.212890,0.713092,1689600,0.000000,0.000000
1996-04-23,1.212890,1.220703,1.201171,1.217968,0.716078,3276800,0.000000,0.000000
1996-04-24,1.217968,1.269531,1.232421,1.242285,0.730374,1280000,0.000000,0.000000
1996-04-25,1.242285,1.256835,1.240332,1.240429,0.729283,1484800,0.000000,0.000000
1996-04-26,1.240429,1.257812,1.223242,1.237402,0.727504,1382400,0.000000,0.000000
1996-04-29,1.237402,1.234375,1.224414,1.228515,0.722278,460800,0.000000,0.000000
1996-04-30,1.228515,1.239746,1.223632,1.231445,0.728052,1075200,0.006836,0.000000
1996-05-01,1.231445,1.236328,1.228515,1.231445,0.728052,358400,0.000000,0.000000
1996-05-02,1.231445,1.289062,1.238281,1.253906,0.741332,1280000,0.000000,0.000000
1996-05-03,1.253906,1.265625,1.240234,1.254394,0.741620,1638400,0.000000,0.000000
1996-05-06,1.254394,1.267089,1.245117,1.262500,0.746413,2150400,0.000000,0.000000
1996-05-07,1.262500,1.269531,1.250488,1.269531,0.750570,1536000,0.000000,0.000000
1996-05-08,1.269531,1.296875,1.259765,1.286523,0.760616,1638400,0.000000,0.000000
1996-05-09,1.286523,1.375976,1.263769,1.320996,0.780997,4864000,0.000000,0.000000
1996-05-10,1.320996,1.354492,1.279296,1.343261,0.794160,3328000,0.000000,0.000000
1996-05-13,1.343261,1.364550,1.330273,1.342480,0.793698,1587200,0.000000,0.000000
1996-05-14,1.342480,1.347460,1.316406,1.335839,0.789772,1536000,0.000000,0.000000
1996-05-15,1.335839,1.345117,1.304687,1.318164,0.779322,1894400,0.000000,0.000000
1996-05-16,1.318164,1.353515,1.330078,1.331640,0.787290,972800,0.000000,0.000000
1996-05-17,1.331640,1.348437,1.294921,1.311230,0.775223,1177600,0.000000,0.000000
1996-05-20,1.311230,1.308593,1.291992,1.293261,0.764600,870400,0.000000,0.000000
1996-05-21,1.293261,1.312500,1.286132,1.301269,0.769334,2355200,0.000000,0.000000
1996-05-22,1.301269,1.308593,1.297851,1.297851,0.767313,1024000,0.000000,0.000000
1996-05-23,1.297851,1.293457,1.280371,1.288769,0.761943,460800,0.000000,0.000000
1996-05-24,1.288769,1.292968,1.271484,1.291015,0.763271,819200,0.000000,0.000000
1996-05-27,1.291015,1.279296,1.266113,1.266113,0.748549,614400,0.000000,0.000000
1996-05-28,1.266113,1.279296,1.250000,1.277343,0.755188,921600,0.000000,0.000000
1996-05-29,1.277343,1.294433,1.281738,1.294433,0.765292,512000,0.000000,0.000000
1996-05-30,1.294433,1.279296,1.260253,1.269921,0.750800,563200,0.000000,0.000000
1996-05-31,1.269921,1.269531,1.261718,1.263671,0.747105,409600,0.000000,0.000000
1996-06-03,1.263671,1.302734,1.286132,1.301660,0.769565,819200,0.000000,0.000000
1996-06-04,1.301660,1.309960,1.298828,1.309960,0.774472,460800,0.000000,0.000000
1996-06-05,1.311523,1.316406,1.304687,1.305664,0.771932,460800,0.000000,0.000000
1996-06-06,1.318359,1.332031,1.318359,1.332031,0.787521,512000,0.000000,0.000000
1996-06-07,1.331542,1.351562,1.328320,1.351171,0.798837,1331200,0.000000,0.000000
1996-06-10,1.392480,1.392480,1.371093,1.375097,0.812982,819200,0.000000,0.000000
1996-06-11,1.367187,1.380859,1.359570,1.378515,0.815003,1382400,0.000000,0.000000
1996-06-12,1.386718,1.404296,1.382812,1.386914,0.819968,1638400,0.000000,0.000000
1996-06-13,1.376953,1.386523,1.367187,1.380761,0.816331,460800,0.000000,0.000000
1996-06-14,1.384667,1.388671,1.378906,1.386718,0.819853,819200,0.000000,0.000000
1996-06-17,1.406250,1.408203,1.386718,1.386718,0.819853,1126400,0.000000,0.000000
1996-06-18,1.372070,1.406250,1.367187,1.381738,0.816909,1331200,0.000000,0.000000
1996-06-19,1.386718,1.386718,1.386718,1.386718,0.819853,102400,0.000000,0.000000
1996-06-20,1.367187,1.386718,1.367187,1.376953,0.814080,307200,0.000000,0.000000
1996-06-21,1.378906,1.386718,1.376953,1.376953,0.814080,1177600,0.000000,0.000000
1996-06-24,1.367187,1.367187,1.357421,1.362109,0.805303,768000,0.000000,0.000000
1996-06-25,1.355664,1.361328,1.353710,1.360351,0.804264,716800,0.000000,0.000000
1996-06-26,1.367089,1.388671,1.357421,1.385742,0.819276,14745600,0.000000,0.000000
1996-06-27,1.365234,1.386718,1.364257,1.385156,0.818929,819200,0.000000,0.000000
1996-06-28,1.384765,1.384765,1.374121,1.380859,0.816389,460800,0.000000,0.000000
1996-07-01,1.386718,1.390625,1.378417,1.382812,0.817543,563200,0.000000,0.000000
1996-07-02,1.376953,1.386718,1.376953,1.380273,0.816042,972800,0.000000,0.000000
1996-07-03,1.369140,1.386523,1.362304,1.372656,0.811539,1689600,0.000000,0.000000
1996-07-04,1.365234,1.376953,1.349121,1.367187,0.808306,768000,0.000000,0.000000
1996-07-05,1.367187,1.367187,1.363281,1.363281,0.805996,256000,0.000000,0.000000
1996-07-08,1.363281,1.367187,1.354980,1.354980,0.801089,307200,0.000000,0.000000
1996-07-09,1.365234,1.365234,1.347656,1.357421,0.802532,512000,0.000000,0.000000
1996-07-10,1.363281,1.386718,1.363281,1.386718,0.819853,409600,0.000000,0.000000
1996-07-11,1.386718,1.396972,1.378906,1.379296,0.815465,614400,0.000000,0.000000
1996-07-12,1.386523,1.392578,1.379199,1.384570,0.818583,614400,0.000000,0.000000
1996-07-15,1.381835,1.381835,1.373046,1.373046,0.811770,307200,0.000000,0.000000
1996-07-16,1.359570,1.359570,1.337890,1.350976,0.798721,614400,0.000000,0.000000
1996-07-17,1.350976,1.350976,1.350976,1.350976,0.798721,0,0.000000,0.000000
1996-07-18,1.357421,1.357910,1.347656,1.357910,0.802821,563200,0.000000,0.000000
1996-07-19,1.367187,1.367187,1.350585,1.363769,0.806285,665600,0.000000,0.000000
1996-07-22,1.376953,1.376953,1.367187,1.367187,0.808306,256000,0.000000,0.000000
1996-07-23,1.367187,1.367187,1.349609,1.355371,0.801320,716800,0.000000,0.000000
1996-07-24,1.337890,1.337890,1.285156,1.337890,0.790985,1177600,0.000000,0.000000
1996-07-25,1.335937,1.367187,1.332031,1.357617,0.802647,1331200,0.000000,0.000000
1996-07-26,1.363085,1.363281,1.332031,1.339843,0.792140,921600,0.000000,0.000000
1996-07-29,1.345703,1.347656,1.331054,1.331054,0.786943,358400,0.000000,0.000000
1996-07-30,1.328125,1.328125,1.242187,1.249023,0.738445,1126400,0.000000,0.000000
1996-07-31,1.254003,1.289062,1.254003,1.289062,0.762116,870400,0.000000,0.000000
1996-08-01,1.308593,1.367187,1.308593,1.367089,0.808248,1331200,0.000000,0.000000
1996-08-02,1.375000,1.375000,1.347656,1.347656,0.796759,256000,0.000000,0.000000
1996-08-05,1.347656,1.347656,1.335937,1.337792,0.790927,409600,0.000000,0.000000
1996-08-06,1.328125,1.355468,1.328125,1.343554,0.794334,870400,0.000000,0.000000
1996-08-07,1.318359,1.328125,1.318359,1.324121,0.782844,204800,0.000000,0.000000
1996-08-08,1.337695,1.347656,1.336914,1.345703,0.795604,307200,0.000000,0.000000
1996-08-09,1.337890,1.337890,1.328125,1.330468,0.786597,614400,0.000000,0.000000
1996-08-12,1.322363,1.328125,1.310546,1.311914,0.775627,614400,0.000000,0.000000
1996-08-13,1.302734,1.308593,1.301757,1.301757,0.769623,204800,0.000000,0.000000
1996-08-14,1.308593,1.310546,1.308593,1.310546,0.774819,153600,0.000000,0.000000
1996-08-15,1.310546,1.310546,1.310546,1.310546,0.774819,0,0.000000,0.000000
1996-08-16,1.279492,1.279492,1.234375,1.265625,0.748260,512000,0.000000,0.000000
1996-08-19,1.244140,1.263671,1.242187,1.243164,0.734981,614400,0.000000,0.000000
1996-08-20,1.242187,1.250000,1.242187,1.242187,0.734403,665600,0.000000,0.000000
1996-08-21,1.242187,1.259765,1.242089,1.257128,0.743237,1280000,0.000000,0.000000
1996-08-22,1.267578,1.269531,1.257812,1.257812,0.743641,512000,0.000000,0.000000
1996-08-23,1.276367,1.284960,1.273437,1.284179,0.759230,921600,0.000000,0.000000
1996-08-26,1.308593,1.308593,1.275390,1.279492,0.756459,563200,0.000000,0.000000
1996-08-27,1.261718,1.289062,1.261718,1.283984,0.759114,1382400,0.000000,0.000000
1996-08-28,1.289062,1.304687,1.279296,1.279296,0.756343,819200,0.000000,0.000000
1996-08-29,1.289062,1.312500,1.289062,1.297070,0.766851,460800,0.000000,0.000000
1996-08-30,1.318359,1.318359,1.308593,1.308593,0.773664,153600,0.000000,0.000000
1996-09-02,1.330175,1.330175,1.307617,1.308105,0.773376,716800,0.000000,0.000000
1996-09-03,1.304687,1.304785,1.295117,1.295117,0.765697,870400,0.000000,0.000000
1996-09-04,1.302734,1.309277,1.302734,1.309277,0.774068,307200,0.000000,0.000000
1996-09-05,1.316406,1.316406,1.310546,1.316406,0.778283,358400,0.000000,0.000000
1996-09-06,1.312500,1.367187,1.308593,1.347656,0.796759,4864000,0.000000,0.000000
1996-09-09,1.332031,1.337890,1.312500,1.312500,0.775974,3993600,0.000000,0.000000
1996-09-10,1.300781,1.308593,1.300781,1.306054,0.772163,153600,0.000000,0.000000
1996-09-11,1.291015,1.300781,1.291015,1.294921,0.765581,153600,0.000000,0.000000
1996-09-12,1.296484,1.296679,1.296484,1.296679,0.766620,153600,0.000000,0.000000
1996-09-13,1.282226,1.294921,1.282226,1.289257,0.762232,256000,0.000000,0.000000
1996-09-16,1.285156,1.289062,1.285156,1.289062,0.762116,256000,0.000000,0.000000
1996-09-17,1.308398,1.308398,1.279296,1.288769,0.761943,409600,0.000000,0.000000
1996-09-18,1.296875,1.308593,1.296875,1.296875,0.766736,256000,0.000000,0.000000
1996-09-19,1.296875,1.308593,1.296875,1.308593,0.773664,256000,0.000000,0.000000
1996-09-20,1.308593,1.312500,1.308593,1.309082,0.773953,1024000,0.000000,0.000000
1996-09-23,1.289062,1.328125,1.289062,1.319335,0.780014,3020800,0.000000,0.000000
1996-09-24,1.299023,1.310449,1.298828,1.308593,0.773664,307200,0.000000,0.000000
1996-09-25,1.308593,1.316210,1.308593,1.312792,0.776146,307200,0.000000,0.000000
1996-09-26,1.304687,1.304687,1.299023,1.299023,0.768005,102400,0.000000,0.000000
1996-09-27,1.279296,1.296875,1.279296,1.296875,0.766736,563200,0.000000,0.000000
1996-09-30,1.285156,1.293945,1.279296,1.288085,0.761539,2560000,0.000000,0.000000
1996-10-01,1.279296,1.281250,1.259765,1.259765,0.744796,1075200,0.000000,0.000000
1996-10-02,1.259765,1.259765,1.259765,1.259765,0.744796,0,0.000000,0.000000
1996-10-03,1.240234,1.269042,1.237304,1.269042,0.750280,1740800,0.000000,0.000000
1996-10-04,1.242187,1.259667,1.241210,1.254882,0.741909,2150400,0.000000,0.000000
1996-10-07,1.249023,1.249023,1.216796,1.224707,0.724069,1382400,0.000000,0.000000
1996-10-08,1.212890,1.242187,1.209472,1.234375,0.729785,1587200,0.000000,0.000000
1996-10-09,1.226562,1.269531,1.226562,1.267968,0.749645,1484800,0.000000,0.000000
1996-10-10,1.337890,1.355468,1.308593,1.328808,0.785615,2611200,0.000000,0.000000
1996-10-11,1.347656,1.347656,1.328613,1.336035,0.789888,3225600,0.000000,0.000000
1996-10-14,1.328125,1.328125,1.308593,1.310546,0.774819,460800,0.000000,0.000000
1996-10-15,1.313867,1.317382,1.283203,1.292675,0.764253,1843200,0.000000,0.000000
1996-10-16,1.304687,1.308593,1.298828,1.305957,0.772105,716800,0.000000,0.000000
1996-10-17,1.308593,1.308593,1.298828,1.304589,0.771296,768000,0.000000,0.000000
1996-10-18,1.308593,1.308593,1.303710,1.305175,0.771643,256000,0.000000,0.000000
1996-10-21,1.305175,1.305175,1.305175,1.305175,0.771643,0,0.000000,0.000000
1996-10-22,1.343554,1.357421,1.342773,1.349609,0.797913,1280000,0.000000,0.000000
1996-10-23,1.376953,1.386718,1.357421,1.365234,0.807151,819200,0.000000,0.000000
1996-10-24,1.406250,1.406250,1.347949,1.348339,0.797162,409600,0.000000,0.000000
1996-10-25,1.328125,1.345703,1.328125,1.345605,0.795546,307200,0.000000,0.000000
1996-10-28,1.347656,1.347656,1.328222,1.342382,0.795372,665600,0.002930,0.000000
1996-10-29,1.281835,1.349609,1.281835,1.345019,0.796935,921600,0.000000,0.000000
1996-10-30,1.345019,1.345019,1.345019,1.345019,0.796935,0,0.000000,0.000000
1996-10-31,1.332031,1.335937,1.300781,1.327929,0.786809,460800,0.000000,0.000000
1996-11-01,1.327929,1.337890,1.327929,1.337890,0.792711,409600,0.000000,0.000000
1996-11-04,1.308789,1.328125,1.308789,1.328125,0.786925,153600,0.000000,0.000000
1996-11-05,1.311621,1.332031,1.311621,1.328125,0.786925,460800,0.000000,0.000000
1996-11-06,1.318164,1.328125,1.318164,1.328125,0.786925,409600,0.000000,0.000000
1996-11-07,1.337890,1.347363,1.337890,1.347363,0.798323,460800,0.000000,0.000000
1996-11-08,1.365136,1.365136,1.355566,1.355566,0.803184,153600,0.000000,0.000000
1996-11-11,1.349609,1.349609,1.338574,1.338574,0.793116,358400,0.000000,0.000000
1996-11-12,1.338574,1.338574,1.338574,1.338574,0.793116,0,0.000000,0.000000
1996-11-13,1.343847,1.357421,1.343847,1.357421,0.804283,358400,0.000000,0.000000
1996-11-14,1.357421,1.371093,1.357421,1.363574,0.807929,409600,0.000000,0.000000
1996-11-15,1.367187,1.367187,1.367187,1.367187,0.810069,102400,0.000000,0.000000
1996-11-18,1.365234,1.366699,1.357714,1.361035,0.806424,307200,0.000000,0.000000
1996-11-19,1.357519,1.378906,1.357519,1.369531,0.811458,1126400,0.000000,0.000000
1996-11-20,1.363378,1.371093,1.363378,1.371093,0.812384,153600,0.000000,0.000000
1996-11-21,1.369140,1.369140,1.365234,1.365234,0.808912,153600,0.000000,0.000000
1996-11-22,1.365234,1.367187,1.365234,1.366210,0.809490,307200,0.000000,0.000000
1996-11-25,1.347656,1.355468,1.347656,1.355468,0.803126,102400,0.000000,0.000000
1996-11-26,1.351562,1.355468,1.350000,1.350000,0.799886,256000,0.000000,0.000000
1996-11-27,1.343554,1.349609,1.343554,1.348632,0.799075,460800,0.000000,0.000000
1996-11-28,1.347656,1.357421,1.347656,1.354980,0.802837,512000,0.000000,0.000000
1996-11-29,1.338378,1.357421,1.338378,1.357421,0.804283,153600,0.000000,0.000000
1996-12-02,1.347656,1.357421,1.341601,1.356738,0.803879,921600,0.000000,0.000000
1996-12-03,1.367187,1.367187,1.339843,1.339843,0.793868,716800,0.000000,0.000000
1996-12-04,1.318359,1.328125,1.318359,1.327929,0.786809,1075200,0.000000,0.000000
1996-12-05,1.289062,1.324218,1.289062,1.324023,0.784495,1126400,0.000000,0.000000
1996-12-06,1.324414,1.347656,1.324218,1.347656,0.798497,716800,0.000000,0.000000
1996-12-09,1.347656,1.347656,1.347656,1.347656,0.798497,153600,0.000000,0.000000
1996-12-10,1.332031,1.345117,1.332031,1.342675,0.795546,256000,0.000000,0.000000
1996-12-11,1.367187,1.376953,1.365234,1.375976,0.815277,307200,0.000000,0.000000
1996-12-12,1.371093,1.376953,1.371093,1.376953,0.815856,768000,0.000000,0.000000
1996-12-13,1.367187,1.376953,1.367187,1.376953,0.815856,409600,0.000000,0.000000
1996-12-16,1.376953,1.386523,1.376953,1.383984,0.820022,409600,0.000000,0.000000
1996-12-17,1.390625,1.402343,1.386816,1.399804,0.829395,768000,0.000000,0.000000
1996-12-18,1.453125,1.453125,1.425781,1.435546,0.850573,512000,0.000000,0.000000
1996-12-19,1.455078,1.464843,1.437695,1.464843,0.867932,665600,0.000000,0.000000
1996-12-20,1.472656,1.490234,1.464843,1.490234,0.882976,1177600,0.000000,0.000000
1996-12-23,1.494140,1.500000,1.486328,1.494140,0.885290,1843200,0.000000,0.000000
1996-12-24,1.476562,1.503906,1.476562,1.484375,0.879505,1382400,0.000000,0.000000
1996-12-25,1.484375,1.484375,1.484375,1.484375,0.879505,0,0.000000,0.000000
1996-12-26,1.511718,1.513671,1.511718,1.513671,0.896862,153600,0.000000,0.000000
1996-12-27,1.513671,1.513671,1.513671,1.513671,0.896862,0,0.000000,0.000000
1996-12-30,1.513671,1.513671,1.513671,1.513671,0.896862,0,0.000000,0.000000
1996-12-31,1.523437,1.523437,1.503906,1.503906,0.891077,972800,0.000000,0.000000
1997-01-01,1.542968,1.582031,1.542968,1.543164,0.914337,665600,0.000000,0.000000
1997-01-02,1.562304,1.570312,1.544921,1.557421,0.922785,921600,0.000000,0.000000
1997-01-03,1.545019,1.560546,1.545019,1.554687,0.921165,768000,0.000000,0.000000
1997-01-06,1.580078,1.580078,1.562500,1.562500,0.925794,921600,0.000000,0.000000
1997-01-07,1.543066,1.568359,1.543066,1.565820,0.927761,819200,0.000000,0.000000
1997-01-08,1.582031,1.582031,1.562597,1.565625,0.927645,870400,0.000000,0.000000
1997-01-09,1.562500,1.581054,1.562500,1.580957,0.936730,972800,0.000000,0.000000
1997-01-10,1.600585,1.621093,1.591796,1.603613,0.950154,2150400,0.000000,0.000000
1997-01-13,1.620898,1.626757,1.615429,1.626757,0.963867,614400,0.000000,0.000000
1997-01-14,1.630859,1.630859,1.615332,1.628613,0.964967,921600,0.000000,0.000000
1997-01-15,1.676757,1.699218,1.675781,1.699023,1.006685,2918400,0.000000,0.000000
1997-01-16,1.728515,1.728515,1.584375,1.584375,0.938755,716800,0.000000,0.000000
1997-01-17,1.591796,1.621093,1.591796,1.621093,0.960511,2713600,0.000000,0.000000
1997-01-20,1.632714,1.644531,1.613281,1.613281,0.955882,614400,0.000000,0.000000
1997-01-21,1.582128,1.609375,1.572265,1.577539,0.934705,2867200,0.000000,0.000000
1997-01-22,1.603515,1.633789,1.593750,1.633789,0.968033,409600,0.000000,0.000000
1997-01-23,1.633789,1.633789,1.633789,1.633789,0.968033,0,0.000000,0.000000
1997-01-24,1.613476,1.613476,1.595703,1.598144,0.946913,2252800,0.000000,0.000000
1997-01-27,1.671679,1.699218,1.660156,1.660156,0.983656,921600,0.000000,0.000000
1997-01-28,1.636718,1.636718,1.615332,1.624609,0.962594,921600,0.000000,0.000000
1997-01-29,1.634765,1.634765,1.634765,1.634765,0.968612,358400,0.000000,0.000000
1997-01-30,1.617187,1.627929,1.613769,1.617480,0.958370,512000,0.000000,0.000000
1997-01-31,1.615234,1.630859,1.615234,1.628906,0.965140,768000,0.000000,0.000000
1997-02-03,1.615234,1.640625,1.615234,1.631054,0.966413,614400,0.000000,0.000000
1997-02-04,1.630859,1.683593,1.630859,1.636230,0.969479,2508800,0.000000,0.000000
1997-02-05,1.697265,1.698730,1.669921,1.669921,0.989442,665600,0.000000,0.000000
1997-02-06,1.650390,1.675781,1.650390,1.669921,0.989442,307200,0.000000,0.000000
1997-02-07,1.683593,1.689453,1.683593,1.683593,0.997543,204800,0.000000,0.000000
1997-02-10,1.699218,1.699218,1.689453,1.691406,1.002172,256000,0.000000,0.000000
1997-02-11,1.699218,1.738281,1.697265,1.738183,1.029887,1075200,0.000000,0.000000
1997-02-12,1.767578,1.767578,1.730957,1.757812,1.041519,256000,0.000000,0.000000
1997-02-13,1.756054,1.763671,1.751953,1.762402,1.044238,2201600,0.000000,0.000000
1997-02-14,1.853417,1.853417,1.748046,1.748730,1.036137,1075200,0.000000,0.000000
1997-02-17,1.787109,1.787109,1.748046,1.759667,1.042617,870400,0.000000,0.000000
1997-02-18,1.755859,1.767480,1.748046,1.754785,1.039724,1382400,0.000000,0.000000
1997-02-19,1.682617,1.777343,1.682617,1.777343,1.053090,972800,0.000000,0.000000
1997-02-20,1.773437,1.781250,1.767578,1.777441,1.053149,614400,0.000000,0.000000
1997-02-21,1.767675,1.798828,1.767675,1.798828,1.065820,3993600,0.000000,0.000000
1997-02-24,1.771484,1.777343,1.767773,1.768652,1.047940,307200,0.000000,0.000000
1997-02-25,1.777343,1.806640,1.769726,1.789355,1.060207,1382400,0.000000,0.000000
1997-02-26,1.796875,1.843750,1.796875,1.840527,1.090527,2457600,0.000000,0.000000
1997-02-27,1.836230,1.874023,1.835937,1.874023,1.110374,2048000,0.000000,0.000000
1997-02-28,1.972656,2.009765,1.972656,2.003906,1.187331,1024000,0.000000,0.000000
1997-03-03,2.263671,2.294335,2.187500,2.294238,1.359355,1894400,0.000000,0.000000
1997-03-04,2.294726,2.294921,2.177734,2.219824,1.315264,3276800,0.000000,0.000000
1997-03-05,2.343750,2.343750,2.207128,2.237304,1.325621,4249600,0.000000,0.000000
1997-03-06,2.296386,2.304687,2.083984,2.132031,1.263245,3993600,0.000000,0.000000
1997-03-07,2.132031,2.132031,2.132031,2.132031,1.263245,0,0.000000,0.000000
1997-03-10,1.992187,2.072265,1.992187,1.992285,1.180445,3430400,0.000000,0.000000
1997-03-11,2.050781,2.050781,1.916015,1.960644,1.161698,3174400,0.000000,0.000000
1997-03-12,2.031250,2.050781,1.985351,2.024218,1.199366,3379200,0.000000,0.000000
1997-03-13,2.029296,2.070312,2.027343,2.041015,1.209318,5222400,0.000000,0.000000
1997-03-14,2.041015,2.069335,2.035156,2.036132,1.206425,3430400,0.000000,0.000000
1997-03-17,1.939453,2.058593,1.939453,2.031250,1.203532,1638400,0.000000,0.000000
1997-03-18,2.035253,2.041015,1.972656,1.998828,1.184322,10496000,0.000000,0.000000
1997-03-19,2.027343,2.031250,1.998046,2.001562,1.185942,972800,0.000000,0.000000
1997-03-20,1.884960,2.009765,1.884960,2.001953,1.186173,2560000,0.000000,0.000000
1997-03-21,1.998046,2.001953,1.972753,1.998046,1.183859,8550400,0.000000,0.000000
1997-03-24,1.998046,1.998046,1.998046,1.998046,1.183859,0,0.000000,0.000000
1997-03-25,2.001953,2.080078,1.989355,2.051855,1.215741,2304000,0.000000,0.000000
1997-03-26,2.021679,2.072265,2.021679,2.072265,1.227834,1126400,0.000000,0.000000
1997-03-27,2.115136,2.148437,2.091796,2.147558,1.272445,2816000,0.000000,0.000000
1997-03-28,2.147558,2.147558,2.147558,2.147558,1.272445,0,0.000000,0.000000
1997-03-31,1.997265,1.997265,1.997265,1.997265,1.183396,51200,0.000000,0.000000
1997-04-01,1.855566,2.021386,1.855468,1.971875,1.168352,2969600,0.000000,0.000000
1997-04-02,2.050781,2.103515,2.050781,2.098437,1.243341,2150400,0.000000,0.000000
1997-04-03,2.109375,2.232421,2.109375,2.208300,1.308436,2355200,0.000000,0.000000
1997-04-04,2.362890,2.362890,2.261718,2.362890,1.400031,8448000,0.000000,0.000000
1997-04-07,2.364257,2.364257,2.364257,2.364257,1.400842,870400,0.000000,0.000000
1997-04-08,2.364257,2.364257,2.364257,2.364257,1.400842,0,0.000000,0.000000
1997-04-09,2.529687,2.529687,2.463867,2.479589,1.469177,12697600,0.000000,0.000000
1997-04-10,2.472656,2.480468,2.306152,2.335253,1.383657,15155200,0.000000,0.000000
1997-04-11,2.242382,2.333984,2.234375,2.324023,1.377003,9523200,0.000000,0.000000
1997-04-14,2.324023,2.324023,2.324023,2.324023,1.377003,0,0.000000,0.000000
1997-04-15,2.353515,2.392578,2.343750,2.379980,1.410158,5632000,0.000000,0.000000
1997-04-16,2.379980,2.379980,2.379980,2.379980,1.410158,0,0.000000,0.000000
1997-04-17,2.393750,2.421875,2.383789,2.419140,1.433360,2969600,0.000000,0.000000
1997-04-18,2.419140,2.419140,2.419140,2.419140,1.433360,0,0.000000,0.000000
1997-04-21,2.451171,2.497070,2.451171,2.491992,1.476525,3225600,0.000000,0.000000
1997-04-22,2.500000,2.548828,2.500000,2.539160,1.504473,8345600,0.000000,0.000000
1997-04-23,2.527343,2.529296,2.511718,2.529003,1.498455,2560000,0.000000,0.000000
1997-04-24,2.544531,2.544531,2.521679,2.535156,1.502101,1996800,0.000000,0.000000
1997-04-25,2.521679,2.587890,2.521679,2.583203,1.530569,3174400,0.000000,0.000000
1997-04-28,2.593750,2.764062,2.568359,2.763671,1.637498,11161600,0.000000,0.000000
1997-04-29,2.792968,2.910156,2.626953,2.750097,1.629455,8960000,0.000000,0.000000
1997-04-30,2.812500,2.925781,2.812500,2.835156,1.679854,16896000,0.000000,0.000000
1997-05-01,2.835156,2.835156,2.835156,2.835156,1.679854,0,0.000000,0.000000
1997-05-02,2.820312,2.831054,2.773437,2.803515,1.661106,7475200,0.000000,0.000000
1997-05-05,2.775390,2.798828,2.736328,2.746484,1.627314,10086400,0.000000,0.000000
1997-05-06,2.746093,2.773437,2.726562,2.767675,1.639870,7270400,0.000000,0.000000
1997-05-07,2.763671,2.811523,2.749023,2.790527,1.653411,7936000,0.000000,0.000000
1997-05-08,2.832031,2.884765,2.812500,2.860742,1.695014,18227200,0.000000,0.000000
1997-05-09,2.861328,2.888671,2.849609,2.863281,1.696518,7424000,0.000000,0.000000
1997-05-12,2.857421,2.861328,2.812500,2.823242,1.672794,5734400,0.000000,0.000000
1997-05-13,2.822265,2.842968,2.822265,2.837988,1.681531,2713600,0.000000,0.000000
1997-05-14,2.832031,2.835937,2.792968,2.832714,1.678406,3942400,0.000000,0.000000
1997-05-15,2.833007,2.833007,2.802929,2.811230,1.665677,1843200,0.000000,0.000000
1997-05-16,2.812500,2.816406,2.796875,2.808691,1.664172,2764800,0.000000,0.000000
1997-05-19,2.820312,2.854980,2.810546,2.828222,1.675744,3328000,0.000000,0.000000
1997-05-20,2.816406,2.832031,2.816406,2.828125,1.675687,2150400,0.000000,0.000000
1997-05-21,2.832031,2.832031,2.810546,2.815625,1.668281,2611200,0.000000,0.000000
1997-05-22,2.812500,2.812500,2.691406,2.727539,1.616090,16947200,0.000000,0.000000
1997-05-23,2.722656,2.831738,2.695312,2.782226,1.653227,20326400,0.007813,0.000000
1997-05-26,2.775390,2.822265,2.775390,2.805468,1.667038,9011200,0.000000,0.000000
1997-05-27,2.829882,2.910156,2.814550,2.865625,1.702784,20377600,0.000000,0.000000
1997-05-28,2.804687,2.825976,2.773632,2.812695,1.671332,4915200,0.000000,0.000000
1997-05-29,2.812402,2.825195,2.806640,2.819921,1.675627,819200,0.000000,0.000000
1997-05-30,2.832031,2.900390,2.832031,2.891601,1.718219,3174400,0.000000,0.000000
1997-06-02,2.867187,2.929687,2.867187,2.924707,1.737891,2150400,0.000000,0.000000
1997-06-03,2.929589,3.050781,2.929589,3.009179,1.788085,4556800,0.000000,0.000000
1997-06-04,2.992187,3.021484,2.988281,3.011718,1.789594,2406400,0.000000,0.000000
1997-06-05,3.027343,3.046875,2.999023,3.004296,1.785183,1587200,0.000000,0.000000
1997-06-06,2.984375,3.046875,2.934667,3.033789,1.802708,5939200,0.000000,0.000000
1997-06-09,3.042968,3.245996,3.037109,3.215917,1.910931,14694400,0.000000,0.000000
1997-06-10,3.204101,3.441113,3.204101,3.441113,2.044744,18534400,0.000000,0.000000
1997-06-11,3.537011,3.613281,3.378906,3.412304,2.027627,19148800,0.000000,0.000000
1997-06-12,3.413964,3.505859,3.378906,3.408789,2.025537,7526400,0.000000,0.000000
1997-06-13,3.341796,3.388671,3.339843,3.364160,1.999018,4147200,0.000000,0.000000
1997-06-16,3.242187,3.339843,3.134765,3.165136,1.880756,16025600,0.000000,0.000000
1997-06-17,3.300781,3.386718,3.300781,3.386718,2.012423,4659200,0.000000,0.000000
1997-06-18,3.613281,3.623828,3.613281,3.623828,2.153316,1894400,0.000000,0.000000
1997-06-19,3.808593,3.808593,3.535156,3.703320,2.200552,9267200,0.000000,0.000000
1997-06-20,3.740234,3.740234,3.633789,3.661328,2.175599,3788800,0.000000,0.000000
1997-06-23,3.623046,3.632812,3.554687,3.607519,2.143624,3225600,0.000000,0.000000
1997-06-24,3.537109,3.591796,3.417968,3.467968,2.060702,4352000,0.000000,0.000000
1997-06-25,3.515625,3.671875,3.515625,3.553710,2.111650,3328000,0.000000,0.000000
1997-06-26,3.566406,3.640625,3.554687,3.618164,2.149951,2048000,0.000000,0.000000
1997-06-27,3.586914,3.587890,3.536328,3.548828,2.108750,3328000,0.000000,0.000000
1997-06-30,3.544921,3.632812,3.544921,3.625878,2.154535,4352000,0.000000,0.000000
1997-07-01,3.662109,3.857421,3.662109,3.778417,2.245174,15104000,0.000000,0.000000
1997-07-02,3.798828,3.806640,3.705078,3.752148,2.229565,4812800,0.000000,0.000000
1997-07-03,3.746093,3.886718,3.701171,3.848242,2.286664,6246400,0.000000,0.000000
1997-07-04,3.882812,4.003906,3.828125,3.913574,2.325486,9574400,0.000000,0.000000
1997-07-07,4.082031,4.187597,3.945312,4.187597,2.488313,9881600,0.000000,0.000000
1997-07-08,4.275390,4.287109,3.906250,4.119433,2.447810,8601600,0.000000,0.000000
1997-07-09,3.908203,4.394531,3.908203,4.375390,2.599902,9267200,0.000000,0.000000
1997-07-10,4.394531,4.531250,4.345703,4.443652,2.640464,6144000,0.000000,0.000000
1997-07-11,4.296875,4.754492,4.296875,4.716992,2.802884,17254400,0.000000,0.000000
1997-07-14,4.763671,4.938964,4.726562,4.878417,2.898805,12032000,0.000000,0.000000
1997-07-15,4.919921,4.919921,4.638671,4.679687,2.780718,7270400,0.000000,0.000000
1997-07-16,4.736328,4.921875,4.611328,4.667382,2.773407,8857600,0.000000,0.000000
1997-07-17,4.645117,4.753906,4.578222,4.710937,2.799288,5990400,0.000000,0.000000
1997-07-18,4.710937,4.710937,4.710937,4.710937,2.799288,0,0.000000,0.000000
1997-07-21,4.593750,4.593750,4.381250,4.381250,2.603384,307200,0.000000,0.000000
1997-07-22,4.074609,4.490234,4.074609,4.074609,2.421175,5836800,0.000000,0.000000
1997-07-23,4.052734,4.189453,4.033203,4.103906,2.438583,5478400,0.000000,0.000000
1997-07-24,4.076367,4.130859,4.025390,4.059570,2.412238,2048000,0.000000,0.000000
1997-07-25,3.996093,4.060546,3.896484,3.938183,2.340109,2764800,0.000000,0.000000
1997-07-28,3.838281,3.943359,3.838281,3.909277,2.322932,1689600,0.000000,0.000000
1997-07-29,3.966796,3.966796,3.857421,3.886523,2.309412,3430400,0.000000,0.000000
1997-07-30,3.945312,3.945312,3.876953,3.888671,2.310688,1689600,0.000000,0.000000
1997-07-31,3.923242,4.160937,3.906250,4.021289,2.389492,9113600,0.000000,0.000000
1997-08-01,4.238281,4.302832,4.220898,4.302832,2.556787,2355200,0.000000,0.000000
1997-08-04,4.601562,4.604101,4.541015,4.588085,2.726287,1484800,0.000000,0.000000
1997-08-05,4.655468,4.658203,4.394531,4.477539,2.660600,2099200,0.000000,0.000000
1997-08-06,4.619140,4.628906,4.414062,4.452832,2.645919,819200,0.000000,0.000000
1997-08-07,4.531250,4.531250,4.396484,4.438476,2.637388,2252800,0.000000,0.000000
1997-08-08,4.414062,4.414062,4.257812,4.315039,2.564040,1740800,0.000000,0.000000
1997-08-11,4.296875,4.527343,4.296875,4.440917,2.638839,1689600,0.000000,0.000000
1997-08-12,4.423925,4.492187,4.277343,4.334765,2.575762,2252800,0.000000,0.000000
1997-08-13,4.248046,4.375000,4.210937,4.356347,2.588586,1126400,0.000000,0.000000
1997-08-14,4.101562,4.296875,4.051757,4.281347,2.544020,7731200,0.000000,0.000000
1997-08-15,4.281347,4.281347,4.281347,4.281347,2.544020,0,0.000000,0.000000
1997-08-18,4.228515,4.581054,4.228515,4.559765,2.709459,8396800,0.000000,0.000000
1997-08-19,4.638671,4.697265,4.414062,4.492480,2.669478,14899200,0.000000,2.000000
1997-08-20,4.222656,4.781250,4.222656,4.715429,2.801956,9574400,0.000000,0.000000
1997-08-21,4.746093,4.785156,4.644531,4.745312,2.819712,6323200,0.000000,0.000000
1997-08-22,4.765625,4.765625,4.710937,4.750781,2.822964,3251200,0.000000,0.000000
1997-08-25,4.726562,4.902343,4.687500,4.856054,2.885517,5273600,0.000000,0.000000
1997-08-26,4.882812,5.074218,4.882812,5.054687,3.003548,7961600,0.000000,0.000000
1997-08-27,5.097656,5.253906,5.078125,5.161914,3.067263,8448000,0.000000,0.000000
1997-08-28,5.125000,5.175781,4.929687,5.018164,2.981845,8755200,0.000000,0.000000
1997-08-29,4.929687,5.003906,4.890625,4.966015,2.950857,6809600,0.000000,0.000000
1997-09-01,5.011718,5.011718,4.951367,4.995703,2.968498,2560000,0.000000,0.000000
1997-09-02,4.961718,5.135546,4.961718,5.022851,2.984629,8166400,0.000000,0.000000
1997-09-03,5.019531,5.035156,4.921875,4.974804,2.956080,4633600,0.000000,0.000000
1997-09-04,4.972656,5.000000,4.926757,4.991406,2.965945,2867200,0.000000,0.000000
1997-09-05,5.007812,5.148437,4.984375,5.115820,3.039874,4403200,0.000000,0.000000
1997-09-08,5.043359,5.474023,5.039062,5.474023,3.252721,9292800,0.000000,0.000000
1997-09-09,5.660156,5.857226,5.660156,5.850781,3.476594,12288000,0.000000,0.000000
1997-09-10,5.820312,5.820312,5.437500,5.775585,3.431912,10393600,0.000000,0.000000
1997-09-11,5.632812,5.663671,5.450195,5.560937,3.304366,7091200,0.000000,0.000000
1997-09-12,5.507812,5.737890,5.433593,5.641406,3.352183,6425600,0.000000,0.000000
1997-09-15,5.492187,5.699218,5.492187,5.588476,3.320730,5299200,0.000000,0.000000
1997-09-16,5.648437,5.703125,5.527343,5.657421,3.361698,4940800,0.000000,0.000000
1997-09-17,5.585937,5.605468,5.543945,5.560546,3.304133,537600,0.000000,0.000000
1997-09-18,5.117187,5.304296,5.117187,5.231640,3.108694,5094400,0.000000,0.000000
1997-09-19,5.253906,5.605468,5.206054,5.458203,3.243321,9728000,0.000000,0.000000
1997-09-22,5.507812,5.667968,5.418164,5.552539,3.299376,5273600,0.000000,0.000000
1997-09-23,5.546875,5.815429,5.546875,5.746289,3.414505,6630400,0.000000,0.000000
1997-09-24,5.683593,5.996093,5.683593,5.919726,3.517561,11494400,0.000000,0.000000
1997-09-25,5.906445,6.152343,5.906445,6.084375,3.615399,8422400,0.000000,0.000000
1997-09-26,6.164062,6.343750,6.113281,6.229492,3.701630,10649600,0.000000,0.000000
1997-09-29,6.171875,6.366992,6.171875,6.263671,3.721937,6579200,0.000000,0.000000
1997-09-30,6.241992,6.402343,6.175781,6.326171,3.759075,14976000,0.000000,0.000000
1997-10-01,6.191406,6.269140,6.078320,6.241992,3.709057,7577600,0.000000,0.000000
1997-10-02,6.241992,6.241992,6.241992,6.241992,3.709057,0,0.000000,0.000000
1997-10-03,6.241992,6.241992,6.241992,6.241992,3.709057,0,0.000000,0.000000
1997-10-06,6.241992,6.241992,6.241992,6.241992,3.709057,0,0.000000,0.000000
1997-10-07,6.241992,6.241992,6.241992,6.241992,3.709057,0,0.000000,0.000000
1997-10-08,6.241992,6.241992,6.241992,6.241992,3.709057,0,0.000000,0.000000
1997-10-09,5.781250,5.917968,5.707031,5.769140,3.428082,13363200,0.000000,0.000000
1997-10-10,5.839843,6.289062,5.839843,6.144140,3.650911,28544000,0.000000,0.000000
1997-10-13,6.242187,6.288671,6.054687,6.218164,3.694899,15948800,0.000000,0.000000
1997-10-14,6.257812,6.257812,6.015625,6.079882,3.612728,9548800,0.000000,0.000000
1997-10-15,5.859375,6.250000,5.574218,6.044921,3.591953,31974400,0.000000,0.000000
1997-10-16,6.054687,6.054687,5.766015,5.842382,3.471603,18764800,0.000000,0.000000
1997-10-17,5.855273,5.957031,5.722656,5.802929,3.448159,9830400,0.000000,0.000000
1997-10-20,5.664453,5.898437,5.664453,5.817187,3.456633,5606400,0.000000,0.000000
1997-10-21,5.816406,5.859375,5.687500,5.750976,3.417290,13721600,0.000000,0.000000
1997-10-22,5.750000,5.789062,5.566406,5.596679,3.325604,7910400,0.000000,0.000000
1997-10-23,5.550781,5.585937,5.359375,5.473828,3.252604,12620800,0.000000,0.000000
1997-10-24,5.433984,5.488281,5.242187,5.431640,3.227536,7654400,0.000000,0.000000
1997-10-27,5.359375,5.406250,5.332031,5.377734,3.195504,4019200,0.000000,0.000000
1997-10-28,5.292968,5.292968,4.882812,5.028125,2.987763,13132800,0.000000,0.000000
1997-10-29,5.289062,5.421875,5.183593,5.397265,3.207110,11520000,0.000000,0.000000
1997-10-30,5.312500,5.339843,5.227539,5.257617,3.124129,2048000,0.000000,0.000000
1997-10-31,5.257617,5.257617,5.257617,5.257617,3.124129,0,0.000000,0.000000
1997-11-03,5.254101,5.304687,5.089843,5.199609,3.089662,5555200,0.000000,0.000000
1997-11-04,5.246093,5.339843,5.119140,5.266406,3.129352,4428800,0.000000,0.000000
1997-11-05,5.164062,5.195312,4.981250,5.097851,3.029196,8115200,0.000000,0.000000
1997-11-06,5.062500,5.109375,5.015625,5.091015,3.025133,10112000,0.000000,0.000000
1997-11-07,5.043164,5.156250,5.043164,5.115625,3.039757,4249600,0.000000,0.000000
1997-11-10,5.109375,5.112695,5.043359,5.098632,3.029660,2048000,0.000000,0.000000
1997-11-11,5.078125,5.390625,5.078125,5.331250,3.167885,6732800,0.000000,0.000000
1997-11-12,5.351562,5.351562,5.140625,5.143945,3.056585,7347200,0.000000,0.000000
1997-11-13,5.128906,5.152343,5.054687,5.117578,3.040918,5555200,0.000000,0.000000
1997-11-14,5.117578,5.117578,5.117578,5.117578,3.040918,0,0.000000,0.000000
1997-11-17,5.195312,5.195312,5.097851,5.163476,3.068191,2816000,0.000000,0.000000
1997-11-18,5.175781,5.175781,5.042968,5.086132,3.022232,10214400,0.000000,0.000000
1997-11-19,5.019531,5.378906,5.019531,5.334570,3.169856,12288000,0.000000,0.000000
1997-11-20,5.285546,5.707031,5.285546,5.677734,3.373769,25574400,0.000000,0.000000
1997-11-21,5.515625,5.855468,5.449414,5.488085,3.261077,13209600,0.000000,0.000000
1997-11-24,5.507812,5.742187,5.305859,5.381250,3.197594,16153600,0.000000,0.000000
1997-11-25,5.355664,5.703125,5.320312,5.632812,3.347074,10137600,0.000000,0.000000
1997-11-26,5.644531,5.644531,5.480468,5.576367,3.313535,10752000,0.000000,0.000000
1997-11-27,5.531250,5.621093,5.531250,5.594531,3.324328,4172800,0.000000,0.000000
1997-11-28,5.468750,5.578125,5.379101,5.412695,3.216279,17920000,0.000000,0.000000
1997-12-01,5.449218,5.562304,5.343750,5.542187,3.293226,9984000,0.000000,0.000000
1997-12-02,5.539062,5.617187,5.483007,5.505078,3.271174,6400000,0.000000,0.000000
1997-12-03,5.488281,5.578125,5.480468,5.508007,3.272914,17049600,0.000000,0.000000
1997-12-04,5.488281,5.507812,5.273437,5.407812,3.213379,9164800,0.000000,0.000000
1997-12-05,5.417968,5.445117,5.341992,5.370312,3.191096,14745600,0.000000,0.000000
1997-12-08,5.371093,5.382812,5.109375,5.166992,3.070281,14233600,0.000000,0.000000
1997-12-09,5.171875,5.179687,5.062500,5.091015,3.025133,23116800,0.000000,0.000000
1997-12-10,5.046875,5.171875,5.046875,5.101562,3.031402,8729600,0.000000,0.000000
1997-12-11,5.074218,5.093750,4.591406,4.768359,2.833407,30924800,0.000000,0.000000
1997-12-12,4.691406,4.765625,4.305273,4.324804,2.569843,36582400,0.000000,0.000000
1997-12-15,4.374804,4.570312,4.328125,4.478710,2.661296,30054400,0.000000,0.000000
1997-12-16,4.562500,4.562500,4.300781,4.395312,2.611739,42470400,0.000000,0.000000
1997-12-17,4.566406,4.703125,4.507812,4.613671,2.745150,13977600,0.005859,0.000000
1997-12-18,4.632812,4.652343,4.551562,4.568359,2.718189,5196800,0.000000,0.000000
1997-12-19,4.576757,4.601367,4.566406,4.593750,2.733297,2022400,0.000000,0.000000
1997-12-22,4.683593,4.707031,4.608984,4.662890,2.774436,7500800,0.000000,0.000000
1997-12-23,4.667968,4.718554,4.465039,4.498046,2.676353,8704000,0.000000,0.000000
1997-12-24,4.531250,4.648437,4.503906,4.605273,2.740152,4582400,0.000000,0.000000
1997-12-25,4.605273,4.605273,4.605273,4.605273,2.740152,0,0.000000,0.000000
1997-12-26,4.625000,4.675781,4.582226,4.640820,2.761304,13363200,0.000000,0.000000
1997-12-29,4.652343,4.855468,4.623046,4.810351,2.862175,11673600,0.000000,0.000000
1997-12-30,4.847656,4.847656,4.660351,4.691015,2.791169,8780800,0.000000,0.000000
1997-12-31,4.726562,4.900781,4.726562,4.847851,2.884488,6451200,0.000000,0.000000
1998-01-01,4.862890,4.863281,4.808593,4.831835,2.874958,3097600,0.000000,0.000000
1998-01-02,4.785156,4.896289,4.785156,4.855468,2.889019,5632000,0.000000,0.000000
1998-01-05,4.875000,5.132812,4.875000,5.025585,2.990241,13081600,0.000000,0.000000
1998-01-06,5.008007,5.117187,4.941406,4.971289,2.957934,14745600,0.000000,0.000000
1998-01-07,5.019531,5.136718,5.003906,5.041992,3.000003,14924800,0.000000,0.000000
1998-01-08,4.980859,5.013671,4.820507,4.833203,2.875772,7782400,0.000000,0.000000
1998-01-09,4.748632,4.824023,4.551367,4.654882,2.769671,8422400,0.000000,0.000000
1998-01-12,4.612500,4.612500,4.492187,4.515039,2.686464,5299200,0.000000,0.000000
1998-01-13,4.566406,4.605468,4.492187,4.546484,2.705173,10854400,0.000000,0.000000
1998-01-14,4.679687,4.737890,4.602343,4.668554,2.777805,5632000,0.000000,0.000000
1998-01-15,4.707031,4.707031,4.521289,4.584375,2.727720,4966400,0.000000,0.000000
1998-01-16,4.589843,4.628906,4.550781,4.582031,2.726323,3251200,0.000000,0.000000
1998-01-19,4.558593,4.558593,4.445312,4.517382,2.687857,3788800,0.000000,0.000000
1998-01-20,4.199218,4.589843,4.199218,4.532421,2.696806,6553600,0.000000,0.000000
1998-01-21,4.550781,4.648437,4.508007,4.606835,2.741083,3942400,0.000000,0.000000
1998-01-22,4.546875,4.639648,4.542968,4.553710,2.709473,2278400,0.000000,0.000000
1998-01-23,4.570312,4.589843,4.511718,4.535351,2.698548,7526400,0.000000,0.000000
1998-01-26,4.535351,4.535351,4.535351,4.535351,2.698548,0,0.000000,0.000000
1998-01-27,4.511718,4.511718,4.378906,4.481640,2.666591,7552000,0.000000,0.000000
1998-01-28,4.421875,4.482421,4.375000,4.385742,2.609532,17664000,0.000000,0.000000
1998-01-29,4.277343,4.335937,4.218750,4.226953,2.515051,3712000,0.000000,0.000000
1998-01-30,4.232421,4.327343,4.232421,4.311523,2.565371,2585600,0.000000,0.000000
1998-02-02,4.335937,4.394531,4.316406,4.360546,2.594540,1766400,0.000000,0.000000
1998-02-03,4.367382,4.378906,4.324218,4.339843,2.582221,15206400,0.000000,0.000000
1998-02-04,4.375390,4.406250,4.333984,4.338476,2.581408,14950400,0.000000,0.000000
1998-02-05,4.339843,4.375000,4.330078,4.372460,2.601629,998400,0.000000,0.000000
1998-02-06,4.388281,4.390625,4.347851,4.363671,2.596399,1664000,0.000000,0.000000
1998-02-09,4.375000,4.394531,4.347656,4.382812,2.607788,716800,0.000000,0.000000
1998-02-10,4.349609,4.483593,4.349609,4.416796,2.628008,2176000,0.000000,0.000000
1998-02-11,4.488281,4.492187,4.375195,4.414062,2.626382,1100800,0.000000,0.000000
1998-02-12,4.296875,4.394531,4.101562,4.363281,2.596167,1382400,0.000000,0.000000
1998-02-13,4.393750,4.425781,4.367187,4.417187,2.628241,896000,0.000000,0.000000
1998-02-16,4.417187,4.417187,4.417187,4.417187,2.628241,0,0.000000,0.000000
1998-02-17,4.613281,4.699218,4.579296,4.644726,2.763628,3660800,0.000000,0.000000
1998-02-18,4.640625,4.683007,4.636718,4.638476,2.759909,1536000,0.000000,0.000000
1998-02-19,4.667968,4.667968,4.633789,4.642968,2.762583,844800,0.000000,0.000000
1998-02-20,4.667968,4.741601,4.652343,4.703906,2.798840,2764800,0.000000,0.000000
1998-02-23,4.757617,5.174414,4.740234,5.171484,3.077051,12339200,0.000000,0.000000
1998-02-24,5.233593,5.371093,5.156250,5.178125,3.081003,6681600,0.000000,0.000000
1998-02-25,5.371093,5.397851,5.125390,5.358007,3.188032,5324800,0.000000,0.000000
1998-02-26,5.343750,5.351562,5.261718,5.293945,3.149915,2457600,0.000000,0.000000
1998-02-27,5.292968,5.550781,5.292968,5.462500,3.250206,6220800,0.000000,0.000000
1998-03-02,5.582031,5.683593,5.507812,5.662695,3.369324,4377600,0.000000,0.000000
1998-03-03,5.585937,5.585937,5.312500,5.387695,3.205695,5094400,0.000000,0.000000
1998-03-04,5.476562,5.566406,5.433593,5.549023,3.301689,1920000,0.000000,0.000000
1998-03-05,5.507812,5.585937,5.437500,5.451757,3.243814,1766400,0.000000,0.000000
1998-03-06,5.449023,5.498046,5.415820,5.432421,3.232309,1177600,0.000000,0.000000
1998-03-09,5.485351,5.742187,5.480468,5.684179,3.382107,5248000,0.000000,0.000000
1998-03-10,5.607812,5.664062,5.566796,5.630664,3.350265,2304000,0.000000,0.000000
1998-03-11,5.648437,5.648437,5.450195,5.482421,3.262059,2201600,0.000000,0.000000
1998-03-12,5.437695,5.523437,5.429687,5.501953,3.273682,1356800,0.000000,0.000000
1998-03-13,5.501953,5.501953,5.501953,5.501953,3.273682,0,0.000000,0.000000
1998-03-16,5.558593,5.944726,5.558593,5.855664,3.484139,8908800,0.000000,0.000000
1998-03-17,5.878906,6.093750,5.837109,6.042187,3.595123,12697600,0.000000,0.000000
1998-03-18,6.152343,6.425781,6.132812,6.326757,3.764442,24601600,0.000000,0.000000
1998-03-19,6.347656,6.425781,6.230664,6.277343,3.735041,14592000,0.000000,0.000000
1998-03-20,6.250390,6.346484,6.215039,6.325000,3.763396,8217600,0.000000,0.000000
1998-03-23,6.343554,6.394531,6.314648,6.382812,3.797795,2457600,0.000000,0.000000
1998-03-24,6.445312,6.515625,6.203125,6.242187,3.714123,15513600,0.000000,0.000000
1998-03-25,6.394531,6.503906,6.351562,6.396289,3.805813,4992000,0.000000,0.000000
1998-03-26,6.257812,6.367187,6.257812,6.285937,3.740153,2432000,0.000000,0.000000
1998-03-27,6.300781,6.718750,6.230468,6.634179,3.947361,22400000,0.000000,0.000000
1998-03-30,6.714843,7.002929,6.714843,6.783984,4.036495,18483200,0.000000,0.000000
1998-03-31,6.828125,7.343750,6.828125,7.227148,4.300178,47462400,0.000000,0.000000
1998-04-01,7.285156,7.597656,7.196289,7.561328,4.499016,34611200,0.000000,0.000000
1998-04-02,7.425781,7.714843,7.391406,7.563476,4.500294,30873600,0.000000,0.000000
1998-04-03,7.449218,7.585937,7.383203,7.565039,4.501223,11084800,0.000000,0.000000
1998-04-06,7.656250,7.871093,7.597656,7.837890,4.663571,20070400,0.000000,0.000000
1998-04-07,7.863281,8.300781,7.839843,7.999023,4.759447,16153600,0.000000,0.000000
1998-04-08,7.999023,7.999023,7.999023,7.999023,4.759447,0,0.000000,0.000000
1998-04-09,8.496093,8.726562,8.203125,8.690429,5.170835,19737600,0.000000,0.000000
1998-04-10,8.781250,8.781250,8.066406,8.120117,4.831499,35302400,0.000000,0.000000
1998-04-13,8.007812,8.007812,7.324218,7.362500,4.380714,21145600,0.000000,0.000000
1998-04-14,7.362500,7.362500,7.362500,7.362500,4.380714,0,0.000000,0.000000
1998-04-15,7.925781,7.925781,7.695312,7.855468,4.674030,8704000,0.000000,0.000000
1998-04-16,7.929687,8.593750,7.722656,8.176757,4.865198,32537600,0.000000,0.000000
1998-04-17,8.046875,8.730468,8.046875,8.668359,5.157703,47334400,0.000000,0.000000
1998-04-20,8.789062,9.050781,8.652343,8.724804,5.191288,34918400,0.000000,0.000000
1998-04-21,8.710937,8.902343,8.593750,8.696484,5.174439,20172800,0.000000,0.000000
1998-04-22,9.492187,9.527343,8.839843,8.914062,5.303898,37913600,0.000000,0.000000
1998-04-23,8.800781,8.882812,8.486718,8.588671,5.110289,24140800,0.000000,0.000000
1998-04-24,8.500000,8.710937,8.105859,8.457226,5.032080,30233600,0.000000,0.000000
1998-04-27,8.476562,8.550781,8.242187,8.321289,4.951197,11801600,0.000000,0.000000
1998-04-28,8.378906,8.456640,8.208007,8.421679,5.010928,18432000,0.000000,0.000000
1998-04-29,8.437500,8.476562,8.304687,8.339453,4.962003,10214400,0.000000,0.000000
1998-04-30,8.322265,8.507812,8.263671,8.478515,5.055401,22809600,0.017578,0.000000
1998-05-01,8.478515,8.478515,8.478515,8.478515,5.055401,0,0.000000,0.000000
1998-05-04,8.515625,8.828125,8.515625,8.797460,5.245575,37836800,0.000000,0.000000
1998-05-05,8.820312,8.945312,8.750000,8.906835,5.310791,26598400,0.000000,0.000000
1998-05-06,8.847656,8.925781,8.730468,8.867382,5.287268,27520000,0.000000,0.000000
1998-05-07,8.867382,8.867382,8.867382,8.867382,5.287268,0,0.000000,0.000000
1998-05-08,8.925781,9.101562,8.839843,8.988281,5.359353,48281600,0.000000,0.000000
1998-05-11,8.984375,9.199218,8.984375,9.181054,5.474297,53913600,0.000000,0.000000
1998-05-12,9.023437,9.042968,8.710937,8.913085,5.314518,76774400,0.000000,0.000000
1998-05-13,8.859375,8.941406,8.399218,8.568945,5.109320,56908800,0.000000,0.000000
1998-05-14,8.398437,8.925781,8.398437,8.890625,5.301126,67328000,0.000000,0.000000
1998-05-15,8.898437,9.074023,8.867187,8.951171,5.337227,36352000,0.000000,0.000000
1998-05-18,8.996093,9.148437,8.988281,9.069531,5.407801,28416000,0.000000,0.000000
1998-05-19,9.070312,9.261718,9.070312,9.240234,5.509585,27520000,0.000000,0.000000
1998-05-20,9.296875,9.859375,9.296875,9.766406,5.823321,89984000,0.000000,0.000000
1998-05-21,9.820312,9.863281,9.304687,9.393164,5.600770,64563200,0.000000,0.000000
1998-05-22,9.390625,9.628906,9.375000,9.564648,5.703018,26777600,0.000000,0.000000
1998-05-25,9.316406,9.738281,9.316406,9.596875,5.722235,43212800,0.000000,0.000000
1998-05-26,9.574218,9.691406,9.433593,9.513867,5.672740,46873600,0.000000,0.000000
1998-05-27,9.628906,9.959960,9.570312,9.695507,5.781045,27110400,0.000000,0.000000
1998-05-28,9.691406,9.804687,9.589843,9.622656,5.737606,8908800,0.000000,0.000000
1998-05-29,9.570312,9.648437,9.063671,9.535156,5.685432,13696000,0.000000,0.000000
1998-06-01,9.636718,10.156250,9.636718,9.782421,5.832869,24576000,0.000000,0.000000
1998-06-02,9.746093,9.804687,9.421875,9.496875,5.662607,14156800,0.000000,0.000000
1998-06-03,9.648437,9.664062,8.847656,9.169726,5.467543,23321600,0.000000,0.000000
1998-06-04,9.179687,9.257812,8.910156,8.981054,5.355046,12902400,0.000000,0.000000
1998-06-05,8.933593,8.933593,8.144531,8.214843,4.898182,27161600,0.000000,0.000000
1998-06-08,8.164062,8.238281,7.395117,7.529492,4.489537,22297600,0.000000,0.000000
1998-06-09,7.742187,8.281054,7.527343,8.281054,4.937664,15488000,0.000000,0.000000
1998-06-10,8.437500,8.535156,7.718750,8.016796,4.780097,19328000,0.000000,0.000000
1998-06-11,7.933593,8.765625,7.601562,8.620312,5.139950,49331200,0.000000,0.000000
1998-06-12,8.800781,9.183593,8.750000,8.933789,5.326864,23808000,0.000000,0.000000
1998-06-15,8.789062,8.828125,8.042187,8.087500,4.822255,32896000,0.000000,0.000000
1998-06-16,7.890625,8.339843,7.343750,7.871875,4.693686,33356800,0.000000,0.000000
1998-06-17,8.197656,8.657617,8.197656,8.628125,5.144608,7142400,0.000000,0.000000
1998-06-18,8.730468,8.941015,8.297265,8.402148,5.009866,12928000,0.000000,0.000000
1998-06-19,8.128906,8.160156,7.726562,7.996875,4.768219,16153600,0.000000,0.000000
1998-06-22,7.617578,7.765625,7.304687,7.635351,4.552658,16768000,0.000000,0.000000
1998-06-23,7.519531,8.394531,7.402343,8.340234,4.972950,22041600,0.000000,0.000000
1998-06-24,8.515625,8.960937,8.320312,8.924023,5.321040,36915200,0.000000,0.000000
1998-06-25,8.980468,9.199218,8.594140,8.868554,5.287967,46924800,0.000000,0.000000
1998-06-26,8.847656,8.847656,8.632812,8.720117,5.199457,17792000,0.000000,0.000000
1998-06-29,8.657421,9.035156,8.515625,8.910937,5.313237,34534400,0.000000,0.000000
1998-06-30,8.945312,8.980468,8.593750,8.626171,5.143444,39833600,0.000000,0.000000
1998-07-01,8.671875,8.726562,8.394531,8.561328,5.104780,17049600,0.000000,0.000000
1998-07-02,8.460937,8.651953,8.437500,8.529101,5.085564,9779200,0.000000,0.000000
1998-07-03,8.554687,8.851562,8.476562,8.528320,5.085098,34790400,0.000000,0.000000
1998-07-06,8.554687,9.042968,8.550781,8.965039,5.345497,20736000,0.000000,0.000000
1998-07-07,9.058593,9.558593,9.027343,9.426953,5.620916,36044800,0.000000,0.000000
1998-07-08,9.570312,9.976171,9.570312,9.897851,5.901696,48358400,0.000000,0.000000
1998-07-09,9.921289,10.052929,9.537695,9.758398,5.818546,116940800,0.000000,0.000000
1998-07-10,9.843750,9.843750,9.578906,9.756054,5.817146,34892800,0.000000,0.000000
1998-07-13,9.824218,9.921875,9.648437,9.713867,5.791992,33689600,0.000000,0.000000
1998-07-14,9.589843,9.960937,9.589843,9.791992,5.838575,32409600,0.000000,0.000000
1998-07-15,10.058593,10.136718,9.882812,9.935156,5.923938,41369600,0.000000,0.000000
1998-07-16,10.097656,10.343750,10.019921,10.296093,6.139151,40780800,0.000000,0.000000
1998-07-17,10.332031,10.332031,10.097656,10.208593,6.086979,19532800,0.000000,0.000000
1998-07-20,10.156250,10.156445,9.902734,9.952734,5.934419,15769600,0.000000,0.000000
1998-07-21,9.922265,10.035156,9.687695,9.740625,5.807946,12800000,0.000000,0.000000
1998-07-22,9.851562,9.921875,9.734375,9.871679,5.886087,17459200,0.000000,0.000000
1998-07-23,9.843750,9.843750,9.500000,9.582421,5.713615,16281600,0.000000,0.000000
1998-07-24,9.531250,9.667968,9.406250,9.604687,5.726893,16153600,0.000000,0.000000
1998-07-27,9.574218,9.819921,9.571875,9.703320,5.785706,13158400,0.000000,0.000000
1998-07-28,9.695507,10.476562,9.687500,10.258593,6.116791,30156800,0.000000,0.000000
1998-07-29,10.253906,10.398437,10.132812,10.259179,6.117141,10060800,0.000000,0.000000
1998-07-30,10.261718,10.281250,10.058789,10.210546,6.088143,9548800,0.000000,0.000000
1998-07-31,10.312500,10.312500,10.070312,10.180468,6.070207,7372800,0.000000,0.000000
1998-08-03,10.082031,10.308593,9.964843,10.202148,6.083137,23833600,0.000000,0.000000
1998-08-04,10.183593,10.273437,10.062695,10.160351,6.058213,9625600,0.000000,0.000000
1998-08-05,9.921875,10.191406,9.883007,10.157031,6.056233,13132800,0.000000,0.000000
1998-08-06,10.207031,10.312500,10.082226,10.186523,6.073817,15078400,0.000000,0.000000
1998-08-07,10.273046,10.886328,10.251367,10.697460,6.378469,57318400,0.000000,0.000000
1998-08-10,10.722656,10.878906,10.667968,10.742578,6.405371,32000000,0.000000,0.000000
1998-08-11,10.717578,10.781250,10.644531,10.685742,6.371486,19276800,0.000000,0.000000
1998-08-12,10.554687,10.585742,10.062500,10.199609,6.081621,51916800,0.000000,0.000000
1998-08-13,10.195312,10.371093,9.984375,10.202539,6.083369,36019200,0.000000,0.000000
1998-08-14,10.187500,10.250000,10.039453,10.183007,6.071721,36198400,0.000000,0.000000
1998-08-17,10.156250,10.192968,9.824218,9.868164,5.883996,31590400,0.000000,0.000000
1998-08-18,9.863281,9.863281,9.629296,9.715234,5.792808,36684800,0.000000,0.000000
1998-08-19,9.839257,10.136718,9.796875,9.896679,5.900998,25984000,0.000000,0.000000
1998-08-20,9.960546,10.218750,9.960546,10.183398,6.071955,22860800,0.000000,0.000000
1998-08-21,10.156250,10.156250,10.015625,10.055859,5.995908,11520000,0.000000,0.000000
1998-08-24,10.097656,10.191406,10.019531,10.156835,6.056115,10316800,0.000000,0.000000
1998-08-25,10.191406,10.507812,10.171875,10.419335,6.212637,18380800,0.000000,0.000000
1998-08-26,10.419335,10.419335,10.419335,10.419335,6.212637,0,0.000000,0.000000
1998-08-27,10.429687,10.523437,10.324218,10.360156,6.177348,8678400,0.000000,0.000000
1998-08-28,10.275585,10.275585,9.960937,10.042382,5.987872,14592000,0.000000,0.000000
1998-08-31,10.000000,10.058593,9.852343,10.024414,5.977159,8678400,0.000000,0.000000
1998-09-01,9.847656,9.851562,9.453125,9.527148,5.680661,20992000,0.000000,0.000000
1998-09-02,9.804687,9.882812,9.629296,9.671484,5.766722,13568000,0.000000,0.000000
1998-09-03,9.718750,9.784375,9.516601,9.618750,5.735279,15027200,0.000000,0.000000
1998-09-04,9.690625,9.757812,9.422851,9.536718,5.686365,23168000,0.000000,0.000000
1998-09-07,9.628906,9.687500,9.571289,9.671289,5.766605,7910400,0.000000,0.000000
1998-09-08,9.617187,9.666992,9.498242,9.630859,5.742498,15436800,0.000000,0.000000
1998-09-09,9.687500,9.859375,9.531250,9.588867,5.717461,17075200,0.000000,0.000000
1998-09-10,9.492187,9.564453,9.306835,9.433984,5.625109,19814400,0.000000,0.000000
1998-09-11,9.378906,9.394531,9.004882,9.055859,5.399649,39270400,0.000000,0.000000
1998-09-14,9.121093,9.218750,8.992187,9.164453,5.464398,16256000,0.000000,0.000000
1998-09-15,9.121093,9.238281,9.034960,9.104101,5.428413,21990400,0.000000,0.000000
1998-09-16,9.179687,9.257421,9.062500,9.087890,5.418748,12032000,0.000000,0.000000
1998-09-17,9.082031,9.171289,9.027343,9.064648,5.404889,6348800,0.000000,0.000000
1998-09-18,9.023437,9.155078,8.949218,9.095703,5.423406,12185600,0.000000,0.000000
1998-09-21,9.167968,9.210937,9.066992,9.094921,5.422939,8166400,0.000000,0.000000
1998-09-22,9.132812,9.171875,9.015625,9.050195,5.396271,11289600,0.000000,0.000000
1998-09-23,9.179687,9.589843,9.171875,9.530273,5.682524,23040000,0.000000,0.000000
1998-09-24,9.585937,9.679687,9.555664,9.598437,5.723167,9267200,0.000000,0.000000
1998-09-25,9.571289,9.953125,9.515820,9.808398,5.848358,20582400,0.000000,0.000000
1998-09-28,9.843750,10.058593,9.804687,9.887695,5.895638,17280000,0.000000,0.000000
1998-09-29,9.941406,10.078125,9.770507,9.880468,5.891331,16384000,0.000000,0.000000
1998-09-30,9.769531,9.960937,9.652343,9.868945,5.884459,16153600,0.000000,0.000000
1998-10-01,9.868945,9.868945,9.868945,9.868945,5.884459,0,0.000000,0.000000
1998-10-02,9.868945,9.868945,9.868945,9.868945,5.884459,0,0.000000,0.000000
1998-10-05,9.472656,9.570312,9.079492,9.079492,5.413740,16281600,0.000000,0.000000
1998-10-06,8.886718,8.941406,8.361328,8.867382,5.287268,24755200,0.000000,0.000000
1998-10-07,9.003906,9.558593,9.003906,9.519335,5.676001,28595200,0.000000,0.000000
1998-10-08,9.565625,9.628906,8.886718,9.003906,5.368673,29107200,0.000000,0.000000
1998-10-09,9.015625,9.175781,8.906250,9.099414,5.425618,23270400,0.000000,0.000000
1998-10-12,9.253906,9.371093,8.922460,9.017187,5.376590,37913600,0.000000,0.000000
1998-10-13,8.945312,9.007812,8.476562,8.549609,5.097792,41241600,0.000000,0.000000
1998-10-14,8.710937,9.214843,8.632812,9.176171,5.471385,66483200,0.000000,0.000000
1998-10-15,9.230078,9.296875,8.996093,9.123046,5.439708,34892800,0.000000,0.000000
1998-10-16,9.234375,9.339843,8.945507,9.032617,5.385791,29004800,0.000000,0.000000
1998-10-19,9.113281,9.113281,8.907226,8.945117,5.333617,11724800,0.000000,0.000000
1998-10-20,8.980468,8.980468,8.593750,8.846875,5.275041,29721600,0.000000,0.000000
1998-10-21,8.846875,8.846875,8.846875,8.846875,5.275041,0,0.000000,0.000000
1998-10-22,8.980468,9.175781,8.906250,9.118164,5.436799,19942400,0.000000,0.000000
1998-10-23,9.072265,9.328125,9.016210,9.252539,5.516919,25344000,0.000000,0.000000
1998-10-26,9.371093,9.558593,9.316406,9.398242,5.603797,15718400,0.000000,0.000000
1998-10-27,9.375000,9.605468,9.292968,9.526757,5.680427,21452800,0.000000,0.000000
1998-10-28,9.667968,9.667968,9.322265,9.342773,5.570726,9369600,0.000000,0.000000
1998-10-29,9.238281,9.550781,9.238281,9.518945,5.675770,13644800,0.000000,0.000000
1998-10-30,9.550781,9.646484,9.492187,9.528710,5.681592,13977600,0.000000,0.000000
1998-11-02,9.609375,9.618945,9.417968,9.550585,5.694633,15385600,0.000000,0.000000
1998-11-03,9.515625,9.648437,9.472656,9.572265,5.707561,9548800,0.000000,0.000000
1998-11-04,9.572265,9.572265,9.572265,9.572265,5.707561,0,0.000000,0.000000
1998-11-05,9.683593,9.683593,9.476562,9.559960,5.700225,11929600,0.000000,0.000000
1998-11-06,9.541015,9.550390,9.437500,9.457421,5.639086,8166400,0.000000,0.000000
1998-11-09,9.527148,9.550195,9.304687,9.398828,5.604147,14617600,0.000000,0.000000
1998-11-10,9.394531,9.502343,9.367187,9.492578,5.660045,6784000,0.000000,0.000000
1998-11-11,9.492187,9.570312,9.426367,9.454687,5.637455,8652800,0.000000,0.000000
1998-11-12,9.398437,9.441406,9.316406,9.376171,5.596418,9318400,0.009766,0.000000
1998-11-13,9.339843,9.403320,9.307031,9.354296,5.583364,3942400,0.000000,0.000000
1998-11-16,9.335937,9.375000,9.266015,9.300585,5.551304,6272000,0.000000,0.000000
1998-11-17,9.287109,9.324218,9.285546,9.318164,5.561796,2124800,0.000000,0.000000
1998-11-18,9.328125,9.531250,9.301171,9.477539,5.656925,16256000,0.000000,0.000000
1998-11-19,9.518554,9.542773,9.332031,9.332031,5.570071,8985600,0.000000,0.000000
1998-11-20,9.297460,9.488281,9.286132,9.341796,5.575902,11699200,0.000000,0.000000
1998-11-23,9.285546,9.296875,9.179687,9.191406,5.486137,8089600,0.000000,0.000000
1998-11-24,9.210937,9.316406,9.129882,9.235156,5.512250,16409600,0.000000,0.000000
1998-11-25,9.235156,9.235156,9.235156,9.235156,5.512250,0,0.000000,0.000000
1998-11-26,9.179687,9.291015,9.140625,9.179687,5.479143,14745600,0.000000,0.000000
1998-11-27,9.171875,9.191015,9.074609,9.156250,5.465152,7270400,0.000000,0.000000
1998-11-30,9.015625,9.121093,8.879296,9.103515,5.433676,8601600,0.000000,0.000000
1998-12-01,9.082031,9.316406,9.058593,9.251953,5.522275,12800000,0.000000,0.000000
1998-12-02,9.218750,9.316406,9.164062,9.253906,5.523442,8243200,0.000000,0.000000
1998-12-03,9.230664,9.335742,9.220703,9.295507,5.548272,6118400,0.000000,0.000000
1998-12-04,9.289062,9.507812,9.289062,9.476562,5.656340,13952000,0.000000,0.000000
1998-12-07,9.511718,9.871093,9.484375,9.785546,5.840764,17792000,0.000000,0.000000
1998-12-08,9.812500,10.252929,9.804687,10.214843,6.097004,21606400,0.000000,0.000000
1998-12-09,10.117187,10.226562,10.047070,10.132812,6.048040,17561600,0.000000,0.000000
1998-12-10,10.175781,10.175781,10.035156,10.103515,6.030555,6937600,0.000000,0.000000
1998-12-11,10.113281,10.214843,10.039062,10.195312,6.085347,13414400,0.000000,0.000000
1998-12-14,10.195312,10.394531,10.195312,10.273437,6.131977,18022400,0.000000,0.000000
1998-12-15,10.273437,10.273437,10.039062,10.128906,6.045707,15232000,0.000000,0.000000
1998-12-16,10.093750,10.093750,9.836523,9.970703,5.951280,13516800,0.000000,0.000000
1998-12-17,9.833984,10.031054,9.800781,9.992187,5.964107,11648000,0.000000,0.000000
1998-12-18,10.011718,10.511718,10.011718,10.445312,6.234564,43622400,0.000000,0.000000
1998-12-21,11.265625,11.281054,10.449218,11.281054,6.733397,11571200,0.000000,0.000000
1998-12-22,12.148437,12.148437,11.328125,11.562500,6.901389,38041600,0.000000,0.000000
1998-12-23,11.678710,11.906250,11.269531,11.515625,6.873409,61184000,0.000000,0.000000
1998-12-24,11.472656,11.476562,11.253906,11.417968,6.815120,17817600,0.000000,0.000000
1998-12-25,11.417968,11.417968,11.417968,11.417968,6.815120,0,0.000000,0.000000
1998-12-28,11.472656,11.593750,11.392578,11.515625,6.873409,14617600,0.000000,0.000000
1998-12-29,11.445312,11.671875,11.416015,11.425781,6.819782,17228800,0.000000,0.000000
1998-12-30,11.576171,11.710937,11.542968,11.609375,6.929367,5768704,0.000000,0.000000
1998-12-31,11.640625,11.699218,11.547851,11.593750,6.920037,3701760,0.000000,0.000000
1999-01-01,11.640625,11.659960,11.554687,11.589843,6.917710,2982656,0.000000,0.000000
1999-01-04,11.658203,11.777343,11.617187,11.648437,6.952681,4163840,0.000000,0.000000
1999-01-05,11.632812,11.871093,11.507812,11.867187,7.083249,6856960,0.000000,0.000000
1999-01-06,11.875000,12.050390,11.796875,11.859375,7.078584,8738048,0.000000,0.000000
1999-01-07,11.835937,12.417187,11.835937,12.230468,7.300079,9680384,0.000000,0.000000
1999-01-08,12.253906,12.753906,12.253906,12.753906,7.612508,6855424,0.000000,0.000000
1999-01-11,12.871093,12.988281,12.589843,12.656250,7.554221,7362304,0.000000,0.000000
1999-01-12,12.597656,13.668750,12.539062,13.668750,8.158560,6443008,0.000000,0.000000
1999-01-13,14.160156,14.762304,14.160156,14.762304,8.811277,13330944,0.000000,0.000000
1999-01-14,14.726562,15.943359,14.496093,15.820312,9.442780,20356352,0.000000,0.000000
1999-01-15,15.722656,16.601562,15.390625,15.659765,9.346951,16755200,0.000000,0.000000
1999-01-18,15.965429,15.968750,15.429687,15.628906,9.328527,7147008,0.000000,0.000000
1999-01-19,15.644531,16.879295,15.644531,16.879295,10.074858,14387456,0.000000,0.000000
1999-01-20,16.879295,16.879295,16.879295,16.879295,10.074858,0,0.000000,0.000000
1999-01-21,17.390625,18.229687,17.382812,18.229687,10.880874,8440320,0.000000,0.000000
1999-01-22,19.523046,19.523046,18.480469,19.085938,11.391955,14387968,0.000000,0.000000
1999-01-25,19.082031,19.296875,17.675781,18.046875,10.771759,11099648,0.000000,0.000000
1999-01-26,18.046875,18.046875,18.046875,18.046875,10.771759,0,0.000000,0.000000
1999-01-27,18.742188,19.136522,18.164062,18.257812,10.897663,12838144,0.000000,0.000000
1999-01-28,18.359375,18.730469,17.382812,17.586914,10.497223,11460352,0.000000,0.000000
1999-01-29,17.664062,18.472656,17.664062,18.417969,10.993257,14515200,0.000000,0.000000
1999-02-01,18.359375,18.414062,17.578125,17.714844,10.573578,9889280,0.000000,0.000000
1999-02-02,17.601562,18.046875,17.265625,17.265820,10.305567,15393024,0.000000,0.000000
1999-02-03,17.597656,18.160156,17.582031,18.160156,10.839377,9877504,0.000000,0.000000
1999-02-04,18.164062,18.476562,17.851562,17.910156,10.690158,7339520,0.000000,0.000000
1999-02-05,17.937500,19.342968,17.851562,19.342968,11.545369,28004608,0.000000,0.000000
1999-02-08,19.921875,20.117188,17.795704,18.242188,10.888337,20967424,0.000000,0.000000
1999-02-09,18.164062,19.628906,18.164062,19.535156,11.660084,18319616,0.000000,0.000000
1999-02-10,19.726562,19.863281,18.984375,19.156250,11.433921,9707008,0.000000,2.000000
1999-02-11,19.320312,19.375000,18.996094,19.250000,11.489878,3226752,0.000000,0.000000
1999-02-12,19.414062,19.765625,19.218750,19.375000,11.564487,6187904,0.000000,0.000000
1999-02-15,19.726562,19.726562,19.218750,19.257812,11.494538,3529344,0.000000,0.000000
1999-02-16,19.218750,19.414062,19.148438,19.327343,11.536039,2247424,0.000000,0.000000
1999-02-17,19.257812,20.310156,19.140625,20.117188,12.007480,13272320,0.000000,0.000000
1999-02-18,20.265625,20.695312,20.117188,20.492188,12.231314,10742144,0.000000,0.000000
1999-02-19,20.695312,20.695312,20.117188,20.421875,12.189342,2495360,0.000000,0.000000
1999-02-22,20.546875,20.694530,19.921875,20.000000,11.937535,5559552,0.000000,0.000000
1999-02-23,19.960938,20.234375,19.765625,20.078125,11.984165,3792768,0.000000,0.000000
1999-02-24,20.078514,20.429688,19.906250,20.197266,12.055279,5499648,0.000000,0.000000
1999-02-25,20.234375,21.467188,20.125000,20.937500,12.497105,13617792,0.000000,0.000000
1999-02-26,21.093750,21.289062,20.710938,20.937500,12.497105,5950848,0.000000,0.000000
1999-03-01,24.023438,24.421484,23.320312,24.421484,14.576615,8554112,0.000000,0.000000
1999-03-02,24.421484,24.421484,24.421484,24.421484,14.576615,0,0.000000,0.000000
1999-03-03,26.375000,26.375389,25.984375,26.375389,15.742851,8929536,0.000000,0.000000
1999-03-04,26.328125,26.562500,24.265625,24.687500,14.735396,17416448,0.000000,0.000000
1999-03-05,24.843750,25.312500,23.671875,24.960938,14.898605,20790912,0.000000,0.000000
1999-03-08,25.390625,25.765625,23.828125,24.031250,14.343698,18941440,0.000000,0.000000
1999-03-09,23.828905,25.234375,23.828905,25.039062,14.945233,20236416,0.000000,0.000000
1999-03-10,25.585938,25.976562,24.453514,24.726562,14.758710,17222656,0.000000,0.000000
1999-03-11,24.609375,25.734375,24.531250,25.007812,14.926582,20278784,0.000000,0.000000
1999-03-12,27.007812,27.008593,25.859375,26.687500,15.929152,29203840,0.000000,0.000000
1999-03-15,26.875000,26.875000,26.171875,26.250780,15.668480,10044544,0.000000,0.000000
1999-03-16,25.429688,25.703125,24.492188,24.503906,14.625808,20958720,0.000000,0.000000
1999-03-17,25.390625,25.390625,23.602343,24.062500,14.362343,25989376,0.000000,0.000000
1999-03-18,23.906250,24.054688,23.132812,23.484375,14.017276,8580352,0.000000,0.000000
1999-03-19,23.820312,23.828125,22.267578,22.875000,13.653556,16324480,0.000000,0.000000
1999-03-22,21.484764,22.648438,21.484764,22.531250,13.448377,8837504,0.000000,0.000000
1999-03-23,22.640625,22.929688,21.640625,21.796875,13.010050,22317824,0.000000,0.000000
1999-03-24,22.460938,22.460938,20.312500,20.898438,12.473792,21507840,0.000000,0.000000
1999-03-25,20.313280,21.671875,20.313280,21.289062,12.706949,19840384,0.000000,0.000000
1999-03-26,21.593750,21.953125,20.750000,21.210938,12.660315,20060160,0.000000,0.000000
1999-03-29,21.210938,21.210938,21.210938,21.210938,12.660315,0,0.000000,0.000000
1999-03-30,21.875000,22.906250,21.689062,22.906250,13.672204,29875712,0.000000,0.000000
1999-03-31,23.828125,24.023438,22.851562,22.890625,13.662880,24011008,0.000000,0.000000
1999-04-01,22.655859,22.695312,22.070312,22.218750,13.261860,16733952,0.000000,0.000000
1999-04-02,22.218750,22.218750,22.218750,22.218750,13.261860,0,0.000000,0.000000
1999-04-05,20.548828,21.796875,20.548828,21.468750,12.814196,17392768,0.000000,0.000000
1999-04-06,21.171875,21.640625,20.859375,21.445312,12.800210,16358016,0.000000,0.000000
1999-04-07,21.796875,22.732813,21.757812,22.147655,13.219418,30448000,0.000000,0.000000
1999-04-08,22.265625,22.421875,21.796875,22.078514,13.178149,17703040,0.000000,0.000000
1999-04-09,22.281250,22.304688,20.312500,20.406250,12.180020,39910656,0.000000,0.000000
1999-04-12,20.234375,21.523438,19.148438,21.222656,12.667311,25665408,0.000000,0.000000
1999-04-13,20.938280,21.484375,20.781250,20.937500,12.497105,21564288,0.000000,0.000000
1999-04-14,20.937500,20.937500,20.937500,20.937500,12.497105,0,0.000000,0.000000
1999-04-15,20.820312,21.015625,20.269140,20.781250,12.403846,9872640,0.000000,0.000000
1999-04-16,20.585938,22.443750,20.585938,22.443750,13.396153,11803904,0.000000,0.000000
1999-04-19,21.094139,21.421875,20.718750,21.179688,12.641664,8974720,0.000000,0.000000
1999-04-20,21.093750,21.484375,20.644531,21.484375,12.823524,8896512,0.000000,0.000000
1999-04-21,21.273438,21.562500,21.148438,21.297264,12.711843,3072256,0.000000,0.000000
1999-04-22,21.148438,21.515234,20.734375,21.132030,12.613217,8255872,0.000000,0.000000
1999-04-23,21.445312,21.484375,20.710938,21.171875,12.636999,7758592,0.000000,0.000000
1999-04-26,19.961718,20.640625,19.960938,20.117188,12.007480,9414272,0.000000,0.000000
1999-04-27,20.117188,20.117188,20.117188,20.117188,12.007480,0,0.000000,0.000000
1999-04-28,20.117188,20.468750,19.617188,20.304688,12.119390,6228352,0.000000,0.000000
1999-04-29,20.468750,20.593750,20.359375,20.546875,12.263953,5271680,0.000000,0.000000
1999-04-30,20.390625,20.898438,20.390625,20.703514,12.357445,2413824,0.000000,0.000000
1999-05-03,20.843750,20.859375,20.148438,20.429688,12.194009,2635648,0.000000,0.000000
1999-05-04,20.539062,21.905079,20.523438,21.523438,12.846841,9123712,0.000000,0.000000
1999-05-05,23.244921,23.245312,21.796875,22.968750,13.709515,16496896,0.000000,0.000000
1999-05-06,23.234375,24.806250,23.125000,24.806250,14.806274,19347072,0.000000,0.000000
1999-05-07,25.578125,25.929688,24.844139,25.390625,15.155075,18561664,0.000000,0.000000
1999-05-10,25.311718,25.617188,24.921875,25.156250,15.015181,8571264,0.000000,0.000000
1999-05-11,25.055468,25.218750,24.891405,25.000000,14.921914,9383296,0.000000,0.000000
1999-05-12,25.195312,25.468750,24.804688,25.172264,15.024738,12447744,0.000000,0.000000
1999-05-13,25.546875,25.773438,24.953125,25.039062,14.945233,11407232,0.000000,0.000000
1999-05-14,25.156250,25.367188,24.921875,25.039062,14.945233,13733760,0.000000,0.000000
1999-05-17,24.921875,25.078125,23.757812,24.156250,14.418303,13644544,0.000000,0.000000
1999-05-18,24.062500,25.078125,23.984375,24.765625,14.782026,19741568,0.000000,0.000000
1999-05-19,25.077734,25.312500,24.649218,24.921875,14.875284,12166656,0.000000,0.000000
1999-05-20,25.000000,25.453125,24.804688,25.000000,14.945342,15785216,0.039063,0.000000
1999-05-21,25.304688,25.468750,24.726562,24.844139,14.852164,11502976,0.000000,0.000000
1999-05-24,24.843750,25.078125,24.609375,24.964844,14.924327,6969984,0.000000,0.000000
1999-05-25,24.688280,25.195312,24.688280,25.078125,14.992046,6000128,0.000000,0.000000
1999-05-26,25.375000,25.703125,24.921875,25.218750,15.076120,17682304,0.000000,0.000000
1999-05-27,25.351562,25.460938,24.843750,25.000000,14.945342,12986240,0.000000,0.000000
1999-05-28,24.765625,24.976562,24.257812,24.828514,14.842825,19985920,0.000000,0.000000
1999-05-31,25.000000,25.692577,25.000000,25.429688,15.202218,8236800,0.000000,0.000000
1999-06-01,25.234375,25.382812,24.875000,25.054688,14.978036,6269696,0.000000,0.000000
1999-06-02,25.000000,25.273438,24.582031,25.086329,14.996953,16216064,0.000000,0.000000
1999-06-03,25.156250,25.203125,24.890625,24.964844,14.924327,4792704,0.000000,0.000000
1999-06-04,25.085938,25.195312,24.765625,25.000389,14.945577,12052608,0.000000,0.000000
1999-06-07,24.843750,25.000000,24.562500,24.750000,14.795893,9071616,0.000000,0.000000
1999-06-08,24.609375,24.726562,23.844139,24.609375,14.711829,16247040,0.000000,0.000000
1999-06-09,25.429688,25.625000,24.843750,25.037109,14.967524,15828352,0.000000,0.000000
1999-06-10,25.272264,25.429688,24.921875,25.066015,14.984812,8081792,0.000000,0.000000
1999-06-11,25.078125,25.156250,24.680468,24.744532,14.792622,4944384,0.000000,0.000000
1999-06-14,23.601562,24.570312,23.554688,24.526171,14.662082,5679104,0.000000,0.000000
1999-06-15,24.605469,24.609375,23.765625,23.907812,14.292416,11062784,0.000000,0.000000
1999-06-16,23.835938,24.296875,23.715235,24.176952,14.453311,5465600,0.000000,0.000000
1999-06-17,24.453125,24.632812,24.289062,24.423046,14.600433,3652736,0.000000,0.000000
1999-06-18,24.601562,24.601562,24.071093,24.153126,14.439074,3204480,0.000000,0.000000
1999-06-21,24.414062,26.085546,24.254686,25.990625,15.537556,10575488,0.000000,0.000000
1999-06-22,26.171875,27.421875,26.171875,26.975000,16.126024,15855488,0.000000,0.000000
1999-06-23,27.109375,27.421875,26.640625,26.774609,16.006220,7011968,0.000000,0.000000
1999-06-24,26.679688,27.335938,26.447657,27.065624,16.180204,8440704,0.000000,0.000000
1999-06-25,26.953125,29.060938,26.953125,28.600389,17.097706,26430080,0.000000,0.000000
1999-06-28,28.914062,29.453125,28.750000,28.905079,17.279854,14229632,0.000000,0.000000
1999-06-29,29.093750,29.093750,28.531250,28.715626,17.166597,9319808,0.000000,0.000000
1999-06-30,28.828125,28.859375,28.359375,28.445312,17.005001,5262080,0.000000,0.000000
1999-07-01,28.515625,28.906250,28.446093,28.633593,17.117554,8567168,0.000000,0.000000
1999-07-02,28.734375,28.890625,28.484375,28.559376,17.073191,6398336,0.000000,0.000000
1999-07-05,28.789062,29.679688,28.789062,28.887110,17.269112,5593088,0.000000,0.000000
1999-07-06,28.976562,29.179688,28.593750,28.993750,17.332865,9654656,0.000000,0.000000
1999-07-07,29.132812,29.686718,29.062500,29.345703,17.543266,7298816,0.000000,0.000000
1999-07-08,29.371094,29.371094,28.914843,29.086329,17.388210,4732672,0.000000,0.000000
1999-07-09,29.273438,31.413280,29.273438,30.037500,17.956829,22137728,0.000000,0.000000
1999-07-12,30.851562,32.440624,30.468750,32.437500,19.391590,28203008,0.000000,0.000000
1999-07-13,32.898438,34.257812,32.617188,33.561329,20.063421,13993088,0.000000,0.000000
1999-07-14,33.984375,36.246483,33.594139,36.204296,21.643429,22441984,0.000000,0.000000
1999-07-15,38.320312,38.976562,37.140625,37.567188,22.458183,22147584,0.000000,0.000000
1999-07-16,37.890625,40.546875,37.890625,39.825001,23.807936,16752896,0.000000,0.000000
1999-07-19,40.390625,43.011330,40.390625,43.011330,25.712759,6877568,0.000000,0.000000
1999-07-20,43.011330,43.011330,39.570702,39.576954,23.659639,18154240,0.000000,0.000000
1999-07-21,36.726562,38.710938,36.562500,37.434765,22.379013,23183872,0.000000,0.000000
1999-07-22,36.853905,37.108204,35.351562,36.135155,21.602089,20959360,0.000000,0.000000
1999-07-23,36.133202,37.109375,34.843750,35.410545,21.168907,21220736,0.000000,0.000000
1999-07-26,35.468750,36.289062,34.453125,35.615623,21.291513,12089728,0.000000,0.000000
1999-07-27,35.195312,35.859375,34.609375,34.821484,20.816759,18631040,0.000000,0.000000
1999-07-28,36.679688,37.401562,36.015625,37.148438,22.207850,18416512,0.000000,0.000000
1999-07-29,37.484375,40.078125,37.484375,38.162891,22.814299,15396992,0.000000,0.000000
1999-07-30,37.695312,38.081638,36.837109,37.842968,22.623045,10296832,0.000000,0.000000
1999-08-02,37.968750,40.796875,37.343750,39.943359,23.878691,28495232,0.000000,0.000000
1999-08-03,39.835938,39.992188,38.945312,39.158203,23.409319,12061696,0.000000,0.000000
1999-08-04,39.453125,40.850780,39.453125,40.130077,23.990313,16642688,0.000000,0.000000
1999-08-05,40.235157,40.585938,39.390625,39.601170,23.674124,7390848,0.000000,0.000000
1999-08-06,40.156250,40.927341,39.703125,40.388283,24.144678,16282624,0.000000,0.000000
1999-08-09,39.859375,40.390625,39.453125,39.619530,23.685104,6105216,0.000000,0.000000
1999-08-10,39.320312,39.718750,38.289062,39.332813,23.513693,15756160,0.000000,0.000000
1999-08-11,38.281250,41.875000,38.281250,41.259766,24.665651,19464704,0.000000,0.000000
1999-08-12,41.870312,42.929688,41.562500,42.500782,25.407557,18495232,0.000000,0.000000
1999-08-13,42.889843,43.312500,42.421875,42.605858,25.470377,10773632,0.000000,0.000000
1999-08-16,43.492188,43.914062,43.046875,43.224609,25.840261,5970304,0.000000,0.000000
1999-08-17,43.437500,44.046875,43.212109,43.566013,26.044373,10378240,0.000000,0.000000
1999-08-18,44.140625,44.335938,43.328514,43.560547,26.041098,6395392,0.000000,0.000000
1999-08-19,43.593750,44.333591,42.657032,42.851170,25.617025,4527360,0.000000,0.000000
1999-08-20,42.460938,42.695312,42.195312,42.500389,25.407318,2692096,0.000000,0.000000
1999-08-23,42.765625,44.125000,42.765625,43.252735,25.857077,4193664,0.000000,0.000000
1999-08-24,43.593750,43.750000,42.820312,42.996876,25.704128,4795264,0.000000,0.000000
1999-08-25,44.445312,44.842579,42.968750,43.859764,26.219976,8925056,0.000000,0.000000
1999-08-26,43.360157,44.296875,43.359375,43.655468,26.097847,4655232,0.000000,0.000000
1999-08-27,43.781250,44.132812,43.554688,43.692577,26.120029,3212928,0.000000,0.000000
1999-08-30,43.976562,44.054688,43.360157,43.552734,26.036423,2241920,0.000000,0.000000
1999-08-31,43.375000,43.578125,43.047657,43.364063,25.923620,4726656,0.000000,0.000000
1999-09-01,44.062500,44.062500,42.578125,42.794140,25.582920,3288192,0.000000,0.000000
1999-09-02,43.125000,43.125000,42.235935,42.666016,25.506332,2763904,0.000000,0.000000
1999-09-03,42.890625,43.554688,42.578125,43.433594,25.965200,3062144,0.000000,0.000000
1999-09-06,43.828125,45.898438,43.570312,45.686718,27.312138,12411008,0.000000,0.000000
1999-09-07,46.171875,46.390625,44.539062,44.974216,26.886198,4962432,0.000000,0.000000
1999-09-08,46.328907,47.725780,46.289062,46.783985,27.968115,5560832,0.000000,0.000000
1999-09-09,46.328514,46.757812,46.102734,46.426952,27.754669,2109056,0.000000,0.000000
1999-09-10,46.406250,47.179688,46.093750,46.782810,27.967409,6237952,0.000000,0.000000
1999-09-13,46.782810,46.782810,46.782810,46.782810,27.967409,0,0.000000,0.000000
1999-09-14,47.070312,47.070312,45.703125,45.817188,27.390148,5766912,0.000000,0.000000
1999-09-15,46.437500,47.849216,46.242188,47.242577,28.242264,8206720,0.000000,0.000000
1999-09-16,46.875389,48.171875,46.875000,47.728516,28.532759,9296000,0.000000,0.000000
1999-09-17,47.695312,51.539062,47.695312,51.137501,30.570696,16051968,0.000000,0.000000
1999-09-20,52.346092,55.156250,52.346092,54.855469,32.793350,15663488,0.000000,0.000000
1999-09-21,55.171875,59.244141,55.171875,59.244141,35.416965,7432320,0.000000,0.000000
1999-09-22,59.726562,61.718750,58.593750,60.223827,36.002636,22486272,0.000000,0.000000
1999-09-23,60.546875,62.187111,60.195312,60.920311,36.418999,16110976,0.000000,0.000000
1999-09-24,60.621483,60.621483,58.984375,59.562111,35.607052,9369472,0.000000,0.000000
1999-09-27,59.390625,60.000000,54.797264,54.797264,32.758564,18954368,0.000000,0.000000
1999-09-28,54.797264,56.171875,53.367188,54.517967,32.591602,15646976,0.000000,0.000000
1999-09-29,57.812500,58.879688,56.695312,57.022655,34.088921,13825280,0.000000,0.000000
1999-09-30,57.203125,57.890625,55.469921,55.728127,33.315048,9083008,0.000000,0.000000
1999-10-01,56.562500,58.398438,56.562500,56.982033,34.064648,18394240,0.000000,0.000000
1999-10-04,57.320312,57.320312,55.625000,56.379295,33.704323,8724224,0.000000,0.000000
1999-10-05,56.639843,58.203125,56.639843,57.820312,34.565777,21926272,0.000000,0.000000
1999-10-06,60.546875,61.679688,59.226562,59.564453,35.608448,23435904,0.000000,0.000000
1999-10-07,60.468750,64.329689,60.468750,64.329689,38.457180,20937216,0.000000,0.000000
1999-10-08,66.398438,69.335938,62.500000,64.258987,38.414913,32706048,0.000000,0.000000
1999-10-11,65.117188,67.578125,63.523438,63.900780,38.200764,15590016,0.000000,0.000000
1999-10-12,64.179688,64.453125,61.809765,62.502735,37.365005,18227712,0.000000,0.000000
1999-10-13,59.773438,64.062500,59.773438,62.133595,37.144314,14667520,0.000000,0.000000
1999-10-14,61.328125,63.281250,61.328125,62.230080,37.201992,7520256,0.000000,0.000000
1999-10-15,62.421875,62.421875,59.570312,60.163280,35.966434,7726208,0.000000,0.000000
1999-10-18,59.852345,61.554688,58.398438,59.020313,35.283150,12191872,0.000000,0.000000
1999-10-19,59.020313,59.020313,59.020313,59.020313,35.283150,0,0.000000,0.000000
1999-10-20,61.327343,62.498047,60.164062,60.705467,36.290562,9482624,0.000000,0.000000
1999-10-21,61.085938,61.088673,57.437500,57.780079,34.541737,13757312,0.000000,0.000000
1999-10-22,56.875000,56.953125,55.609375,56.132030,33.556503,7973120,0.000000,0.000000
1999-10-25,57.023438,57.226562,55.234375,56.389454,33.710403,11998464,0.000000,0.000000
1999-10-26,56.601562,59.679688,56.601562,58.951172,35.241825,17267200,0.000000,0.000000
1999-10-27,61.554688,61.554688,58.593750,58.930077,35.229210,9428992,0.000000,0.000000
1999-10-28,58.585938,58.585938,56.859375,57.595310,34.444973,7144320,0.023438,0.000000
1999-10-29,57.187500,57.773438,53.476562,54.510548,32.600124,23359872,0.000000,0.000000
1999-11-01,55.390625,57.343750,51.562500,52.039062,31.122051,17923456,0.000000,0.000000
1999-11-02,51.718750,56.202343,51.562500,56.202343,33.611900,11051648,0.000000,0.000000
1999-11-03,57.569530,59.570312,56.454296,58.487110,34.978310,21494272,0.000000,0.000000
1999-11-04,58.945312,59.531250,58.203125,59.331249,35.483150,10679296,0.000000,0.000000
1999-11-05,59.523438,62.692966,59.382812,62.073048,37.122894,21151104,0.000000,0.000000
1999-11-08,62.073048,62.073048,62.073048,62.073048,37.122894,0,0.000000,0.000000
1999-11-09,63.281250,63.585938,61.484375,62.469139,37.359768,12857088,0.000000,0.000000
1999-11-10,62.890625,63.867188,62.343750,63.516407,37.986099,15993472,0.000000,0.000000
1999-11-11,63.578125,65.421875,62.117188,62.648045,37.466770,14318592,0.000000,0.000000
1999-11-12,62.695312,63.437500,62.117188,62.698437,37.496899,9048320,0.000000,0.000000
1999-11-15,63.281250,63.593750,62.257812,62.611328,37.444801,10479232,0.000000,0.000000
1999-11-16,63.007812,64.296875,62.187889,63.354687,37.889378,18548992,0.000000,0.000000
1999-11-17,64.453125,65.078125,63.617188,63.617188,38.046360,10408832,0.000000,0.000000
1999-11-18,64.257812,67.960938,64.257812,66.925781,40.025070,19834752,0.000000,0.000000
1999-11-19,67.460938,68.671875,67.460938,67.986328,40.659344,13349376,0.000000,0.000000
1999-11-22,68.281250,72.542580,68.281250,71.837502,42.962540,19514368,0.000000,0.000000
1999-11-23,71.837502,71.837502,71.837502,71.837502,42.962540,0,0.000000,0.000000
1999-11-24,72.570312,73.179688,70.937500,71.216797,42.591328,16322688,0.000000,0.000000
1999-11-25,71.718750,76.351562,71.718750,74.553513,44.586838,32123520,0.000000,0.000000
1999-11-26,74.984375,75.929688,74.687500,75.264061,45.011795,15648640,0.000000,0.000000
1999-11-29,74.695312,74.695312,71.109375,71.828903,42.957390,14984832,0.000000,0.000000
1999-11-30,71.258591,72.796875,70.390625,72.082420,43.109005,19893248,0.000000,0.000000
1999-12-01,71.484375,75.546875,70.554688,72.440628,43.323242,20949248,0.000000,0.000000
1999-12-02,72.968750,74.218750,72.265625,72.553909,43.390984,8741376,0.000000,0.000000
1999-12-03,73.007812,74.140625,72.460938,72.773827,43.522507,7236608,0.000000,0.000000
1999-12-06,73.281250,74.062500,72.758591,73.435547,43.918251,11953920,0.000000,0.000000
1999-12-07,73.632812,77.695312,73.632812,74.326172,44.450890,15384832,0.000000,0.000000
1999-12-08,77.734375,78.117188,75.390625,77.035156,46.070984,22782080,0.000000,0.000000
1999-12-09,76.171875,77.929688,74.531250,77.209763,46.175430,19315456,0.000000,0.000000
1999-12-10,77.500000,79.210938,77.500000,77.923828,46.602482,16516864,0.000000,0.000000
1999-12-13,78.046875,79.257812,75.976562,78.659767,47.042603,19993728,0.000000,0.000000
1999-12-14,79.101562,79.296875,76.843750,77.669144,46.450169,19234304,0.000000,0.000000
1999-12-15,76.476562,77.343750,71.500000,76.089844,45.505657,11230720,0.000000,0.000000
1999-12-16,75.781250,77.874222,75.585938,77.545311,46.376110,8111744,0.000000,0.000000
1999-12-17,77.734375,81.640625,77.734375,78.867966,47.167126,13785600,0.000000,0.000000
1999-12-20,79.679688,80.468750,78.945312,79.332031,47.444664,6485120,0.000000,0.000000
1999-12-21,80.070312,85.678909,79.845314,85.642967,51.218929,16071040,0.000000,0.000000
1999-12-22,89.885155,92.494530,89.885155,92.494530,55.316509,2171008,0.000000,0.000000
1999-12-23,99.894142,99.894142,98.476562,99.894142,59.741848,2854784,0.000000,0.000000
1999-12-24,99.609375,104.484375,97.773438,99.839844,59.709389,12998400,0.000000,0.000000
1999-12-27,98.437500,100.773438,94.539062,98.292580,58.784042,6448640,0.000000,0.000000
1999-12-28,95.625000,98.437500,92.968750,97.301956,58.191593,6875904,0.000000,0.000000
1999-12-29,101.546875,105.086327,100.078125,105.086327,62.847065,8247296,0.000000,0.000000
1999-12-30,112.421875,113.493362,109.375000,113.029297,67.597366,5480064,0.000000,0.000000
1999-12-31,113.029297,113.029297,113.029297,113.029297,67.597366,0,0.000000,0.000000
2000-01-03,122.070312,122.071877,122.070312,122.071877,73.005295,657536,0.000000,0.000000
2000-01-04,131.250000,131.837891,126.976562,131.686722,78.755455,7191808,0.000000,0.000000
2000-01-05,122.664062,126.953125,121.151955,121.151955,72.455132,21069440,0.000000,0.000000
2000-01-06,119.192581,119.531250,111.459763,111.459763,66.658684,10495616,0.000000,0.000000
2000-01-07,102.542969,102.542969,102.542969,102.542969,61.325989,971392,0.000000,0.000000
2000-01-10,102.542969,110.746094,94.339844,107.478905,64.277954,30230400,0.000000,0.000000
2000-01-11,103.125000,107.812500,98.880859,98.880859,59.135845,15658368,0.000000,0.000000
2000-01-12,93.359375,104.289062,91.921875,102.168358,61.101959,25993472,0.000000,0.000000
2000-01-13,102.343750,102.726562,93.994919,94.457809,56.490662,20038400,0.000000,0.000000
2000-01-14,95.695312,96.070312,87.523438,95.128128,56.891537,16040064,0.000000,0.000000
2000-01-17,95.312500,100.664062,91.562500,92.741409,55.464138,18092928,0.000000,0.000000
2000-01-18,91.716408,95.070312,88.476562,93.247269,55.766682,20290944,0.000000,0.000000
2000-01-19,98.015625,100.707031,97.031250,100.701950,60.224960,19994752,0.000000,0.000000
2000-01-20,103.125000,105.867188,98.523438,99.586327,59.557762,19778560,0.000000,0.000000
2000-01-21,100.781250,106.171875,97.679688,104.845314,62.702927,20786048,0.000000,0.000000
2000-01-24,106.250000,113.195312,106.250000,108.428123,64.845634,25256320,0.000000,0.000000
2000-01-25,107.812500,111.328125,104.687889,110.229691,65.923050,20469632,0.000000,0.000000
2000-01-26,110.229691,110.229691,110.229691,110.229691,65.923050,0,0.000000,0.000000
2000-01-27,118.281250,118.750000,113.953125,115.480469,69.063316,12953792,0.000000,2.000000
2000-01-28,116.031250,120.296875,116.031250,118.930466,71.126564,17281536,0.000000,0.000000
2000-01-31,117.742188,117.875000,111.359375,112.839066,67.483589,7598272,0.000000,0.000000
2000-02-01,113.281250,116.406250,111.718750,115.896873,69.312302,7055424,0.000000,0.000000
2000-02-02,118.593750,120.312500,114.835938,115.090622,68.830132,9491520,0.000000,0.000000
2000-02-03,115.875000,117.343750,115.156250,116.262497,69.531006,6032064,0.000000,0.000000
2000-02-04,116.796875,124.218750,116.796875,123.389847,73.793488,20176704,0.000000,0.000000
2000-02-07,123.421875,133.261719,123.421875,132.753128,79.393227,16988608,0.000000,0.000000
2000-02-08,132.734375,142.968750,132.734375,139.034378,83.149712,14902784,0.000000,0.000000
2000-02-09,146.859375,146.859375,134.375000,136.089844,81.388786,10595520,0.000000,0.000000
2000-02-10,137.484375,144.921875,137.484375,143.890625,86.054016,18777728,0.000000,0.000000
2000-02-11,144.828125,155.402344,144.828125,155.402344,92.938644,2100224,0.000000,0.000000
2000-02-14,167.835159,167.835159,167.835159,167.835159,100.374115,1518912,0.000000,0.000000
2000-02-15,167.835159,167.835159,154.408600,155.652344,93.088142,21339968,0.000000,0.000000
2000-02-16,157.031250,160.937500,150.546875,156.841400,93.799263,12720448,0.000000,0.000000
2000-02-17,156.250000,168.750000,156.250000,160.910934,96.233047,12125248,0.000000,0.000000
2000-02-18,162.796875,164.062500,152.734375,154.134369,92.180321,10628288,0.000000,0.000000
2000-02-21,153.906250,164.062500,151.578125,160.230469,95.826088,17751552,0.000000,0.000000
2000-02-22,161.546875,161.546875,152.343750,153.595306,91.857948,12066560,0.000000,0.000000
2000-02-23,164.062500,164.062500,141.307816,143.983597,86.109650,11944576,0.000000,0.000000
2000-02-24,146.718750,150.765625,140.437500,145.265625,86.876366,8260480,0.000000,0.000000
2000-02-25,146.875000,148.278900,138.281250,140.425003,83.981430,4929856,0.000000,0.000000
2000-02-28,139.062500,139.062500,129.191406,132.964066,79.519371,7616384,0.000000,0.000000
2000-02-29,134.375000,143.601562,130.468750,137.178131,82.039604,16031808,0.000000,0.000000
2000-03-01,142.171875,148.152344,140.625000,148.152344,88.602768,6285824,0.000000,0.000000
2000-03-02,158.355469,160.004684,155.189056,160.004684,95.691063,1607040,0.000000,0.000000
2000-03-03,172.805466,172.805466,172.805466,172.805466,103.346603,1708224,0.000000,0.000000
2000-03-06,186.557037,186.630463,165.000000,186.630463,111.614639,1385792,0.000000,0.000000
2000-03-07,200.000000,201.560944,200.000000,201.560944,120.543861,3477312,0.000000,0.000000
2000-03-08,210.156250,217.685944,187.265625,192.422653,115.078636,22432768,0.000000,0.000000
2000-03-09,198.281250,203.125000,181.718750,185.289841,110.812927,8334720,0.000000,0.000000
2000-03-10,189.046875,199.140625,178.539841,182.262497,109.002403,10259648,0.000000,0.000000
2000-03-13,182.812500,190.609375,167.682037,167.682037,100.282524,7513664,0.000000,0.000000
2000-03-14,159.531250,159.531250,154.267975,154.267975,92.260223,8390592,0.000000,0.000000
2000-03-15,142.671875,160.156250,141.926559,155.733597,93.136734,16262144,0.000000,0.000000
2000-03-16,150.000000,150.000000,143.274994,143.274994,85.685875,5725568,0.000000,0.000000
2000-03-17,143.274994,143.274994,143.274994,143.274994,85.685875,0,0.000000,0.000000
2000-03-20,143.274994,143.274994,143.274994,143.274994,85.685875,0,0.000000,0.000000
2000-03-21,143.671875,154.737503,132.984375,154.737503,92.541016,14633344,0.000000,0.000000
2000-03-22,151.562500,167.117188,148.437500,167.098434,99.933487,9580544,0.000000,0.000000
2000-03-23,171.250000,180.312500,158.593750,160.375778,95.912994,14267456,0.000000,0.000000
2000-03-24,157.968750,173.125000,157.968750,169.116409,101.140320,12254144,0.000000,0.000000
2000-03-27,164.062500,171.859375,160.937500,161.989838,96.878311,8076992,0.000000,0.000000
2000-03-28,157.828125,159.375000,150.955475,155.431244,92.955910,8920448,0.000000,0.000000
2000-03-29,159.375000,166.875000,158.609375,159.201569,95.210770,6539904,0.000000,0.000000
2000-03-30,154.687500,154.687500,146.562500,152.276566,91.069244,7659648,0.000000,0.000000
2000-03-31,150.000000,150.000000,140.094528,140.158600,83.822060,8080640,0.000000,0.000000
2000-04-03,132.828125,140.625000,128.946091,128.946091,77.116432,3743552,0.000000,0.000000
2000-04-04,118.630470,118.630470,118.630470,118.630470,70.947159,400192,0.000000,0.000000
2000-04-05,110.171875,128.109375,110.171875,121.838280,72.865585,28349120,0.000000,0.000000
2000-04-06,122.687500,131.585938,114.078125,131.489059,78.637245,30059968,0.000000,0.000000
2000-04-07,142.008591,142.008591,142.008591,142.008591,84.928490,222400,0.000000,0.000000
2000-04-10,153.369537,153.369537,153.369537,153.369537,91.722893,210624,0.000000,0.000000
2000-04-11,153.369537,165.639069,141.421875,165.612503,99.044815,27174080,0.000000,0.000000
2000-04-12,162.343750,165.203125,156.093750,157.453125,94.165108,16391936,0.000000,0.000000
2000-04-13,154.688278,154.688278,144.857025,144.857025,86.631981,3314176,0.000000,0.000000
2000-04-14,144.857025,144.857025,144.857025,144.857025,86.631981,0,0.000000,0.000000
2000-04-17,133.268753,133.268753,133.268753,133.268753,79.701591,220096,0.000000,0.000000
2000-04-18,133.268753,137.484375,122.607811,122.607811,73.325813,14944384,0.000000,0.000000
2000-04-19,132.406250,132.406250,112.799217,113.282028,67.748489,25509632,0.000000,0.000000
2000-04-20,106.281250,122.156250,104.234375,118.805466,71.051796,36772800,0.000000,0.000000
2000-04-21,118.805466,118.805466,118.805466,118.805466,71.051796,0,0.000000,0.000000
2000-04-24,121.843750,123.421875,112.656250,115.178123,68.882477,17368064,0.000000,0.000000
2000-04-25,112.750000,115.531250,105.964066,112.067970,67.022446,16440064,0.000000,0.000000
2000-04-26,120.982033,120.982811,119.546875,120.982811,72.353966,4330048,0.000000,0.000000
2000-04-27,124.843750,127.718750,120.982811,124.816406,74.646660,24835072,0.000000,0.000000
2000-04-28,126.562500,132.625000,124.296875,126.900780,75.921730,19109696,0.046875,0.000000
2000-05-01,126.900780,126.900780,126.900780,126.900780,75.921730,0,0.000000,0.000000
2000-05-02,128.906250,132.343750,121.015625,123.176559,73.693634,25582336,0.000000,0.000000
2000-05-03,114.843750,123.421875,108.395309,119.514061,71.502449,32888000,0.000000,0.000000
2000-05-04,120.156250,128.593750,117.968750,127.805466,76.462990,25117504,0.000000,0.000000
2000-05-05,128.593750,136.403900,128.593750,133.843750,80.075539,30822080,0.000000,0.000000
2000-05-08,134.359375,136.562500,117.812500,118.715622,71.024757,48399424,0.000000,0.000000
2000-05-09,117.203125,124.140625,109.375000,123.062500,73.625366,31215296,0.000000,0.000000
2000-05-10,124.218750,124.609375,117.968750,121.264847,72.549881,24130816,0.000000,0.000000
2000-05-11,118.906250,118.906250,107.972656,110.327347,66.006233,31749632,0.000000,0.000000
2000-05-12,111.718750,114.062500,105.507812,107.201561,64.136169,32175744,0.000000,0.000000
2000-05-15,106.328125,112.343750,94.548439,108.426559,64.869041,43260224,0.000000,0.000000
2000-05-16,109.359375,110.937500,105.000000,107.248436,64.164207,30106112,0.000000,0.000000
2000-05-17,111.978127,115.828903,107.515625,108.794533,65.089195,24953152,0.000000,0.000000
2000-05-18,108.593750,109.296875,105.500000,107.778908,64.481583,16329728,0.000000,0.000000
2000-05-19,107.814842,107.814842,98.464066,100.880470,60.354408,35789312,0.000000,0.000000
2000-05-22,97.781250,97.781250,91.109375,92.796875,55.518177,27676736,0.000000,0.000000
2000-05-23,90.625778,96.387497,86.328903,94.005470,56.241257,34424576,0.000000,0.000000
2000-05-24,92.203125,95.859375,89.062500,94.489059,56.530563,38866432,0.000000,0.000000
2000-05-25,95.156250,98.718750,93.750000,94.361717,56.454384,34255680,0.000000,0.000000
2000-05-26,95.078125,95.906250,91.015625,93.411720,55.886032,36218496,0.000000,0.000000
2000-05-29,92.375000,93.125000,87.189064,92.052345,55.072723,26640576,0.000000,0.000000
2000-05-30,92.578125,98.906250,91.441406,97.921097,58.583881,26278080,0.000000,0.000000
2000-05-31,104.359375,109.671875,104.359375,109.355469,65.424782,21896192,0.000000,0.000000
2000-06-01,108.593750,111.286720,106.765625,109.275780,65.377129,26854272,0.000000,0.000000
2000-06-02,110.000000,120.156250,110.000000,117.721878,70.430229,39140928,0.000000,0.000000
2000-06-05,118.750000,131.848434,118.750000,125.030472,74.802773,27895872,0.000000,0.000000
2000-06-06,125.812500,127.656250,121.875000,124.557030,74.519547,28894656,0.000000,0.000000
2000-06-07,122.656250,126.031250,120.312500,122.446877,73.257057,28549120,0.000000,0.000000
2000-06-08,122.578125,124.984375,121.875000,123.545311,73.914238,20242496,0.000000,0.000000
2000-06-09,124.217186,127.810158,122.968750,123.985153,74.177383,32154624,0.000000,0.000000
2000-06-12,122.265625,124.656250,120.640625,121.315628,72.580261,14581632,0.000000,0.000000
2000-06-13,120.330467,122.578125,116.421875,121.413284,72.638687,19440384,0.000000,0.000000
2000-06-14,120.140625,124.203125,120.140625,122.079689,73.037392,15804032,0.000000,0.000000
2000-06-15,121.906250,131.234375,121.125000,129.411713,77.423958,47780928,0.000000,0.000000
2000-06-16,128.140625,132.656250,127.328125,131.103912,78.436363,32008768,0.000000,0.000000
2000-06-19,131.250000,135.437500,128.921875,133.839066,80.072746,39349376,0.000000,0.000000
2000-06-20,133.359375,139.843750,133.359375,136.389847,81.598831,25223040,0.000000,0.000000
2000-06-21,139.062500,139.062500,131.718750,132.824219,79.465599,27506944,0.000000,0.000000
2000-06-22,132.812500,134.265625,131.265625,133.009369,79.576355,21713344,0.000000,0.000000
2000-06-23,132.750000,132.750000,127.593750,129.050781,77.208023,22021824,0.000000,0.000000
2000-06-26,128.125778,128.125778,122.657814,126.299217,75.561836,17510144,0.000000,0.000000
2000-06-27,127.796875,129.826569,125.078125,127.460938,76.256882,19903872,0.000000,0.000000
2000-06-28,126.562500,129.062500,123.468750,128.387497,76.811211,12160960,0.000000,0.000000
2000-06-29,129.203125,135.140625,129.203125,131.101562,78.434959,16867520,0.000000,0.000000
2000-06-30,129.781250,130.468750,127.359375,129.850006,77.686188,15405760,0.000000,0.000000
2000-07-03,131.093750,134.671875,131.093750,134.117966,80.239594,21234432,0.000000,0.000000
2000-07-04,134.687500,137.468750,134.390625,136.716400,81.794197,22397056,0.000000,0.000000
2000-07-05,137.312500,137.687500,133.687500,134.382034,80.397583,15825792,0.000000,0.000000
2000-07-06,133.828125,133.828125,130.781250,132.316406,79.161774,13693696,0.000000,0.000000
2000-07-07,132.654694,134.685150,132.126556,132.619537,79.343140,16222208,0.000000,0.000000
2000-07-10,132.968750,133.750000,129.125000,129.634369,77.557167,15590016,0.000000,0.000000
2000-07-11,130.203125,133.203125,128.750000,129.269531,77.338928,26963328,0.000000,0.000000
2000-07-12,129.296875,131.234375,126.406250,130.649216,78.164337,29184832,0.000000,0.000000
2000-07-13,132.000000,133.280472,124.218750,125.486717,75.075729,27476480,0.000000,0.000000
2000-07-14,123.438278,125.593750,120.015625,121.407028,72.634949,54850688,0.000000,0.000000
2000-07-17,121.093750,122.185936,118.906250,120.196877,71.910973,26524928,0.000000,0.000000
2000-07-18,120.265625,120.296875,115.187500,116.477341,69.685654,38106752,0.000000,0.000000
2000-07-19,110.946877,116.875000,110.659378,114.454689,68.475540,30771840,0.000000,0.000000
2000-07-20,113.921875,115.225784,112.578125,114.800781,68.682602,22578560,0.000000,0.000000
2000-07-21,115.225784,117.343750,114.078125,114.832809,68.701736,28321024,0.000000,0.000000
2000-07-24,113.468750,113.468750,105.718750,107.059372,64.051117,33885440,0.000000,0.000000
2000-07-25,101.562500,113.203125,99.250000,111.225784,66.543762,49228288,0.000000,0.000000
2000-07-26,113.562500,114.046875,103.142967,104.001564,62.221672,34172416,0.000000,0.000000
2000-07-27,103.125000,107.015625,99.296875,106.050003,63.447212,39879680,0.000000,0.000000
2000-07-28,106.640625,110.390625,105.015625,106.957809,63.990337,44182464,0.000000,0.000000
2000-07-31,107.031250,107.953125,103.921875,105.644531,63.204609,21621248,0.000000,0.000000
2000-08-01,106.875000,107.781250,104.884377,105.439842,63.082169,23805504,0.000000,0.000000
2000-08-02,103.500000,104.031250,101.328125,103.548439,61.950584,26991616,0.000000,0.000000
2000-08-03,102.812500,102.812500,98.437500,100.790627,60.300659,26974272,0.000000,0.000000
2000-08-04,100.171875,103.578125,97.743752,98.831253,59.128410,45206336,0.000000,0.000000
2000-08-07,99.515625,101.406250,98.750000,100.606247,60.190331,24836928,0.000000,0.000000
2000-08-08,101.406250,116.703903,101.406250,116.550781,69.729568,75971520,0.000000,0.000000
2000-08-09,120.156250,122.500000,117.578125,118.307030,70.780296,45188416,0.000000,0.000000
2000-08-10,117.343750,119.906250,112.832809,113.602341,67.965591,34988928,0.000000,0.000000
2000-08-11,113.078125,117.109375,111.484375,113.055466,67.638412,51963008,0.000000,0.000000
2000-08-14,113.984375,114.796875,112.046875,113.757812,68.058601,30925184,0.000000,0.000000
2000-08-15,113.757812,113.757812,113.757812,113.757812,68.058601,0,0.000000,0.000000
2000-08-16,116.015625,121.703125,115.796875,120.864059,72.310120,42290944,0.000000,0.000000
2000-08-17,121.375000,122.250000,117.656250,118.153908,70.688698,23591296,0.000000,0.000000
2000-08-18,118.003128,125.233597,118.003128,124.545311,74.512520,75263168,0.000000,0.000000
2000-08-21,124.984375,126.312500,121.890625,124.467186,74.465759,43158912,0.000000,0.000000
2000-08-22,124.765625,134.421875,124.765625,129.622650,77.550163,42816704,0.000000,0.000000
2000-08-23,127.234375,128.278122,125.015625,125.716408,75.213158,25796928,0.000000,0.000000
2000-08-24,125.000000,129.296875,124.390625,128.297653,76.757439,36830464,0.000000,0.000000
2000-08-25,129.296875,129.998444,126.562500,127.435158,76.241432,35749120,0.000000,0.000000
2000-08-28,127.187500,128.125000,121.484375,121.842186,72.895302,25876480,0.000000,0.000000
2000-08-29,121.094528,123.593750,119.859375,122.522659,73.302406,31858112,0.000000,0.000000
2000-08-30,121.890625,124.531250,121.875000,122.690628,73.402908,24905024,0.000000,0.000000
2000-08-31,122.265625,132.343750,122.039841,130.106247,77.839500,93071232,0.000000,0.000000
2000-09-01,130.106247,130.106247,130.106247,130.106247,77.839500,0,0.000000,0.000000
2000-09-04,131.250000,135.937500,131.250000,134.521881,80.481239,43716224,0.000000,0.000000
2000-09-05,134.687500,135.140625,132.421875,133.314056,79.758652,25474368,0.000000,0.000000
2000-09-06,131.437500,132.328125,129.219528,130.632812,78.154518,26717312,0.000000,0.000000
2000-09-07,129.453125,132.000000,128.454681,130.595306,78.132065,32404992,0.000000,0.000000
2000-09-08,131.093750,134.984375,131.093750,134.104691,80.231644,51575296,0.000000,0.000000
2000-09-11,134.375000,137.890625,132.656250,135.652344,81.157608,53541568,0.000000,0.000000
2000-09-12,135.937500,139.281250,133.907806,138.146881,82.650032,56493952,0.000000,0.000000
2000-09-13,137.625000,139.828125,135.546875,136.189056,81.478691,56983296,0.000000,0.000000
2000-09-14,136.328125,138.046875,130.640625,134.242966,80.314384,83144704,0.000000,0.000000
2000-09-15,132.984375,134.750000,132.031250,132.778122,79.438004,54026048,0.000000,0.000000
2000-09-18,132.062500,132.062500,124.453125,125.103905,74.846718,53970496,0.000000,0.000000
2000-09-19,123.515625,124.140625,115.781250,119.402344,71.435616,52265984,0.000000,0.000000
2000-09-20,122.656250,124.609375,118.359375,121.818748,72.881256,22970176,0.000000,0.000000
2000-09-21,121.046875,121.265625,117.968750,118.433594,70.855995,21081664,0.000000,0.000000
2000-09-22,117.593750,117.593750,108.984375,110.018753,65.821617,51416128,0.000000,0.000000
2000-09-25,114.515625,118.820312,114.062500,117.830467,70.495186,36492672,0.000000,0.000000
2000-09-26,119.531250,119.531250,112.376564,113.246872,67.752937,33702976,0.000000,0.000000
2000-09-27,112.500000,117.500000,109.781250,116.580467,69.747330,42644736,0.000000,0.000000
2000-09-28,116.265625,118.671875,113.306252,115.262497,68.958832,33791104,0.000000,0.000000
2000-09-29,115.828125,117.343750,114.468750,115.019531,68.813469,29249344,0.000000,0.000000
2000-10-02,115.019531,115.019531,115.019531,115.019531,68.813469,0,0.000000,0.000000
2000-10-03,114.453125,118.906250,111.718750,116.728127,69.835670,41659520,0.000000,0.000000
2000-10-04,114.062500,120.187500,114.062500,119.557816,71.528633,44959680,0.000000,0.000000
2000-10-05,118.515625,120.703125,116.937500,117.453903,70.269890,41379840,0.000000,0.000000
2000-10-06,116.875000,118.356247,113.143753,117.721092,70.429749,66243904,0.000000,0.000000
2000-10-09,117.187500,117.360939,114.859375,115.530472,69.119156,32816768,0.000000,0.000000
2000-10-10,116.390625,117.796875,113.046875,114.700783,68.622772,61546048,0.000000,0.000000
2000-10-11,110.937500,111.703125,106.015625,106.475784,63.701950,64735168,0.000000,0.000000
2000-10-12,106.093750,107.029686,102.437500,106.157814,63.511692,69716096,0.000000,0.000000
2000-10-13,105.000000,105.000000,101.250778,101.827347,60.920876,63712512,0.000000,0.000000
2000-10-16,102.484375,109.973434,101.093750,101.896095,60.962029,62009536,0.000000,0.000000
2000-10-17,101.203125,102.765625,98.203125,101.003906,60.428246,63538624,0.000000,0.000000
2000-10-18,99.374222,99.810158,95.625778,97.344528,58.238918,53980160,0.000000,0.000000
2000-10-19,96.968750,105.125000,95.625000,104.177345,62.326862,66756928,0.000000,0.000000
2000-10-20,106.250000,112.340622,106.250000,111.310158,66.594261,79272448,0.000000,0.000000
2000-10-23,111.168747,111.562500,106.332809,107.348434,64.224030,51312896,0.000000,0.000000
2000-10-24,106.750000,110.760155,105.000000,109.691406,65.625771,47601344,0.000000,0.000000
2000-10-25,113.265625,113.906250,111.718750,112.234375,67.171112,45920448,0.039063,0.000000
2000-10-26,111.562500,112.498436,110.281250,111.593750,66.787674,9681344,0.000000,0.000000
2000-10-27,112.015625,113.265625,111.453125,112.514847,67.338966,20547520,0.000000,0.000000
2000-10-30,113.109375,113.234375,110.406250,111.117966,66.502930,20664064,0.000000,0.000000
2000-10-31,110.954689,112.093750,109.000000,111.452347,66.703056,28122240,0.000000,0.000000
2000-11-01,114.842186,115.125000,113.435936,114.107811,68.292320,28271168,0.000000,0.000000
2000-11-02,114.375000,116.375000,114.375000,115.740623,69.269539,33982400,0.000000,0.000000
2000-11-03,116.093750,118.890625,115.312500,118.281250,70.790085,42469760,0.000000,0.000000
2000-11-06,118.265625,119.609375,117.343750,118.745316,71.067825,36256064,0.000000,0.000000
2000-11-07,117.984375,120.900780,117.274216,120.483597,72.108162,35621504,0.000000,0.000000
2000-11-08,120.312500,125.218750,119.937500,124.242188,74.357651,51512384,0.000000,0.000000
2000-11-09,123.765625,125.560936,123.062500,123.806252,74.096748,34871168,0.000000,0.000000
2000-11-10,123.594528,124.046875,120.546875,120.907814,72.362068,31773312,0.000000,0.000000
2000-11-13,120.781250,120.781250,114.297653,115.014061,68.834709,42099072,0.000000,0.000000
2000-11-14,114.484375,120.125000,114.468750,119.513283,71.527458,33883136,0.000000,0.000000
2000-11-15,121.640625,122.656250,118.343750,118.869530,71.142151,32892992,0.000000,0.000000
2000-11-16,118.765625,120.234375,117.515625,117.921875,70.574997,23760768,0.000000,0.000000
2000-11-17,117.359375,119.828125,115.343750,119.319534,71.411476,32750912,0.000000,0.000000
2000-11-20,120.000000,120.609375,118.812500,119.626564,71.595230,21192640,0.000000,0.000000
2000-11-21,119.218750,119.842186,117.970314,119.264061,71.378296,26636928,0.000000,0.000000
2000-11-22,121.109375,121.515625,115.859375,116.433594,69.684280,49501056,0.000000,0.000000
2000-11-23,115.718750,116.953125,114.328125,116.203903,69.546822,23804032,0.000000,0.000000
2000-11-24,116.546875,117.296875,115.796875,116.535934,69.745544,24187200,0.000000,0.000000
2000-11-27,117.156250,118.592186,116.801559,118.325783,70.816750,32601024,0.000000,0.000000
2000-11-28,118.125000,118.125000,115.937500,116.499222,69.723572,27703936,0.000000,0.000000
2000-11-29,115.135155,116.078125,113.765625,115.342186,69.031090,32305216,0.000000,0.000000
2000-11-30,115.468750,115.604691,111.875000,112.252342,67.181862,45687872,0.000000,0.000000
2000-12-01,111.718750,114.607033,110.171875,113.879684,68.155792,54182464,0.000000,0.000000
2000-12-04,114.218750,114.359375,111.875000,112.224220,67.165024,29766208,0.000000,0.000000
2000-12-05,112.265625,113.093750,110.645309,112.210938,67.157074,43453632,0.000000,0.000000
2000-12-06,118.750000,118.750000,113.765625,114.134377,68.308228,41569856,0.000000,0.000000
2000-12-07,113.437500,114.593750,112.969528,113.855469,68.141281,23706944,0.000000,0.000000
2000-12-08,113.457809,115.917191,113.457809,115.496094,69.123199,39107712,0.000000,0.000000
2000-12-11,115.546875,117.125000,115.031250,116.714844,69.852623,39128768,0.000000,0.000000
2000-12-12,116.875000,118.437500,115.859375,116.460938,69.700668,34921984,0.000000,0.000000
2000-12-13,117.170311,125.654686,116.717186,119.104691,71.282913,52094400,0.000000,0.000000
2000-12-14,119.140625,119.300003,117.188278,117.662498,70.419785,27747008,0.000000,0.000000
2000-12-15,117.734375,117.734375,112.073441,112.537498,67.352524,50494144,0.000000,0.000000
2000-12-18,111.036720,111.531250,108.406250,110.845314,66.339775,42354176,0.000000,0.000000
2000-12-19,110.781250,110.781250,107.210938,107.646095,64.425064,46559552,0.000000,0.000000
2000-12-20,106.171875,106.171875,102.578125,103.767967,62.104046,60485184,0.000000,0.000000
2000-12-21,103.156250,103.156250,97.421875,98.067184,58.692173,57950976,0.000000,0.000000
2000-12-22,98.356247,98.356247,90.313278,90.813278,54.350769,88193152,0.000000,0.000000
2000-12-25,90.813278,90.813278,90.813278,90.813278,54.350769,0,0.000000,0.000000
2000-12-26,90.234375,91.796875,85.625000,86.250778,51.620197,87180288,0.000000,0.000000
2000-12-27,86.500000,90.078125,84.718750,85.753906,51.322800,93331008,0.000000,0.000000
2000-12-28,86.406250,88.750000,85.804688,86.678123,51.875961,68453056,0.000000,0.000000
2000-12-29,86.250000,89.843750,84.878906,88.970314,53.247807,89329728,0.000000,0.000000
2001-01-01,89.140625,90.623436,86.875000,87.400002,52.307995,59981248,0.000000,0.000000
2001-01-02,87.515625,89.531250,85.937500,88.763283,53.123890,68767872,0.000000,0.000000
2001-01-03,87.500000,88.281250,85.682816,87.723434,52.501553,64125952,0.000000,0.000000
2001-01-04,87.968750,96.718750,87.968750,95.333595,57.056141,71192960,0.000000,0.000000
2001-01-05,95.296875,99.984375,94.656250,99.709373,59.675018,67941888,0.000000,0.000000
2001-01-08,98.625000,99.140625,92.671875,93.510155,55.964840,76229504,0.000000,0.000000
2001-01-09,92.750000,94.921875,91.190628,92.623436,55.434166,64873024,0.000000,0.000000
2001-01-10,93.751564,94.198441,88.002342,88.532814,52.985958,91550336,0.000000,0.000000
2001-01-11,88.671875,89.687500,86.296875,86.692970,51.884861,68442560,0.000000,0.000000
2001-01-12,86.875000,91.406250,86.753906,90.635155,54.244194,92083584,0.000000,0.000000
2001-01-15,91.015625,97.103905,90.937500,96.396095,57.692055,102845952,0.000000,0.000000
2001-01-16,96.717186,97.484375,94.314064,95.284378,57.026714,41221824,0.000000,0.000000
2001-01-17,99.218750,99.359375,97.034378,98.403908,58.893707,51214528,0.000000,0.000000
2001-01-18,98.828125,101.328125,98.828125,100.473434,60.132294,43274496,0.000000,0.000000
2001-01-19,100.750000,106.166405,100.750000,105.467972,63.121464,56089536,0.000000,0.000000
2001-01-22,106.171875,108.203125,105.500000,106.821877,63.931774,46704576,0.000000,0.000000
2001-01-23,105.953903,106.404686,104.376564,105.563278,63.178497,32817280,0.000000,0.000000
2001-01-24,106.093750,107.031250,105.017189,106.698441,63.857891,40703168,0.000000,0.000000
2001-01-25,106.266403,106.873436,103.911720,106.048439,63.468895,30341568,0.000000,0.000000
2001-01-26,106.048439,106.048439,106.048439,106.048439,63.468895,0,0.000000,0.000000
2001-01-29,105.484375,105.484375,101.015625,103.685158,62.054482,32839808,0.000000,0.000000
2001-01-30,104.218750,108.432816,104.218750,107.634377,64.418045,32835392,0.000000,0.000000
2001-01-31,107.067970,107.765625,105.656250,106.136719,63.521706,32945152,0.000000,0.000000
2001-02-01,105.640625,105.953125,103.597656,105.490623,63.135010,32992448,0.000000,0.000000
2001-02-02,105.093750,107.968750,105.086716,107.244530,64.184715,36933888,0.000000,0.000000
2001-02-05,106.796875,106.796875,103.765625,104.137497,62.325218,27276480,0.000000,0.000000
2001-02-06,103.941406,105.156250,103.765625,104.289841,62.416344,21435776,0.000000,0.000000
2001-02-07,105.000000,105.000000,100.938278,101.507034,60.750870,35805888,0.000000,0.000000
2001-02-08,100.859375,102.484375,99.235153,102.121094,61.118412,34458240,0.000000,0.000000
2001-02-09,101.718750,102.218750,100.000778,100.394531,60.085060,27061504,0.000000,0.000000
2001-02-12,100.031250,100.031250,98.203125,99.515625,59.559055,27284224,0.000000,0.000000
2001-02-13,99.843750,101.718750,98.940628,99.589066,59.603004,29327680,0.000000,0.000000
2001-02-14,98.992188,100.000000,98.477341,99.505470,59.552990,21451776,0.000000,0.000000
2001-02-15,99.239059,101.870316,99.218750,101.493752,60.742950,29909440,0.000000,0.000000
2001-02-16,101.921875,102.218750,97.500000,98.352341,58.862858,40206656,0.000000,0.000000
2001-02-19,97.500000,99.093750,96.353127,98.378906,58.878765,30336704,0.000000,0.000000
2001-02-20,98.515625,98.984375,97.437500,97.838280,58.555183,23045696,0.000000,0.000000
2001-02-21,96.875000,96.875000,91.562500,92.332809,55.260231,65310336,0.000000,0.000000
2001-02-22,92.031250,92.031250,86.796875,90.526566,54.179207,54486912,0.000000,0.000000
2001-02-23,90.312500,91.218750,87.351562,87.853127,52.579163,46992000,0.000000,0.000000
2001-02-26,88.125000,90.609375,87.656250,89.433594,53.525082,40402176,0.000000,0.000000
2001-02-27,89.328125,90.609375,86.504684,88.042969,52.692783,50862080,0.000000,0.000000
2001-02-28,87.893753,99.218750,86.796875,97.525780,58.368149,77895168,0.000000,0.000000
2001-03-01,97.656250,97.656250,86.562500,88.481247,52.955093,63365312,0.000000,0.000000
2001-03-02,89.843750,92.109375,76.640625,77.504684,46.385727,74829568,0.000000,0.000000
2001-03-05,76.580467,78.046875,72.031250,74.910156,44.832947,81282816,0.000000,0.000000
2001-03-06,74.910156,74.910156,74.910156,74.910156,44.832947,0,0.000000,0.000000
2001-03-07,78.260941,81.562500,75.890625,81.132034,48.556671,68337792,0.000000,0.000000
2001-03-08,81.953125,82.968750,78.359375,80.175003,47.983894,36073088,0.000000,0.000000
2001-03-09,78.750000,78.750000,73.760941,76.717186,45.914425,31186368,0.000000,0.000000
2001-03-12,75.781250,76.343750,68.440628,69.541405,41.619797,28695744,0.000000,0.000000
2001-03-13,67.984375,73.421875,58.830467,65.502342,39.202469,43740032,0.000000,0.000000
2001-03-14,67.343750,74.984375,66.095314,73.774216,44.153099,27935360,0.000000,0.000000
2001-03-15,72.187500,76.875000,70.781250,76.124222,45.559536,26508288,0.000000,0.000000
2001-03-16,76.484375,78.046875,72.062500,73.432816,43.948776,26217472,0.000000,0.000000
2001-03-19,72.375000,74.218750,67.830467,69.619530,41.666561,26609344,0.000000,0.000000
2001-03-20,69.454689,71.484375,66.110153,68.221092,40.829597,21592512,0.000000,0.000000
2001-03-21,66.875000,71.375000,62.828125,69.992966,41.890064,32702976,0.000000,0.000000
2001-03-22,69.609375,69.921875,66.218750,67.318748,40.289566,22650624,0.000000,0.000000
2001-03-23,67.343750,69.375000,62.500000,65.823441,39.394642,34882176,0.000000,0.000000
2001-03-26,64.921875,67.906250,64.457031,67.470314,40.380283,20275776,0.000000,0.000000
2001-03-27,66.937500,74.312500,66.411720,72.781250,43.558823,40293184,0.000000,0.000000
2001-03-28,75.781250,76.953125,73.000000,73.576561,44.034794,29183360,0.000000,0.000000
2001-03-29,72.776566,72.776566,68.362503,68.919533,41.247623,31557248,0.000000,0.000000
2001-03-30,68.359375,68.359375,63.453125,63.808594,38.188766,30498944,0.000000,0.000000
2001-04-02,63.468750,65.140625,58.703907,64.263283,38.460899,40333248,0.000000,0.000000
2001-04-03,63.375000,65.281250,61.968750,63.664062,38.102283,28847232,0.000000,0.000000
2001-04-04,61.718750,61.718750,59.843750,61.162498,36.605125,20771456,0.000000,0.000000
2001-04-05,61.162498,61.162498,61.162498,61.162498,36.605125,0,0.000000,0.000000
2001-04-06,61.718750,66.055466,61.718750,62.954685,37.677711,32048448,0.000000,0.000000
2001-04-09,61.718750,62.734375,60.192188,62.035156,37.127388,15911040,0.000000,0.000000
2001-04-10,62.500000,63.265625,57.072655,59.813282,35.797615,35273920,0.000000,0.000000
2001-04-11,62.734375,64.036720,50.243752,50.243752,30.070368,41200640,0.000000,0.000000
2001-04-12,46.224216,47.453125,42.204685,44.709373,26.758095,80036608,0.000000,0.000000
2001-04-13,44.709373,44.709373,44.709373,44.709373,26.758095,0,0.000000,0.000000
2001-04-16,44.140625,48.281250,43.375000,47.838280,28.630711,43891264,0.000000,0.000000
2001-04-17,47.988281,49.406250,45.796875,47.744530,28.574598,40648000,0.000000,0.000000
2001-04-18,48.234375,55.383595,47.796875,55.383595,33.146496,43391808,0.000000,0.000000
2001-04-19,59.218750,64.245316,56.875000,59.754688,35.762550,49591872,0.000000,0.000000
2001-04-20,60.546875,62.406250,57.984375,59.664845,35.708782,31406144,0.000000,0.000000
2001-04-23,59.609375,59.804688,57.359375,58.107033,34.776447,21476224,0.000000,0.000000
2001-04-24,57.117970,61.234375,55.800781,60.064842,35.948174,27698688,0.000000,0.000000
2001-04-25,60.953125,62.250000,58.985935,60.089062,35.962677,26131968,0.000000,0.000000
2001-04-26,60.062500,62.187500,56.738281,57.414845,34.362186,25135680,0.000000,0.000000
2001-04-27,56.734375,56.734375,50.000000,50.757030,30.439690,36926080,0.117188,0.000000
2001-04-30,51.250000,58.729687,50.968750,57.953125,34.755287,35136960,0.000000,0.000000
2001-05-01,57.953125,57.953125,57.953125,57.953125,34.755287,0,0.000000,0.000000
2001-05-02,60.578125,64.216408,60.000000,61.644531,36.969059,42003456,0.000000,0.000000
2001-05-03,60.953125,61.404686,59.001560,59.414845,35.631878,31680704,0.000000,0.000000
2001-05-04,59.101562,60.265625,57.367188,59.714062,35.811337,31076864,0.000000,0.000000
2001-05-07,60.156250,62.889061,60.156250,62.399220,37.421661,30507648,0.000000,0.000000
2001-05-08,62.109375,63.078125,61.109375,62.010937,37.188793,23583936,0.000000,0.000000
2001-05-09,62.535156,64.015625,59.843750,60.360157,36.198799,37691648,0.000000,0.000000
2001-05-10,60.039062,61.639061,58.593750,60.303123,36.164589,33075968,0.000000,0.000000
2001-05-11,59.531250,61.156250,59.078125,60.755466,36.435871,24473280,0.000000,0.000000
2001-05-14,60.548435,62.183594,59.470310,60.604687,36.345448,22221056,0.000000,0.000000
2001-05-15,60.562500,61.406250,56.353127,60.976562,36.568470,29911936,0.000000,0.000000
2001-05-16,61.546875,62.312500,58.984375,59.732811,35.822575,26481280,0.000000,0.000000
2001-05-17,59.375000,61.562500,59.375000,60.936718,36.544582,28624640,0.000000,0.000000
2001-05-18,61.546875,62.609375,61.129688,61.696095,36.999977,34144768,0.000000,0.000000
2001-05-21,62.031250,62.484375,61.484375,61.770313,37.044491,19321984,0.000000,0.000000
2001-05-22,61.703125,62.828125,61.703125,62.084373,37.232826,23764224,0.000000,0.000000
2001-05-23,62.015625,66.328125,61.814060,65.974998,39.566101,55238144,0.000000,0.000000
2001-05-24,65.626564,66.640625,64.859375,65.010941,38.987942,37843072,0.000000,0.000000
2001-05-25,65.159378,66.000000,64.625000,65.239059,39.124744,26164032,0.000000,0.000000
2001-05-28,65.388283,67.621872,64.843750,66.937500,40.143314,30142272,0.000000,0.000000
2001-05-29,67.171875,67.500000,65.970314,66.350784,39.791470,18814912,0.000000,0.000000
2001-05-30,65.312500,66.196877,61.042969,61.382812,36.812099,40161728,0.000000,0.000000
2001-05-31,58.593750,60.000000,57.812500,58.942188,35.348434,33537984,0.000000,0.000000
2001-06-01,59.140625,59.843750,58.367188,58.690624,35.197556,28304768,0.000000,0.000000
2001-06-04,59.062500,59.217968,56.250782,56.528908,33.901154,29582400,0.000000,0.000000
2001-06-05,56.250000,60.062500,55.939060,59.255466,35.536304,48417472,0.000000,0.000000
2001-06-06,62.421875,62.421875,59.064060,59.464062,35.661407,27025280,0.000000,0.000000
2001-06-07,59.062500,60.921875,57.828125,60.425781,36.238159,36873792,0.000000,0.000000
2001-06-08,60.921875,61.937500,60.179688,61.604687,36.945164,36826752,0.000000,0.000000
2001-06-11,61.218750,61.250000,59.160938,59.498436,35.682030,27544128,0.000000,0.000000
2001-06-12,59.234375,60.093750,58.593750,59.923435,35.936897,26409152,0.000000,0.000000
2001-06-13,60.156250,60.875000,59.259377,59.950783,35.953293,30776768,0.000000,0.000000
2001-06-14,59.557030,59.828125,58.379688,59.385937,35.614552,28833856,0.000000,0.000000
2001-06-15,59.078125,59.078125,52.671875,53.197655,31.903347,66734656,0.000000,0.000000
2001-06-18,52.812500,53.671875,49.036716,52.085155,31.236177,50334208,0.000000,0.000000
2001-06-19,53.125000,54.500000,51.890625,54.123436,32.458549,44176448,0.000000,0.000000
2001-06-20,53.906250,53.906250,51.642967,52.559376,31.520567,41332864,0.000000,0.000000
2001-06-21,52.734375,53.984375,52.346092,53.222656,31.918341,32749120,0.000000,0.000000
2001-06-22,53.375000,53.875000,52.515625,53.629688,32.162457,28011200,0.000000,0.000000
2001-06-25,53.296875,53.296875,50.968750,52.081249,31.233831,53216832,0.000000,0.000000
2001-06-26,51.718750,57.910938,51.343750,56.089844,33.637840,57623680,0.000000,0.000000
2001-06-27,56.703125,56.703125,53.921875,55.339062,33.187592,38507200,0.000000,0.000000
2001-06-28,55.187500,57.109375,54.453125,56.466408,33.863663,37874304,0.000000,0.000000
2001-06-29,56.875000,59.375000,56.875000,58.572655,35.126827,40621184,0.000000,0.000000
2001-07-02,59.531250,59.531250,55.468750,58.341408,34.988129,10349184,0.000000,0.000000
2001-07-03,56.250000,56.312500,50.000000,51.460938,30.861818,36732608,0.000000,0.000000
2001-07-04,50.375000,55.625000,50.375000,54.189842,32.498386,37540288,0.000000,0.000000
2001-07-05,54.921875,55.609375,52.875000,54.457813,32.659096,28821504,0.000000,0.000000
2001-07-06,53.687500,58.089062,52.924217,56.862499,34.101215,55840448,0.000000,0.000000
2001-07-09,55.765625,55.765625,53.515625,54.726562,32.820274,34657536,0.000000,0.000000
2001-07-10,56.176563,56.515625,53.531250,54.736717,32.826347,46978176,0.000000,0.000000
2001-07-11,54.062500,60.078125,53.875000,58.537498,35.105736,69567552,0.000000,0.000000
2001-07-12,59.609375,61.671875,58.750000,60.936718,36.544582,60139648,0.000000,0.000000
2001-07-13,62.234375,62.339062,56.593750,57.713280,34.611446,59455168,0.000000,0.000000
2001-07-16,57.984375,58.885155,56.500000,56.732811,34.023434,39718336,0.000000,0.000000
2001-07-17,55.468750,58.984375,55.468750,57.455467,34.456818,50187776,0.000000,0.000000
2001-07-18,57.625000,58.478905,56.812500,57.578907,34.530857,41571712,0.000000,0.000000
2001-07-19,56.875000,58.281250,56.414062,57.767185,34.643772,35498048,0.000000,0.000000
2001-07-20,58.281250,59.375000,56.457813,58.774220,35.247704,55835008,0.000000,0.000000
2001-07-23,57.781250,57.796875,55.859375,56.596874,33.941921,2029568,0.000000,0.000000
2001-07-24,56.328125,58.234375,56.271091,57.774220,34.647980,32382272,0.000000,0.000000
2001-07-25,57.328125,57.953125,56.500000,57.593750,34.539757,35721088,0.000000,0.000000
2001-07-26,57.406250,58.515625,55.548435,57.056252,34.217407,52569920,0.000000,0.000000
2001-07-27,56.911716,57.531250,56.250000,56.542187,33.909111,35253888,0.000000,0.000000
2001-07-30,56.909374,57.562500,56.641407,57.125782,34.259106,20011712,0.000000,0.000000
2001-07-31,57.064842,59.375000,56.797657,58.638283,35.166176,30586304,0.000000,0.000000
2001-08-01,58.984375,60.140625,56.015625,56.985935,34.175228,42687616,0.000000,0.000000
2001-08-02,57.656250,59.921875,57.265625,58.669533,35.184910,38093376,0.000000,0.000000
2001-08-03,59.062500,60.921875,58.925781,60.379688,36.210510,31857024,0.000000,0.000000
2001-08-06,60.390625,60.609375,58.703125,59.261719,35.540062,20862464,0.000000,0.000000
2001-08-07,58.625000,59.053905,58.218750,58.685158,35.194283,16592640,0.000000,0.000000
2001-08-08,58.203125,58.203125,57.110157,57.582031,34.532738,19657088,0.000000,0.000000
2001-08-09,56.424217,57.792187,56.424217,57.543751,34.509758,16467584,0.000000,0.000000
2001-08-10,57.421875,57.764843,56.800781,57.039062,34.207104,11152384,0.000000,0.000000
2001-08-13,57.421875,57.421875,56.133595,56.552341,33.915215,18800576,0.000000,0.000000
2001-08-14,56.718750,59.593750,56.562500,59.192188,35.498379,37428032,0.000000,0.000000
2001-08-15,59.192188,59.192188,59.192188,59.192188,35.498379,0,0.000000,0.000000
2001-08-16,58.437500,59.171875,58.046875,58.695312,35.200378,19617856,0.000000,0.000000
2001-08-17,58.640625,59.060936,56.718750,57.354687,34.396385,18481984,0.000000,0.000000
2001-08-20,53.125000,58.109375,53.125000,57.288280,34.356556,28190848,0.000000,0.000000
2001-08-21,57.656250,58.718750,57.531250,58.453125,35.055134,20295552,0.000000,0.000000
2001-08-22,58.453125,58.453125,58.453125,58.453125,35.055134,0,0.000000,0.000000
2001-08-23,58.406250,59.296875,57.832813,58.835155,35.284245,17717248,0.000000,0.000000
2001-08-24,58.610935,59.828125,57.984375,59.471874,35.666096,16439680,0.000000,0.000000
2001-08-27,56.253906,61.531250,56.253906,61.207031,36.706688,29598848,0.000000,0.000000
2001-08-28,60.156250,61.781250,60.156250,61.464062,36.860828,25300608,0.000000,0.000000
2001-08-29,60.660938,60.875000,58.282810,58.692188,35.198494,36475264,0.000000,0.000000
2001-08-30,59.218750,59.917187,56.421875,57.931252,34.742165,40934464,0.000000,0.000000
2001-08-31,57.656250,57.656250,55.046875,55.291405,33.159000,43462592,0.000000,0.000000
2001-09-03,55.625000,55.823437,52.671875,53.493752,32.080933,51990272,0.000000,0.000000
2001-09-04,53.109375,55.703125,52.734375,53.558594,32.119820,63444928,0.000000,0.000000
2001-09-05,52.968750,54.687500,51.687500,52.564842,31.523842,55561984,0.000000,0.000000
2001-09-06,52.343750,52.984375,50.937500,51.396091,30.822941,33253632,0.000000,0.000000
2001-09-07,51.250000,52.656250,50.390625,51.818748,31.076406,43670400,0.000000,0.000000
2001-09-10,52.078125,54.531250,51.090626,54.266407,32.544304,50323840,0.000000,0.000000
2001-09-11,54.609375,55.234375,53.281250,54.747658,32.832909,46679744,0.000000,0.000000
2001-09-12,50.860935,51.515625,49.273438,49.853905,29.898066,38298368,0.000000,0.000000
2001-09-13,49.609375,50.703125,48.515625,49.511719,29.692837,55163136,0.000000,0.000000
2001-09-14,49.062500,49.062500,44.560936,45.424217,27.241518,55850304,0.000000,0.000000
2001-09-17,44.984375,44.984375,40.882030,40.882030,24.517511,17588032,0.000000,0.000000
2001-09-18,39.843750,43.656250,39.312500,41.548435,24.917150,100096704,0.000000,0.000000
2001-09-19,41.234375,42.500000,39.406250,40.308594,24.173609,40674944,0.000000,0.000000
2001-09-20,39.046875,39.214062,36.278126,38.583591,23.139109,53192960,0.000000,0.000000
2001-09-21,36.253124,36.718750,34.725780,34.725780,20.825523,28133504,0.000000,0.000000
2001-09-24,33.984375,37.937500,33.049217,37.507812,22.493944,47482816,0.000000,0.000000
2001-09-25,39.062500,39.796875,37.515625,38.895313,23.326048,55670016,0.000000,0.000000
2001-09-26,38.453125,40.390625,37.828125,39.869530,23.910299,52010176,0.000000,0.000000
2001-09-27,39.531250,39.531250,36.578125,37.084373,22.240004,40467392,0.000000,0.000000
2001-09-28,38.203125,38.250000,36.015625,36.985157,22.180500,39388544,0.000000,0.000000
2001-10-01,37.484375,37.890625,35.735935,36.356251,21.803339,30558464,0.000000,0.000000
2001-10-02,36.356251,36.356251,36.356251,36.356251,21.803339,0,0.000000,0.000000
2001-10-03,37.500000,37.500000,33.711720,34.177341,20.496616,44075392,0.000000,0.000000
2001-10-04,35.349216,37.484375,35.349216,37.020313,22.201576,59927808,0.000000,0.000000
2001-10-05,37.031250,39.125000,36.578125,38.677341,23.195337,55935552,0.000000,0.000000
2001-10-08,37.109375,38.281250,35.546875,37.352345,22.400702,46894592,0.000000,0.000000
2001-10-09,37.531250,38.651562,37.265625,37.914062,22.737579,38199360,0.000000,0.000000
2001-10-10,39.687500,40.222656,38.046875,39.186718,23.500809,67315392,0.000000,0.000000
2001-10-11,40.625000,43.105469,40.156250,43.105469,25.850941,42996032,0.000000,0.000000
2001-10-12,45.312500,47.089844,44.062500,46.104687,27.649605,77625792,0.000000,0.000000
2001-10-15,48.140625,48.140625,44.739841,45.458591,27.262129,38956224,0.000000,0.000000
2001-10-16,45.312500,46.781250,44.531250,46.421875,27.839834,42279872,0.000000,0.000000
2001-10-17,46.875000,48.403126,46.406250,46.953907,28.158890,43997824,0.000000,0.000000
2001-10-18,45.640625,45.642185,44.484375,44.693748,26.870508,31931328,0.117188,0.000000
2001-10-19,44.927341,46.796875,44.765625,46.182030,27.765295,43506496,0.000000,0.000000
2001-10-22,48.343750,48.437500,46.656250,47.004688,28.259888,42448960,0.000000,0.000000
2001-10-23,47.534374,47.968750,46.875782,47.232033,28.396561,31108096,0.000000,0.000000
2001-10-24,46.875000,47.573437,46.360935,47.226562,28.393270,53390784,0.000000,0.000000
2001-10-25,47.656250,47.656250,47.031250,47.180470,28.365562,31819072,0.000000,0.000000
2001-10-26,47.180470,47.180470,47.180470,47.180470,28.365562,0,0.000000,0.000000
2001-10-29,47.343750,47.734375,46.954685,47.136719,28.339256,22941888,0.000000,0.000000
2001-10-30,46.307812,47.015625,45.875000,46.375000,27.881306,51813248,0.000000,0.000000
2001-10-31,45.781250,46.250000,44.299217,45.567966,27.396112,73453568,0.000000,0.000000
2001-11-01,45.552341,46.718750,45.393749,46.192966,27.771862,45274112,0.000000,0.000000
2001-11-02,46.562500,46.871094,44.546875,45.442966,27.320948,61585280,0.000000,0.000000
2001-11-05,43.927341,45.296875,43.926563,44.425781,26.709400,30546496,0.000000,0.000000
2001-11-06,45.171875,46.687500,45.171875,46.090626,27.710340,26058368,0.000000,0.000000
2001-11-07,46.756248,46.859375,43.781250,44.170311,26.555817,33943424,0.000000,0.000000
2001-11-08,44.718750,45.573437,44.145313,44.798435,26.933451,29282368,0.000000,0.000000
2001-11-09,45.687500,46.312500,45.083591,45.822655,27.549232,25132288,0.000000,0.000000
2001-11-12,46.078125,46.781250,45.421875,46.331249,27.854994,15525248,0.000000,0.000000
2001-11-13,46.562500,46.562500,45.093750,45.332031,27.254251,24560576,0.000000,0.000000
2001-11-14,46.093750,46.406250,45.734375,46.167969,27.756830,8900288,0.000000,0.000000
2001-11-15,46.328907,50.785156,46.328125,50.785156,30.532753,64260928,0.000000,0.000000
2001-11-16,50.785156,50.785156,50.785156,50.785156,30.532753,0,0.000000,0.000000
2001-11-19,51.796875,55.864063,51.375000,55.864063,33.586258,39461696,0.000000,0.000000
2001-11-20,56.718750,57.765625,54.296875,56.209373,33.793884,68126912,0.000000,0.000000
2001-11-21,55.492970,55.859375,50.593750,54.835938,32.968132,48465536,0.000000,0.000000
2001-11-22,54.875000,56.796875,53.765625,54.421093,32.718731,44250048,0.000000,0.000000
2001-11-23,54.500000,56.234375,54.381248,55.523438,33.381474,38425600,0.000000,0.000000
2001-11-26,57.031250,61.075783,56.875000,61.014061,36.682518,41223616,0.000000,0.000000
2001-11-27,65.462502,65.462502,58.593750,58.996094,35.469288,68089856,0.000000,0.000000
2001-11-28,58.437500,60.416405,58.203125,59.616405,35.842236,51204032,0.000000,0.000000
2001-11-29,58.471874,61.796875,58.437500,60.825783,36.569317,75322816,0.000000,0.000000
2001-11-30,60.825783,60.825783,60.825783,60.825783,36.569317,0,0.000000,0.000000
2001-12-03,58.317966,61.349216,58.317966,59.348438,35.681118,37064640,0.000000,0.000000
2001-12-04,59.750000,63.281250,59.370312,62.278126,37.442490,41452224,0.000000,0.000000
2001-12-05,64.812500,66.781250,64.239059,66.404686,39.923439,56921024,0.000000,0.000000
2001-12-06,68.718750,73.045311,68.437500,70.546875,42.413773,74881856,0.000000,0.000000
2001-12-07,70.312500,72.014061,69.567970,70.830467,42.584286,40283968,0.000000,0.000000
2001-12-10,71.109375,71.843750,68.453125,68.850784,41.394054,35611904,0.000000,0.000000
2001-12-11,66.875000,69.437500,65.557030,66.097656,39.738831,44337728,0.000000,0.000000
2001-12-12,66.375000,69.453125,66.375000,68.938278,41.446667,46744128,0.000000,0.000000
2001-12-13,69.671875,69.671875,64.062500,67.053123,40.313290,52044160,0.000000,0.000000
2001-12-14,64.468750,65.937500,64.156250,65.076561,39.124947,27590720,0.000000,0.000000
2001-12-17,65.076561,65.076561,65.076561,65.076561,39.124947,0,0.000000,0.000000
2001-12-18,66.390625,67.154686,64.409378,66.000778,39.680599,38919232,0.000000,0.000000
2001-12-19,65.569534,65.765625,61.285938,62.357033,37.489937,39056960,0.000000,0.000000
2001-12-20,61.890625,64.843750,61.196095,64.272659,38.641632,49476032,0.000000,0.000000
2001-12-21,63.265625,63.281250,61.129688,62.421875,37.528908,37109760,0.000000,0.000000
2001-12-24,62.109375,64.046875,60.797657,63.375782,38.102406,29208768,0.000000,0.000000
2001-12-25,63.375782,63.375782,63.375782,63.375782,38.102406,0,0.000000,0.000000
2001-12-26,63.656250,64.765625,61.187500,61.781250,37.143749,32219776,0.000000,0.000000
2001-12-27,60.781250,62.264061,60.503124,61.076561,36.720093,38225728,0.000000,0.000000
2001-12-28,61.019531,63.500000,59.255466,62.998436,37.875546,54474176,0.000000,0.000000
2001-12-31,63.125000,65.156250,63.046875,63.810158,38.363571,37016000,0.000000,0.000000
2002-01-01,64.015625,66.859375,62.442966,63.233593,38.016937,59381504,0.000000,0.000000
2002-01-02,62.989063,64.901566,62.290627,63.103905,37.938957,47854528,0.000000,0.000000
2002-01-03,64.671875,67.582031,63.750000,66.810158,40.167221,51961664,0.000000,0.000000
2002-01-04,68.440628,70.702347,68.359375,70.063278,42.123035,56709376,0.000000,0.000000
2002-01-07,71.687500,73.714066,71.093750,73.033592,43.908825,40557120,0.000000,0.000000
2002-01-08,74.218750,75.625000,72.426559,75.264061,45.249821,54785984,0.000000,0.000000
2002-01-09,76.156250,76.156250,68.385155,69.314064,41.672588,59799296,0.000000,0.000000
2002-01-10,66.796875,67.781250,65.468750,66.319534,39.872246,80367424,0.000000,0.000000
2002-01-11,63.281250,64.843750,59.768749,61.430470,36.932869,72600192,0.000000,0.000000
2002-01-14,64.046875,64.781250,62.285938,62.954685,37.849243,47085248,0.000000,0.000000
2002-01-15,62.406250,62.453125,60.156250,60.411716,36.320366,45791104,0.000000,0.000000
2002-01-16,61.250000,62.484375,60.078125,60.724216,36.508266,60796288,0.000000,0.000000
2002-01-17,58.207031,65.140625,58.207031,64.506248,38.782063,71925696,0.000000,0.000000
2002-01-18,65.546875,65.546875,61.094532,61.755466,37.128254,43093184,0.000000,0.000000
2002-01-21,62.093750,62.343750,59.859375,61.142967,36.760014,39499264,0.000000,0.000000
2002-01-22,61.343750,63.109375,61.176563,62.440624,37.540173,39699968,0.000000,0.000000
2002-01-23,61.801563,62.187500,60.192188,60.649220,36.463158,32495232,0.000000,0.000000
2002-01-24,62.328125,62.328125,60.156250,60.295311,36.250393,27712192,0.000000,0.000000
2002-01-25,60.906250,61.092186,59.375000,59.801563,35.953545,36054912,0.000000,0.000000
2002-01-28,62.093750,62.093750,58.595310,59.260155,35.628033,31417344,0.000000,0.000000
2002-01-29,59.238281,60.437500,58.635937,58.976562,35.457546,38412608,0.000000,0.000000
2002-01-30,58.593750,58.593750,56.765625,57.308594,34.454727,41227072,0.000000,0.000000
2002-01-31,58.593750,61.234375,58.316406,60.589062,36.426987,54036416,0.000000,0.000000
2002-02-01,61.737499,62.171875,59.000000,59.751560,35.923485,40670656,0.000000,0.000000
2002-02-04,59.610157,59.610157,57.593750,57.964062,34.848808,33707712,0.000000,0.000000
2002-02-05,57.281250,59.140625,56.892185,58.532810,35.190750,34441600,0.000000,0.000000
2002-02-06,58.687500,61.718750,58.687500,61.231251,36.813095,33731840,0.000000,0.000000
2002-02-07,61.718750,61.875000,57.031250,57.391407,34.504520,68846912,0.000000,0.000000
2002-02-08,57.343750,59.668751,57.187500,57.750000,34.720116,38923904,0.000000,0.000000
2002-02-11,59.375000,59.839062,58.125000,58.523438,35.185123,38867520,0.000000,0.000000
2002-02-12,58.921875,59.495312,58.251560,58.665627,35.270603,26924736,0.000000,0.000000
2002-02-13,59.218750,60.365623,58.781250,59.197655,35.590466,42209536,0.000000,0.000000
2002-02-14,60.437500,61.328125,59.485157,59.907810,36.017418,21775936,0.000000,0.000000
2002-02-15,60.156250,60.531250,59.609375,59.948437,36.041851,21985472,0.000000,0.000000
2002-02-18,59.656250,59.656250,57.923435,58.270313,35.032921,22691968,0.000000,0.000000
2002-02-19,58.597656,59.140625,57.468750,57.924999,34.825325,26101504,0.000000,0.000000
2002-02-20,56.718750,57.656250,56.421875,57.025780,34.284687,21700800,0.000000,0.000000
2002-02-21,58.109375,58.496876,56.953125,57.158592,34.364548,25527616,0.000000,0.000000
2002-02-22,56.703125,58.343750,56.437500,57.771873,34.733269,24593024,0.000000,0.000000
2002-02-25,57.796875,58.901562,57.224216,58.532810,35.190750,24080192,0.000000,0.000000
2002-02-26,58.830467,60.276562,58.671875,59.953907,36.045135,31268096,0.000000,0.000000
2002-02-27,60.312500,60.937500,59.375000,59.921093,36.025398,30092928,0.000000,0.000000
2002-02-28,59.843750,59.843750,54.515625,55.207813,33.191708,54657216,0.000000,0.000000
2002-03-01,54.843750,57.015625,54.609375,56.476562,33.954506,29193024,0.000000,0.000000
2002-03-04,57.812500,58.750000,56.596874,56.953125,34.241024,32084096,0.000000,0.000000
2002-03-05,58.203125,60.686718,58.203125,59.877342,35.999107,57384832,0.000000,0.000000
2002-03-06,60.175781,61.757812,59.140625,61.278908,36.841751,46348032,0.000000,0.000000
2002-03-07,61.876560,65.155472,61.718750,64.473434,38.762333,67763264,0.000000,0.000000
2002-03-08,65.312500,66.468750,63.406250,66.101562,39.741184,67260352,0.000000,0.000000
2002-03-11,66.015625,67.109375,64.515625,66.210159,39.806480,66345920,0.000000,0.000000
2002-03-12,65.625000,66.474998,64.609375,65.466408,39.359325,55556480,0.000000,0.000000
2002-03-13,64.685936,65.075783,63.046875,63.370312,38.099125,42688128,0.000000,0.000000
2002-03-14,62.500000,64.046875,62.500000,63.122658,37.950226,36547648,0.000000,0.000000
2002-03-15,63.125000,63.953125,61.906250,62.420311,37.527977,52188032,0.000000,0.000000
2002-03-18,63.714062,63.714062,61.906250,62.384377,37.506359,29203072,0.000000,0.000000
2002-03-19,62.359375,62.625000,61.203125,61.696877,37.093033,33368640,0.000000,0.000000
2002-03-20,61.796875,62.234375,60.671875,61.000782,36.674534,33572544,0.000000,0.000000
2002-03-21,60.765625,60.765625,59.531250,59.753124,35.924416,21713280,0.000000,0.000000
2002-03-22,60.828125,61.062500,59.453907,59.889061,36.006149,37824896,0.000000,0.000000
2002-03-25,59.889061,59.889061,59.889061,59.889061,36.006149,0,0.000000,0.000000
2002-03-26,59.843750,60.234375,56.970310,57.438282,34.532707,35463232,0.000000,0.000000
2002-03-27,62.500000,62.500000,57.206249,57.507030,34.574039,25979840,0.000000,0.000000
2002-03-28,57.657810,59.904686,57.610157,58.571877,35.214237,47676096,0.000000,0.000000
2002-03-29,58.571877,58.571877,58.571877,58.571877,35.214237,0,0.000000,0.000000
2002-04-01,59.125000,59.125000,55.174217,55.721092,33.500317,37424832,0.000000,0.000000
2002-04-02,55.745312,56.718750,55.232811,55.641407,33.452400,37710784,0.000000,0.000000
2002-04-03,55.000000,55.468750,54.617970,55.007812,33.071480,28006400,0.000000,0.000000
2002-04-04,54.878906,57.421875,54.878906,57.039062,34.292694,39785664,0.000000,0.000000
2002-04-05,57.406250,58.015625,56.328125,56.709373,34.094471,25505152,0.000000,0.000000
2002-04-08,57.015625,57.812500,56.440624,56.625782,34.044212,23750016,0.000000,0.000000
2002-04-09,56.375000,56.781250,54.890625,56.251560,33.819237,38507264,0.000000,0.000000
2002-04-10,56.562500,59.359375,55.567966,59.039062,35.495110,59726784,0.000000,0.000000
2002-04-11,59.781250,60.935936,59.409374,60.660938,36.470222,50717504,0.000000,0.000000
2002-04-12,59.964062,61.703125,59.424217,60.900002,36.613934,33804032,0.000000,0.000000
2002-04-15,60.937500,60.937500,59.375000,59.533592,35.792439,23741376,0.000000,0.000000
2002-04-16,59.359375,59.984375,58.828125,59.567188,35.812637,24408512,0.000000,0.000000
2002-04-17,60.314842,62.156250,60.314842,61.803905,37.157391,39309184,0.000000,0.000000
2002-04-18,61.875000,62.484375,61.093750,61.900002,37.215153,20418880,0.000000,0.000000
2002-04-19,61.718750,61.996876,59.687500,60.170311,36.175240,29110336,0.000000,0.000000
2002-04-22,60.312500,62.031250,59.015625,61.575783,37.020222,30009600,0.000000,0.000000
2002-04-23,56.875000,61.701561,56.875000,61.390625,36.908913,32510208,0.000000,0.000000
2002-04-24,60.859375,61.475780,60.234375,60.685936,36.485241,19379840,0.000000,0.000000
2002-04-25,60.450001,60.468750,58.848438,59.309376,35.657635,16325056,0.000000,0.000000
2002-04-26,59.453125,59.920311,58.984375,59.466408,35.752045,15962560,0.000000,0.000000
2002-04-29,59.218750,59.343750,56.593750,56.797657,34.147560,25777664,0.000000,0.000000
2002-04-30,56.875000,58.156250,56.659374,57.563282,34.607864,22117888,0.000000,0.000000
2002-05-01,57.563282,57.563282,57.563282,57.563282,34.607864,0,0.000000,0.000000
2002-05-02,58.125000,59.140625,58.125000,58.560158,35.207195,19447552,0.000000,0.000000
2002-05-03,58.120312,59.140625,57.896091,58.653908,35.263561,12833344,0.000000,0.000000
2002-05-06,58.671875,58.746876,57.890625,58.255466,35.024006,11473408,0.000000,0.000000
2002-05-07,57.718750,58.468750,57.187500,58.146091,34.958241,12131328,0.000000,0.000000
2002-05-08,58.612499,59.750000,58.593750,59.474998,35.757217,17206272,0.000000,0.000000
2002-05-09,61.031250,61.718750,59.457813,60.042187,36.098202,19235264,0.000000,0.000000
2002-05-10,59.453125,60.140625,58.672657,59.577343,35.818737,12516096,0.000000,0.000000
2002-05-13,59.453125,60.156250,58.906250,59.846092,35.980320,10276352,0.000000,0.000000
2002-05-14,60.500000,60.616405,59.237499,60.020313,36.085060,16525824,0.000000,0.000000
2002-05-15,60.156250,61.531250,60.156250,60.507030,36.377686,34005760,0.000000,0.000000
2002-05-16,60.656250,60.703125,59.148438,59.522655,35.785862,17889088,0.000000,0.000000
2002-05-17,59.531250,59.906250,58.437500,59.095310,35.528923,19457344,0.000000,0.000000
2002-05-20,58.593750,59.994530,58.593750,59.025002,35.486660,25773184,0.000000,0.000000
2002-05-21,56.659374,58.203125,55.937500,56.460155,34.057335,30125440,0.195313,0.000000
2002-05-22,55.937500,57.625000,55.546875,57.046875,34.411247,31285632,0.000000,0.000000
2002-05-23,57.031250,57.343750,56.203125,56.889061,34.316067,18053120,0.000000,0.000000
2002-05-24,58.050781,59.375000,57.781250,59.060158,35.625679,20045184,0.000000,0.000000
2002-05-27,58.921875,58.984375,57.265625,57.595310,34.742065,19675584,0.000000,0.000000
2002-05-28,57.328125,57.328125,54.703125,54.911716,33.123287,31493312,0.000000,0.000000
2002-05-29,54.873436,56.000000,53.906250,55.385155,33.408886,46020928,0.000000,0.000000
2002-05-30,54.921875,55.781250,54.718750,55.397655,33.416431,21895872,0.000000,0.000000
2002-05-31,55.000000,55.390625,52.379688,52.946877,31.938086,45376704,0.000000,0.000000
2002-06-03,53.421875,53.826561,51.345310,52.026562,31.382948,38760000,0.000000,0.000000
2002-06-04,51.328125,52.343750,51.328125,52.060936,31.403675,28173440,0.000000,0.000000
2002-06-05,52.325001,54.343750,52.325001,53.787498,32.445171,36407872,0.000000,0.000000
2002-06-06,54.018749,54.515625,52.911716,53.410156,32.217545,33779456,0.000000,0.000000
2002-06-07,52.343750,52.343750,50.625000,50.725780,30.598309,47699456,0.000000,0.000000
2002-06-10,51.578125,53.109375,51.578125,52.744530,31.816044,27366592,0.000000,0.000000
2002-06-11,53.906250,55.468750,53.750000,55.166405,33.276928,29698560,0.000000,0.000000
2002-06-12,55.234375,55.234375,53.921875,54.353127,32.786366,18887680,0.000000,0.000000
2002-06-13,54.862499,55.156250,53.771091,54.057812,32.608212,17408576,0.000000,0.000000
2002-06-14,53.906250,53.982811,52.771091,52.971092,31.952707,19107968,0.000000,0.000000
2002-06-17,53.204685,53.812500,52.501560,52.821095,31.862219,19762240,0.000000,0.000000
2002-06-18,53.437500,53.562500,51.114063,51.351562,30.975780,29418944,0.000000,0.000000
2002-06-19,51.078125,51.639843,48.921875,49.238281,29.701017,55495616,0.000000,0.000000
2002-06-20,48.828125,51.234375,48.828125,50.935936,30.725071,41968640,0.000000,0.000000
2002-06-21,50.537498,50.537498,48.765625,49.055470,29.590757,34686080,0.000000,0.000000
2002-06-24,48.718750,50.115623,48.363281,49.811718,30.046936,34772736,0.000000,0.000000
2002-06-25,50.174999,50.453125,48.984375,49.934376,30.120926,40680960,0.000000,0.000000
2002-06-26,49.062500,49.297657,47.692188,47.959373,28.929581,42938944,0.000000,0.000000
2002-06-27,48.203125,49.976562,48.203125,49.549217,29.888588,48195712,0.000000,0.000000
2002-06-28,50.173435,51.484375,50.173435,51.257030,30.918756,32555328,0.000000,0.000000
2002-07-01,51.562500,52.140625,51.000000,51.845310,31.273611,27086208,0.000000,0.000000
2002-07-02,51.067966,51.484375,50.609375,51.003906,30.766069,26694464,0.000000,0.000000
2002-07-03,50.939060,53.029686,50.939060,52.808594,31.854681,39028032,0.000000,0.000000
2002-07-04,53.332813,53.859375,52.078125,52.474216,31.652977,38403712,0.000000,0.000000
2002-07-05,52.656250,53.514061,52.203125,53.287498,32.143566,25354688,0.000000,0.000000
2002-07-08,53.957813,54.218750,53.125782,53.546875,32.300014,25224064,0.000000,0.000000
2002-07-09,53.515625,53.589062,52.829685,52.985935,31.961662,20608000,0.000000,0.000000
2002-07-10,53.910938,54.375000,51.817188,52.088280,31.420185,50155200,0.000000,0.000000
2002-07-11,51.542187,51.859375,50.937500,51.589844,31.119513,34490048,0.000000,0.000000
2002-07-12,51.974216,52.343750,51.587502,51.883595,31.296711,24250432,0.000000,0.000000
2002-07-15,51.484375,51.484375,50.205467,50.735935,30.604435,22052608,0.000000,0.000000
2002-07-16,50.468750,51.156250,49.347656,49.509377,29.864553,37083136,0.000000,0.000000
2002-07-17,49.343750,50.234375,48.801563,49.758595,30.014887,30291904,0.000000,0.000000
2002-07-18,50.562500,50.562500,49.418751,50.118752,30.232126,36041792,0.000000,0.000000
2002-07-19,49.531250,49.671093,49.010155,49.469532,29.840515,19835584,0.000000,0.000000
2002-07-22,48.750000,48.750000,47.907810,48.271873,29.118076,32212608,0.000000,0.000000
2002-07-23,47.849216,50.437500,47.849216,50.191406,30.275974,37871680,0.000000,0.000000
2002-07-24,49.218750,49.531250,47.742970,48.006248,28.957857,38318400,0.000000,0.000000
2002-07-25,49.218750,49.671875,48.017185,48.496094,29.253332,40477504,0.000000,0.000000
2002-07-26,47.340626,47.625000,46.484375,47.132030,28.430527,43441472,0.000000,0.000000
2002-07-29,47.635937,47.635937,46.564060,46.944530,28.317419,32498816,0.000000,0.000000
2002-07-30,47.968750,48.982033,47.156250,47.473438,28.636461,47862272,0.000000,0.000000
2002-07-31,46.754688,48.109375,46.486717,47.396873,28.590275,37706880,0.000000,0.000000
2002-08-01,47.812500,48.156250,47.282810,47.737499,28.795748,29534016,0.000000,0.000000
2002-08-02,47.109375,47.265625,45.890625,46.949219,28.320244,37549888,0.000000,0.000000
2002-08-05,47.343750,48.578125,47.203125,48.178905,29.061998,29216704,0.000000,0.000000
2002-08-06,47.500000,49.293751,47.343750,48.910156,29.503098,27908544,0.000000,0.000000
2002-08-07,49.843750,49.843750,48.595310,48.909374,29.502619,30529792,0.000000,0.000000
2002-08-08,48.906250,49.428123,48.203125,48.427341,29.211868,32257728,0.000000,0.000000
2002-08-09,49.060936,49.764061,47.848438,49.410938,29.805178,46943936,0.000000,0.000000
2002-08-12,49.453125,50.624218,49.140625,50.438282,30.424885,37460928,0.000000,0.000000
2002-08-13,50.242188,50.765625,50.125000,50.452343,30.433372,20659456,0.000000,0.000000
2002-08-14,49.995312,50.074219,49.243752,49.366405,29.778313,24419776,0.000000,0.000000
2002-08-15,49.366405,49.366405,49.366405,49.366405,29.778313,0,0.000000,0.000000
2002-08-16,49.864063,50.391407,49.735935,50.171875,30.264179,22782144,0.000000,0.000000
2002-08-19,50.391407,50.682812,50.166405,50.442966,30.427700,23862720,0.000000,0.000000
2002-08-20,50.814060,52.629688,50.718750,51.923435,31.320738,35347648,0.000000,0.000000
2002-08-21,51.563282,53.203125,51.563282,52.991405,31.964960,44908736,0.000000,0.000000
2002-08-22,53.286716,53.625000,52.437500,52.676563,31.775043,37726144,0.000000,0.000000
2002-08-23,52.894531,55.390625,52.894531,55.203125,33.299080,83209536,0.000000,0.000000
2002-08-26,53.109375,54.997658,53.109375,54.508595,32.880135,38972928,0.000000,0.000000
2002-08-27,54.380466,55.468750,53.250000,53.456249,32.245342,69991616,0.000000,0.000000
2002-08-28,53.125000,53.875000,52.706249,53.544533,32.298595,35725504,0.000000,0.000000
2002-08-29,53.187500,55.311718,53.071095,54.492188,32.870228,56262848,0.000000,0.000000
2002-08-30,54.640625,56.792187,54.375000,56.318748,33.972038,48156160,0.000000,0.000000
2002-09-02,56.957813,57.250000,55.644531,55.904686,33.722275,35940608,0.000000,0.000000
2002-09-03,55.606251,55.625000,54.410938,54.604687,32.938103,36863232,0.000000,0.000000
2002-09-04,53.887501,54.968750,53.462502,54.732033,33.014923,42330432,0.000000,0.000000
2002-09-05,54.692966,56.405468,54.687500,55.964844,33.758553,58222144,0.000000,0.000000
2002-09-06,55.343750,55.828125,54.474216,55.191406,33.292015,51598848,0.000000,0.000000
2002-09-09,55.434376,56.716408,54.390625,56.283592,33.950832,43699968,0.000000,0.000000
2002-09-10,56.283592,56.283592,56.283592,56.283592,33.950832,0,0.000000,0.000000
2002-09-11,56.640625,57.932812,56.640625,57.682030,34.794369,45339776,0.000000,0.000000
2002-09-12,57.342186,57.578125,56.671875,56.950783,34.353294,26804352,0.000000,0.000000
2002-09-13,56.375000,56.375000,55.564060,55.789062,33.652542,27315648,0.000000,0.000000
2002-09-16,55.628124,56.092186,54.859375,55.630466,33.556854,33621952,0.000000,0.000000
2002-09-17,55.974216,57.562500,55.974216,57.325001,34.579018,43982464,0.000000,0.000000
2002-09-18,56.739063,56.739063,55.578125,55.756248,33.632736,47365760,0.000000,0.000000
2002-09-19,55.703125,55.781250,54.422657,54.621876,32.948467,46434112,0.000000,0.000000
2002-09-20,53.125000,54.984375,53.125000,54.785938,33.047432,37551744,0.000000,0.000000
2002-09-23,54.843750,55.075001,54.171875,54.429688,32.832542,29428416,0.000000,0.000000
2002-09-24,53.514843,53.858593,52.736717,53.196095,32.088428,39022336,0.000000,0.000000
2002-09-25,52.031250,54.296875,52.031250,54.192188,32.689281,42394944,0.000000,0.000000
2002-09-26,54.656250,55.140625,54.082813,54.353905,32.786823,34179392,0.000000,0.000000
2002-09-27,54.486717,55.113281,54.486717,54.821095,33.068623,44959616,0.000000,0.000000
2002-09-30,54.248436,54.606251,52.892185,53.225780,32.106339,37461184,0.000000,0.000000
2002-10-01,52.937500,53.531250,52.343750,53.232811,32.110569,46234880,0.000000,0.000000
2002-10-02,53.232811,53.232811,53.232811,53.232811,32.110569,0,0.000000,0.000000
2002-10-03,53.437500,54.312500,53.218750,54.174999,32.678902,40588288,0.000000,0.000000
2002-10-04,54.144531,55.027344,53.846874,54.694530,32.992290,40793152,0.000000,0.000000
2002-10-07,54.453125,54.600780,53.765625,53.988281,32.566273,26232256,0.000000,0.000000
2002-10-08,53.671875,55.750000,53.524220,55.432812,33.437637,49633408,0.000000,0.000000
2002-10-09,55.883595,56.375000,53.988281,54.331249,32.773159,51109952,0.000000,0.000000
2002-10-10,54.704685,57.015625,53.962502,56.738281,34.225113,115910336,0.000000,0.000000
2002-10-11,56.753124,59.375000,56.753124,58.924217,35.543694,70623808,0.000000,0.000000
2002-10-14,59.067188,60.578125,58.532810,59.699219,36.011169,72795648,0.000000,0.000000
2002-10-15,59.699219,59.699219,59.699219,59.699219,36.011169,0,0.000000,0.000000
2002-10-16,60.781250,61.046875,58.282810,58.578907,35.335388,68785472,0.000000,0.000000
2002-10-17,58.471874,60.109375,58.157810,59.813282,36.079979,63703872,0.000000,0.000000
2002-10-18,60.468750,60.906250,59.581249,59.921875,36.145477,52909376,0.000000,0.000000
2002-10-21,60.083591,60.468750,59.205467,59.825783,36.087521,47170176,0.000000,0.000000
2002-10-22,60.125000,60.375000,59.315624,59.542187,35.916451,46875008,0.000000,0.000000
2002-10-23,59.083591,59.840626,58.844532,59.349998,35.800518,43332288,0.000000,0.000000
2002-10-24,59.825001,59.825001,58.765625,59.110935,35.656322,38613440,0.000000,0.000000
2002-10-25,58.950783,59.057812,58.282810,58.662498,35.385815,38481344,0.000000,0.000000
2002-10-28,58.753906,59.203125,58.299217,58.553123,35.319836,26654208,0.000000,0.000000
2002-10-29,58.201561,59.468750,57.893749,59.282810,35.759991,45538368,0.000000,0.000000
2002-10-30,58.984375,59.651562,58.846092,59.179688,35.815796,31792320,0.195313,0.000000
2002-10-31,59.375000,60.042187,58.828125,59.326561,35.904671,42567680,0.000000,0.000000
2002-11-01,59.375000,60.859375,59.375000,60.445312,36.581741,43334784,0.000000,0.000000
2002-11-04,60.859375,61.703125,60.640625,61.342968,37.125011,15291712,0.000000,0.000000
2002-11-05,61.953125,63.592186,61.615623,63.261719,38.286247,60623104,0.000000,0.000000
2002-11-06,63.261719,63.261719,63.261719,63.261719,38.286247,0,0.000000,0.000000
2002-11-07,62.792187,64.276566,62.504688,63.262501,38.286724,86927232,0.000000,0.000000
2002-11-08,62.484375,62.781250,61.978127,62.457031,37.799252,35027328,0.000000,0.000000
2002-11-11,62.281250,62.406250,61.210938,61.614841,37.289551,36256064,0.000000,0.000000
2002-11-12,60.937500,61.697655,60.724998,61.559376,37.255989,33467328,0.000000,0.000000
2002-11-13,61.648438,62.343750,61.648438,61.999218,37.522171,39895488,0.000000,0.000000
2002-11-14,62.223438,65.078125,62.128124,64.376564,38.960957,57805120,0.000000,0.000000
2002-11-15,65.176559,68.359375,65.176559,67.381248,40.779404,74473344,0.000000,0.000000
2002-11-18,67.187500,67.187500,65.659378,66.488281,40.238964,59826560,0.000000,0.000000
2002-11-19,66.488281,66.488281,66.488281,66.488281,40.238964,0,0.000000,0.000000
2002-11-20,66.089066,69.203125,66.019531,68.878906,41.685783,102082368,0.000000,0.000000
2002-11-21,70.312500,70.996872,69.453125,70.732033,42.807304,79159296,0.000000,0.000000
2002-11-22,71.839066,73.010941,71.487503,72.346878,43.784618,93242560,0.000000,0.000000
2002-11-25,71.839066,71.953125,70.970314,71.275780,43.136387,57428288,0.000000,0.000000
2002-11-26,70.953125,71.796875,69.843750,70.339066,42.569485,60546688,0.000000,0.000000
2002-11-27,70.468750,71.671875,69.312500,69.555466,42.095253,87585664,0.000000,0.000000
2002-11-28,70.765625,71.703125,70.352341,71.439064,43.235214,66792192,0.000000,0.000000
2002-11-29,71.312500,71.875000,70.099998,71.222656,43.104233,41319488,0.000000,0.000000
2002-12-02,71.625000,72.968750,71.328125,72.597656,43.936382,46553024,0.000000,0.000000
2002-12-03,72.187500,72.875000,70.955467,71.241409,43.115601,57039872,0.000000,0.000000
2002-12-04,70.703125,70.703125,68.596092,68.955467,41.732132,63060288,0.000000,0.000000
2002-12-05,68.975784,70.276566,68.968750,69.349220,41.970432,47861760,0.000000,0.000000
2002-12-06,69.531250,71.233597,69.314064,70.762497,42.825756,48366144,0.000000,0.000000
2002-12-09,72.656250,74.203125,70.718750,71.520309,43.284378,96934272,0.000000,0.000000
2002-12-10,70.640625,70.906250,68.937500,70.500778,42.667355,58733760,0.000000,0.000000
2002-12-11,71.257034,73.656250,71.140625,73.128128,44.257435,100537024,0.000000,0.000000
2002-12-12,73.680466,75.656250,73.460938,75.441406,45.657444,85993216,0.000000,0.000000
2002-12-13,75.390625,75.484375,72.734375,73.000778,44.180367,76834688,0.000000,0.000000
2002-12-16,73.671875,73.671875,71.296875,71.485153,43.263100,52601728,0.000000,0.000000
2002-12-17,72.484375,72.657814,71.109375,71.443748,43.238049,41560768,0.000000,0.000000
2002-12-18,71.171875,72.324219,70.937500,71.438278,43.234730,48287360,0.000000,0.000000
2002-12-19,71.793747,71.875778,71.039841,71.464066,43.250336,43798720,0.000000,0.000000
2002-12-20,71.882812,72.967972,71.758591,72.116409,43.645138,53898944,0.000000,0.000000
2002-12-23,72.190628,72.646873,71.265625,71.889847,43.508026,34117568,0.000000,0.000000
2002-12-24,71.875000,73.406250,71.484375,73.264061,44.339687,48553984,0.000000,0.000000
2002-12-25,73.264061,73.264061,73.264061,73.264061,44.339687,0,0.000000,0.000000
2002-12-26,73.623436,74.812500,73.437500,74.194534,44.902836,46062272,0.000000,0.000000
2002-12-27,74.305466,75.109375,74.250000,74.497658,45.086269,38477376,0.000000,0.000000
2002-12-30,73.984375,74.276566,73.132812,74.093750,44.841846,33077440,0.000000,0.000000
2002-12-31,74.000000,74.968750,73.875000,74.582809,45.137821,38066752,0.000000,0.000000
2003-01-01,74.687500,75.389061,74.610939,74.985153,45.381313,32066112,0.000000,0.000000
2003-01-02,75.531250,75.600784,73.592972,73.788284,44.656971,42260032,0.000000,0.000000
2003-01-03,74.843750,75.375000,74.218750,75.004684,45.393131,60483072,0.000000,0.000000
2003-01-06,75.515625,75.760941,74.484375,75.035934,45.412052,51750400,0.000000,0.000000
2003-01-07,75.678123,76.120316,74.009377,74.282028,44.955776,57016320,0.000000,0.000000
2003-01-08,74.718750,75.296875,74.385155,74.822655,45.282974,41112960,0.000000,0.000000
2003-01-09,75.000000,75.218750,74.625000,74.974998,45.375168,31291392,0.000000,0.000000
2003-01-10,75.156250,75.156250,68.767967,69.504684,42.064518,123995904,0.000000,0.000000
2003-01-13,69.046875,69.046875,66.664062,67.135941,40.630939,77507200,0.000000,0.000000
2003-01-14,66.953125,69.875000,66.908592,69.496094,42.059311,76166208,0.000000,0.000000
2003-01-15,70.437500,72.334373,70.020309,72.060936,43.611557,93352256,0.000000,0.000000
2003-01-16,71.531250,72.671875,70.938278,72.029686,43.592659,41649024,0.000000,0.000000
2003-01-17,71.531250,72.965622,71.343750,72.190628,43.690056,56276544,0.000000,0.000000
2003-01-20,72.026566,72.026566,70.578125,70.767967,42.829052,25981632,0.000000,0.000000
2003-01-21,70.921875,71.046875,69.726562,69.891403,42.298557,29442688,0.000000,0.000000
2003-01-22,70.312500,71.078125,69.718750,70.279686,42.533543,32516288,0.000000,0.000000
2003-01-23,69.843750,70.125000,68.906250,69.185158,41.871124,31185280,0.000000,0.000000
2003-01-24,70.548439,70.548439,68.221092,68.504684,41.459324,62248576,0.000000,0.000000
2003-01-27,67.729691,67.890625,66.593750,67.114845,40.618176,39281216,0.000000,0.000000
2003-01-28,67.185936,67.964066,66.640625,67.310936,40.736843,45866368,0.000000,0.000000
2003-01-29,67.812500,67.812500,65.312500,65.671097,39.744404,50043776,0.000000,0.000000
2003-01-30,66.015625,67.328125,65.333595,66.551559,40.277275,60421760,0.000000,0.000000
2003-01-31,65.814842,67.656250,65.812500,67.190628,40.664032,31424896,0.000000,0.000000
2003-02-03,65.941406,69.140625,65.941406,68.910156,41.704697,36261888,0.000000,0.000000
2003-02-04,69.366409,69.500000,68.064842,68.867188,41.678692,32406528,0.000000,0.000000
2003-02-05,68.435936,69.140625,67.468750,68.802345,41.639454,33350848,0.000000,0.000000
2003-02-06,68.734375,71.010941,68.457031,70.592186,42.722687,36238144,0.000000,0.000000
2003-02-07,70.312500,70.750000,69.765625,70.117966,42.435684,31858560,0.000000,0.000000
2003-02-10,69.687500,69.995316,67.003128,67.271095,40.712734,43655168,0.000000,0.000000
2003-02-11,67.781250,68.203125,66.049217,66.302345,40.126446,54007296,0.000000,0.000000
2003-02-12,66.406250,66.641403,64.860153,65.221092,39.472061,56339200,0.000000,0.000000
2003-02-13,65.221092,65.221092,65.221092,65.221092,39.472061,0,0.000000,0.000000
2003-02-14,65.312500,66.281250,64.376564,64.858597,39.252686,54123776,0.000000,0.000000
2003-02-17,66.583595,67.070312,65.957031,66.567970,40.287205,51686720,0.000000,0.000000
2003-02-18,67.031250,67.147659,65.812500,66.304688,40.127865,43271296,0.000000,0.000000
2003-02-19,66.796875,67.718750,65.781250,66.214066,40.073017,48530816,0.000000,0.000000
2003-02-20,65.937500,66.631248,65.157814,66.429688,40.203514,38198592,0.000000,0.000000
2003-02-21,66.312500,66.809372,65.720314,66.014061,39.951973,35078080,0.000000,0.000000
2003-02-24,66.425781,66.734375,65.643753,65.858597,39.857895,28459904,0.000000,0.000000
2003-02-25,65.236717,65.278122,64.296875,64.439064,38.998772,35228864,0.000000,0.000000
2003-02-26,64.765625,64.984375,63.625000,63.835155,38.633301,36492416,0.000000,0.000000
2003-02-27,63.803123,65.062500,63.599216,64.146095,38.821472,44340608,0.000000,0.000000
2003-02-28,68.203125,68.203125,64.219528,66.959373,40.524090,66299904,0.000000,0.000000
2003-03-03,67.283592,67.500000,65.710938,65.982033,39.932590,44389248,0.000000,0.000000
2003-03-04,65.460159,65.562500,64.640625,64.889847,39.271606,30929984,0.000000,0.000000
2003-03-05,64.220314,65.528122,63.940624,65.296875,39.517937,40163584,0.000000,0.000000
2003-03-06,65.296875,65.296875,63.829685,64.028122,38.750072,37748800,0.000000,0.000000
2003-03-07,63.359375,63.484375,62.378906,62.845310,38.034233,38211200,0.000000,0.000000
2003-03-10,56.015625,63.635937,56.015625,63.094532,38.185051,46785024,0.000000,0.000000
2003-03-11,62.781250,64.760941,62.578125,64.481247,39.024319,45810944,0.000000,0.000000
2003-03-12,64.243752,64.811722,62.671875,62.892185,38.062607,45766912,0.000000,0.000000
2003-03-13,63.149220,64.187500,62.706249,63.520313,38.442749,43299264,0.000000,0.000000
2003-03-14,63.520313,63.520313,63.520313,63.520313,38.442749,0,0.000000,0.000000
2003-03-17,63.468750,63.656250,61.817188,63.051563,38.159054,45345088,0.000000,0.000000
2003-03-18,63.051563,63.051563,63.051563,63.051563,38.159054,0,0.000000,0.000000
2003-03-19,63.296875,65.734375,63.250000,65.440628,39.604927,61463040,0.000000,0.000000
2003-03-20,65.078125,68.750000,65.078125,68.139061,41.238026,71270784,0.000000,0.000000
2003-03-21,68.234375,69.531250,67.614845,68.943748,41.725029,55244672,0.000000,0.000000
2003-03-24,69.349998,69.640625,68.062500,68.397659,41.394543,55051712,0.000000,0.000000
2003-03-25,67.578125,67.578125,66.176559,66.621094,40.319355,53456768,0.000000,0.000000
2003-03-26,67.343750,67.620316,66.281250,66.559372,40.282005,36913088,0.000000,0.000000
2003-03-27,66.328125,67.310936,65.892967,67.027344,40.565216,41770816,0.000000,0.000000
2003-03-28,66.562500,67.187500,66.109375,66.736717,40.389320,34597248,0.000000,0.000000
2003-03-31,65.642967,65.937500,62.671875,63.325783,38.325016,46685696,0.000000,0.000000
2003-04-01,62.734375,64.953125,62.734375,63.414845,38.378925,51766784,0.000000,0.000000
2003-04-02,63.753906,65.203125,63.286716,64.573441,39.080105,43910656,0.000000,0.000000
2003-04-03,65.624222,67.500000,65.160934,67.107033,40.613445,75072832,0.000000,0.000000
2003-04-04,66.921875,67.406250,65.878128,67.112503,40.616764,53412800,0.000000,0.000000
2003-04-07,67.203125,68.750000,66.930466,68.482811,41.446072,46957184,0.000000,0.000000
2003-04-08,67.832809,67.832809,65.832031,66.132812,40.023846,46038592,0.000000,0.000000
2003-04-09,65.590622,65.590622,64.414841,64.874222,39.262146,46810240,0.000000,0.000000
2003-04-10,64.062500,64.062500,47.171875,47.652344,28.839397,211021376,0.000000,0.000000
2003-04-11,45.125000,45.125000,35.937500,41.458591,25.090912,276615040,0.000000,0.000000
2003-04-14,41.458591,41.458591,41.458591,41.458591,25.090912,0,0.000000,0.000000
2003-04-15,42.968750,45.526562,42.968750,44.682812,27.042229,151209472,0.000000,0.000000
2003-04-16,44.276562,47.562500,44.276562,47.257812,28.600615,115537088,0.000000,0.000000
2003-04-17,44.921875,46.531250,44.062500,46.303123,28.022833,98323200,0.000000,0.000000
2003-04-18,46.303123,46.303123,46.303123,46.303123,28.022833,0,0.000000,0.000000
2003-04-21,47.265625,47.500000,45.628124,45.821877,27.731594,56817536,0.000000,0.000000
2003-04-22,46.057812,46.156250,44.734375,45.620312,27.609596,60418304,0.000000,0.000000
2003-04-23,46.281250,46.500000,44.770313,45.046875,27.262558,48633472,0.000000,0.000000
2003-04-24,44.795311,46.843750,44.531250,45.278908,27.402979,75865728,0.000000,0.000000
2003-04-25,44.843750,45.890625,44.399220,45.467186,27.516926,35400448,0.000000,0.000000
2003-04-28,45.472656,45.734375,44.843750,45.200783,27.355698,38235776,0.000000,0.000000
2003-04-29,45.937500,46.093750,44.317188,44.802341,27.114561,43982080,0.000000,0.000000
2003-04-30,44.531250,44.671875,43.015625,43.540627,26.350960,51476352,0.000000,0.000000
2003-05-01,43.540627,43.540627,43.540627,43.540627,26.350960,0,0.000000,0.000000
2003-05-02,44.042187,45.781250,43.906250,45.534374,27.557587,63601792,0.000000,0.000000
2003-05-05,44.062500,46.703125,44.062500,46.037498,27.862083,50768960,0.000000,0.000000
2003-05-06,46.078125,47.968750,45.210938,46.590626,28.196827,88804352,0.000000,0.000000
2003-05-07,46.562500,47.468750,46.359375,47.242188,28.591150,55778368,0.000000,0.000000
2003-05-08,46.715626,47.870312,46.208591,46.496876,28.140095,52410880,0.000000,0.000000
2003-05-09,46.093750,46.404686,45.414845,45.721874,27.671059,41512768,0.000000,0.000000
2003-05-12,46.218750,46.328907,43.049999,43.473438,26.310299,72951360,0.000000,0.000000
2003-05-13,43.906250,45.232811,43.906250,44.915627,27.183111,42925440,0.000000,0.000000
2003-05-14,44.843750,45.296875,44.265625,44.771873,27.096109,38633408,0.000000,0.000000
2003-05-15,45.000000,45.214062,44.296875,45.056252,27.268227,36534016,0.000000,0.000000
2003-05-16,45.928123,46.950001,45.427341,46.782032,28.312666,60834304,0.000000,0.000000
2003-05-19,47.281250,47.609375,43.360935,43.605469,26.390213,97496320,0.000000,0.000000
2003-05-20,43.562500,44.937500,42.599216,44.589062,26.985472,83440448,0.000000,0.000000
2003-05-21,44.984375,45.671875,43.285938,43.567188,26.367027,82427008,0.000000,0.000000
2003-05-22,43.437500,43.437500,41.717968,42.042187,25.444088,67289216,0.000000,0.000000
2003-05-23,42.378906,42.718750,40.625000,40.812500,24.699896,84907968,0.000000,0.000000
2003-05-26,40.912498,41.526562,40.171875,41.138283,24.897051,51406784,0.000000,0.000000
2003-05-27,41.015625,42.078125,40.406250,40.820312,24.704618,58359424,0.000000,0.000000
2003-05-28,41.435936,43.125000,41.193748,42.909374,26.113865,67304960,0.226563,0.000000
2003-05-29,42.909374,43.979687,42.442188,43.275002,26.336374,68530560,0.000000,0.000000
2003-05-30,43.421875,43.578125,41.578907,41.784374,25.429211,48566848,0.000000,0.000000
2003-06-02,42.968750,44.140625,42.346092,43.919533,26.728632,44774080,0.000000,0.000000
2003-06-03,44.500000,44.500000,42.187500,42.589062,25.918936,48931648,0.000000,0.000000
2003-06-04,43.046875,43.593750,42.890625,43.186718,26.282654,34656832,0.000000,0.000000
2003-06-05,44.173435,45.296875,44.173435,44.684376,27.194103,51236992,0.000000,0.000000
2003-06-06,45.031250,46.639843,44.999218,46.077343,28.041830,58527936,0.000000,0.000000
2003-06-09,45.343750,46.859375,45.000000,46.383595,28.228203,40497024,0.000000,0.000000
2003-06-10,46.093750,46.295311,44.703125,44.923435,27.339592,51281472,0.000000,0.000000
2003-06-11,45.473438,46.468750,45.226562,45.919533,27.945795,67313600,0.000000,0.000000
2003-06-12,46.285156,46.640625,46.053123,46.404686,28.241043,38948288,0.000000,0.000000
2003-06-13,46.546875,46.687500,45.782032,46.424217,28.252934,50022016,0.000000,0.000000
2003-06-16,45.932812,46.078125,45.207813,45.578907,27.738503,34414400,0.000000,0.000000
2003-06-17,46.644531,48.437500,46.644531,48.321877,29.407824,71782848,0.000000,0.000000
2003-06-18,48.343750,48.435158,47.462502,47.870312,29.133005,47006144,0.000000,0.000000
2003-06-19,47.265625,47.812500,47.203125,47.549999,28.938066,23553536,0.000000,0.000000
2003-06-20,45.781250,48.437500,45.781250,47.723438,29.043612,54427072,0.000000,0.000000
2003-06-23,48.052341,49.051563,47.734375,48.353905,29.427309,60149312,0.000000,0.000000
2003-06-24,47.281250,49.414062,47.281250,49.131248,29.900387,73830848,0.000000,0.000000
2003-06-25,49.235935,49.589062,48.765625,49.075001,29.866154,43754368,0.000000,0.000000
2003-06-26,49.070312,50.983593,49.070312,50.609375,30.799948,66023040,0.000000,0.000000
2003-06-27,51.488281,52.328125,51.110935,52.036716,31.668592,45468864,0.000000,0.000000
2003-06-30,52.104687,52.189060,50.906250,51.156250,31.132761,46577472,0.000000,0.000000
2003-07-01,51.191406,52.265625,51.144531,51.610935,31.409468,52464576,0.000000,0.000000
2003-07-02,52.328125,52.343750,49.218750,49.524220,30.139536,54311424,0.000000,0.000000
2003-07-03,51.562500,51.562500,44.781250,48.728127,29.655052,114863424,0.000000,0.000000
2003-07-04,48.510937,48.807812,47.362499,48.375782,29.440620,44229056,0.000000,0.000000
2003-07-07,48.289062,48.734375,47.265625,48.362499,29.432539,47715840,0.000000,0.000000
2003-07-08,49.046875,50.901562,48.134377,50.629688,30.812302,84823040,0.000000,0.000000
2003-07-09,50.546875,51.546875,50.187500,50.802341,30.917383,51177536,0.000000,0.000000
2003-07-10,54.687500,57.718750,54.687500,56.668751,34.487579,130798400,0.000000,0.000000
2003-07-11,55.921875,56.046875,54.570312,54.921093,33.423973,71093952,0.000000,0.000000
2003-07-14,55.859375,56.010937,54.064842,54.488281,33.160576,41390464,0.000000,0.000000
2003-07-15,53.906250,54.296875,52.525002,53.235157,32.397945,43521536,0.000000,0.000000
2003-07-16,54.099216,54.339062,53.314842,53.839844,32.765949,36879232,0.000000,0.000000
2003-07-17,55.703125,55.703125,53.750000,54.115623,32.933784,46267968,0.000000,0.000000
2003-07-18,52.578125,53.656250,52.343750,52.958591,32.229630,41344768,0.000000,0.000000
2003-07-21,53.125000,53.437500,51.035156,51.422657,31.294897,53580032,0.000000,0.000000
2003-07-22,51.046875,52.640625,50.173435,52.163280,31.745607,60285696,0.000000,0.000000
2003-07-23,52.890625,53.906250,52.595310,53.616405,32.629974,44868352,0.000000,0.000000
2003-07-24,54.062500,54.528126,52.947655,54.074219,32.908585,51708032,0.000000,0.000000
2003-07-25,52.770313,55.229687,52.770313,54.948437,33.440628,37355200,0.000000,0.000000
2003-07-28,55.312500,56.156250,54.718750,55.102345,33.534290,32978816,0.000000,0.000000
2003-07-29,54.671875,56.370312,54.220310,56.025002,34.095791,48537280,0.000000,0.000000
2003-07-30,55.882030,56.328125,55.346874,55.730469,33.916542,37567744,0.000000,0.000000
2003-07-31,56.093750,56.918751,55.643749,56.284374,34.253654,59536064,0.000000,0.000000
2003-08-01,57.031250,60.078125,56.729687,59.010155,35.912518,59051328,0.000000,0.000000
2003-08-04,58.210938,59.479687,58.203125,58.475780,35.587296,39481472,0.000000,0.000000
2003-08-05,58.630466,59.339062,57.728127,58.238281,35.442764,42462272,0.000000,0.000000
2003-08-06,57.196877,57.196877,54.457813,54.771091,33.332703,70185792,0.000000,0.000000
2003-08-07,54.515625,55.385937,54.375000,54.817966,33.361210,43469888,0.000000,0.000000
2003-08-08,55.312500,56.875000,54.937500,55.588280,33.830021,33572352,0.000000,0.000000
2003-08-11,55.156250,55.157032,54.200783,54.403126,33.108753,37693440,0.000000,0.000000
2003-08-12,55.276562,55.276562,53.065624,53.259377,32.412697,46977920,0.000000,0.000000
2003-08-13,53.770313,54.765625,53.046875,54.105469,32.927601,48048832,0.000000,0.000000
2003-08-14,54.167187,54.169533,53.203125,53.385155,32.489231,25253504,0.000000,0.000000
2003-08-15,53.385155,53.385155,53.385155,53.385155,32.489231,0,0.000000,0.000000
2003-08-18,53.718750,55.209373,53.357811,54.528908,33.185303,37098304,0.000000,0.000000
2003-08-19,55.015625,55.843750,54.298435,54.564842,33.207169,26576512,0.000000,0.000000
2003-08-20,55.214062,57.792187,55.096874,57.453907,34.965408,55284032,0.000000,0.000000
2003-08-21,57.692188,58.510937,57.651562,58.038280,35.321049,24144832,0.000000,0.000000
2003-08-22,58.380466,58.656250,56.484375,56.902344,34.629745,31926912,0.000000,0.000000
2003-08-25,57.620312,58.593750,47.156250,55.638283,33.860447,70433920,0.000000,0.000000
2003-08-26,55.703125,58.734375,55.703125,58.082031,35.347672,39059328,0.000000,0.000000
2003-08-27,58.828125,60.528126,58.250000,60.247658,36.665630,42242112,0.000000,0.000000
2003-08-28,60.957031,61.546875,60.033592,60.918751,37.074047,53888192,0.000000,0.000000
2003-08-29,61.646091,62.187500,59.692966,61.341408,37.331257,42512384,0.000000,0.000000
2003-09-01,62.500000,62.500000,60.015625,60.455467,36.792099,24554304,0.000000,0.000000
2003-09-02,60.937500,61.531250,60.015625,60.810158,37.007961,37691968,0.000000,0.000000
2003-09-03,61.625000,61.995312,59.375000,59.587502,36.263885,41538368,0.000000,0.000000
2003-09-04,60.156250,66.406250,60.156250,65.775780,40.029934,124075904,0.000000,0.000000
2003-09-05,66.375000,66.484375,64.562500,65.589844,39.916786,65351936,0.000000,0.000000
2003-09-08,66.562500,68.203125,66.015625,66.442184,40.435505,47580736,0.000000,0.000000
2003-09-09,67.885941,70.703125,67.270309,69.971878,42.583611,90476544,0.000000,0.000000
2003-09-10,68.828125,68.828125,66.471092,67.239059,40.920467,53212544,0.000000,0.000000
2003-09-11,65.625000,67.453125,65.470314,66.008591,40.171623,45146752,0.000000,0.000000
2003-09-12,68.359375,68.359375,64.689064,65.028908,39.575409,53664192,0.000000,0.000000
2003-09-15,64.765625,65.812500,62.656250,63.111717,38.408642,48679872,0.000000,0.000000
2003-09-16,62.988281,66.281250,62.718750,65.765625,40.023773,52140800,0.000000,0.000000
2003-09-17,67.114059,68.695312,67.114059,67.627342,41.156773,70697728,0.000000,0.000000
2003-09-18,66.640625,67.964066,65.812500,66.267967,40.329479,50755584,0.000000,0.000000
2003-09-19,67.500000,68.125000,66.093750,67.497658,41.077850,41664000,0.000000,0.000000
2003-09-22,68.312500,68.671875,67.096092,68.326561,41.582314,52579648,0.000000,0.000000
2003-09-23,67.640625,67.889847,66.187500,67.432816,41.038376,49601280,0.000000,0.000000
2003-09-24,67.578125,70.968750,67.500000,70.453903,42.876949,68738432,0.000000,0.000000
2003-09-25,67.421875,70.937500,67.421875,70.429688,42.862228,60743104,0.000000,0.000000
2003-09-26,70.156250,71.479691,69.390625,71.117966,43.281094,50340608,0.000000,0.000000
2003-09-29,71.406250,71.515625,69.570312,69.913284,42.547958,50245056,0.000000,0.000000
2003-09-30,71.057816,71.370316,70.189064,70.750778,43.057636,43588480,0.000000,0.000000
2003-10-01,70.296875,72.171875,70.033592,71.467186,43.493629,46230336,0.000000,0.000000
2003-10-02,71.467186,71.467186,71.467186,71.467186,43.493629,0,0.000000,0.000000
2003-10-03,72.375000,72.625000,71.014847,71.247658,43.360027,38165440,0.000000,0.000000
2003-10-06,71.579689,72.104691,57.968750,71.394531,43.449421,33592384,0.000000,0.000000
2003-10-07,71.687500,71.921875,69.426559,69.903122,42.541767,29565120,0.000000,0.000000
2003-10-08,70.312500,70.593750,67.742966,68.583595,41.738731,51334656,0.000000,0.000000
2003-10-09,69.140625,70.468750,68.221092,69.485939,42.287865,51190784,0.000000,0.000000
2003-10-10,73.437500,74.062500,69.921875,72.336716,44.022820,82874432,0.000000,0.000000
2003-10-13,73.453125,74.682816,72.656250,74.184372,45.147266,53112512,0.000000,0.000000
2003-10-14,74.539841,75.390625,73.455467,73.783592,44.903358,38866560,0.000000,0.000000
2003-10-15,73.783592,74.296875,72.849220,73.991409,45.029823,33385344,0.000000,0.000000
2003-10-16,74.437500,74.437500,71.656250,72.353905,44.168510,31405952,0.226563,0.000000
2003-10-17,72.812500,74.218750,71.875000,73.986717,45.165279,43538688,0.000000,0.000000
2003-10-20,73.984375,74.609375,71.578125,72.232033,44.094128,29526016,0.000000,0.000000
2003-10-21,75.000000,75.000000,70.640625,71.123436,43.417370,31924608,0.000000,0.000000
2003-10-22,71.855469,71.855469,70.078125,70.511719,43.043949,37824192,0.000000,0.000000
2003-10-23,70.312500,71.250000,68.453125,69.032814,42.141148,31692032,0.000000,0.000000
2003-10-24,81.250000,81.250000,69.032814,71.163284,43.441708,33502976,0.000000,0.000000
2003-10-27,71.359375,71.385941,69.375000,69.478127,42.412991,22341824,0.000000,0.000000
2003-10-28,70.150780,70.859375,69.375000,69.798439,42.608528,35969600,0.000000,0.000000
2003-10-29,70.328125,71.557816,70.328125,71.410934,43.592869,26779456,0.000000,0.000000
2003-10-30,72.031250,73.031250,71.015625,72.134377,44.034504,32636544,0.000000,0.000000
2003-10-31,71.875000,74.292969,70.781250,74.042191,45.199127,36349120,0.000000,0.000000
2003-11-03,74.296875,78.312500,74.296875,77.800781,47.493584,47987264,0.000000,0.000000
2003-11-04,78.613281,79.990623,77.984375,78.538284,47.943783,39572480,0.000000,0.000000
2003-11-05,78.750000,78.750000,77.113281,78.024216,47.629944,30089216,0.000000,0.000000
2003-11-06,77.814842,80.432816,77.814842,79.303123,48.410679,42925056,0.000000,0.000000
2003-11-07,79.218750,80.156250,77.156250,77.846878,47.521717,26511744,0.000000,0.000000
2003-11-10,77.343750,78.125000,75.580467,77.130470,47.084370,16134784,0.000000,0.000000
2003-11-11,76.406250,77.807816,75.989059,76.926559,46.959885,26501632,0.000000,0.000000
2003-11-12,77.031250,77.343750,75.471092,76.067184,46.435284,32659520,0.000000,0.000000
2003-11-13,76.721878,77.167191,73.453903,74.174217,45.279720,36438080,0.000000,0.000000
2003-11-14,74.140625,74.484375,71.583595,72.279686,44.123203,30748096,0.000000,0.000000
2003-11-17,72.234375,73.046875,71.718750,72.249222,44.104603,28108864,0.000000,0.000000
2003-11-18,72.340622,73.984375,71.578125,72.077347,43.999695,38117888,0.000000,0.000000
2003-11-19,71.593750,73.578125,71.328125,72.840622,44.465633,45068736,0.000000,0.000000
2003-11-20,73.456253,74.015625,71.722656,72.216408,44.084583,24759616,0.000000,0.000000
2003-11-21,71.875000,73.265625,71.798439,72.991409,44.557686,25343552,0.000000,0.000000
2003-11-24,72.620316,73.046875,69.375000,72.282028,44.124641,21499136,0.000000,0.000000
2003-11-25,73.281250,74.164062,73.250000,73.955467,45.146202,23171392,0.000000,0.000000
2003-11-26,73.955467,73.955467,73.955467,73.955467,45.146202,0,0.000000,0.000000
2003-11-27,74.687500,77.500000,74.687500,77.005470,47.008060,44810880,0.000000,0.000000
2003-11-28,76.250000,77.500000,76.177345,76.967972,46.985188,19407168,0.000000,0.000000
2003-12-01,77.500000,81.171875,77.500000,80.676559,49.249100,35861120,0.000000,0.000000
2003-12-02,81.265625,81.875000,79.321877,80.282814,49.008720,25256512,0.000000,0.000000
2003-12-03,80.234375,80.453125,79.140625,79.599220,48.591431,27386560,0.000000,0.000000
2003-12-04,73.437500,79.671875,73.437500,79.089844,48.280464,27833408,0.000000,0.000000
2003-12-05,78.488281,79.247658,76.437500,76.727341,46.838287,23658048,0.000000,0.000000
2003-12-08,76.562500,77.109375,76.046875,76.649216,46.790600,19881472,0.000000,0.000000
2003-12-09,77.049217,78.265625,77.049217,77.803909,47.495476,19140608,0.000000,0.000000
2003-12-10,77.343750,78.750000,77.052345,77.604691,47.373863,26606144,0.000000,0.000000
2003-12-11,78.734375,78.734375,77.218750,77.778122,47.479740,20852800,0.000000,0.000000
2003-12-12,78.125000,78.901566,77.734375,78.626564,47.997681,22952896,0.000000,0.000000
2003-12-15,78.906250,80.593750,78.906250,80.300003,49.019215,18615168,0.000000,0.000000
2003-12-16,78.131248,81.945312,78.131248,81.700783,49.874329,40511296,0.000000,0.000000
2003-12-17,80.312500,81.218750,79.687500,80.029686,48.854198,28048256,0.000000,0.000000
2003-12-18,82.781250,82.781250,79.784378,80.138283,48.920494,26063424,0.000000,0.000000
2003-12-19,81.085159,83.182816,80.753128,82.199997,50.179073,37655744,0.000000,0.000000
2003-12-22,82.265625,83.515625,81.250000,83.176559,50.775215,22904256,0.000000,0.000000
2003-12-23,83.149216,85.546875,83.125000,85.185158,52.001369,38820544,0.000000,0.000000
2003-12-24,85.156250,85.156250,83.533592,84.747658,51.734287,21936704,0.000000,0.000000
2003-12-25,84.747658,84.747658,84.747658,84.747658,51.734287,0,0.000000,0.000000
2003-12-26,84.917191,85.312500,83.985153,84.301559,51.461971,17095616,0.000000,0.000000
2003-12-29,84.765625,86.312500,84.421875,85.914062,52.446316,19784704,0.000000,0.000000
2003-12-30,87.464066,93.515625,85.781250,86.500778,52.804485,24877824,0.000000,0.000000
2003-12-31,86.328125,87.734375,86.328125,86.948441,53.077766,16057728,0.000000,0.000000
2004-01-01,87.468750,88.356247,87.234375,88.067970,53.761169,11811200,0.000000,0.000000
2004-01-02,88.281250,89.218750,87.750000,88.543747,54.051609,17143168,0.000000,0.000000
2004-01-05,89.843750,92.890625,88.750000,91.979691,56.149097,24806720,0.000000,0.000000
2004-01-06,92.968750,93.906250,88.005470,88.828125,54.225212,24549504,0.000000,0.000000
2004-01-07,89.812500,90.578125,87.394531,88.956253,54.303425,38803008,0.000000,0.000000
2004-01-08,89.394531,92.096878,89.394531,91.376564,55.780907,37550336,0.000000,0.000000
2004-01-09,93.750000,95.312500,90.171875,90.946877,55.518627,48744256,0.000000,0.000000
2004-01-12,92.171875,92.171875,88.781250,89.377342,54.560497,22238464,0.000000,0.000000
2004-01-13,90.156250,90.765625,88.829689,90.525002,55.261051,22870912,0.000000,0.000000
2004-01-14,90.531250,90.714844,88.750000,89.148438,54.420753,22004800,0.000000,0.000000
2004-01-15,89.082031,89.984375,86.328125,86.897659,53.046764,34165760,0.000000,0.000000
2004-01-16,86.718750,86.873436,85.505470,86.310936,52.688622,26454976,0.000000,0.000000
2004-01-19,86.484375,86.484375,84.156250,85.978127,52.485432,30427712,0.000000,0.000000
2004-01-20,86.328125,87.812500,84.000000,84.539841,51.607441,23610944,0.000000,0.000000
2004-01-21,84.765625,86.718750,83.359375,84.312500,51.468658,29010368,0.000000,0.000000
2004-01-22,84.375000,86.640625,78.958595,80.846878,49.353050,51104832,0.000000,0.000000
2004-01-23,81.646095,86.046875,81.250000,85.332031,52.091019,36731904,0.000000,0.000000
2004-01-26,85.332031,85.332031,85.332031,85.332031,52.091019,0,0.000000,0.000000
2004-01-27,84.375000,87.812500,78.421875,86.897659,53.046764,28154944,0.000000,0.000000
2004-01-28,86.015625,86.787498,83.437500,84.647659,51.673267,24251072,0.000000,0.000000
2004-01-29,83.593750,84.310158,81.258591,82.079689,50.105625,37042880,0.000000,0.000000
2004-01-30,84.199997,84.199997,80.867188,81.449997,49.721222,25131136,0.000000,0.000000
2004-02-02,81.449997,81.449997,81.449997,81.449997,49.721222,0,0.000000,0.000000
2004-02-03,81.875000,82.187500,80.053909,81.214066,49.577209,37488448,0.000000,0.000000
2004-02-04,81.271095,84.201561,81.271095,83.748436,51.124321,25612352,0.000000,0.000000
2004-02-05,84.062500,86.625000,82.812500,84.991409,51.883060,47011712,0.000000,0.000000
2004-02-06,84.551559,87.265625,84.394531,86.852341,53.019089,37574016,0.000000,0.000000
2004-02-09,87.484375,89.218750,87.196091,88.288284,53.895687,32914240,0.000000,0.000000
2004-02-10,88.281250,88.984375,85.782814,86.061722,52.536480,30173888,0.000000,0.000000
2004-02-11,86.718750,87.078125,85.078125,85.490623,52.187843,24955968,0.000000,0.000000
2004-02-12,85.937500,86.156250,83.046875,83.642967,51.059925,59246720,0.000000,0.000000
2004-02-13,83.875000,84.828125,83.203125,84.003128,51.279793,40205760,0.000000,0.000000
2004-02-16,84.399216,84.953125,83.471092,83.687500,51.087132,27349376,0.000000,0.000000
2004-02-17,83.750000,84.687500,83.468750,84.343750,51.487724,23235904,0.000000,0.000000
2004-02-18,85.000000,85.312500,83.140625,83.615623,51.043255,26329984,0.000000,0.000000
2004-02-19,83.593750,83.593750,79.406250,79.785934,48.705433,36728384,0.000000,0.000000
2004-02-20,79.671875,81.792191,78.359375,79.142967,48.312908,52873792,0.000000,0.000000
2004-02-23,79.312500,80.687500,79.062500,79.420311,48.482212,31885440,0.000000,0.000000
2004-02-24,79.060936,79.906250,76.968750,78.810158,48.109753,41712448,0.000000,0.000000
2004-02-25,88.593750,88.593750,77.046875,77.614845,47.380066,28607872,0.000000,0.000000
2004-02-26,78.125000,78.906250,75.564064,76.329689,46.595524,41546176,0.000000,0.000000
2004-02-27,76.406250,79.593750,75.939842,79.100784,48.287155,37689664,0.000000,0.000000
2004-03-01,79.656250,83.281250,79.656250,83.114845,50.737560,40953024,0.000000,0.000000
2004-03-02,83.114845,83.114845,83.114845,83.114845,50.737560,0,0.000000,0.000000
2004-03-03,82.812500,83.015625,80.468750,81.015625,49.456070,29994368,0.000000,0.000000
2004-03-04,81.484375,83.981247,80.676559,82.578125,50.409924,45102144,0.000000,0.000000
2004-03-05,82.796875,83.255470,81.644531,82.010941,50.063660,22380416,0.000000,0.000000
2004-03-08,82.015625,82.015625,79.687500,79.852341,48.745937,24954240,0.000000,0.000000
2004-03-09,91.015625,91.015625,76.093750,77.889061,47.547451,50456320,0.000000,0.000000
2004-03-10,77.312500,77.421875,75.783592,76.597656,46.759117,38215872,0.000000,0.000000
2004-03-11,76.387497,76.859375,75.078125,75.868752,46.314159,28511424,0.000000,0.000000
2004-03-12,76.328125,80.062500,74.609375,78.703125,48.044407,51212992,0.000000,0.000000
2004-03-15,80.508591,81.000000,76.562500,77.194534,47.123501,30844672,0.000000,0.000000
2004-03-16,76.567970,77.812500,75.555466,77.224998,47.142090,30103616,0.000000,0.000000
2004-03-17,77.734375,79.995316,77.734375,78.794533,48.100197,34600128,0.000000,0.000000
2004-03-18,79.670311,79.687500,76.875000,77.143753,47.092480,24171648,0.000000,0.000000
2004-03-19,77.062500,81.671875,77.031250,81.081253,49.496120,44321792,0.000000,0.000000
2004-03-22,81.250000,81.250000,78.614845,79.306252,48.412582,18716864,0.000000,0.000000
2004-03-23,78.906250,81.778122,78.379684,80.775002,49.309196,24403456,0.000000,0.000000
2004-03-24,80.239845,80.937500,78.021095,78.867188,48.144562,28319680,0.000000,0.000000
2004-03-25,78.906250,87.500000,78.750000,80.734375,49.284374,29444160,0.000000,0.000000
2004-03-26,81.802345,83.593750,81.718750,82.960938,50.643574,27476544,0.000000,0.000000
2004-03-29,82.810936,83.187500,80.578125,81.453125,49.723137,19412864,0.000000,0.000000
2004-03-30,82.187500,82.765625,78.453125,78.724220,48.057281,29782976,0.000000,0.000000
2004-03-31,74.000778,78.890625,74.000778,77.159378,47.102020,42513600,0.000000,0.000000
2004-04-01,77.360153,80.375000,77.360153,79.859375,48.750240,26651008,0.000000,0.000000
2004-04-02,80.078125,80.453125,77.500000,78.125000,47.691494,36836224,0.000000,0.000000
2004-04-05,78.875000,81.851562,78.750000,80.849998,49.354958,32154304,0.000000,0.000000
2004-04-06,92.890625,92.890625,81.937500,83.014061,50.676014,64156288,0.000000,0.000000
2004-04-07,84.375000,84.375000,82.343750,83.207809,50.794304,26629568,0.000000,0.000000
2004-04-08,84.218750,84.359375,82.500000,83.001564,50.668388,24899584,0.000000,0.000000
2004-04-09,83.001564,83.001564,83.001564,83.001564,50.668388,0,0.000000,0.000000
2004-04-12,83.437500,83.718750,79.567970,80.363281,49.057835,36248128,0.000000,0.000000
2004-04-13,92.014847,92.014847,83.609375,85.839844,52.401024,78408320,0.000000,0.000000
2004-04-14,85.839844,85.839844,85.839844,85.839844,52.401024,0,0.000000,0.000000
2004-04-15,87.151566,87.151566,82.814842,83.381248,50.900169,71227328,0.000000,0.000000
2004-04-16,84.296875,85.421875,83.836716,84.216408,51.410000,36977024,0.000000,0.000000
2004-04-19,84.375000,84.375000,83.079689,83.764847,51.134338,22941888,0.000000,0.000000
2004-04-20,84.140625,84.839066,83.769531,84.082031,51.327946,19525184,0.000000,0.000000
2004-04-21,84.046875,85.078125,83.593750,84.773438,51.750034,21904064,0.000000,0.000000
2004-04-22,84.843750,85.125000,83.939064,84.153122,51.371357,14137600,0.000000,0.000000
2004-04-23,84.687500,85.224998,82.658592,82.924217,50.621174,34524800,0.000000,0.000000
2004-04-26,82.924217,82.924217,82.924217,82.924217,50.621174,0,0.000000,0.000000
2004-04-27,82.778122,82.778122,79.765625,80.244530,48.985352,28616000,0.000000,0.000000
2004-04-28,80.390625,80.765625,79.305466,79.722656,48.666771,28258624,0.000000,0.000000
2004-04-29,79.671875,80.682816,78.296875,78.730469,48.061096,43605184,0.000000,0.000000
2004-04-30,79.375000,81.137497,78.954689,80.408592,49.085510,30273216,0.000000,0.000000
2004-05-03,79.235939,81.545311,79.235939,81.009377,49.452248,22498048,0.000000,0.000000
2004-05-04,81.640625,82.406250,81.156250,81.561722,49.789429,17846592,0.000000,0.000000
2004-05-05,82.015625,82.468750,81.411720,82.201561,50.180031,20423104,0.000000,0.000000
2004-05-06,82.812500,85.745316,82.502342,82.769531,50.526737,14392768,0.000000,0.000000
2004-05-07,82.421875,82.812500,81.328125,81.552345,49.783718,11201984,0.000000,0.000000
2004-05-10,80.468750,80.937500,79.843750,80.085159,48.888073,14165504,0.000000,0.000000
2004-05-11,79.671875,80.000000,78.359375,78.845314,48.131207,26232064,0.000000,0.000000
2004-05-12,78.906250,80.312500,78.602341,79.427345,48.486496,24579968,0.000000,0.000000
2004-05-13,79.667191,82.343750,76.578125,81.152344,49.539524,33562048,0.000000,0.000000
2004-05-14,81.640625,81.967186,79.187500,79.527344,48.547569,31301120,0.000000,0.000000
2004-05-17,78.901566,78.901566,64.454689,70.606247,43.101665,31777600,0.000000,0.000000
2004-05-18,74.171875,77.689064,72.676559,76.264847,46.555950,45230720,0.000000,0.000000
2004-05-19,78.281250,78.890625,75.625000,77.697655,47.430626,21176960,0.000000,0.000000
2004-05-20,79.125000,79.125000,76.828903,76.999222,47.004265,18078592,0.000000,0.000000
2004-05-21,76.875000,77.656250,75.875000,76.720314,46.834007,20265792,0.000000,0.000000
2004-05-24,78.125000,83.357033,77.849220,83.105469,50.731804,38852608,0.000000,0.000000
2004-05-25,82.417191,84.359375,80.750000,83.684372,51.085217,39751744,0.000000,0.000000
2004-05-26,84.078125,84.078125,81.921875,82.562500,51.506306,23094400,1.796875,0.000000
2004-05-27,82.031250,84.171875,81.880470,82.777344,51.640343,22419584,0.000000,0.000000
2004-05-28,82.421875,83.718750,78.315628,79.027344,49.300919,35431808,0.000000,0.000000
2004-05-31,79.531250,82.031250,76.562500,81.264061,50.696274,34813312,0.000000,0.000000
2004-06-01,81.274216,83.328125,81.274216,82.617966,51.540916,28710336,0.000000,0.000000
2004-06-02,82.729691,83.981247,81.992966,83.398438,52.027817,17547008,0.000000,0.000000
2004-06-03,83.750000,84.140625,81.500000,81.897659,51.091568,30415040,0.000000,0.000000
2004-06-04,81.250000,81.906250,80.500000,81.521095,50.856625,19523392,0.000000,0.000000
2004-06-07,82.187500,83.000000,80.501564,81.365623,50.759640,21086016,0.000000,0.000000
2004-06-08,81.640625,82.021873,80.017189,80.905472,50.472572,31877952,0.000000,0.000000
2004-06-09,81.271095,81.934372,80.960938,81.593750,50.901958,16769088,0.000000,0.000000
2004-06-10,81.948441,82.608597,81.015625,82.392967,51.400555,16670208,0.000000,0.000000
2004-06-11,82.500000,82.500000,79.407028,79.853127,49.816086,29788544,0.000000,0.000000
2004-06-14,79.685936,80.057030,77.847656,78.031250,48.679508,22198208,0.000000,0.000000
2004-06-15,78.359375,79.921875,78.359375,79.408592,49.538746,22293952,0.000000,0.000000
2004-06-16,80.468750,80.859375,79.708595,80.406250,50.161140,21901504,0.000000,0.000000
2004-06-17,80.468750,81.562500,80.187500,81.242966,50.683121,19065792,0.000000,0.000000
2004-06-18,81.250000,82.775002,80.707031,82.257812,51.316246,28632320,0.000000,0.000000
2004-06-21,82.421875,83.984375,82.268753,83.614845,52.162800,26522560,0.000000,0.000000
2004-06-22,83.052345,84.256248,82.656250,83.991409,52.397739,23141632,0.000000,0.000000
2004-06-23,84.296875,84.359375,82.734375,83.178123,51.890350,26169152,0.000000,0.000000
2004-06-24,83.432816,84.984375,82.892189,84.517967,52.726231,32614720,0.000000,0.000000
2004-06-25,84.531250,85.937500,83.859375,85.685936,53.454857,28886528,0.000000,0.000000
2004-06-28,86.406250,87.781250,86.128906,87.467186,54.566082,31393024,0.000000,0.000000
2004-06-29,87.578125,88.436722,86.890625,87.292191,54.456898,44017472,0.000000,0.000000
2004-06-30,87.031250,87.812500,85.954689,86.314064,53.846710,39124224,0.000000,0.000000
2004-07-01,87.187500,88.481247,84.949997,88.050003,54.929661,28275440,0.000000,4.000000
2004-07-02,85.328125,89.437500,85.328125,88.959373,55.496979,24930048,0.000000,0.000000
2004-07-05,89.143753,90.312500,88.781250,89.340622,55.734821,15505536,0.000000,0.000000
2004-07-06,89.187500,89.750000,87.884377,89.156250,55.619797,19217968,0.000000,0.000000
2004-07-07,87.759377,88.937500,86.568748,87.028122,54.292160,28427936,0.000000,0.000000
2004-07-08,87.500000,88.712502,83.206253,84.515625,52.724766,37858080,0.000000,0.000000
2004-07-09,81.250000,86.865623,80.312500,86.406250,53.904209,22787760,0.000000,0.000000
2004-07-12,86.687500,87.468750,85.265625,86.009377,53.656643,22648144,0.000000,0.000000
2004-07-13,89.062500,89.525002,86.812500,87.671875,54.693771,38728000,0.000000,0.000000
2004-07-14,88.750000,90.312500,88.375000,88.800003,55.397537,29463584,0.000000,0.000000
2004-07-15,89.025002,90.556252,88.643753,90.215622,56.280693,21826416,0.000000,0.000000
2004-07-16,90.218750,92.800003,90.218750,92.359375,57.618050,34887056,0.000000,0.000000
2004-07-19,92.375000,93.250000,91.375000,92.390625,57.637535,22012128,0.000000,0.000000
2004-07-20,92.125000,92.481247,90.196877,90.487503,56.450302,21665664,0.000000,0.000000
2004-07-21,90.687500,91.250000,89.074997,89.831253,56.040874,22177072,0.000000,0.000000
2004-07-22,90.875000,91.250000,89.381248,90.168747,56.251434,19465920,0.000000,0.000000
2004-07-23,90.625000,91.543747,90.187500,90.946877,56.736881,15554320,0.000000,0.000000
2004-07-26,89.925003,91.562500,89.509377,91.221878,56.908421,14673152,0.000000,0.000000
2004-07-27,91.875000,92.900002,91.440628,92.456253,57.678471,23371088,0.000000,0.000000
2004-07-28,92.500000,94.562500,92.256248,94.268753,58.809212,31335104,0.000000,0.000000
2004-07-29,94.346878,96.562500,94.346878,95.974998,59.873653,21491184,0.000000,0.000000
2004-07-30,96.318748,97.812500,95.625000,97.093750,60.571587,25009120,0.000000,0.000000
2004-08-02,96.875000,97.893753,96.875000,97.250000,60.669075,17539728,0.000000,0.000000
2004-08-03,97.493752,98.875000,97.431252,98.556252,61.483955,23723440,0.000000,0.000000
2004-08-04,98.687500,98.687500,96.375000,96.756248,60.361019,17101728,0.000000,0.000000
2004-08-05,96.500000,97.750000,96.500000,97.362503,60.739231,18405328,0.000000,0.000000
2004-08-06,96.937500,97.312500,94.459373,95.425003,59.530533,23971584,0.000000,0.000000
2004-08-09,94.487503,96.356247,93.625000,95.890625,59.821007,19569968,0.000000,0.000000
2004-08-10,96.312500,96.312500,94.812500,95.318748,59.464256,15133312,0.000000,0.000000
2004-08-11,95.937500,96.543747,93.449997,94.006248,58.645439,21258032,0.000000,0.000000
2004-08-12,94.000000,94.556252,93.000000,93.665627,58.432945,22696432,0.000000,0.000000
2004-08-13,93.125000,95.556252,92.196877,92.490623,57.699932,21489920,0.000000,0.000000
2004-08-16,92.687500,93.312500,92.000000,92.949997,57.986519,16502032,0.000000,0.000000
2004-08-17,93.687500,94.062500,92.253128,92.656250,57.803261,15134480,0.000000,0.000000
2004-08-18,92.687500,93.625000,92.437500,92.925003,57.970909,17098976,0.000000,0.000000
2004-08-19,93.750000,96.250000,93.750000,96.046875,59.918503,31323920,0.000000,0.000000
2004-08-20,95.937500,97.150002,95.312500,96.675003,60.310314,24660640,0.000000,0.000000
2004-08-23,97.375000,98.812500,96.946877,97.471878,60.807457,22006368,0.000000,0.000000
2004-08-24,97.500000,98.290627,96.703125,97.243752,60.665131,17164864,0.000000,0.000000
2004-08-25,97.256248,97.775002,94.750000,95.940628,59.852192,20150288,0.000000,0.000000
2004-08-26,96.437500,97.375000,95.775002,96.596878,60.261585,20723296,0.000000,0.000000
2004-08-27,97.056252,98.187500,96.321877,97.831253,61.031651,15277728,0.000000,0.000000
2004-08-30,98.250000,98.925003,97.250000,98.590622,61.505398,12084944,0.000000,0.000000
2004-08-31,98.750000,99.368752,97.696877,98.468750,61.429379,13549504,0.000000,0.000000
2004-09-01,98.437500,99.312500,98.125000,98.824997,61.651611,8008016,0.000000,0.000000
2004-09-02,99.690628,100.837502,99.690628,100.165627,62.487957,18522576,0.000000,0.000000
2004-09-03,100.312500,100.737503,99.559372,100.412498,62.641979,14033472,0.000000,0.000000
2004-09-06,100.625000,100.937500,100.250000,100.493752,62.692642,7469520,0.000000,0.000000
2004-09-07,100.378128,101.218750,100.000000,100.962502,62.985065,11782048,0.000000,0.000000
2004-09-08,101.187500,101.875000,100.750000,101.562500,63.359383,13429216,0.000000,0.000000
2004-09-09,101.625000,102.062500,101.000000,101.415627,63.267761,13698032,0.000000,0.000000
2004-09-10,101.881248,103.996872,101.415627,103.378128,64.492058,18587072,0.000000,0.000000
2004-09-13,105.312500,106.243752,103.125000,104.740623,65.342049,18370576,0.000000,0.000000
2004-09-14,104.981247,106.612503,104.831253,106.318748,66.326546,30164176,0.000000,0.000000
2004-09-15,106.750000,106.990623,105.312500,106.312500,66.322647,21460064,0.000000,0.000000
2004-09-16,106.078125,106.375000,105.009377,105.934372,66.086769,16680048,0.000000,0.000000
2004-09-17,105.996872,105.996872,104.390625,105.606247,65.882057,20388080,0.000000,0.000000
2004-09-20,105.062500,105.062500,103.437500,103.593750,64.626572,20823424,0.000000,0.000000
2004-09-21,103.759377,105.062500,103.587502,104.759377,65.353737,27698816,0.000000,0.000000
2004-09-22,104.759377,104.981247,103.437500,103.968750,64.860497,23176304,0.000000,0.000000
2004-09-23,103.737503,103.737503,101.625000,101.893753,63.566040,23091104,0.000000,0.000000
2004-09-24,102.218750,102.925003,100.493752,100.871872,62.928528,20775696,0.000000,0.000000
2004-09-27,101.250000,102.800003,100.890625,102.481247,63.932549,16671776,0.000000,0.000000
2004-09-28,102.418747,102.418747,100.062500,100.743752,62.848602,18208848,0.000000,0.000000
2004-09-29,101.015625,102.868752,100.640625,102.493752,63.940338,20993216,0.000000,0.000000
2004-09-30,104.375000,106.375000,102.818748,105.968750,66.108208,34462048,0.000000,0.000000
2004-10-01,108.437500,108.562500,105.690628,106.453125,66.410385,20852576,0.000000,0.000000
2004-10-04,107.500000,108.875000,107.500000,107.993752,67.371521,18128336,0.000000,0.000000
2004-10-05,108.140625,108.675003,107.065628,107.531250,67.082985,13884688,0.000000,0.000000
2004-10-06,106.875000,106.875000,105.000000,105.365623,65.731941,29443040,0.000000,0.000000
2004-10-07,106.250000,107.000000,105.018753,106.593750,66.498108,15432096,0.000000,0.000000
2004-10-08,106.750000,108.087502,106.312500,106.753128,66.597557,20248128,0.000000,0.000000
2004-10-11,106.578125,107.171875,105.021873,105.409378,65.759232,14722064,0.000000,0.000000
2004-10-12,108.250000,108.687500,106.375000,106.959373,66.726227,36566784,0.000000,0.000000
2004-10-13,106.959373,106.959373,106.959373,106.959373,66.726227,0,0.000000,0.000000
2004-10-14,107.631248,114.062500,106.946877,113.406250,70.748055,49699776,0.000000,0.000000
2004-10-15,113.471878,114.750000,111.078125,111.671875,69.666077,17571888,0.000000,0.000000
2004-10-18,112.562500,112.562500,109.453125,110.074997,68.862572,25400864,0.312500,0.000000
2004-10-19,111.250000,111.543747,109.318748,110.490623,69.122604,31222048,0.000000,0.000000
2004-10-20,110.750000,112.156250,109.506248,109.925003,68.768738,26192688,0.000000,0.000000
2004-10-21,110.021873,111.550003,109.687500,111.234375,69.587898,21814288,0.000000,0.000000
2004-10-22,111.234375,111.234375,111.234375,111.234375,69.587898,0,0.000000,0.000000
2004-10-25,111.571877,114.493752,111.571877,113.768753,71.173378,31941936,0.000000,0.000000
2004-10-26,113.812500,116.875000,113.750000,116.312500,72.764725,24678512,0.000000,0.000000
2004-10-27,117.000000,117.493752,114.521873,116.737503,73.030609,18445424,0.000000,0.000000
2004-10-28,117.500000,122.356247,117.500000,121.800003,76.197716,45555712,0.000000,0.000000
2004-10-29,121.625000,122.187500,118.812500,119.146873,74.537918,26163552,0.000000,0.000000
2004-11-01,119.250000,122.053123,118.437500,121.628128,76.090210,20272976,0.000000,0.000000
2004-11-02,121.500000,121.500000,119.193748,119.412498,74.704094,20692816,0.000000,0.000000
2004-11-03,119.875000,123.437500,119.875000,122.559372,76.672760,26833088,0.000000,0.000000
2004-11-04,123.781250,125.543747,123.781250,124.231247,77.718681,25218416,0.000000,0.000000
2004-11-05,125.937500,130.481247,122.578125,123.537498,77.284683,17506880,0.000000,0.000000
2004-11-08,125.000000,129.293747,125.000000,126.112503,78.895584,39839408,0.000000,0.000000
2004-11-09,126.875000,127.812500,125.315628,127.296875,79.636551,23967216,0.000000,0.000000
2004-11-10,127.812500,128.125000,125.937500,127.565628,79.804657,28240464,0.000000,0.000000
2004-11-11,127.500000,127.500000,125.687500,126.068748,78.868225,21130096,0.000000,0.000000
2004-11-12,127.500000,127.981247,125.937500,126.699997,79.263115,4572400,0.000000,0.000000
2004-11-15,126.699997,126.699997,126.699997,126.699997,79.263115,0,0.000000,0.000000
2004-11-16,127.312500,128.356247,127.000000,128.065628,80.117477,19068224,0.000000,0.000000
2004-11-17,128.125000,130.149994,127.500000,129.806244,81.206375,14579280,0.000000,0.000000
2004-11-18,129.378128,130.000000,128.574997,128.925003,80.655083,10655520,0.000000,0.000000
2004-11-19,129.187500,129.687500,128.250000,128.615631,80.461548,8931520,0.000000,0.000000
2004-11-22,128.062500,128.062500,125.375000,126.750000,79.294403,9862432,0.000000,0.000000
2004-11-23,126.875000,127.793747,126.375000,126.940628,79.413666,11034512,0.000000,0.000000
2004-11-24,126.562500,127.625000,126.137497,126.493752,79.134117,8668272,0.000000,0.000000
2004-11-25,126.893753,127.731247,126.312500,126.849998,79.356979,9810368,0.000000,0.000000
2004-11-26,126.849998,126.849998,126.849998,126.849998,79.356979,0,0.000000,0.000000
2004-11-29,127.512497,130.937500,127.062500,130.675003,81.749893,14059680,0.000000,0.000000
2004-11-30,131.256256,135.550003,131.250000,134.324997,84.033310,28184384,0.000000,0.000000
2004-12-01,134.375000,134.687500,131.324997,131.771881,82.436096,20927696,0.000000,0.000000
2004-12-02,132.500000,133.375000,129.459381,129.993744,81.323715,25157936,0.000000,0.000000
2004-12-03,130.000000,130.381256,127.753128,128.209381,80.207375,25063136,0.000000,0.000000
2004-12-06,127.500000,129.625000,125.875000,126.884377,79.378494,19835920,0.000000,0.000000
2004-12-07,124.375000,128.987503,124.375000,127.493752,79.759697,16453888,0.000000,0.000000
2004-12-08,126.525002,127.812500,126.250000,126.962502,79.427338,14876688,0.000000,0.000000
2004-12-09,127.437500,128.750000,127.187500,127.637497,79.849632,12779168,0.000000,0.000000
2004-12-10,128.250000,128.750000,126.599998,127.087502,79.505539,12232480,0.000000,0.000000
2004-12-13,128.750000,128.750000,125.959373,127.349998,79.669762,6849888,0.000000,0.000000
2004-12-14,127.812500,128.418747,127.562500,128.203125,80.203453,6764560,0.000000,0.000000
2004-12-15,128.731247,131.968750,128.731247,131.290619,82.135002,17621776,0.000000,0.000000
2004-12-16,131.250000,133.250000,130.250000,132.521881,82.905273,10711152,0.000000,0.000000
2004-12-17,131.562500,132.312500,130.000000,130.568756,81.683441,11021392,0.000000,0.000000
2004-12-20,131.856247,132.562500,131.068756,132.118744,82.653076,7299728,0.000000,0.000000
2004-12-21,132.500000,133.712494,131.871872,132.193756,82.700035,10934976,0.000000,0.000000
2004-12-22,128.125000,132.437500,128.125000,130.090622,81.384308,24453024,0.000000,0.000000
2004-12-23,126.312500,130.250000,126.312500,129.131256,80.784103,11333920,0.000000,0.000000
2004-12-24,129.981247,129.981247,127.328125,129.074997,80.748917,16076928,0.000000,0.000000
2004-12-27,128.750000,130.000000,127.893753,128.643753,80.479141,6694624,0.000000,0.000000
2004-12-28,128.500000,129.493744,127.953125,128.859375,80.614037,8115072,0.000000,0.000000
2004-12-29,129.375000,131.793747,129.062500,129.571869,81.059769,12955248,0.000000,0.000000
2004-12-30,129.375000,130.931244,127.078125,128.009369,80.082253,15631056,0.000000,0.000000
2004-12-31,128.750000,130.940628,127.996872,130.731247,81.785065,12498704,0.000000,0.000000
2005-01-03,132.437500,149.875000,130.968750,132.471878,82.873993,9104288,0.000000,0.000000
2005-01-04,132.812500,132.812500,130.000000,130.628128,81.720558,10220864,0.000000,0.000000
2005-01-05,129.062500,130.000000,125.068748,128.281250,80.252365,22197872,0.000000,0.000000
2005-01-06,127.578125,130.871872,124.875000,127.734375,79.910217,27031104,0.000000,0.000000
2005-01-07,127.187500,129.062500,124.687500,128.175003,80.185883,33500080,0.000000,0.000000
2005-01-10,128.750000,131.250000,123.812500,124.681252,78.000206,24651840,0.000000,0.000000
2005-01-11,124.375000,126.418747,121.943748,123.228127,77.091156,34083200,0.000000,0.000000
2005-01-12,126.562500,126.562500,117.196877,119.140625,74.534012,63117008,0.000000,0.000000
2005-01-13,128.128128,128.128128,120.625000,123.021873,76.962120,35060464,0.000000,0.000000
2005-01-14,123.750000,125.518753,121.875000,123.375000,77.183014,19852096,0.000000,0.000000
2005-01-17,123.875000,125.875000,120.949997,124.856247,78.109688,19508400,0.000000,0.000000
2005-01-18,125.625000,126.250000,121.993752,122.837502,76.846771,18835760,0.000000,0.000000
2005-01-19,122.196877,124.359375,121.956253,122.434372,76.594559,12037472,0.000000,0.000000
2005-01-20,122.000000,123.625000,120.125000,122.796875,76.821350,18539120,0.000000,0.000000
2005-01-24,122.500000,122.806252,118.287498,119.093750,74.504700,18662816,0.000000,0.000000
2005-01-25,119.312500,120.125000,117.625000,119.553123,74.792068,16201056,0.000000,0.000000
2005-01-27,120.625000,122.781250,120.346878,122.006248,76.326729,19668176,0.000000,0.000000
2005-01-28,122.500000,127.990623,121.574997,127.353127,79.671745,17999552,0.000000,0.000000
2005-01-31,128.812500,131.106247,127.000000,129.290619,80.883804,23864720,0.000000,0.000000
2005-02-01,129.375000,130.875000,128.437500,128.859375,80.614037,22166592,0.000000,0.000000
2005-02-02,129.562500,131.812500,129.000000,129.487503,81.006989,12938256,0.000000,0.000000
2005-02-03,129.375000,131.875000,128.887497,131.334381,82.162392,14813472,0.000000,0.000000
2005-02-04,132.187500,132.487503,129.843750,130.337494,81.538734,9580576,0.000000,0.000000
2005-02-07,130.000000,131.562500,126.250000,126.871872,79.370659,31089440,0.000000,0.000000
2005-02-08,128.750000,128.750000,126.562500,127.724998,79.904366,17364464,0.000000,0.000000
2005-02-09,128.125000,129.024994,127.378128,127.812500,79.959106,8274208,0.000000,0.000000
2005-02-10,128.437500,128.437500,126.596878,127.775002,79.935654,7435616,0.000000,0.000000
2005-02-11,129.375000,131.731247,129.375000,131.475006,82.250359,18523056,0.000000,0.000000
2005-02-14,132.500000,136.231247,132.500000,135.603119,84.832893,21044864,0.000000,0.000000
2005-02-15,135.625000,136.750000,134.062500,136.368744,85.311852,15539824,0.000000,0.000000
2005-02-16,136.500000,137.843750,135.625000,136.478119,85.380295,16757232,0.000000,0.000000
2005-02-17,135.625000,136.237503,133.449997,135.871872,85.001038,17528720,0.000000,0.000000
2005-02-18,135.625000,136.478119,131.312500,135.293747,84.639313,6471376,0.000000,0.000000
2005-02-21,135.125000,135.312500,133.125000,133.993744,83.826073,8007472,0.000000,0.000000
2005-02-22,134.312500,135.937500,131.481247,135.062500,84.494682,8232832,0.000000,0.000000
2005-02-23,134.543747,134.687500,133.437500,133.787506,83.697098,7623536,0.000000,0.000000
2005-02-24,134.062500,135.937500,133.750000,135.268753,84.623718,13470832,0.000000,0.000000
2005-02-25,134.709381,136.625000,134.709381,136.215622,85.216087,10544240,0.000000,0.000000
2005-02-28,138.062500,140.496872,134.565628,140.006256,87.587486,17478560,0.000000,0.000000
2005-03-01,140.000000,140.000000,135.937500,136.328125,85.286476,11760288,0.000000,0.000000
2005-03-02,136.375000,137.812500,134.378128,136.690628,85.513222,15075504,0.000000,0.000000
2005-03-03,136.312500,139.187500,136.312500,138.403122,86.584595,14982720,0.000000,0.000000
2005-03-04,138.453125,140.612503,138.437500,139.637497,87.356804,12496896,0.000000,0.000000
2005-03-07,139.687500,141.375000,138.909378,140.756256,88.056679,12252080,0.000000,0.000000
2005-03-08,140.625000,142.668747,140.000000,141.506256,88.525894,10757312,0.000000,0.000000
2005-03-09,140.625000,142.050003,139.143753,140.743744,88.048851,8670176,0.000000,0.000000
2005-03-10,140.625000,140.625000,137.187500,139.503128,87.272697,13265920,0.000000,0.000000
2005-03-11,140.000000,140.625000,137.828125,138.415619,86.592384,9922640,0.000000,0.000000
2005-03-14,138.125000,140.062500,136.875000,139.134369,87.042038,10515408,0.000000,0.000000
2005-03-15,137.500000,139.362503,135.000000,138.175003,86.441872,6268288,0.000000,0.000000
2005-03-16,137.250000,139.043747,136.631256,137.068756,85.749786,10693536,0.000000,0.000000
2005-03-17,137.187500,137.746872,135.693756,136.318756,85.280571,8216112,0.000000,0.000000
2005-03-18,136.543747,137.812500,134.059372,137.496872,86.017624,15457456,0.000000,0.000000
2005-03-21,138.062500,140.550003,137.187500,139.784378,87.448669,14841488,0.000000,0.000000
2005-03-22,141.187500,141.250000,137.500000,138.984375,86.948219,13384816,0.000000,0.000000
2005-03-23,138.593750,138.987503,134.456253,135.149994,84.549408,11986160,0.000000,0.000000
2005-03-24,135.625000,136.781250,134.375000,134.943756,84.420395,12574736,0.000000,0.000000
2005-03-28,135.937500,138.559372,135.437500,136.625000,85.472176,10014304,0.000000,0.000000
2005-03-29,136.750000,136.750000,134.375000,135.412506,84.713661,8419616,0.000000,0.000000
2005-03-30,134.690628,136.875000,133.875000,135.643753,84.858307,9733296,0.000000,0.000000
2005-03-31,139.043747,144.687500,136.756256,141.074997,88.256065,17932432,0.000000,0.000000
2005-04-01,141.243744,141.243744,138.271881,139.740631,87.421295,13726912,0.000000,0.000000
2005-04-04,139.812500,141.062500,138.524994,139.290619,87.139809,12920176,0.000000,0.000000
2005-04-05,140.625000,151.425003,138.312500,138.840622,86.858261,7810144,0.000000,0.000000
2005-04-06,139.062500,140.000000,138.187500,139.768753,87.438896,9296960,0.000000,0.000000
2005-04-07,139.250000,140.293747,135.971878,136.768753,85.562119,11027536,0.000000,0.000000
2005-04-08,135.968750,136.250000,132.375000,132.993744,83.200478,19671728,0.000000,0.000000
2005-04-11,133.000000,133.000000,129.390625,129.862503,81.241585,11956640,0.000000,0.000000
2005-04-12,124.000000,133.125000,124.000000,132.346878,82.795792,17246368,0.000000,0.000000
2005-04-13,133.750000,133.750000,130.446869,131.343750,82.168243,19030976,0.000000,0.000000
2005-04-15,128.125000,128.125000,120.937500,122.318748,76.522232,34920000,0.000000,0.000000
2005-04-18,121.875000,121.875000,118.750000,119.621872,74.835098,26963280,0.000000,0.000000
2005-04-19,120.875000,123.418747,118.750000,119.537498,74.782280,24550800,0.000000,0.000000
2005-04-20,121.875000,122.478127,118.334373,121.750000,76.166435,26726288,0.000000,0.000000
2005-04-21,121.250000,121.875000,118.937500,121.550003,76.041298,21352304,0.000000,0.000000
2005-04-22,123.750000,125.500000,121.737503,124.953125,78.170296,24501168,0.000000,0.000000
2005-04-25,126.125000,126.125000,123.437500,124.275002,77.746063,13649968,0.000000,0.000000
2005-04-26,123.687500,123.731247,122.034378,122.412498,76.580894,9105984,0.000000,0.000000
2005-04-27,119.687500,120.937500,117.375000,119.634377,74.842896,32434624,0.000000,0.000000
2005-04-28,119.375000,119.687500,118.125000,119.099998,74.508568,22117360,0.000000,0.000000
2005-04-29,119.937500,119.937500,117.275002,117.925003,73.773521,13801088,0.000000,0.000000
2005-05-02,118.562500,124.087502,118.562500,119.696877,74.882004,11048400,0.000000,0.000000
2005-05-03,120.312500,120.312500,118.750000,118.840622,74.346321,10467584,0.000000,0.000000
2005-05-04,118.750000,121.687500,118.750000,121.099998,75.759781,11367104,0.000000,0.000000
2005-05-05,123.125000,125.437500,121.946877,124.696877,78.009979,25562000,0.000000,0.000000
2005-05-06,125.187500,126.875000,124.812500,126.346878,79.042206,15746112,0.000000,0.000000
2005-05-09,127.437500,131.468750,127.437500,131.037506,81.976677,19673888,0.000000,0.000000
2005-05-10,131.250000,132.437500,128.125000,128.699997,80.514359,18254896,0.000000,0.000000
2005-05-11,124.687500,130.000000,124.687500,129.121872,80.778244,16088160,0.000000,0.000000
2005-05-12,128.918747,129.125000,127.562500,128.821869,80.590561,11528144,0.000000,0.000000
2005-05-13,128.125000,128.125000,126.275002,127.056252,79.485992,17406320,0.000000,0.000000
2005-05-16,127.500000,130.306244,127.500000,129.868744,81.245476,16266704,0.000000,0.000000
2005-05-17,130.250000,132.250000,128.475006,128.996872,80.700043,21067296,0.000000,0.000000
2005-05-18,128.750000,128.868744,124.568748,127.640625,79.851593,22171344,0.000000,0.000000
2005-05-19,129.062500,131.875000,129.062500,131.046875,81.982513,16827280,0.000000,0.000000
2005-05-20,132.125000,134.375000,129.625000,133.781250,83.693123,15354560,0.000000,0.000000
2005-05-23,134.250000,134.250000,132.268753,133.409378,83.460495,5803728,0.000000,0.000000
2005-05-24,135.131256,135.850006,133.656250,134.718750,84.279633,14293024,0.000000,0.000000
2005-05-25,133.187500,137.500000,131.946869,135.699997,84.893501,26165456,0.000000,0.000000
2005-05-26,135.315628,139.250000,135.315628,137.824997,86.222885,32570192,0.000000,0.000000
2005-05-27,134.062500,141.524994,134.062500,139.521881,87.284462,21380368,0.000000,0.000000
2005-05-30,137.256256,140.059372,136.912506,139.250000,87.114380,14170784,0.000000,0.000000
2005-05-31,138.437500,141.125000,138.250000,140.653122,87.992157,13518880,0.000000,0.000000
2005-06-01,140.937500,141.312500,138.000000,138.875000,87.131432,12398224,0.406250,0.000000
2005-06-02,139.062500,139.500000,137.237503,137.584381,86.321678,7483248,0.000000,0.000000
2005-06-03,138.062500,142.181244,136.875000,140.990631,88.458809,12687696,0.000000,0.000000
2005-06-06,139.706253,141.062500,137.706253,138.528122,86.913795,7686736,0.000000,0.000000
2005-06-07,137.562500,140.250000,137.562500,139.553131,87.556877,9777760,0.000000,0.000000
2005-06-08,138.918747,144.062500,138.918747,143.515625,90.043015,16625040,0.000000,0.000000
2005-06-09,142.353119,143.125000,139.193756,139.796875,87.709846,12899920,0.000000,0.000000
2005-06-10,140.625000,141.875000,137.500000,138.265625,86.749115,11626192,0.000000,0.000000
2005-06-13,138.459381,140.250000,138.459381,139.003128,87.211815,10288592,0.000000,0.000000
2005-06-14,140.003128,141.250000,139.062500,139.696869,87.647102,7697024,0.000000,0.000000
2005-06-15,140.000000,141.500000,139.387497,141.040619,88.490128,13633088,0.000000,0.000000
2005-06-16,140.625000,143.431244,139.703125,142.528122,89.423447,17220736,0.000000,0.000000
2005-06-17,142.500000,143.618744,141.500000,143.006256,89.723419,15500416,0.000000,0.000000
2005-06-20,143.437500,148.915619,139.668747,148.193756,92.978081,24363104,0.000000,0.000000
2005-06-21,146.875000,150.000000,145.709381,149.593750,93.856476,19560928,0.000000,0.000000
2005-06-22,147.209381,150.871872,147.209381,149.315628,93.681946,25721616,0.000000,0.000000
2005-06-23,149.687500,149.687500,146.134369,146.515625,91.925255,16440688,0.000000,0.000000
2005-06-24,145.000000,146.562500,143.881256,144.565628,90.701797,15599808,0.000000,0.000000
2005-06-27,142.506256,147.562500,142.506256,146.149994,91.695847,14611440,0.000000,0.000000
2005-06-28,146.500000,146.500000,143.000000,143.293747,89.903793,14810544,0.000000,0.000000
2005-06-29,144.500000,145.937500,143.753128,145.290619,91.156662,12836352,0.000000,0.000000
2005-06-30,146.375000,149.365631,146.250000,147.390625,92.474243,19464224,0.000000,0.000000
2005-07-01,146.562500,147.875000,145.512497,146.940628,92.191895,6114256,0.000000,0.000000
2005-07-04,146.875000,149.996872,145.768753,149.637497,93.883942,7411168,0.000000,0.000000
2005-07-05,149.375000,149.937500,145.009369,145.643753,91.378204,9015648,0.000000,0.000000
2005-07-06,145.625000,147.487503,144.875000,146.603119,91.980133,18818304,0.000000,0.000000
2005-07-07,147.000000,148.368744,144.165619,144.993744,90.970398,14838352,0.000000,0.000000
2005-07-08,146.750000,147.250000,144.390625,145.934372,91.560539,10736608,0.000000,0.000000
2005-07-11,146.875000,147.500000,144.065628,144.737503,90.809631,18666000,0.000000,0.000000
2005-07-12,145.000000,145.000000,137.209381,138.828125,87.102013,48402112,0.000000,0.000000
2005-07-13,139.062500,140.671875,137.500000,137.837494,86.480499,31356000,0.000000,0.000000
2005-07-14,138.437500,138.899994,132.824997,133.490631,83.753242,29139952,0.000000,0.000000
2005-07-15,137.187500,137.812500,133.696869,137.243744,86.107986,16012224,0.000000,0.000000
2005-07-18,137.256256,142.500000,137.256256,142.000000,89.092094,23144736,0.000000,0.000000
2005-07-19,142.000000,142.500000,140.625000,141.024994,88.480362,11030832,0.000000,0.000000
2005-07-20,141.543747,141.543747,139.437500,139.581253,87.574524,10432608,0.000000,0.000000
2005-07-21,141.543747,145.071869,137.250000,138.062500,86.621666,12175056,0.000000,0.000000
2005-07-22,138.250000,140.500000,136.071869,139.921875,87.788254,17876544,0.000000,0.000000
2005-07-25,139.687500,141.168747,138.765625,139.306244,87.401985,9055424,0.000000,0.000000
2005-07-26,139.375000,139.687500,138.062500,139.149994,87.303978,8063296,0.000000,0.000000
2005-07-27,139.687500,140.250000,138.625000,139.412506,87.468651,7306432,0.000000,0.000000
2005-07-28,139.412506,139.412506,139.412506,139.412506,87.468651,0,0.000000,0.000000
2005-07-29,138.812500,143.312500,138.812500,141.778122,88.952866,28194400,0.000000,0.000000
2005-08-01,137.625000,142.149994,137.625000,141.534378,88.799973,7299632,0.000000,0.000000
2005-08-02,142.149994,144.250000,141.284378,143.699997,90.158699,13529184,0.000000,0.000000
2005-08-03,144.375000,147.812500,144.375000,147.253128,92.387955,16539600,0.000000,0.000000
2005-08-04,147.812500,148.875000,143.956253,144.593750,90.719437,11645728,0.000000,0.000000
2005-08-05,144.125000,144.753128,142.281250,143.218750,89.856773,11954224,0.000000,0.000000
2005-08-08,143.253128,143.253128,140.625000,141.915619,89.039146,9654112,0.000000,0.000000
2005-08-09,140.640625,143.043747,140.640625,141.506256,88.782310,11292352,0.000000,0.000000
2005-08-10,142.750000,145.437500,142.375000,144.687500,90.778252,12802928,0.000000,0.000000
2005-08-11,145.062500,145.309372,142.812500,143.337494,89.931252,8460864,0.000000,0.000000
2005-08-12,144.375000,144.375000,140.762497,141.340622,88.678398,11763968,0.000000,0.000000
2005-08-16,140.762497,141.250000,139.375000,140.621872,88.227455,12505248,0.000000,0.000000
2005-08-17,140.500000,145.556244,139.853119,144.868744,90.891953,20196512,0.000000,0.000000
2005-08-18,144.875000,145.000000,143.053131,143.665619,90.137115,11132480,0.000000,0.000000
2005-08-19,145.000000,145.000000,142.074997,143.837494,90.244980,7624864,0.000000,0.000000
2005-08-22,145.000000,146.250000,143.375000,144.684372,90.776306,11903376,0.000000,0.000000
2005-08-23,144.375000,145.312500,142.653122,142.824997,89.609711,14301312,0.000000,0.000000
2005-08-24,143.437500,143.437500,140.643753,141.512497,88.786224,12144704,0.000000,0.000000
2005-08-25,141.875000,144.149994,141.646881,141.987503,89.084236,9222448,0.000000,0.000000
2005-08-26,142.500000,144.362503,141.250000,141.831253,88.986229,11712048,0.000000,0.000000
2005-08-29,142.812500,144.168747,140.628128,143.824997,90.237144,11452032,0.000000,0.000000
2005-08-30,144.312500,146.996872,143.875000,146.681244,92.029137,13123360,0.000000,0.000000
2005-08-31,146.996872,148.937500,145.643753,148.506256,93.174164,12841792,0.000000,0.000000
2005-09-01,150.131256,153.281250,150.068756,151.603119,95.117188,13538608,0.000000,0.000000
2005-09-02,151.562500,153.112503,148.750000,149.106247,93.550598,10917808,0.000000,0.000000
2005-09-05,149.125000,150.625000,146.875000,147.171875,92.336975,10117952,0.000000,0.000000
2005-09-06,149.375000,149.375000,146.568756,147.750000,92.699730,9057808,0.000000,0.000000
2005-09-08,148.356247,151.774994,147.812500,151.399994,94.989723,11959088,0.000000,0.000000
2005-09-09,151.000000,152.168747,150.062500,151.074997,94.785835,9509824,0.000000,0.000000
2005-09-12,151.562500,152.437500,150.971878,151.434372,95.011284,6922720,0.000000,0.000000
2005-09-13,152.125000,153.125000,151.037506,152.893753,95.926949,11051552,0.000000,0.000000
2005-09-14,152.662506,154.500000,151.250000,152.856247,95.903404,12849776,0.000000,0.000000
2005-09-15,153.000000,153.437500,152.187500,153.159378,96.093575,6199904,0.000000,0.000000
2005-09-16,153.437500,154.000000,152.500000,152.934372,95.952438,6707744,0.000000,0.000000
2005-09-19,153.125000,153.750000,151.949997,153.143753,96.083763,6897808,0.000000,0.000000
2005-09-20,153.375000,157.437500,152.012497,156.475006,98.173851,12896112,0.000000,0.000000
2005-09-21,156.812500,156.875000,151.562500,153.871872,96.540604,13787296,0.000000,0.000000
2005-09-22,153.425003,154.274994,150.003128,150.781250,94.601540,10259648,0.000000,0.000000
2005-09-23,151.187500,152.500000,148.274994,149.909378,94.054527,13589840,0.000000,0.000000
2005-09-26,151.187500,155.918747,149.781250,155.396881,97.497452,9939280,0.000000,0.000000
2005-09-27,155.396881,156.687500,153.753128,154.862503,97.162109,14758576,0.000000,0.000000
2005-09-28,154.375000,154.649994,151.562500,154.425003,96.887650,16086176,0.000000,0.000000
2005-09-29,154.687500,158.750000,154.509369,157.887497,99.060081,22313104,0.000000,0.000000
2005-09-30,158.750000,160.062500,156.375000,157.206253,98.632637,14860080,0.000000,0.000000
2005-10-03,157.812500,160.000000,157.812500,159.565628,100.112915,8202864,0.000000,0.000000
2005-10-04,159.993744,164.781250,158.443756,164.240631,103.046051,21453312,0.000000,0.000000
2005-10-05,164.187500,166.312500,161.456253,164.996872,103.520523,24255616,0.000000,0.000000
2005-10-06,163.750000,166.556244,161.500000,163.068756,102.310799,25993216,0.000000,0.000000
2005-10-07,163.068756,164.868744,160.015625,160.778122,100.873634,17069872,0.000000,0.000000
2005-10-10,164.062500,165.375000,161.375000,163.893753,102.828430,19278240,0.000000,0.000000
2005-10-11,166.375000,170.625000,164.375000,167.681244,105.204742,31311840,0.000000,0.000000
2005-10-13,165.750000,167.750000,162.093750,163.915619,102.842148,32686992,0.000000,0.000000
2005-10-14,164.625000,165.250000,161.875000,162.593750,102.012794,18580464,0.000000,0.000000
2005-10-17,163.625000,164.306244,161.390625,161.984375,101.885025,15537200,0.406250,0.000000
2005-10-18,162.000000,163.871872,157.187500,158.159378,99.479172,26224816,0.000000,0.000000
2005-10-19,157.187500,157.750000,154.437500,156.481247,98.423691,24415248,0.000000,0.000000
2005-10-20,157.750000,160.937500,155.709381,158.662506,99.795609,20649696,0.000000,0.000000
2005-10-21,158.750000,160.750000,157.562500,159.574997,100.369583,14781568,0.000000,0.000000
2005-10-24,160.000000,160.918747,155.959381,156.956253,98.722435,8743696,0.000000,0.000000
2005-10-25,158.437500,159.903122,156.687500,157.581253,99.115585,12948432,0.000000,0.000000
2005-10-26,156.187500,159.043747,153.250000,156.884369,98.677216,10297408,0.000000,0.000000
2005-10-27,157.190628,157.812500,152.578125,154.140625,96.951462,16793296,0.000000,0.000000
2005-10-28,153.125000,154.000000,150.000000,150.962494,94.952477,12237088,0.000000,0.000000
2005-10-31,150.250000,158.375000,150.250000,157.621872,99.141113,14165904,0.000000,0.000000
2005-11-02,159.375000,162.743744,156.065628,161.656250,101.678642,16822304,0.000000,0.000000
2005-11-04,161.656250,161.656250,161.656250,161.656250,101.678642,0,0.000000,0.000000
2005-11-07,158.375000,166.243744,158.375000,164.896881,103.716927,17561600,0.000000,0.000000
2005-11-08,164.812500,166.562500,164.384369,165.237503,103.931190,13967440,0.000000,0.000000
2005-11-09,166.562500,167.437500,162.378128,163.071869,102.569046,11048208,0.000000,0.000000
2005-11-10,163.125000,166.625000,162.628128,165.871872,104.330185,14055392,0.000000,0.000000
2005-11-11,166.243744,168.625000,165.753128,167.565628,105.395538,11651168,0.000000,0.000000
2005-11-14,167.937500,169.312500,164.443756,165.793747,104.281059,12823568,0.000000,0.000000
2005-11-16,166.562500,171.800003,165.937500,171.293747,107.740463,22726016,0.000000,0.000000
2005-11-17,171.250000,171.562500,168.193756,169.190628,106.417610,13644064,0.000000,0.000000
2005-11-18,170.000000,171.531250,168.762497,169.649994,106.706589,13989968,0.000000,0.000000
2005-11-21,169.937500,170.621872,166.125000,167.312500,105.236320,14338112,0.000000,0.000000
2005-11-22,168.125000,170.000000,166.687500,167.284378,105.218613,12690544,0.000000,0.000000
2005-11-23,167.250000,168.468750,166.500000,167.696869,105.478081,10239136,0.000000,0.000000
2005-11-24,167.687500,170.562500,167.687500,168.809372,106.177841,16120992,0.000000,0.000000
2005-11-25,170.312500,172.500000,169.250000,171.281250,107.732590,13458752,0.000000,0.000000
2005-11-28,171.875000,172.937500,171.312500,172.399994,108.436234,12002480,0.000000,0.000000
2005-11-29,171.875000,171.875000,169.512497,171.000000,107.555695,12830160,0.000000,0.000000
2005-11-30,171.250000,172.306244,167.265625,167.778122,105.529190,12375648,0.000000,0.000000
2005-12-01,168.125000,174.062500,166.625000,172.993744,108.809746,19262256,0.000000,0.000000
2005-12-02,174.062500,180.918747,174.062500,177.574997,111.691223,34275584,0.000000,0.000000
2005-12-05,179.062500,179.649994,173.625000,174.212494,109.576302,10846704,0.000000,0.000000
2005-12-06,174.375000,177.000000,173.256256,174.621872,109.833778,12751936,0.000000,0.000000
2005-12-07,175.000000,176.625000,173.500000,175.115631,110.144363,15383456,0.000000,0.000000
2005-12-08,175.625000,177.612503,174.687500,176.331253,110.908928,12289840,0.000000,0.000000
2005-12-09,176.562500,180.562500,175.753128,179.596878,112.963013,11613184,0.000000,0.000000
2005-12-12,180.187500,183.500000,179.146881,182.878128,115.026825,12087616,0.000000,0.000000
2005-12-13,183.500000,184.687500,181.500000,184.184372,115.848381,17659152,0.000000,0.000000
2005-12-14,183.750000,184.187500,178.937500,180.346878,113.434669,17530304,0.000000,0.000000
2005-12-15,179.062500,183.356247,179.062500,182.353119,114.696541,24098512,0.000000,0.000000
2005-12-16,184.375000,187.625000,181.562500,186.393753,117.238037,22891984,0.000000,0.000000
2005-12-19,183.375000,189.687500,183.375000,188.984375,118.867516,11425008,0.000000,0.000000
2005-12-20,188.125000,188.125000,184.734375,185.637497,116.762383,6876768,0.000000,0.000000
2005-12-21,185.312500,187.937500,183.625000,185.884369,116.917656,10226992,0.000000,0.000000
2005-12-22,187.375000,187.625000,185.750000,186.425003,117.257729,7761200,0.000000,0.000000
2005-12-23,186.881256,188.434372,185.937500,186.321869,117.192841,10458144,0.000000,0.000000
2005-12-26,186.375000,186.875000,183.756256,184.431244,116.003685,6277424,0.000000,0.000000
2005-12-27,184.687500,187.496872,182.568756,187.149994,117.713730,6468448,0.000000,0.000000
2005-12-28,187.437500,187.500000,185.125000,186.790619,117.487671,6864528,0.000000,0.000000
2005-12-29,187.187500,189.375000,185.687500,186.715622,117.440491,17621552,0.000000,0.000000
2005-12-30,188.125000,188.681244,185.887497,187.303131,117.810043,13610048,0.000000,0.000000
2006-01-02,187.937500,187.937500,185.812500,186.209381,117.122108,6648000,0.000000,0.000000
2006-01-03,186.875000,188.437500,186.190628,187.931244,118.205147,7959936,0.000000,0.000000
2006-01-04,188.193756,191.562500,187.199997,190.956253,120.107780,12552928,0.000000,0.000000
2006-01-05,191.500000,191.868744,190.078125,190.931244,120.092056,7556560,0.000000,0.000000
2006-01-06,190.625000,191.875000,188.640625,190.824997,120.025223,17007808,0.000000,0.000000
2006-01-09,191.875000,192.493744,189.078125,189.740631,119.343178,16070784,0.000000,0.000000
2006-01-10,190.953125,190.953125,185.062500,185.946869,116.956963,21501040,0.000000,0.000000
2006-01-12,184.375000,184.375000,172.690628,177.362503,111.557587,78601776,0.000000,0.000000
2006-01-13,178.125000,179.937500,176.937500,177.787506,111.824898,15359696,0.000000,0.000000
2006-01-16,176.893753,178.437500,173.268753,173.765625,109.295242,22288528,0.000000,0.000000
2006-01-17,175.000000,175.809372,171.881256,172.637497,108.585663,15081376,0.000000,0.000000
2006-01-18,173.125000,173.125000,168.756256,171.243744,107.709007,20814656,0.000000,0.000000
2006-01-19,171.875000,177.418747,171.875000,176.306244,110.893219,17848192,0.000000,0.000000
2006-01-20,177.812500,179.062500,175.125000,175.850006,110.606255,11981008,0.000000,0.000000
2006-01-23,175.125000,175.125000,171.012497,171.540619,107.895721,17982992,0.000000,0.000000
2006-01-24,172.750000,176.937500,172.500000,176.371872,110.934509,12704704,0.000000,0.000000
2006-01-25,176.937500,179.062500,175.693756,176.740631,111.166443,17247776,0.000000,0.000000
2006-01-27,178.437500,181.931244,178.000000,181.431244,114.116722,16767456,0.000000,0.000000
2006-01-30,181.250000,182.750000,178.259369,178.928131,112.542343,8504976,0.000000,0.000000
2006-01-31,173.846878,180.625000,173.846878,180.018753,113.228325,4869184,0.000000,0.000000
2006-02-01,180.375000,182.812500,178.565628,179.753128,113.061241,12155984,0.000000,0.000000
2006-02-02,178.750000,181.875000,176.081253,176.756256,111.176254,11890224,0.000000,0.000000
2006-02-03,176.750000,176.756256,173.828125,174.175003,109.552719,13423888,0.000000,0.000000
2006-02-06,174.375000,178.128128,174.074997,177.656250,111.742378,8457248,0.000000,0.000000
2006-02-07,177.500000,180.625000,176.896881,179.537506,112.925644,12724864,0.000000,0.000000
2006-02-08,177.500000,181.875000,176.334381,181.415619,114.106918,20326704,0.000000,0.000000
2006-02-10,180.625000,182.500000,178.000000,179.021881,112.601265,23660048,0.000000,0.000000
2006-02-13,178.875000,180.000000,178.125000,178.878128,112.510849,13821120,0.000000,0.000000
2006-02-14,179.050003,179.050003,176.037506,176.368744,110.932518,13125968,0.000000,0.000000
2006-02-15,176.250000,177.793747,172.287506,173.509369,109.134033,28173536,0.000000,0.000000
2006-02-16,173.750000,176.690628,173.290619,173.818756,109.328659,13848576,0.000000,0.000000
2006-02-17,171.875000,174.875000,171.625000,174.090622,109.499603,15374384,0.000000,0.000000
2006-02-20,174.062500,177.353119,171.875000,176.774994,111.188019,12612320,0.000000,0.000000
2006-02-21,176.875000,177.731247,175.250000,176.100006,110.763504,8554512,0.000000,0.000000
2006-02-22,176.062500,176.250000,173.831253,175.031250,110.091309,11238448,0.000000,0.000000
2006-02-23,175.625000,177.556244,173.500000,174.659378,109.857361,18668240,0.000000,0.000000
2006-02-24,174.656250,175.618744,171.893753,172.346878,108.402885,10003424,0.000000,0.000000
2006-02-27,173.125000,178.659378,172.959381,178.159378,112.058800,19161632,0.000000,0.000000
2006-02-28,178.659378,180.500000,175.159378,176.809372,111.209648,22055488,0.000000,0.000000
2006-03-01,176.187500,182.184372,174.687500,181.571869,114.205223,20575840,0.000000,0.000000
2006-03-02,181.875000,182.375000,177.812500,178.393753,112.206207,17470960,0.000000,0.000000
2006-03-03,178.750000,180.125000,175.065628,176.521881,111.028831,13667856,0.000000,0.000000
2006-03-06,176.500000,179.806244,176.250000,178.437500,112.233742,10632720,0.000000,0.000000
2006-03-07,178.750000,178.750000,175.187500,176.218750,110.838203,18575472,0.000000,0.000000
2006-03-08,176.562500,177.962494,173.312500,175.071869,110.116821,27120256,0.000000,0.000000
2006-03-09,174.187500,178.437500,173.750000,177.687500,111.761986,14531072,0.000000,0.000000
2006-03-10,178.750000,182.750000,177.625000,182.093750,114.533463,19642368,0.000000,0.000000
2006-03-13,182.875000,185.899994,181.875000,183.449997,115.386497,17846048,0.000000,0.000000
2006-03-14,187.337494,187.337494,181.625000,183.278122,115.278397,14881840,0.000000,0.000000
2006-03-16,183.500000,183.687500,181.540619,182.612503,114.859749,20640000,0.000000,0.000000
2006-03-17,184.312500,184.312500,179.071869,179.871872,113.135933,13591168,0.000000,0.000000
2006-03-20,179.687500,186.312500,179.687500,185.431244,116.632668,14761520,0.000000,0.000000
2006-03-21,185.625000,187.375000,182.812500,184.984375,116.351578,16013216,0.000000,0.000000
2006-03-22,185.000000,185.000000,181.312500,182.500000,114.788971,7442064,0.000000,0.000000
2006-03-23,182.500000,184.375000,180.000000,180.653122,113.627289,15045728,0.000000,0.000000
2006-03-24,180.653122,182.184372,180.000000,181.021881,113.859268,10750080,0.000000,0.000000
2006-03-27,181.875000,181.875000,179.381256,179.956253,113.189003,9298704,0.000000,0.000000
2006-03-28,181.231247,186.093750,180.312500,185.000000,116.361420,17541456,0.000000,0.000000
2006-03-29,186.271881,190.246872,184.443756,189.784378,119.370689,13873744,0.000000,0.000000
2006-03-30,190.318756,192.125000,188.265625,190.187500,119.624260,17695040,0.000000,0.000000
2006-03-31,190.562500,190.562500,185.625000,186.337494,117.202690,15430112,0.000000,0.000000
2006-04-03,187.500000,197.187500,187.500000,196.384369,123.521980,25084640,0.000000,0.000000
2006-04-04,198.875000,199.118744,195.009369,197.043747,123.936714,18142096,0.000000,0.000000
2006-04-05,197.187500,198.937500,193.812500,194.671875,122.444832,15241792,0.000000,0.000000
2006-04-07,210.315628,215.562500,197.171875,197.937500,124.498878,62828320,0.000000,0.000000
2006-04-10,201.187500,204.375000,198.340622,199.331253,125.375473,17288448,0.000000,0.000000
2006-04-12,201.562500,202.493744,191.596878,192.228119,120.907761,27119824,0.000000,0.000000
2006-04-13,193.500000,196.543747,186.375000,188.678131,118.674896,41107040,0.000000,0.000000
2006-04-17,195.312500,202.800003,193.756256,201.871872,126.973503,41311184,0.000000,0.000000
2006-04-18,203.459381,209.187500,203.459381,208.500000,131.142456,25208544,0.000000,0.000000
2006-04-19,209.375000,209.812500,203.125000,204.925003,128.893845,14768784,0.000000,0.000000
2006-04-20,205.000000,205.625000,202.259369,204.787506,128.807373,12678016,0.000000,0.000000
2006-04-21,205.625000,207.793747,203.250000,206.356247,129.794098,15791040,0.000000,0.000000
2006-04-24,206.875000,206.875000,199.062500,200.300003,125.984833,17742992,0.000000,0.000000
2006-04-25,200.625000,200.625000,194.375000,196.365631,123.510216,20161728,0.000000,0.000000
2006-04-26,197.500000,202.812500,196.875000,201.559372,126.776947,13430896,0.000000,0.000000
2006-04-27,202.000000,202.000000,194.500000,195.793747,123.150482,30133936,0.000000,0.000000
2006-04-28,196.250000,197.000000,187.556244,196.228119,123.423676,14637024,0.000000,0.000000
2006-05-02,199.337494,202.187500,197.000000,197.765625,124.390732,15986176,0.000000,0.000000
2006-05-03,198.562500,199.496872,196.199997,198.212494,124.671844,11678928,0.000000,0.000000
2006-05-04,198.250000,201.524994,198.250000,200.706253,126.240334,7749232,0.000000,0.000000
2006-05-05,200.937500,203.062500,199.375000,200.756256,126.271812,8049840,0.000000,0.000000
2006-05-08,202.187500,202.468750,201.250000,201.765625,126.906662,4936400,0.000000,0.000000
2006-05-09,201.062500,203.937500,198.821869,202.321869,127.256508,9276272,0.000000,0.000000
2006-05-10,202.187500,204.500000,202.187500,203.515625,128.007385,7891680,0.000000,0.000000
2006-05-11,203.312500,204.546875,200.946869,203.503128,127.999489,8911760,0.000000,0.000000
2006-05-12,202.187500,205.312500,199.437500,202.643753,127.458992,8930512,0.000000,0.000000
2006-05-15,199.375000,203.062500,194.437500,196.943756,123.873772,14559856,0.000000,0.000000
2006-05-16,197.500000,206.250000,191.312500,196.878128,123.832527,13823072,0.000000,0.000000
2006-05-17,199.368744,203.062500,197.812500,200.512497,126.118500,10362320,0.000000,0.000000
2006-05-18,199.568756,199.568756,187.500000,189.621872,119.268478,16559056,0.000000,0.000000
2006-05-19,195.000000,196.562500,183.253128,185.903122,116.929436,20115264,0.000000,0.000000
2006-05-22,189.043747,193.606247,173.437500,176.481247,111.003288,21428240,0.000000,0.000000
2006-05-23,176.875000,184.062500,173.209381,181.915619,114.421402,16092064,0.000000,0.000000
2006-05-24,183.750000,183.812500,175.699997,178.809372,112.467628,18099376,0.000000,0.000000
2006-05-25,176.875000,179.181244,174.937500,176.784378,112.710724,27061504,2.406250,0.000000
2006-05-26,179.375000,185.918747,179.181244,183.390625,116.922630,14654752,0.000000,0.000000
2006-05-29,183.750000,186.500000,183.000000,185.481247,118.255501,6655264,0.000000,0.000000
2006-05-30,185.875000,192.812500,184.781250,189.156250,120.598511,16896048,0.000000,0.000000
2006-05-31,185.625000,187.437500,178.125000,181.865631,115.950310,19133968,0.000000,0.000000
2006-06-01,184.312500,185.312500,175.318756,176.865631,112.762512,23703648,0.000000,0.000000
2006-06-02,178.125000,181.250000,175.625000,180.375000,114.999924,16122752,0.000000,0.000000
2006-06-05,182.375000,182.750000,175.640625,176.515625,112.539375,16765696,0.000000,0.000000
2006-06-06,175.000000,177.746872,171.596878,172.837494,110.194366,11165872,0.000000,0.000000
2006-06-07,172.125000,174.375000,168.750000,172.703125,110.108681,15958592,0.000000,0.000000
2006-06-08,174.087494,174.087494,162.834381,168.987503,107.739723,26215328,0.000000,0.000000
2006-06-09,167.696869,176.562500,167.696869,174.665619,111.359886,14375360,0.000000,0.000000
2006-06-12,175.000000,178.000000,170.312500,172.699997,110.106667,12858304,0.000000,0.000000
2006-06-13,171.687500,171.875000,163.771881,164.943756,105.161613,14349504,0.000000,0.000000
2006-06-14,168.418747,169.937500,153.125000,155.324997,99.029076,34819152,0.000000,0.000000
2006-06-15,160.000000,172.562500,158.750000,170.440628,108.666176,19508336,0.000000,0.000000
2006-06-16,172.562500,182.106247,172.562500,175.071869,111.618881,24844288,0.000000,0.000000
2006-06-19,175.000000,180.625000,173.437500,179.449997,114.410194,17583840,0.000000,0.000000
2006-06-20,178.625000,179.375000,175.062500,177.750000,113.326294,11280512,0.000000,0.000000
2006-06-21,176.562500,183.437500,175.625000,182.703125,116.484314,13676704,0.000000,0.000000
2006-06-22,187.168747,187.168747,183.190628,184.490631,117.623924,12335936,0.000000,0.000000
2006-06-23,183.190628,188.125000,180.625000,186.971878,119.205849,10917136,0.000000,0.000000
2006-06-26,187.437500,187.437500,180.625000,181.262497,115.565773,10961984,0.000000,0.000000
2006-06-27,181.562500,186.250000,177.631256,185.465622,118.245506,16200736,0.000000,0.000000
2006-06-28,183.203125,187.125000,180.000000,185.906250,118.526443,8796528,0.000000,0.000000
2006-06-29,187.125000,188.750000,186.578125,187.103119,119.289528,12236576,0.000000,0.000000
2006-06-30,192.750000,195.625000,189.062500,192.434372,122.688553,14027008,0.000000,0.000000
2006-07-03,192.812500,197.500000,191.396881,197.146881,125.693047,9845760,0.000000,0.000000
2006-07-04,197.500000,199.356247,195.937500,196.853119,125.505760,9697200,0.000000,0.000000
2006-07-05,198.750000,200.268753,194.440628,199.631256,127.277000,16354128,0.000000,0.000000
2006-07-06,196.631256,199.375000,195.312500,197.740631,126.071594,7380336,0.000000,0.000000
2006-07-07,199.375000,202.500000,193.253128,194.062500,123.726540,11325776,0.000000,0.000000
2006-07-10,199.312500,199.687500,193.818756,199.253128,127.035927,12224528,0.000000,0.000000
2006-07-11,199.937500,201.562500,195.937500,196.762497,125.447945,12966096,0.000000,0.000000
2006-07-12,206.250000,212.500000,200.312500,211.603119,134.909744,68016688,0.000000,0.000000
2006-07-13,218.500000,224.875000,208.250000,210.243744,134.043091,11386312,0.000000,2.000000
2006-07-14,206.250000,207.631256,202.500000,206.093750,131.397186,13901696,0.000000,0.000000
2006-07-17,205.125000,205.712494,200.000000,200.656250,127.930458,12418848,0.000000,0.000000
2006-07-18,201.293747,205.625000,200.625000,203.693756,129.867004,10584456,0.000000,0.000000
2006-07-19,207.625000,207.625000,199.637497,200.568756,127.874649,11589456,0.000000,0.000000
2006-07-20,212.337494,212.337494,204.125000,205.981247,131.325485,12027920,0.000000,0.000000
2006-07-21,204.350006,204.350006,197.562500,200.262497,127.679420,9124336,0.000000,0.000000
2006-07-24,199.962494,202.449997,196.500000,201.412506,128.412628,10318504,0.000000,0.000000
2006-07-25,203.625000,205.487503,200.000000,201.337494,128.364822,10798144,0.000000,0.000000
2006-07-26,203.137497,206.850006,200.000000,205.800003,131.209930,12250056,0.000000,0.000000
2006-07-27,205.625000,208.425003,203.187500,207.293747,132.162277,14483288,0.000000,0.000000
2006-07-28,207.637497,207.756256,201.287506,203.774994,129.918839,6279120,0.000000,0.000000
2006-07-31,205.625000,208.750000,204.581253,206.943756,131.939117,14844888,0.000000,0.000000
2006-08-01,206.250000,208.587494,205.125000,207.250000,132.134384,9172848,0.000000,0.000000
2006-08-02,207.125000,209.875000,206.250000,208.331253,132.823746,9437032,0.000000,0.000000
2006-08-03,208.818756,214.625000,207.262497,209.118744,133.325806,19218896,0.000000,0.000000
2006-08-04,209.375000,211.987503,208.750000,210.081253,133.939514,9383824,0.000000,0.000000
2006-08-07,210.000000,211.243744,208.737503,209.199997,133.377609,5687424,0.000000,0.000000
2006-08-08,209.375000,211.250000,209.262497,210.531250,134.226349,3511136,0.000000,0.000000
2006-08-09,210.250000,213.500000,208.750000,212.756256,135.644989,9770304,0.000000,0.000000
2006-08-10,212.500000,214.750000,211.375000,213.574997,136.166885,8956856,0.000000,0.000000
2006-08-11,213.750000,218.750000,213.131256,217.774994,138.844696,12244656,0.000000,0.000000
2006-08-14,219.000000,220.581253,217.512497,219.437500,139.904633,6330792,0.000000,0.000000
2006-08-16,221.250000,223.125000,217.543747,219.037506,139.649628,9409016,0.000000,0.000000
2006-08-17,220.006256,221.643753,218.068756,219.699997,140.071991,8248312,0.000000,0.000000
2006-08-18,220.625000,221.093750,201.250000,220.250000,140.422668,4419160,0.000000,0.000000
2006-08-21,220.500000,225.000000,218.625000,224.762497,143.299622,11419320,0.000000,0.000000
2006-08-22,225.125000,226.125000,221.899994,222.643753,141.948853,4609584,0.000000,0.000000
2006-08-23,223.606247,224.312500,219.750000,220.987503,140.892883,6302656,0.000000,0.000000
2006-08-24,220.000000,221.875000,218.125000,220.862503,140.813095,8702912,0.000000,0.000000
2006-08-25,221.750000,222.493744,220.000000,220.837494,140.797226,5107408,0.000000,0.000000
2006-08-28,220.837494,222.137497,218.125000,221.593750,141.279419,4842896,0.000000,0.000000
2006-08-29,222.500000,226.375000,222.250000,225.725006,143.913300,8916176,0.000000,0.000000
2006-08-30,226.250000,226.250000,223.881256,225.149994,143.546677,5320704,0.000000,0.000000
2006-08-31,226.000000,227.375000,225.006256,225.800003,143.961136,9828312,0.000000,0.000000
2006-09-01,226.250000,226.875000,225.018753,226.312500,144.287842,4831256,0.000000,0.000000
2006-09-04,226.500000,231.875000,226.393753,230.962494,147.252533,6050408,0.000000,0.000000
2006-09-05,233.750000,233.750000,228.125000,229.368744,146.236420,2980088,0.000000,0.000000
2006-09-06,231.250000,231.250000,228.718750,229.362503,146.232452,5890136,0.000000,0.000000
2006-09-07,228.087494,228.699997,224.875000,225.862503,144.000961,10036408,0.000000,0.000000
2006-09-08,225.875000,227.375000,222.250000,223.675003,142.606308,9983680,0.000000,0.000000
2006-09-11,225.143753,225.143753,215.012497,216.693756,138.155380,7521536,0.000000,0.000000
2006-09-12,217.500000,222.500000,215.137497,221.443756,141.183777,8129760,0.000000,0.000000
2006-09-13,223.750000,226.875000,223.750000,226.181244,144.204178,9154136,0.000000,0.000000
2006-09-14,226.918747,230.125000,226.875000,228.912506,145.945541,10625664,0.000000,0.000000
2006-09-15,229.375000,229.375000,223.631256,226.331253,144.299820,7885912,0.000000,0.000000
2006-09-18,228.125000,228.125000,226.312500,227.168747,144.833755,5744536,0.000000,0.000000
2006-09-19,227.250000,229.337494,225.250000,227.050003,144.758087,9704216,0.000000,0.000000
2006-09-20,225.000000,229.875000,224.537506,228.806244,145.877838,7179560,0.000000,0.000000
2006-09-21,230.000000,231.250000,228.456253,229.762497,146.487442,7663592,0.000000,0.000000
2006-09-22,228.000000,229.750000,226.418747,228.750000,145.841904,5416664,0.000000,0.000000
2006-09-25,228.625000,228.625000,226.500000,227.068756,144.770004,3144312,0.000000,0.000000
2006-09-26,229.375000,230.824997,227.625000,229.981247,146.626907,5966920,0.000000,0.000000
2006-09-27,230.006256,231.487503,229.068756,229.712494,146.455551,6157840,0.000000,0.000000
2006-09-28,230.000000,234.399994,227.750000,232.268753,148.085327,8825544,0.000000,0.000000
2006-09-29,234.750000,234.750000,230.637497,231.206253,147.407913,3980408,0.000000,0.000000
2006-10-03,234.375000,234.375000,226.500000,227.274994,144.901550,8849912,0.000000,0.000000
2006-10-04,229.112503,230.000000,224.375000,224.993744,143.447098,13197136,0.000000,0.000000
2006-10-05,228.000000,233.750000,226.875000,233.149994,148.647217,9789080,0.000000,0.000000
2006-10-06,233.125000,234.962494,230.668747,234.193756,149.312637,6755016,0.000000,0.000000
2006-10-09,233.125000,239.993744,231.312500,237.018753,151.113739,10756312,0.000000,0.000000
2006-10-10,239.100006,243.750000,237.506256,238.274994,151.914688,16808400,0.000000,0.000000
2006-10-11,250.000000,255.550003,244.375000,247.500000,157.796204,28620128,0.000000,0.000000
2006-10-12,251.937500,253.125000,246.375000,252.506256,160.987991,18510200,0.000000,0.000000
2006-10-13,253.750000,262.493744,253.750000,261.131256,166.486923,24227584,0.000000,0.000000
2006-10-16,262.375000,268.225006,261.312500,262.537506,167.383438,17926504,0.000000,0.000000
2006-10-17,263.625000,265.612488,256.518738,258.837494,165.024521,13177320,0.000000,0.000000
2006-10-18,257.518738,262.350006,257.500000,259.162506,165.231735,12554088,0.000000,0.000000
2006-10-19,258.750000,260.462494,257.500000,258.562500,165.247711,7731416,0.625000,0.000000
2006-10-20,261.250000,261.250000,256.875000,258.012512,164.896194,7461600,0.000000,0.000000
2006-10-23,262.500000,262.500000,254.375000,255.193756,163.094711,6216096,0.000000,0.000000
2006-10-26,255.193756,260.000000,255.193756,259.168762,165.635162,12725480,0.000000,0.000000
2006-10-27,256.937500,264.375000,256.937500,261.568756,167.169037,6841680,0.000000,0.000000
2006-10-30,261.875000,266.875000,258.750000,265.962494,169.977081,5696096,0.000000,0.000000
2006-10-31,266.875000,266.875000,260.887512,261.937500,167.404678,8534712,0.000000,0.000000
2006-11-01,262.000000,264.725006,260.137512,262.931244,168.039780,4436984,0.000000,0.000000
2006-11-02,261.625000,262.500000,259.625000,260.593750,166.545898,5602288,0.000000,0.000000
2006-11-03,261.187500,261.850006,257.381256,259.362488,165.758957,5849680,0.000000,0.000000
2006-11-06,261.237488,261.237488,256.943756,258.750000,165.367554,3260760,0.000000,0.000000
2006-11-07,260.012512,266.712494,260.012512,262.793762,167.951920,9325976,0.000000,0.000000
2006-11-08,265.000000,269.000000,263.443756,265.731262,169.829269,13629480,0.000000,0.000000
2006-11-09,267.493744,269.750000,263.787506,267.143738,170.731995,9479912,0.000000,0.000000
2006-11-10,268.125000,269.743744,266.750000,267.475006,170.943680,12313296,0.000000,0.000000
2006-11-13,267.500000,270.750000,266.875000,270.018738,172.569397,8334936,0.000000,0.000000
2006-11-14,271.862488,278.375000,271.862488,276.318756,176.595749,18079232,0.000000,0.000000
2006-11-15,277.181244,280.018738,274.031250,277.831238,177.562347,7553520,0.000000,0.000000
2006-11-16,277.125000,278.087494,269.256256,274.993744,175.748947,12040896,0.000000,0.000000
2006-11-17,275.250000,276.112488,270.031250,273.299988,174.666428,4314648,0.000000,0.000000
2006-11-20,271.250000,282.799988,269.031250,281.725006,180.050919,19513432,0.000000,0.000000
2006-11-21,283.125000,283.125000,276.968750,282.062500,180.266586,22702552,0.000000,0.000000
2006-11-22,275.000000,281.125000,272.487488,278.193756,177.794098,13906048,0.000000,0.000000
2006-11-23,278.193756,280.625000,278.193756,279.631256,178.712769,6254504,0.000000,0.000000
2006-11-24,278.750000,280.837494,277.793762,279.437500,178.588928,3503792,0.000000,0.000000
2006-11-27,279.375000,279.924988,276.631256,277.225006,177.174927,3800096,0.000000,0.000000
2006-11-28,275.337494,275.337494,270.000000,270.612488,172.948868,10662840,0.000000,0.000000
2006-11-29,273.737488,274.856262,266.500000,269.581238,172.289795,12407320,0.000000,0.000000
2006-11-30,271.862488,274.375000,270.000000,272.462494,174.131241,10146224,0.000000,0.000000
2006-12-01,273.625000,275.750000,273.125000,274.381256,175.357468,4253008,0.000000,0.000000
2006-12-04,274.750000,276.781250,272.637512,275.906250,176.332123,5804192,0.000000,0.000000
2006-12-05,277.500000,281.125000,277.500000,279.887512,178.876556,10435272,0.000000,0.000000
2006-12-06,280.000000,285.000000,277.774994,281.112488,179.659409,14148624,0.000000,0.000000
2006-12-07,281.112488,281.725006,275.500000,277.975006,177.654266,12853768,0.000000,0.000000
2006-12-08,278.125000,278.475006,273.781250,274.443756,175.397446,8887960,0.000000,0.000000
2006-12-11,276.250000,279.375000,270.943756,274.350006,175.337524,11614536,0.000000,0.000000
2006-12-12,274.750000,278.250000,267.649994,270.531250,172.896896,15534088,0.000000,0.000000
2006-12-13,270.750000,272.500000,265.662506,268.706238,171.730591,12483816,0.000000,0.000000
2006-12-14,271.250000,275.956238,270.125000,274.512512,175.441376,7347976,0.000000,0.000000
2006-12-15,274.375000,280.000000,274.375000,279.187500,178.429230,8628504,0.000000,0.000000
2006-12-18,279.750000,282.500000,272.762512,278.062500,177.710175,15773392,0.000000,0.000000
2006-12-19,276.256256,276.524994,266.875000,269.700012,172.365738,17929632,0.000000,0.000000
2006-12-20,270.625000,274.875000,268.875000,271.337494,173.412231,10131408,0.000000,0.000000
2006-12-21,271.875000,271.875000,268.125000,270.462494,172.852966,6686032,0.000000,0.000000
2006-12-22,271.250000,272.625000,270.006256,271.725006,173.659882,4135512,0.000000,0.000000
2006-12-26,270.625000,278.087494,270.625000,277.431244,177.306747,6068072,0.000000,0.000000
2006-12-27,278.125000,282.399994,278.125000,281.581238,179.959015,8637552,0.000000,0.000000
2006-12-28,284.375000,284.487488,280.062500,281.024994,179.603485,8981616,0.000000,0.000000
2006-12-29,281.500000,283.225006,278.293762,280.225006,179.092270,6093568,0.000000,0.000000
2007-01-02,281.625000,287.125000,279.762512,284.081238,181.556793,8629864,0.000000,0.000000
2007-01-03,284.081238,290.000000,284.081238,288.918762,184.648468,10889256,0.000000,0.000000
2007-01-04,290.149994,290.625000,284.381256,285.662506,182.567352,8777064,0.000000,0.000000
2007-01-05,285.750000,288.125000,281.943756,284.381256,181.748550,7021952,0.000000,0.000000
2007-01-08,284.381256,285.000000,274.062500,275.700012,176.200302,18481368,0.000000,0.000000
2007-01-09,277.000000,279.431244,271.674988,273.762512,174.962067,13416408,0.000000,0.000000
2007-01-10,275.000000,275.000000,269.174988,270.556244,172.912964,15159184,0.000000,0.000000
2007-01-11,272.625000,276.862488,261.893738,272.875000,174.394852,34092208,0.000000,0.000000
2007-01-12,275.000000,278.962494,275.000000,277.924988,177.622284,13832688,0.000000,0.000000
2007-01-15,279.118744,280.943756,278.750000,280.368744,179.184067,10134760,0.000000,0.000000
2007-01-16,280.649994,281.250000,277.012512,277.774994,177.526459,5113808,0.000000,0.000000
2007-01-17,280.625000,280.625000,274.643738,275.681244,176.188309,8803400,0.000000,0.000000
2007-01-18,275.750000,279.125000,275.750000,278.018738,177.682236,7906152,0.000000,0.000000
2007-01-19,278.125000,279.750000,273.125000,275.293762,175.940674,11551144,0.000000,0.000000
2007-01-22,276.875000,282.500000,275.549988,281.750000,180.066864,9721392,0.000000,0.000000
2007-01-23,281.000000,281.000000,277.518738,279.393738,178.561005,6907168,0.000000,0.000000
2007-01-24,275.125000,282.125000,275.125000,279.256256,178.473114,3660880,0.000000,0.000000
2007-01-25,280.125000,281.837494,277.674988,280.125000,179.028351,6798352,0.000000,0.000000
2007-01-29,279.375000,281.875000,276.543762,280.549988,179.299927,6550912,0.000000,0.000000
2007-01-31,280.000000,281.875000,277.668762,280.912506,179.531616,9171104,0.000000,0.000000
2007-02-01,281.250000,284.375000,279.793762,283.618744,181.261169,3367264,0.000000,0.000000
2007-02-02,284.375000,285.000000,280.262512,283.193756,180.989594,9842920,0.000000,0.000000
2007-02-05,279.375000,284.549988,279.375000,283.662506,181.289154,7299072,0.000000,0.000000
2007-02-06,283.750000,285.868744,282.500000,284.118744,181.580780,6560944,0.000000,0.000000
2007-02-07,281.943756,296.250000,281.943756,294.631256,188.299316,14498464,0.000000,0.000000
2007-02-08,295.625000,297.500000,291.700012,296.712494,189.629440,6571448,0.000000,0.000000
2007-02-09,296.799988,299.750000,292.250000,295.156250,188.634811,6304808,0.000000,0.000000
2007-02-12,291.875000,296.212494,288.887512,293.906250,187.835938,4868088,0.000000,0.000000
2007-02-13,293.875000,294.812500,284.575012,288.024994,184.077240,7561016,0.000000,0.000000
2007-02-14,285.274994,289.375000,282.712494,285.581238,182.515411,9642200,0.000000,0.000000
2007-02-15,290.612488,301.875000,286.875000,297.868744,190.368378,9978848,0.000000,0.000000
2007-02-19,297.750000,300.000000,295.368744,297.012512,189.821152,3086648,0.000000,0.000000
2007-02-20,296.881256,298.475006,293.875000,294.993744,188.530975,2471920,0.000000,0.000000
2007-02-21,295.000000,296.500000,287.762512,288.862488,184.612442,9348720,0.000000,0.000000
2007-02-22,288.500000,291.875000,283.750000,285.937500,182.743164,10388800,0.000000,0.000000
2007-02-23,284.750000,288.875000,276.524994,279.712494,178.764694,11559176,0.000000,0.000000
2007-02-26,279.250000,280.875000,269.375000,277.268738,177.202927,11670248,0.000000,0.000000
2007-02-27,278.750000,278.750000,270.656250,273.375000,174.714371,8956896,0.000000,0.000000
2007-02-28,272.500000,272.500000,256.250000,259.693756,165.970673,25000392,0.000000,0.000000
2007-03-01,260.000000,273.118744,259.500000,269.893738,172.489502,13634656,0.000000,0.000000
2007-03-02,271.700012,272.375000,259.375000,261.687500,167.244858,12168104,0.000000,0.000000
2007-03-05,259.737488,259.737488,250.000000,250.893753,160.346603,13950768,0.000000,0.000000
2007-03-06,251.625000,269.212494,251.625000,264.306244,168.918533,14552864,0.000000,0.000000
2007-03-07,270.924988,270.924988,256.287506,260.668762,166.593826,10270272,0.000000,0.000000
2007-03-08,261.250000,268.250000,260.156250,266.968750,170.620148,12261208,0.000000,0.000000
2007-03-09,266.293762,268.750000,262.043762,265.118744,169.437836,8085208,0.000000,0.000000
2007-03-12,265.000000,267.993744,262.500000,264.412506,168.986481,9065944,0.000000,0.000000
2007-03-13,264.625000,266.243744,258.725006,263.131256,168.167618,11465824,0.000000,0.000000
2007-03-14,259.375000,261.212494,251.531250,252.500000,161.373138,16009280,0.000000,0.000000
2007-03-15,256.375000,263.112488,254.500000,259.924988,166.118484,17149040,0.000000,0.000000
2007-03-16,261.250000,263.125000,253.125000,255.931244,163.566071,7567776,0.000000,0.000000
2007-03-19,258.750000,261.468750,255.899994,260.906250,166.745636,5461816,0.000000,0.000000
2007-03-20,262.500000,263.587494,256.250000,256.987488,164.241119,5378584,0.000000,0.000000
2007-03-21,257.700012,262.500000,256.043762,261.743744,167.280869,9258712,0.000000,0.000000
2007-03-22,263.750000,268.125000,262.500000,264.881256,169.286041,7974344,0.000000,0.000000
2007-03-23,265.000000,266.875000,260.125000,261.575012,167.172974,10877280,0.000000,0.000000
2007-03-26,263.125000,263.125000,255.024994,257.268738,164.420883,15948600,0.000000,0.000000
2007-03-28,253.750000,253.750000,248.500000,249.006256,159.140305,21473904,0.000000,0.000000
2007-03-29,245.237503,253.625000,244.887497,248.837494,159.032471,25927192,0.000000,0.000000
2007-03-30,249.375000,253.712494,249.375000,252.331253,161.265320,14493552,0.000000,0.000000
2007-04-02,250.000000,250.000000,239.000000,240.368744,153.620071,14738880,0.000000,0.000000
2007-04-03,240.625000,246.812500,238.750000,245.581253,156.951355,17553760,0.000000,0.000000
2007-04-04,247.500000,249.981247,243.774994,249.287506,159.320084,12089584,0.000000,0.000000
2007-04-05,248.750000,249.987503,243.206253,249.037506,159.160248,6129800,0.000000,0.000000
2007-04-09,245.000000,256.750000,245.000000,255.943756,163.574066,6112144,0.000000,0.000000
2007-04-10,256.250000,258.000000,247.637497,249.856247,159.683548,11851632,0.000000,0.000000
2007-04-11,250.625000,254.875000,248.468750,249.531250,159.475830,12324768,0.000000,0.000000
2007-04-12,248.625000,256.987488,245.000000,255.731247,163.438248,18025880,0.000000,0.000000
2007-04-13,262.500000,266.500000,253.293747,260.862488,166.717667,37096144,0.000000,0.000000
2007-04-16,268.750000,269.500000,260.875000,266.087494,170.056992,13423280,0.000000,0.000000
2007-04-17,263.750000,266.000000,258.256256,260.343750,166.386124,13779368,0.000000,0.000000
2007-04-18,260.812500,262.337494,257.899994,259.537506,165.870834,9491616,0.000000,0.000000
2007-04-19,256.268738,257.174988,253.156250,254.987503,162.962875,12689648,0.000000,0.000000
2007-04-20,261.850006,261.850006,256.143738,256.887512,164.177216,7901224,0.000000,0.000000
2007-04-23,259.968750,259.968750,257.518738,258.656250,165.307617,6204520,0.000000,0.000000
2007-04-24,253.187500,259.225006,253.125000,257.237488,164.400879,10435904,0.000000,0.000000
2007-04-25,255.750000,256.250000,251.500000,252.312500,161.253311,11769504,0.000000,0.000000
2007-04-26,254.375000,256.237488,251.000000,252.356247,161.281326,11592024,0.000000,0.000000
2007-04-27,253.750000,254.337494,248.875000,250.643753,160.186813,13179936,0.000000,0.000000
2007-04-30,250.625000,257.500000,250.625000,256.356262,163.837738,7900544,0.000000,0.000000
2007-05-03,257.125000,261.656250,257.125000,260.206238,166.298233,8526624,0.000000,0.000000
2007-05-04,260.037506,261.250000,256.518738,258.987488,165.519318,7354320,0.000000,0.000000
2007-05-07,259.000000,259.375000,254.437500,255.231247,163.118668,7725136,0.000000,0.000000
2007-05-08,253.750000,254.375000,249.393753,250.281250,159.955139,11778832,0.000000,0.000000
2007-05-09,250.250000,250.812500,246.875000,247.574997,158.225555,11830928,0.000000,0.000000
2007-05-10,251.125000,251.837494,246.250000,246.774994,157.714310,12493392,0.000000,0.000000
2007-05-11,246.250000,252.500000,243.875000,250.074997,159.823349,12702344,0.000000,0.000000
2007-05-14,252.250000,252.962494,247.831253,250.237503,159.927200,7335704,0.000000,0.000000
2007-05-15,249.875000,250.000000,246.000000,246.681244,157.654343,8705704,0.000000,0.000000
2007-05-16,246.625000,247.750000,242.000000,243.962494,155.916855,15668240,0.000000,0.000000
2007-05-17,245.000000,248.625000,245.000000,247.937500,158.457245,17139072,0.000000,0.000000
2007-05-18,247.375000,250.737503,246.000000,247.737503,158.329407,9588872,0.000000,0.000000
2007-05-21,248.256256,249.000000,243.781250,245.050003,156.611847,13263216,0.000000,0.000000
2007-05-22,243.762497,245.112503,241.375000,243.343750,155.521408,19028016,0.000000,0.000000
2007-05-23,243.750000,244.250000,240.012497,240.718750,153.843735,10531456,0.000000,0.000000
2007-05-24,240.625000,243.737503,239.750000,242.125000,154.742493,19166928,0.000000,0.000000
2007-05-25,243.750000,249.000000,238.125000,248.187500,158.617035,17904664,0.000000,0.000000
2007-05-28,244.456253,251.712494,244.456253,246.443756,157.502579,13356216,0.000000,0.000000
2007-05-29,246.875000,246.875000,243.162506,244.212494,156.076614,6663480,0.000000,0.000000
2007-05-30,243.125000,244.968750,237.625000,238.268753,152.277924,20476856,0.000000,0.000000
2007-05-31,240.000000,242.387497,238.750000,240.437500,153.663986,13968520,0.000000,0.000000
2007-06-01,241.625000,243.737503,241.500000,242.318756,154.866318,7742200,0.000000,0.000000
2007-06-04,243.750000,246.087494,238.600006,239.537506,153.088791,9405184,0.000000,0.000000
2007-06-05,240.000000,243.750000,238.500000,242.899994,155.237778,14302728,0.000000,0.000000
2007-06-06,246.750000,246.750000,241.250000,242.293747,155.370041,16488016,0.812500,0.000000
2007-06-07,230.856247,246.500000,230.856247,244.643753,156.876968,13315048,0.000000,0.000000
2007-06-08,243.737503,246.875000,238.937500,243.856247,156.371994,20947712,0.000000,0.000000
2007-06-11,246.750000,249.500000,246.250000,247.475006,158.692490,18446208,0.000000,0.000000
2007-06-12,245.250000,249.862503,245.250000,248.687500,159.469986,9489648,0.000000,0.000000
2007-06-13,214.375000,249.875000,214.375000,248.593750,159.409866,6143208,0.000000,0.000000
2007-06-14,249.375000,253.875000,249.375000,252.399994,161.850647,15894848,0.000000,0.000000
2007-06-15,253.750000,254.750000,250.000000,251.175003,161.065155,8519312,0.000000,0.000000
2007-06-18,253.125000,253.625000,248.193756,248.681244,159.465973,9880776,0.000000,0.000000
2007-06-19,248.750000,248.856247,242.750000,244.574997,156.832870,14005784,0.000000,0.000000
2007-06-20,245.750000,246.750000,243.768753,244.274994,156.640457,6835384,0.000000,0.000000
2007-06-21,244.250000,245.750000,241.899994,244.806244,156.981171,6758680,0.000000,0.000000
2007-06-22,245.587494,245.587494,241.875000,243.850006,156.367950,6673960,0.000000,0.000000
2007-06-25,243.850006,245.362503,239.875000,242.081253,155.233780,5557352,0.000000,0.000000
2007-06-26,241.250000,243.500000,240.000000,240.268753,154.071472,6085936,0.000000,0.000000
2007-06-27,241.375000,243.281250,241.000000,241.918747,155.129593,5488248,0.000000,0.000000
2007-06-28,242.500000,243.449997,239.137497,240.631256,154.303955,8399232,0.000000,0.000000
2007-06-29,243.750000,246.250000,240.000000,241.131256,154.624619,13776528,0.000000,0.000000
2007-07-02,243.000000,244.362503,241.125000,242.981247,155.810867,9189768,0.000000,0.000000
2007-07-03,243.750000,244.131256,241.912506,243.425003,156.095459,5633960,0.000000,0.000000
2007-07-04,245.125000,245.125000,240.250000,241.381256,154.784927,5838480,0.000000,0.000000
2007-07-05,241.393753,242.500000,238.750000,239.600006,153.642654,7673904,0.000000,0.000000
2007-07-06,230.837494,247.087494,230.837494,246.475006,158.051239,17535640,0.000000,0.000000
2007-07-09,248.625000,251.175003,248.293747,249.218750,159.810638,14444344,0.000000,0.000000
2007-07-10,249.375000,255.243744,249.375000,252.562500,161.954849,17479504,0.000000,0.000000
2007-07-11,250.000000,250.000000,240.625000,241.206253,154.672623,37621888,0.000000,0.000000
2007-07-12,243.750000,244.962494,239.375000,240.274994,154.075531,31228624,0.000000,0.000000
2007-07-13,241.518753,244.800003,240.256256,242.475006,155.486252,26942344,0.000000,0.000000
2007-07-16,243.125000,244.375000,241.000000,241.981247,155.169632,13679896,0.000000,0.000000
2007-07-17,242.500000,244.837494,241.750000,242.318756,155.386108,8854256,0.000000,0.000000
2007-07-18,242.637497,244.312500,241.899994,243.068756,155.866989,6772224,0.000000,0.000000
2007-07-19,243.500000,250.000000,243.250000,249.562500,160.031113,16677152,0.000000,0.000000
2007-07-20,250.000000,252.375000,246.318756,248.281250,159.209473,13050288,0.000000,0.000000
2007-07-23,246.762497,247.987503,241.399994,243.475006,156.127548,15034016,0.000000,0.000000
2007-07-24,243.475006,247.487503,242.568756,246.887497,158.315704,8892384,0.000000,0.000000
2007-07-25,247.000000,251.250000,243.125000,248.606247,159.417892,11647192,0.000000,0.000000
2007-07-26,249.750000,256.250000,249.375000,254.293747,163.065002,22691384,0.000000,0.000000
2007-07-27,250.125000,251.875000,245.206253,250.981247,160.940826,13866488,0.000000,0.000000
2007-07-30,250.981247,251.250000,245.793747,248.300003,159.221512,5598216,0.000000,0.000000
2007-07-31,248.750000,254.375000,244.406250,246.975006,158.371872,7234104,0.000000,0.000000
2007-08-01,248.500000,248.500000,240.375000,241.187500,154.660645,11838920,0.000000,0.000000
2007-08-02,243.750000,243.750000,236.562500,237.399994,152.231949,11826664,0.000000,0.000000
2007-08-03,237.625000,240.425003,237.250000,239.581253,153.630646,6699184,0.000000,0.000000
2007-08-06,242.475006,242.475006,232.543747,233.162506,149.514648,9018400,0.000000,0.000000
2007-08-07,234.375000,237.500000,232.887497,234.806244,150.568680,11022904,0.000000,0.000000
2007-08-08,236.250000,249.750000,236.250000,245.906250,157.686539,24515808,0.000000,0.000000
2007-08-09,248.750000,250.625000,240.625000,241.781250,155.041397,10244784,0.000000,0.000000
2007-08-10,231.887497,245.875000,231.887497,244.987503,157.097382,14852240,0.000000,0.000000
2007-08-13,246.250000,246.250000,240.149994,243.737503,156.295853,6277472,0.000000,0.000000
2007-08-14,243.750000,245.125000,241.831253,244.425003,156.736725,4490672,0.000000,0.000000
2007-08-16,233.750000,240.875000,232.774994,239.137497,153.346069,14135888,0.000000,0.000000
2007-08-17,239.868744,239.868744,217.893753,231.818756,148.652985,27524232,0.000000,0.000000
2007-08-20,239.375000,239.375000,227.562500,228.649994,146.621017,13752864,0.000000,0.000000
2007-08-21,228.875000,231.262497,219.031250,220.168747,141.182465,20084032,0.000000,0.000000
2007-08-22,220.625000,226.050003,218.750000,223.587494,143.374695,9464336,0.000000,0.000000
2007-08-23,231.125000,231.243744,224.024994,226.443756,145.206299,13791248,0.000000,0.000000
2007-08-24,222.643753,229.187500,222.643753,228.199997,146.332443,7405424,0.000000,0.000000
2007-08-27,229.875000,231.375000,227.037506,230.962494,148.103928,5364912,0.000000,0.000000
2007-08-28,228.750000,236.750000,228.250000,235.031250,150.712982,10137472,0.000000,0.000000
2007-08-29,230.125000,233.750000,227.562500,229.656250,147.266312,11615696,0.000000,0.000000
2007-08-30,231.250000,233.800003,230.125000,233.149994,149.506622,8973008,0.000000,0.000000
2007-08-31,235.625000,235.625000,231.000000,231.818756,148.652985,7885336,0.000000,0.000000
2007-09-03,233.125000,233.750000,231.875000,232.581253,149.141907,4769872,0.000000,0.000000
2007-09-04,240.337494,240.337494,221.875000,236.212494,151.470459,5593768,0.000000,0.000000
2007-09-05,235.500000,240.618744,235.406250,236.881256,151.899292,8701272,0.000000,0.000000
2007-09-06,234.500000,238.625000,234.500000,237.975006,152.600723,3881216,0.000000,0.000000
2007-09-07,238.875000,240.625000,237.625000,238.562500,152.977417,5357776,0.000000,0.000000
2007-09-10,236.562500,238.087494,233.206253,233.937500,150.011642,5928440,0.000000,0.000000
2007-09-11,235.750000,235.750000,226.875000,227.850006,146.108063,7806928,0.000000,0.000000
2007-09-12,228.125000,233.250000,226.643753,227.731247,146.031891,7977880,0.000000,0.000000
2007-09-13,228.125000,232.750000,227.937500,229.281250,147.025818,9630800,0.000000,0.000000
2007-09-14,230.000000,232.250000,228.787506,229.637497,147.254257,9550288,0.000000,0.000000
2007-09-17,231.750000,231.862503,224.062500,225.600006,144.665237,11030912,0.000000,0.000000
2007-09-18,225.000000,226.843750,223.312500,225.568756,144.645172,13408016,0.000000,0.000000
2007-09-19,230.000000,233.500000,230.000000,231.449997,148.416504,17208904,0.000000,0.000000
2007-09-20,230.000000,230.625000,224.393753,225.050003,144.312500,10340064,0.000000,0.000000
2007-09-21,223.750000,231.250000,219.125000,228.237503,146.356506,15328600,0.000000,0.000000
2007-09-24,228.500000,228.743744,220.000000,220.381256,141.318741,17386784,0.000000,0.000000
2007-09-25,223.125000,224.375000,218.562500,221.418747,141.984024,17385008,0.000000,0.000000
2007-09-26,222.500000,229.337494,221.250000,228.143753,146.296387,13126264,0.000000,0.000000
2007-09-27,234.012497,241.587494,229.375000,239.481247,153.566528,30952096,0.000000,0.000000
2007-09-28,240.625000,243.750000,233.375000,236.593750,151.714981,16135888,0.000000,0.000000
2007-10-01,236.875000,239.375000,231.587494,238.168747,152.724899,12118896,0.000000,0.000000
2007-10-03,240.000000,251.862503,238.750000,250.193756,160.435898,26572224,0.000000,0.000000
2007-10-04,251.250000,251.250000,245.250000,249.862503,160.223465,14354928,0.000000,0.000000
2007-10-05,250.000000,250.000000,246.949997,247.862503,158.940964,8433464,0.000000,0.000000
2007-10-08,250.000000,253.125000,248.000000,250.456253,160.604202,8695752,0.000000,0.000000
2007-10-09,248.125000,256.500000,248.125000,255.925003,164.111008,13053992,0.000000,0.000000
2007-10-10,261.831238,267.743744,257.500000,265.631256,170.335144,22305808,0.000000,0.000000
2007-10-11,262.500000,262.500000,245.375000,247.106247,158.456009,35483448,0.000000,0.000000
2007-10-12,245.625000,246.862503,237.975006,241.212494,154.676666,20546200,0.000000,0.000000
2007-10-15,245.975006,245.975006,239.250000,240.975006,154.524399,14805752,0.000000,0.000000
2007-10-16,232.662506,241.250000,230.012497,233.293747,149.598816,20676272,0.000000,0.000000
2007-10-17,225.000000,238.500000,223.125000,236.287506,151.518585,16105088,0.000000,0.000000
2007-10-18,237.500000,243.750000,232.100006,236.250000,151.976883,18871056,0.750000,0.000000
2007-10-19,237.500000,241.250000,234.518753,238.706253,153.556946,11118784,0.000000,0.000000
2007-10-22,232.250000,238.774994,232.250000,235.843750,151.715576,10683432,0.000000,0.000000
2007-10-23,237.500000,239.699997,233.750000,235.431244,151.450241,12346344,0.000000,0.000000
2007-10-24,237.625000,239.750000,229.137497,230.562500,148.318192,11446248,0.000000,0.000000
2007-10-25,231.375000,234.475006,228.125000,229.631256,147.719162,12955840,0.000000,0.000000
2007-10-26,229.375000,231.875000,228.000000,231.031250,148.619736,8279104,0.000000,0.000000
2007-10-29,237.500000,237.500000,231.899994,232.574997,149.612823,5328480,0.000000,0.000000
2007-10-30,233.750000,235.500000,229.949997,231.774994,149.098190,5996440,0.000000,0.000000
2007-10-31,233.687500,235.643753,227.262497,229.681244,147.751282,10025528,0.000000,0.000000
2007-11-01,233.956253,235.000000,229.500000,234.243744,150.686310,9522528,0.000000,0.000000
2007-11-02,231.250000,241.250000,227.625000,239.643753,154.160034,10208808,0.000000,0.000000
2007-11-05,237.500000,241.087494,230.043747,231.750000,149.082108,6211480,0.000000,0.000000
2007-11-06,231.250000,234.375000,231.250000,231.468750,148.901184,4517832,0.000000,0.000000
2007-11-07,231.418747,231.418747,216.875000,218.237503,140.389679,23151400,0.000000,0.000000
2007-11-08,214.837494,218.125000,212.875000,214.543747,138.013504,15705240,0.000000,0.000000
2007-11-12,209.375000,209.375000,201.268753,205.231247,132.022888,25324832,0.000000,0.000000
2007-11-13,203.125000,211.637497,200.875000,203.393753,130.840836,23517112,0.000000,0.000000
2007-11-14,210.000000,216.250000,207.000000,213.493744,137.338028,16262008,0.000000,0.000000
2007-11-15,212.500000,212.500000,204.750000,205.912506,132.461136,13053800,0.000000,0.000000
2007-11-16,205.912506,208.000000,202.250000,203.125000,130.667969,9711528,0.000000,0.000000
2007-11-19,206.250000,206.250000,202.000000,202.493744,130.261902,14441160,0.000000,0.000000
2007-11-20,200.875000,202.500000,194.168747,195.712494,125.899567,22736872,0.000000,0.000000
2007-11-21,193.125000,198.375000,192.500000,193.387497,124.403946,16523872,0.000000,0.000000
2007-11-22,193.743744,195.012497,189.875000,191.449997,123.157555,12576744,0.000000,0.000000
2007-11-23,193.750000,200.587494,191.712494,194.687500,125.240250,16680696,0.000000,0.000000
2007-11-26,195.625000,199.681244,195.625000,196.993744,126.723785,9515520,0.000000,0.000000
2007-11-27,196.993744,198.250000,195.343750,196.706253,126.538879,11749864,0.000000,0.000000
2007-11-28,198.625000,199.375000,194.875000,196.162506,126.189049,9458944,0.000000,0.000000
2007-11-29,200.625000,201.750000,193.750000,195.906250,126.024254,24061072,0.000000,0.000000
2007-11-30,196.750000,203.112503,196.750000,200.312500,128.858734,27369392,0.000000,0.000000
2007-12-03,200.312500,204.000000,198.574997,200.043747,128.685837,20101040,0.000000,0.000000
2007-12-04,199.812500,203.462494,198.850006,201.912506,129.887970,11367656,0.000000,0.000000
2007-12-05,202.462494,202.462494,198.812500,200.437500,128.939163,9996752,0.000000,0.000000
2007-12-06,201.412506,206.125000,201.412506,204.418747,131.500259,14144400,0.000000,0.000000
2007-12-07,206.250000,218.662506,203.781250,215.287506,138.491974,21737160,0.000000,0.000000
2007-12-10,217.437500,220.962494,212.500000,218.587494,140.614822,12426168,0.000000,0.000000
2007-12-11,218.587494,219.875000,213.375000,218.037506,140.261002,8444392,0.000000,0.000000
2007-12-12,213.750000,215.000000,207.125000,210.718750,135.552887,12351000,0.000000,0.000000
2007-12-13,211.750000,212.362503,206.531250,207.493744,133.478363,6652856,0.000000,0.000000
2007-12-14,206.500000,209.337494,204.762497,205.787506,132.380722,4281176,0.000000,0.000000
2007-12-17,206.250000,207.375000,201.500000,203.043747,130.615738,7347000,0.000000,0.000000
2007-12-18,191.706253,209.375000,191.706253,202.243744,130.101044,8413376,0.000000,0.000000
2007-12-19,204.324997,206.250000,204.018753,204.925003,131.825882,5297880,0.000000,0.000000
2007-12-20,205.875000,215.000000,205.587494,211.943756,136.340988,15204048,0.000000,0.000000
2007-12-24,214.800003,227.375000,213.750000,226.268753,145.556046,16365336,0.000000,0.000000
2007-12-26,227.500000,228.193756,221.250000,227.225006,146.171234,4604376,0.000000,0.000000
2007-12-27,228.000000,229.850006,224.018753,225.300003,144.932892,8358504,0.000000,0.000000
2007-12-28,221.250000,226.250000,213.762497,224.531250,144.438354,4784160,0.000000,0.000000
2007-12-31,225.125000,225.625000,219.887497,221.237503,142.319534,5272944,0.000000,0.000000
2008-01-01,220.824997,222.324997,217.781250,218.356247,140.466049,2001624,0.000000,0.000000
2008-01-02,218.750000,219.918747,214.050003,218.537506,140.582642,6155056,0.000000,0.000000
2008-01-03,224.625000,224.625000,211.250000,213.631256,137.426529,12425960,0.000000,0.000000
2008-01-04,218.425003,218.425003,210.000000,211.862503,136.288742,6166320,0.000000,0.000000
2008-01-07,208.750000,211.250000,202.875000,204.606247,131.620880,13254200,0.000000,0.000000
2008-01-08,206.875000,209.987503,202.768753,207.781250,133.663269,15531264,0.000000,0.000000
2008-01-09,206.875000,212.375000,205.793747,206.618744,132.915482,14714680,0.000000,0.000000
2008-01-10,210.925003,211.250000,198.500000,200.318756,128.862701,15498280,0.000000,0.000000
2008-01-11,212.500000,217.406250,195.625000,197.718750,127.190193,22633144,0.000000,0.000000
2008-01-14,199.875000,201.250000,190.625000,191.187500,122.988708,16050824,0.000000,0.000000
2008-01-15,193.000000,194.362503,187.500000,187.762497,120.785469,12786224,0.000000,0.000000
2008-01-16,187.500000,189.875000,183.762497,186.912506,120.238686,11127096,0.000000,0.000000
2008-01-17,187.500000,190.656250,185.625000,186.300003,119.844635,9699600,0.000000,0.000000
2008-01-18,186.625000,187.250000,181.368744,183.550003,118.075592,8136992,0.000000,0.000000
2008-01-21,182.487503,186.250000,163.024994,173.887497,111.859833,22169536,0.000000,0.000000
2008-01-22,167.500000,180.500000,156.875000,172.612503,111.039627,27680552,0.000000,0.000000
2008-01-23,181.125000,182.324997,171.524994,177.750000,114.344513,17827184,0.000000,0.000000
2008-01-24,181.125000,187.875000,174.375000,177.818756,114.388794,13942864,0.000000,0.000000
2008-01-25,178.750000,192.350006,178.750000,189.981247,122.212753,6650192,0.000000,0.000000
2008-01-28,184.250000,187.500000,175.906250,180.793747,116.302536,7788688,0.000000,0.000000
2008-01-29,181.250000,188.718750,181.250000,186.574997,120.021523,9040664,0.000000,0.000000
2008-01-30,188.875000,188.875000,184.031250,186.656250,120.073822,7139816,0.000000,0.000000
2008-01-31,187.000000,191.862503,183.774994,187.381256,120.540192,17885296,0.000000,0.000000
2008-02-01,188.250000,201.000000,188.250000,199.324997,128.223419,11143960,0.000000,0.000000
2008-02-04,204.312500,208.118744,200.625000,205.006256,131.878159,11361168,0.000000,0.000000
2008-02-05,204.625000,204.625000,198.125000,201.162506,129.405487,8020712,0.000000,0.000000
2008-02-06,188.125000,196.862503,187.500000,188.743744,121.416649,9944016,0.000000,0.000000
2008-02-07,193.212494,193.212494,184.031250,185.293747,119.197327,4179600,0.000000,0.000000
2008-02-08,185.000000,197.125000,184.875000,194.043747,124.826111,13180592,0.000000,0.000000
2008-02-11,193.750000,200.000000,190.031250,194.743744,125.276413,13978800,0.000000,0.000000
2008-02-12,195.000000,200.000000,191.918747,193.156250,124.255165,8462432,0.000000,0.000000
2008-02-13,196.250000,206.256256,187.668747,193.175003,124.267242,9893968,0.000000,0.000000
2008-02-14,190.687500,199.925003,190.687500,193.343750,124.375786,11749944,0.000000,0.000000
2008-02-15,192.500000,197.500000,187.625000,195.675003,125.875488,8952256,0.000000,0.000000
2008-02-18,196.250000,197.375000,192.531250,194.393753,125.051231,3266176,0.000000,0.000000
2008-02-19,195.000000,196.906250,190.812500,194.562500,125.159843,5356392,0.000000,0.000000
2008-02-20,196.375000,198.725006,194.562500,196.112503,126.156898,7002904,0.000000,0.000000
2008-02-21,199.987503,206.250000,196.537506,203.443756,130.873032,10366768,0.000000,0.000000
2008-02-22,201.500000,202.850006,196.443756,197.581253,127.101761,4970504,0.000000,0.000000
2008-02-25,199.850006,202.981247,197.875000,201.893753,129.875931,7592448,0.000000,0.000000
2008-02-26,202.375000,209.000000,201.250000,207.856247,133.711563,8402704,0.000000,0.000000
2008-02-27,208.125000,210.925003,201.893753,202.362503,130.177490,8432760,0.000000,0.000000
2008-02-28,201.125000,202.500000,199.018753,199.918747,128.605438,11706032,0.000000,0.000000
2008-02-29,196.250000,200.237503,190.125000,193.524994,124.492371,7945088,0.000000,0.000000
2008-03-03,192.625000,192.625000,181.250000,183.487503,118.035400,12364736,0.000000,0.000000
2008-03-04,190.512497,190.512497,176.250000,177.381256,114.107300,10798960,0.000000,0.000000
2008-03-05,178.125000,187.500000,175.625000,184.850006,118.911865,11396696,0.000000,0.000000
2008-03-07,181.250000,181.250000,175.037506,178.818756,115.031990,9164680,0.000000,0.000000
2008-03-10,176.750000,184.824997,175.000000,178.887497,115.076271,5657136,0.000000,0.000000
2008-03-11,179.875000,179.875000,175.625000,178.293747,114.694283,16043424,0.000000,0.000000
2008-03-12,184.250000,184.375000,172.000000,173.143753,111.381378,13626184,0.000000,0.000000
2008-03-13,172.500000,173.100006,163.875000,167.212494,107.565857,7881488,0.000000,0.000000
2008-03-14,166.875000,173.625000,166.250000,171.274994,110.179230,9622768,0.000000,0.000000
2008-03-17,168.500000,169.287506,163.875000,167.225006,107.573944,5832080,0.000000,0.000000
2008-03-18,167.500000,170.125000,162.500000,164.324997,105.708382,14731424,0.000000,0.000000
2008-03-19,168.743744,171.625000,164.500000,167.962494,108.048340,15637216,0.000000,0.000000
2008-03-24,169.656250,173.500000,167.899994,170.056244,109.395203,13596008,0.000000,0.000000
2008-03-25,175.206253,193.362503,173.750000,186.537506,119.997414,22739080,0.000000,0.000000
2008-03-26,188.125000,189.731247,181.387497,187.437500,120.576378,11819184,0.000000,0.000000
2008-03-27,186.256256,186.256256,178.262497,180.218750,115.932632,16692504,0.000000,0.000000
2008-03-28,179.000000,192.337494,177.500000,190.149994,122.321266,11829888,0.000000,0.000000
2008-03-31,185.250000,187.500000,175.512497,179.987503,115.783905,20198320,0.000000,0.000000
2008-04-01,180.637497,183.000000,176.274994,177.881256,114.428970,6289208,0.000000,0.000000
2008-04-02,184.375000,187.375000,183.125000,185.350006,119.233505,11152080,0.000000,0.000000
2008-04-03,183.762497,191.250000,183.762497,190.312500,122.425842,9778160,0.000000,0.000000
2008-04-04,183.875000,190.875000,179.000000,185.681244,119.446609,8028032,0.000000,0.000000
2008-04-07,187.375000,191.050003,184.531250,186.506256,119.977325,16097184,0.000000,0.000000
2008-04-08,186.500000,186.875000,181.531250,183.368744,117.958992,12385648,0.000000,0.000000
2008-04-09,183.368744,186.000000,181.375000,184.993744,119.004341,9028552,0.000000,0.000000
2008-04-10,183.125000,188.737503,180.375000,181.574997,116.805099,17130064,0.000000,0.000000
2008-04-11,183.750000,185.000000,176.625000,177.737503,114.336502,24134312,0.000000,0.000000
2008-04-15,180.000000,190.625000,177.500000,188.800003,121.452843,36402536,0.000000,0.000000
2008-04-16,190.625000,201.875000,190.000000,200.024994,128.673782,30611608,0.000000,0.000000
2008-04-17,203.743744,211.250000,202.500000,207.387497,133.409988,36919280,0.000000,0.000000
2008-04-21,209.875000,214.625000,203.500000,205.725006,132.340576,14821992,0.000000,0.000000
2008-04-22,203.750000,205.643753,197.500000,199.824997,128.545151,16797448,0.000000,0.000000
2008-04-23,200.000000,206.637497,199.637497,205.993744,132.513351,16632104,0.000000,0.000000
2008-04-24,206.250000,213.487503,204.125000,212.006256,136.381180,18346552,0.000000,0.000000
2008-04-25,212.493744,214.449997,206.375000,210.537506,135.436356,15895984,0.000000,0.000000
2008-04-28,211.250000,212.500000,206.387497,207.956253,133.775879,8629856,0.000000,0.000000
2008-04-29,206.250000,220.243744,205.137497,218.693756,140.683167,33966768,0.000000,0.000000
2008-04-30,220.000000,226.250000,216.262497,219.137497,140.968628,20999336,0.000000,0.000000
2008-05-02,221.875000,224.625000,221.043747,223.431244,143.730743,17349008,0.000000,0.000000
2008-05-05,223.375000,226.250000,220.518753,223.243744,143.610107,9792280,0.000000,0.000000
2008-05-06,220.699997,231.250000,217.000000,225.931244,145.338989,17782656,0.000000,0.000000
2008-05-07,229.612503,232.375000,227.324997,230.518753,148.290054,22085248,0.000000,0.000000
2008-05-08,225.625000,229.375000,218.181244,223.081253,143.505585,15537672,0.000000,0.000000
2008-05-09,222.625000,223.925003,217.125000,218.668747,140.667068,14412800,0.000000,0.000000
2008-05-12,221.175003,224.875000,211.918747,221.675003,142.600983,16301840,0.000000,0.000000
2008-05-13,223.125000,226.862503,214.375000,218.593750,140.618835,18049576,0.000000,0.000000
2008-05-14,217.500000,229.375000,217.500000,228.112503,146.742126,16222912,0.000000,0.000000
2008-05-15,228.000000,238.562500,228.000000,236.637497,152.226181,28982432,0.000000,0.000000
2008-05-16,237.125000,239.406250,232.506256,233.925003,150.481247,16864744,0.000000,0.000000
2008-05-20,233.125000,239.125000,226.875000,235.962494,151.791931,13969280,0.000000,0.000000
2008-05-21,234.250000,235.500000,231.750000,233.831253,150.420959,8559384,0.000000,0.000000
2008-05-22,232.500000,237.375000,230.875000,232.956253,149.858078,12277912,0.000000,0.000000
2008-05-23,232.956253,235.500000,227.043747,228.593750,147.051773,11698168,0.000000,0.000000
2008-05-26,226.250000,236.875000,223.875000,235.631256,151.578842,21397152,0.000000,0.000000
2008-05-27,236.250000,237.375000,233.250000,235.387497,151.422058,10323560,0.000000,0.000000
2008-05-28,235.375000,240.000000,234.562500,238.949997,153.713745,15428808,0.000000,0.000000
2008-05-29,238.125000,238.562500,232.068756,235.681244,153.803513,15898512,3.406250,0.000000
2008-05-30,236.250000,247.250000,233.125000,245.350006,160.113235,27614928,0.000000,0.000000
2008-06-02,247.500000,253.750000,242.562500,243.850006,159.134338,16651424,0.000000,0.000000
2008-06-03,240.625000,243.774994,235.125000,240.281250,156.805450,15588320,0.000000,0.000000
2008-06-04,240.000000,240.000000,231.637497,233.837494,152.600281,12818832,0.000000,0.000000
2008-06-05,235.962494,248.375000,233.750000,247.443756,161.479568,19144816,0.000000,0.000000
2008-06-06,250.000000,255.812500,247.574997,249.193756,162.621628,14816264,0.000000,0.000000
2008-06-09,242.631256,246.250000,235.831253,237.687500,155.112778,14026352,0.000000,0.000000
2008-06-10,236.250000,240.000000,224.562500,231.756256,151.242096,23390272,0.000000,0.000000
2008-06-11,235.625000,238.000000,232.774994,236.606247,154.407166,9619728,0.000000,0.000000
2008-06-12,229.512497,235.750000,228.887497,234.362503,152.942902,12400424,0.000000,0.000000
2008-06-13,236.375000,239.362503,231.893753,233.331253,152.269928,10279888,0.000000,0.000000
2008-06-16,236.987503,242.500000,235.000000,238.475006,155.626694,12636592,0.000000,0.000000
2008-06-17,243.750000,243.750000,235.493744,238.943756,155.932602,10754704,0.000000,0.000000
2008-06-18,239.750000,240.593750,231.750000,232.806244,151.927292,10401800,0.000000,0.000000
2008-06-19,231.750000,235.212494,229.568756,232.800003,151.923203,6695264,0.000000,0.000000
2008-06-20,233.125000,235.687500,227.000000,228.375000,149.035538,11694864,0.000000,0.000000
2008-06-23,226.949997,233.350006,225.137497,230.725006,150.569107,9632840,0.000000,0.000000
2008-06-24,230.725006,232.500000,220.625000,224.306244,146.380264,10872056,0.000000,0.000000
2008-06-25,223.750000,223.750000,212.649994,218.343750,142.489212,22294144,0.000000,0.000000
2008-06-26,217.512497,225.000000,217.512497,223.137497,145.617538,17161832,0.000000,0.000000
2008-06-27,217.518753,220.625000,211.875000,213.181244,139.120193,11410480,0.000000,0.000000
2008-06-30,214.375000,218.600006,213.750000,217.100006,141.677505,11685696,0.000000,0.000000
2008-07-01,218.000000,221.125000,213.131256,214.625000,140.062378,12359840,0.000000,0.000000
2008-07-02,215.625000,230.500000,215.250000,227.574997,148.513412,14378920,0.000000,0.000000
2008-07-03,225.156250,225.156250,216.500000,217.881256,142.187393,12169160,0.000000,0.000000
2008-07-04,218.500000,223.625000,216.418747,219.475006,143.227463,9633904,0.000000,0.000000
2008-07-07,222.500000,228.125000,221.875000,224.975006,146.816711,8322808,0.000000,0.000000
2008-07-08,222.125000,222.125000,213.962494,217.074997,141.661209,12996936,0.000000,0.000000
2008-07-09,219.500000,229.000000,219.000000,227.737503,148.619537,15005024,0.000000,0.000000
2008-07-10,235.625000,235.625000,222.500000,225.656250,147.261261,15071872,0.000000,0.000000
2008-07-11,230.625000,234.331253,205.187500,209.606247,136.787186,52769872,0.000000,0.000000
2008-07-14,207.531250,208.750000,192.787506,194.443756,126.892227,29510328,0.000000,0.000000
2008-07-15,191.875000,197.375000,187.875000,193.081253,126.003098,25855776,0.000000,0.000000
2008-07-16,195.149994,197.125000,191.000000,193.449997,126.243767,12527008,0.000000,0.000000
2008-07-17,197.500000,200.975006,195.637497,197.787506,129.074402,13024680,0.000000,0.000000
2008-07-18,198.125000,199.875000,187.875000,193.425003,126.227478,17338848,0.000000,0.000000
2008-07-21,191.750000,197.962494,190.637497,195.162506,127.361359,10304048,0.000000,0.000000
2008-07-22,194.862503,199.781250,193.274994,197.287506,128.748123,9302648,0.000000,0.000000
2008-07-23,200.000000,206.262497,194.418747,200.281250,130.701797,16016456,0.000000,0.000000
2008-07-24,202.625000,202.625000,185.631256,195.912506,127.850739,22910080,0.000000,0.000000
2008-07-25,190.625000,197.750000,184.393753,193.831253,126.492569,10614584,0.000000,0.000000
2008-07-28,194.162506,199.500000,190.750000,192.431244,125.578934,10468480,0.000000,0.000000
2008-07-29,191.225006,193.237503,188.487503,192.587494,125.680893,8414120,0.000000,0.000000
2008-07-30,195.012497,201.218750,194.250000,200.256256,130.685471,14986328,0.000000,0.000000
2008-07-31,201.000000,201.500000,195.043747,197.931244,129.168182,19956728,0.000000,0.000000
2008-08-01,195.000000,205.812500,193.125000,204.931244,133.736298,10149664,0.000000,0.000000
2008-08-04,204.750000,210.493744,203.000000,207.356247,135.318832,9726304,0.000000,0.000000
2008-08-05,207.356247,211.943756,202.262497,209.818756,136.925842,14116240,0.000000,0.000000
2008-08-06,212.875000,215.625000,205.962494,212.418747,138.622620,26720328,0.000000,0.000000
2008-08-07,212.875000,216.750000,210.250000,215.768753,140.808792,7737432,0.000000,0.000000
2008-08-08,208.168747,214.968750,208.168747,209.949997,137.011490,9523408,0.000000,0.000000
2008-08-11,211.875000,214.625000,207.074997,208.800003,136.261017,13456128,0.000000,0.000000
2008-08-12,206.881256,212.100006,198.199997,200.487503,130.836380,26516792,0.000000,0.000000
2008-08-13,199.925003,204.250000,198.399994,203.243744,132.635086,13614136,0.000000,0.000000
2008-08-14,205.000000,213.050003,202.375000,211.687500,138.145370,16376056,0.000000,0.000000
2008-08-18,212.625000,217.125000,211.893753,213.043747,139.030487,9670840,0.000000,0.000000
2008-08-19,213.875000,214.337494,210.418747,211.593750,138.084244,6709328,0.000000,0.000000
2008-08-20,210.031250,213.712494,210.031250,212.412506,138.618530,4518864,0.000000,0.000000
2008-08-21,212.500000,212.875000,206.587494,207.681244,135.530930,4685448,0.000000,0.000000
2008-08-22,207.487503,212.837494,205.774994,212.062500,138.390106,8749992,0.000000,0.000000
2008-08-25,217.500000,218.125000,212.625000,213.306244,139.201797,2461128,0.000000,0.000000
2008-08-26,215.012497,217.481247,211.250000,212.250000,138.512497,18578752,0.000000,0.000000
2008-08-27,212.750000,214.875000,212.062500,213.524994,139.344528,10978448,0.000000,0.000000
2008-08-28,214.125000,214.625000,212.000000,212.425003,138.626648,11480800,0.000000,0.000000
2008-08-29,213.625000,218.750000,213.625000,218.637497,142.680908,9186688,0.000000,0.000000
2008-09-01,218.750000,220.837494,212.737503,215.412506,140.576309,11153904,0.000000,0.000000
2008-09-02,218.625000,222.750000,215.168747,221.906250,144.814041,8403728,0.000000,0.000000
2008-09-04,220.137497,225.625000,218.949997,223.625000,145.935699,21589384,0.000000,0.000000
2008-09-05,222.493744,222.493744,213.312500,214.037506,139.678986,11020920,0.000000,0.000000
2008-09-08,219.125000,220.250000,216.918747,218.756256,142.758438,9518400,0.000000,0.000000
2008-09-09,218.481247,219.750000,214.649994,218.681244,142.709442,9329816,0.000000,0.000000
2008-09-10,217.406250,221.531250,215.149994,219.968750,143.549637,10927472,0.000000,0.000000
2008-09-11,218.531250,220.000000,216.543747,218.831253,142.807343,13265864,0.000000,0.000000
2008-09-12,219.125000,219.125000,204.656250,205.500000,134.107468,24315128,0.000000,0.000000
2008-09-15,205.000000,205.000000,190.250000,197.268753,128.735825,17211760,0.000000,0.000000
2008-09-16,191.256256,198.250000,188.750000,195.800003,127.777328,15700792,0.000000,0.000000
2008-09-17,197.500000,205.868744,196.250000,197.375000,128.805176,18332656,0.000000,0.000000
2008-09-18,188.762497,195.000000,177.656250,190.675003,124.432793,26780192,0.000000,0.000000
2008-09-19,196.875000,205.737503,194.500000,203.118744,132.553543,31199944,0.000000,0.000000
2008-09-22,205.625000,207.543747,201.000000,203.737503,132.957275,12823792,0.000000,0.000000
2008-09-23,200.000000,203.000000,192.012497,192.993744,125.946007,13378256,0.000000,0.000000
2008-09-24,193.750000,195.975006,186.250000,190.537506,124.343086,19385704,0.000000,0.000000
2008-09-25,191.256256,191.256256,186.381256,188.356247,122.919594,18414264,0.000000,0.000000
2008-09-26,187.750000,188.356247,179.506256,180.862503,118.029289,9755960,0.000000,0.000000
2008-09-29,180.637497,181.500000,170.750000,174.162506,113.656891,17209792,0.000000,0.000000
2008-09-30,171.250000,181.712494,165.000000,174.756256,114.044411,23483064,0.000000,0.000000
2008-10-01,178.125000,183.375000,176.875000,181.162506,118.225052,26368016,0.000000,0.000000
2008-10-03,179.125000,180.000000,172.500000,173.987503,113.542725,13768264,0.000000,0.000000
2008-10-06,170.000000,173.750000,159.375000,164.831253,107.567444,12918216,0.000000,0.000000
2008-10-07,167.018753,171.625000,158.268753,162.725006,106.192902,18535736,0.000000,0.000000
2008-10-08,162.500000,162.500000,149.031250,156.781250,102.314064,22855192,0.000000,0.000000
2008-10-10,150.000000,160.000000,130.000000,153.149994,99.944321,37255704,0.000000,0.000000
2008-10-13,156.250000,170.000000,152.500000,164.818756,107.559296,19877088,0.000000,0.000000
2008-10-14,173.125000,176.437500,168.750000,174.743744,114.036232,15414536,0.000000,0.000000
2008-10-15,172.500000,172.500000,163.625000,166.925003,108.933784,12564520,0.000000,0.000000
2008-10-16,162.500000,162.500000,150.399994,157.875000,103.805138,13400072,1.250000,0.000000
2008-10-17,159.381256,163.625000,148.781250,150.343750,98.853233,12160624,0.000000,0.000000
2008-10-20,155.000000,163.868744,152.625000,161.818756,106.398247,11699384,0.000000,0.000000
2008-10-21,165.000000,174.250000,162.875000,168.449997,110.758400,18240528,0.000000,0.000000
2008-10-22,165.250000,166.162506,160.318756,162.443756,106.809219,15020952,0.000000,0.000000
2008-10-23,159.875000,169.800003,154.456253,160.406250,105.469490,20359160,0.000000,0.000000
2008-10-24,156.162506,162.500000,150.000000,155.762497,102.416183,18683728,0.000000,0.000000
2008-10-27,153.750000,161.250000,145.000000,156.475006,102.884628,20009112,0.000000,0.000000
2008-10-29,165.668747,168.750000,160.000000,163.043747,107.203697,24898056,0.000000,0.000000
2008-10-31,166.868744,179.987503,166.868744,173.618744,114.156929,31084944,0.000000,0.000000
2008-11-03,175.137497,180.875000,168.812500,172.324997,113.306236,18262272,0.000000,0.000000
2008-11-04,168.750000,172.243744,160.625000,166.487503,109.467979,22243704,0.000000,0.000000
2008-11-05,168.625000,174.375000,162.887497,165.250000,108.654327,17302080,0.000000,0.000000
2008-11-06,161.875000,164.750000,153.756256,155.712494,102.383293,13453256,0.000000,0.000000
2008-11-07,154.375000,161.250000,150.268753,157.850006,103.788734,10109256,0.000000,0.000000
2008-11-10,160.625000,169.362503,154.625000,167.312500,110.010475,10322104,0.000000,0.000000
2008-11-11,167.312500,168.550003,155.787506,157.087494,103.287392,9235216,0.000000,0.000000
2008-11-12,151.875000,163.356247,151.875000,157.431244,103.513412,13394360,0.000000,0.000000
2008-11-14,160.125000,161.837494,148.500000,151.649994,99.712128,16017160,0.000000,0.000000
2008-11-17,151.875000,155.500000,146.406250,154.050003,101.290169,18043056,0.000000,0.000000
2008-11-18,152.500000,152.500000,146.250000,147.562500,97.024544,15308640,0.000000,0.000000
2008-11-19,147.750000,150.000000,140.793747,146.587494,96.383453,22541064,0.000000,0.000000
2008-11-20,144.812500,144.812500,137.637497,140.231247,92.204147,11597904,0.000000,0.000000
2008-11-21,140.000000,150.000000,136.250000,148.081253,97.365601,12197704,0.000000,0.000000
2008-11-24,141.875000,152.475006,141.875000,149.524994,98.314941,14039264,0.000000,0.000000
2008-11-25,148.131256,154.612503,146.949997,147.743744,97.143715,9909928,0.000000,0.000000
2008-11-26,147.375000,149.375000,142.768753,148.387497,97.566994,14369440,0.000000,0.000000
2008-11-27,148.387497,148.387497,148.387497,148.387497,97.566994,0,0.000000,0.000000
2008-11-28,146.268753,156.875000,140.012497,155.481247,102.231209,24031424,0.000000,0.000000
2008-12-01,156.250000,162.337494,152.250000,153.899994,101.191544,18738696,0.000000,0.000000
2008-12-02,153.000000,153.000000,147.125000,151.043747,99.313492,12814328,0.000000,0.000000
2008-12-03,150.500000,152.750000,142.500000,144.568756,95.056122,17869336,0.000000,0.000000
2008-12-04,145.000000,149.743744,143.543747,149.050003,98.002579,11324040,0.000000,0.000000
2008-12-05,149.000000,149.000000,140.324997,141.812500,93.243843,12210128,0.000000,0.000000
2008-12-08,144.399994,148.750000,142.262497,144.718750,95.154709,23661144,0.000000,0.000000
2008-12-10,148.112503,150.837494,144.887497,146.718750,96.469780,22436400,0.000000,0.000000
2008-12-11,147.106247,147.212494,140.287506,141.862503,93.276703,16501136,0.000000,0.000000
2008-12-12,140.000000,140.000000,134.649994,138.106247,90.806931,13078352,0.000000,0.000000
2008-12-15,140.000000,142.250000,136.256256,137.787506,90.597343,13738152,0.000000,0.000000
2008-12-16,137.875000,141.625000,135.631256,140.600006,92.446609,8900720,0.000000,0.000000
2008-12-17,142.456253,147.000000,140.375000,142.693756,93.823273,24437040,0.000000,0.000000
2008-12-18,143.125000,148.050003,143.125000,147.131256,96.740974,12669424,0.000000,0.000000
2008-12-19,147.637497,150.000000,143.656250,148.912506,97.912216,12520736,0.000000,0.000000
2008-12-22,150.000000,150.625000,145.762497,148.350006,97.542343,8749184,0.000000,0.000000
2008-12-23,146.975006,148.750000,145.449997,147.006256,96.658798,7100208,0.000000,0.000000
2008-12-24,147.500000,152.781250,145.962494,146.750000,96.490311,8551056,0.000000,0.000000
2008-12-26,144.631256,148.600006,138.125000,138.656250,91.168556,11889320,0.000000,0.000000
2008-12-29,138.756256,139.949997,133.125000,139.218750,91.538399,14264688,0.000000,0.000000
2008-12-30,140.250000,141.731247,136.393753,140.987503,92.701363,8457504,0.000000,0.000000
2008-12-31,141.875000,142.375000,137.887497,139.431244,91.678116,7221320,0.000000,0.000000
2009-01-02,145.625000,145.625000,140.475006,141.512497,93.046577,9012080,0.000000,0.000000
2009-01-05,142.500000,148.087494,142.462494,146.600006,96.391655,11241232,0.000000,0.000000
2009-01-06,147.500000,148.750000,143.168747,146.068756,96.042412,11563864,0.000000,0.000000
2009-01-07,146.393753,149.693756,143.199997,148.443756,97.603981,22538352,0.000000,0.000000
2009-01-09,148.262497,158.324997,146.250000,150.425003,98.906693,40182160,0.000000,0.000000
2009-01-12,143.956253,151.243744,142.281250,144.962494,95.315002,31269176,0.000000,0.000000
2009-01-13,147.493744,155.300003,139.875000,153.518753,100.940872,43956656,0.000000,0.000000
2009-01-14,153.187500,164.250000,153.187500,162.949997,107.142082,41551264,0.000000,0.000000
2009-01-15,157.500000,157.987503,151.875000,156.462494,102.876404,25359176,0.000000,0.000000
2009-01-16,157.250000,159.237503,155.000000,158.425003,104.166771,12717272,0.000000,0.000000
2009-01-19,158.375000,159.093750,155.068756,157.756256,103.727058,9543688,0.000000,0.000000
2009-01-20,155.000000,157.125000,153.750000,156.468750,102.880569,4974688,0.000000,0.000000
2009-01-21,153.875000,156.437500,151.750000,152.981247,100.587418,7770736,0.000000,0.000000
2009-01-22,154.375000,154.875000,150.375000,153.862503,101.166901,8776080,0.000000,0.000000
2009-01-23,151.250000,153.350006,148.818756,150.581253,99.009415,11625024,0.000000,0.000000
2009-01-27,152.375000,157.500000,151.875000,156.512497,102.909309,10507184,0.000000,0.000000
2009-01-28,157.875000,162.000000,156.250000,160.837494,105.753029,7187848,0.000000,0.000000
2009-01-29,161.250000,164.875000,160.875000,163.768753,107.680405,26001752,0.000000,0.000000
2009-01-30,162.625000,164.250000,160.875000,163.331253,107.392731,11631672,0.000000,0.000000
2009-02-02,161.500000,162.125000,158.493744,159.956253,105.173576,16870008,0.000000,0.000000
2009-02-03,160.750000,162.750000,157.574997,160.312500,105.407860,16125072,0.000000,0.000000
2009-02-04,160.625000,163.274994,159.543747,160.206253,105.337990,7574304,0.000000,0.000000
2009-02-05,160.750000,161.875000,154.687500,156.981247,103.217506,17537624,0.000000,0.000000
2009-02-06,157.362503,162.175003,156.000000,161.112503,105.933876,14020016,0.000000,0.000000
2009-02-09,158.500000,165.000000,158.500000,164.012497,107.840683,11513640,0.000000,0.000000
2009-02-10,164.312500,165.625000,161.875000,163.550003,107.536560,13367760,0.000000,0.000000
2009-02-11,161.250000,163.112503,160.000000,162.737503,107.002342,7057024,0.000000,0.000000
2009-02-12,161.875000,161.875000,156.262497,156.818756,103.110672,11242656,0.000000,0.000000
2009-02-13,158.743744,159.993744,155.506256,156.456253,102.872322,12791336,0.000000,0.000000
2009-02-16,157.493744,157.500000,151.887497,152.681244,100.390175,11885736,0.000000,0.000000
2009-02-17,151.000000,152.350006,145.625000,146.743744,96.486191,15025184,0.000000,0.000000
2009-02-18,147.312500,148.500000,139.418747,147.350006,96.884827,11096656,0.000000,0.000000
2009-02-19,146.875000,151.712494,146.500000,151.106247,99.354607,9882800,0.000000,0.000000
2009-02-20,148.750000,149.543747,145.625000,147.143753,96.749214,7635856,0.000000,0.000000
2009-02-24,144.375000,149.000000,143.187500,148.193756,97.439590,7708808,0.000000,0.000000
2009-02-25,149.000000,153.056244,148.750000,152.181244,100.061417,10625008,0.000000,0.000000
2009-02-26,150.500000,155.000000,150.000000,154.500000,101.586060,16571848,0.000000,0.000000
2009-02-27,153.462494,154.731247,150.468750,153.906250,101.195648,13326776,0.000000,0.000000
2009-03-02,152.250000,153.475006,148.750000,152.381256,100.192932,11820592,0.000000,0.000000
2009-03-03,150.750000,152.475006,148.931244,149.699997,98.429977,8818448,0.000000,0.000000
2009-03-04,150.125000,152.125000,147.500000,149.899994,98.561455,8641608,0.000000,0.000000
2009-03-05,150.625000,153.100006,146.949997,147.743744,97.143715,6939760,0.000000,0.000000
2009-03-06,147.750000,154.750000,143.937500,152.418747,100.217598,10278952,0.000000,0.000000
2009-03-09,150.637497,152.000000,148.762497,150.256256,98.795708,9863440,0.000000,0.000000
2009-03-12,151.512497,156.981247,151.375000,153.475006,100.912117,16502352,0.000000,0.000000
2009-03-13,156.175003,162.493744,155.000000,162.131256,106.603714,14660976,0.000000,0.000000
2009-03-16,162.875000,162.875000,158.637497,160.975006,105.843437,13499264,0.000000,0.000000
2009-03-17,160.500000,160.500000,157.125000,158.187500,104.010635,9897992,0.000000,0.000000
2009-03-18,158.125000,162.750000,158.125000,159.756256,105.042091,14668304,0.000000,0.000000
2009-03-19,160.625000,163.824997,158.750000,162.149994,106.616028,13425064,0.000000,0.000000
2009-03-20,165.425003,165.425003,160.625000,162.024994,106.533859,9503144,0.000000,0.000000
2009-03-23,162.524994,167.493744,161.899994,166.412506,109.418694,12242840,0.000000,0.000000
2009-03-24,168.125000,170.031250,163.887497,165.093750,108.551605,10746656,0.000000,0.000000
2009-03-25,164.031250,168.750000,164.031250,167.368744,110.047440,13099280,0.000000,0.000000
2009-03-26,168.125000,174.637497,167.774994,172.393753,113.351448,23946120,0.000000,0.000000
2009-03-27,171.875000,173.250000,166.256256,168.112503,110.536476,16699616,0.000000,0.000000
2009-03-30,165.000000,166.125000,158.206253,162.662506,106.953018,12393408,0.000000,0.000000
2009-03-31,163.750000,167.487503,162.625000,165.487503,108.810501,12775224,0.000000,0.000000
2009-04-01,166.393753,172.493744,163.168747,171.718750,112.907616,12438888,0.000000,0.000000
2009-04-02,174.500000,179.375000,172.818756,177.425003,116.659546,15717736,0.000000,0.000000
2009-04-06,180.406250,183.625000,173.006256,176.756256,116.219872,13856976,0.000000,0.000000
2009-04-08,173.756256,179.331253,169.562500,178.143753,117.132179,19805776,0.000000,0.000000
2009-04-09,179.375000,179.612503,174.500000,178.375000,117.284225,15061688,0.000000,0.000000
2009-04-13,179.375000,183.368744,172.149994,176.162506,115.829475,18836512,0.000000,0.000000
2009-04-15,168.500000,172.750000,162.518753,171.324997,112.648727,44636272,0.000000,0.000000
2009-04-16,171.500000,175.000000,165.000000,168.149994,110.561142,27307312,0.000000,0.000000
2009-04-17,168.750000,177.600006,168.750000,174.662506,114.843185,23499408,0.000000,0.000000
2009-04-20,173.131256,176.250000,171.625000,174.181244,114.526749,14932696,0.000000,0.000000
2009-04-21,172.375000,173.737503,169.375000,170.306244,111.978897,8013864,0.000000,0.000000
2009-04-22,170.250000,173.500000,169.437500,172.637497,113.511726,10622240,0.000000,0.000000
2009-04-23,171.393753,182.462494,169.550003,181.306244,119.211563,12194592,0.000000,0.000000
2009-04-24,180.137497,182.250000,175.568756,181.074997,119.059525,11411288,0.000000,0.000000
2009-04-27,180.987503,181.237503,176.875000,179.487503,118.015678,9638104,0.000000,0.000000
2009-04-28,178.750000,183.637497,177.250000,178.843750,117.592430,9435696,0.000000,0.000000
2009-04-29,180.000000,189.706253,178.793747,188.656250,124.044250,15414232,0.000000,0.000000
2009-04-30,188.656250,188.656250,188.656250,188.656250,124.044250,0,0.000000,0.000000
2009-05-04,190.012497,204.487503,190.012497,203.524994,133.820724,20014080,0.000000,0.000000
2009-05-05,201.943756,203.125000,193.787506,197.756256,130.027664,18430600,0.000000,0.000000
2009-05-06,196.937500,201.125000,193.487503,196.656250,129.304428,14468192,0.000000,0.000000
2009-05-07,196.250000,196.743744,191.162506,194.093750,127.619499,14538144,0.000000,0.000000
2009-05-08,193.625000,196.375000,187.649994,190.087494,124.985374,12951168,0.000000,0.000000
2009-05-11,190.000000,192.337494,186.524994,189.706253,124.734673,6537800,0.000000,0.000000
2009-05-12,188.125000,200.625000,187.949997,199.806244,131.375565,14131776,0.000000,0.000000
2009-05-13,200.031250,200.031250,195.000000,196.743744,129.361923,7508488,0.000000,0.000000
2009-05-14,192.500000,198.500000,191.612503,195.899994,128.807159,8547272,0.000000,0.000000
2009-05-15,196.375000,200.875000,195.068756,199.100006,130.911194,8377648,0.000000,0.000000
2009-05-18,213.125000,238.862503,210.125000,225.012497,147.949036,139624,0.000000,0.000000
2009-05-19,213.906250,224.375000,193.500000,194.868744,128.129120,44417904,0.000000,0.000000
2009-05-20,194.750000,201.000000,189.418747,191.362503,125.823669,33408600,0.000000,0.000000
2009-05-21,190.125000,194.375000,186.500000,187.800003,123.481262,19423488,0.000000,0.000000
2009-05-22,186.250000,191.125000,185.631256,190.287506,125.116837,9119160,0.000000,0.000000
2009-05-25,191.250000,191.250000,186.318756,188.881256,124.192230,10456560,0.000000,0.000000
2009-05-26,190.512497,195.074997,188.887497,193.456253,127.200394,11653664,0.000000,0.000000
2009-05-27,195.250000,199.625000,194.518753,198.518753,130.529053,9898848,0.000000,0.000000
2009-05-28,189.693756,203.625000,189.693756,197.375000,129.776993,20866896,0.000000,0.000000
2009-05-29,198.593750,201.875000,196.875000,200.637497,131.922104,13918392,0.000000,0.000000
2009-06-01,201.918747,210.712494,200.668747,209.562500,137.790451,13187728,0.000000,0.000000
2009-06-02,212.481247,213.500000,207.875000,211.081253,138.789062,10426160,0.000000,0.000000
2009-06-03,211.031250,213.500000,201.649994,205.187500,134.913834,13714024,0.000000,0.000000
2009-06-04,204.350006,206.175003,200.125000,203.737503,135.071289,10945016,1.687500,0.000000
2009-06-05,206.500000,214.375000,204.375000,212.362503,140.789337,16594680,0.000000,0.000000
2009-06-08,212.250000,219.000000,211.500000,217.762497,144.369400,11278384,0.000000,0.000000
2009-06-09,216.250000,225.000000,215.024994,224.350006,148.736710,16875544,0.000000,0.000000
2009-06-10,223.750000,229.750000,220.375000,226.100006,149.896896,17733368,0.000000,0.000000
2009-06-11,230.550003,230.550003,215.074997,218.868744,145.102829,16257800,0.000000,0.000000
2009-06-12,220.125000,221.875000,214.125000,216.056244,143.238205,9467072,0.000000,0.000000
2009-06-15,215.612503,221.993744,210.518753,214.387497,142.131866,16612752,0.000000,0.000000
2009-06-16,213.500000,216.868744,210.625000,215.581253,142.923325,9519696,0.000000,0.000000
2009-06-17,212.250000,217.762497,209.543747,213.931244,141.829407,13470704,0.000000,0.000000
2009-06-18,211.500000,220.250000,210.706253,215.718750,143.014465,12714408,0.000000,0.000000
2009-06-19,216.000000,223.137497,214.643753,221.300003,146.714661,14974920,0.000000,0.000000
2009-06-22,222.524994,223.649994,218.500000,220.800003,146.383163,9418608,0.000000,0.000000
2009-06-23,217.656250,221.237503,212.625000,218.418747,144.804489,12632032,0.000000,0.000000
2009-06-24,218.793747,221.862503,215.274994,219.693756,145.649780,10190424,0.000000,0.000000
2009-06-25,220.562500,224.725006,218.524994,219.887497,145.778214,13230880,0.000000,0.000000
2009-06-26,223.125000,230.000000,219.375000,228.387497,151.413422,12946176,0.000000,0.000000
2009-06-29,232.487503,258.750000,221.375000,222.868744,147.754700,9795432,0.000000,0.000000
2009-06-30,224.375000,224.875000,219.774994,222.062500,147.220154,8956848,0.000000,0.000000
2009-07-01,221.318756,226.468750,220.574997,224.399994,148.769821,7992144,0.000000,0.000000
2009-07-02,223.893753,225.500000,220.637497,224.581253,148.890015,8419040,0.000000,0.000000
2009-07-03,223.149994,227.000000,218.456253,225.643753,149.594437,8891848,0.000000,0.000000
2009-07-06,226.250000,227.425003,218.793747,220.149994,145.952255,13548688,0.000000,0.000000
2009-07-07,224.625000,224.625000,215.625000,217.237503,144.021332,12685960,0.000000,0.000000
2009-07-08,216.125000,217.250000,211.250000,213.300003,141.410904,9024592,0.000000,0.000000
2009-07-09,213.750000,213.750000,208.750000,209.693756,139.020081,10921792,0.000000,0.000000
2009-07-10,212.500000,221.225006,208.125000,215.143753,142.633270,24205400,0.000000,0.000000
2009-07-13,214.100006,221.862503,212.637497,221.262497,146.689804,8249000,0.000000,0.000000
2009-07-14,221.237503,227.493744,218.887497,226.475006,150.145538,11646872,0.000000,0.000000
2009-07-15,225.206253,227.931244,219.375000,223.956253,148.475662,15574832,0.000000,0.000000
2009-07-16,225.000000,227.199997,220.862503,224.387497,148.761597,9393272,0.000000,0.000000
2009-07-17,225.281250,234.250000,225.250000,233.287506,154.661942,12571528,0.000000,0.000000
2009-07-20,233.762497,249.250000,233.762497,246.425003,163.371704,20075736,0.000000,0.000000
2009-07-21,245.612503,246.250000,240.693756,242.893753,161.030609,14524536,0.000000,0.000000
2009-07-22,242.893753,246.850006,236.581253,239.975006,159.095612,15314264,0.000000,0.000000
2009-07-23,240.000000,247.318756,240.000000,244.843750,162.323410,17288488,0.000000,0.000000
2009-07-24,245.012497,252.125000,245.012497,250.456253,166.044312,14041208,0.000000,0.000000
2009-07-27,250.000000,255.612503,249.412506,253.487503,168.053940,10443320,0.000000,0.000000
2009-07-28,251.875000,254.818756,245.875000,249.631256,165.497330,14101128,0.000000,0.000000
2009-07-29,245.037506,249.737503,243.024994,248.087494,164.473877,13927608,0.000000,0.000000
2009-07-30,248.281250,252.750000,248.281250,251.743744,166.897858,22281496,0.000000,0.000000
2009-07-31,253.987503,259.875000,253.337494,258.043762,171.074554,16582960,0.000000,0.000000
2009-08-03,258.000000,261.674988,256.018738,259.556244,172.077301,14640824,0.000000,0.000000
2009-08-04,260.000000,260.931244,252.625000,255.468750,169.367432,9584856,0.000000,0.000000
2009-08-05,257.462494,263.375000,257.462494,262.325012,173.912857,10347128,0.000000,0.000000
2009-08-06,262.500000,262.500000,255.012497,257.299988,170.581451,6832848,0.000000,0.000000
2009-08-07,257.250000,257.250000,253.131256,254.956253,169.027649,9850600,0.000000,0.000000
2009-08-10,256.250000,264.375000,256.250000,260.962494,173.009567,12412080,0.000000,0.000000
2009-08-11,259.875000,263.750000,257.431244,260.587494,172.761002,9207256,0.000000,0.000000
2009-08-12,258.500000,258.750000,249.500000,255.350006,169.288651,7314200,0.000000,0.000000
2009-08-13,256.393738,260.462494,254.574997,257.975006,171.029007,11459720,0.000000,0.000000
2009-08-14,258.125000,258.125000,253.250000,255.293747,169.251389,4906088,0.000000,0.000000
2009-08-17,253.131256,253.131256,246.406250,247.812500,164.291580,10796904,0.000000,0.000000
2009-08-18,246.250000,249.625000,244.375000,246.668747,163.533325,10879064,0.000000,0.000000
2009-08-19,248.125000,248.125000,241.875000,243.937500,161.722565,7609192,0.000000,0.000000
2009-08-20,246.375000,249.574997,245.000000,248.806244,164.950409,4696576,0.000000,0.000000
2009-08-21,249.375000,255.625000,246.250000,254.137497,168.484848,9837224,0.000000,0.000000
2009-08-24,257.487488,260.549988,256.331238,259.487488,172.031677,5919008,0.000000,0.000000
2009-08-25,256.406250,263.118744,254.375000,261.875000,173.614548,8148232,0.000000,0.000000
2009-08-26,263.125000,273.500000,263.125000,272.456238,180.629593,14303176,0.000000,0.000000
2009-08-27,272.462494,275.500000,270.075012,273.975006,181.636444,13123784,0.000000,0.000000
2009-08-28,272.625000,274.875000,267.649994,273.831238,181.541122,7292688,0.000000,0.000000
2009-08-31,270.700012,270.700012,265.281250,266.393738,176.610321,10788632,0.000000,0.000000
2009-09-01,267.493744,273.750000,265.325012,268.112488,177.749802,11446120,0.000000,0.000000
2009-09-02,267.500000,272.500000,265.000000,270.606262,179.403091,7847928,0.000000,0.000000
2009-09-03,271.375000,275.500000,266.987488,273.399994,181.255295,13643728,0.000000,0.000000
2009-09-04,272.493744,277.000000,270.137512,275.131256,182.402985,9014920,0.000000,0.000000
2009-09-07,276.875000,278.750000,274.524994,278.024994,184.321472,8133400,0.000000,0.000000
2009-09-08,278.512512,279.875000,274.668762,275.475006,182.630936,7909128,0.000000,0.000000
2009-09-09,275.637512,277.312500,272.125000,273.712494,181.462387,7556600,0.000000,0.000000
2009-09-10,276.750000,281.237488,276.750000,280.037506,185.655716,8824944,0.000000,0.000000
2009-09-11,275.981262,284.362488,275.981262,283.424988,187.901459,9594120,0.000000,0.000000
2009-09-14,278.481262,282.968750,278.481262,281.268738,186.471939,6304472,0.000000,0.000000
2009-09-15,280.737488,284.375000,280.000000,283.818756,188.162552,6428216,0.000000,0.000000
2009-09-16,284.981262,290.625000,284.024994,290.006256,192.264679,10085952,0.000000,0.000000
2009-09-17,291.250000,296.225006,290.000000,295.237488,195.732727,10261328,0.000000,0.000000
2009-09-18,293.950012,298.500000,292.693756,295.531250,195.927490,5975112,0.000000,0.000000
2009-09-22,294.906250,302.625000,293.762512,301.268738,199.731216,13272872,0.000000,0.000000
2009-09-23,300.000000,300.481262,294.762512,295.868744,196.151306,10933336,0.000000,0.000000
2009-09-24,292.500000,292.500000,282.493744,285.556244,189.314423,44169688,0.000000,0.000000
2009-09-25,286.237488,286.537506,279.137512,280.062500,185.672302,21200256,0.000000,0.000000
2009-09-29,284.893738,287.500000,284.149994,286.918762,190.217773,6782824,0.000000,0.000000
2009-09-30,283.000000,290.625000,283.000000,288.299988,191.133423,8042976,0.000000,0.000000
2009-10-01,291.250000,293.750000,286.037506,292.093750,193.648590,15046512,0.000000,0.000000
2009-10-05,289.375000,291.875000,286.393738,290.387512,192.517441,7023408,0.000000,0.000000
2009-10-06,292.487488,294.075012,285.156250,289.043762,191.626511,10445384,0.000000,0.000000
2009-10-07,289.381256,291.012512,278.375000,281.593750,186.687469,15837168,0.000000,0.000000
2009-10-08,282.750000,283.118744,273.656250,276.350006,183.211029,18074064,0.000000,0.000000
2009-10-09,278.750000,284.600006,270.825012,272.200012,180.459686,25903608,0.000000,0.000000
2009-10-12,273.750000,280.625000,273.500000,279.924988,185.581055,9146696,0.000000,0.000000
2009-10-13,279.924988,279.924988,279.924988,279.924988,185.581055,0,0.000000,0.000000
2009-10-14,286.000000,286.000000,276.375000,281.981262,186.944336,8163800,0.000000,0.000000
2009-10-15,283.125000,283.956238,273.250000,277.174988,184.576126,7204728,1.250000,0.000000
2009-10-16,277.250000,279.950012,273.131256,273.743744,182.291183,8313992,0.000000,0.000000
2009-10-20,274.875000,277.875000,271.274994,273.543762,182.158020,12591872,0.000000,0.000000
2009-10-21,275.600006,279.875000,272.500000,277.075012,184.509598,12899344,0.000000,0.000000
2009-10-22,275.000000,281.250000,273.899994,276.643738,184.222336,15117160,0.000000,0.000000
2009-10-23,278.750000,284.375000,276.518738,282.500000,188.122162,12532216,0.000000,0.000000
2009-10-26,283.174988,287.424988,278.750000,284.237488,189.279221,10029776,0.000000,0.000000
2009-10-27,283.125000,287.493744,276.956238,280.325012,186.673843,14337256,0.000000,0.000000
2009-10-28,280.075012,283.500000,277.543762,282.087494,187.847488,12262776,0.000000,0.000000
2009-10-29,281.125000,281.125000,274.399994,276.043762,183.822830,15260688,0.000000,0.000000
2009-10-30,278.500000,281.125000,267.768738,275.774994,183.643860,14282728,0.000000,0.000000
2009-11-03,275.375000,280.912506,266.262512,267.881256,178.387283,12042264,0.000000,0.000000
2009-11-04,269.875000,282.500000,269.875000,279.643738,186.220139,12771288,0.000000,0.000000
2009-11-05,278.268738,280.281250,270.606262,277.706238,184.929886,9016400,0.000000,0.000000
2009-11-06,280.049988,281.250000,274.068756,277.325012,184.676041,6601328,0.000000,0.000000
2009-11-09,278.750000,280.000000,275.000000,279.012512,185.799835,5086712,0.000000,0.000000
2009-11-10,283.250000,283.731262,275.075012,277.243744,184.621964,6127880,0.000000,0.000000
2009-11-11,276.500000,289.375000,276.250000,288.343750,192.013672,9474696,0.000000,0.000000
2009-11-12,285.837494,293.625000,285.837494,290.799988,193.649277,8001216,0.000000,0.000000
2009-11-13,291.612488,296.812500,289.075012,294.962494,196.421204,7251216,0.000000,0.000000
2009-11-16,295.924988,296.837494,291.912506,293.993744,195.776108,5099088,0.000000,0.000000
2009-11-17,294.506256,300.600006,294.506256,299.787506,199.634293,8147944,0.000000,0.000000
2009-11-18,299.956238,305.424988,299.912506,304.162506,202.547668,8816704,0.000000,0.000000
2009-11-19,295.981262,302.500000,295.981262,301.243744,200.603943,6498616,0.000000,0.000000
2009-11-20,300.137512,306.125000,297.500000,303.337494,201.998245,6156416,0.000000,0.000000
2009-11-23,302.612488,302.612488,298.875000,300.868744,200.354233,4655008,0.000000,0.000000
2009-11-24,301.587494,305.862488,298.781250,304.337494,202.664200,7325904,0.000000,0.000000
2009-11-25,304.500000,307.125000,302.024994,304.818756,202.984680,5025976,0.000000,0.000000
2009-11-26,305.625000,305.674988,295.875000,299.181244,199.230545,7643840,0.000000,0.000000
2009-11-27,294.500000,299.375000,288.387512,290.981262,193.770020,8169288,0.000000,0.000000
2009-11-30,294.075012,299.112488,293.781250,297.418762,198.056839,7009016,0.000000,0.000000
2009-12-01,303.375000,303.375000,294.375000,299.468750,199.421997,6511080,0.000000,0.000000
2009-12-02,300.612488,301.000000,294.750000,299.424988,199.392838,7410024,0.000000,0.000000
2009-12-03,300.250000,302.375000,295.512512,297.118744,197.857101,7344480,0.000000,0.000000
2009-12-04,297.750000,302.937500,296.281250,297.950012,198.410629,7718720,0.000000,0.000000
2009-12-07,299.362488,303.306244,296.875000,298.825012,198.993347,6889896,0.000000,0.000000
2009-12-08,299.962494,306.375000,297.518738,305.812500,203.646362,8611792,0.000000,0.000000
2009-12-09,303.750000,307.750000,302.768738,307.068756,204.483002,7670064,0.000000,0.000000
2009-12-10,308.056244,308.056244,303.762512,306.618744,204.183319,4517448,0.000000,0.000000
2009-12-11,308.125000,311.081238,306.443756,307.593750,204.832611,6840432,0.000000,0.000000
2009-12-14,306.875000,314.750000,306.256256,312.343750,207.995728,9189776,0.000000,0.000000
2009-12-15,311.250000,314.375000,310.649994,313.256256,208.603348,8746848,0.000000,0.000000
2009-12-16,313.250000,319.500000,310.825012,318.112488,211.837234,9163072,0.000000,0.000000
2009-12-17,318.125000,321.493744,316.899994,319.875000,213.010956,8603088,0.000000,0.000000
2009-12-18,320.500000,320.500000,313.625000,315.743744,210.259811,11180776,0.000000,0.000000
2009-12-21,310.356262,318.100006,309.593750,313.762512,208.940491,8766008,0.000000,0.000000
2009-12-22,314.987488,316.262512,312.100006,312.799988,208.299515,5762168,0.000000,0.000000
2009-12-23,313.875000,324.375000,313.875000,322.968750,215.071045,10708656,0.000000,0.000000
2009-12-24,324.237488,325.000000,320.018738,323.975006,215.741226,5583144,0.000000,0.000000
2009-12-29,324.387512,325.237488,320.412506,322.143738,214.521683,6281944,0.000000,0.000000
2009-12-30,320.887512,326.250000,320.462494,322.500000,214.759003,4970400,0.000000,0.000000
2009-12-31,323.125000,326.750000,323.125000,325.137512,216.515350,9255248,0.000000,0.000000
2010-01-04,326.250000,328.750000,324.412506,326.575012,217.472580,4069264,0.000000,0.000000
2010-01-05,327.500000,328.837494,325.012512,327.668762,218.200912,6895528,0.000000,0.000000
2010-01-06,335.375000,335.375000,321.887512,322.887512,215.016907,6817288,0.000000,0.000000
2010-01-07,323.325012,323.325012,314.774994,315.631256,210.184937,10892600,0.000000,0.000000
2010-01-08,314.875000,315.412506,307.250000,308.024994,205.119720,12649312,0.000000,0.000000
2010-01-11,309.387512,313.087494,309.250000,311.206238,207.238235,7849656,0.000000,0.000000
2010-01-12,312.500000,324.250000,312.500000,323.368744,215.337509,24859680,0.000000,0.000000
2010-01-13,309.606262,336.875000,309.606262,335.437500,223.374252,19704040,0.000000,0.000000
2010-01-14,334.875000,337.862488,331.274994,336.218750,223.894562,8413904,0.000000,0.000000
2010-01-15,336.218750,336.562500,331.768738,334.475006,222.733322,5049504,0.000000,0.000000
2010-01-18,332.875000,336.250000,332.000000,335.831238,223.636490,6140088,0.000000,0.000000
2010-01-19,335.000000,336.000000,328.512512,329.487488,219.412094,5837512,0.000000,0.000000
2010-01-20,331.081238,334.149994,329.750000,332.212494,221.226730,6091992,0.000000,0.000000
2010-01-21,330.375000,333.087494,325.000000,328.149994,218.521393,6682792,0.000000,0.000000
2010-01-22,325.000000,326.250000,319.000000,321.950012,214.392685,13486496,0.000000,0.000000
2010-01-25,318.750000,321.243744,314.750000,317.787506,211.620773,6498712,0.000000,0.000000
2010-01-27,316.500000,316.731262,310.643738,312.781250,208.286987,9840856,0.000000,0.000000
2010-01-28,314.125000,319.362488,309.937500,311.468750,207.413010,12732872,0.000000,0.000000
2010-01-29,306.549988,312.500000,300.600006,309.437500,206.060318,15012280,0.000000,0.000000
2010-02-01,305.875000,316.250000,298.762512,306.406250,204.041870,12308784,0.000000,0.000000
2010-02-02,312.625000,312.625000,302.706238,304.993744,203.101196,9889384,0.000000,0.000000
2010-02-03,306.250000,312.500000,306.250000,309.149994,205.868973,6405608,0.000000,0.000000
2010-02-04,308.125000,308.750000,301.562500,303.631256,202.193939,6176408,0.000000,0.000000
2010-02-05,298.799988,299.806244,291.125000,294.087494,195.838501,13544872,0.000000,0.000000
2010-02-08,296.862488,305.250000,293.062500,300.450012,200.075378,9252480,0.000000,0.000000
2010-02-09,300.500000,310.250000,299.281250,309.225006,205.918884,10387392,0.000000,0.000000
2010-02-10,311.375000,312.024994,306.000000,308.368744,205.348679,7187984,0.000000,0.000000
2010-02-11,309.125000,314.768738,308.750000,312.306244,207.970749,6453888,0.000000,0.000000
2010-02-15,313.375000,317.799988,309.356262,312.331238,207.987381,8950128,0.000000,0.000000
2010-02-16,312.500000,318.875000,311.031250,317.681244,211.550034,4418096,0.000000,0.000000
2010-02-17,318.774994,320.799988,314.200012,314.831238,209.652176,7991184,0.000000,0.000000
2010-02-18,315.375000,318.375000,314.000000,316.706238,210.900787,3721696,0.000000,0.000000
2010-02-19,315.612488,318.062500,313.143738,316.549988,210.796722,5998992,0.000000,0.000000
2010-02-22,319.387512,323.962494,319.387512,321.043762,213.789154,5855400,0.000000,0.000000
2010-02-23,319.762512,323.625000,319.375000,322.662506,214.867081,3786032,0.000000,0.000000
2010-02-24,321.000000,324.787506,318.875000,322.037506,214.450989,5427016,0.000000,0.000000
2010-02-25,321.325012,328.712494,321.325012,327.168762,217.867981,8729568,0.000000,0.000000
2010-02-26,327.375000,328.750000,322.762512,325.243744,216.586014,10546368,0.000000,0.000000
2010-03-02,328.943756,331.343750,327.831238,330.125000,219.836624,8534656,0.000000,0.000000
2010-03-03,331.387512,334.562500,329.081238,333.281250,221.938446,5904976,0.000000,0.000000
2010-03-04,332.750000,333.000000,325.500000,327.975006,218.404831,6755240,0.000000,0.000000
2010-03-05,329.237488,330.000000,326.631256,329.462494,219.395447,4984808,0.000000,0.000000
2010-03-08,331.625000,334.918762,329.762512,332.443756,221.380753,8664992,0.000000,0.000000
2010-03-09,331.256256,337.687500,327.231262,335.493744,223.411713,7958752,0.000000,0.000000
2010-03-10,334.362488,336.431244,331.250000,332.406250,221.355728,7330952,0.000000,0.000000
2010-03-11,333.125000,336.875000,331.250000,335.368744,223.328461,4298424,0.000000,0.000000
2010-03-12,337.487488,338.000000,332.037506,334.156250,222.521042,3176920,0.000000,0.000000
2010-03-15,331.799988,339.062500,329.500000,337.656250,224.851776,10582856,0.000000,0.000000
2010-03-16,337.500000,343.118744,335.287506,341.543762,227.440536,5881344,0.000000,0.000000
2010-03-17,341.875000,344.212494,339.125000,342.287506,227.935852,6352000,0.000000,0.000000
2010-03-18,342.500000,349.237488,342.500000,348.450012,232.039536,8923048,0.000000,0.000000
2010-03-19,347.512512,349.375000,345.006256,346.543762,230.770187,12582544,0.000000,0.000000
2010-03-22,344.012512,347.125000,342.862488,344.674988,229.525681,4108528,0.000000,0.000000
2010-03-23,346.256256,349.875000,345.518738,346.937500,231.032303,4792560,0.000000,0.000000
2010-03-25,346.375000,358.750000,343.856262,351.743744,234.232880,15207528,0.000000,0.000000
2010-03-26,352.000000,353.125000,345.375000,346.856262,230.978210,9105680,0.000000,0.000000
2010-03-29,344.750000,346.250000,337.531250,339.581238,226.133682,13981704,0.000000,0.000000
2010-03-30,339.375000,339.375000,328.825012,330.512512,220.094635,10649936,0.000000,0.000000
2010-03-31,331.737488,334.587494,325.825012,326.993744,217.751450,13070104,0.000000,0.000000
2010-04-01,327.524994,334.750000,327.500000,333.806244,222.288010,8187000,0.000000,0.000000
2010-04-05,334.875000,336.250000,329.750000,334.743744,222.912277,7318616,0.000000,0.000000
2010-04-06,335.250000,335.625000,330.656250,331.406250,220.689804,5348808,0.000000,0.000000
2010-04-07,331.943756,334.350006,327.174988,330.468750,220.065491,8380880,0.000000,0.000000
2010-04-08,330.000000,334.737488,328.750000,332.968750,221.730255,7227984,0.000000,0.000000
2010-04-09,333.750000,337.212494,333.125000,334.524994,222.766632,8260312,0.000000,0.000000
2010-04-12,335.737488,337.250000,331.506256,335.387512,223.340973,8325648,0.000000,0.000000
2010-04-13,336.250000,349.231262,329.375000,347.737488,231.565063,57635400,0.000000,0.000000
2010-04-15,348.500000,353.087494,344.912506,350.200012,233.204880,22395128,0.000000,0.000000
2010-04-16,349.012512,351.125000,346.381256,348.575012,232.122772,6244344,0.000000,0.000000
2010-04-19,346.831238,346.831238,342.000000,343.987488,229.067856,8754896,0.000000,0.000000
2010-04-20,345.687500,348.743744,340.000000,340.912506,227.020187,9542128,0.000000,0.000000
2010-04-21,342.875000,343.718750,337.537506,339.056244,225.784012,6496288,0.000000,0.000000
2010-04-22,338.500000,345.356262,336.625000,339.799988,226.279343,6978144,0.000000,0.000000
2010-04-23,341.875000,344.212494,339.606262,340.868744,226.990997,5888336,0.000000,0.000000
2010-04-26,341.262512,344.250000,340.631256,342.368744,227.989960,4454288,0.000000,0.000000
2010-04-27,341.137512,342.799988,340.799988,342.181244,227.865067,3280256,0.000000,0.000000
2010-04-28,338.762512,341.493744,336.387512,337.437500,224.706161,5544496,0.000000,0.000000
2010-04-29,337.375000,341.612488,334.375000,338.643738,225.509369,11319960,0.000000,0.000000
2010-04-30,339.000000,344.850006,334.637512,342.268738,227.923386,8067024,0.000000,0.000000
2010-05-03,338.500000,339.368744,335.250000,336.862488,224.323196,5408952,0.000000,0.000000
2010-05-04,338.125000,338.250000,331.937500,333.268738,221.930008,6576208,0.000000,0.000000
2010-05-05,331.174988,338.500000,326.250000,336.625000,224.165085,12122080,0.000000,0.000000
2010-05-06,336.287506,336.287506,330.693756,332.268738,221.264053,7808360,0.000000,0.000000
2010-05-07,329.762512,330.668762,325.881256,327.106262,217.826401,8984392,0.000000,0.000000
2010-05-10,327.500000,335.475006,327.500000,334.462494,222.725037,5635408,0.000000,0.000000
2010-05-11,333.725006,334.312500,329.500000,332.593750,221.480606,5802824,0.000000,0.000000
2010-05-12,332.000000,337.362488,331.531250,335.212494,223.224426,9185176,0.000000,0.000000
2010-05-13,335.500000,340.375000,332.656250,338.268738,225.259613,4923880,0.000000,0.000000
2010-05-14,338.750000,340.875000,328.750000,331.487488,220.743881,6824496,0.000000,0.000000
2010-05-17,329.375000,331.006256,322.006256,327.043762,217.784668,8170824,0.000000,0.000000
2010-05-18,332.500000,332.500000,322.756256,328.649994,218.854355,7144600,0.000000,0.000000
2010-05-19,328.250000,331.543762,324.181244,325.356262,216.661057,11939240,0.000000,0.000000
2010-05-20,326.500000,329.318756,323.312500,325.093750,216.486160,6508872,0.000000,0.000000
2010-05-21,321.000000,326.000000,319.793762,322.718750,214.904556,7127200,0.000000,0.000000
2010-05-24,326.375000,328.750000,322.406250,325.049988,216.457062,7186104,0.000000,0.000000
2010-05-25,323.356262,323.356262,313.762512,316.674988,210.879929,8838128,0.000000,0.000000
2010-05-26,320.631256,329.987488,319.531250,327.631256,219.475479,7868856,1.875000,0.000000
2010-05-27,328.475006,333.000000,324.387512,330.418762,221.342773,11312696,0.000000,0.000000
2010-05-28,333.756256,335.549988,329.662506,334.681244,224.198090,6793992,0.000000,0.000000
2010-05-31,341.875000,341.875000,328.068756,332.250000,222.569458,7020752,0.000000,0.000000
2010-06-01,331.875000,332.187500,327.200012,328.043762,219.751831,5782888,0.000000,0.000000
2010-06-02,329.375000,331.493744,328.012512,330.031250,221.083206,6557144,0.000000,0.000000
2010-06-03,332.500000,338.225006,332.500000,337.250000,225.918915,5517096,0.000000,0.000000
2010-06-04,337.250000,342.250000,335.306244,341.118744,228.510529,4950400,0.000000,0.000000
2010-06-07,338.750000,338.750000,331.250000,333.956238,223.712448,7781952,0.000000,0.000000
2010-06-08,333.956238,336.125000,330.981262,331.812500,222.276398,6651144,0.000000,0.000000
2010-06-09,333.500000,333.500000,327.062500,328.118744,219.802002,5427120,0.000000,0.000000
2010-06-10,328.149994,331.750000,327.568756,330.693756,221.527008,5187448,0.000000,0.000000
2010-06-11,333.112488,336.362488,327.625000,328.843750,220.287674,9912864,0.000000,0.000000
2010-06-14,331.262512,344.856262,331.262512,343.299988,229.971695,9728848,0.000000,0.000000
2010-06-15,343.312500,347.500000,340.262512,341.837494,228.991989,7946312,0.000000,0.000000
2010-06-16,344.362488,347.437500,342.750000,346.174988,231.897614,5720064,0.000000,0.000000
2010-06-17,347.000000,347.975006,342.000000,345.606262,231.516602,5639240,0.000000,0.000000
2010-06-18,338.481262,351.875000,338.481262,348.274994,233.304367,8356232,0.000000,0.000000
2010-06-21,349.924988,352.350006,348.906250,350.100006,234.526932,7164752,0.000000,0.000000
2010-06-22,348.750000,349.918762,345.000000,345.887512,231.705124,4763688,0.000000,0.000000
2010-06-23,343.387512,350.618744,339.731262,349.718750,234.271484,4948088,0.000000,0.000000
2010-06-24,351.799988,354.212494,347.881256,352.837494,236.360764,12316104,0.000000,0.000000
2010-06-25,351.250000,351.493744,346.375000,347.212494,232.592636,3345664,0.000000,0.000000
2010-06-28,346.250000,352.125000,346.250000,351.125000,235.213516,3834168,0.000000,0.000000
2010-06-29,349.131256,351.700012,345.887512,349.193756,233.919815,3773072,0.000000,0.000000
2010-06-30,347.250000,351.081238,341.500000,348.875000,233.706314,9449976,0.000000,0.000000
2010-07-01,348.875000,348.875000,343.875000,345.881256,231.700943,5847248,0.000000,0.000000
2010-07-02,346.868744,346.868744,339.500000,340.937500,228.389038,11169440,0.000000,0.000000
2010-07-05,341.250000,344.000000,340.000000,342.931244,229.724655,3616720,0.000000,0.000000
2010-07-06,342.875000,349.875000,342.875000,348.137512,233.212311,5872600,0.000000,0.000000
2010-07-07,349.950012,349.950012,345.649994,347.718750,232.931702,5923392,0.000000,0.000000
2010-07-08,350.750000,355.799988,350.012512,353.562500,236.846451,6278192,0.000000,0.000000
2010-07-09,354.762512,360.062500,354.762512,359.225006,240.639679,7859112,0.000000,0.000000
2010-07-12,356.256256,363.750000,356.250000,361.987488,242.490204,8597240,0.000000,0.000000
2010-07-13,358.750000,359.381256,347.625000,349.593750,234.187744,25502384,0.000000,0.000000
2010-07-14,348.743744,351.125000,342.125000,342.862488,229.678604,14193928,0.000000,0.000000
2010-07-15,343.618744,347.000000,342.500000,344.950012,231.077026,8328136,0.000000,0.000000
2010-07-16,344.375000,348.875000,343.875000,347.125000,232.534012,8205560,0.000000,0.000000
2010-07-19,343.625000,349.100006,341.968750,346.306244,231.985580,7047120,0.000000,0.000000
2010-07-20,346.306244,347.812500,344.187500,344.956238,231.081192,5054736,0.000000,0.000000
2010-07-21,345.912506,347.375000,345.000000,346.456238,232.086044,2634480,0.000000,0.000000
2010-07-22,345.593750,345.593750,340.881256,344.312500,230.649933,8226952,0.000000,0.000000
2010-07-23,348.375000,358.756256,345.625000,348.306244,233.325302,5323096,0.000000,0.000000
2010-07-26,348.750000,351.250000,348.750000,350.556244,234.832474,4470816,0.000000,0.000000
2010-07-27,350.375000,354.250000,350.375000,353.600006,236.871552,5093960,0.000000,0.000000
2010-07-28,353.625000,354.812500,351.500000,354.012512,237.147858,3725168,0.000000,0.000000
2010-07-29,353.100006,355.000000,351.356262,354.143738,237.235703,3613008,0.000000,0.000000
2010-07-30,351.875000,353.906250,345.000000,348.549988,233.488571,4472672,0.000000,0.000000
2010-08-02,350.000000,351.600006,347.643738,349.618744,234.204575,3815232,0.000000,0.000000
2010-08-03,350.625000,352.375000,346.187500,348.037506,233.145340,2434584,0.000000,0.000000
2010-08-04,348.750000,361.500000,348.750000,359.312500,240.698212,9536024,0.000000,0.000000
2010-08-05,360.000000,363.350006,357.693756,358.656250,240.258713,6594296,0.000000,0.000000
2010-08-06,357.625000,361.500000,356.500000,357.975006,239.802353,3676480,0.000000,0.000000
2010-08-09,356.062500,360.362488,352.031250,359.331238,240.710831,4201544,0.000000,0.000000
2010-08-10,358.750000,358.750000,351.875000,353.631256,236.892456,4811984,0.000000,0.000000
2010-08-11,354.250000,357.237488,350.000000,351.362488,235.372650,5344800,0.000000,0.000000
2010-08-12,349.500000,349.500000,344.250000,346.587494,232.173935,6973400,0.000000,0.000000
2010-08-13,346.875000,349.750000,344.375000,347.156250,232.554947,5561808,0.000000,0.000000
2010-08-16,345.000000,347.250000,343.750000,345.237488,231.269638,5193608,0.000000,0.000000
2010-08-17,344.375000,347.062500,341.250000,343.812500,230.314957,5140640,0.000000,0.000000
2010-08-18,345.637512,352.437500,344.768738,350.906250,235.067001,6128144,0.000000,0.000000
2010-08-19,351.875000,353.125000,348.493744,350.575012,234.845169,4826744,0.000000,0.000000
2010-08-20,350.375000,350.375000,344.250000,346.200012,231.914398,4624824,0.000000,0.000000
2010-08-23,346.500000,351.250000,345.162506,350.393738,234.723694,4511832,0.000000,0.000000
2010-08-24,348.625000,348.625000,344.399994,345.656250,231.550140,5247552,0.000000,0.000000
2010-08-25,345.250000,349.243744,344.493744,346.362488,232.023193,3502008,0.000000,0.000000
2010-08-26,346.875000,347.868744,343.418762,345.706238,231.583603,7834984,0.000000,0.000000
2010-08-27,344.750000,344.750000,335.174988,338.737488,226.915390,6973800,0.000000,0.000000
2010-08-30,339.918762,342.000000,333.287506,337.556244,226.123978,4781168,0.000000,0.000000
2010-08-31,335.625000,340.500000,334.518738,339.231262,227.246155,7722280,0.000000,0.000000
2010-09-01,339.231262,348.062500,338.531250,347.018738,232.462784,10131800,0.000000,0.000000
2010-09-02,349.875000,351.750000,343.237488,344.125000,230.524368,3402512,0.000000,0.000000
2010-09-03,345.137512,350.500000,345.137512,347.181244,232.571686,7606688,0.000000,0.000000
2010-09-06,348.281250,355.000000,348.200012,353.956238,237.110168,6391192,0.000000,0.000000
2010-09-07,355.000000,359.112488,351.274994,358.118744,239.898605,8321272,0.000000,0.000000
2010-09-08,357.125000,360.825012,353.125000,359.924988,241.108566,9386496,0.000000,0.000000
2010-09-09,358.762512,362.500000,357.250000,361.875000,242.414825,7591392,0.000000,0.000000
2010-09-13,361.250000,368.125000,360.250000,367.112488,245.923340,6650488,0.000000,0.000000
2010-09-14,368.825012,375.000000,368.750000,371.950012,249.163956,9767144,0.000000,0.000000
2010-09-15,371.875000,382.500000,371.125000,381.606262,255.632584,14344648,0.000000,0.000000
2010-09-16,379.006256,379.006256,369.781250,370.743744,248.355865,7088984,0.000000,0.000000
2010-09-17,370.743744,376.562500,369.924988,371.268738,248.707535,8616488,0.000000,0.000000
2010-09-20,371.875000,377.250000,371.875000,376.075012,251.927231,5025976,0.000000,0.000000
2010-09-21,376.875000,383.125000,374.575012,382.393738,256.160095,9223912,0.000000,0.000000
2010-09-22,382.562500,382.862488,374.306244,376.787506,252.404510,10806440,0.000000,0.000000
2010-09-23,375.631256,379.343750,371.631256,377.862488,253.124680,11181376,0.000000,0.000000
2010-09-24,377.862488,382.337494,374.206238,381.137512,255.318497,8791520,0.000000,0.000000
2010-09-27,381.875000,382.500000,377.918762,379.075012,253.936859,7210320,0.000000,0.000000
2010-09-28,378.125000,378.512512,375.125000,377.075012,252.597137,6209144,0.000000,0.000000
2010-09-29,378.250000,384.875000,375.325012,378.881256,253.807098,8972920,0.000000,0.000000
2010-09-30,380.868744,384.375000,375.931244,381.312500,255.435730,13665816,0.000000,0.000000
2010-10-01,381.375000,388.756256,378.287506,387.768738,259.760712,8086512,0.000000,0.000000
2010-10-04,389.000000,395.250000,382.818756,384.806244,257.776154,7636640,0.000000,0.000000
2010-10-05,384.375000,388.875000,383.750000,385.587494,258.299530,5189152,0.000000,0.000000
2010-10-06,388.250000,390.362488,384.575012,387.975006,259.898804,5788528,0.000000,0.000000
2010-10-07,386.125000,387.187500,380.250000,381.681244,255.682800,6833672,0.000000,0.000000
2010-10-08,382.500000,385.706238,379.631256,384.537506,257.596130,6548160,0.000000,0.000000
2010-10-11,385.037506,387.125000,382.331238,384.306244,257.441132,4493832,0.000000,0.000000
2010-10-12,384.000000,385.618744,381.287506,384.399994,257.504028,4625624,0.000000,0.000000
2010-10-13,385.125000,395.600006,384.399994,394.106262,264.006134,13024504,0.000000,0.000000
2010-10-14,395.637512,403.618744,394.524994,398.156250,266.719025,9193376,0.000000,0.000000
2010-10-15,400.000000,404.750000,382.643738,384.537506,257.596130,25870360,0.000000,0.000000
2010-10-18,385.062500,389.862488,379.912506,388.381256,260.170929,12591096,0.000000,0.000000
2010-10-19,386.837494,388.131256,375.125000,376.274994,252.061249,14077712,0.000000,0.000000
2010-10-20,376.225006,380.575012,373.750000,377.325012,252.764557,7093856,0.000000,0.000000
2010-10-21,374.731262,379.799988,372.512512,379.306244,257.504028,9231920,5.000000,0.000000
2010-10-22,375.656250,385.612488,375.375000,381.643738,259.090881,11345744,0.000000,0.000000
2010-10-25,382.350006,384.362488,376.262512,377.393738,256.205688,5224432,0.000000,0.000000
2010-10-26,377.500000,380.412506,375.337494,376.731262,255.755920,6925872,0.000000,0.000000
2010-10-27,375.250000,376.250000,370.899994,372.524994,252.900330,9072696,0.000000,0.000000
2010-10-28,373.000000,379.112488,368.506256,371.356262,252.106873,18232152,0.000000,0.000000
2010-10-29,373.625000,374.750000,368.000000,371.462494,252.178986,6886024,0.000000,0.000000
2010-11-01,372.875000,378.993744,372.875000,375.206238,254.720551,4552944,0.000000,0.000000
2010-11-02,375.250000,379.075012,373.100006,378.381256,256.876007,4998504,0.000000,0.000000
2010-11-03,378.993744,380.593750,376.881256,378.043762,256.646912,3047536,0.000000,0.000000
2010-11-04,380.500000,385.625000,379.118744,384.643738,261.127472,5514792,0.000000,0.000000
2010-11-08,385.500000,385.500000,375.843750,376.987488,255.929855,5381520,0.000000,0.000000
2010-11-09,379.600006,384.375000,378.750000,382.475006,259.655182,5266960,0.000000,0.000000
2010-11-10,381.000000,388.125000,378.762512,385.331238,261.594238,9728432,0.000000,0.000000
2010-11-11,385.500000,385.500000,381.375000,381.831238,259.218201,5586392,0.000000,0.000000
2010-11-12,379.750000,379.843750,373.625000,374.731262,254.398132,7499456,0.000000,0.000000
2010-11-15,375.375000,380.618744,372.200012,378.756256,257.130615,5850488,0.000000,0.000000
2010-11-16,376.500000,377.375000,367.531250,371.368744,252.115356,8375136,0.000000,0.000000
2010-11-18,373.625000,378.981262,369.831238,375.493744,254.915710,7128224,0.000000,0.000000
2010-11-19,373.443756,376.087494,368.125000,370.475006,251.508606,5664792,0.000000,0.000000
2010-11-22,371.418762,383.500000,371.418762,380.462494,258.288940,8780144,0.000000,0.000000
2010-11-23,378.487488,382.350006,372.493744,376.512512,255.607315,4579872,0.000000,0.000000
2010-11-24,377.987488,379.362488,368.781250,374.487488,254.232651,4038888,0.000000,0.000000
2010-11-25,375.693756,388.875000,375.693756,383.043762,260.041412,18331976,0.000000,0.000000
2010-11-26,383.750000,388.000000,378.368744,380.256256,258.148926,9515792,0.000000,0.000000
2010-11-29,383.125000,386.956238,381.393738,382.993744,260.007385,4964328,0.000000,0.000000
2010-11-30,380.437500,385.337494,376.524994,381.375000,258.908478,9072544,0.000000,0.000000
2010-12-01,381.225006,383.312500,379.375000,381.549988,259.027161,4624096,0.000000,0.000000
2010-12-02,382.000000,388.674988,379.000000,387.312500,262.939362,7197360,0.000000,0.000000
2010-12-03,388.375000,393.487488,387.875000,390.625000,265.188141,6647816,0.000000,0.000000
2010-12-06,391.250000,397.049988,390.750000,392.924988,266.749512,6023648,0.000000,0.000000
2010-12-07,393.231262,399.375000,392.524994,397.325012,269.736633,6085496,0.000000,0.000000
2010-12-08,394.875000,395.512512,389.250000,391.393738,265.709930,6951112,0.000000,0.000000
2010-12-09,393.125000,397.762512,392.643738,393.931244,267.432678,7931128,0.000000,0.000000
2010-12-10,393.125000,395.250000,389.725006,393.031250,266.821594,6125120,0.000000,0.000000
2010-12-13,393.625000,394.549988,384.375000,393.162506,266.910767,6849080,0.000000,0.000000
2010-12-14,395.462494,396.750000,390.850006,394.831238,268.043610,3933584,0.000000,0.000000
2010-12-15,393.337494,401.125000,393.337494,400.431244,271.845459,8254392,0.000000,0.000000
2010-12-16,402.424988,412.500000,401.250000,411.662506,279.470032,8509144,0.000000,0.000000
2010-12-20,406.512512,420.475006,406.500000,418.743744,284.277405,11346320,0.000000,0.000000
2010-12-21,418.818756,421.200012,413.881256,416.156250,282.520844,8059840,0.000000,0.000000
2010-12-22,415.625000,419.962494,414.218750,416.562500,282.796600,5927280,0.000000,0.000000
2010-12-23,418.000000,421.500000,416.156250,420.987488,285.800598,6231504,0.000000,0.000000
2010-12-24,418.375000,422.725006,417.756256,421.268738,285.991577,3620064,0.000000,0.000000
2010-12-27,419.625000,423.975006,419.625000,422.112488,286.564392,3691760,0.000000,0.000000
2010-12-28,421.375000,423.743744,420.437500,422.831238,287.052338,2554440,0.000000,0.000000
2010-12-29,422.625000,426.875000,421.387512,425.612488,288.940430,3802920,0.000000,0.000000
2010-12-30,426.250000,431.750000,425.250000,430.868744,292.508759,8991688,0.000000,0.000000
2010-12-31,429.125000,431.375000,425.643738,430.343750,292.152435,5859728,0.000000,0.000000
2011-01-03,430.500000,433.712494,428.462494,432.293762,293.476257,5048544,0.000000,0.000000
2011-01-04,432.125000,437.375000,432.125000,435.181244,295.436493,8119288,0.000000,0.000000
2011-01-05,433.125000,434.625000,430.637512,432.450012,293.582275,3523160,0.000000,0.000000
2011-01-06,435.000000,436.625000,430.512512,434.768738,295.156464,4691840,0.000000,0.000000
2011-01-07,432.918762,436.875000,419.543762,421.343750,286.042511,8550928,0.000000,0.000000
2011-01-10,421.875000,430.393738,419.000000,424.468750,288.163910,10390408,0.000000,0.000000
2011-01-11,417.500000,427.924988,411.012512,415.712494,282.219543,12319416,0.000000,0.000000
2011-01-12,418.750000,423.750000,414.774994,422.162506,286.598267,10035400,0.000000,0.000000
2011-01-13,411.625000,412.375000,399.375000,400.649994,271.993927,22352872,0.000000,0.000000
2011-01-14,398.268738,409.737488,398.125000,400.537506,271.917480,10321640,0.000000,0.000000
2011-01-17,400.000000,410.212494,398.906250,408.600006,277.390930,8218616,0.000000,0.000000
2011-01-18,406.250000,416.962494,406.250000,415.375000,281.990387,9797168,0.000000,0.000000
2011-01-19,413.393738,414.250000,404.475006,406.200012,275.761658,6935088,0.000000,0.000000
2011-01-20,404.000000,413.424988,402.262512,411.987488,279.690735,7231848,0.000000,0.000000
2011-01-21,408.875000,409.750000,403.875000,405.481262,275.273712,4626824,0.000000,0.000000
2011-01-24,405.000000,411.250000,403.412506,410.581238,278.735931,7501360,0.000000,0.000000
2011-01-25,408.125000,413.106262,404.506256,407.456238,276.614532,9925912,0.000000,0.000000
2011-01-27,408.625000,408.625000,398.187500,399.612488,271.289520,12710648,0.000000,0.000000
2011-01-28,400.725006,408.568756,392.581238,396.018738,268.849823,12684296,0.000000,0.000000
2011-01-31,392.312500,392.312500,385.774994,389.712494,264.568604,7749368,0.000000,0.000000
2011-02-01,390.787506,391.049988,380.387512,386.149994,262.150116,10301688,0.000000,0.000000
2011-02-02,389.125000,395.500000,383.125000,386.156250,262.154358,9174728,0.000000,0.000000
2011-02-03,387.674988,394.125000,385.774994,389.700012,264.560120,6049408,0.000000,0.000000
2011-02-04,387.375000,390.462494,378.299988,380.987488,258.645325,6959880,0.000000,0.000000
2011-02-07,384.362488,389.237488,382.625000,385.931244,262.001526,7341128,0.000000,0.000000
2011-02-08,387.500000,390.000000,384.000000,387.075012,262.778076,6023992,0.000000,0.000000
2011-02-09,385.625000,394.962494,383.487488,391.337494,265.671844,7504144,0.000000,0.000000
2011-02-10,388.206238,389.250000,380.125000,381.649994,259.095093,8252152,0.000000,0.000000
2011-02-11,378.774994,383.587494,377.543762,380.106262,258.047119,11214152,0.000000,0.000000
2011-02-14,380.500000,389.787506,380.062500,388.068756,263.452728,6979048,0.000000,0.000000
2011-02-15,387.500000,391.125000,384.268738,388.318756,263.622375,4599952,0.000000,0.000000
2011-02-16,385.281250,390.462494,385.137512,387.875000,263.321259,2920384,0.000000,0.000000
2011-02-17,389.812500,391.000000,387.774994,389.168762,264.199463,3392984,0.000000,0.000000
2011-02-18,390.625000,393.125000,386.137512,387.537506,263.092010,7102304,0.000000,0.000000
2011-02-21,387.500000,397.225006,384.500000,395.656250,268.603668,9398952,0.000000,0.000000
2011-02-22,392.524994,395.875000,389.250000,392.731262,266.617950,6085648,0.000000,0.000000
2011-02-23,388.237488,388.237488,383.756256,384.850006,261.267548,7076384,0.000000,0.000000
2011-02-24,381.250000,385.000000,374.375000,376.100006,255.327316,16486520,0.000000,0.000000
2011-02-25,377.899994,380.331238,370.750000,375.912506,255.200027,10366720,0.000000,0.000000
2011-02-28,377.750000,391.850006,370.924988,374.637512,254.334488,14514472,0.000000,0.000000
2011-03-01,378.750000,388.500000,376.000000,385.299988,261.572998,8377632,0.000000,0.000000
2011-03-03,382.262512,382.375000,375.125000,378.262512,256.795410,12571856,0.000000,0.000000
2011-03-04,383.375000,386.250000,381.000000,382.774994,259.858917,9770912,0.000000,0.000000
2011-03-07,379.500000,384.375000,378.187500,380.337494,258.204041,7357728,0.000000,0.000000
2011-03-08,378.781250,391.500000,377.524994,389.537506,264.449768,8514512,0.000000,0.000000
2011-03-09,390.000000,391.600006,383.875000,386.937500,262.684753,6676440,0.000000,0.000000
2011-03-10,386.875000,387.500000,382.812500,386.281250,262.239197,3438200,0.000000,0.000000
2011-03-11,383.500000,384.875000,380.625000,381.737488,259.154572,7278272,0.000000,0.000000
2011-03-14,379.375000,388.500000,378.831238,387.600006,263.134491,3557952,0.000000,0.000000
2011-03-15,379.000000,382.362488,375.750000,378.768738,257.139130,9037824,0.000000,0.000000
2011-03-16,378.125000,382.681244,377.506256,378.862488,257.202728,5594720,0.000000,0.000000
2011-03-17,373.012512,374.875000,371.375000,372.337494,252.773041,8321376,0.000000,0.000000
2011-03-18,372.518738,374.350006,366.575012,367.637512,249.582306,7468000,0.000000,0.000000
2011-03-21,368.924988,369.625000,363.043762,365.287506,247.986877,6607096,0.000000,0.000000
2011-03-22,366.893738,369.593750,365.500000,367.881256,249.747818,5119744,0.000000,0.000000
2011-03-23,366.843750,374.850006,365.875000,374.168762,254.016235,7266720,0.000000,0.000000
2011-03-24,374.118744,376.524994,372.343750,375.350006,254.818192,8189232,0.000000,0.000000
2011-03-25,380.500000,398.125000,380.006256,395.381256,268.416931,12662792,0.000000,0.000000
2011-03-28,392.375000,394.693756,388.718750,392.443756,266.422760,12056632,0.000000,0.000000
2011-03-29,391.500000,398.587494,391.118744,396.668762,269.290985,9860592,0.000000,0.000000
2011-03-30,396.500000,400.437500,394.581238,396.362488,269.083069,5608128,0.000000,0.000000
2011-03-31,397.750000,408.125000,395.487488,405.162506,275.057343,18839928,0.000000,0.000000
2011-04-01,404.387512,407.031250,401.000000,402.268738,273.092804,5588288,0.000000,0.000000
2011-04-04,403.125000,412.000000,402.625000,410.393738,278.608673,7375992,0.000000,0.000000
2011-04-05,409.618744,411.625000,403.887512,410.406250,278.617249,4302536,0.000000,0.000000
2011-04-06,409.875000,412.375000,406.506256,409.393738,277.929840,6766920,0.000000,0.000000
2011-04-07,407.737488,407.737488,404.712494,405.737488,275.447754,3800288,0.000000,0.000000
2011-04-08,405.250000,408.081238,400.931244,403.412506,273.869324,4832928,0.000000,0.000000
2011-04-11,399.412506,407.725006,397.625000,405.200012,275.082733,8000064,0.000000,0.000000
2011-04-13,401.375000,414.637512,399.500000,413.274994,280.564728,11068904,0.000000,0.000000
2011-04-15,412.018738,412.325012,372.187500,373.687500,253.689499,81019736,0.000000,0.000000
2011-04-18,364.875000,370.875000,360.000000,363.262512,246.612244,41086712,0.000000,0.000000
2011-04-19,363.250000,365.875000,360.125000,360.918762,245.021072,19210632,0.000000,0.000000
2011-04-20,364.875000,365.987488,361.375000,363.412506,246.714050,17949856,0.000000,0.000000
2011-04-21,364.837494,367.562500,362.637512,363.750000,246.943207,23953696,0.000000,0.000000
2011-04-25,364.375000,370.493744,363.424988,367.662506,249.599228,15527240,0.000000,0.000000
2011-04-26,366.875000,369.368744,365.000000,367.793762,249.688400,18230880,0.000000,0.000000
2011-04-27,368.125000,370.581238,367.812500,369.143738,250.604828,9981328,0.000000,0.000000
2011-04-28,368.625000,369.750000,365.125000,366.143738,248.568268,23419304,0.000000,0.000000
2011-04-29,363.750000,366.125000,360.993744,363.281250,246.624847,16254336,0.000000,0.000000
2011-05-02,364.881256,368.000000,363.750000,365.318756,248.008102,13468184,0.000000,0.000000
2011-05-03,365.000000,369.643738,362.493744,363.881256,247.032272,13234040,0.000000,0.000000
2011-05-04,362.625000,363.125000,355.343750,358.718750,243.527481,16924400,0.000000,0.000000
2011-05-05,358.412506,359.862488,354.625000,356.062500,241.724213,12661232,0.000000,0.000000
2011-05-06,357.237488,363.750000,356.000000,361.625000,245.500534,11930664,0.000000,0.000000
2011-05-09,363.750000,364.625000,358.437500,363.568756,246.820084,4938200,0.000000,0.000000
2011-05-10,363.462494,365.612488,359.000000,360.006256,244.401550,4873368,0.000000,0.000000
2011-05-11,360.250000,365.500000,359.993744,363.256256,246.607956,6410072,0.000000,0.000000
2011-05-12,362.237488,363.625000,359.000000,360.156250,244.503448,4996480,0.000000,0.000000
2011-05-13,360.399994,364.000000,358.906250,359.793762,244.257309,8282336,0.000000,0.000000
2011-05-16,359.500000,359.500000,355.293762,356.299988,241.885468,6469368,0.000000,0.000000
2011-05-17,356.049988,359.662506,352.993744,355.518738,241.355103,7570472,0.000000,0.000000
2011-05-18,356.250000,360.293762,350.375000,355.312500,241.215103,10176496,0.000000,0.000000
2011-05-19,357.462494,357.462494,354.450012,355.806244,241.550278,7455960,0.000000,0.000000
2011-05-20,355.625000,357.962494,354.018738,356.231262,241.838806,8023672,0.000000,0.000000
2011-05-23,355.981262,356.600006,353.481262,354.631256,240.752563,6778880,0.000000,0.000000
2011-05-24,354.125000,357.981262,354.125000,355.562500,241.384857,7625464,0.000000,0.000000
2011-05-25,353.462494,353.462494,344.575012,348.581238,236.645386,11075416,0.000000,0.000000
2011-05-26,349.250000,349.718750,344.750000,347.068756,237.320602,8476176,2.500000,0.000000
2011-05-27,345.000000,350.875000,345.000000,348.437500,238.256470,6264944,0.000000,0.000000
2011-05-30,350.762512,350.762512,345.125000,347.575012,237.666748,6867352,0.000000,0.000000
2011-05-31,349.125000,352.250000,347.068756,348.206238,238.098358,20410608,0.000000,0.000000
2011-06-01,349.250000,353.000000,348.000000,351.443756,240.312225,8105864,0.000000,0.000000
2011-06-02,347.500000,352.500000,347.125000,350.381256,239.585648,7117288,0.000000,0.000000
2011-06-03,351.375000,355.350006,351.362488,352.024994,240.709549,6293384,0.000000,0.000000
2011-06-06,352.750000,355.743744,349.393738,354.737488,242.564392,3769264,0.000000,0.000000
2011-06-07,353.756256,363.000000,353.756256,361.568756,247.235489,7978664,0.000000,0.000000
2011-06-08,361.125000,361.524994,358.406250,358.962494,245.453400,5945968,0.000000,0.000000
2011-06-09,360.187500,360.187500,356.818756,357.687500,244.581528,4221616,0.000000,0.000000
2011-06-10,358.562500,360.100006,356.399994,357.793762,244.654297,7187264,0.000000,0.000000
2011-06-13,356.062500,360.274994,352.462494,359.700012,245.957733,7733184,0.000000,0.000000
2011-06-14,359.725006,360.437500,358.093750,359.037506,245.504639,7870104,0.000000,0.000000
2011-06-15,357.718750,357.718750,353.362488,354.450012,242.367798,7335880,0.000000,0.000000
2011-06-16,353.625000,353.625000,349.381256,350.037506,239.350632,7628960,0.000000,0.000000
2011-06-17,350.012512,350.418762,341.412506,346.206238,236.730804,8525168,0.000000,0.000000
2011-06-20,346.037506,347.468750,331.562500,338.693756,231.593918,12458152,0.000000,0.000000
2011-06-21,340.375000,344.375000,336.662506,340.893738,233.098190,7542816,0.000000,0.000000
2011-06-22,344.125000,347.712494,342.762512,344.381256,235.482941,5625000,0.000000,0.000000
2011-06-23,343.750000,348.637512,341.937500,347.387512,237.538544,4158768,0.000000,0.000000
2011-06-24,348.875000,359.712494,348.875000,357.493744,244.449112,11219288,0.000000,0.000000
2011-06-27,353.956238,365.375000,352.531250,358.881256,245.397797,10724296,0.000000,0.000000
2011-06-28,358.756256,359.606262,355.475006,358.162506,244.906357,4486792,0.000000,0.000000
2011-06-29,358.500000,363.375000,358.500000,360.218750,246.312454,4800752,0.000000,0.000000
2011-06-30,360.756256,364.875000,360.187500,363.806244,248.765442,11341840,0.000000,0.000000
2011-07-01,366.875000,371.243744,365.512512,366.768738,250.791214,6402464,0.000000,0.000000
2011-07-04,370.831238,372.125000,366.875000,367.368744,251.201447,4114592,0.000000,0.000000
2011-07-05,369.625000,371.237488,365.750000,369.556244,252.697250,6423728,0.000000,0.000000
2011-07-06,368.375000,371.556244,367.137512,369.212494,252.462112,3440224,0.000000,0.000000
2011-07-07,369.399994,375.000000,367.875000,374.462494,256.051941,5751472,0.000000,0.000000
2011-07-08,375.000000,377.987488,370.906250,372.068756,254.415222,5669792,0.000000,0.000000
2011-07-11,369.237488,372.012512,361.068756,365.143738,249.680008,9206520,0.000000,0.000000
2011-07-12,356.250000,356.250000,343.350006,348.943756,238.602722,29652656,0.000000,0.000000
2011-07-13,345.750000,350.918762,345.131256,347.162506,237.384735,13338168,0.000000,0.000000
2011-07-14,345.031250,345.500000,341.375000,342.543762,234.226440,10891224,0.000000,0.000000
2011-07-15,343.000000,345.368744,340.000000,341.418762,233.457214,6392624,0.000000,0.000000
2011-07-18,341.875000,342.906250,338.418762,339.174988,231.922958,9408656,0.000000,0.000000
2011-07-19,340.125000,345.250000,339.581238,343.812500,235.094040,8324424,0.000000,0.000000
2011-07-20,346.600006,346.600006,343.125000,344.056244,235.260696,6222712,0.000000,0.000000
2011-07-21,343.149994,348.062500,342.100006,346.012512,236.598343,5897088,0.000000,0.000000
2011-07-22,348.037506,355.500000,346.250000,353.531250,241.739609,7749624,0.000000,0.000000
2011-07-25,352.250000,353.131256,348.887512,350.968750,239.987350,7404256,0.000000,0.000000
2011-07-26,351.125000,353.000000,348.437500,350.225006,239.478806,6848736,0.000000,0.000000
2011-07-27,350.125000,354.487488,348.899994,349.581238,239.038544,8506440,0.000000,0.000000
2011-07-28,345.625000,346.737488,341.812500,343.887512,235.145370,9481376,0.000000,0.000000
2011-07-29,342.625000,347.806244,340.674988,346.987488,237.265137,9757592,0.000000,0.000000
2011-08-01,347.512512,352.975006,347.512512,351.887512,240.615601,6094952,0.000000,0.000000
2011-08-02,349.818756,349.818756,343.125000,343.868744,235.132431,4932528,0.000000,0.000000
2011-08-03,341.875000,342.462494,338.562500,341.575012,233.564072,5646088,0.000000,0.000000
2011-08-04,342.500000,344.993744,338.000000,338.643738,231.559708,6529888,0.000000,0.000000
2011-08-05,330.450012,330.450012,315.625000,323.899994,221.478119,15758072,0.000000,0.000000
2011-08-08,312.500000,312.500000,303.875000,308.812500,211.161545,16170240,0.000000,0.000000
2011-08-09,293.875000,304.993744,293.774994,296.818756,202.960403,16849744,0.000000,0.000000
2011-08-10,306.000000,309.549988,301.387512,305.887512,209.161438,13955960,0.000000,0.000000
2011-08-11,304.000000,308.625000,301.868744,305.075012,208.605835,8206232,0.000000,0.000000
2011-08-12,311.000000,311.000000,292.793762,296.899994,203.015945,14098080,0.000000,0.000000
2011-08-16,303.750000,304.781250,296.537506,299.912506,205.075821,10146704,0.000000,0.000000
2011-08-17,299.500000,308.187500,299.500000,306.118744,209.319550,8531328,0.000000,0.000000
2011-08-18,308.125000,308.512512,292.875000,294.262512,201.212463,10674664,0.000000,0.000000
2011-08-19,284.250000,284.250000,271.450012,278.087494,190.152237,28899200,0.000000,0.000000
2011-08-22,276.737488,280.637512,271.875000,274.325012,187.579483,15708072,0.000000,0.000000
2011-08-23,275.156250,287.831238,274.250000,284.618744,194.618210,17143440,0.000000,0.000000
2011-08-24,285.000000,285.618744,278.750000,281.362488,192.391617,8606144,0.000000,0.000000
2011-08-25,281.274994,283.137512,270.187500,272.924988,186.622162,26853752,0.000000,0.000000
2011-08-26,273.312500,281.612488,272.831238,275.318756,188.258987,21021960,0.000000,0.000000
2011-08-29,279.875000,289.031250,279.000000,287.031250,196.267838,11222528,0.000000,0.000000
2011-08-30,291.375000,295.000000,285.000000,292.868744,200.259430,12142920,0.000000,0.000000
2011-09-02,298.125000,298.125000,284.412506,289.899994,198.229385,14960904,0.000000,0.000000
2011-09-05,286.712494,286.712494,280.024994,283.137512,193.605347,10902544,0.000000,0.000000
2011-09-06,281.737488,290.000000,277.781250,287.818756,196.806366,10816696,0.000000,0.000000
2011-09-07,287.237488,289.287506,283.456238,286.431244,195.857574,13157432,0.000000,0.000000
2011-09-08,287.500000,294.250000,287.375000,292.306244,199.874863,11027872,0.000000,0.000000
2011-09-09,291.012512,291.012512,282.625000,284.287506,194.391708,12392104,0.000000,0.000000
2011-09-12,276.000000,277.168762,272.581238,274.806244,187.908524,8198264,0.000000,0.000000
2011-09-13,277.887512,282.462494,274.468750,277.756256,189.925720,10365216,0.000000,0.000000
2011-09-14,281.375000,295.862488,281.125000,293.956238,201.003067,17236880,0.000000,0.000000
2011-09-15,297.250000,303.562500,291.250000,301.237488,205.981827,13703456,0.000000,0.000000
2011-09-16,307.237488,307.237488,296.700012,299.393738,204.721146,11304104,0.000000,0.000000
2011-09-19,299.875000,301.450012,294.512512,295.331238,201.943222,6558432,0.000000,0.000000
2011-09-20,297.125000,305.000000,296.893738,304.568756,208.259796,9008904,0.000000,0.000000
2011-09-21,305.000000,306.862488,302.500000,304.456238,208.182755,7402480,0.000000,0.000000
2011-09-22,298.000000,301.475006,292.081238,294.075012,201.084229,9037856,0.000000,0.000000
2011-09-23,291.000000,298.725006,290.125000,292.350006,199.904709,10448432,0.000000,0.000000
2011-09-26,293.125000,295.625000,287.637512,294.375000,201.289413,6544288,0.000000,0.000000
2011-09-27,297.149994,308.581238,297.149994,305.518738,208.909378,10341024,0.000000,0.000000
2011-09-28,310.000000,317.500000,306.562500,308.781250,211.140228,20061760,0.000000,0.000000
2011-09-29,310.250000,321.243744,308.906250,318.887512,218.050720,23256344,0.000000,0.000000
2011-09-30,316.487488,320.500000,313.524994,316.631256,216.507858,10730656,0.000000,0.000000
2011-10-03,311.250000,314.750000,308.462494,309.487488,211.623062,9885128,0.000000,0.000000
2011-10-04,306.524994,310.218750,301.700012,304.812500,208.426407,7838480,0.000000,0.000000
2011-10-05,307.243744,312.375000,303.512512,305.868744,209.148636,10771856,0.000000,0.000000
2011-10-07,320.000000,321.862488,310.956238,313.587494,214.426636,18457728,0.000000,0.000000
2011-10-10,318.125000,325.112488,316.049988,323.743744,221.371399,16946432,0.000000,0.000000
2011-10-11,324.174988,324.375000,311.250000,313.068756,214.071884,22339248,0.000000,0.000000
2011-10-12,324.375000,336.000000,324.375000,334.918762,229.012634,34633704,0.000000,0.000000
2011-10-13,339.875000,341.125000,335.625000,337.087494,230.495544,18041536,0.000000,0.000000
2011-10-14,338.887512,344.587494,335.787506,342.968750,234.517120,19600992,0.000000,0.000000
2011-10-17,345.137512,345.612488,340.024994,343.318756,234.756424,14145496,0.000000,0.000000
2011-10-18,337.487488,340.625000,335.962494,337.693756,230.910126,10518136,0.000000,0.000000
2011-10-19,340.250000,341.875000,337.637512,340.968750,233.149536,10135320,0.000000,0.000000
2011-10-20,336.500000,344.625000,335.943756,343.443756,236.140381,5573680,1.875000,0.000000
2011-10-21,343.443756,343.625000,338.375000,340.331238,234.000351,6858312,0.000000,0.000000
2011-10-24,343.750000,346.850006,342.649994,345.912506,237.837875,6075592,0.000000,0.000000
2011-10-25,351.375000,362.375000,351.375000,357.337494,245.693253,15677584,0.000000,0.000000
2011-10-28,365.125000,371.418762,355.631256,357.331238,245.688965,24868784,0.000000,0.000000
2011-10-31,357.000000,362.218750,357.000000,359.693756,247.313400,10291624,0.000000,0.000000
2011-11-01,355.000000,359.262512,352.250000,354.575012,243.793884,7906192,0.000000,0.000000
2011-11-02,352.500000,356.737488,352.174988,354.299988,243.604828,5317856,0.000000,0.000000
2011-11-03,354.250000,355.250000,345.899994,350.262512,240.828781,10779624,0.000000,0.000000
2011-11-04,355.625000,356.362488,348.943756,353.243744,242.878540,7643688,0.000000,0.000000
2011-11-08,351.881256,356.000000,348.856262,355.262512,244.266617,6107336,0.000000,0.000000
2011-11-09,355.625000,358.406250,353.125000,354.412506,243.682159,6679648,0.000000,0.000000
2011-11-11,326.337494,350.962494,326.337494,346.962494,238.559814,9441224,0.000000,0.000000
2011-11-14,351.268738,354.049988,349.750000,351.100006,241.404587,4633040,0.000000,0.000000
2011-11-15,350.012512,352.500000,347.693756,349.787506,240.502106,5098024,0.000000,0.000000
2011-11-16,349.375000,350.500000,344.787506,347.287506,238.783279,6552648,0.000000,0.000000
2011-11-17,346.037506,348.625000,341.612488,344.187500,236.651749,6366984,0.000000,0.000000
2011-11-18,341.381256,345.556244,340.000000,342.600006,235.560333,4737896,0.000000,0.000000
2011-11-21,340.000000,341.856262,328.287506,333.762512,229.483948,9365792,0.000000,0.000000
2011-11-22,325.000000,345.612488,325.000000,340.500000,234.116348,14859512,0.000000,0.000000
2011-11-23,334.375000,336.193756,327.168762,331.581238,227.984177,12792816,0.000000,0.000000
2011-11-24,330.125000,335.500000,323.325012,333.274994,229.148697,13231776,0.000000,0.000000
2011-11-25,331.875000,331.875000,323.875000,324.962494,223.433350,8022528,0.000000,0.000000
2011-11-28,327.506256,331.237488,326.556244,329.518738,226.566040,7290208,0.000000,0.000000
2011-11-29,327.774994,328.506256,322.656250,324.743744,223.282944,10659368,0.000000,0.000000
2011-11-30,322.625000,328.125000,320.125000,325.856262,224.047821,11640232,0.000000,0.000000
2011-12-01,334.250000,336.356262,328.825012,331.918762,228.216248,8125208,0.000000,0.000000
2011-12-02,331.375000,339.431244,330.987488,336.768738,231.550949,9451408,0.000000,0.000000
2011-12-05,336.250000,339.718750,334.399994,337.643738,232.152512,7468184,0.000000,0.000000
2011-12-07,338.125000,346.549988,335.506256,344.868744,237.120255,8070392,0.000000,0.000000
2011-12-08,343.375000,344.750000,337.012512,340.431244,234.069168,7295584,0.000000,0.000000
2011-12-09,333.518738,342.475006,332.524994,338.787506,232.938950,10570752,0.000000,0.000000
2011-12-12,339.987488,344.500000,337.225006,342.531250,235.513046,11025800,0.000000,0.000000
2011-12-13,341.412506,345.612488,338.587494,344.024994,236.540131,9648336,0.000000,0.000000
2011-12-14,343.750000,345.906250,340.625000,342.531250,235.513046,9857632,0.000000,0.000000
2011-12-15,340.787506,341.793762,333.125000,339.543762,233.458893,10053168,0.000000,0.000000
2011-12-16,336.875000,348.600006,336.493744,340.562500,234.159409,13669288,0.000000,0.000000
2011-12-19,336.250000,337.943756,331.975006,334.549988,230.025360,12064432,0.000000,0.000000
2011-12-20,336.250000,337.268738,331.387512,333.593750,229.367874,10484608,0.000000,0.000000
2011-12-21,339.875000,344.350006,335.000000,342.875000,235.749435,8422920,0.000000,0.000000
2011-12-22,331.250000,343.500000,331.250000,340.106262,233.845749,12707136,0.000000,0.000000
2011-12-23,342.500000,342.500000,335.406250,336.843750,231.602478,7045296,0.000000,0.000000
2011-12-26,336.375000,348.375000,336.375000,346.981262,238.572678,4236568,0.000000,0.000000
2011-12-27,345.625000,349.875000,342.031250,344.924988,237.158844,6178200,0.000000,0.000000
2011-12-28,346.125000,350.500000,343.943756,347.750000,239.101334,6851248,0.000000,0.000000
2011-12-29,344.750000,346.862488,341.381256,342.762512,235.672043,8837168,0.000000,0.000000
2011-12-30,343.000000,346.875000,342.687500,345.956238,237.867905,5308816,0.000000,0.000000
2012-01-02,344.899994,352.081238,342.750000,351.118744,241.417450,5826176,0.000000,0.000000
2012-01-03,353.012512,360.868744,352.500000,358.037506,246.174545,8903008,0.000000,0.000000
2012-01-04,355.625000,359.375000,355.131256,356.799988,245.323715,7341424,0.000000,0.000000
2012-01-05,354.899994,359.500000,353.931244,355.018738,244.098984,7125272,0.000000,0.000000
2012-01-06,354.750000,358.450012,351.387512,354.018738,243.411423,7087632,0.000000,0.000000
2012-01-09,355.937500,358.287506,352.149994,354.568756,243.789612,8265784,0.000000,0.000000
2012-01-10,358.750000,359.424988,356.274994,357.950012,246.114471,11179176,0.000000,0.000000
2012-01-11,358.500000,361.862488,351.625000,353.325012,242.934494,13795800,0.000000,0.000000
2012-01-12,343.750000,343.750000,322.256256,323.531250,222.449310,48970600,0.000000,0.000000
2012-01-13,327.250000,327.375000,319.031250,323.024994,222.101227,20898944,0.000000,0.000000
2012-01-16,322.656250,330.500000,322.387512,330.018738,226.909882,13188736,0.000000,0.000000
2012-01-17,331.250000,334.100006,329.231262,332.756256,228.792084,8740424,0.000000,0.000000
2012-01-18,330.500000,330.500000,323.125000,326.506256,224.494843,9700424,0.000000,0.000000
2012-01-19,327.000000,327.850006,322.075012,324.337494,223.003677,9652336,0.000000,0.000000
2012-01-20,324.500000,326.212494,322.037506,323.600006,222.496521,11635712,0.000000,0.000000
2012-01-23,323.750000,326.937500,323.625000,325.037506,223.484894,5160864,0.000000,0.000000
2012-01-24,327.250000,329.950012,324.375000,327.600006,225.246765,5653208,0.000000,0.000000
2012-01-25,329.375000,334.375000,328.125000,333.225006,229.114380,10545360,0.000000,0.000000
2012-01-27,337.750000,341.875000,335.774994,340.625000,234.202393,12218872,0.000000,0.000000
2012-01-30,337.362488,340.649994,336.250000,339.037506,233.110764,9588456,0.000000,0.000000
2012-01-31,339.000000,344.331238,338.250000,343.250000,236.007263,8658896,0.000000,0.000000
2012-02-01,342.462494,343.500000,336.956238,342.837494,235.723587,6269336,0.000000,0.000000
2012-02-02,342.512512,347.875000,341.250000,344.625000,236.952606,11538256,0.000000,0.000000
2012-02-03,342.506256,349.000000,342.506256,347.906250,239.208710,11637200,0.000000,0.000000
2012-02-06,350.637512,350.987488,344.012512,347.137512,238.680145,7937680,0.000000,0.000000
2012-02-07,350.625000,350.625000,339.206238,340.937500,234.417267,7221640,0.000000,0.000000
2012-02-08,343.500000,347.750000,342.668762,346.143738,237.996887,6671496,0.000000,0.000000
2012-02-09,343.625000,352.762512,341.481262,351.237488,241.499252,10156840,0.000000,0.000000
2012-02-10,349.875000,350.250000,343.893738,348.799988,239.823212,5177616,0.000000,0.000000
2012-02-13,346.906250,350.062500,344.637512,348.549988,239.651382,5734008,0.000000,0.000000
2012-02-14,347.000000,351.237488,345.500000,350.131256,240.738541,5477768,0.000000,0.000000
2012-02-15,351.875000,359.375000,351.875000,358.012512,246.157349,7178328,0.000000,0.000000
2012-02-16,358.000000,364.712494,357.568756,363.618744,250.012222,8256552,0.000000,0.000000
2012-02-17,364.531250,372.250000,362.518738,368.475006,253.351089,11457280,0.000000,0.000000
2012-02-21,366.250000,369.987488,363.906250,367.281250,252.530258,6049224,0.000000,0.000000
2012-02-22,363.149994,374.250000,363.149994,369.031250,253.733521,10413120,0.000000,0.000000
2012-02-23,367.375000,372.825012,364.524994,366.643738,252.091934,10474960,0.000000,0.000000
2012-02-24,366.500000,371.750000,365.437500,368.506256,253.372482,8536440,0.000000,0.000000
2012-02-27,370.625000,370.625000,359.000000,360.418762,247.811890,6910568,0.000000,0.000000
2012-02-28,360.750000,363.750000,356.868744,359.049988,246.870728,7950200,0.000000,0.000000
2012-02-29,361.750000,363.512512,358.024994,360.431244,247.820465,8868408,0.000000,0.000000
2012-03-01,356.443756,359.375000,350.625000,357.081238,245.517136,9806632,0.000000,0.000000
2012-03-02,358.125000,358.125000,351.637512,355.712494,244.576050,6077656,0.000000,0.000000
2012-03-05,357.262512,357.981262,349.587494,351.231262,241.494904,5780456,0.000000,0.000000
2012-03-06,350.637512,360.000000,350.137512,356.556244,245.156128,10349688,0.000000,0.000000
2012-03-07,355.250000,361.875000,354.387512,360.481262,247.854889,7908568,0.000000,0.000000
2012-03-09,361.750000,362.875000,356.000000,356.912506,245.401154,6644808,0.000000,0.000000
2012-03-12,364.375000,364.375000,347.625000,352.174988,242.143738,7294472,0.000000,0.000000
2012-03-13,355.493744,358.731262,355.250000,357.475006,245.787918,7710424,0.000000,0.000000
2012-03-14,361.250000,364.375000,356.743744,359.856262,247.425110,10602088,0.000000,0.000000
2012-03-15,361.875000,363.143738,358.812500,360.237488,247.687225,6251360,0.000000,0.000000
2012-03-16,363.125000,364.125000,355.893738,358.118744,246.230499,9031008,0.000000,0.000000
2012-03-19,361.875000,362.500000,351.412506,354.687500,243.871231,6061528,0.000000,0.000000
2012-03-20,353.250000,356.649994,350.375000,353.918762,243.342651,9225384,0.000000,0.000000
2012-03-21,354.056244,361.250000,352.625000,358.412506,246.432434,6250664,0.000000,0.000000
2012-03-22,359.250000,359.318756,351.787506,353.537506,243.080566,5664640,0.000000,0.000000
2012-03-23,354.125000,360.343750,353.799988,359.087494,246.896515,5497736,0.000000,0.000000
2012-03-26,358.625000,358.625000,352.637512,353.843750,243.291092,4922664,0.000000,0.000000
2012-03-27,357.500000,362.968750,354.037506,359.487488,247.171646,7590752,0.000000,0.000000
2012-03-28,358.250000,359.337494,353.000000,355.387512,244.352570,5919920,0.000000,0.000000
2012-03-29,352.562500,354.793762,345.975006,349.000000,239.960709,14000208,0.000000,0.000000
2012-03-30,351.237488,359.125000,350.375000,358.287506,246.346481,7963600,0.000000,0.000000
2012-04-02,358.000000,361.093750,355.125000,356.274994,244.962799,4851584,0.000000,0.000000
2012-04-03,358.287506,359.706238,355.318756,357.306244,245.671829,5451584,0.000000,0.000000
2012-04-04,356.125000,359.368744,355.500000,356.387512,245.040054,5254144,0.000000,0.000000
2012-04-09,354.687500,357.418762,351.549988,352.843750,242.603607,6541568,0.000000,0.000000
2012-04-10,355.250000,355.956238,342.125000,346.424988,238.190231,7243056,0.000000,0.000000
2012-04-11,346.118744,353.125000,342.899994,350.549988,241.026489,8179640,0.000000,0.000000
2012-04-12,352.843750,353.981262,342.306244,343.831238,236.406860,11805608,0.000000,0.000000
2012-04-13,314.750000,315.337494,298.637512,300.318756,206.489105,75255568,0.000000,0.000000
2012-04-16,300.000000,303.318756,291.631256,295.568756,203.223221,33491480,0.000000,0.000000
2012-04-17,299.875000,299.875000,292.012512,297.587494,204.611176,23687088,0.000000,0.000000
2012-04-18,300.000000,300.318756,294.375000,296.406250,203.799042,19165328,0.000000,0.000000
2012-04-19,297.487488,301.868744,296.000000,300.674988,206.734085,17113512,0.000000,0.000000
2012-04-20,299.343750,303.549988,295.312500,300.924988,206.905945,11507520,0.000000,0.000000
2012-04-23,298.750000,298.750000,288.125000,288.862488,198.612152,18136696,0.000000,0.000000
2012-04-24,288.831238,295.600006,274.787506,293.693756,201.934006,53037912,0.000000,0.000000
2012-04-25,293.712494,295.625000,287.906250,293.743744,201.968353,24638504,0.000000,0.000000
2012-04-26,293.750000,297.350006,292.793762,294.524994,202.505524,17137064,0.000000,0.000000
2012-04-27,294.625000,299.750000,294.375000,298.875000,205.496475,14062464,0.000000,0.000000
2012-04-30,299.000000,308.500000,298.793762,307.762512,211.607208,10869608,0.000000,0.000000
2012-05-02,308.125000,311.000000,307.718750,309.000000,212.458084,10124688,0.000000,0.000000
2012-05-03,307.500000,312.156250,307.500000,310.362488,213.394867,11400728,0.000000,0.000000
2012-05-04,310.250000,312.250000,302.924988,305.243744,209.875351,10800888,0.000000,0.000000
2012-05-07,301.125000,306.100006,295.987488,304.700012,209.501511,10710000,0.000000,0.000000
2012-05-08,299.375000,300.968750,291.143738,299.237488,205.745651,11526640,0.000000,0.000000
2012-05-09,296.000000,299.350006,294.075012,295.781250,203.369278,10498144,0.000000,0.000000
2012-05-10,296.000000,298.106262,290.287506,293.024994,201.474167,9084024,0.000000,0.000000
2012-05-11,293.000000,295.000000,286.506256,288.912506,198.646530,8901312,0.000000,0.000000
2012-05-14,290.024994,293.187500,288.012512,292.368744,201.023010,7918416,0.000000,0.000000
2012-05-15,288.125000,303.625000,288.125000,301.899994,207.576355,10267152,0.000000,0.000000
2012-05-16,297.250000,298.125000,294.250000,296.056244,203.558426,8589288,0.000000,0.000000
2012-05-17,296.056244,297.181244,293.299988,296.318756,203.738861,5807416,0.000000,0.000000
2012-05-18,290.668762,300.625000,287.768738,297.856262,204.795990,5938160,0.000000,0.000000
2012-05-21,298.112488,298.187500,290.500000,292.556244,201.151871,4776760,0.000000,0.000000
2012-05-22,294.375000,296.006256,290.456238,292.637512,201.207764,5823208,0.000000,0.000000
2012-05-23,294.375000,295.600006,288.399994,293.524994,201.818008,5402032,0.000000,0.000000
2012-05-24,293.625000,298.612488,289.125000,297.600006,207.446793,7612048,4.000000,0.000000
2012-05-25,295.375000,298.125000,293.881256,296.606262,206.754028,4313728,0.000000,0.000000
2012-05-28,299.250000,299.750000,295.325012,298.225006,207.882462,4725784,0.000000,0.000000
2012-05-29,298.875000,303.125000,297.250000,301.187500,209.947464,5144760,0.000000,0.000000
2012-05-30,300.875000,307.350006,299.087494,304.037506,211.934158,8051488,0.000000,0.000000
2012-05-31,301.000000,319.000000,298.887512,303.668762,211.677078,21626352,0.000000,0.000000
2012-06-01,301.875000,303.937500,297.875000,298.649994,208.178696,6543040,0.000000,0.000000
2012-06-04,296.750000,299.543762,293.125000,298.200012,207.864990,4812088,0.000000,0.000000
2012-06-05,298.125000,301.487488,296.837494,298.606262,208.148270,5992720,0.000000,0.000000
2012-06-06,299.649994,304.168762,299.549988,301.937500,210.470322,8777184,0.000000,0.000000
2012-06-07,306.000000,308.106262,304.518738,306.618744,213.733475,6647088,0.000000,0.000000
2012-06-08,311.112488,311.112488,299.100006,302.406250,210.797028,5564824,0.000000,0.000000
2012-06-11,303.375000,306.593750,301.862488,303.206238,211.354706,3553784,0.000000,0.000000
2012-06-12,300.274994,308.750000,300.274994,307.256256,214.177811,4134680,0.000000,0.000000
2012-06-13,306.406250,311.212494,305.250000,308.762512,215.227737,6157784,0.000000,0.000000
2012-06-14,307.625000,313.750000,307.625000,312.287506,217.684937,7883336,0.000000,0.000000
2012-06-15,313.756256,316.500000,312.843750,315.318756,219.797928,6311512,0.000000,0.000000
2012-06-18,316.875000,318.043762,312.062500,313.962494,218.852539,7117032,0.000000,0.000000
2012-06-19,312.500000,313.125000,307.237488,309.625000,215.829010,6414080,0.000000,0.000000
2012-06-20,310.000000,310.625000,306.618744,308.762512,215.227737,6535976,0.000000,0.000000
2012-06-21,307.000000,312.875000,305.018738,311.412506,217.075027,6536616,0.000000,0.000000
2012-06-22,306.218750,310.562500,303.306244,309.306244,215.606812,6414328,0.000000,0.000000
2012-06-25,309.362488,311.000000,307.281250,308.518738,215.057892,7949448,0.000000,0.000000
2012-06-26,306.637512,307.487488,303.693756,305.049988,212.639893,10330160,0.000000,0.000000
2012-06-27,306.500000,309.375000,306.056244,308.512512,215.053528,8677384,0.000000,0.000000
2012-06-28,308.125000,312.125000,306.043762,309.162506,215.506592,7612976,0.000000,0.000000
2012-06-29,311.750000,314.875000,309.524994,313.649994,218.634705,9364968,0.000000,0.000000
2012-07-02,312.875000,314.850006,311.337494,312.424988,217.780746,5175216,0.000000,0.000000
2012-07-03,314.531250,314.531250,309.575012,311.318756,217.009644,6428808,0.000000,0.000000
2012-07-04,312.500000,313.106262,308.625000,309.924988,216.038101,6390816,0.000000,0.000000
2012-07-05,310.031250,311.000000,307.812500,310.031250,216.112137,5780464,0.000000,0.000000
2012-07-06,309.500000,310.625000,305.000000,305.581238,213.010223,4887440,0.000000,0.000000
2012-07-09,302.637512,308.612488,300.250000,304.743744,212.426437,7314680,0.000000,0.000000
2012-07-10,305.500000,307.912506,305.168762,307.424988,214.295456,7054720,0.000000,0.000000
2012-07-11,306.250000,312.799988,305.625000,308.875000,215.306213,16945880,0.000000,0.000000
2012-07-12,281.250000,285.000000,277.375000,283.049988,197.304474,54271864,0.000000,0.000000
2012-07-13,277.250000,282.350006,277.250000,278.725006,194.289658,26756504,0.000000,0.000000
2012-07-16,278.750000,280.174988,270.406250,271.412506,189.192368,18441096,0.000000,0.000000
2012-07-17,273.112488,274.750000,270.287506,271.406250,189.188019,13503128,0.000000,0.000000
2012-07-18,271.406250,273.612488,270.375000,272.362488,189.854584,7873264,0.000000,0.000000
2012-07-19,275.000000,281.250000,274.156250,280.649994,195.631485,10912392,0.000000,0.000000
2012-07-20,280.612488,280.612488,275.662506,277.343750,193.326813,5153832,0.000000,0.000000
2012-07-23,275.000000,276.237488,272.825012,273.637512,190.743347,3890800,0.000000,0.000000
2012-07-24,273.812500,276.500000,270.637512,271.081238,188.961472,7153512,0.000000,0.000000
2012-07-25,271.750000,272.500000,268.750000,271.068756,188.952744,7036544,0.000000,0.000000
2012-07-26,270.875000,270.875000,262.656250,265.475006,185.053543,11975336,0.000000,0.000000
2012-07-27,270.250000,270.500000,263.662506,268.581238,187.218796,9862488,0.000000,0.000000
2012-07-30,270.000000,276.875000,269.693756,276.212494,192.538345,7166920,0.000000,0.000000
2012-07-31,276.875000,279.500000,273.125000,278.368744,194.041336,6914440,0.000000,0.000000
2012-08-01,276.875000,278.799988,275.093750,277.318756,193.309448,3047984,0.000000,0.000000
2012-08-02,277.250000,278.350006,274.375000,275.718750,192.194107,2420032,0.000000,0.000000
2012-08-03,274.531250,277.168762,273.137512,276.062500,192.433746,3095592,0.000000,0.000000
2012-08-06,277.774994,279.362488,275.924988,277.100006,193.156937,3250784,0.000000,0.000000
2012-08-07,279.000000,283.674988,277.762512,281.662506,196.337296,5465344,0.000000,0.000000
2012-08-08,282.750000,286.875000,282.500000,285.450012,198.977478,8039104,0.000000,0.000000
2012-08-09,286.281250,288.937500,284.375000,285.256256,198.842361,6931096,0.000000,0.000000
2012-08-10,284.750000,290.125000,283.000000,289.131256,201.543472,5635688,0.000000,0.000000
2012-08-13,287.662506,291.375000,287.512512,290.012512,202.157822,4013928,0.000000,0.000000
2012-08-14,289.162506,291.875000,286.168762,291.168762,202.963791,4044816,0.000000,0.000000
2012-08-16,291.018738,291.018738,287.631256,289.431244,201.752625,3729624,0.000000,0.000000
2012-08-17,290.500000,294.375000,289.537506,293.881256,204.854523,8493280,0.000000,0.000000
2012-08-21,295.625000,304.875000,295.625000,301.125000,209.903915,12206136,0.000000,0.000000
2012-08-22,300.362488,305.000000,299.268738,304.200012,212.047424,5149168,0.000000,0.000000
2012-08-23,304.375000,310.375000,303.031250,309.649994,215.846420,14722856,0.000000,0.000000
2012-08-24,306.000000,307.293762,304.250000,305.600006,213.023315,6724512,0.000000,0.000000
2012-08-27,303.774994,305.812500,300.700012,301.487488,210.156647,7891360,0.000000,0.000000
2012-08-28,299.625000,306.431244,299.625000,302.643738,210.962601,5666056,0.000000,0.000000
2012-08-29,302.750000,302.750000,297.806244,298.537506,208.100327,5616416,0.000000,0.000000
2012-08-30,297.981262,300.768738,296.256256,299.087494,208.483612,11175392,0.000000,0.000000
2012-08-31,298.250000,298.250000,294.343750,295.206238,205.778168,5811064,0.000000,0.000000
2012-09-03,295.750000,299.862488,294.750000,295.637512,206.078781,4321512,0.000000,0.000000
2012-09-04,295.043762,296.500000,293.012512,295.100006,205.704086,2333328,0.000000,0.000000
2012-09-05,293.375000,294.625000,291.524994,292.431244,203.843796,4013224,0.000000,0.000000
2012-09-06,293.812500,303.487488,293.812500,302.750000,211.036652,7623384,0.000000,0.000000
2012-09-07,306.875000,311.750000,306.387512,310.906250,216.722092,6075696,0.000000,0.000000
2012-09-10,312.000000,315.875000,309.843750,314.043762,218.909149,7337320,0.000000,0.000000
2012-09-11,312.500000,316.993744,309.325012,316.187500,220.403488,5441904,0.000000,0.000000
2012-09-12,316.375000,318.743744,315.143738,317.462494,221.292236,5083328,0.000000,0.000000
2012-09-13,317.350006,320.862488,314.750000,319.381256,222.629776,5249704,0.000000,0.000000
2012-09-14,323.500000,330.587494,323.262512,329.012512,229.343353,10627848,0.000000,0.000000
2012-09-17,331.125000,331.125000,318.375000,320.562500,223.453140,9859272,0.000000,0.000000
2012-09-18,322.500000,327.375000,322.250000,325.100006,226.616104,7184200,0.000000,0.000000
2012-09-20,319.575012,330.625000,319.575012,327.149994,228.045044,11625136,0.000000,0.000000
2012-09-21,326.918762,331.250000,322.950012,324.162506,225.962555,12293872,0.000000,0.000000
2012-09-24,325.000000,326.237488,321.893738,325.018738,226.559448,8854032,0.000000,0.000000
2012-09-25,323.750000,326.375000,323.506256,324.756256,226.376511,8849752,0.000000,0.000000
2012-09-26,322.250000,325.000000,320.893738,323.662506,225.614090,8489904,0.000000,0.000000
2012-09-27,324.062500,324.125000,316.843750,318.668762,222.133072,13822880,0.000000,0.000000
2012-09-28,320.125000,322.487488,315.774994,316.868744,220.878387,9685224,0.000000,0.000000
2012-10-01,318.912506,327.524994,318.625000,326.206238,227.387253,8826288,0.000000,0.000000
2012-10-03,325.656250,327.393738,320.062500,322.281250,224.651199,7823624,0.000000,0.000000
2012-10-04,321.887512,324.362488,319.631256,321.956238,224.424759,7164280,0.000000,0.000000
2012-10-05,323.125000,323.125000,257.568756,315.856262,220.172607,11632000,0.000000,0.000000
2012-10-08,315.600006,317.862488,307.500000,311.024994,216.804886,8077440,0.000000,0.000000
2012-10-09,313.125000,318.750000,310.500000,317.031250,220.991684,9084320,0.000000,0.000000
2012-10-10,313.387512,316.018738,311.200012,313.018738,218.194626,5932104,0.000000,0.000000
2012-10-11,312.000000,322.506256,310.149994,316.649994,220.725891,14966400,0.000000,0.000000
2012-10-12,293.750000,305.981262,288.875000,299.418762,208.714569,56701776,0.000000,0.000000
2012-10-15,298.212494,301.500000,294.100006,295.700012,206.122314,14790120,0.000000,0.000000
2012-10-16,297.487488,298.625000,293.375000,294.462494,205.259720,7282048,0.000000,0.000000
2012-10-17,297.006256,297.375000,294.656250,296.268738,206.518784,5707320,0.000000,0.000000
2012-10-18,295.500000,299.625000,293.137512,297.200012,208.487381,10192576,1.875000,0.000000
2012-10-19,295.750000,299.625000,295.750000,297.918762,208.991577,10937200,0.000000,0.000000
2012-10-22,296.031250,299.750000,296.031250,298.193756,209.184479,4566864,0.000000,0.000000
2012-10-23,295.250000,298.000000,293.750000,294.137512,206.339035,4743144,0.000000,0.000000
2012-10-25,292.875000,294.637512,291.268738,293.093750,205.606781,11256776,0.000000,0.000000
2012-10-29,290.125000,292.375000,288.412506,291.937500,204.795731,4736664,0.000000,0.000000
2012-10-30,290.750000,295.625000,290.750000,294.793762,206.799408,5728256,0.000000,0.000000
2012-10-31,293.750000,296.812500,293.193756,295.375000,207.207169,6517320,0.000000,0.000000
2012-11-01,295.250000,296.250000,292.637512,295.581238,207.351883,7010976,0.000000,0.000000
2012-11-02,296.375000,300.575012,296.137512,298.512512,209.408157,7049216,0.000000,0.000000
2012-11-05,297.887512,298.825012,295.937500,297.306244,208.561905,4959200,0.000000,0.000000
2012-11-06,298.000000,300.812500,296.406250,297.706238,208.842499,6815768,0.000000,0.000000
2012-11-07,297.750000,301.750000,296.881256,300.549988,210.837479,4695264,0.000000,0.000000
2012-11-08,296.500000,298.068756,295.625000,296.912506,208.285751,5229160,0.000000,0.000000
2012-11-09,295.625000,295.625000,293.125000,293.587494,205.953201,5938920,0.000000,0.000000
2012-11-12,294.375000,296.125000,291.693756,294.868744,206.852066,3696192,0.000000,0.000000
2012-11-15,291.893738,292.125000,284.850006,287.037506,201.358322,9133048,0.000000,0.000000
2012-11-16,286.375000,298.375000,286.375000,292.918762,205.484100,13693104,0.000000,0.000000
2012-11-19,293.000000,297.649994,292.081238,294.818756,206.816956,4036128,0.000000,0.000000
2012-11-20,297.143738,297.143738,289.100006,290.593750,203.853119,5440304,0.000000,0.000000
2012-11-21,291.212494,295.487488,290.174988,293.731262,206.054153,6989808,0.000000,0.000000
2012-11-22,293.500000,299.000000,291.875000,297.825012,208.925858,5827312,0.000000,0.000000
2012-11-23,297.750000,299.875000,294.631256,297.193756,208.483002,3477736,0.000000,0.000000
2012-11-26,298.843750,302.625000,298.843750,302.174988,211.977341,3788056,0.000000,0.000000
2012-11-27,302.750000,310.000000,302.731262,308.831238,216.646744,5717304,0.000000,0.000000
2012-11-29,306.250000,307.406250,303.312500,305.656250,214.419540,10365096,0.000000,0.000000
2012-11-30,305.200012,309.556244,303.131256,304.606262,213.682907,7050712,0.000000,0.000000
2012-12-03,304.625000,306.625000,303.043762,304.893738,213.884644,5202984,0.000000,0.000000
2012-12-04,303.625000,305.875000,301.875000,304.681244,213.735535,4510288,0.000000,0.000000
2012-12-05,303.625000,303.750000,297.187500,297.812500,208.917084,13995024,0.000000,0.000000
2012-12-06,299.250000,299.250000,289.243744,292.287506,205.041275,11011928,0.000000,0.000000
2012-12-07,290.125000,293.562500,288.887512,290.143738,203.537415,9485912,0.000000,0.000000
2012-12-10,290.118744,293.000000,287.375000,289.193756,202.870972,6829920,0.000000,0.000000
2012-12-11,289.500000,292.006256,285.356262,286.756256,201.161072,11384424,0.000000,0.000000
2012-12-12,288.750000,290.475006,285.781250,287.225006,201.489914,15359688,0.000000,0.000000
2012-12-13,288.118744,289.206238,284.049988,285.443756,200.240372,9967112,0.000000,0.000000
2012-12-14,284.125000,286.881256,283.250000,284.850006,199.823837,8507992,0.000000,0.000000
2012-12-17,283.375000,286.481262,282.118744,283.281250,198.723343,10961640,0.000000,0.000000
2012-12-18,282.500000,284.274994,280.625000,283.875000,199.139847,8292000,0.000000,0.000000
2012-12-19,284.250000,287.487488,283.756256,287.018738,201.345184,9991896,0.000000,0.000000
2012-12-20,288.262512,288.750000,284.750000,287.450012,201.647705,8441728,0.000000,0.000000
2012-12-21,287.375000,290.162506,285.850006,287.106262,201.406631,6924016,0.000000,0.000000
2012-12-24,290.137512,291.049988,289.125000,290.287506,203.638184,4323992,0.000000,0.000000
2012-12-26,290.375000,291.362488,288.043762,289.406250,203.020020,3263560,0.000000,0.000000
2012-12-27,290.975006,291.125000,284.581238,285.968750,200.608627,8110232,0.000000,0.000000
2012-12-28,287.762512,290.687500,286.056244,290.399994,203.717148,7064256,0.000000,0.000000
2012-12-31,289.375000,290.512512,287.962494,289.837494,203.322571,3451824,0.000000,0.000000
2013-01-01,290.950012,291.237488,288.193756,288.606262,202.458847,2959992,0.000000,0.000000
2013-01-02,289.524994,291.000000,287.937500,288.649994,202.489548,4349944,0.000000,0.000000
2013-01-03,289.375000,293.606262,288.875000,292.237488,205.006241,10599288,0.000000,0.000000
2013-01-04,293.549988,294.368744,291.500000,293.693756,206.027771,8454008,0.000000,0.000000
2013-01-07,293.887512,297.487488,291.943756,296.850006,208.241882,8761624,0.000000,0.000000
2013-01-08,295.625000,295.993744,290.437500,293.000000,205.541092,12867424,0.000000,0.000000
2013-01-09,292.524994,295.225006,290.412506,291.375000,204.401154,6149968,0.000000,0.000000
2013-01-10,291.375000,292.831238,288.649994,290.287506,203.638184,10901016,0.000000,0.000000
2013-01-11,315.125000,340.250000,315.125000,339.012512,237.819122,92852568,0.000000,0.000000
2013-01-14,344.975006,354.618744,344.031250,350.812500,246.096863,50924760,0.000000,0.000000
2013-01-15,350.750000,351.181244,346.812500,348.381256,244.391312,20377880,0.000000,0.000000
2013-01-16,347.625000,348.600006,344.437500,345.931244,242.672623,11660824,0.000000,0.000000
2013-01-17,349.000000,350.831238,347.399994,349.743744,245.347183,11767072,0.000000,0.000000
2013-01-18,350.625000,351.250000,347.181244,348.506256,244.478989,7290592,0.000000,0.000000
2013-01-21,345.381256,351.325012,345.381256,349.537506,245.202545,5899560,0.000000,0.000000
2013-01-22,349.200012,349.831238,347.125000,347.943756,244.084442,5110280,0.000000,0.000000
2013-01-23,347.625000,349.750000,347.625000,348.700012,244.614990,7458712,0.000000,0.000000
2013-01-24,351.250000,353.500000,348.843750,349.774994,245.369019,11211296,0.000000,0.000000
2013-01-25,351.250000,353.500000,348.893738,351.831238,246.811447,8442536,0.000000,0.000000
2013-01-28,351.500000,353.450012,350.125000,351.331238,246.460800,6723008,0.000000,0.000000
2013-01-29,350.750000,353.125000,348.568756,349.875000,245.439178,6197184,0.000000,0.000000
2013-01-30,350.593750,350.743744,347.568756,348.831238,244.707031,6805528,0.000000,0.000000
2013-01-31,349.000000,350.887512,346.250000,348.687500,244.606171,17480440,0.000000,0.000000
2013-02-01,348.887512,350.237488,344.000000,346.368744,242.979614,7899648,0.000000,0.000000
2013-02-04,347.625000,348.750000,343.125000,345.950012,242.685791,7500016,0.000000,0.000000
2013-02-05,345.406250,347.793762,343.193756,344.487488,241.659851,6166112,0.000000,0.000000
2013-02-06,346.906250,348.506256,344.481262,347.000000,243.422363,9097344,0.000000,0.000000
2013-02-07,348.250000,349.875000,347.506256,348.687500,244.606171,10704472,0.000000,0.000000
2013-02-08,347.893738,352.087494,346.531250,348.681244,244.601776,5482696,0.000000,0.000000
2013-02-11,350.156250,351.868744,348.112488,349.006256,244.829758,7394792,0.000000,0.000000
2013-02-12,346.250000,346.762512,342.718750,344.406250,241.602783,4442392,0.000000,0.000000
2013-02-13,344.625000,349.643738,343.125000,348.693756,244.610580,6322888,0.000000,0.000000
2013-02-14,349.299988,353.500000,349.293762,351.593750,246.644943,6894000,0.000000,0.000000
2013-02-15,348.750000,351.062500,347.037506,348.575012,244.527313,5194256,0.000000,0.000000
2013-02-18,347.875000,348.337494,345.375000,347.512512,243.781891,2754784,0.000000,0.000000
2013-02-19,347.512512,353.125000,345.881256,352.556244,247.320129,4643344,0.000000,0.000000
2013-02-20,353.156250,354.043762,351.062500,352.431244,247.232468,5545224,0.000000,0.000000
2013-02-21,350.200012,352.487488,349.143738,350.975006,246.210861,5558744,0.000000,0.000000
2013-02-22,349.837494,356.875000,349.637512,355.068756,249.082626,8703536,0.000000,0.000000
2013-02-25,358.750000,365.250000,358.450012,364.725006,255.856552,10457648,0.000000,0.000000
2013-02-26,364.500000,371.174988,364.500000,369.975006,259.539490,12173544,0.000000,0.000000
2013-02-27,368.500000,368.500000,362.762512,363.818756,255.220886,7029760,0.000000,0.000000
2013-02-28,364.412506,366.981262,360.674988,363.375000,254.909485,11808104,0.000000,0.000000
2013-03-01,364.250000,370.174988,361.500000,364.225006,255.505844,8414632,0.000000,0.000000
2013-03-04,365.750000,367.812500,359.018738,362.931244,254.598312,10108320,0.000000,0.000000
2013-03-05,365.568756,367.424988,364.156250,365.162506,256.163483,7171944,0.000000,0.000000
2013-03-06,368.375000,372.087494,365.781250,371.262512,260.442688,12205480,0.000000,0.000000
2013-03-07,372.656250,376.225006,372.500000,375.543762,263.446045,13715360,0.000000,0.000000
2013-03-08,373.500000,373.625000,369.656250,371.281250,260.455811,6162896,0.000000,0.000000
2013-03-11,372.725006,373.750000,366.250000,368.218750,258.307465,4866160,0.000000,0.000000
2013-03-12,367.500000,368.087494,364.000000,364.762512,255.882874,5714056,0.000000,0.000000
2013-03-13,361.250000,361.250000,356.262512,357.931244,251.090714,10730136,0.000000,0.000000
2013-03-14,358.250000,361.112488,355.362488,359.262512,252.024612,8332320,0.000000,0.000000
2013-03-15,359.543762,363.956238,358.506256,359.781250,252.388565,7260792,0.000000,0.000000
2013-03-18,358.281250,361.250000,356.375000,357.593750,250.853928,6446824,0.000000,0.000000
2013-03-19,359.375000,360.774994,355.137512,357.000000,250.437424,11976144,0.000000,0.000000
2013-03-20,358.100006,359.337494,353.443756,358.206238,251.283646,8994640,0.000000,0.000000
2013-03-21,360.375000,361.812500,357.750000,359.100006,251.910614,9940080,0.000000,0.000000
2013-03-22,356.243744,359.437500,353.750000,357.899994,251.068863,7370288,0.000000,0.000000
2013-03-25,355.649994,358.125000,354.081238,356.593750,250.152451,5036856,0.000000,0.000000
2013-03-26,355.625000,358.706238,354.250000,356.818756,250.310318,3415584,0.000000,0.000000
2013-03-28,358.125000,362.118744,356.399994,361.168762,253.361862,12348048,0.000000,0.000000
2013-04-01,363.843750,369.193756,363.843750,368.024994,258.171570,7422040,0.000000,0.000000
2013-04-02,366.250000,373.712494,364.356262,371.131256,260.350616,9720888,0.000000,0.000000
2013-04-03,368.612488,374.943756,368.500000,371.056244,260.297943,8355472,0.000000,0.000000
2013-04-04,368.125000,368.643738,359.006256,360.006256,252.546356,7499960,0.000000,0.000000
2013-04-05,359.875000,362.375000,356.250000,358.231262,251.301193,4372960,0.000000,0.000000
2013-04-08,356.250000,359.206238,353.406250,353.987488,248.324127,3716360,0.000000,0.000000
2013-04-09,354.193756,354.868744,344.531250,345.793762,242.576172,10840656,0.000000,0.000000
2013-04-10,350.375000,353.475006,347.031250,351.956238,246.899185,6551616,0.000000,0.000000
2013-04-11,358.312500,366.950012,354.362488,364.587494,255.760117,17018672,0.000000,0.000000
2013-04-12,328.131256,328.131256,283.587494,287.081238,201.389038,98027744,0.000000,0.000000
2013-04-15,286.250000,294.625000,275.500000,292.381256,205.107040,66559976,0.000000,0.000000
2013-04-16,289.875000,290.750000,285.875000,287.031250,201.354004,14301736,0.000000,0.000000
2013-04-17,287.500000,288.993744,281.250000,285.481262,200.266632,15149144,0.000000,0.000000
2013-04-18,285.799988,290.375000,285.162506,286.962494,201.305771,13224368,0.000000,0.000000
2013-04-22,286.450012,286.625000,277.943756,280.568756,196.820496,15401288,0.000000,0.000000
2013-04-23,281.250000,283.825012,280.549988,282.781250,198.372559,7869960,0.000000,0.000000
2013-04-25,281.000000,281.250000,277.893738,278.462494,195.342941,13762344,0.000000,0.000000
2013-04-26,277.512512,279.725006,275.312500,276.500000,193.966248,11129584,0.000000,0.000000
2013-04-29,275.750000,281.100006,273.250000,278.662506,195.483292,8965680,0.000000,0.000000
2013-04-30,279.250000,280.293762,277.774994,279.431244,196.022522,8840720,0.000000,0.000000
2013-05-02,279.500000,286.431244,279.500000,285.837494,200.516541,9376184,0.000000,0.000000
2013-05-03,287.093750,290.500000,284.774994,288.493744,202.379974,9117192,0.000000,0.000000
2013-05-06,289.375000,293.125000,289.375000,292.637512,205.286804,6000104,0.000000,0.000000
2013-05-07,293.750000,294.375000,290.593750,293.600006,205.961990,6983104,0.000000,0.000000
2013-05-08,295.625000,297.500000,292.256256,293.831238,206.124237,7278352,0.000000,0.000000
2013-05-09,293.987488,296.112488,293.750000,295.174988,207.066940,4561424,0.000000,0.000000
2013-05-10,295.262512,298.125000,294.637512,296.443756,207.956863,4534040,0.000000,0.000000
2013-05-13,294.375000,295.268738,291.287506,292.450012,205.155289,5014960,0.000000,0.000000
2013-05-14,292.162506,296.350006,292.162506,293.756256,206.071609,4484448,0.000000,0.000000
2013-05-15,294.125000,296.587494,293.424988,295.056244,206.983551,8893176,0.000000,0.000000
2013-05-16,294.187500,294.975006,289.156250,291.575012,204.541428,6991752,0.000000,0.000000
2013-05-17,292.112488,296.125000,291.875000,293.968750,206.220657,6431752,0.000000,0.000000
2013-05-20,293.250000,297.875000,293.000000,296.506256,208.000748,8758288,0.000000,0.000000
2013-05-21,296.274994,302.131256,295.868744,299.700012,210.241180,5660128,0.000000,0.000000
2013-05-22,300.000000,304.125000,297.281250,298.162506,209.162613,6245672,0.000000,0.000000
2013-05-23,297.000000,302.406250,294.518738,294.981262,206.930939,5100584,0.000000,0.000000
2013-05-24,295.200012,298.125000,291.750000,293.487488,205.883087,3688648,0.000000,0.000000
2013-05-27,292.649994,298.250000,291.287506,296.587494,208.057678,3325168,0.000000,0.000000
2013-05-28,296.250000,297.500000,294.206238,295.774994,207.487762,4234952,0.000000,0.000000
2013-05-29,296.250000,298.875000,291.625000,294.049988,206.277679,5166528,0.000000,0.000000
2013-05-30,291.687500,293.581238,289.562500,292.681244,207.701416,6338632,3.375000,0.000000
2013-05-31,292.750000,304.362488,292.750000,301.462494,213.932983,18498304,0.000000,0.000000
2013-06-03,315.625000,328.125000,309.393738,314.262512,223.016586,33215248,0.000000,0.000000
2013-06-04,311.250000,314.931244,307.950012,311.987488,221.402039,11714560,0.000000,0.000000
2013-06-05,310.000000,311.274994,306.875000,307.656250,218.328430,5078784,0.000000,0.000000
2013-06-06,306.250000,306.831238,301.987488,303.706238,215.525299,7509232,0.000000,0.000000
2013-06-07,303.125000,309.112488,302.500000,305.850006,217.046631,6618168,0.000000,0.000000
2013-06-10,307.500000,312.250000,307.149994,310.843750,220.590469,4289040,0.000000,0.000000
2013-06-11,311.250000,314.312500,308.231262,309.437500,219.592529,5957704,0.000000,0.000000
2013-06-12,307.781250,313.299988,301.606262,302.668762,214.789062,5927288,0.000000,0.000000
2013-06-13,303.000000,303.125000,296.875000,297.487488,211.112183,4154328,0.000000,0.000000
2013-06-14,298.962494,301.125000,297.143738,299.368744,212.447220,5584064,0.000000,0.000000
2013-06-17,301.431244,303.250000,299.356262,302.825012,214.899963,2720504,0.000000,0.000000
2013-06-18,303.750000,307.500000,303.087494,305.818756,217.024460,4284904,0.000000,0.000000
2013-06-19,305.750000,306.087494,300.912506,304.793762,216.297089,5836832,0.000000,0.000000
2013-06-20,303.500000,306.000000,292.843750,296.137512,210.154144,6802928,0.000000,0.000000
2013-06-21,296.325012,304.000000,296.325012,302.343750,214.558411,6161368,0.000000,0.000000
2013-06-24,300.312500,300.406250,293.987488,297.549988,211.156509,7336552,0.000000,0.000000
2013-06-25,297.500000,298.356262,293.125000,296.737488,210.579941,5790640,0.000000,0.000000
2013-06-26,298.950012,301.825012,296.456238,299.924988,212.841934,5567232,0.000000,0.000000
2013-06-27,302.625000,312.493744,301.575012,310.350006,220.240067,10670944,0.000000,0.000000
2013-06-28,308.899994,313.468750,303.000000,312.356262,221.663788,11707392,0.000000,0.000000
2013-07-01,308.625000,309.187500,305.137512,306.375000,217.419189,4209080,0.000000,0.000000
2013-07-02,306.012512,307.943756,300.000000,300.493744,213.245575,5110832,0.000000,0.000000
2013-07-03,300.125000,306.487488,299.075012,300.562500,213.294327,5349856,0.000000,0.000000
2013-07-04,304.125000,309.393738,302.500000,308.500000,218.927185,5210784,0.000000,0.000000
2013-07-05,308.375000,310.443756,304.837494,307.024994,217.880463,4337360,0.000000,0.000000
2013-07-08,310.625000,311.750000,307.562500,308.518738,218.940536,5415168,0.000000,0.000000
2013-07-09,310.125000,314.250000,310.125000,312.274994,221.606125,8611368,0.000000,0.000000
2013-07-10,313.125000,315.000000,311.625000,312.643738,221.867798,6865416,0.000000,0.000000
2013-07-11,316.875000,320.431244,313.718750,316.043762,224.280655,15704960,0.000000,0.000000
2013-07-12,347.643738,363.200012,343.750000,350.524994,248.750259,52873040,0.000000,0.000000
2013-07-15,348.131256,348.750000,341.037506,342.837494,243.294815,12874240,0.000000,0.000000
2013-07-16,337.756256,346.325012,335.131256,341.100006,242.061874,6301536,0.000000,0.000000
2013-07-17,341.456238,344.793762,341.456238,343.856262,244.017715,6575048,0.000000,0.000000
2013-07-18,344.250000,352.187500,342.356262,350.093750,248.444199,13078696,0.000000,0.000000
2013-07-19,350.375000,358.125000,350.375000,355.931244,252.586761,16402840,0.000000,0.000000
2013-07-22,352.774994,361.862488,352.750000,359.593750,255.185928,6751136,0.000000,0.000000
2013-07-23,361.250000,364.643738,361.250000,362.743744,257.421265,6168480,0.000000,0.000000
2013-07-24,360.000000,365.875000,360.000000,363.575012,258.011169,4875280,0.000000,0.000000
2013-07-25,363.625000,368.168762,362.625000,364.412506,258.605438,7177688,0.000000,0.000000
2013-07-26,366.250000,369.125000,362.825012,364.162506,258.428070,6899640,0.000000,0.000000
2013-07-29,363.750000,368.000000,363.750000,365.149994,259.128876,4362952,0.000000,0.000000
2013-07-30,366.375000,371.625000,366.375000,369.462494,262.189240,6336208,0.000000,0.000000
2013-07-31,371.125000,373.950012,366.024994,371.206238,263.426697,11807328,0.000000,0.000000
2013-08-01,373.500000,374.393738,369.593750,371.831238,263.870209,8690632,0.000000,0.000000
2013-08-02,373.125000,377.500000,372.637512,376.100006,266.899628,11962296,0.000000,0.000000
2013-08-05,374.850006,378.125000,374.562500,376.131256,266.921783,8502784,0.000000,0.000000
2013-08-06,376.000000,376.500000,368.881256,373.418762,264.996826,10031832,0.000000,0.000000
2013-08-07,371.875000,375.350006,368.906250,370.418762,262.867920,6503608,0.000000,0.000000
2013-08-08,367.500000,372.250000,367.500000,370.568756,262.974304,5765368,0.000000,0.000000
2013-08-12,372.000000,377.500000,371.375000,375.674988,266.597961,7594376,0.000000,0.000000
2013-08-13,376.012512,386.750000,376.000000,385.450012,273.534790,10334312,0.000000,0.000000
2013-08-14,383.750000,386.862488,380.318756,383.706238,272.297241,9211208,0.000000,0.000000
2013-08-16,377.500000,379.993744,370.956238,372.299988,264.202850,12087616,0.000000,0.000000
2013-08-19,373.762512,378.368744,368.868744,375.625000,266.562469,5259328,0.000000,0.000000
2013-08-20,377.500000,377.625000,372.812500,375.831238,266.708832,10362056,0.000000,0.000000
2013-08-21,374.350006,374.350006,365.262512,369.843750,262.459747,7526584,0.000000,0.000000
2013-08-22,373.625000,379.556244,370.500000,377.524994,267.910797,10965816,0.000000,0.000000
2013-08-23,375.625000,377.493744,372.787506,375.087494,266.181061,5498864,0.000000,0.000000
2013-08-26,377.493744,381.231262,376.062500,378.837494,268.842194,5571544,0.000000,0.000000
2013-08-27,379.000000,385.000000,378.987488,382.006256,271.090942,8525552,0.000000,0.000000
2013-08-28,381.500000,391.250000,381.500000,389.531250,276.431030,14329696,0.000000,0.000000
2013-08-29,383.750000,390.868744,382.625000,388.075012,275.397614,20086288,0.000000,0.000000
2013-08-30,386.500000,390.362488,379.687500,388.231262,275.508514,12678560,0.000000,0.000000
2013-09-02,384.637512,390.950012,383.075012,385.737488,273.738831,5125040,0.000000,0.000000
2013-09-03,384.000000,386.812500,377.100006,379.212494,269.108368,6267312,0.000000,0.000000
2013-09-04,382.462494,392.487488,381.950012,389.087494,276.116150,8979400,0.000000,0.000000
2013-09-05,387.087494,387.087494,374.387512,375.600006,266.544800,9457072,0.000000,0.000000
2013-09-06,375.737488,383.987488,375.737488,378.631256,268.695892,13465928,0.000000,0.000000
2013-09-10,379.000000,398.500000,379.000000,394.862488,280.214386,21879136,0.000000,0.000000
2013-09-11,393.125000,396.618744,388.468750,389.887512,276.683868,9145680,0.000000,0.000000
2013-09-12,388.125000,389.887512,381.000000,383.231262,271.960266,6957440,0.000000,0.000000
2013-09-13,382.531250,383.231262,376.662506,378.506256,268.607178,9255384,0.000000,0.000000
2013-09-16,378.125000,382.243744,372.512512,374.174988,265.533508,6332184,0.000000,0.000000
2013-09-17,377.125000,378.743744,373.875000,377.825012,268.123779,8027280,0.000000,0.000000
2013-09-18,378.125000,378.656250,375.625000,377.143738,267.640228,7439816,0.000000,0.000000
2013-09-19,374.875000,379.375000,374.037506,377.375000,267.804382,15327808,0.000000,0.000000
2013-09-20,375.000000,379.000000,372.937500,374.393738,265.688721,7991712,0.000000,0.000000
2013-09-23,375.625000,380.493744,375.131256,377.424988,267.839813,8886376,0.000000,0.000000
2013-09-24,378.750000,378.875000,374.612488,376.887512,267.458374,11752256,0.000000,0.000000
2013-09-25,378.975006,379.375000,374.081238,376.206238,266.974915,8080776,0.000000,0.000000
2013-09-26,379.250000,379.606262,375.125000,376.537506,267.210083,10682440,0.000000,0.000000
2013-09-27,378.000000,381.375000,373.875000,375.825012,266.704498,5701568,0.000000,0.000000
2013-09-30,377.524994,381.875000,374.693756,376.625000,267.272095,8679184,0.000000,0.000000
2013-10-01,378.750000,379.787506,375.375000,376.875000,267.449524,5310216,0.000000,0.000000
2013-10-03,379.375000,380.875000,377.500000,379.643738,269.414368,14686712,0.000000,0.000000
2013-10-04,378.281250,379.875000,375.625000,377.049988,267.573761,7352816,0.000000,0.000000
2013-10-07,376.875000,379.968750,375.799988,377.731262,268.057159,9795344,0.000000,0.000000
2013-10-08,380.037506,381.500000,377.787506,379.268738,269.148224,17982912,0.000000,0.000000
2013-10-09,378.375000,391.424988,376.250000,388.731262,275.863251,17371792,0.000000,0.000000
2013-10-10,390.637512,395.118744,386.343750,390.950012,277.437927,17434688,0.000000,0.000000
2013-10-11,416.875000,417.250000,394.600006,409.312500,290.468781,41290600,0.000000,0.000000
2013-10-14,407.000000,416.943756,407.000000,415.543762,294.890869,12231712,0.000000,0.000000
2013-10-15,415.500000,420.881256,414.100006,419.350006,297.591858,9221320,0.000000,0.000000
2013-10-17,416.274994,419.737488,407.500000,408.562500,291.675415,11513008,2.500000,0.000000
2013-10-18,410.750000,415.487488,407.625000,414.318756,295.784821,10944776,0.000000,0.000000
2013-10-21,416.625000,422.212494,408.137512,416.931244,297.649963,9383368,0.000000,0.000000
2013-10-22,417.250000,420.524994,415.674988,417.793762,298.265686,7208760,0.000000,0.000000
2013-10-23,415.000000,417.350006,409.875000,415.600006,296.699554,6561584,0.000000,0.000000
2013-10-24,412.787506,421.875000,411.256256,413.593750,295.267334,6480560,0.000000,0.000000
2013-10-25,416.000000,418.750000,413.287506,416.443756,297.302032,6011344,0.000000,0.000000
2013-10-28,414.649994,416.862488,411.643738,415.431244,296.579132,3412448,0.000000,0.000000
2013-10-29,414.937500,420.618744,413.343750,416.950012,297.663330,5200392,0.000000,0.000000
2013-10-30,413.875000,417.356262,413.431244,415.487488,296.619202,5591088,0.000000,0.000000
2013-10-31,413.037506,416.000000,412.024994,413.737488,295.369873,9687544,0.000000,0.000000
2013-11-01,412.500000,414.375000,408.674988,409.587494,292.407196,6166704,0.000000,0.000000
2013-11-05,406.500000,411.318756,404.125000,408.231262,291.438995,5320232,0.000000,0.000000
2013-11-06,409.412506,414.024994,409.412506,413.268738,295.035278,3704664,0.000000,0.000000
2013-11-07,415.206238,424.993744,414.200012,419.700012,299.626556,7192712,0.000000,0.000000
2013-11-08,418.750000,423.649994,418.750000,420.006256,299.845215,8616112,0.000000,0.000000
2013-11-11,418.750000,424.750000,417.512512,420.325012,300.072845,7803200,0.000000,0.000000
2013-11-12,420.312500,421.875000,416.012512,417.106262,297.774902,6452184,0.000000,0.000000
2013-11-13,414.506256,419.825012,414.506256,416.506256,297.346527,4687512,0.000000,0.000000
2013-11-14,419.037506,421.875000,418.756256,419.281250,299.327606,4343528,0.000000,0.000000
2013-11-18,423.875000,426.875000,423.481262,425.512512,303.776184,6326536,0.000000,0.000000
2013-11-19,425.750000,431.000000,425.006256,430.368744,307.242981,8975208,0.000000,0.000000
2013-11-20,426.125000,430.412506,424.375000,425.274994,303.606567,4306608,0.000000,0.000000
2013-11-21,424.500000,425.000000,414.137512,418.043762,298.444183,8495496,0.000000,0.000000
2013-11-22,418.250000,421.875000,417.000000,418.450012,298.734222,2720936,0.000000,0.000000
2013-11-25,419.000000,422.350006,413.375000,415.750000,296.806641,5707296,0.000000,0.000000
2013-11-26,415.000000,418.625000,411.581238,414.524994,295.932129,7321096,0.000000,0.000000
2013-11-27,415.000000,416.981262,410.725006,411.662506,293.888580,6779624,0.000000,0.000000
2013-11-28,412.674988,417.250000,408.125000,415.975006,296.967346,7499968,0.000000,0.000000
2013-11-29,417.000000,420.750000,413.750000,419.318756,299.354492,5411560,0.000000,0.000000
2013-12-02,419.000000,422.112488,415.637512,417.337494,297.939941,4711376,0.000000,0.000000
2013-12-03,415.000000,419.937500,415.000000,418.593750,298.836823,7001240,0.000000,0.000000
2013-12-04,418.750000,423.250000,417.100006,420.668762,300.318146,8443120,0.000000,0.000000
2013-12-05,422.500000,424.875000,417.750000,418.912506,299.064331,6317072,0.000000,0.000000
2013-12-06,417.381256,418.625000,414.774994,415.725006,296.788849,6544848,0.000000,0.000000
2013-12-09,420.625000,423.006256,415.131256,417.350006,297.948975,8856632,0.000000,0.000000
2013-12-10,416.875000,423.731262,416.443756,421.356262,300.809021,12345896,0.000000,0.000000
2013-12-11,420.625000,422.712494,417.500000,421.793762,301.121368,6256960,0.000000,0.000000
2013-12-12,420.549988,423.212494,418.500000,420.481262,300.184357,5520232,0.000000,0.000000
2013-12-13,418.125000,422.500000,418.125000,421.731262,301.076782,8315624,0.000000,0.000000
2013-12-16,422.500000,433.000000,419.225006,431.531250,308.072937,10117696,0.000000,0.000000
2013-12-17,430.637512,435.612488,430.637512,432.043762,308.438782,10713952,0.000000,0.000000
2013-12-18,431.250000,434.218750,430.937500,432.181244,308.537079,9183344,0.000000,0.000000
2013-12-19,432.812500,443.118744,431.875000,439.031250,313.427277,7331456,0.000000,0.000000
2013-12-20,440.625000,446.625000,438.549988,443.918762,316.916473,8685456,0.000000,0.000000
2013-12-23,437.500000,442.487488,432.568756,433.556244,309.518585,8845904,0.000000,0.000000
2013-12-24,435.750000,437.862488,433.262512,435.799988,311.120514,7109912,0.000000,0.000000
2013-12-26,435.875000,441.799988,435.468750,440.081238,314.176880,6869928,0.000000,0.000000
2013-12-27,441.250000,446.500000,441.243744,445.162506,317.804413,7382064,0.000000,0.000000
2013-12-30,445.962494,446.875000,434.375000,437.793762,312.543854,11863432,0.000000,0.000000
2013-12-31,437.500000,440.212494,435.031250,435.706238,311.053497,3590808,0.000000,0.000000
2014-01-01,436.500000,437.375000,432.756256,433.500000,309.478516,1478688,0.000000,0.000000
2014-01-02,432.906250,438.500000,432.906250,435.068756,310.598480,4404744,0.000000,0.000000
2014-01-03,434.375000,446.875000,431.781250,445.643738,318.148041,10046344,0.000000,0.000000
2014-01-06,446.887512,447.562500,433.575012,439.737488,313.931427,11098328,0.000000,0.000000
2014-01-07,439.881256,440.737488,430.837494,432.143738,308.510284,7713688,0.000000,0.000000
2014-01-08,432.625000,434.375000,427.625000,428.512512,305.917969,8990392,0.000000,0.000000
2014-01-09,430.000000,435.250000,427.231262,431.350006,307.943604,12590808,0.000000,0.000000
2014-01-10,436.250000,446.875000,431.000000,443.906250,316.907623,30258176,0.000000,0.000000
2014-01-13,447.750000,459.375000,447.750000,458.125000,327.058441,17119912,0.000000,0.000000
2014-01-14,455.625000,461.875000,455.056244,460.843750,328.999420,7425832,0.000000,0.000000
2014-01-15,461.912506,465.543762,460.125000,464.006256,331.257111,17130144,0.000000,0.000000
2014-01-16,462.375000,467.181244,461.706238,465.631256,332.417206,17608232,0.000000,0.000000
2014-01-17,466.125000,470.581238,465.000000,466.218750,332.836578,25667896,0.000000,0.000000
2014-01-20,464.000000,469.993744,463.056244,468.662506,334.581238,9761944,0.000000,0.000000
2014-01-21,468.750000,471.250000,464.793762,469.793762,335.388947,12102464,0.000000,0.000000
2014-01-22,467.649994,472.250000,467.506256,470.737488,336.062592,6769760,0.000000,0.000000
2014-01-23,473.012512,474.875000,470.106262,474.062500,338.436279,7907344,0.000000,0.000000
2014-01-24,470.625000,474.618744,469.337494,469.768738,335.371002,6876584,0.000000,0.000000
2014-01-27,465.000000,470.487488,463.899994,466.524994,333.055298,8099048,0.000000,0.000000
2014-01-28,463.375000,463.587494,458.356262,459.387512,327.959808,14108544,0.000000,0.000000
2014-01-29,458.250000,467.962494,456.706238,464.725006,331.770233,8102080,0.000000,0.000000
2014-01-30,462.962494,464.587494,457.500000,463.031250,330.561035,7183632,0.000000,0.000000
2014-01-31,462.500000,467.468750,460.818756,462.637512,330.279938,5369928,0.000000,0.000000
2014-02-03,460.625000,461.500000,453.100006,453.643738,323.859222,4384112,0.000000,0.000000
2014-02-04,447.625000,448.993744,443.318756,445.137512,317.786621,4535112,0.000000,0.000000
2014-02-05,447.500000,448.625000,442.843750,447.656250,319.584778,4326992,0.000000,0.000000
2014-02-06,446.500000,447.875000,442.625000,445.462494,318.018616,5749904,0.000000,0.000000
2014-02-07,448.375000,450.231262,443.606262,445.818756,318.272919,7551456,0.000000,0.000000
2014-02-10,447.487488,448.250000,444.687500,446.725006,318.919952,6049424,0.000000,0.000000
2014-02-11,448.000000,452.750000,446.687500,449.531250,320.923340,5833592,0.000000,0.000000
2014-02-12,450.062500,453.431244,449.149994,450.012512,321.266876,4208712,0.000000,0.000000
2014-02-13,450.600006,452.243744,447.506256,448.225006,319.990814,3588320,0.000000,0.000000
2014-02-14,451.943756,458.000000,450.406250,455.537506,325.211182,5962168,0.000000,0.000000
2014-02-17,460.625000,460.625000,456.106262,457.268738,326.447113,13569920,0.000000,0.000000
2014-02-18,455.875000,461.825012,455.875000,460.250000,328.575470,4978240,0.000000,0.000000
2014-02-19,461.956238,470.250000,461.887512,469.174988,334.947174,7064304,0.000000,0.000000
2014-02-20,468.112488,468.112488,463.250000,463.906250,331.185699,8816848,0.000000,0.000000
2014-02-21,467.000000,469.424988,465.906250,468.837494,334.706055,5517984,0.000000,0.000000
2014-02-24,468.250000,469.212494,466.250000,468.737488,334.634735,4357608,0.000000,0.000000
2014-02-25,469.375000,474.012512,469.375000,472.862488,337.579712,8099512,0.000000,0.000000
2014-02-26,472.500000,477.225006,471.512512,475.937500,339.774902,7352168,0.000000,0.000000
2014-02-28,470.137512,479.643738,470.137512,478.106262,341.323212,9839496,0.000000,0.000000
2014-03-03,478.125000,481.243744,473.993744,474.781250,338.949402,7204176,0.000000,0.000000
2014-03-04,471.250000,478.056244,470.237488,474.943756,339.065460,6937912,0.000000,0.000000
2014-03-05,478.487488,480.549988,476.237488,477.712494,341.042053,4943504,0.000000,0.000000
2014-03-06,479.750000,481.243744,477.168762,478.987488,341.952240,6226312,0.000000,0.000000
2014-03-07,478.375000,479.250000,463.537506,467.537506,333.778046,15072744,0.000000,0.000000
2014-03-10,466.212494,466.212494,455.662506,458.950012,327.647369,7432472,0.000000,0.000000
2014-03-11,456.625000,463.612488,453.881256,459.418762,327.982056,4124272,0.000000,0.000000
2014-03-12,459.174988,462.918762,456.500000,458.912506,327.620667,3940104,0.000000,0.000000
2014-03-13,427.500000,429.987488,417.500000,419.700012,299.626556,40790880,0.000000,0.000000
2014-03-14,417.500000,425.487488,416.881256,424.268738,302.888214,11167544,0.000000,0.000000
2014-03-18,425.000000,426.487488,417.500000,418.818756,298.997467,11804312,0.000000,0.000000
2014-03-19,418.750000,419.731262,404.843750,408.968750,291.965424,15777848,0.000000,0.000000
2014-03-20,408.750000,418.687500,408.750000,412.881256,294.758606,8023032,0.000000,0.000000
2014-03-21,416.250000,417.250000,408.812500,413.206238,294.990662,12380320,0.000000,0.000000
2014-03-24,409.024994,414.806244,408.750000,409.475006,292.326843,8160344,0.000000,0.000000
2014-03-25,406.000000,409.962494,405.750000,406.799988,290.417145,7548064,0.000000,0.000000
2014-03-26,407.500000,408.618744,403.825012,406.112488,289.926392,8458568,0.000000,0.000000
2014-03-27,406.000000,407.862488,401.993744,403.881256,288.333466,13599368,0.000000,0.000000
2014-03-28,405.012512,409.875000,403.412506,407.825012,291.148987,7146824,0.000000,0.000000
2014-03-31,410.662506,413.118744,403.756256,410.350006,292.951569,9176928,0.000000,0.000000
2014-04-01,410.381256,415.625000,409.375000,414.243744,295.731323,8628352,0.000000,0.000000
2014-04-02,418.600006,418.750000,413.812500,415.256256,296.454163,5644400,0.000000,0.000000
2014-04-03,417.437500,418.500000,414.881256,417.268738,297.890869,4700216,0.000000,0.000000
2014-04-04,418.875000,419.500000,413.262512,414.506256,295.918732,3925584,0.000000,0.000000
2014-04-07,412.250000,414.306244,407.000000,411.674988,293.897491,7097544,0.000000,0.000000
2014-04-09,410.131256,413.725006,403.812500,406.818756,290.430542,10664680,0.000000,0.000000
2014-04-10,406.812500,407.218750,398.268738,400.149994,285.669647,21263240,0.000000,0.000000
2014-04-11,401.250000,406.950012,395.625000,404.393738,288.699341,18678336,0.000000,0.000000
2014-04-15,416.524994,423.500000,405.937500,407.475006,290.899139,20782384,0.000000,0.000000
2014-04-16,405.243744,405.243744,393.437500,394.662506,281.752167,13198304,0.000000,0.000000
2014-04-17,397.500000,401.256256,394.793762,399.006256,284.853149,8391912,0.000000,0.000000
2014-04-21,401.250000,402.500000,396.250000,397.868744,284.041077,6119624,0.000000,0.000000
2014-04-22,396.506256,400.000000,392.799988,393.831238,281.158722,6626896,0.000000,0.000000
2014-04-23,396.756256,398.981262,395.500000,396.581238,283.121887,12016720,0.000000,0.000000
2014-04-24,396.581238,396.581238,396.581238,396.581238,283.121887,0,0.000000,0.000000
2014-04-25,398.500000,400.000000,395.418762,396.950012,283.385223,5962904,0.000000,0.000000
2014-04-28,396.125000,399.125000,395.625000,397.256256,283.603882,6042480,0.000000,0.000000
2014-04-29,397.875000,399.375000,396.375000,397.218750,283.577057,4835464,0.000000,0.000000
2014-04-30,397.206238,398.750000,396.375000,397.600006,283.849304,7741936,0.000000,0.000000
2014-05-02,398.125000,405.875000,398.125000,402.462494,287.320648,4764392,0.000000,0.000000
2014-05-05,399.000000,404.125000,396.818756,397.112488,283.501190,4196688,0.000000,0.000000
2014-05-06,397.112488,398.062500,394.375000,395.643738,282.452667,4566024,0.000000,0.000000
2014-05-07,393.875000,396.250000,381.250000,383.418762,273.725128,15596072,0.000000,0.000000
2014-05-08,383.750000,386.049988,380.806244,383.162506,273.542236,9161992,0.000000,0.000000
2014-05-09,383.125000,390.625000,381.606262,388.931244,277.660553,6179400,0.000000,0.000000
2014-05-12,389.774994,398.312500,388.131256,396.887512,283.340607,7044200,0.000000,0.000000
2014-05-13,397.875000,409.375000,397.875000,408.156250,291.385437,7299968,0.000000,0.000000
2014-05-14,406.281250,408.125000,402.143738,406.762512,290.390411,5184688,0.000000,0.000000
2014-05-15,406.762512,411.856262,400.656250,409.056244,292.027985,8409192,0.000000,0.000000
2014-05-16,412.375000,417.500000,382.381256,397.193756,283.559204,14188792,0.000000,0.000000
2014-05-19,399.750000,399.750000,375.012512,376.881256,269.057983,17246512,0.000000,0.000000
2014-05-20,381.125000,392.356262,380.274994,390.274994,278.619843,8787344,0.000000,0.000000
2014-05-21,389.750000,395.537506,387.381256,394.637512,281.734344,6788304,0.000000,0.000000
2014-05-22,395.000000,397.500000,385.143738,389.237488,277.879150,9832744,0.000000,0.000000
2014-05-23,390.625000,396.375000,376.518738,383.693756,273.921417,9081776,0.000000,0.000000
2014-05-26,383.875000,388.868744,381.268738,386.856262,276.179199,5750544,0.000000,0.000000
2014-05-27,387.500000,394.375000,387.437500,391.756256,279.677338,4984128,0.000000,0.000000
2014-05-28,390.437500,398.500000,389.750000,396.662506,283.179932,5389320,0.000000,0.000000
2014-05-29,378.125000,378.125000,364.375000,365.562500,264.562469,41341328,5.375000,0.000000
2014-05-30,367.500000,369.931244,360.000000,367.424988,265.910339,28035616,0.000000,0.000000
2014-06-02,370.062500,374.712494,370.062500,374.143738,270.772766,6229856,0.000000,0.000000
2014-06-03,376.000000,379.618744,371.843750,377.149994,272.948425,6824936,0.000000,0.000000
2014-06-04,376.875000,378.418762,369.187500,373.062500,269.990295,5508008,0.000000,0.000000
2014-06-05,375.000000,383.549988,370.250000,380.143738,275.115112,12153720,0.000000,0.000000
2014-06-06,375.018738,376.250000,368.750000,375.381256,271.668365,16882424,0.000000,0.000000
2014-06-09,375.750000,376.875000,372.012512,373.306244,270.166718,10858344,0.000000,0.000000
2014-06-10,375.000000,386.149994,374.543762,384.393738,278.190887,10479176,0.000000,0.000000
2014-06-11,388.125000,407.156250,386.293762,399.168762,288.883789,20375704,0.000000,0.000000
2014-06-12,410.000000,412.131256,390.087494,396.881256,287.228210,21128856,0.000000,0.000000
2014-06-13,398.562500,400.875000,391.381256,398.375000,288.309326,10151744,0.000000,0.000000
2014-06-16,398.250000,407.462494,397.500000,405.518738,293.479309,9375328,0.000000,0.000000
2014-06-17,406.125000,408.375000,402.318756,405.856262,293.723572,10079392,0.000000,0.000000
2014-06-18,405.625000,409.375000,401.593750,405.062500,293.149139,9791280,0.000000,0.000000
2014-06-19,405.731262,415.375000,405.637512,413.987488,299.608246,11313704,0.000000,0.000000
2014-06-20,415.000000,417.424988,411.606262,414.575012,300.033417,8853000,0.000000,0.000000
2014-06-23,412.500000,413.618744,402.681244,404.068756,292.429932,6328112,0.000000,0.000000
2014-06-24,403.750000,404.362488,399.018738,400.475006,289.829071,10638024,0.000000,0.000000
2014-06-25,405.625000,405.625000,400.750000,401.406250,290.503082,6433520,0.000000,0.000000
2014-06-26,402.500000,404.375000,396.093750,397.812500,287.902191,7376552,0.000000,0.000000
2014-06-27,400.000000,404.450012,396.500000,402.924988,291.602142,6890744,0.000000,0.000000
2014-06-30,402.500000,407.875000,401.424988,406.943756,294.510590,7290576,0.000000,0.000000
2014-07-01,405.625000,406.850006,400.750000,402.631256,291.389526,4662512,0.000000,0.000000
2014-07-02,401.500000,405.450012,399.774994,401.912506,290.869476,6119632,0.000000,0.000000
2014-07-03,401.274994,403.549988,398.812500,401.337494,290.453247,7504912,0.000000,0.000000
2014-07-04,400.006256,407.299988,400.006256,405.743744,293.642090,5752968,0.000000,0.000000
2014-07-07,408.125000,421.000000,407.500000,418.181244,302.643250,11638312,0.000000,0.000000
2014-07-08,418.625000,425.793762,412.881256,417.768738,302.344879,11460480,0.000000,0.000000
2014-07-09,416.250000,423.000000,411.250000,413.793762,299.468018,8270752,0.000000,0.000000
2014-07-10,414.375000,422.712494,406.325012,411.587494,297.871307,11345616,0.000000,0.000000
2014-07-11,425.174988,429.000000,412.543762,415.831238,300.942596,15826360,0.000000,0.000000
2014-07-14,414.375000,414.375000,398.225006,403.156250,291.769531,8231600,0.000000,0.000000
2014-07-15,404.875000,407.243744,402.131256,403.206238,291.805664,4139800,0.000000,0.000000
2014-07-16,405.000000,405.625000,400.406250,403.700012,292.163086,4589488,0.000000,0.000000
2014-07-17,407.512512,418.237488,403.956238,404.912506,293.040527,4946672,0.000000,0.000000
2014-07-18,406.625000,409.337494,405.450012,406.443756,294.148804,4098368,0.000000,0.000000
2014-07-21,406.875000,409.168762,398.512512,400.087494,289.548615,7435968,0.000000,0.000000
2014-07-22,400.625000,405.837494,399.756256,404.212494,292.533905,8733360,0.000000,0.000000
2014-07-23,406.125000,419.375000,406.125000,418.681244,303.005219,11827336,0.000000,0.000000
2014-07-24,418.000000,424.375000,415.181244,422.781250,305.972382,5571560,0.000000,0.000000
2014-07-25,424.875000,424.875000,413.087494,419.024994,303.253998,5337672,0.000000,0.000000
2014-07-28,418.125000,423.375000,415.106262,421.387512,304.963806,4601448,0.000000,0.000000
2014-07-30,424.250000,424.250000,418.200012,421.524994,305.063232,9934720,0.000000,0.000000
2014-07-31,422.500000,424.362488,417.899994,420.956238,304.651581,8457168,0.000000,0.000000
2014-08-01,418.750000,424.000000,416.250000,417.662506,302.267944,7607008,0.000000,0.000000
2014-08-04,419.375000,435.362488,418.662506,433.193756,313.508057,13086960,0.000000,0.000000
2014-08-05,434.500000,440.000000,433.756256,439.125000,317.800598,10985624,0.000000,0.000000
2014-08-06,440.625000,451.043762,440.625000,446.981262,323.486267,18004184,0.000000,0.000000
2014-08-07,437.375000,443.049988,435.293762,438.418762,317.289459,7754224,0.000000,0.000000
2014-08-08,437.500000,440.000000,434.375000,435.331238,315.055054,3811352,0.000000,0.000000
2014-08-11,440.500000,447.962494,438.750000,446.687500,323.273743,5628672,0.000000,0.000000
2014-08-12,449.875000,449.875000,442.625000,447.100006,323.572205,5916936,0.000000,0.000000
2014-08-13,445.006256,453.125000,443.843750,451.049988,326.430908,8941360,0.000000,0.000000
2014-08-14,451.000000,453.462494,448.325012,451.568756,326.806305,6762480,0.000000,0.000000
2014-08-18,451.500000,451.500000,443.750000,444.975006,322.034271,6777888,0.000000,0.000000
2014-08-19,445.125000,448.625000,441.250000,443.475006,320.948761,6424824,0.000000,0.000000
2014-08-20,445.375000,447.812500,443.375000,444.318756,321.559418,3938224,0.000000,0.000000
2014-08-21,444.531250,445.424988,441.250000,443.618744,321.052795,4298880,0.000000,0.000000
2014-08-22,443.618744,451.000000,443.500000,450.125000,325.761475,4855040,0.000000,0.000000
2014-08-25,449.875000,454.462494,445.256256,453.475006,328.185883,4198352,0.000000,0.000000
2014-08-26,452.750000,455.000000,450.000000,453.018738,327.855682,5842128,0.000000,0.000000
2014-08-27,453.750000,456.250000,450.137512,453.818756,328.434723,5569872,0.000000,0.000000
2014-08-28,453.625000,454.206238,447.649994,449.850006,325.562439,7599304,0.000000,0.000000
2014-09-01,451.256256,452.362488,448.125000,449.956238,325.639282,3643152,0.000000,0.000000
2014-09-02,450.000000,453.125000,444.443756,451.718750,326.914825,3583832,0.000000,0.000000
2014-09-03,451.250000,468.299988,451.250000,466.781250,337.815826,11857560,0.000000,0.000000
2014-09-04,465.625000,465.625000,462.231262,463.593750,335.508911,6238464,0.000000,0.000000
2014-09-05,466.500000,474.375000,463.168762,466.343750,337.499146,6468352,0.000000,0.000000
2014-09-08,466.587494,473.812500,466.587494,472.706238,342.103760,6517296,0.000000,0.000000
2014-09-09,468.500000,469.431244,465.000000,467.006256,337.978699,4316800,0.000000,0.000000
2014-09-10,463.500000,463.500000,457.500000,458.412506,331.759277,5080752,0.000000,0.000000
2014-09-11,459.250000,462.462494,453.825012,460.518738,333.283569,5013032,0.000000,0.000000
2014-09-12,461.000000,463.500000,456.250000,458.737488,331.994385,3907552,0.000000,0.000000
2014-09-15,458.125000,458.500000,453.412506,455.162506,329.407227,4958800,0.000000,0.000000
2014-09-16,455.750000,461.312500,452.950012,456.406250,330.307281,5034904,0.000000,0.000000
2014-09-17,459.987488,468.512512,458.887512,467.631256,338.430969,7926120,0.000000,0.000000
2014-09-18,459.243744,466.212494,456.806244,462.125000,334.446014,9104776,0.000000,0.000000
2014-09-19,462.375000,473.487488,460.162506,462.756256,334.902863,14755016,0.000000,0.000000
2014-09-22,460.000000,460.343750,454.000000,456.325012,330.248413,8612040,0.000000,0.000000
2014-09-23,455.625000,460.431244,449.443756,450.887512,326.313232,12962304,0.000000,0.000000
2014-09-24,453.750000,459.031250,449.781250,455.600006,329.723816,5564560,0.000000,0.000000
2014-09-25,456.250000,464.850006,455.750000,461.375000,333.903229,24975512,0.000000,0.000000
2014-09-26,460.625000,465.031250,457.562500,460.018738,332.921692,8864840,0.000000,0.000000
2014-09-29,462.625000,470.118744,460.137512,468.631256,339.154633,4996144,0.000000,0.000000
2014-09-30,468.024994,469.537506,462.637512,468.468750,339.037079,6927368,0.000000,0.000000
2014-10-01,465.250000,482.493744,465.250000,480.912506,348.042816,9470864,0.000000,0.000000
2014-10-07,471.162506,486.618744,471.162506,478.912506,346.595367,20063456,0.000000,0.000000
2014-10-08,473.125000,474.000000,455.125000,456.268738,330.207733,20327680,0.000000,0.000000
2014-10-09,462.500000,464.250000,453.237488,455.850006,329.904663,12432832,0.000000,0.000000
2014-10-10,457.500000,488.500000,446.587494,486.081238,351.783478,45893056,0.000000,0.000000
2014-10-13,486.162506,498.125000,486.162506,492.818756,356.659485,17726984,0.000000,0.000000
2014-10-14,495.625000,495.625000,487.500000,489.787506,354.465729,6860512,0.000000,0.000000
2014-10-15,489.787506,489.787506,489.787506,489.787506,354.465729,0,0.000000,0.000000
2014-10-16,487.512512,492.287506,481.793762,483.162506,352.368988,10017392,3.750000,0.000000
2014-10-17,483.112488,490.350006,479.637512,481.456238,351.124603,8190016,0.000000,0.000000
2014-10-20,481.625000,482.818756,475.262512,476.543762,347.541992,7702720,0.000000,0.000000
2014-10-21,481.237488,481.237488,463.750000,471.618744,343.950134,26081384,0.000000,0.000000
2014-10-22,476.162506,476.487488,472.024994,474.506256,346.056000,5353320,0.000000,0.000000
2014-10-27,481.250000,481.250000,472.774994,475.381256,346.694153,4767752,0.000000,0.000000
2014-10-28,470.625000,476.543762,470.625000,473.531250,345.344940,6666368,0.000000,0.000000
2014-10-29,476.618744,486.587494,476.618744,485.181244,353.841248,8229336,0.000000,0.000000
2014-10-30,487.000000,497.656250,487.000000,493.318756,359.775909,15245208,0.000000,0.000000
2014-10-31,498.381256,508.250000,498.381256,506.406250,369.320648,8670800,0.000000,0.000000
2014-11-03,509.612488,513.750000,504.056244,510.737488,372.479370,8578408,0.000000,0.000000
2014-11-05,510.625000,519.250000,507.125000,515.599976,376.025543,10241080,0.000000,0.000000
2014-11-07,514.787476,522.875000,514.787476,520.825012,379.836151,9970400,0.000000,0.000000
2014-11-10,521.881226,522.637512,517.500000,520.687500,379.735840,5594168,0.000000,0.000000
2014-11-11,520.625000,520.625000,512.974976,515.650024,376.062134,6255088,0.000000,0.000000
2014-11-12,515.125000,518.837524,512.137512,513.250000,374.311707,5392896,0.000000,0.000000
2014-11-13,515.250000,525.131226,514.049988,522.325012,380.930084,4956680,0.000000,0.000000
2014-11-14,524.250000,526.431274,521.750000,523.956238,382.119720,5233176,0.000000,0.000000
2014-11-17,523.125000,528.487488,518.512512,527.306274,384.562927,5458184,0.000000,0.000000
2014-11-18,528.125000,528.474976,521.512512,522.793762,381.271973,5267120,0.000000,0.000000
2014-11-19,522.500000,523.743774,517.468750,521.668762,380.451538,5201120,0.000000,0.000000
2014-11-20,523.750000,529.062500,522.981262,528.200012,385.214722,5347928,0.000000,0.000000
2014-11-21,521.250000,522.375000,512.700012,518.268738,377.971863,10463272,0.000000,0.000000
2014-11-24,525.000000,535.206238,523.993774,534.387512,389.727173,11047440,0.000000,0.000000
2014-11-25,536.875000,539.993774,530.750000,537.900024,392.288910,14886576,0.000000,0.000000
2014-11-26,537.500000,539.712524,533.950012,537.556274,392.038239,7930800,0.000000,0.000000
2014-11-27,540.237488,547.049988,539.000000,545.737488,398.004730,17389032,0.000000,0.000000
2014-11-28,546.262512,549.750000,542.924988,544.981262,397.453186,14347264,0.000000,0.000000
2014-12-01,548.375000,550.275024,536.575012,543.731262,396.541595,18341864,0.000000,0.000000
2014-12-02,541.237488,541.237488,528.750000,531.650024,387.730835,10654992,0.000000,2.000000
2014-12-03,525.375000,533.237488,521.137512,530.875000,387.165649,12775044,0.000000,0.000000
2014-12-04,527.500000,536.224976,523.750000,525.450012,383.209167,9399228,0.000000,0.000000
2014-12-05,528.750000,529.150024,514.950012,517.575012,377.465942,7358760,0.000000,0.000000
2014-12-08,502.250000,504.750000,489.437500,492.537506,359.206146,166320408,0.000000,0.000000
2014-12-09,495.687500,496.500000,488.112488,491.200012,358.230652,10050460,0.000000,0.000000
2014-12-10,491.500000,496.250000,489.774994,490.937500,358.039246,7804712,0.000000,0.000000
2014-12-11,487.750000,488.487488,478.750000,480.262512,350.254028,8285932,0.000000,0.000000
2014-12-12,484.762512,490.100006,479.524994,484.662506,353.463013,14572500,0.000000,0.000000
2014-12-15,476.237488,489.312500,476.225006,481.200012,350.937744,12966284,0.000000,0.000000
2014-12-16,481.424988,487.899994,481.424988,484.500000,353.344421,17792756,0.000000,0.000000
2014-12-17,484.000000,488.875000,474.075012,484.625000,353.435577,17851776,0.000000,0.000000
2014-12-18,488.500000,495.450012,486.187500,491.475006,358.431244,19949980,0.000000,0.000000
2014-12-19,499.399994,502.000000,496.500000,499.662506,364.402405,14294632,0.000000,0.000000
2014-12-22,501.500000,502.524994,493.837494,499.899994,364.575500,10465104,0.000000,0.000000
2014-12-23,500.212494,505.475006,490.899994,492.912506,359.479645,8196952,0.000000,0.000000
2014-12-24,494.000000,496.750000,478.762512,482.637512,351.986115,27339488,0.000000,0.000000
2014-12-26,486.274994,490.174988,482.737488,488.062500,355.942505,2268748,0.000000,0.000000
2014-12-29,489.012512,493.200012,488.125000,489.450012,356.954437,2792676,0.000000,0.000000
2014-12-30,490.562500,493.750000,489.200012,491.587494,358.513367,4640552,0.000000,0.000000
2014-12-31,488.750000,494.737488,487.500000,493.137512,359.643707,6968808,0.000000,0.000000
2015-01-01,492.237488,495.500000,489.225006,493.600006,359.981049,2002764,0.000000,0.000000
2015-01-02,493.000000,504.762512,493.000000,503.299988,367.055206,6778320,0.000000,0.000000
2015-01-05,502.475006,507.500000,494.375000,498.975006,363.901031,9937024,0.000000,0.000000
2015-01-06,495.000000,496.250000,483.524994,488.549988,356.298065,9667316,0.000000,0.000000
2015-01-07,491.250000,493.687500,487.500000,490.887512,358.002808,7249916,0.000000,0.000000
2015-01-08,496.399994,499.250000,487.500000,493.362488,359.807831,13564920,0.000000,0.000000
2015-01-09,495.024994,527.250000,478.262512,518.612488,378.222656,44863328,0.000000,0.000000
2015-01-12,523.000000,529.799988,518.750000,528.987488,385.788971,12758888,0.000000,0.000000
2015-01-13,526.950012,526.950012,518.750000,522.224976,380.857178,8801236,0.000000,0.000000
2015-01-14,524.625000,533.250000,523.150024,532.162476,388.104553,9921260,0.000000,0.000000
2015-01-15,533.799988,538.200012,528.062500,533.562500,389.125580,8342452,0.000000,0.000000
2015-01-16,537.000000,540.000000,528.000000,529.575012,386.217590,6690960,0.000000,0.000000
2015-01-19,530.000000,533.087524,523.650024,525.625000,383.336823,4087744,0.000000,0.000000
2015-01-20,526.750000,533.250000,525.362488,531.049988,387.293182,6804504,0.000000,0.000000
2015-01-21,532.875000,543.987488,529.500000,542.474976,395.625397,8494908,0.000000,0.000000
2015-01-22,543.700012,550.750000,540.325012,549.112488,400.466125,9958396,0.000000,0.000000
2015-01-23,550.000000,556.250000,541.275024,553.762512,403.857483,9486328,0.000000,0.000000
2015-01-27,555.250000,555.250000,532.525024,534.125000,389.535858,13739968,0.000000,0.000000
2015-01-28,537.500000,538.700012,532.575012,536.137512,391.003479,13134356,0.000000,0.000000
2015-01-29,536.250000,537.474976,531.900024,536.375000,391.176666,15369424,0.000000,0.000000
2015-01-30,540.375000,540.637512,531.737488,535.474976,390.520355,10833744,0.000000,0.000000
2015-02-02,535.375000,538.000000,531.512512,534.212524,389.599670,8702540,0.000000,0.000000
2015-02-03,534.212524,534.987488,525.500000,530.224976,386.691528,5265956,0.000000,0.000000
2015-02-04,534.974976,537.500000,531.599976,535.712524,390.693542,5160016,0.000000,0.000000
2015-02-05,537.700012,555.000000,537.000000,548.450012,399.982971,11875936,0.000000,0.000000
2015-02-06,551.250000,561.950012,547.125000,557.625000,406.674316,7453728,0.000000,0.000000
2015-02-09,550.000000,563.500000,550.000000,562.224976,410.029053,6536868,0.000000,0.000000
2015-02-10,560.750000,574.500000,560.250000,569.575012,415.389404,8516920,0.000000,0.000000
2015-02-11,570.125000,573.299988,564.062500,571.212524,416.583557,5796972,0.000000,0.000000
2015-02-12,570.750000,580.487488,568.250000,577.799988,421.387909,6287536,0.000000,0.000000
2015-02-13,574.900024,581.674988,571.500000,574.025024,418.634735,5657516,0.000000,0.000000
2015-02-16,570.075012,576.724976,566.312500,569.687500,415.471436,6244276,0.000000,0.000000
2015-02-18,572.637512,576.237488,564.537476,574.125000,418.707672,8613764,0.000000,0.000000
2015-02-19,573.500000,583.500000,573.012512,581.174988,423.849182,9673624,0.000000,0.000000
2015-02-20,582.125000,584.000000,569.224976,570.775024,416.264526,6971628,0.000000,0.000000
2015-02-23,575.000000,577.299988,562.025024,566.400024,413.073883,5090488,0.000000,0.000000
2015-02-24,569.750000,573.987488,564.400024,568.200012,414.386627,6437676,0.000000,0.000000
2015-02-25,572.224976,583.700012,570.000000,579.400024,422.554810,6044972,0.000000,0.000000
2015-02-26,576.875000,577.250000,561.349976,564.525024,411.706451,6445776,0.000000,0.000000
2015-02-27,568.724976,570.162476,562.875000,566.437500,413.101196,7801076,0.000000,0.000000
2015-03-02,575.750000,577.125000,569.512512,572.924988,417.832520,7040992,0.000000,0.000000
2015-03-03,572.500000,575.737488,569.575012,574.462524,418.953766,4905552,0.000000,0.000000
2015-03-04,575.000000,578.474976,562.974976,568.662476,414.723907,4375228,0.000000,0.000000
2015-03-05,566.762512,574.687500,558.337524,561.900024,409.791962,5684916,0.000000,0.000000
2015-03-09,564.750000,564.750000,544.750000,547.512512,399.299255,7984720,0.000000,0.000000
2015-03-10,549.525024,551.737488,540.049988,549.500000,400.748688,6329916,0.000000,0.000000
2015-03-11,548.525024,560.000000,542.275024,545.549988,397.867981,6780912,0.000000,0.000000
2015-03-12,544.750000,556.612488,544.250000,554.575012,404.450012,5688564,0.000000,0.000000
2015-03-13,556.250000,557.500000,548.099976,555.099976,404.832794,6179684,0.000000,0.000000
2015-03-16,552.637512,570.500000,552.637512,566.662476,413.265381,6818632,0.000000,0.000000
2015-03-17,566.662476,569.875000,554.312500,560.125000,408.497589,5539312,0.000000,0.000000
2015-03-18,563.625000,565.712524,555.637512,557.375000,406.491974,4905564,0.000000,0.000000
2015-03-19,558.650024,562.250000,555.687500,557.612488,406.665222,6891740,0.000000,0.000000
2015-03-20,560.250000,567.224976,558.237488,564.362488,411.587921,6430896,0.000000,0.000000
2015-03-23,563.250000,568.750000,556.375000,558.362488,407.212036,5078700,0.000000,0.000000
2015-03-24,558.724976,563.349976,551.500000,552.862488,403.200958,6736532,0.000000,0.000000
2015-03-25,555.724976,557.287476,550.187500,554.775024,404.595825,6170968,0.000000,0.000000
2015-03-26,552.000000,553.724976,533.000000,536.587524,391.331696,15740840,0.000000,0.000000
2015-03-27,541.000000,556.174988,540.750000,550.537476,401.505371,10074220,0.000000,0.000000
2015-03-30,551.400024,560.000000,548.724976,557.000000,406.218445,4623088,0.000000,0.000000
2015-03-31,561.250000,568.412476,551.087524,554.587524,404.459045,8016412,0.000000,0.000000
2015-04-01,549.724976,549.875000,539.424988,543.487488,396.363831,6738488,0.000000,0.000000
2015-04-06,544.750000,546.174988,540.099976,544.549988,397.138763,7741752,0.000000,0.000000
2015-04-07,543.750000,545.700012,534.500000,539.875000,393.729279,8542268,0.000000,0.000000
2015-04-08,545.625000,551.224976,543.262512,550.137512,401.213684,10185576,0.000000,0.000000
2015-04-09,552.849976,554.724976,546.099976,553.750000,403.848267,10581548,0.000000,0.000000
2015-04-10,552.549988,559.500000,552.549988,558.487488,407.303284,7123776,0.000000,0.000000
2015-04-13,559.500000,561.000000,554.025024,559.700012,408.187622,4872336,0.000000,0.000000
2015-04-15,559.125000,561.250000,548.762512,553.424988,403.611237,6237784,0.000000,0.000000
2015-04-16,555.500000,557.750000,540.125000,548.662476,400.137939,9007812,0.000000,0.000000
2015-04-17,545.012512,548.737488,538.362488,544.812500,397.330231,6450316,0.000000,0.000000
2015-04-20,544.000000,545.000000,528.787476,533.037476,388.742645,12825384,0.000000,0.000000
2015-04-21,537.000000,538.775024,530.025024,535.650024,390.647980,8881648,0.000000,0.000000
2015-04-22,537.762512,538.750000,524.487488,534.424988,389.754547,12350984,0.000000,0.000000
2015-04-23,537.174988,537.500000,528.000000,530.500000,386.892059,11891800,0.000000,0.000000
2015-04-24,533.974976,537.549988,495.000000,498.799988,363.773376,43565452,0.000000,0.000000
2015-04-27,500.000000,500.500000,487.024994,496.162506,361.849915,19822640,0.000000,0.000000
2015-04-28,495.500000,495.500000,488.000000,490.225006,357.519592,10393500,0.000000,0.000000
2015-04-29,490.225006,493.000000,484.487488,490.287506,357.565216,8289056,0.000000,0.000000
2015-04-30,490.000000,491.250000,483.075012,485.562500,354.119293,13134260,0.000000,0.000000
2015-05-04,489.875000,500.000000,487.475006,498.274994,363.390472,13361592,0.000000,0.000000
2015-05-05,500.000000,500.924988,488.012512,490.687500,357.856842,9408516,0.000000,0.000000
2015-05-06,493.750000,493.750000,478.825012,480.512512,350.436371,10508408,0.000000,0.000000
2015-05-07,480.500000,491.774994,477.500000,486.000000,354.438354,6779984,0.000000,0.000000
2015-05-08,489.500000,491.887512,486.312500,489.487488,356.981842,5777676,0.000000,0.000000
2015-05-11,491.250000,500.000000,488.049988,498.412506,363.490753,4785512,0.000000,0.000000
2015-05-12,498.412506,498.649994,485.500000,486.774994,355.003510,8284892,0.000000,0.000000
2015-05-13,487.937500,491.225006,482.125000,489.174988,356.753906,7099084,0.000000,0.000000
2015-05-14,490.000000,490.200012,477.000000,483.700012,352.761017,6233844,0.000000,0.000000
2015-05-15,483.750000,491.649994,483.075012,490.437500,357.674652,5189344,0.000000,0.000000
2015-05-18,492.500000,499.725006,490.399994,498.262512,363.381409,6469976,0.000000,0.000000
2015-05-19,496.825012,508.924988,496.500000,505.587494,368.723511,10272076,0.000000,0.000000
2015-05-20,510.000000,513.000000,508.399994,511.825012,373.272430,5882188,0.000000,0.000000
2015-05-21,512.224976,515.474976,509.312500,512.112488,373.482117,10059312,0.000000,0.000000
2015-05-22,511.000000,512.887512,507.524994,511.612488,373.117493,6888824,0.000000,0.000000
2015-05-25,512.625000,514.137512,501.762512,504.200012,367.711609,4675808,0.000000,0.000000
2015-05-26,505.000000,507.862488,500.537506,501.825012,365.979523,3965040,0.000000,0.000000
2015-05-27,501.750000,502.250000,488.750000,492.125000,358.905365,8454708,0.000000,0.000000
2015-05-28,493.799988,508.000000,493.799988,504.149994,367.675079,10980540,0.000000,0.000000
2015-05-29,501.212494,514.112488,500.250000,505.787506,368.869354,18993044,0.000000,0.000000
2015-06-01,508.200012,516.000000,505.812500,511.950012,373.363617,5724892,0.000000,0.000000
2015-06-02,512.025024,513.775024,501.250000,502.162506,366.225677,4673140,0.000000,0.000000
2015-06-03,504.549988,509.862488,502.000000,505.225006,368.459106,5495796,0.000000,0.000000
2015-06-04,507.500000,513.750000,503.149994,507.012512,369.762726,7489464,0.000000,0.000000
2015-06-05,507.500000,511.000000,502.037506,502.912506,366.772644,6125788,0.000000,0.000000
2015-06-08,505.000000,506.162506,496.750000,500.012512,364.657623,6141048,0.000000,0.000000
2015-06-09,500.937500,501.912506,495.750000,498.024994,363.208191,7561740,0.000000,0.000000
2015-06-10,497.500000,509.837494,496.250000,506.625000,369.480072,6385840,0.000000,0.000000
2015-06-11,508.987488,511.187500,498.762512,499.412506,364.220062,9229464,0.000000,0.000000
2015-06-12,501.250000,506.387512,488.875000,493.762512,360.099548,9852924,0.000000,0.000000
2015-06-15,488.475006,499.399994,484.000000,495.225006,366.642487,5236426,7.375000,2.000000
2015-06-16,497.174988,501.500000,492.500000,499.674988,369.936981,5223444,0.000000,0.000000
2015-06-17,505.500000,510.500000,496.100006,497.850006,368.585876,6412068,0.000000,0.000000
2015-06-18,502.799988,503.975006,497.899994,500.975006,370.899506,3474426,0.000000,0.000000
2015-06-19,505.149994,505.200012,496.549988,497.674988,368.456299,6670458,0.000000,0.000000
2015-06-22,502.450012,514.375000,498.500000,511.924988,379.006378,5710868,0.000000,0.000000
2015-06-23,512.500000,513.700012,499.075012,500.200012,370.325745,6952116,0.000000,0.000000
2015-06-24,507.500000,507.500000,495.600006,497.549988,368.363800,7073694,0.000000,0.000000
2015-06-25,499.600006,501.750000,493.825012,495.225006,366.642487,7117466,0.000000,0.000000
2015-06-26,499.500000,505.799988,499.049988,502.625000,372.121002,5320284,0.000000,0.000000
2015-06-29,493.500000,499.750000,491.250000,495.075012,366.531372,5690668,0.000000,0.000000
2015-06-30,495.000000,496.725006,490.000000,492.174988,364.384369,6212530,0.000000,0.000000
2015-07-01,494.500000,502.500000,493.000000,498.700012,369.215210,6880852,0.000000,0.000000
2015-07-02,499.500000,500.700012,492.524994,494.000000,365.735535,4007568,0.000000,0.000000
2015-07-03,494.000000,496.500000,491.000000,495.149994,366.586914,2695306,0.000000,0.000000
2015-07-06,492.500000,494.000000,487.500000,491.649994,363.995636,4305602,0.000000,0.000000
2015-07-07,492.500000,495.000000,489.500000,490.250000,362.959229,3497418,0.000000,0.000000
2015-07-08,489.500000,489.500000,477.399994,478.750000,354.445099,7024178,0.000000,0.000000
2015-07-09,478.750000,483.000000,467.024994,469.000000,347.226562,8587772,0.000000,0.000000
2015-07-10,474.049988,476.049988,466.325012,468.750000,347.041504,7411522,0.000000,0.000000
2015-07-13,470.500000,477.500000,467.024994,475.075012,351.724365,6531768,0.000000,0.000000
2015-07-14,477.500000,486.750000,472.750000,485.625000,359.535034,5367074,0.000000,0.000000
2015-07-15,485.000000,492.975006,484.000000,492.000000,364.254761,4129566,0.000000,0.000000
2015-07-16,493.850006,495.750000,489.750000,494.524994,366.124176,3472938,0.000000,0.000000
2015-07-17,495.500000,502.250000,494.549988,500.924988,370.862488,3447978,0.000000,0.000000
2015-07-20,500.700012,505.399994,493.700012,500.625000,370.640350,4377180,0.000000,0.000000
2015-07-21,517.500000,574.500000,517.500000,556.325012,411.878204,38310112,0.000000,0.000000
2015-07-22,552.500000,556.000000,538.325012,551.575012,408.361450,12665660,0.000000,0.000000
2015-07-23,551.974976,558.500000,545.000000,549.000000,406.455078,7710748,0.000000,0.000000
2015-07-24,547.775024,553.224976,541.549988,543.799988,402.605164,4480302,0.000000,0.000000
2015-07-27,543.450012,543.974976,530.224976,532.650024,394.350189,6752244,0.000000,0.000000
2015-07-28,534.250000,538.000000,527.125000,531.424988,393.443329,8476602,0.000000,0.000000
2015-07-29,537.000000,546.000000,532.500000,542.700012,401.790863,7071334,0.000000,0.000000
2015-07-30,545.000000,545.000000,529.000000,535.000000,396.090027,11956598,0.000000,0.000000
2015-07-31,539.275024,540.674988,530.000000,538.525024,398.699860,7931012,0.000000,0.000000
2015-08-03,539.000000,546.000000,534.474976,539.474976,399.403076,7961012,0.000000,0.000000
2015-08-04,539.000000,539.474976,525.500000,528.625000,391.370300,9099054,0.000000,0.000000
2015-08-05,531.000000,545.000000,530.974976,543.174988,402.142456,4753476,0.000000,0.000000
2015-08-06,547.000000,552.750000,538.500000,543.474976,402.364532,7238252,0.000000,0.000000
2015-08-07,539.750000,550.500000,539.250000,547.799988,405.566559,4988058,0.000000,0.000000
2015-08-10,549.000000,553.174988,533.500000,543.000000,402.012970,3992754,0.000000,0.000000
2015-08-11,549.400024,558.450012,547.849976,554.575012,410.582611,7574406,0.000000,0.000000
2015-08-12,557.500000,574.500000,555.500000,572.200012,423.631256,10168440,0.000000,0.000000
2015-08-13,573.500000,583.424988,527.775024,579.000000,428.665680,9787960,0.000000,0.000000
2015-08-14,582.500000,584.349976,571.549988,574.625000,425.426697,5109066,0.000000,0.000000
2015-08-17,575.000000,576.724976,561.250000,571.075012,422.798401,3107436,0.000000,0.000000
2015-08-18,575.000000,588.849976,575.000000,582.174988,431.016388,4150446,0.000000,0.000000
2015-08-19,585.000000,593.099976,581.400024,587.775024,435.162262,6869518,0.000000,0.000000
2015-08-20,579.500000,584.250000,564.000000,567.275024,419.985046,8369114,0.000000,0.000000
2015-08-21,570.450012,580.474976,558.750000,574.950012,425.667206,10822142,0.000000,0.000000
2015-08-24,554.974976,561.500000,539.299988,546.025024,404.252502,14122684,0.000000,0.000000
2015-08-25,550.000000,559.500000,522.250000,542.825012,401.883301,13735078,0.000000,0.000000
2015-08-26,544.900024,548.500000,529.500000,532.299988,394.091187,11498212,0.000000,0.000000
2015-08-27,544.000000,550.049988,539.025024,541.400024,400.828308,15343392,0.000000,0.000000
2015-08-28,550.799988,562.450012,550.799988,555.525024,411.285828,7208820,0.000000,0.000000
2015-08-31,567.424988,567.424988,541.250000,547.200012,405.122437,9917064,0.000000,0.000000
2015-09-01,545.000000,557.299988,541.000000,544.500000,403.123444,9071550,0.000000,0.000000
2015-09-02,549.000000,557.500000,545.000000,549.724976,406.991791,11171830,0.000000,0.000000
2015-09-03,555.075012,556.000000,546.250000,549.674988,406.954773,8590536,0.000000,0.000000
2015-09-04,551.500000,555.500000,533.500000,536.974976,397.552246,7318888,0.000000,0.000000
2015-09-07,542.474976,542.500000,527.500000,529.375000,391.925568,5180988,0.000000,0.000000
2015-09-08,531.000000,537.000000,526.150024,529.400024,391.944031,5459496,0.000000,0.000000
2015-09-09,543.549988,549.799988,536.000000,544.349976,403.012390,9148664,0.000000,0.000000
2015-09-10,542.450012,545.750000,530.500000,540.224976,399.958405,8363004,0.000000,0.000000
2015-09-11,545.775024,553.200012,542.750000,545.375000,403.771332,9883810,0.000000,0.000000
2015-09-14,549.500000,552.000000,541.325012,549.875000,407.102844,6557076,0.000000,0.000000
2015-09-15,549.700012,551.599976,544.075012,549.599976,406.899200,5291886,0.000000,0.000000
2015-09-16,554.000000,554.875000,549.150024,550.825012,407.806152,7478240,0.000000,0.000000
2015-09-18,555.900024,558.950012,549.525024,552.224976,408.842712,11576876,0.000000,0.000000
2015-09-21,550.000000,554.424988,546.250000,552.325012,408.916779,4351234,0.000000,0.000000
2015-09-22,557.500000,567.974976,550.549988,553.724976,409.953186,9626986,0.000000,0.000000
2015-09-23,553.724976,563.174988,548.724976,558.125000,413.210785,4758254,0.000000,0.000000
2015-09-24,556.750000,576.349976,555.000000,570.275024,422.206085,13399262,0.000000,0.000000
2015-09-28,569.974976,571.424988,550.500000,552.775024,409.249939,9788464,0.000000,0.000000
2015-09-29,551.000000,566.700012,548.750000,560.924988,415.283752,8699370,0.000000,0.000000
2015-09-30,567.200012,584.474976,562.974976,580.974976,430.127838,9495692,0.000000,0.000000
2015-10-01,584.950012,598.875000,580.000000,586.525024,434.236816,10864394,0.000000,0.000000
2015-10-05,586.500000,594.674988,581.000000,590.875000,437.457428,6881760,0.000000,0.000000
2015-10-06,593.525024,596.275024,574.049988,577.299988,427.407043,8711880,0.000000,0.000000
2015-10-07,578.000000,584.375000,564.224976,566.599976,419.485229,9182488,0.000000,0.000000
2015-10-08,568.200012,574.799988,563.025024,566.075012,419.096588,9080874,0.000000,0.000000
2015-10-09,568.000000,586.450012,568.000000,583.700012,432.145416,11782138,0.000000,0.000000
2015-10-12,599.500000,609.900024,554.500000,561.450012,415.672638,30404970,0.000000,0.000000
2015-10-13,553.724976,555.500000,542.599976,549.700012,406.973328,15326862,0.000000,0.000000
2015-10-14,545.724976,557.775024,543.599976,548.799988,406.306976,8865510,0.000000,0.000000
2015-10-15,549.950012,552.174988,544.549988,548.674988,406.214417,8255666,0.000000,0.000000
2015-10-16,549.500000,550.700012,545.000000,547.450012,409.035004,6418992,5.000000,0.000000
2015-10-19,551.000000,558.000000,550.250000,555.974976,415.404572,7347494,0.000000,0.000000
2015-10-20,556.500000,565.000000,555.299988,562.974976,420.634674,8788310,0.000000,0.000000
2015-10-21,562.500000,573.424988,562.500000,569.200012,425.285797,7278098,0.000000,0.000000
2015-10-23,570.900024,576.500000,562.549988,574.950012,429.581940,6033362,0.000000,0.000000
2015-10-26,577.000000,579.250000,571.575012,576.075012,430.422577,3195942,0.000000,0.000000
2015-10-27,575.000000,577.500000,572.049988,574.700012,429.395203,5263748,0.000000,0.000000
2015-10-28,572.250000,579.000000,569.500000,576.599976,430.814728,5255472,0.000000,0.000000
2015-10-29,576.549988,577.950012,568.025024,572.525024,427.770142,5887324,0.000000,0.000000
2015-10-30,572.500000,572.500000,565.000000,567.724976,424.183685,4044676,0.000000,0.000000
2015-11-02,565.000000,567.900024,557.049988,565.599976,422.595917,3544988,0.000000,0.000000
2015-11-03,566.700012,575.224976,566.700012,572.750000,427.938141,3614682,0.000000,0.000000
2015-11-04,575.049988,578.799988,566.150024,568.400024,424.688049,3205572,0.000000,0.000000
2015-11-05,571.474976,572.500000,559.700012,561.450012,419.495392,2345306,0.000000,0.000000
2015-11-06,561.500000,571.950012,561.450012,569.150024,425.248444,3026172,0.000000,0.000000
2015-11-09,560.000000,570.000000,557.599976,567.299988,423.866150,6125676,0.000000,0.000000
2015-11-10,563.750000,563.750000,550.049988,551.924988,412.378540,4680052,0.000000,0.000000
2015-11-13,549.974976,553.000000,545.000000,550.400024,411.239105,3520868,0.000000,0.000000
2015-11-16,541.825012,547.000000,533.599976,540.099976,403.543243,6808334,0.000000,0.000000
2015-11-17,540.000000,541.450012,526.000000,530.750000,396.557343,7184106,0.000000,0.000000
2015-11-18,520.500000,522.575012,505.625000,510.000000,381.053711,10125252,0.000000,0.000000
2015-11-19,515.125000,526.000000,511.899994,523.900024,391.439240,8539622,0.000000,0.000000
2015-11-20,524.000000,531.599976,521.025024,526.200012,393.157715,6082978,0.000000,0.000000
2015-11-23,525.000000,531.200012,519.000000,526.849976,393.643402,5616350,0.000000,0.000000
2015-11-24,525.000000,525.400024,518.500000,520.575012,388.954895,4325802,0.000000,0.000000
2015-11-26,520.474976,529.750000,520.025024,526.200012,393.157715,9853968,0.000000,0.000000
2015-11-27,529.000000,535.000000,522.500000,533.174988,398.369171,5142478,0.000000,0.000000
2015-11-30,535.000000,549.150024,528.099976,543.950012,406.419861,18105534,0.000000,0.000000
2015-12-01,544.000000,547.500000,536.474976,539.500000,403.095032,5898550,0.000000,0.000000
2015-12-02,539.974976,539.974976,529.500000,530.349976,396.258392,6397616,0.000000,0.000000
2015-12-03,530.500000,532.400024,524.525024,528.875000,395.156342,5504726,0.000000,0.000000
2015-12-04,524.500000,532.450012,520.049988,524.525024,391.906189,8375530,0.000000,0.000000
2015-12-07,527.650024,529.500000,520.000000,523.125000,390.860229,4513870,0.000000,0.000000
2015-12-08,522.525024,531.375000,519.650024,522.200012,390.169067,5724372,0.000000,0.000000
2015-12-09,521.500000,523.474976,511.274994,514.099976,384.117004,6818254,0.000000,0.000000
2015-12-10,518.299988,525.799988,515.150024,523.674988,391.271057,5587746,0.000000,0.000000
2015-12-11,527.000000,530.950012,522.950012,526.400024,393.307159,5390198,0.000000,0.000000
2015-12-14,524.750000,536.575012,524.025024,534.750000,399.545990,4816672,0.000000,0.000000
2015-12-15,536.625000,539.549988,529.400024,538.775024,402.553284,5431808,0.000000,0.000000
2015-12-16,541.700012,549.000000,541.700012,547.924988,409.389893,5495852,0.000000,0.000000
2015-12-17,550.000000,554.900024,544.000000,553.549988,413.592621,4958782,0.000000,0.000000
2015-12-18,551.700012,551.700012,539.724976,541.575012,404.645386,7219820,0.000000,0.000000
2015-12-21,538.500000,553.700012,532.974976,551.724976,412.229065,4331012,0.000000,0.000000
2015-12-22,548.724976,548.724976,540.049988,541.875000,404.869568,4109254,0.000000,0.000000
2015-12-23,547.525024,551.250000,543.525024,550.424988,411.257782,2870928,0.000000,0.000000
2015-12-24,551.025024,552.224976,545.049988,548.174988,409.576599,1230054,0.000000,0.000000
2015-12-28,545.000000,555.000000,545.000000,552.375000,412.714661,5526952,0.000000,0.000000
2015-12-29,550.625000,555.000000,548.650024,552.349976,412.696045,3345062,0.000000,0.000000
2015-12-30,550.549988,553.299988,541.500000,543.150024,405.822205,5153970,0.000000,0.000000
2015-12-31,545.075012,554.974976,543.500000,552.700012,412.957581,7943938,0.000000,0.000000
2016-01-01,550.000000,554.474976,546.599976,552.625000,412.901489,1806550,0.000000,0.000000
2016-01-04,549.974976,551.224976,538.025024,539.450012,403.057648,3975362,0.000000,0.000000
2016-01-05,542.750000,542.750000,531.125000,537.025024,401.245850,4949786,0.000000,0.000000
2016-01-06,537.325012,537.325012,529.450012,534.674988,399.489868,5588328,0.000000,0.000000
2016-01-07,530.025024,533.950012,523.950012,525.400024,392.560028,5294088,0.000000,0.000000
2016-01-08,530.750000,533.700012,527.750000,531.650024,397.229767,3156716,0.000000,0.000000
2016-01-11,528.150024,534.974976,526.049988,527.849976,394.390472,5360622,0.000000,0.000000
2016-01-12,531.000000,531.474976,515.424988,524.974976,392.242432,6565212,0.000000,0.000000
2016-01-13,528.500000,545.500000,524.049988,541.700012,404.738739,8751294,0.000000,0.000000
2016-01-14,533.000000,577.500000,527.174988,566.500000,423.268433,30227006,0.000000,0.000000
2016-01-15,574.000000,582.000000,568.775024,569.950012,425.846069,13036614,0.000000,0.000000
2016-01-18,569.950012,581.049988,564.174988,565.950012,422.857422,10066612,0.000000,0.000000
2016-01-19,567.500000,579.474976,564.275024,569.825012,425.752686,7500436,0.000000,0.000000
2016-01-20,567.000000,580.000000,558.500000,560.625000,418.878784,7507998,0.000000,0.000000
2016-01-21,567.500000,571.250000,561.000000,568.525024,424.781525,6743000,0.000000,0.000000
2016-01-22,574.049988,576.250000,565.500000,568.125000,424.482605,6436018,0.000000,0.000000
2016-01-25,570.125000,573.424988,562.275024,568.825012,425.005524,4579262,0.000000,0.000000
2016-01-27,573.224976,574.799988,567.500000,569.250000,425.323059,6971962,0.000000,0.000000
2016-01-28,568.000000,571.299988,563.099976,564.799988,421.998230,7788598,0.000000,0.000000
2016-01-29,569.000000,585.000000,565.799988,582.450012,435.185669,10232108,0.000000,0.000000
2016-02-01,585.000000,589.950012,580.799988,586.674988,438.342438,4251126,0.000000,0.000000
2016-02-02,588.424988,595.000000,582.000000,587.775024,439.164276,7632702,0.000000,0.000000
2016-02-03,583.900024,587.950012,576.375000,578.849976,432.495911,5245966,0.000000,0.000000
2016-02-04,580.025024,597.474976,580.025024,589.875000,440.733368,5549346,0.000000,0.000000
2016-02-05,587.750000,593.325012,585.924988,587.349976,438.846710,3984224,0.000000,0.000000
2016-02-08,581.875000,586.099976,571.900024,575.400024,429.918274,4221044,0.000000,0.000000
2016-02-09,564.150024,564.150024,546.750000,553.825012,413.798096,7579572,0.000000,0.000000
2016-02-10,554.000000,563.750000,552.500000,554.275024,414.134399,5866054,0.000000,0.000000
2016-02-11,555.500000,556.500000,535.575012,539.325012,402.964233,5214378,0.000000,0.000000
2016-02-12,547.349976,552.200012,533.500000,542.325012,405.205750,7408096,0.000000,0.000000
2016-02-15,548.125000,550.099976,543.299988,545.875000,407.858185,5093478,0.000000,0.000000
2016-02-16,543.500000,546.375000,536.849976,539.575012,403.151062,5125448,0.000000,0.000000
2016-02-17,540.875000,551.500000,538.500000,548.924988,410.137085,4164598,0.000000,0.000000
2016-02-18,550.000000,563.500000,550.000000,561.700012,419.682037,4189072,0.000000,0.000000
2016-02-19,559.599976,567.099976,556.924988,563.625000,421.120361,3974018,0.000000,0.000000
2016-02-22,565.500000,566.974976,557.025024,563.325012,420.896271,3857010,0.000000,0.000000
2016-02-23,565.125000,566.250000,558.025024,561.950012,419.868896,2501960,0.000000,0.000000
2016-02-24,559.750000,571.875000,559.174988,562.674988,420.410522,4950714,0.000000,0.000000
2016-02-25,562.700012,565.299988,550.549988,555.150024,414.788147,4484528,0.000000,0.000000
2016-02-26,560.075012,566.000000,558.000000,560.575012,418.841461,4235636,0.000000,0.000000
2016-02-29,564.750000,565.200012,534.150024,542.025024,404.981628,8166076,0.000000,0.000000
2016-03-01,547.400024,565.150024,547.400024,562.724976,420.447876,6386154,0.000000,0.000000
2016-03-02,568.525024,581.750000,562.500000,578.000000,431.860809,7214898,0.000000,0.000000
2016-03-03,584.000000,596.424988,577.000000,584.650024,436.829407,5814304,0.000000,0.000000
2016-03-04,587.799988,592.500000,579.549988,585.325012,437.333832,4281680,0.000000,0.000000
2016-03-08,581.500000,595.250000,573.700012,581.724976,434.643982,7617746,0.000000,0.000000
2016-03-09,572.500000,591.875000,571.474976,589.250000,440.266418,6305782,0.000000,0.000000
2016-03-10,581.450012,581.450012,569.674988,571.250000,426.817505,24381016,0.000000,0.000000
2016-03-11,573.099976,577.974976,569.099976,571.500000,427.004272,4058548,0.000000,0.000000
2016-03-14,573.000000,577.125000,569.250000,570.599976,426.331848,4174262,0.000000,0.000000
2016-03-15,572.000000,577.250000,564.474976,567.200012,423.791473,6720258,0.000000,0.000000
2016-03-16,570.950012,577.500000,565.775024,576.224976,430.534485,5588850,0.000000,0.000000
2016-03-17,578.450012,584.875000,577.025024,580.875000,434.008972,6474622,0.000000,0.000000
2016-03-18,581.400024,599.500000,581.000000,596.700012,445.832855,8477422,0.000000,0.000000
2016-03-21,594.000000,599.500000,590.025024,597.450012,446.393219,5138392,0.000000,0.000000
2016-03-22,595.625000,597.000000,586.000000,594.974976,444.543854,7097950,0.000000,0.000000
2016-03-23,595.000000,605.349976,591.049988,603.900024,451.212402,6333176,0.000000,0.000000
2016-03-28,616.200012,618.500000,597.875000,602.450012,450.129028,10787510,0.000000,0.000000
2016-03-29,599.500000,609.450012,595.775024,598.625000,447.271027,6995356,0.000000,0.000000
2016-03-30,598.799988,605.000000,597.775024,602.974976,450.521210,5756818,0.000000,0.000000
2016-03-31,605.125000,614.950012,600.150024,609.150024,455.135010,17996320,0.000000,0.000000
2016-04-01,608.000000,611.099976,597.549988,602.724976,450.334442,5511428,0.000000,0.000000
2016-04-04,606.775024,624.000000,606.775024,621.849976,464.623993,4577054,0.000000,0.000000
2016-04-05,621.000000,621.150024,607.000000,609.900024,455.695374,4790716,0.000000,0.000000
2016-04-06,614.000000,614.000000,598.000000,600.349976,448.560028,4931354,0.000000,0.000000
2016-04-07,604.200012,604.200012,587.500000,590.750000,441.387207,5657890,0.000000,0.000000
2016-04-08,587.924988,588.750000,581.025024,582.875000,435.503204,4195578,0.000000,0.000000
2016-04-11,582.900024,593.375000,575.549988,591.950012,442.283783,5768678,0.000000,0.000000
2016-04-12,590.250000,597.450012,589.299988,591.099976,441.648621,5842138,0.000000,0.000000
2016-04-13,597.474976,597.474976,583.174988,586.349976,438.099548,12511386,0.000000,0.000000
2016-04-18,625.000000,633.950012,616.750000,619.349976,462.756012,25015990,0.000000,0.000000
2016-04-20,622.000000,623.224976,612.900024,621.799988,464.586578,8072848,0.000000,0.000000
2016-04-21,625.500000,625.500000,609.049988,613.150024,458.123657,5441100,0.000000,0.000000
2016-04-22,613.150024,614.250000,603.500000,605.625000,452.501190,5143938,0.000000,0.000000
2016-04-25,606.025024,612.400024,600.549988,607.924988,454.219574,5364134,0.000000,0.000000
2016-04-26,607.724976,619.775024,604.299988,616.075012,460.309021,5846744,0.000000,0.000000
2016-04-27,614.599976,621.174988,614.275024,620.075012,463.297791,4486208,0.000000,0.000000
2016-04-28,615.500000,619.799988,603.500000,604.575012,451.716614,12165168,0.000000,0.000000
2016-04-29,605.724976,611.775024,602.500000,604.049988,451.324371,5036410,0.000000,0.000000
2016-05-02,605.000000,605.575012,598.075012,600.525024,448.690674,3615250,0.000000,0.000000
2016-05-03,601.375000,606.099976,585.900024,588.900024,440.004913,6824810,0.000000,0.000000
2016-05-04,590.500000,596.500000,585.325012,594.424988,444.132996,5812842,0.000000,0.000000
2016-05-05,597.575012,599.500000,590.549988,596.224976,445.477783,6302668,0.000000,0.000000
2016-05-06,594.900024,594.900024,588.525024,590.750000,441.387207,2596720,0.000000,0.000000
2016-05-09,591.000000,600.775024,590.299988,599.525024,447.943604,5123678,0.000000,0.000000
2016-05-10,601.250000,608.325012,598.299988,606.400024,453.080322,3395704,0.000000,0.000000
2016-05-11,599.250000,607.349976,596.250000,600.924988,448.989594,3709888,0.000000,0.000000
2016-05-12,601.950012,606.500000,598.400024,605.000000,452.034332,3406932,0.000000,0.000000
2016-05-13,603.000000,605.000000,596.075012,603.625000,451.006897,5652064,0.000000,0.000000
2016-05-16,605.099976,611.825012,602.500000,607.500000,453.902191,4533878,0.000000,0.000000
2016-05-17,610.000000,612.875000,604.075012,607.125000,453.622009,3796294,0.000000,0.000000
2016-05-18,599.500000,607.000000,598.950012,604.924988,451.978149,4256596,0.000000,0.000000
2016-05-19,605.474976,608.075012,600.500000,602.875000,450.446533,3954400,0.000000,0.000000
2016-05-20,602.500000,609.750000,600.000000,600.799988,448.896179,3994548,0.000000,0.000000
2016-05-23,601.700012,602.575012,592.500000,594.000000,443.815460,4585946,0.000000,0.000000
2016-05-24,595.525024,595.875000,588.799988,593.875000,443.721985,3485060,0.000000,0.000000
2016-05-25,597.049988,606.549988,597.049988,604.325012,451.529877,3857396,0.000000,0.000000
2016-05-26,605.049988,619.900024,605.049988,617.075012,461.056427,6136436,0.000000,0.000000
2016-05-27,615.799988,629.750000,615.799988,623.750000,466.043488,6180764,0.000000,0.000000
2016-05-30,620.750000,636.000000,620.750000,633.799988,473.552551,5285700,0.000000,0.000000
2016-05-31,632.500000,633.375000,619.500000,624.325012,466.473145,13782038,0.000000,0.000000
2016-06-01,623.025024,634.250000,623.000000,629.099976,470.040833,4840534,0.000000,0.000000
2016-06-02,627.500000,637.450012,627.000000,630.775024,471.292450,5053552,0.000000,0.000000
2016-06-03,630.025024,639.650024,630.025024,633.450012,473.291168,3998380,0.000000,0.000000
2016-06-06,632.450012,638.500000,630.549988,633.375000,473.235016,4225768,0.000000,0.000000
2016-06-07,633.500000,636.250000,627.549988,628.700012,469.741974,5692420,0.000000,0.000000
2016-06-08,631.974976,631.974976,617.674988,619.049988,462.531891,8741370,0.000000,0.000000
2016-06-09,613.125000,613.125000,590.025024,592.750000,448.038177,12740804,7.125000,0.000000
2016-06-10,587.700012,595.000000,585.049988,590.299988,446.186279,6383956,0.000000,0.000000
2016-06-13,588.400024,592.450012,583.000000,590.450012,446.299683,5286722,0.000000,0.000000
2016-06-14,591.200012,591.200012,583.625000,587.500000,444.069946,2940728,0.000000,0.000000
2016-06-15,591.849976,596.325012,589.525024,594.974976,449.719910,6711572,0.000000,0.000000
2016-06-16,594.750000,594.750000,585.049988,593.000000,448.227234,5302564,0.000000,0.000000
2016-06-17,594.500000,596.375000,587.549988,589.750000,445.770660,8515082,0.000000,0.000000
2016-06-20,590.500000,605.900024,589.849976,604.375000,456.825073,6229566,0.000000,0.000000
2016-06-21,605.599976,607.400024,597.825012,603.049988,455.823578,4761724,0.000000,0.000000
2016-06-22,602.000000,605.974976,594.075012,599.750000,453.329254,3031258,0.000000,0.000000
2016-06-23,598.650024,607.424988,596.674988,605.799988,457.902283,3828626,0.000000,0.000000
2016-06-24,594.000000,599.500000,580.000000,597.275024,451.458527,7808348,0.000000,0.000000
2016-06-27,586.025024,591.599976,580.000000,583.099976,440.744171,5583778,0.000000,0.000000
2016-06-28,581.400024,586.250000,577.549988,579.575012,438.079712,7655974,0.000000,0.000000
2016-06-29,584.500000,589.950012,580.099976,588.424988,444.769104,5459150,0.000000,0.000000
2016-06-30,590.250000,592.250000,583.974976,585.400024,442.482697,9346224,0.000000,0.000000
2016-07-01,590.000000,590.000000,585.049988,586.200012,443.087341,3991912,0.000000,0.000000
2016-07-04,588.099976,597.299988,588.099976,591.974976,447.452454,5381322,0.000000,0.000000
2016-07-05,592.500000,593.750000,585.525024,587.724976,444.240021,3596416,0.000000,0.000000
2016-07-07,584.349976,585.500000,577.500000,578.625000,437.361633,5954876,0.000000,0.000000
2016-07-08,581.500000,583.500000,576.750000,579.099976,437.720581,5551648,0.000000,0.000000
2016-07-11,583.700012,589.349976,580.000000,587.525024,444.088867,6668882,0.000000,0.000000
2016-07-12,590.000000,590.174988,584.000000,588.275024,444.655792,6197368,0.000000,0.000000
2016-07-13,590.000000,597.900024,587.599976,596.900024,451.175140,5275420,0.000000,0.000000
2016-07-14,597.500000,598.025024,582.000000,588.125000,444.542419,7413328,0.000000,0.000000
2016-07-15,594.750000,594.950012,526.000000,536.275024,405.350830,61484126,0.000000,0.000000
2016-07-18,538.625000,542.450012,527.575012,540.974976,408.903381,14332824,0.000000,0.000000
2016-07-19,544.299988,545.000000,537.049988,543.474976,410.792999,10404644,0.000000,0.000000
2016-07-20,535.000000,544.950012,535.000000,541.549988,409.337982,9822896,0.000000,0.000000
2016-07-21,539.500000,543.599976,537.799988,539.950012,408.128571,8668002,0.000000,0.000000
2016-07-22,535.000000,539.950012,533.349976,536.224976,405.313049,9386538,0.000000,0.000000
2016-07-25,531.500000,541.625000,531.500000,540.424988,408.487610,8469552,0.000000,0.000000
2016-07-26,535.174988,544.950012,535.174988,544.349976,411.454407,7189610,0.000000,0.000000
2016-07-27,542.349976,548.250000,539.275024,542.674988,410.188385,7431820,0.000000,0.000000
2016-07-28,542.700012,543.474976,537.025024,538.750000,407.221588,11258562,0.000000,0.000000
2016-07-29,536.299988,538.375000,533.250000,536.924988,405.842163,8156784,0.000000,0.000000
2016-08-01,535.750000,543.924988,534.174988,542.625000,410.150513,9096662,0.000000,0.000000
2016-08-02,539.950012,542.500000,537.500000,541.900024,409.602509,6822502,0.000000,0.000000
2016-08-03,542.825012,543.250000,535.150024,542.450012,410.018280,7213460,0.000000,0.000000
2016-08-04,543.200012,543.450012,535.025024,535.900024,405.067352,4237278,0.000000,0.000000
2016-08-05,536.000000,536.724976,530.000000,534.000000,403.631256,5609968,0.000000,0.000000
2016-08-08,534.500000,540.500000,531.275024,539.349976,407.675079,4643064,0.000000,0.000000
2016-08-09,538.500000,542.250000,535.750000,541.700012,409.451416,7192664,0.000000,0.000000
2016-08-10,538.000000,543.950012,537.599976,541.174988,409.054565,5576454,0.000000,0.000000
2016-08-11,540.849976,547.500000,537.625000,538.674988,407.164886,5038552,0.000000,0.000000
2016-08-12,537.525024,539.400024,530.000000,531.275024,401.571564,7449928,0.000000,0.000000
2016-08-16,521.000000,529.025024,514.000000,525.900024,397.508698,16429408,0.000000,0.000000
2016-08-17,524.974976,526.325012,515.250000,516.650024,390.516998,6599316,0.000000,0.000000
2016-08-18,518.250000,519.549988,510.750000,511.700012,386.775421,8434000,0.000000,0.000000
2016-08-19,515.000000,519.500000,509.225006,510.649994,385.981812,5686016,0.000000,0.000000
2016-08-22,509.000000,515.000000,504.549988,507.725006,383.770935,10253518,0.000000,0.000000
2016-08-23,510.049988,521.000000,510.049988,519.825012,392.916809,7406138,0.000000,0.000000
2016-08-24,523.500000,531.025024,523.500000,528.700012,399.625183,6129966,0.000000,0.000000
2016-08-25,527.500000,528.799988,516.049988,518.075012,391.594055,4796562,0.000000,0.000000
2016-08-26,518.000000,523.000000,508.524994,510.125000,385.584900,6881054,0.000000,0.000000
2016-08-29,508.799988,515.000000,505.500000,511.399994,386.548706,5220282,0.000000,0.000000
2016-08-30,516.224976,522.500000,512.500000,520.200012,393.200348,4375438,0.000000,0.000000
2016-08-31,518.549988,522.875000,513.900024,517.924988,391.480743,11139814,0.000000,0.000000
2016-09-01,519.000000,520.224976,516.000000,518.775024,392.123260,2877826,0.000000,0.000000
2016-09-02,519.525024,520.000000,513.099976,515.924988,389.968994,3332592,0.000000,0.000000
2016-09-06,519.125000,524.450012,517.799988,522.500000,394.938721,8215044,0.000000,0.000000
2016-09-07,524.000000,529.500000,522.000000,527.174988,398.472443,7425470,0.000000,0.000000
2016-09-08,522.500000,522.500000,512.000000,518.825012,392.160980,9092774,0.000000,0.000000
2016-09-09,518.500000,520.500000,513.275024,517.750000,391.348480,5053438,0.000000,0.000000
2016-09-12,512.625000,529.000000,512.625000,527.000000,398.340179,6203096,0.000000,0.000000
2016-09-14,526.974976,528.900024,520.325012,522.799988,395.165558,5152418,0.000000,0.000000
2016-09-15,522.799988,523.400024,517.674988,521.099976,393.880524,4701722,0.000000,0.000000
2016-09-16,524.500000,532.250000,519.049988,530.075012,400.664398,9949384,0.000000,0.000000
2016-09-19,523.000000,534.450012,520.674988,530.599976,401.061310,5809154,0.000000,0.000000
2016-09-20,526.650024,528.575012,522.875000,525.075012,396.885193,4214004,0.000000,0.000000
2016-09-21,527.000000,530.625000,525.525024,527.875000,399.001556,4231532,0.000000,0.000000
2016-09-22,529.500000,530.500000,526.000000,529.400024,400.154297,3629514,0.000000,0.000000
2016-09-23,528.500000,529.400024,520.000000,521.275024,394.012817,5205294,0.000000,0.000000
2016-09-26,521.375000,522.000000,515.500000,517.950012,391.499603,6371798,0.000000,0.000000
2016-09-27,517.525024,524.950012,516.674988,519.875000,392.954651,6525660,0.000000,0.000000
2016-09-28,520.000000,521.150024,516.625000,519.474976,392.652313,5434708,0.000000,0.000000
2016-09-29,522.474976,522.474976,512.000000,514.599976,388.967468,8902638,0.000000,0.000000
2016-09-30,515.549988,521.950012,515.549988,518.025024,391.556335,6502354,0.000000,0.000000
2016-10-03,517.750000,520.000000,513.049988,519.049988,392.331024,3656160,0.000000,0.000000
2016-10-04,520.000000,525.700012,519.150024,524.599976,396.526093,5066586,0.000000,0.000000
2016-10-05,524.599976,524.924988,518.500000,520.750000,393.615997,2307574,0.000000,0.000000
2016-10-06,522.500000,522.500000,512.974976,513.700012,388.287201,3721882,0.000000,0.000000
2016-10-07,514.974976,516.900024,505.049988,506.274994,382.674866,6288558,0.000000,0.000000
2016-10-10,508.500000,515.875000,505.000000,514.974976,389.250854,5413170,0.000000,0.000000
2016-10-13,510.700012,529.000000,510.700012,526.174988,397.716583,9778690,0.000000,0.000000
2016-10-14,526.450012,541.349976,498.125000,513.575012,388.192688,33461690,0.000000,0.000000
2016-10-17,517.474976,520.900024,508.674988,511.200012,386.397583,8014858,0.000000,0.000000
2016-10-18,515.000000,520.250000,513.650024,519.525024,392.690094,6388134,0.000000,0.000000
2016-10-19,521.000000,522.849976,518.000000,520.900024,393.729462,3509836,0.000000,0.000000
2016-10-20,522.375000,525.349976,516.900024,518.325012,391.783081,3535490,0.000000,0.000000
2016-10-21,517.500000,520.500000,511.250000,519.150024,396.615234,3863620,5.500000,0.000000
2016-10-24,518.750000,521.349976,512.750000,513.549988,392.336945,2902974,0.000000,0.000000
2016-10-25,518.250000,519.450012,507.600006,508.600006,388.555298,5636014,0.000000,0.000000
2016-10-26,508.500000,509.924988,504.649994,507.100006,387.409363,2775216,0.000000,0.000000
2016-10-27,508.950012,508.975006,500.549988,501.750000,383.322113,7227790,0.000000,0.000000
2016-10-28,502.600006,505.000000,496.575012,498.750000,381.030182,5840706,0.000000,0.000000
2016-11-01,503.399994,503.399994,493.200012,494.725006,377.955139,6332798,0.000000,0.000000
2016-11-02,492.399994,493.750000,490.000000,490.524994,374.746490,5377194,0.000000,0.000000
2016-11-03,490.524994,491.000000,482.549988,483.424988,369.322327,5225108,0.000000,0.000000
2016-11-04,483.500000,489.600006,480.500000,485.500000,370.907593,6005548,0.000000,0.000000
2016-11-07,492.500000,493.000000,487.500000,488.975006,373.562378,4537672,0.000000,0.000000
2016-11-08,493.450012,493.875000,485.299988,491.299988,375.338562,5261108,0.000000,0.000000
2016-11-09,465.000000,487.299988,450.500000,479.149994,366.056366,12764158,0.000000,0.000000
2016-11-10,481.250000,481.250000,467.500000,469.700012,358.836884,7287330,0.000000,0.000000
2016-11-11,470.000000,472.500000,459.350006,460.774994,352.018372,7096782,0.000000,0.000000
2016-11-15,462.000000,469.975006,454.274994,461.774994,352.782379,9235850,0.000000,0.000000
2016-11-16,465.000000,478.424988,464.274994,470.450012,359.409821,12222616,0.000000,0.000000
2016-11-17,467.125000,474.500000,463.200012,464.899994,355.169800,5706730,0.000000,0.000000
2016-11-18,465.000000,466.625000,458.750000,460.000000,351.426300,6040228,0.000000,0.000000
2016-11-21,463.450012,463.450012,453.475006,455.549988,348.026672,7940568,0.000000,0.000000
2016-11-22,458.450012,464.325012,455.825012,457.100006,349.210815,5483126,0.000000,0.000000
2016-11-23,461.049988,461.450012,456.225006,460.125000,351.521851,8251786,0.000000,0.000000
2016-11-24,464.100006,469.950012,461.649994,465.149994,355.360809,16780644,0.000000,0.000000
2016-11-25,465.225006,492.500000,465.225006,488.750000,373.390472,12631380,0.000000,0.000000
2016-11-28,489.649994,491.725006,485.299988,489.875000,374.249969,7365712,0.000000,0.000000
2016-11-29,489.399994,492.350006,483.549988,486.299988,371.518738,6125506,0.000000,0.000000
2016-11-30,486.500000,488.500000,480.524994,487.774994,372.645599,8500918,0.000000,0.000000
2016-12-01,488.000000,491.774994,483.500000,487.799988,372.664673,4611590,0.000000,0.000000
2016-12-02,482.399994,484.799988,480.549988,482.250000,368.424713,4453228,0.000000,0.000000
2016-12-05,482.950012,484.299988,479.000000,480.825012,367.335999,3659576,0.000000,0.000000
2016-12-06,480.899994,489.750000,480.825012,483.250000,369.188660,3562110,0.000000,0.000000
2016-12-07,484.000000,486.500000,480.100006,483.200012,369.150421,3385980,0.000000,0.000000
2016-12-08,485.024994,493.049988,485.024994,492.325012,376.121674,5941662,0.000000,0.000000
2016-12-09,492.500000,504.075012,490.750000,494.674988,377.916992,8648384,0.000000,0.000000
2016-12-12,491.399994,491.399994,482.600006,488.674988,373.333191,5345020,0.000000,0.000000
2016-12-13,490.250000,496.424988,485.549988,495.100006,378.241730,4854282,0.000000,0.000000
2016-12-14,495.500000,502.475006,492.049988,499.875000,381.889618,5382614,0.000000,0.000000
2016-12-15,498.700012,509.475006,494.500000,496.174988,379.062958,7966416,0.000000,0.000000
2016-12-16,501.899994,504.850006,498.875000,502.575012,383.952362,6436742,0.000000,0.000000
2016-12-19,503.049988,504.125000,497.049988,502.325012,383.761414,4124134,0.000000,0.000000
2016-12-20,501.000000,509.500000,500.649994,506.075012,386.626251,7636498,0.000000,0.000000
2016-12-21,508.000000,511.000000,499.125000,500.774994,382.577240,7343976,0.000000,0.000000
2016-12-22,501.250000,503.500000,484.750000,492.350006,376.140808,7060054,0.000000,0.000000
2016-12-23,492.450012,503.299988,486.799988,494.225006,377.573181,7306036,0.000000,0.000000
2016-12-26,494.000000,497.000000,487.549988,491.375000,375.395935,3213828,0.000000,0.000000
2016-12-27,491.375000,500.950012,490.000000,499.475006,381.584106,4912816,0.000000,0.000000
2016-12-28,501.475006,504.899994,497.500000,499.250000,381.412201,5476816,0.000000,0.000000
2016-12-29,501.875000,504.000000,494.075012,496.174988,379.062958,6240124,0.000000,0.000000
2016-12-30,499.000000,506.000000,496.375000,505.299988,386.034210,7267768,0.000000,0.000000
2017-01-02,505.549988,506.475006,499.674988,500.549988,382.405396,2335222,0.000000,0.000000
2017-01-03,502.049988,502.450012,491.000000,496.924988,379.635925,6778482,0.000000,0.000000
2017-01-04,497.524994,502.100006,496.125000,498.875000,381.125702,7073586,0.000000,0.000000
2017-01-05,500.799988,504.750000,494.375000,498.075012,380.514526,8207074,0.000000,0.000000
2017-01-06,497.450012,499.424988,484.024994,486.125000,371.385040,14393448,0.000000,0.000000
2017-01-09,486.125000,488.475006,482.500000,485.174988,370.659302,10545692,0.000000,0.000000
2017-01-10,488.500000,490.500000,483.975006,485.274994,370.735687,11939854,0.000000,0.000000
2017-01-11,487.100006,489.225006,481.975006,484.549988,370.181793,12241574,0.000000,0.000000
2017-01-12,488.774994,502.200012,488.774994,500.024994,382.004333,11855740,0.000000,0.000000
2017-01-13,515.000000,520.000000,481.350006,487.899994,372.741119,31276246,0.000000,0.000000
2017-01-16,482.500000,482.725006,476.225006,477.825012,365.044128,12351372,0.000000,0.000000
2017-01-17,478.125000,482.000000,476.200012,477.700012,364.948578,5560094,0.000000,0.000000
2017-01-18,479.049988,480.500000,474.899994,475.399994,363.191467,5952962,0.000000,0.000000
2017-01-19,475.500000,479.799988,474.049988,479.049988,365.979919,8876480,0.000000,0.000000
2017-01-20,475.000000,476.575012,473.000000,474.350006,362.389313,9124742,0.000000,0.000000
2017-01-23,472.500000,479.000000,470.000000,476.350006,363.917236,7948580,0.000000,0.000000
2017-01-24,475.000000,475.000000,470.049988,472.774994,361.186127,6826010,0.000000,0.000000
2017-01-25,473.049988,473.399994,467.399994,468.299988,357.767303,9978090,0.000000,0.000000
2017-01-27,466.924988,473.774994,450.575012,471.075012,359.887268,10635138,0.000000,0.000000
2017-01-30,468.750000,475.750000,464.424988,474.674988,362.637543,11369208,0.000000,0.000000
2017-01-31,470.750000,470.750000,452.174988,464.299988,354.711395,24068534,0.000000,0.000000
2017-02-01,460.549988,461.600006,452.575012,458.375000,350.184906,11531782,0.000000,0.000000
2017-02-02,458.500000,472.500000,455.049988,467.950012,357.499939,11828268,0.000000,0.000000
2017-02-03,466.899994,470.450012,460.524994,468.049988,357.576294,8423958,0.000000,0.000000
2017-02-06,468.625000,471.875000,465.274994,467.625000,357.251587,6727934,0.000000,0.000000
2017-02-07,466.500000,474.899994,464.274994,471.125000,359.925507,9268002,0.000000,0.000000
2017-02-08,468.000000,472.049988,466.225006,468.250000,357.729034,6319962,0.000000,0.000000
2017-02-09,468.500000,475.000000,468.274994,473.000000,361.357941,11907266,0.000000,0.000000
2017-02-10,473.125000,486.000000,471.649994,484.149994,369.876251,12252452,0.000000,0.000000
2017-02-13,486.424988,493.049988,481.424988,492.174988,376.007019,13724268,0.000000,0.000000
2017-02-14,490.000000,494.500000,486.174988,493.850006,377.286713,9338818,0.000000,0.000000
2017-02-15,494.600006,499.399994,484.399994,490.899994,375.033081,7259486,0.000000,0.000000
2017-02-16,495.500000,506.950012,495.024994,506.049988,386.607178,12815858,0.000000,0.000000
2017-02-17,506.875000,506.875000,496.350006,500.049988,382.023346,4851208,0.000000,0.000000
2017-02-20,498.250000,515.500000,496.750000,505.125000,385.900482,4650662,0.000000,0.000000
2017-02-21,511.049988,512.250000,500.024994,506.799988,387.180115,7613996,0.000000,0.000000
2017-02-22,507.500000,507.500000,493.200012,495.075012,378.222626,6607838,0.000000,0.000000
2017-02-23,499.450012,510.000000,496.674988,504.424988,385.365723,9542656,0.000000,0.000000
2017-02-27,503.649994,511.500000,503.475006,506.200012,386.721771,5328696,0.000000,0.000000
2017-02-28,505.924988,511.350006,504.625000,506.200012,386.721771,5940132,0.000000,0.000000
2017-03-01,506.000000,513.500000,505.049988,512.575012,391.592102,4282448,0.000000,0.000000
2017-03-02,512.200012,514.000000,508.250000,511.649994,390.885376,2948498,0.000000,0.000000
2017-03-03,505.125000,517.150024,500.200012,515.599976,393.903107,5401612,0.000000,0.000000
2017-03-06,510.024994,517.974976,509.850006,516.950012,394.934540,5286386,0.000000,0.000000
2017-03-07,511.000000,512.900024,507.350006,509.899994,389.548492,4644496,0.000000,0.000000
2017-03-08,508.450012,508.450012,502.225006,503.899994,384.964630,6179176,0.000000,0.000000
2017-03-09,503.899994,506.500000,499.500000,505.774994,386.397064,3480630,0.000000,0.000000
2017-03-10,507.500000,513.825012,506.700012,510.924988,390.331482,4550324,0.000000,0.000000
2017-03-14,511.399994,520.950012,511.399994,517.400024,395.278290,7878396,0.000000,0.000000
2017-03-15,517.450012,517.450012,503.750000,505.975006,386.549927,6373978,0.000000,0.000000
2017-03-16,506.649994,515.849976,506.649994,514.424988,393.005402,6702956,0.000000,0.000000
2017-03-17,517.700012,521.450012,509.625000,520.150024,397.379150,9507846,0.000000,0.000000
2017-03-20,513.275024,513.275024,507.549988,510.750000,390.197845,4427388,0.000000,0.000000
2017-03-21,510.450012,517.474976,509.399994,516.424988,394.533356,4869584,0.000000,0.000000
2017-03-22,511.225006,519.974976,510.200012,513.849976,392.566223,3990852,0.000000,0.000000
2017-03-23,514.125000,521.500000,513.299988,520.224976,397.436401,4501662,0.000000,0.000000
2017-03-24,519.000000,522.000000,513.849976,515.700012,393.979462,4883896,0.000000,0.000000
2017-03-27,513.599976,520.924988,512.250000,514.424988,393.005402,7684824,0.000000,0.000000
2017-03-28,515.750000,519.500000,515.025024,517.575012,395.411926,4796796,0.000000,0.000000
2017-03-29,517.150024,520.750000,512.924988,515.924988,394.151367,6981186,0.000000,0.000000
2017-03-30,517.000000,517.950012,510.125000,512.750000,391.725769,12157180,0.000000,0.000000
2017-03-31,511.625000,514.650024,504.000000,511.125000,390.484344,14153854,0.000000,0.000000
2017-04-03,516.075012,516.224976,503.049988,504.399994,385.346619,4315600,0.000000,0.000000
2017-04-05,502.500000,502.700012,495.500000,497.975006,380.438141,7398338,0.000000,0.000000
2017-04-06,499.075012,502.899994,496.000000,499.799988,381.832367,5379008,0.000000,0.000000
2017-04-07,500.450012,500.450012,489.500000,490.774994,374.937561,6404508,0.000000,0.000000
2017-04-10,492.450012,494.750000,475.049988,476.700012,364.184753,9528472,0.000000,0.000000
2017-04-11,478.024994,485.850006,478.024994,483.575012,369.436951,8655466,0.000000,0.000000
2017-04-12,485.000000,488.450012,480.174988,484.424988,370.086304,6696752,0.000000,0.000000
2017-04-13,485.000000,495.000000,463.325012,465.700012,355.781036,30973188,0.000000,0.000000
2017-04-17,465.000000,466.049988,461.750000,462.450012,353.298065,7213434,0.000000,0.000000
2017-04-18,462.375000,467.000000,459.549988,461.325012,352.438599,4647518,0.000000,0.000000
2017-04-19,461.500000,465.000000,456.325012,459.600006,351.120697,10071702,0.000000,0.000000
2017-04-20,460.750000,464.850006,459.274994,463.649994,354.214844,4549000,0.000000,0.000000
2017-04-21,467.399994,467.399994,460.549988,461.850006,352.839661,3577466,0.000000,0.000000
2017-04-24,458.750000,464.250000,456.500000,463.274994,353.928345,5556666,0.000000,0.000000
2017-04-25,462.950012,466.500000,460.274994,464.674988,354.997894,4737060,0.000000,0.000000
2017-04-26,464.975006,467.774994,455.100006,457.125000,349.229919,9084496,0.000000,0.000000
2017-04-27,458.000000,464.500000,458.000000,462.625000,353.431793,7797208,0.000000,0.000000
2017-04-28,463.424988,463.700012,457.799988,459.475006,351.025299,5029702,0.000000,0.000000
2017-05-02,462.000000,463.200012,457.549988,461.299988,352.419495,3231126,0.000000,0.000000
2017-05-03,463.250000,469.549988,458.825012,467.149994,356.888733,4659448,0.000000,0.000000
2017-05-04,468.500000,469.825012,464.450012,468.825012,358.168396,5279806,0.000000,0.000000
2017-05-05,468.000000,468.674988,460.000000,465.750000,355.819214,4432788,0.000000,0.000000
2017-05-08,469.000000,474.274994,466.000000,472.750000,361.167023,4707098,0.000000,0.000000
2017-05-09,475.299988,475.975006,471.049988,473.325012,361.606232,5649372,0.000000,0.000000
2017-05-10,473.575012,475.000000,468.575012,471.825012,360.460327,3364302,0.000000,0.000000
2017-05-11,473.424988,474.924988,468.774994,472.049988,360.632141,3229482,0.000000,0.000000
2017-05-12,476.500000,483.000000,475.725006,482.125000,368.329163,10979996,0.000000,0.000000
2017-05-15,481.750000,481.750000,474.549988,475.774994,363.477936,7297164,0.000000,0.000000
2017-05-16,476.549988,480.075012,473.475006,477.500000,364.795807,6130168,0.000000,0.000000
2017-05-17,475.799988,479.225006,471.924988,476.399994,363.955444,2915508,0.000000,0.000000
2017-05-18,471.500000,486.950012,471.424988,480.875000,367.374176,8057848,0.000000,0.000000
2017-05-19,480.750000,481.350006,473.924988,478.975006,365.922729,4257396,0.000000,0.000000
2017-05-22,479.200012,483.450012,478.274994,480.725006,367.259613,5503052,0.000000,0.000000
2017-05-23,482.325012,483.500000,477.049988,478.649994,365.674408,4039982,0.000000,0.000000
2017-05-24,480.000000,482.750000,474.799988,477.399994,364.719421,5636286,0.000000,0.000000
2017-05-25,480.500000,493.299988,480.500000,491.649994,375.605988,10438514,0.000000,0.000000
2017-05-26,493.500000,500.000000,490.299988,497.850006,380.342651,4988004,0.000000,0.000000
2017-05-29,495.450012,498.350006,487.850006,492.575012,376.312653,6308434,0.000000,0.000000
2017-05-30,491.000000,500.000000,489.325012,498.100006,380.533661,3716910,0.000000,0.000000
2017-05-31,496.774994,496.774994,487.424988,488.524994,373.218567,7763900,0.000000,0.000000
2017-06-01,484.649994,489.850006,479.274994,485.700012,376.747925,5508606,7.375000,0.000000
2017-06-02,486.700012,487.725006,482.100006,484.725006,375.991669,3917966,0.000000,0.000000
2017-06-05,485.000000,486.000000,478.524994,479.375000,371.841736,5462698,0.000000,0.000000
2017-06-06,482.500000,493.750000,482.200012,489.674988,379.831299,7008686,0.000000,0.000000
2017-06-07,492.500000,494.450012,472.500000,480.649994,372.830719,12455046,0.000000,0.000000
2017-06-08,481.475006,481.475006,474.075012,478.225006,370.949707,6195352,0.000000,0.000000
2017-06-09,469.274994,475.475006,461.500000,474.299988,367.905182,14757662,0.000000,0.000000
2017-06-12,471.674988,482.600006,470.049988,481.924988,373.819763,8591676,0.000000,0.000000
2017-06-13,476.750000,481.475006,475.799988,478.899994,371.473328,4937794,0.000000,0.000000
2017-06-14,480.000000,480.950012,475.600006,479.299988,371.783600,7438110,0.000000,0.000000
2017-06-15,479.825012,483.975006,474.799988,476.049988,369.262573,5528062,0.000000,0.000000
2017-06-16,474.549988,476.924988,468.000000,470.125000,364.666718,10948450,0.000000,0.000000
2017-06-19,469.975006,470.125000,464.000000,464.924988,360.633118,6855860,0.000000,0.000000
2017-06-20,467.500000,473.450012,467.024994,471.774994,365.946564,5184396,0.000000,0.000000
2017-06-21,472.500000,474.500000,468.024994,471.674988,365.868988,3735864,0.000000,0.000000
2017-06-22,473.850006,484.350006,467.549988,470.075012,364.627899,9465242,0.000000,0.000000
2017-06-23,472.500000,474.575012,469.000000,471.625000,365.830261,6403018,0.000000,0.000000
2017-06-27,472.500000,474.000000,461.875000,463.524994,359.547211,6904660,0.000000,0.000000
2017-06-28,466.399994,466.500000,460.500000,462.350006,358.635834,5905224,0.000000,0.000000
2017-06-29,465.100006,473.975006,463.299988,465.100006,360.768951,15914040,0.000000,0.000000
2017-06-30,465.399994,469.000000,464.500000,467.774994,362.843903,4216700,0.000000,0.000000
2017-07-03,470.549988,477.500000,467.299988,475.950012,369.184998,5088924,0.000000,0.000000
2017-07-04,476.924988,485.000000,474.700012,481.075012,373.160492,5167726,0.000000,0.000000
2017-07-05,479.500000,479.500000,472.700012,475.450012,368.797241,4226228,0.000000,0.000000
2017-07-06,472.500000,478.500000,472.100006,473.500000,367.284637,3829720,0.000000,0.000000
2017-07-07,471.924988,472.725006,466.524994,467.700012,362.785767,5776886,0.000000,0.000000
2017-07-10,471.600006,479.899994,470.000000,478.524994,371.182434,1464376,0.000000,0.000000
2017-07-11,478.325012,494.750000,478.325012,487.674988,378.279877,11539708,0.000000,0.000000
2017-07-12,487.475006,490.750000,484.375000,486.174988,377.116394,6275976,0.000000,0.000000
2017-07-13,488.625000,491.725006,482.049988,488.524994,378.939240,5170392,0.000000,0.000000
2017-07-14,499.725006,503.424988,483.024994,486.024994,377.000061,22478180,0.000000,0.000000
2017-07-17,487.500000,496.000000,487.000000,492.024994,381.654083,7698250,0.000000,0.000000
2017-07-18,493.024994,502.399994,490.549988,492.799988,382.255280,8260180,0.000000,0.000000
2017-07-19,490.725006,494.325012,484.549988,489.924988,380.025177,5890278,0.000000,0.000000
2017-07-20,489.649994,489.924988,483.475006,484.725006,375.991669,6809740,0.000000,0.000000
2017-07-21,486.500000,491.274994,485.700012,490.049988,380.122162,5980754,0.000000,0.000000
2017-07-24,491.750000,497.000000,491.299988,495.274994,384.175140,6129176,0.000000,0.000000
2017-07-25,495.000000,499.500000,493.100006,496.924988,385.454987,7145614,0.000000,0.000000
2017-07-26,499.049988,499.500000,495.200012,497.024994,385.532501,6870024,0.000000,0.000000
2017-07-27,498.000000,502.000000,483.399994,485.524994,376.612213,12676852,0.000000,0.000000
2017-07-28,488.000000,501.500000,481.149994,498.674988,386.812439,11098428,0.000000,0.000000
2017-07-31,495.950012,510.850006,493.375000,505.600006,392.184021,19158248,0.000000,0.000000
2017-08-01,505.500000,508.500000,499.174988,502.774994,389.992676,7689398,0.000000,0.000000
2017-08-02,503.000000,506.375000,493.600006,496.674988,385.261047,4257584,0.000000,0.000000
2017-08-03,495.500000,499.375000,490.125000,492.000000,381.634674,4640348,0.000000,0.000000
2017-08-04,494.000000,494.500000,488.024994,491.875000,381.537781,5349018,0.000000,0.000000
2017-08-07,491.750000,491.875000,482.850006,484.125000,375.526306,6073744,0.000000,0.000000
2017-08-08,484.250000,485.125000,477.524994,481.924988,373.819763,6004648,0.000000,0.000000
2017-08-09,483.825012,486.950012,482.274994,484.674988,375.952911,3922410,0.000000,0.000000
2017-08-10,484.950012,493.750000,484.674988,490.625000,380.568115,9140684,0.000000,0.000000
2017-08-11,488.000000,498.500000,484.799988,493.850006,383.069733,6544156,0.000000,0.000000
2017-08-14,494.000000,494.600006,488.575012,490.725006,380.645813,3816470,0.000000,0.000000
2017-08-16,491.000000,493.049988,484.500000,487.600006,378.221741,6178080,0.000000,0.000000
2017-08-17,502.500000,514.625000,499.024994,510.424988,395.926636,25784260,0.000000,0.000000
2017-08-18,508.950012,508.950012,442.100006,461.625000,358.073456,164404960,0.000000,0.000000
2017-08-21,462.000000,462.000000,435.000000,436.700012,338.739624,90407176,0.000000,0.000000
2017-08-22,447.600006,448.524994,430.000000,437.700012,339.515259,49242598,0.000000,0.000000
2017-08-23,440.000000,451.850006,436.950012,446.399994,346.263702,61284190,0.000000,0.000000
2017-08-24,455.000000,459.125000,451.174988,456.075012,353.768463,42380524,0.000000,0.000000
2017-08-28,471.975006,476.975006,469.000000,470.500000,364.957581,40712108,0.000000,0.000000
2017-08-29,470.725006,471.000000,462.774994,463.725006,359.702484,13369392,0.000000,0.000000
2017-08-30,468.600006,469.500000,462.049988,463.325012,359.392059,16149664,0.000000,0.000000
2017-08-31,464.399994,464.475006,456.450012,457.475006,354.854370,15022452,0.000000,0.000000
2017-09-01,457.975006,462.950012,455.000000,459.975006,356.793610,8433922,0.000000,0.000000
2017-09-04,460.500000,460.549988,446.750000,450.100006,349.133789,10177108,0.000000,0.000000
2017-09-05,451.000000,452.500000,448.625000,450.950012,349.793060,9783392,0.000000,0.000000
2017-09-06,450.000000,450.149994,445.000000,447.799988,347.349640,7735910,0.000000,0.000000
2017-09-07,450.000000,450.250000,446.174988,447.875000,347.407867,6241192,0.000000,0.000000
2017-09-08,449.500000,449.500000,441.049988,442.149994,342.967102,8604542,0.000000,0.000000
2017-09-11,445.200012,445.899994,436.825012,439.350006,340.795166,13787642,0.000000,0.000000
2017-09-12,441.274994,443.875000,439.399994,442.024994,342.870148,17241354,0.000000,0.000000
2017-09-13,442.750000,443.799988,440.500000,441.875000,342.753784,11478228,0.000000,0.000000
2017-09-14,442.250000,448.299988,440.799988,446.200012,346.108490,13698006,0.000000,0.000000
2017-09-15,446.149994,456.625000,446.100006,454.125000,352.255890,13459460,0.000000,0.000000
2017-09-18,455.000000,458.875000,453.149994,454.549988,352.585510,8475860,0.000000,0.000000
2017-09-19,454.000000,458.000000,451.750000,456.125000,353.807159,6033330,0.000000,0.000000
2017-09-20,458.500000,458.500000,453.725006,456.350006,353.981750,5767830,0.000000,0.000000
2017-09-21,457.500000,457.625000,454.075012,454.774994,352.760040,8204152,0.000000,0.000000
2017-09-22,454.075012,455.125000,444.000000,449.149994,348.396851,17604088,0.000000,0.000000
2017-09-25,450.500000,450.975006,444.549988,447.674988,347.252716,9088700,0.000000,0.000000
2017-09-26,448.500000,454.200012,447.149994,452.950012,351.344452,7366478,0.000000,0.000000
2017-09-27,453.049988,453.950012,447.549988,449.899994,348.978546,6000138,0.000000,0.000000
2017-09-28,448.049988,451.950012,447.149994,448.000000,347.504822,17537266,0.000000,0.000000
2017-09-29,449.000000,451.200012,447.500000,449.950012,349.017395,5705832,0.000000,0.000000
2017-10-03,455.049988,456.000000,450.799988,451.774994,350.432983,4947522,0.000000,0.000000
2017-10-04,451.500000,452.700012,448.575012,449.799988,348.901031,4991492,0.000000,0.000000
2017-10-05,450.000000,452.475006,449.500000,451.524994,350.239075,8611300,0.000000,0.000000
2017-10-06,452.000000,461.000000,451.975006,460.075012,356.871185,8574308,0.000000,0.000000
2017-10-09,460.000000,464.500000,457.000000,461.950012,358.325562,3504832,0.000000,0.000000
2017-10-10,469.975006,469.975006,464.774994,467.725006,362.805145,7143220,0.000000,0.000000
2017-10-11,467.725006,469.000000,464.000000,465.350006,360.962830,5982504,0.000000,0.000000
2017-10-12,465.000000,467.174988,459.774994,463.649994,359.644196,10280972,0.000000,0.000000
2017-10-13,466.399994,466.750000,463.774994,465.049988,360.730103,7180728,0.000000,0.000000
2017-10-16,467.975006,471.000000,466.500000,469.500000,364.181915,5758750,0.000000,0.000000
2017-10-17,468.399994,468.399994,464.750000,465.250000,360.885223,5625102,0.000000,0.000000
2017-10-18,464.450012,465.000000,461.475006,462.174988,358.500061,7231852,0.000000,0.000000
2017-10-19,465.000000,466.000000,462.600006,463.475006,359.508392,1091434,0.000000,0.000000
2017-10-23,465.000000,471.000000,464.049988,469.750000,364.375824,9154096,0.000000,0.000000
2017-10-24,473.000000,473.325012,460.799988,463.250000,359.333893,14529328,0.000000,0.000000
2017-10-25,459.500000,472.350006,457.625000,467.649994,362.746857,13984134,0.000000,0.000000
2017-10-26,471.000000,475.899994,470.049988,473.674988,367.420441,33659258,0.000000,0.000000
2017-10-27,477.500000,478.850006,472.000000,473.174988,367.032562,8524956,0.000000,0.000000
2017-10-30,477.325012,477.325012,470.524994,472.049988,366.159882,12968326,0.000000,0.000000
2017-10-31,462.500000,465.000000,460.000000,460.924988,362.522247,9954988,6.500000,0.000000
2017-11-01,462.500000,464.700012,461.649994,463.524994,364.567200,5633134,0.000000,0.000000
2017-11-02,461.524994,463.000000,460.000000,461.450012,362.935242,4686138,0.000000,0.000000
2017-11-03,458.500000,464.950012,458.475006,463.325012,364.409912,3699086,0.000000,0.000000
2017-11-06,461.575012,467.500000,461.325012,464.350006,365.216095,5066534,0.000000,0.000000
2017-11-07,463.125000,480.000000,462.924988,477.750000,375.755341,13442820,0.000000,0.000000
2017-11-08,480.125000,480.924988,473.750000,476.149994,374.496857,5369994,0.000000,0.000000
2017-11-09,476.500000,481.500000,474.125000,477.250000,375.362061,4723232,0.000000,0.000000
2017-11-10,479.399994,482.174988,475.000000,481.024994,378.331116,6589428,0.000000,0.000000
2017-11-13,481.024994,484.700012,474.674988,475.975006,374.359314,5021216,0.000000,0.000000
2017-11-14,475.975006,477.424988,471.625000,474.549988,373.238556,5733710,0.000000,0.000000
2017-11-15,472.575012,476.750000,472.250000,475.899994,374.300354,7023516,0.000000,0.000000
2017-11-16,475.899994,497.950012,474.250000,494.200012,388.693420,15687502,0.000000,0.000000
2017-11-17,492.750000,492.750000,482.575012,485.475006,381.831146,8057670,0.000000,0.000000
2017-11-20,484.500000,485.500000,478.625000,480.274994,377.741333,5661190,0.000000,0.000000
2017-11-21,480.649994,485.750000,480.024994,483.125000,379.982849,5364656,0.000000,0.000000
2017-11-22,483.299988,485.524994,481.649994,483.149994,380.002502,6084920,0.000000,0.000000
2017-11-23,485.750000,497.225006,484.500000,495.625000,389.814209,11894618,0.000000,0.000000
2017-11-24,495.450012,509.649994,495.100006,504.774994,397.010742,18619912,0.000000,0.000000
2017-11-27,503.350006,503.350006,496.649994,499.375000,392.763672,6017730,0.000000,0.000000
2017-11-28,497.200012,499.950012,490.649994,492.350006,387.238373,4616868,0.000000,0.000000
2017-11-29,493.825012,495.975006,490.149994,491.350006,386.451874,3838070,0.000000,0.000000
2017-11-30,494.725006,494.725006,484.174988,488.049988,383.856384,17266944,0.000000,0.000000
2017-12-01,489.700012,491.600006,478.524994,479.399994,377.053040,4085000,0.000000,0.000000
2017-12-04,490.000000,498.399994,484.274994,492.674988,387.493988,17811606,0.000000,0.000000
2017-12-05,492.674988,501.500000,489.500000,492.174988,387.100739,9976738,0.000000,0.000000
2017-12-06,492.500000,497.049988,492.000000,495.149994,389.440643,7490094,0.000000,0.000000
2017-12-07,494.500000,501.450012,492.799988,499.899994,393.176544,7549544,0.000000,0.000000
2017-12-08,500.500000,503.500000,497.500000,500.924988,393.982697,5983244,0.000000,0.000000
2017-12-11,497.475006,503.450012,496.975006,502.649994,395.339386,5139098,0.000000,0.000000
2017-12-12,501.000000,507.000000,501.000000,505.250000,397.384369,9320434,0.000000,0.000000
2017-12-13,505.450012,509.500000,498.825012,501.875000,394.729889,5362398,0.000000,0.000000
2017-12-14,502.625000,507.500000,499.649994,506.549988,398.406860,6023572,0.000000,0.000000
2017-12-15,506.500000,513.200012,505.924988,511.450012,402.260742,10384134,0.000000,0.000000
2017-12-18,505.950012,515.349976,502.899994,508.299988,399.783203,4035448,0.000000,0.000000
2017-12-19,508.725006,508.975006,499.774994,501.975006,394.808533,7118898,0.000000,0.000000
2017-12-20,502.549988,509.299988,500.500000,507.924988,399.488312,4186326,0.000000,0.000000
2017-12-21,507.399994,514.474976,499.200012,511.024994,401.926453,11059162,0.000000,0.000000
2017-12-22,508.000000,522.400024,508.000000,519.674988,408.729828,12906940,0.000000,0.000000
2017-12-26,515.000000,520.750000,511.500000,517.799988,407.255035,10808906,0.000000,0.000000
2017-12-27,514.000000,519.549988,513.700012,517.125000,406.724213,6970172,0.000000,0.000000
2017-12-28,515.000000,520.000000,511.899994,516.625000,406.331055,8433472,0.000000,0.000000
2017-12-29,515.049988,524.400024,515.000000,521.025024,409.791595,6601768,0.000000,0.000000
2018-01-01,518.849976,522.250000,515.000000,516.775024,406.448944,5431340,0.000000,0.000000
2018-01-02,518.625000,521.000000,511.500000,514.849976,404.934845,6112248,0.000000,0.000000
2018-01-03,514.250000,515.799988,509.299988,510.649994,401.631531,6846552,0.000000,0.000000
2018-01-04,510.500000,510.500000,504.799988,507.700012,399.311310,8947614,0.000000,0.000000
2018-01-05,507.649994,513.200012,503.000000,506.000000,397.974304,11025976,0.000000,0.000000
2018-01-08,512.450012,519.500000,510.024994,518.025024,407.432068,5594690,0.000000,0.000000
2018-01-09,520.000000,522.450012,514.450012,520.674988,409.516205,9948236,0.000000,0.000000
2018-01-10,523.400024,528.000000,516.525024,526.125000,413.802795,9468634,0.000000,0.000000
2018-01-11,527.625000,541.700012,527.625000,537.900024,423.063904,16775298,0.000000,0.000000
2018-01-12,542.900024,542.950012,535.275024,539.224976,424.106049,18016528,0.000000,0.000000
2018-01-15,540.000000,546.474976,532.549988,540.575012,425.167969,10649250,0.000000,0.000000
2018-01-16,540.625000,567.400024,540.625000,561.424988,441.566620,22646966,0.000000,0.000000
2018-01-17,562.424988,580.900024,561.500000,576.049988,453.069336,26154088,0.000000,0.000000
2018-01-18,572.500000,582.450012,566.049988,576.349976,453.305237,13204970,0.000000,0.000000
2018-01-19,572.500000,573.950012,568.000000,571.724976,449.667664,5988278,0.000000,0.000000
2018-01-22,566.075012,578.474976,566.000000,575.000000,452.243469,9650214,0.000000,0.000000
2018-01-23,577.500000,594.000000,577.500000,588.549988,462.900696,15403796,0.000000,0.000000
2018-01-24,587.400024,610.525024,583.750000,592.900024,466.322052,20604718,0.000000,0.000000
2018-01-25,591.000000,591.700012,581.125000,587.700012,462.232208,13548914,0.000000,0.000000
2018-01-29,583.275024,598.125000,582.599976,591.450012,465.181580,10823002,0.000000,0.000000
2018-01-30,589.450012,591.549988,581.349976,585.325012,460.364288,8628312,0.000000,0.000000
2018-01-31,579.575012,583.299988,571.075012,575.125000,452.341827,9213698,0.000000,0.000000
2018-02-01,571.099976,578.950012,559.275024,572.299988,450.119934,13005454,0.000000,0.000000
2018-02-02,567.625000,581.450012,565.049988,571.625000,449.589081,10244486,0.000000,0.000000
2018-02-05,570.000000,577.424988,567.924988,569.099976,447.603119,9860220,0.000000,0.000000
2018-02-06,549.974976,564.174988,547.575012,553.875000,435.628479,10552078,0.000000,0.000000
2018-02-07,558.000000,562.400024,551.775024,554.525024,436.139679,8342056,0.000000,0.000000
2018-02-08,561.400024,573.200012,558.275024,567.125000,446.049683,8807244,0.000000,0.000000
2018-02-09,559.000000,560.150024,553.000000,554.575012,436.178955,4382690,0.000000,0.000000
2018-02-12,557.400024,560.299988,548.900024,551.400024,433.681915,6291972,0.000000,0.000000
2018-02-14,553.000000,558.650024,545.099976,548.875000,431.695923,8345712,0.000000,0.000000
2018-02-15,551.500000,564.849976,551.500000,557.224976,438.263275,7986736,0.000000,0.000000
2018-02-16,562.500000,570.825012,559.049988,564.025024,443.611511,9889222,0.000000,0.000000
2018-02-19,564.200012,568.000000,560.150024,565.875000,445.066589,6461840,0.000000,0.000000
2018-02-20,551.875000,574.750000,551.875000,568.474976,447.111603,7188594,0.000000,0.000000
2018-02-21,573.750000,575.950012,570.000000,573.700012,451.221039,13771358,0.000000,0.000000
2018-02-22,572.775024,582.000000,570.224976,580.375000,456.470978,17859974,0.000000,0.000000
2018-02-23,581.750000,583.000000,573.375000,577.825012,454.465393,9459828,0.000000,0.000000
2018-02-26,575.500000,577.525024,567.174988,569.299988,447.760376,5083608,0.000000,0.000000
2018-02-27,572.474976,576.825012,562.825012,575.099976,452.322144,6616026,0.000000,0.000000
2018-02-28,573.799988,594.750000,571.275024,586.299988,461.131042,17268416,0.000000,0.000000
2018-03-01,584.799988,584.799988,578.025024,580.375000,456.470978,6579852,0.000000,0.000000
2018-03-05,580.375000,585.400024,571.625000,577.950012,454.563690,8101456,0.000000,0.000000
2018-03-06,581.275024,582.700012,571.799988,575.674988,452.774384,6689734,0.000000,0.000000
2018-03-07,577.500000,580.000000,569.025024,572.049988,449.923279,6370416,0.000000,0.000000
2018-03-08,574.500000,582.900024,574.500000,578.325012,454.858612,6093014,0.000000,0.000000
2018-03-09,581.174988,583.000000,577.775024,581.700012,457.513123,4220964,0.000000,0.000000
2018-03-12,588.000000,595.924988,585.875000,592.875000,466.302277,7676970,0.000000,0.000000
2018-03-13,590.099976,598.500000,587.575012,591.900024,465.535583,8581052,0.000000,0.000000
2018-03-14,590.000000,595.299988,584.549988,590.400024,464.355774,4429710,0.000000,0.000000
2018-03-15,590.000000,594.200012,586.000000,591.250000,465.024261,6101500,0.000000,0.000000
2018-03-16,591.000000,591.200012,584.625000,585.950012,460.855804,17954826,0.000000,0.000000
2018-03-19,582.000000,590.250000,571.325012,573.375000,450.965393,7526620,0.000000,0.000000
2018-03-20,574.299988,585.000000,574.299988,582.275024,457.965363,8553766,0.000000,0.000000
2018-03-21,585.000000,587.750000,581.099976,583.750000,459.125427,7692994,0.000000,0.000000
2018-03-22,582.250000,588.724976,577.650024,580.650024,456.687225,6813168,0.000000,0.000000
2018-03-23,573.500000,586.900024,571.174988,583.799988,459.164795,12008084,0.000000,0.000000
2018-03-26,583.450012,583.450012,572.000000,577.625000,454.308136,8930722,0.000000,0.000000
2018-03-27,580.000000,580.650024,575.049988,577.000000,453.816406,3802088,0.000000,0.000000
2018-03-28,575.375000,575.375000,563.125000,565.900024,445.086212,12558322,0.000000,0.000000
2018-04-02,570.500000,574.775024,560.650024,568.575012,447.190063,8072702,0.000000,0.000000
2018-04-03,567.349976,571.775024,564.049988,570.224976,448.487854,4077168,0.000000,0.000000
2018-04-04,572.000000,572.275024,560.000000,562.099976,442.097534,4813302,0.000000,0.000000
2018-04-05,569.775024,575.650024,564.549988,573.775024,451.279968,7763544,0.000000,0.000000
2018-04-06,571.500000,573.000000,561.049988,563.500000,443.198639,5937742,0.000000,0.000000
2018-04-09,562.500000,562.900024,553.275024,555.625000,437.004822,7202882,0.000000,0.000000
2018-04-10,556.000000,562.250000,552.700012,556.700012,437.850342,8926058,0.000000,0.000000
2018-04-11,559.000000,565.750000,558.250000,562.125000,442.117126,9025574,0.000000,0.000000
2018-04-12,564.724976,586.375000,562.500000,581.299988,457.198517,17044366,0.000000,0.000000
2018-04-13,587.000000,592.950012,575.125000,585.724976,460.678864,21227038,0.000000,0.000000
2018-04-16,551.000000,570.000000,551.000000,566.599976,445.636749,24745084,0.000000,0.000000
2018-04-17,563.500000,563.700012,557.500000,562.599976,442.490784,10397940,0.000000,0.000000
2018-04-18,561.424988,567.375000,556.924988,562.974976,442.785706,10430380,0.000000,0.000000
2018-04-19,562.000000,569.900024,561.549988,566.424988,445.499146,8525542,0.000000,0.000000
2018-04-20,569.500000,596.849976,568.474976,589.224976,463.431671,24272692,0.000000,0.000000
2018-04-23,584.000000,607.200012,577.625000,593.849976,467.069183,21830638,0.000000,0.000000
2018-04-24,592.500000,598.200012,575.049988,577.250000,454.013092,8526216,0.000000,0.000000
2018-04-25,576.000000,585.500000,572.599976,580.174988,456.313660,11594178,0.000000,0.000000
2018-04-26,587.000000,590.825012,580.000000,588.224976,462.645050,11302084,0.000000,0.000000
2018-04-27,590.000000,595.799988,587.099976,592.599976,466.086090,7663370,0.000000,0.000000
2018-04-30,590.849976,603.974976,590.325012,599.750000,471.709595,5511678,0.000000,0.000000
2018-05-02,599.450012,600.799988,590.500000,598.525024,470.746063,10295042,0.000000,0.000000
2018-05-03,598.625000,602.349976,588.049988,591.275024,465.043915,5332230,0.000000,0.000000
2018-05-04,592.500000,593.000000,577.500000,586.549988,461.327637,6023368,0.000000,0.000000
2018-05-07,590.625000,595.000000,587.750000,591.500000,465.220856,4638960,0.000000,0.000000
2018-05-08,588.950012,588.950012,580.525024,582.775024,458.358551,5718556,0.000000,0.000000
2018-05-09,583.750000,588.450012,581.500000,585.349976,460.383759,3783504,0.000000,0.000000
2018-05-10,588.000000,591.500000,581.424988,584.000000,459.322083,3182862,0.000000,0.000000
2018-05-11,586.150024,591.599976,583.025024,590.375000,464.336182,3311706,0.000000,0.000000
2018-05-14,592.174988,595.750000,585.000000,594.650024,467.698486,4432094,0.000000,0.000000
2018-05-15,594.049988,604.000000,594.049988,597.275024,469.762939,5611974,0.000000,0.000000
2018-05-16,593.625000,599.000000,592.250000,594.974976,467.954041,6205004,0.000000,0.000000
2018-05-17,598.000000,598.724976,586.775024,591.450012,465.181580,9519598,0.000000,0.000000
2018-05-18,591.500000,593.275024,586.500000,591.599976,465.299500,7139660,0.000000,0.000000
2018-05-21,589.775024,594.200012,585.000000,589.750000,463.844543,8475320,0.000000,0.000000
2018-05-22,587.500000,599.000000,586.950012,596.924988,469.487793,5636804,0.000000,0.000000
2018-05-23,597.500000,603.825012,590.750000,592.450012,465.968170,9538442,0.000000,0.000000
2018-05-24,599.000000,613.775024,599.000000,610.500000,480.164673,9740570,0.000000,0.000000
2018-05-25,615.049988,624.325012,610.400024,614.150024,483.035461,8901438,0.000000,0.000000
2018-05-28,615.500000,616.299988,603.000000,607.200012,477.569214,5739794,0.000000,0.000000
2018-05-29,607.025024,613.275024,603.099976,608.349976,478.473694,3388934,0.000000,0.000000
2018-05-30,608.500000,614.375000,602.799988,605.849976,476.507172,6323066,0.000000,0.000000
2018-05-31,605.849976,621.000000,605.125000,615.900024,484.411743,19720340,0.000000,0.000000
2018-06-01,615.200012,623.125000,608.599976,610.400024,480.086029,4998356,0.000000,0.000000
2018-06-04,610.549988,621.500000,606.000000,619.700012,487.400574,4270156,0.000000,0.000000
2018-06-05,621.000000,621.000000,608.500000,610.424988,480.105621,4710862,0.000000,0.000000
2018-06-06,612.599976,620.775024,610.025024,618.724976,486.633606,4038184,0.000000,0.000000
2018-06-07,619.000000,629.000000,619.000000,626.224976,492.532440,6676226,0.000000,0.000000
2018-06-08,624.000000,631.000000,623.025024,630.025024,495.521271,6459878,0.000000,0.000000
2018-06-11,632.775024,635.000000,627.525024,631.200012,496.445465,5171290,0.000000,0.000000
2018-06-12,632.875000,635.625000,625.224976,629.250000,494.911713,7839820,0.000000,0.000000
2018-06-13,633.400024,642.000000,633.400024,637.400024,501.321747,5766928,0.000000,0.000000
2018-06-14,626.500000,626.500000,617.049988,619.849976,499.468445,7598848,15.250000,0.000000
2018-06-15,618.500000,645.750000,617.500000,640.625000,516.208618,19957760,0.000000,0.000000
2018-06-18,642.000000,645.625000,631.174988,633.700012,510.628601,8214846,0.000000,0.000000
2018-06-19,631.500000,631.700012,619.025024,620.799988,500.233856,7545700,0.000000,0.000000
2018-06-20,624.250000,626.174988,619.000000,621.575012,500.858398,5371802,0.000000,0.000000
2018-06-21,622.974976,628.250000,618.000000,623.275024,502.228271,5798790,0.000000,0.000000
2018-06-22,621.500000,627.750000,620.599976,623.924988,502.751953,4343118,0.000000,0.000000
2018-06-25,628.575012,639.400024,627.000000,636.224976,512.662964,7731178,0.000000,0.000000
2018-06-26,634.500000,641.950012,633.125000,638.924988,514.838928,4483504,0.000000,0.000000
2018-06-27,641.974976,646.724976,632.799988,635.000000,511.676025,6952142,0.000000,0.000000
2018-06-28,638.150024,649.000000,638.125000,644.799988,519.572876,10996818,0.000000,0.000000
2018-06-29,649.025024,657.500000,641.625000,653.599976,526.663696,9966600,0.000000,0.000000
2018-07-02,657.000000,670.000000,657.000000,667.349976,537.743408,4830144,0.000000,0.000000
2018-07-03,665.950012,678.950012,665.875000,676.875000,545.418579,8127452,0.000000,0.000000
2018-07-04,676.025024,676.325012,669.424988,672.599976,541.973694,5025722,0.000000,0.000000
2018-07-05,673.549988,673.625000,634.049988,642.000000,517.316650,17019902,0.000000,0.000000
2018-07-06,645.125000,650.924988,634.500000,642.125000,517.417480,11215356,0.000000,0.000000
2018-07-09,648.500000,651.500000,639.525024,649.424988,523.299622,6644998,0.000000,0.000000
2018-07-10,654.250000,657.724976,647.150024,650.700012,524.326904,5974488,0.000000,0.000000
2018-07-11,658.775024,671.049988,645.674988,660.224976,532.002075,11899832,0.000000,0.000000
2018-07-12,663.049988,663.549988,642.224976,647.174988,521.486572,13272240,0.000000,0.000000
2018-07-13,657.500000,665.799988,649.174988,658.700012,530.773315,19496158,0.000000,0.000000
2018-07-16,658.700012,692.200012,643.849976,666.424988,536.997986,35344680,0.000000,0.000000
2018-07-17,664.849976,674.750000,656.349976,663.950012,535.003723,11161690,0.000000,0.000000
2018-07-18,669.900024,671.700012,657.000000,661.275024,532.848328,6919016,0.000000,0.000000
2018-07-19,661.500000,665.950012,654.549988,658.349976,530.491272,5118864,0.000000,0.000000
2018-07-20,663.000000,683.575012,660.650024,674.049988,543.142151,11705738,0.000000,0.000000
2018-07-23,676.075012,684.000000,668.125000,677.974976,546.304810,7675702,0.000000,0.000000
2018-07-24,687.200012,691.200012,678.000000,688.575012,554.846313,6172246,0.000000,0.000000
2018-07-25,689.500000,696.900024,682.724976,691.875000,557.505371,6936922,0.000000,0.000000
2018-07-26,689.275024,695.200012,684.599976,686.625000,553.274963,7362218,0.000000,0.000000
2018-07-27,686.599976,694.500000,684.150024,686.724976,553.355591,6493232,0.000000,0.000000
2018-07-30,685.000000,686.500000,674.000000,675.500000,544.310486,6409970,0.000000,0.000000
2018-07-31,674.275024,685.000000,667.775024,682.549988,549.991272,7943996,0.000000,0.000000
2018-08-01,681.900024,684.224976,675.500000,677.025024,545.539368,4675706,0.000000,0.000000
2018-08-02,679.799988,683.375000,675.075012,676.825012,545.378113,5940742,0.000000,0.000000
2018-08-03,683.099976,683.099976,678.000000,682.049988,549.588440,3970390,0.000000,0.000000
2018-08-06,683.025024,687.500000,673.750000,680.325012,548.198486,6178930,0.000000,0.000000
2018-08-07,687.000000,689.974976,680.325012,683.974976,551.139709,7351528,0.000000,0.000000
2018-08-08,685.900024,686.250000,676.650024,681.375000,549.044495,3992358,0.000000,0.000000
2018-08-09,686.825012,694.724976,686.825012,689.974976,555.974243,6409524,0.000000,0.000000
2018-08-10,692.900024,694.500000,686.525024,692.724976,558.190308,4779520,0.000000,0.000000
2018-08-13,695.000000,704.924988,689.349976,704.375000,567.577698,9979746,0.000000,0.000000
2018-08-14,706.974976,712.275024,702.000000,704.150024,567.396606,6151320,0.000000,0.000000
2018-08-16,707.474976,717.450012,705.625000,714.775024,575.958008,6626774,0.000000,0.000000
2018-08-17,715.450012,718.825012,711.500000,715.174988,576.280334,6390408,0.000000,0.000000
2018-08-20,694.000000,703.974976,686.750000,692.125000,557.706848,16101876,0.000000,0.000000
2018-08-21,695.000000,698.000000,686.875000,691.974976,557.585815,8361482,0.000000,0.000000
2018-08-23,696.500000,700.750000,692.674988,698.700012,563.004944,7717182,0.000000,0.000000
2018-08-24,698.250000,700.950012,688.049988,689.150024,555.309631,7053000,0.000000,0.000000
2018-08-27,691.500000,709.974976,690.700012,707.700012,570.257080,7012950,0.000000,0.000000
2018-08-28,708.599976,719.200012,705.750000,712.349976,574.003906,6496890,0.000000,0.000000
2018-08-29,716.799988,716.799988,702.575012,705.049988,568.121643,5646496,0.000000,0.000000
2018-08-30,706.400024,710.775024,698.075012,708.099976,570.579285,11507962,0.000000,0.000000
2018-08-31,712.549988,727.150024,710.549988,720.549988,580.611389,10875864,0.000000,0.000000
2018-09-03,724.500000,733.950012,715.000000,717.125000,577.851501,10976328,0.000000,0.000000
2018-09-04,722.000000,748.500000,716.000000,737.150024,593.987549,15370124,0.000000,2.000000
2018-09-05,741.950012,744.049988,725.400024,729.900024,588.145508,8658978,0.000000,0.000000
2018-09-06,732.549988,735.500000,724.099976,727.150024,585.929626,5598659,0.000000,0.000000
2018-09-07,734.349976,735.150024,723.799988,732.799988,590.482422,6510605,0.000000,0.000000
2018-09-10,737.750000,747.000000,729.400024,730.849976,588.911072,5629871,0.000000,0.000000
2018-09-11,735.900024,744.750000,732.000000,734.299988,591.690979,6963561,0.000000,0.000000
2018-09-12,744.400024,746.500000,736.250000,742.900024,598.620728,4636617,0.000000,0.000000
2018-09-14,741.900024,745.000000,729.049988,733.700012,591.207520,7896514,0.000000,0.000000
2018-09-17,735.000000,740.000000,724.599976,725.950012,584.962708,5427054,0.000000,0.000000
2018-09-18,730.000000,730.000000,717.000000,719.099976,579.442993,7729732,0.000000,0.000000
2018-09-19,727.000000,727.000000,713.200012,719.750000,579.966736,4849498,0.000000,0.000000
2018-09-21,713.849976,717.400024,692.000000,705.299988,568.323181,14350769,0.000000,0.000000
2018-09-24,706.500000,729.950012,706.500000,718.250000,578.758118,8637881,0.000000,0.000000
2018-09-25,718.250000,736.000000,717.000000,726.200012,585.164124,9602273,0.000000,0.000000
2018-09-26,731.200012,731.849976,712.000000,717.849976,578.435730,6599606,0.000000,0.000000
2018-09-27,722.000000,730.799988,717.450012,724.799988,584.036072,14592616,0.000000,0.000000
2018-09-28,721.000000,734.549988,715.200012,730.049988,588.266296,7490031,0.000000,0.000000
2018-10-01,737.500000,754.900024,733.000000,746.650024,601.642517,8252398,0.000000,0.000000
2018-10-03,743.799988,751.950012,726.299988,728.500000,587.017517,7792464,0.000000,0.000000
2018-10-04,728.500000,729.750000,702.500000,707.200012,569.854126,6173037,0.000000,0.000000
2018-10-05,713.000000,731.500000,709.299988,724.599976,583.874756,8543578,0.000000,0.000000
2018-10-08,725.049988,728.700012,709.250000,714.450012,575.696106,7259306,0.000000,0.000000
2018-10-09,717.099976,722.400024,702.650024,717.750000,578.355164,6777212,0.000000,0.000000
2018-10-10,719.900024,719.900024,695.400024,700.450012,564.415100,8866251,0.000000,0.000000
2018-10-11,685.000000,692.900024,663.299988,673.349976,542.578186,10985897,0.000000,0.000000
2018-10-12,676.400024,684.049988,661.500000,678.799988,546.969666,8909221,0.000000,0.000000
2018-10-15,688.599976,705.000000,681.500000,698.799988,563.085571,6222176,0.000000,0.000000
2018-10-16,710.000000,713.900024,689.400024,695.250000,560.224731,11588963,0.000000,0.000000
2018-10-17,710.000000,721.799988,701.349976,705.349976,568.363464,20360697,0.000000,0.000000
2018-10-19,687.000000,687.700012,678.000000,683.549988,550.797180,10421001,0.000000,0.000000
2018-10-22,688.700012,695.049988,673.799988,679.950012,547.896423,6672840,0.000000,0.000000
2018-10-23,675.950012,682.000000,653.299988,657.599976,529.887024,9041701,0.000000,0.000000
2018-10-24,663.000000,666.500000,647.150024,649.799988,523.601746,7058164,0.000000,0.000000
2018-10-25,643.000000,656.349976,636.250000,648.750000,528.448425,8270469,7.000000,0.000000
2018-10-26,645.299988,648.700012,629.900024,633.599976,516.107788,5464141,0.000000,0.000000
2018-10-29,633.700012,650.549988,631.500000,644.750000,525.190125,7137446,0.000000,0.000000
2018-10-30,641.099976,663.799988,637.450012,659.599976,537.286377,8793411,0.000000,0.000000
2018-10-31,663.900024,692.950012,663.049988,686.400024,559.116638,11947995,0.000000,0.000000
2018-11-01,689.700012,689.700012,659.599976,666.700012,543.069824,5860244,0.000000,0.000000
2018-11-02,665.950012,675.799988,660.099976,662.250000,539.445068,6654067,0.000000,0.000000
2018-11-05,663.500000,668.599976,657.000000,666.000000,542.499573,5799426,0.000000,0.000000
2018-11-06,667.900024,675.000000,660.650024,666.450012,542.866211,6975525,0.000000,0.000000
2018-11-07,673.000000,677.500000,672.000000,675.500000,550.237915,758956,0.000000,0.000000
2018-11-09,679.000000,679.000000,655.500000,659.500000,537.204956,9694143,0.000000,0.000000
2018-11-12,666.000000,676.400024,662.299988,664.200012,541.033447,7118080,0.000000,0.000000
2018-11-13,663.500000,667.750000,656.299988,665.700012,542.255249,4137808,0.000000,0.000000
2018-11-14,665.700012,665.700012,640.500000,653.200012,532.073425,7323026,0.000000,0.000000
2018-11-15,654.000000,666.000000,646.700012,656.400024,534.679810,5513390,0.000000,0.000000
2018-11-16,659.900024,662.500000,644.200012,650.849976,530.158936,8583785,0.000000,0.000000
2018-11-19,659.000000,662.000000,649.250000,651.700012,530.851440,6018930,0.000000,0.000000
2018-11-20,651.700012,656.000000,640.099976,641.400024,522.461426,5384830,0.000000,0.000000
2018-11-21,640.000000,640.049988,612.099976,619.099976,504.296570,14359086,0.000000,0.000000
2018-11-22,622.250000,628.150024,616.750000,620.750000,505.640594,6632975,0.000000,0.000000
2018-11-26,621.000000,628.000000,599.849976,621.450012,506.210815,15075209,0.000000,0.000000
2018-11-27,625.500000,641.000000,625.299988,638.900024,520.424988,12285851,0.000000,0.000000
2018-11-28,640.950012,668.700012,640.000000,666.400024,542.825562,17719890,0.000000,0.000000
2018-11-29,671.000000,674.900024,658.799988,661.049988,538.467651,13399070,0.000000,0.000000
2018-11-30,661.000000,672.000000,660.950012,667.450012,543.680725,10445773,0.000000,0.000000
2018-12-03,673.150024,679.000000,665.950012,670.349976,546.043091,8260890,0.000000,0.000000
2018-12-04,672.549988,688.250000,671.299988,685.250000,558.179993,7827923,0.000000,0.000000
2018-12-05,683.000000,683.650024,672.500000,681.400024,555.043945,5177288,0.000000,0.000000
2018-12-06,676.099976,685.450012,664.549988,668.500000,544.536072,8039771,0.000000,0.000000
2018-12-07,672.000000,685.750000,665.599976,682.799988,556.184326,5553948,0.000000,0.000000
2018-12-10,669.900024,683.799988,665.200012,669.200012,545.106323,5121196,0.000000,0.000000
2018-12-11,669.200012,681.900024,660.599976,674.500000,549.423340,7120933,0.000000,0.000000
2018-12-12,677.099976,680.650024,670.599976,678.500000,552.681763,6926183,0.000000,0.000000
2018-12-13,682.000000,700.000000,680.000000,697.750000,568.362122,7521474,0.000000,0.000000
2018-12-14,697.450012,713.700012,694.400024,706.049988,575.122925,9560576,0.000000,0.000000
2018-12-17,711.849976,711.849976,692.750000,694.400024,565.633179,4778465,0.000000,0.000000
2018-12-18,686.500000,686.500000,674.549988,676.599976,551.134094,8021298,0.000000,0.000000
2018-12-19,671.549988,671.549988,661.099976,664.849976,541.562866,8295459,0.000000,0.000000
2018-12-20,660.000000,671.549988,656.400024,667.049988,543.354919,11705260,0.000000,0.000000
2018-12-21,659.500000,659.500000,643.450012,646.200012,526.371338,12802132,0.000000,0.000000
2018-12-24,657.000000,658.799988,647.599976,649.000000,528.652100,8379825,0.000000,0.000000
2018-12-26,647.000000,647.000000,637.349976,644.049988,524.619934,6178552,0.000000,0.000000
2018-12-27,652.750000,663.250000,649.000000,656.799988,535.005737,15333902,0.000000,0.000000
2018-12-28,663.349976,663.500000,653.299988,656.950012,535.127808,4736598,0.000000,0.000000
2018-12-31,660.000000,662.000000,655.799988,658.950012,536.756958,3373319,0.000000,0.000000
2019-01-01,660.950012,666.299988,654.150024,665.049988,541.725830,2943390,0.000000,0.000000
2019-01-02,666.000000,674.000000,662.049988,669.049988,544.984070,7416655,0.000000,0.000000
2019-01-03,672.000000,677.000000,663.099976,669.150024,545.065552,6827249,0.000000,0.000000
2019-01-04,671.750000,673.900024,651.000000,661.049988,538.467651,7889310,0.000000,0.000000
2019-01-07,665.000000,673.599976,661.500000,671.700012,547.142700,8046340,0.000000,0.000000
2019-01-08,674.950012,677.450012,668.549988,670.049988,545.798767,8621545,0.000000,0.000000
2019-01-09,686.200012,689.799988,664.000000,676.099976,550.726807,18130292,0.000000,0.000000
2019-01-10,681.599976,682.000000,672.549988,679.700012,553.659180,9572493,0.000000,0.000000
2019-01-11,680.200012,685.500000,672.500000,683.500000,556.754517,12281903,0.000000,0.000000
2019-01-14,707.000000,710.200012,695.950012,701.900024,571.742554,19312937,0.000000,0.000000
2019-01-15,707.200012,730.000000,707.200012,726.599976,591.862122,19671304,0.000000,0.000000
2019-01-16,729.900024,737.799988,728.500000,736.799988,600.170776,9658944,0.000000,0.000000
2019-01-17,735.799988,739.000000,729.099976,733.349976,597.360535,6903771,0.000000,0.000000
2019-01-18,730.000000,736.200012,726.299988,730.950012,595.405640,5902151,0.000000,0.000000
2019-01-21,738.200012,751.000000,734.000000,745.000000,606.850159,8129422,0.000000,0.000000
2019-01-22,741.250000,749.000000,734.000000,745.349976,607.135254,6723375,0.000000,0.000000
2019-01-23,742.349976,742.599976,729.200012,731.650024,595.975830,7212099,0.000000,0.000000
2019-01-24,728.099976,736.099976,721.000000,732.000000,599.538696,7429783,4.000000,0.000000
2019-01-25,728.000000,737.900024,724.250000,730.349976,598.187317,5543112,0.000000,0.000000
2019-01-28,731.000000,732.599976,719.000000,727.950012,596.221558,7944693,0.000000,0.000000
2019-01-29,725.500000,732.849976,716.500000,727.900024,596.180725,6760819,0.000000,0.000000
2019-01-30,727.900024,734.799988,721.099976,725.900024,594.542603,5763026,0.000000,0.000000
2019-01-31,726.000000,751.299988,726.000000,749.549988,613.912842,13825233,0.000000,0.000000
2019-02-01,751.349976,762.500000,744.500000,757.049988,620.055664,6276585,0.000000,0.000000
2019-02-04,757.000000,762.500000,749.200012,755.900024,619.113892,3945391,0.000000,0.000000
2019-02-05,747.000000,759.950012,747.000000,754.849976,618.253784,4694366,0.000000,0.000000
2019-02-06,755.549988,766.950012,754.349976,763.299988,625.174622,5880482,0.000000,0.000000
2019-02-07,763.049988,769.450012,761.000000,764.000000,625.747986,3961797,0.000000,0.000000
2019-02-08,760.000000,772.250000,754.900024,760.900024,623.209045,5915169,0.000000,0.000000
2019-02-11,766.900024,768.750000,759.000000,762.799988,624.765137,5500216,0.000000,0.000000
2019-02-12,760.349976,760.349976,741.000000,750.450012,614.649963,7310690,0.000000,0.000000
2019-02-14,751.000000,753.000000,737.250000,740.049988,606.131897,4610535,0.000000,0.000000
2019-02-15,742.299988,746.500000,732.599976,741.950012,607.688049,5586389,0.000000,0.000000
2019-02-18,742.349976,747.650024,736.000000,741.049988,606.950928,5346825,0.000000,0.000000
2019-02-19,739.099976,740.549988,721.299988,724.299988,593.232056,9401334,0.000000,0.000000
2019-02-20,727.000000,743.000000,726.049988,740.700012,606.664307,5210675,0.000000,0.000000
2019-02-21,738.000000,738.000000,727.099976,733.450012,600.726257,7202786,0.000000,0.000000
2019-02-22,732.500000,738.200012,728.000000,734.950012,601.954834,3750833,0.000000,0.000000
2019-02-25,735.549988,758.000000,735.549988,754.900024,618.294739,6547552,0.000000,0.000000
2019-02-26,748.599976,752.599976,740.150024,742.500000,608.138489,8319610,0.000000,0.000000
2019-02-27,745.000000,746.400024,732.750000,735.250000,602.200500,5936354,0.000000,0.000000
2019-02-28,738.700012,742.400024,732.299988,734.299988,601.422363,8559921,0.000000,0.000000
2019-03-01,735.500000,743.400024,735.500000,741.900024,607.647156,3998826,0.000000,0.000000
2019-03-05,740.500000,742.500000,730.250000,732.500000,599.948181,4826505,0.000000,0.000000
2019-03-06,736.099976,736.099976,727.000000,732.500000,599.948181,6076668,0.000000,0.000000
2019-03-07,734.000000,734.500000,720.549988,722.950012,592.126343,5951551,0.000000,0.000000
2019-03-08,722.950012,722.950012,710.650024,712.349976,583.444275,7193994,0.000000,0.000000
2019-03-11,713.299988,718.500000,709.400024,711.250000,582.543701,9932198,0.000000,0.000000
2019-03-12,709.000000,714.950012,705.599976,706.950012,579.021729,11997387,0.000000,0.000000
2019-03-13,710.000000,718.599976,706.299988,708.450012,580.250244,11348867,0.000000,0.000000
2019-03-14,714.000000,714.900024,706.200012,708.349976,580.168274,6415187,0.000000,0.000000
2019-03-15,712.000000,723.750000,709.599976,718.549988,588.522583,14638664,0.000000,0.000000
2019-03-18,721.549988,723.700012,705.349976,710.200012,581.683655,8065544,0.000000,0.000000
2019-03-19,712.799988,726.500000,707.400024,722.250000,591.553101,8917337,0.000000,0.000000
2019-03-20,727.250000,742.299988,727.150024,738.950012,605.230957,13471173,0.000000,0.000000
2019-03-22,745.000000,746.349976,732.299988,743.099976,608.630005,8883260,0.000000,0.000000
2019-03-25,742.400024,742.400024,730.549988,735.250000,602.200500,7644966,0.000000,0.000000
2019-03-26,735.250000,735.250000,719.099976,727.750000,596.057800,9406261,0.000000,0.000000
2019-03-27,730.000000,732.299988,727.150024,729.700012,597.654968,7387487,0.000000,0.000000
2019-03-28,730.000000,745.000000,730.000000,737.799988,604.289124,9277241,0.000000,0.000000
2019-04-01,742.000000,760.000000,742.000000,755.099976,618.458557,6584982,0.000000,0.000000
2019-04-02,759.000000,765.799988,754.599976,759.400024,621.980408,7283600,0.000000,0.000000
2019-04-03,756.000000,758.500000,746.799988,753.299988,616.984131,6897127,0.000000,0.000000
2019-04-04,751.400024,753.799988,745.099976,747.900024,612.561462,7688525,0.000000,0.000000
2019-04-05,750.900024,760.950012,748.000000,759.299988,621.898560,6276040,0.000000,0.000000
2019-04-08,763.049988,770.000000,755.400024,767.250000,628.409912,4919911,0.000000,0.000000
2019-04-09,770.000000,773.000000,758.200012,760.599976,622.963135,6730692,0.000000,0.000000
2019-04-10,764.000000,766.700012,751.299988,752.700012,616.492798,7031088,0.000000,0.000000
2019-04-11,751.750000,751.750000,740.049988,742.700012,608.302307,8200995,0.000000,0.000000
2019-04-12,743.099976,751.549988,740.599976,747.750000,612.438538,7043212,0.000000,0.000000
2019-04-15,724.700012,731.349976,712.599976,727.500000,595.853027,31574803,0.000000,0.000000
2019-04-16,727.900024,727.900024,714.099976,724.099976,593.068237,12524411,0.000000,0.000000
2019-04-18,722.500000,722.500000,712.750000,717.049988,587.294067,13801105,0.000000,0.000000
2019-04-22,717.049988,725.750000,715.000000,721.049988,590.570190,6455426,0.000000,0.000000
2019-04-23,723.900024,730.000000,718.400024,728.200012,596.426208,5516668,0.000000,0.000000
2019-04-24,728.200012,737.900024,724.000000,736.450012,603.183228,8285120,0.000000,0.000000
2019-04-25,736.450012,737.650024,727.049988,728.549988,596.713013,8005235,0.000000,0.000000
2019-04-26,731.000000,739.799988,729.000000,738.000000,604.452881,6895168,0.000000,0.000000
2019-04-30,738.000000,753.799988,738.000000,751.349976,615.387024,9920046,0.000000,0.000000
2019-05-02,747.000000,748.400024,729.500000,730.799988,598.555908,6351352,0.000000,0.000000
2019-05-03,722.900024,731.000000,718.200012,723.599976,592.658569,6348116,0.000000,0.000000
2019-05-06,715.000000,721.799988,710.650024,718.400024,588.399536,8858265,0.000000,0.000000
2019-05-07,720.400024,727.900024,718.700012,724.549988,593.436829,5747536,0.000000,0.000000
2019-05-08,721.000000,726.000000,716.500000,719.349976,589.177795,6247642,0.000000,0.000000
2019-05-09,719.150024,730.299988,715.799988,721.049988,590.570190,7396525,0.000000,0.000000
2019-05-10,720.799988,726.000000,715.000000,716.849976,587.130188,8352335,0.000000,0.000000
2019-05-13,716.549988,726.450012,712.099976,719.700012,589.464478,6808993,0.000000,0.000000
2019-05-14,716.500000,717.750000,703.599976,713.849976,584.673096,10513001,0.000000,0.000000
2019-05-15,714.900024,725.200012,712.599976,716.099976,586.515808,6668929,0.000000,0.000000
2019-05-16,720.000000,737.000000,719.099976,733.099976,600.439636,6468556,0.000000,0.000000
2019-05-17,733.150024,735.799988,720.099976,723.900024,592.904419,8155948,0.000000,0.000000
2019-05-20,719.700012,726.400024,706.000000,722.400024,591.675781,11213708,0.000000,0.000000
2019-05-21,722.650024,722.650024,707.700012,709.299988,580.946350,8645535,0.000000,0.000000
2019-05-22,710.000000,718.250000,707.000000,709.750000,581.314941,5795713,0.000000,0.000000
2019-05-23,715.000000,716.700012,697.450012,701.049988,574.189270,7233736,0.000000,0.000000
2019-05-24,703.799988,711.750000,700.450012,709.200012,580.864624,7016424,0.000000,0.000000
2019-05-27,707.400024,713.799988,705.500000,708.099976,579.963501,10247544,0.000000,0.000000
2019-05-28,712.000000,733.450012,709.799988,728.099976,596.344543,23860490,0.000000,0.000000
2019-05-29,725.500000,733.650024,723.650024,727.799988,596.098572,10293077,0.000000,0.000000
2019-05-30,727.000000,737.250000,722.549988,733.549988,600.808105,15089296,0.000000,0.000000
2019-05-31,736.500000,742.950012,733.200012,737.750000,604.248169,8290306,0.000000,0.000000
2019-06-03,729.799988,750.900024,729.000000,744.650024,609.899536,7744761,0.000000,0.000000
2019-06-04,737.250000,739.450012,733.150024,735.299988,602.241516,11733702,0.000000,0.000000
2019-06-06,736.500000,744.650024,733.650024,735.599976,602.487183,7563925,0.000000,0.000000
2019-06-07,735.849976,743.950012,735.849976,739.099976,605.353760,3218358,0.000000,0.000000
2019-06-10,740.099976,754.099976,740.099976,753.500000,617.148010,4435148,0.000000,0.000000
2019-06-11,755.000000,759.000000,750.500000,754.900024,618.294739,5733127,0.000000,0.000000
2019-06-12,756.950012,756.950012,745.000000,753.799988,617.393738,8738342,0.000000,0.000000
2019-06-13,740.000000,747.200012,740.000000,742.650024,616.853882,4808577,10.500000,0.000000
2019-06-14,743.849976,745.500000,738.250000,740.450012,615.026550,5556353,0.000000,0.000000
2019-06-17,743.000000,744.500000,737.799988,740.549988,615.109619,3085588,0.000000,0.000000
2019-06-18,740.200012,752.450012,740.200012,750.150024,623.083374,6202838,0.000000,0.000000
2019-06-19,752.500000,755.400024,748.599976,751.900024,624.537048,4596253,0.000000,0.000000
2019-06-20,737.799988,756.900024,735.900024,754.900024,627.028931,7148684,0.000000,0.000000
2019-06-21,755.000000,755.000000,747.150024,750.200012,623.125000,13200318,0.000000,0.000000
2019-06-24,751.900024,751.900024,742.650024,745.500000,619.221130,4758178,0.000000,0.000000
2019-06-25,744.000000,750.900024,737.299988,748.099976,621.380676,3677911,0.000000,0.000000
2019-06-26,743.000000,751.450012,738.000000,739.200012,613.988403,5447130,0.000000,0.000000
2019-06-27,742.000000,744.700012,728.150024,730.549988,606.803467,11122346,0.000000,0.000000
2019-06-28,735.500000,739.500000,728.500000,732.000000,608.007935,5919494,0.000000,0.000000
2019-07-01,735.000000,737.500000,729.849976,731.299988,607.426453,3224968,0.000000,0.000000
2019-07-02,734.000000,741.650024,730.099976,740.000000,614.652771,4837606,0.000000,0.000000
2019-07-03,741.000000,743.200012,730.000000,731.299988,607.426453,5958379,0.000000,0.000000
2019-07-04,729.000000,736.400024,728.599976,733.799988,609.502930,3274064,0.000000,0.000000
2019-07-05,735.000000,736.400024,713.500000,718.000000,596.379272,4926289,0.000000,0.000000
2019-07-08,716.450012,724.950012,712.299988,717.599976,596.047058,7177092,0.000000,0.000000
2019-07-09,718.000000,719.849976,709.049988,715.500000,594.302734,5022638,0.000000,0.000000
2019-07-10,709.000000,722.700012,706.500000,717.250000,595.756409,7573816,0.000000,0.000000
2019-07-11,719.450012,723.500000,709.599976,721.500000,599.286316,6252688,0.000000,0.000000
2019-07-12,722.500000,730.599976,719.599976,726.750000,603.647156,7874441,0.000000,0.000000
2019-07-15,763.000000,781.650024,754.200012,779.349976,647.337280,31064152,0.000000,0.000000
2019-07-16,777.000000,787.799988,776.000000,784.849976,651.905640,9924322,0.000000,0.000000
2019-07-17,783.900024,795.000000,776.750000,794.150024,659.630371,6754348,0.000000,0.000000
2019-07-18,789.049988,798.500000,786.200012,792.700012,658.426025,6534471,0.000000,0.000000
2019-07-19,788.700012,794.500000,781.250000,785.400024,652.362671,6812754,0.000000,0.000000
2019-07-22,785.950012,792.000000,782.049988,784.400024,651.531921,7107151,0.000000,0.000000
2019-07-23,787.000000,804.000000,785.549988,790.049988,656.224854,10782564,0.000000,0.000000
2019-07-24,788.000000,793.750000,783.599976,786.299988,653.109985,5745146,0.000000,0.000000
2019-07-25,788.250000,800.200012,787.650024,794.500000,659.921021,9773568,0.000000,0.000000
2019-07-26,792.299988,795.000000,782.200012,787.000000,653.691589,4941763,0.000000,0.000000
2019-07-29,789.500000,796.950012,786.200012,791.450012,657.387573,6244316,0.000000,0.000000
2019-07-30,791.900024,797.799988,788.549988,792.700012,658.426025,8673253,0.000000,0.000000
2019-07-31,790.849976,799.799988,781.599976,793.650024,659.215027,7350584,0.000000,0.000000
2019-08-01,786.450012,788.400024,764.400024,768.849976,638.615967,10066407,0.000000,0.000000
2019-08-02,765.049988,779.900024,762.250000,775.599976,644.222534,10838336,0.000000,0.000000
2019-08-05,772.599976,785.900024,768.650024,776.700012,645.136169,9976238,0.000000,0.000000
2019-08-06,778.799988,783.700012,769.799988,774.450012,643.267395,9331718,0.000000,0.000000
2019-08-07,778.900024,783.450012,772.349976,776.099976,644.637756,5130457,0.000000,0.000000
2019-08-08,782.700012,792.750000,781.250000,788.750000,655.145081,8009009,0.000000,0.000000
2019-08-09,792.000000,796.750000,784.799988,789.849976,656.058655,4362520,0.000000,0.000000
2019-08-13,784.150024,786.000000,760.150024,764.750000,635.210388,7517099,0.000000,0.000000
2019-08-14,775.099976,778.250000,768.000000,774.799988,643.558105,5940968,0.000000,0.000000
2019-08-16,780.000000,780.049988,762.500000,774.549988,643.350403,5128088,0.000000,0.000000
2019-08-19,775.599976,783.000000,773.349976,777.650024,645.925293,3881451,0.000000,0.000000
2019-08-20,785.200012,798.000000,783.849976,792.750000,658.467651,8435344,0.000000,0.000000
2019-08-21,793.000000,803.750000,793.000000,799.450012,664.032593,5926896,0.000000,0.000000
2019-08-22,799.900024,801.299988,792.349976,795.700012,660.917847,5222488,0.000000,0.000000
2019-08-23,796.450012,809.950012,795.799988,802.200012,666.316711,6895015,0.000000,0.000000
2019-08-26,795.900024,806.799988,786.900024,802.549988,666.607483,5412074,0.000000,0.000000
2019-08-27,791.000000,794.950012,781.099976,784.650024,651.739502,16061642,0.000000,0.000000
2019-08-28,787.400024,805.000000,786.299988,802.500000,666.566040,5881134,0.000000,0.000000
2019-08-29,795.500000,809.700012,795.500000,806.950012,670.262085,7830413,0.000000,0.000000
2019-08-30,810.000000,817.349976,802.000000,814.900024,676.865662,8174186,0.000000,0.000000
2019-09-03,815.000000,822.400024,812.049988,814.250000,676.325684,5647088,0.000000,0.000000
2019-09-04,810.750000,822.450012,810.250000,821.299988,682.181519,6199015,0.000000,0.000000
2019-09-05,830.099976,837.500000,826.650024,834.049988,692.771790,7926895,0.000000,0.000000
2019-09-06,843.299988,847.000000,835.049988,840.150024,697.838501,6106841,0.000000,0.000000
2019-09-09,836.799988,840.299988,827.549988,829.099976,688.660156,4377870,0.000000,0.000000
2019-09-11,822.299988,828.549988,814.150024,820.099976,681.184692,7981036,0.000000,0.000000
2019-09-12,816.400024,819.849976,810.849976,816.400024,678.111572,4400017,0.000000,0.000000
2019-09-13,818.099976,831.049988,817.500000,829.299988,688.826416,4832021,0.000000,0.000000
2019-09-16,832.049988,837.950012,820.549988,827.700012,687.497375,4846496,0.000000,0.000000
2019-09-17,831.500000,835.000000,820.549988,831.250000,690.446045,5540901,0.000000,0.000000
2019-09-18,829.900024,832.950012,824.000000,829.849976,689.283203,3199389,0.000000,0.000000
2019-09-19,824.849976,827.000000,815.200012,820.700012,681.683167,6601607,0.000000,0.000000
2019-09-20,822.900024,835.000000,802.000000,805.000000,668.642578,22462366,0.000000,0.000000
2019-09-23,806.900024,806.900024,741.900024,764.349976,634.877991,17279260,0.000000,0.000000
2019-09-24,765.000000,798.650024,765.000000,794.049988,659.547302,13717998,0.000000,0.000000
2019-09-25,787.700012,801.000000,781.650024,792.650024,658.384338,9313576,0.000000,0.000000
2019-09-26,787.750000,797.000000,778.099976,782.549988,649.995239,18442824,0.000000,0.000000
2019-09-27,787.049988,794.250000,780.099976,782.200012,649.704590,5087642,0.000000,0.000000
2019-09-30,785.099976,808.000000,784.150024,805.650024,669.182495,8178091,0.000000,0.000000
2019-10-01,807.000000,807.549988,791.549988,793.549988,659.132019,5881438,0.000000,0.000000
2019-10-03,792.549988,797.849976,784.150024,785.599976,652.528625,5497672,0.000000,0.000000
2019-10-04,790.000000,797.599976,787.049988,793.450012,659.048950,8201713,0.000000,0.000000
2019-10-07,794.849976,802.000000,786.099976,789.549988,655.809570,3679845,0.000000,0.000000
2019-10-09,795.450012,795.900024,778.799988,783.650024,650.908997,6335025,0.000000,0.000000
2019-10-10,785.400024,794.700012,776.599976,783.049988,650.410461,10402917,0.000000,0.000000
2019-10-11,781.500000,823.799988,776.599976,814.799988,676.782593,20636344,0.000000,0.000000
2019-10-14,786.750000,797.000000,780.000000,786.099976,652.943909,15150858,0.000000,0.000000
2019-10-15,773.099976,775.950012,765.000000,768.299988,638.159119,13762133,0.000000,0.000000
2019-10-16,765.250000,775.950012,761.549988,771.450012,640.775452,10767032,0.000000,0.000000
2019-10-17,767.000000,770.549988,765.099976,769.500000,639.155884,9860495,0.000000,0.000000
2019-10-18,763.799988,773.799988,760.000000,767.849976,637.785339,10037200,0.000000,0.000000
2019-10-22,691.099976,691.099976,638.349976,643.549988,534.540283,90152532,0.000000,0.000000
2019-10-23,630.000000,656.650024,615.099976,650.599976,547.198303,60516887,8.000000,0.000000
2019-10-24,650.000000,653.200012,632.000000,635.349976,534.371948,25666433,0.000000,0.000000
2019-10-25,647.000000,652.500000,636.000000,637.450012,536.138184,16549337,0.000000,0.000000
2019-10-27,651.099976,652.500000,645.549988,648.849976,545.726440,2945281,0.000000,0.000000
2019-10-29,651.000000,653.750000,647.000000,650.650024,547.240356,16709764,0.000000,0.000000
2019-10-30,660.400024,671.400024,656.200012,660.599976,555.608948,22879467,0.000000,0.000000
2019-10-31,668.400024,695.450012,666.099976,685.599976,576.635681,27405901,0.000000,0.000000
2019-11-01,690.000000,694.000000,682.599976,687.900024,578.570068,9713519,0.000000,0.000000
2019-11-04,681.799988,732.500000,678.150024,709.000000,596.316589,29381982,0.000000,0.000000
2019-11-05,708.750000,708.750000,691.500000,696.099976,585.466797,12897805,0.000000,0.000000
2019-11-06,695.799988,721.500000,692.000000,712.299988,599.092163,21372589,0.000000,0.000000
2019-11-07,717.000000,724.349976,712.099976,720.099976,605.652466,13733737,0.000000,0.000000
2019-11-08,722.000000,724.250000,705.500000,708.150024,595.601746,8585630,0.000000,0.000000
2019-11-11,698.900024,707.200012,698.000000,704.400024,592.447693,6951494,0.000000,0.000000
2019-11-13,696.500000,700.000000,687.750000,691.349976,581.471741,9973690,0.000000,0.000000
2019-11-14,696.349976,709.799988,696.349976,705.299988,593.204712,10539902,0.000000,0.000000
2019-11-15,709.049988,712.950012,702.299988,703.900024,592.027222,7362623,0.000000,0.000000
2019-11-18,705.000000,710.000000,699.299988,705.200012,593.120605,7490916,0.000000,0.000000
2019-11-19,709.900024,714.000000,705.000000,712.849976,599.554749,6495885,0.000000,0.000000
2019-11-20,712.799988,715.000000,705.000000,713.000000,599.680847,6142171,0.000000,0.000000
2019-11-21,715.500000,721.450012,710.500000,713.250000,599.891174,9692973,0.000000,0.000000
2019-11-22,711.750000,712.000000,685.099976,693.200012,583.027710,14415826,0.000000,0.000000
2019-11-25,693.349976,705.150024,693.200012,698.099976,587.148987,7334511,0.000000,0.000000
2019-11-26,705.000000,707.250000,686.000000,690.599976,580.841003,27253106,0.000000,0.000000
2019-11-27,694.250000,697.650024,690.099976,695.750000,585.172607,3861635,0.000000,0.000000
2019-11-28,699.099976,703.349976,694.049988,701.849976,590.303101,4837683,0.000000,0.000000
2019-11-29,700.900024,702.299988,691.549988,696.349976,585.677124,4262379,0.000000,0.000000
2019-12-02,703.099976,704.000000,690.299988,692.700012,582.607239,9383736,0.000000,0.000000
2019-12-03,692.700012,699.700012,688.549988,698.349976,587.359314,5239013,0.000000,0.000000
2019-12-04,697.000000,710.500000,693.349976,708.849976,596.190491,7427886,0.000000,0.000000
2019-12-05,706.450012,715.900024,703.799988,714.849976,601.236816,4814422,0.000000,0.000000
2019-12-06,715.950012,720.000000,709.599976,715.099976,601.447144,5226096,0.000000,0.000000
2019-12-09,716.000000,722.349976,714.250000,717.250000,603.255432,6435865,0.000000,0.000000
2019-12-10,713.000000,718.500000,710.000000,714.549988,600.984436,4457939,0.000000,0.000000
2019-12-11,716.599976,722.700012,713.000000,721.049988,606.451477,6043554,0.000000,0.000000
2019-12-12,718.500000,720.700012,699.549988,702.099976,590.513245,11112042,0.000000,0.000000
2019-12-13,700.349976,712.900024,700.349976,711.299988,598.250977,10302412,0.000000,0.000000
2019-12-16,712.299988,720.200012,710.200012,714.000000,600.521851,5616324,0.000000,0.000000
2019-12-17,719.700012,731.250000,715.000000,729.700012,613.726746,10525565,0.000000,0.000000
2019-12-18,731.000000,737.299988,722.750000,732.450012,616.039551,12215295,0.000000,0.000000
2019-12-19,733.500000,735.950012,724.599976,730.849976,614.693909,7199210,0.000000,0.000000
2019-12-20,731.000000,735.000000,728.250000,731.549988,615.282593,7794167,0.000000,0.000000
2019-12-23,732.150024,737.299988,731.650024,736.000000,619.025391,4975608,0.000000,0.000000
2019-12-24,736.950012,736.950012,728.299988,733.400024,616.838623,2890759,0.000000,0.000000
2019-12-26,732.000000,734.549988,726.549988,728.950012,613.096008,3821806,0.000000,0.000000
2019-12-27,729.750000,737.500000,728.849976,736.950012,619.824402,3399094,0.000000,0.000000
2019-12-30,736.099976,737.950012,727.250000,732.900024,616.418213,5368416,0.000000,0.000000
2019-12-31,729.700012,737.750000,725.450012,731.150024,614.946228,6927885,0.000000,0.000000
2020-01-01,735.000000,740.000000,732.549988,736.849976,619.740234,2112415,0.000000,0.000000
2020-01-02,738.900024,740.799988,730.900024,734.700012,617.932068,5658200,0.000000,0.000000
2020-01-03,733.900024,748.000000,733.900024,746.000000,627.436035,7882938,0.000000,0.000000
2020-01-06,746.099976,753.799988,736.500000,738.849976,621.422485,6519403,0.000000,0.000000
2020-01-07,738.000000,742.599976,725.099976,727.900024,612.212891,7899363,0.000000,0.000000
2020-01-08,724.950012,729.000000,708.299988,718.200012,604.054382,8639443,0.000000,0.000000
2020-01-09,721.700012,731.500000,714.299988,727.549988,611.918457,13521186,0.000000,0.000000
2020-01-10,740.450012,742.900024,730.500000,738.150024,620.833679,9341405,0.000000,0.000000
2020-01-13,760.000000,777.500000,755.000000,773.549988,650.607544,36952038,0.000000,0.000000
2020-01-14,769.950012,776.950012,767.200012,775.650024,652.373779,11414418,0.000000,0.000000
2020-01-15,773.849976,773.849976,762.150024,767.549988,645.560913,6047430,0.000000,0.000000
2020-01-16,770.700012,772.500000,760.250000,767.000000,645.098450,5740586,0.000000,0.000000
2020-01-17,770.700012,772.900024,762.250000,767.849976,645.813416,3762957,0.000000,0.000000
2020-01-20,771.599976,774.400024,762.950012,768.450012,646.317993,3887680,0.000000,0.000000
2020-01-21,768.450012,770.500000,760.750000,762.500000,641.313721,4448374,0.000000,0.000000
2020-01-22,768.450012,778.000000,766.000000,770.200012,647.789978,9733935,0.000000,0.000000
2020-01-23,777.099976,785.500000,776.700012,784.349976,659.691040,12528017,0.000000,0.000000
2020-01-24,775.750000,786.500000,773.599976,782.750000,658.345276,7540490,0.000000,0.000000
2020-01-27,779.049988,784.799988,774.400024,778.099976,654.434387,3741610,0.000000,0.000000
2020-01-28,781.000000,781.799988,772.000000,778.000000,654.350220,5121009,0.000000,0.000000
2020-01-29,786.599976,792.799988,784.250000,789.700012,664.190735,6832757,0.000000,0.000000
2020-01-30,789.700012,789.700012,778.000000,780.700012,656.621155,3859680,0.000000,0.000000
2020-01-31,780.549988,784.950012,771.599976,775.950012,652.625977,6092028,0.000000,0.000000
2020-02-03,782.000000,790.950012,764.500000,767.400024,645.434998,6416745,0.000000,0.000000
2020-02-04,770.099976,789.900024,770.099976,787.849976,662.634705,5771311,0.000000,0.000000
2020-02-05,781.000000,786.000000,774.400024,784.549988,659.859192,6310409,0.000000,0.000000
2020-02-06,784.349976,786.799988,770.000000,771.349976,648.757080,7341622,0.000000,0.000000
2020-02-07,775.950012,778.849976,771.000000,777.299988,653.761353,2853344,0.000000,0.000000
2020-02-10,774.000000,778.000000,769.750000,773.200012,650.313232,3827682,0.000000,0.000000
2020-02-11,779.000000,779.099976,769.200012,773.549988,650.607544,4312817,0.000000,0.000000
2020-02-12,775.799988,783.250000,775.099976,781.049988,656.915527,2948825,0.000000,0.000000
2020-02-13,785.000000,794.000000,782.200012,792.250000,666.335510,4387430,0.000000,0.000000
2020-02-14,794.500000,799.200012,784.599976,786.450012,661.457336,5321680,0.000000,0.000000
2020-02-17,790.299988,793.450012,783.299988,789.450012,663.980530,2929629,0.000000,0.000000
2020-02-18,785.000000,799.049988,783.650024,797.650024,670.877258,5083346,0.000000,0.000000
2020-02-19,800.000000,804.849976,796.150024,800.450012,673.232178,3985192,0.000000,0.000000
2020-02-20,803.250000,806.099976,793.849976,797.000000,670.330627,4564569,0.000000,0.000000
2020-02-24,800.099976,811.599976,792.150024,795.849976,669.363159,6627536,0.000000,0.000000
2020-02-25,799.000000,806.000000,795.400024,798.400024,671.507996,6996695,0.000000,0.000000
2020-02-26,793.950012,801.450012,780.500000,782.750000,658.345276,8760569,0.000000,0.000000
2020-02-27,778.000000,780.750000,772.200012,777.849976,654.224060,5223386,0.000000,0.000000
2020-02-28,750.000000,756.799988,722.049988,731.700012,615.408813,14123957,0.000000,0.000000
2020-03-02,737.000000,765.900024,733.750000,741.049988,623.272827,9821523,0.000000,0.000000
2020-03-03,755.000000,759.000000,741.250000,747.000000,628.277161,7826587,0.000000,0.000000
2020-03-04,753.900024,761.500000,745.549988,758.750000,638.159729,11013444,0.000000,0.000000
2020-03-05,763.750000,773.549988,751.750000,754.599976,634.669312,7755293,0.000000,0.000000
2020-03-06,741.000000,744.000000,729.099976,738.950012,621.506592,9216022,0.000000,0.000000
2020-03-09,724.500000,725.849976,697.000000,704.450012,592.489807,10308654,0.000000,0.000000
2020-03-11,690.650024,695.950012,669.049988,686.000000,576.971985,16165009,0.000000,0.000000
2020-03-12,668.000000,670.000000,627.500000,631.200012,530.881653,13965574,0.000000,0.000000
2020-03-13,592.000000,667.000000,570.000000,642.349976,540.259399,16903113,0.000000,0.000000
2020-03-16,622.000000,622.150024,580.000000,583.150024,490.468292,19140152,0.000000,0.000000
2020-03-17,588.099976,592.000000,550.000000,554.950012,466.750244,16059887,0.000000,0.000000
2020-03-18,568.000000,578.000000,528.000000,534.299988,449.382111,15390183,0.000000,0.000000
2020-03-19,509.250000,558.000000,509.250000,545.549988,458.844116,16583991,0.000000,0.000000
2020-03-20,549.500000,617.450012,548.000000,585.200012,492.192535,21354894,0.000000,0.000000
2020-03-23,540.000000,560.950012,515.900024,526.450012,442.779785,17146150,0.000000,0.000000
2020-03-24,522.000000,601.150024,522.000000,589.799988,496.061371,20027097,0.000000,0.000000
2020-03-25,597.000000,635.000000,565.700012,606.200012,509.854919,18339548,0.000000,0.000000
2020-03-26,615.000000,650.849976,612.099976,643.000000,540.806213,14843813,0.000000,0.000000
2020-03-27,665.049988,674.900024,642.250000,652.700012,548.964539,13495283,0.000000,0.000000
2020-03-30,625.099976,663.500000,621.099976,626.700012,527.096802,14624804,0.000000,0.000000
2020-03-31,650.000000,662.000000,633.700012,641.500000,539.544556,15175521,0.000000,0.000000
2020-04-01,634.349976,637.500000,594.000000,602.799988,506.995270,13083824,0.000000,0.000000
2020-04-03,603.500000,606.000000,582.150024,585.700012,492.613007,10221655,0.000000,0.000000
2020-04-07,615.000000,644.250000,612.900024,639.000000,537.441895,15145605,0.000000,0.000000
2020-04-08,630.000000,655.650024,626.349976,631.599976,531.218018,11806896,0.000000,0.000000
2020-04-09,646.799988,652.799988,632.099976,636.250000,535.128967,11931114,0.000000,0.000000
2020-04-13,629.000000,651.700012,626.049988,637.400024,536.096191,8330276,0.000000,0.000000
2020-04-15,651.400024,653.299988,635.599976,639.049988,537.484009,11963447,0.000000,0.000000
2020-04-16,619.950012,634.900024,603.500000,623.849976,524.699646,17783287,0.000000,0.000000
2020-04-17,644.000000,646.000000,626.000000,628.750000,528.820984,8878320,0.000000,0.000000
2020-04-20,640.000000,661.000000,639.000000,653.299988,549.469116,13322913,0.000000,0.000000
2020-04-21,627.799988,646.500000,627.799988,633.200012,532.563782,11660575,0.000000,0.000000
2020-04-22,633.200012,645.000000,628.049988,641.849976,539.838928,8266728,0.000000,0.000000
2020-04-23,647.049988,683.650024,638.099976,679.299988,571.336914,14451289,0.000000,0.000000
2020-04-24,668.549988,675.000000,654.799988,658.000000,553.422241,7319940,0.000000,0.000000
2020-04-27,661.049988,681.000000,661.049988,664.599976,558.973145,7183306,0.000000,0.000000
2020-04-28,673.000000,677.000000,653.049988,660.700012,555.693176,7296571,0.000000,0.000000
2020-04-29,666.000000,682.000000,658.000000,676.549988,569.024048,8639056,0.000000,0.000000
2020-04-30,700.000000,720.000000,698.099976,715.500000,601.783569,16253821,0.000000,0.000000
2020-05-04,689.799988,701.200012,670.349976,673.700012,566.626953,9122740,0.000000,0.000000
2020-05-05,681.750000,685.599976,670.000000,673.700012,566.626953,6393053,0.000000,0.000000
2020-05-06,676.900024,681.450012,664.049988,665.900024,560.066467,7934250,0.000000,0.000000
2020-05-07,665.549988,674.349976,662.450012,664.950012,559.267639,4779548,0.000000,0.000000
2020-05-08,672.250000,680.900024,668.500000,674.200012,567.047485,8400321,0.000000,0.000000
2020-05-11,682.500000,698.549988,678.000000,682.900024,574.364807,7370186,0.000000,0.000000
2020-05-12,678.500000,691.000000,675.500000,687.650024,578.359863,7356039,0.000000,0.000000
2020-05-13,694.799988,699.900024,683.750000,694.150024,583.826843,8287101,0.000000,0.000000
2020-05-14,659.000000,671.750000,652.599976,658.150024,553.548401,16888262,0.000000,0.000000
2020-05-15,664.799988,664.799988,646.700012,652.299988,548.628174,9255353,0.000000,0.000000
2020-05-18,659.849976,670.549988,653.000000,663.900024,558.384460,10435442,0.000000,0.000000
2020-05-19,664.000000,674.799988,655.000000,668.599976,562.337524,5902208,0.000000,0.000000
2020-05-20,668.500000,673.000000,659.650024,669.549988,563.136414,5794636,0.000000,0.000000
2020-05-21,666.500000,679.450012,665.400024,672.200012,565.365356,7213225,0.000000,0.000000
2020-05-22,675.000000,695.849976,673.500000,692.349976,582.312744,11867731,0.000000,0.000000
2020-05-26,693.000000,699.450012,679.000000,680.549988,572.388245,7099606,0.000000,0.000000
2020-05-27,686.049988,709.200012,675.000000,705.450012,593.330811,8774636,0.000000,0.000000
2020-05-28,707.000000,710.000000,690.000000,707.400024,594.970947,9440091,0.000000,0.000000
2020-05-29,692.500000,700.799988,674.950012,691.000000,589.088501,28290128,9.500000,0.000000
2020-06-01,698.750000,706.650024,691.500000,699.549988,596.377502,12276438,0.000000,0.000000
2020-06-02,700.500000,711.650024,697.549988,708.099976,603.666565,7059304,0.000000,0.000000
2020-06-03,710.700012,711.900024,696.000000,701.549988,598.082581,11378568,0.000000,0.000000
2020-06-04,702.000000,709.450012,697.500000,707.750000,603.368286,10782424,0.000000,0.000000
2020-06-05,707.000000,711.700012,700.599976,703.549988,599.787598,7718679,0.000000,0.000000
2020-06-08,707.650024,725.799988,704.000000,720.849976,614.536011,10719105,0.000000,0.000000
2020-06-09,720.000000,729.599976,715.049988,717.599976,611.765442,10078029,0.000000,0.000000
2020-06-10,715.000000,719.450012,709.200012,715.849976,610.273499,7263049,0.000000,0.000000
2020-06-11,712.000000,713.400024,700.250000,703.950012,600.128662,8825715,0.000000,0.000000
2020-06-12,675.799988,695.150024,675.500000,692.049988,589.983765,9795316,0.000000,0.000000
2020-06-15,693.000000,704.400024,685.250000,687.549988,586.147278,7857344,0.000000,0.000000
2020-06-16,702.000000,712.000000,699.150024,701.200012,597.784180,10131760,0.000000,0.000000
2020-06-17,699.900024,710.299988,698.000000,703.650024,599.872864,7291916,0.000000,0.000000
2020-06-18,708.200012,716.599976,706.000000,713.900024,608.611206,6670195,0.000000,0.000000
2020-06-19,709.000000,711.900024,701.000000,705.549988,601.492737,22438862,0.000000,0.000000
2020-06-22,707.099976,708.700012,700.000000,703.700012,599.915466,7804096,0.000000,0.000000
2020-06-23,695.700012,724.500000,692.099976,720.650024,614.365723,12157390,0.000000,0.000000
2020-06-24,716.900024,726.799988,709.400024,714.150024,608.824280,10220838,0.000000,0.000000
2020-06-25,704.849976,705.599976,693.500000,700.500000,597.187500,14945284,0.000000,0.000000
2020-06-26,710.200012,751.599976,710.000000,748.200012,637.852478,26030458,0.000000,0.000000
2020-06-29,735.400024,744.700012,730.099976,731.750000,623.828491,8954428,0.000000,0.000000
2020-06-30,732.799988,738.950012,724.250000,735.950012,627.409119,10411290,0.000000,0.000000
2020-07-01,737.250000,742.299988,729.750000,731.900024,623.956421,5477468,0.000000,0.000000
2020-07-02,737.349976,765.450012,735.400024,756.599976,645.013428,17263756,0.000000,0.000000
2020-07-03,755.000000,764.000000,752.500000,762.700012,650.213867,7796572,0.000000,0.000000
2020-07-06,765.200012,775.000000,761.500000,764.000000,651.322205,8810958,0.000000,0.000000
2020-07-07,769.400024,796.950012,765.549988,794.150024,677.025513,19362533,0.000000,0.000000
2020-07-08,784.900024,784.900024,772.200012,774.700012,660.444214,8476642,0.000000,0.000000
2020-07-09,780.000000,790.000000,775.000000,781.700012,666.411743,6854166,0.000000,0.000000
2020-07-10,773.500000,789.900024,773.500000,781.849976,666.539612,5206452,0.000000,0.000000
2020-07-13,788.000000,805.349976,786.049988,797.049988,679.497803,10804688,0.000000,0.000000
2020-07-14,792.950012,806.400024,781.349976,783.250000,667.733093,8961822,0.000000,0.000000
2020-07-15,799.000000,848.450012,794.799988,830.950012,708.398193,30060599,0.000000,0.000000
2020-07-16,900.099976,955.500000,894.250000,911.000000,776.642090,90432109,0.000000,0.000000
2020-07-17,911.000000,919.900024,892.150024,903.150024,769.949829,31682878,0.000000,0.000000
2020-07-20,908.500000,945.000000,906.750000,934.299988,796.505615,18421053,0.000000,0.000000
2020-07-21,945.000000,949.700012,929.200012,936.750000,798.594299,12877784,0.000000,0.000000
2020-07-22,938.950012,939.000000,910.000000,917.900024,782.524475,14354201,0.000000,0.000000
2020-07-23,915.650024,915.799988,900.650024,907.950012,774.041870,13051307,0.000000,0.000000
2020-07-24,903.250000,925.750000,903.250000,922.849976,786.744324,18209580,0.000000,0.000000
2020-07-27,921.549988,952.799988,918.650024,948.450012,808.568726,16827870,0.000000,0.000000
2020-07-28,946.000000,967.549988,941.200012,962.849976,820.844849,15818463,0.000000,0.000000
2020-07-29,953.250000,960.000000,943.599976,954.150024,813.428101,11152710,0.000000,0.000000
2020-07-30,962.000000,972.650024,958.750000,961.450012,819.651428,12492320,0.000000,0.000000
2020-07-31,969.250000,986.450012,953.299988,966.000000,823.530457,12704346,0.000000,0.000000
2020-08-03,960.000000,965.400024,947.450012,956.900024,815.772644,8479792,0.000000,0.000000
2020-08-04,960.450012,970.700012,940.549988,949.849976,809.762268,11133170,0.000000,0.000000
2020-08-05,952.000000,960.950012,938.299988,944.700012,805.371765,9614176,0.000000,0.000000
2020-08-06,953.500000,974.400024,942.500000,970.849976,827.665039,10976491,0.000000,0.000000
2020-08-07,969.450012,969.450012,949.000000,950.900024,810.657471,8010948,0.000000,0.000000
2020-08-10,948.900024,956.799988,945.299988,951.349976,811.041138,5716319,0.000000,0.000000
2020-08-11,949.900024,962.000000,946.099976,948.450012,808.568726,6802442,0.000000,0.000000
2020-08-12,948.000000,958.799988,942.200012,954.950012,814.110168,6908726,0.000000,0.000000
2020-08-13,954.799988,968.500000,948.250000,951.200012,810.913147,5097703,0.000000,0.000000
2020-08-14,955.849976,963.000000,952.049988,953.599976,812.959167,4663873,0.000000,0.000000
2020-08-17,954.099976,972.450012,954.099976,957.500000,816.283997,9008210,0.000000,0.000000
2020-08-18,963.900024,969.200012,958.700012,967.549988,824.851746,6141761,0.000000,0.000000
2020-08-19,970.900024,971.549988,957.450012,959.299988,817.818665,6622744,0.000000,0.000000
2020-08-20,958.900024,965.500000,951.299988,955.150024,814.280640,5656501,0.000000,0.000000
2020-08-21,963.049988,963.450012,946.549988,948.799988,808.867188,6513773,0.000000,0.000000
2020-08-24,947.000000,952.000000,939.200012,947.400024,807.673706,5798574,0.000000,0.000000
2020-08-25,947.500000,948.650024,933.599976,938.099976,799.745300,6233918,0.000000,0.000000
2020-08-26,941.250000,954.250000,938.400024,950.799988,810.572205,5153601,0.000000,0.000000
2020-08-27,960.000000,960.950012,945.200012,947.049988,807.375244,6154280,0.000000,0.000000
2020-08-28,951.450012,952.500000,933.049988,935.250000,797.315552,7593610,0.000000,0.000000
2020-08-31,935.250000,950.500000,914.599976,928.599976,791.646301,12808355,0.000000,0.000000
2020-09-01,926.250000,935.000000,912.099976,914.150024,779.327454,6907773,0.000000,0.000000
2020-09-02,915.000000,926.400024,913.500000,924.000000,787.724854,5678118,0.000000,0.000000
2020-09-03,926.500000,949.400024,924.000000,935.549988,797.571289,8827948,0.000000,0.000000
2020-09-04,915.000000,929.500000,914.450012,919.150024,783.590027,8650342,0.000000,0.000000
2020-09-07,918.900024,927.549988,913.049988,925.049988,788.619873,6700385,0.000000,0.000000
2020-09-08,929.950012,952.000000,925.549988,939.299988,800.768250,12891964,0.000000,0.000000
2020-09-09,935.000000,946.000000,926.000000,927.750000,790.921692,5528947,0.000000,0.000000
2020-09-10,935.299988,942.000000,924.799988,940.049988,801.407532,5171884,0.000000,0.000000
2020-09-11,934.900024,954.150024,931.000000,945.700012,806.224365,6671903,0.000000,0.000000
2020-09-14,957.000000,991.049988,948.299988,978.400024,834.101746,21871587,0.000000,0.000000
2020-09-15,979.500000,994.000000,971.650024,982.450012,837.554321,11608203,0.000000,0.000000
2020-09-16,986.000000,1005.650024,982.000000,1001.750000,854.007874,10059251,0.000000,0.000000
2020-09-17,995.000000,1021.000000,995.000000,1011.000000,861.893677,15628241,0.000000,0.000000
2020-09-18,1011.000000,1018.799988,999.099976,1002.150024,854.348877,12897633,0.000000,0.000000
2020-09-21,1001.000000,1031.000000,1000.500000,1009.900024,860.955811,14140637,0.000000,0.000000
2020-09-22,1009.000000,1022.500000,991.200012,1007.500000,858.909668,12625762,0.000000,0.000000
2020-09-23,1020.150024,1037.000000,1008.099976,1019.750000,869.353210,13486204,0.000000,0.000000
2020-09-24,1003.000000,1009.000000,970.000000,975.400024,831.544128,14427432,0.000000,0.000000
2020-09-25,975.799988,1014.900024,975.000000,1011.450012,862.277283,13311078,0.000000,0.000000
2020-09-28,1014.799988,1016.150024,998.500000,1010.400024,861.382141,8554526,0.000000,0.000000
2020-09-29,1018.000000,1028.000000,1004.099976,1009.000000,860.188477,8708463,0.000000,0.000000
2020-09-30,1009.000000,1023.950012,1005.000000,1008.250000,859.549316,8048817,0.000000,0.000000
2020-10-01,1020.599976,1026.500000,1011.750000,1017.650024,867.562927,5563358,0.000000,0.000000
2020-10-05,1018.049988,1054.900024,1018.049988,1048.699951,894.033386,14212509,0.000000,0.000000
2020-10-06,1055.000000,1060.000000,1031.349976,1055.750000,900.043701,9090819,0.000000,0.000000
2020-10-07,1044.900024,1072.000000,1035.500000,1066.550049,909.250916,9284008,0.000000,0.000000
2020-10-08,1090.000000,1124.000000,1088.400024,1093.699951,932.396667,21482613,0.000000,0.000000
2020-10-09,1095.099976,1113.300049,1088.449951,1106.800049,943.564758,10567867,0.000000,0.000000
2020-10-12,1123.000000,1140.000000,1112.099976,1132.099976,965.133240,14633537,0.000000,0.000000
2020-10-13,1135.550049,1166.050049,1135.550049,1157.800049,987.042969,17523825,0.000000,0.000000
2020-10-14,1162.000000,1164.900024,1131.099976,1137.000000,969.310852,16649573,0.000000,0.000000
2020-10-15,1180.000000,1186.000000,1092.500000,1108.250000,944.800903,44288251,0.000000,0.000000
2020-10-16,1113.849976,1135.949951,1096.900024,1127.500000,961.211731,18365685,0.000000,0.000000
2020-10-19,1135.000000,1139.000000,1115.300049,1125.900024,959.847656,12902123,0.000000,0.000000
2020-10-20,1118.900024,1144.699951,1110.000000,1137.500000,969.736816,10448776,0.000000,0.000000
2020-10-21,1141.150024,1154.349976,1135.000000,1148.349976,978.986755,19811433,0.000000,0.000000
2020-10-22,1142.000000,1158.000000,1123.800049,1129.050049,962.533325,11271335,0.000000,0.000000
2020-10-23,1133.000000,1135.000000,1120.150024,1122.500000,967.229004,9069862,12.000000,0.000000
2020-10-26,1122.250000,1129.599976,1103.150024,1112.449951,958.569336,6309368,0.000000,0.000000
2020-10-27,1105.699951,1109.699951,1077.150024,1090.849976,939.957336,10172479,0.000000,0.000000
2020-10-28,1095.500000,1104.750000,1070.050049,1076.550049,927.635437,7608392,0.000000,0.000000
2020-10-29,1070.000000,1082.000000,1060.099976,1074.849976,926.170349,6935616,0.000000,0.000000
2020-10-30,1072.000000,1083.599976,1052.349976,1060.599976,913.891602,8800386,0.000000,0.000000
2020-11-02,1065.000000,1079.949951,1051.099976,1072.300049,923.973450,7183119,0.000000,0.000000
2020-11-03,1072.000000,1079.400024,1057.500000,1062.550049,915.571899,7204782,0.000000,0.000000
2020-11-04,1068.000000,1116.000000,1066.800049,1093.949951,942.628418,15702690,0.000000,0.000000
2020-11-05,1109.900024,1123.000000,1099.000000,1104.000000,951.288330,9568890,0.000000,0.000000
2020-11-06,1108.000000,1121.099976,1091.699951,1112.750000,958.827942,8807127,0.000000,0.000000
2020-11-09,1129.300049,1146.000000,1121.150024,1136.550049,979.335815,10160320,0.000000,0.000000
2020-11-10,1113.849976,1113.849976,1078.000000,1091.050049,940.129761,15622869,0.000000,0.000000
2020-11-11,1096.000000,1126.349976,1087.000000,1122.500000,967.229004,12514800,0.000000,0.000000
2020-11-12,1128.099976,1142.000000,1113.750000,1117.750000,963.136475,9180976,0.000000,0.000000
2020-11-13,1120.000000,1133.000000,1117.000000,1124.199951,968.694031,6363212,0.000000,0.000000
2020-11-14,1137.000000,1139.650024,1131.099976,1133.449951,976.664551,1136144,0.000000,0.000000
2020-11-17,1144.750000,1145.000000,1112.650024,1123.699951,968.263062,12813968,0.000000,0.000000
2020-11-18,1128.500000,1132.699951,1101.449951,1110.550049,956.932251,9839468,0.000000,0.000000
2020-11-19,1100.000000,1114.699951,1093.800049,1096.750000,945.041138,10092343,0.000000,0.000000
2020-11-20,1106.000000,1109.000000,1091.099976,1103.349976,950.728149,8063554,0.000000,0.000000
2020-11-23,1105.000000,1144.800049,1101.949951,1139.849976,982.179504,10546363,0.000000,0.000000
2020-11-24,1145.000000,1154.900024,1133.349976,1140.050049,982.351807,8515426,0.000000,0.000000
2020-11-25,1137.000000,1143.500000,1111.250000,1115.650024,961.326843,8958701,0.000000,0.000000
2020-11-26,1119.949951,1119.949951,1098.300049,1113.199951,959.215576,10962256,0.000000,0.000000
2020-11-27,1118.000000,1121.000000,1091.000000,1100.000000,947.841675,25306145,0.000000,0.000000
2020-12-01,1105.050049,1140.250000,1105.050049,1137.849976,980.456116,8933802,0.000000,0.000000
2020-12-02,1134.000000,1147.449951,1121.000000,1140.900024,983.084106,6741637,0.000000,0.000000
2020-12-03,1147.000000,1147.000000,1122.699951,1126.449951,970.632812,16212632,0.000000,0.000000
2020-12-04,1125.000000,1137.000000,1115.000000,1134.650024,977.698669,10564055,0.000000,0.000000
2020-12-07,1147.300049,1153.000000,1136.000000,1143.500000,985.324402,7792141,0.000000,0.000000
2020-12-08,1145.000000,1167.000000,1145.000000,1153.349976,993.812012,12308330,0.000000,0.000000
2020-12-09,1168.050049,1179.500000,1157.000000,1175.199951,1012.639709,10039346,0.000000,0.000000
2020-12-10,1157.400024,1171.650024,1150.000000,1167.750000,1006.220215,9488782,0.000000,0.000000
2020-12-11,1159.699951,1171.949951,1155.250000,1163.199951,1002.299561,10574009,0.000000,0.000000
2020-12-14,1169.400024,1172.599976,1148.199951,1164.550049,1003.462708,6728187,0.000000,0.000000
2020-12-15,1156.000000,1163.699951,1152.000000,1154.599976,994.889160,6905926,0.000000,0.000000
2020-12-16,1160.000000,1168.900024,1153.599976,1165.699951,1004.453552,7788404,0.000000,0.000000
2020-12-17,1165.900024,1168.900024,1156.199951,1159.199951,998.852600,6658153,0.000000,0.000000
2020-12-18,1182.849976,1195.000000,1175.599976,1189.800049,1025.219971,15995676,0.000000,0.000000
2020-12-21,1188.000000,1209.750000,1152.050049,1177.300049,1014.449097,10858352,0.000000,0.000000
2020-12-22,1182.000000,1223.849976,1176.099976,1220.500000,1051.673584,10901851,0.000000,0.000000
2020-12-23,1238.000000,1258.849976,1230.550049,1253.050049,1079.720825,15878346,0.000000,0.000000
2020-12-24,1249.900024,1249.900024,1226.000000,1236.050049,1065.072510,7313885,0.000000,0.000000
2020-12-28,1238.449951,1248.000000,1236.000000,1240.300049,1068.734741,4607051,0.000000,0.000000
2020-12-29,1235.000000,1254.449951,1235.000000,1250.300049,1077.351196,6878105,0.000000,0.000000
2020-12-30,1253.000000,1253.300049,1238.150024,1246.800049,1074.335449,5194690,0.000000,0.000000
2020-12-31,1243.000000,1258.400024,1239.000000,1255.800049,1082.090454,7430470,0.000000,0.000000
2021-01-01,1257.900024,1265.500000,1255.800049,1260.449951,1086.097168,4253550,0.000000,0.000000
2021-01-04,1269.000000,1290.000000,1261.150024,1288.250000,1110.051880,7208454,0.000000,0.000000
2021-01-05,1282.000000,1299.000000,1275.050049,1293.800049,1114.834106,8145280,0.000000,0.000000
2021-01-06,1300.000000,1302.000000,1268.050049,1282.099976,1104.752441,7161715,0.000000,0.000000
2021-01-07,1296.000000,1297.650024,1255.500000,1262.150024,1087.562256,10954918,0.000000,0.000000
2021-01-08,1278.250000,1316.800049,1278.250000,1312.099976,1130.602661,13186251,0.000000,0.000000
2021-01-11,1342.099976,1383.349976,1340.000000,1376.199951,1185.836060,20528626,0.000000,0.000000
2021-01-12,1378.000000,1378.000000,1360.000000,1371.750000,1182.001587,8309868,0.000000,0.000000
2021-01-13,1373.849976,1392.800049,1360.000000,1387.150024,1195.271606,14442997,0.000000,0.000000
2021-01-14,1360.000000,1384.000000,1318.449951,1370.500000,1180.924683,27521697,0.000000,0.000000
2021-01-15,1360.000000,1364.449951,1340.000000,1344.949951,1158.908569,15018441,0.000000,0.000000
2021-01-18,1338.000000,1340.000000,1306.000000,1312.050049,1130.559570,8861765,0.000000,0.000000
2021-01-19,1320.000000,1331.000000,1312.000000,1316.650024,1134.523315,5585744,0.000000,0.000000
2021-01-20,1320.550049,1348.400024,1320.550049,1339.449951,1154.169556,8225838,0.000000,0.000000
2021-01-21,1350.000000,1361.050049,1335.000000,1339.699951,1154.384888,6142421,0.000000,0.000000
2021-01-22,1327.000000,1356.000000,1326.550049,1340.849976,1155.375854,9646591,0.000000,0.000000
2021-01-25,1345.000000,1347.900024,1313.000000,1325.099976,1141.804565,6542611,0.000000,0.000000
2021-01-27,1319.599976,1327.550049,1285.099976,1301.000000,1121.037964,8133665,0.000000,0.000000
2021-01-28,1291.800049,1296.449951,1272.550049,1276.199951,1099.668701,4660690,0.000000,0.000000
2021-01-29,1286.250000,1291.150024,1231.000000,1239.050049,1067.657471,12183519,0.000000,0.000000
2021-02-01,1250.550049,1277.949951,1241.000000,1260.900024,1086.485107,8880279,0.000000,0.000000
2021-02-02,1280.000000,1294.400024,1263.599976,1271.250000,1095.403442,6892490,0.000000,0.000000
2021-02-03,1277.650024,1304.000000,1273.000000,1284.650024,1106.949707,8182968,0.000000,0.000000
2021-02-04,1285.000000,1293.400024,1272.050049,1279.349976,1102.382935,5032240,0.000000,0.000000
2021-02-05,1286.400024,1288.750000,1262.000000,1272.099976,1096.135620,5477481,0.000000,0.000000
2021-02-08,1285.500000,1310.000000,1275.500000,1303.550049,1123.235352,6921922,0.000000,0.000000
2021-02-09,1306.900024,1332.000000,1297.849976,1305.550049,1124.958862,7965949,0.000000,0.000000
2021-02-10,1295.800049,1304.349976,1283.599976,1296.500000,1117.160522,5951207,0.000000,0.000000
2021-02-11,1289.000000,1296.000000,1283.050049,1292.650024,1113.843140,4673317,0.000000,0.000000
2021-02-12,1305.000000,1323.750000,1301.550049,1309.800049,1128.620850,5797875,0.000000,0.000000
2021-02-15,1320.000000,1328.400024,1307.099976,1309.650024,1128.491699,4363513,0.000000,0.000000
2021-02-16,1314.000000,1319.750000,1286.000000,1290.400024,1111.904419,6896421,0.000000,0.000000
2021-02-17,1290.400024,1294.500000,1275.000000,1281.300049,1104.063232,4575741,0.000000,0.000000
2021-02-18,1276.000000,1306.000000,1275.000000,1292.449951,1113.670898,6437551,0.000000,0.000000
2021-02-19,1296.099976,1299.500000,1276.800049,1291.300049,1112.679932,5389696,0.000000,0.000000
2021-02-22,1295.000000,1308.550049,1260.000000,1265.199951,1090.190063,7371303,0.000000,0.000000
2021-02-23,1271.150024,1291.000000,1257.550049,1266.349976,1091.181152,6612942,0.000000,0.000000
2021-02-24,1260.050049,1276.599976,1252.000000,1274.300049,1098.031372,4537258,0.000000,0.000000
2021-02-25,1288.449951,1299.750000,1272.000000,1274.550049,1098.246826,8788221,0.000000,0.000000
2021-02-26,1269.000000,1274.300049,1244.750000,1253.300049,1079.936401,15132388,0.000000,0.000000
2021-03-01,1263.300049,1284.500000,1259.000000,1267.000000,1091.741333,5756286,0.000000,0.000000
2021-03-02,1282.250000,1310.000000,1279.199951,1304.500000,1124.054199,10461434,0.000000,0.000000
2021-03-03,1319.199951,1347.000000,1308.000000,1343.550049,1157.702515,9056399,0.000000,0.000000
2021-03-04,1335.000000,1363.849976,1325.900024,1330.349976,1146.328369,12041941,0.000000,0.000000
2021-03-05,1328.500000,1340.000000,1305.050049,1316.699951,1134.566406,6486176,0.000000,0.000000
2021-03-08,1324.800049,1346.099976,1317.199951,1335.750000,1150.981323,5119392,0.000000,0.000000
2021-03-09,1329.500000,1350.449951,1318.750000,1345.550049,1159.425781,6518173,0.000000,0.000000
2021-03-10,1356.900024,1374.000000,1355.000000,1368.150024,1178.899658,7925984,0.000000,0.000000
2021-03-12,1373.000000,1391.699951,1370.050049,1374.849976,1184.672729,9462061,0.000000,0.000000
2021-03-15,1370.000000,1379.900024,1358.500000,1373.599976,1183.595703,6658635,0.000000,0.000000
2021-03-16,1386.050049,1406.000000,1380.500000,1384.000000,1192.556763,9352771,0.000000,0.000000
2021-03-17,1392.250000,1400.000000,1382.000000,1387.000000,1195.142212,7626744,0.000000,0.000000
2021-03-18,1393.750000,1393.750000,1313.500000,1337.099976,1152.144531,10961755,0.000000,0.000000
2021-03-19,1330.000000,1355.199951,1318.000000,1344.449951,1158.477905,12767112,0.000000,0.000000
2021-03-22,1350.099976,1376.000000,1336.099976,1370.800049,1181.182983,4862758,0.000000,0.000000
2021-03-23,1372.449951,1383.250000,1359.599976,1371.550049,1181.829346,7165335,0.000000,0.000000
2021-03-24,1357.849976,1370.449951,1346.250000,1353.750000,1166.491577,6134303,0.000000,0.000000
2021-03-25,1346.750000,1352.500000,1327.599976,1333.800049,1149.301025,8749994,0.000000,0.000000
2021-03-26,1344.699951,1356.699951,1332.000000,1336.199951,1151.368774,4922071,0.000000,0.000000
2021-03-30,1346.900024,1400.000000,1336.150024,1385.300049,1193.677490,10546381,0.000000,0.000000
2021-03-31,1382.000000,1388.000000,1363.300049,1368.050049,1178.813477,8220987,0.000000,0.000000
2021-04-01,1380.000000,1391.599976,1371.000000,1385.199951,1193.590942,5675155,0.000000,0.000000
2021-04-05,1391.000000,1425.000000,1387.000000,1409.900024,1214.874390,9479572,0.000000,0.000000
2021-04-06,1423.000000,1426.000000,1406.449951,1411.050049,1215.865356,5793571,0.000000,0.000000
2021-04-07,1410.250000,1434.949951,1406.599976,1430.199951,1232.366333,5879234,0.000000,0.000000
2021-04-08,1430.000000,1451.699951,1421.000000,1439.849976,1240.681396,5654434,0.000000,0.000000
2021-04-09,1455.000000,1455.000000,1430.050049,1441.050049,1241.715698,6052712,0.000000,0.000000
2021-04-12,1474.000000,1477.550049,1415.000000,1425.750000,1228.531860,20384532,0.000000,0.000000
2021-04-13,1433.000000,1435.250000,1375.000000,1397.150024,1203.888428,14855206,0.000000,0.000000
2021-04-15,1332.300049,1366.400024,1320.000000,1360.750000,1172.523315,25342491,0.000000,0.000000
2021-04-16,1365.000000,1370.849976,1346.599976,1353.750000,1166.491577,10879878,0.000000,0.000000
2021-04-19,1340.000000,1379.699951,1332.349976,1362.550049,1174.074341,12508028,0.000000,0.000000
2021-04-20,1379.000000,1379.000000,1342.400024,1351.349976,1164.423462,8560766,0.000000,0.000000
2021-04-22,1355.550049,1364.800049,1345.150024,1351.099976,1164.208008,6622446,0.000000,0.000000
2021-04-23,1343.000000,1348.400024,1331.000000,1333.800049,1149.301025,7316262,0.000000,0.000000
2021-04-26,1332.250000,1351.300049,1321.000000,1343.550049,1157.702515,7088606,0.000000,0.000000
2021-04-27,1346.000000,1353.000000,1340.150024,1348.500000,1161.967529,3636115,0.000000,0.000000
2021-04-28,1358.000000,1359.500000,1344.599976,1356.000000,1168.430054,4879234,0.000000,0.000000
2021-04-29,1368.000000,1369.000000,1351.400024,1356.349976,1168.731689,5412357,0.000000,0.000000
2021-04-30,1346.300049,1373.900024,1345.900024,1354.349976,1167.008423,8354677,0.000000,0.000000
2021-05-03,1340.800049,1361.000000,1338.000000,1352.050049,1165.026611,4560337,0.000000,0.000000
2021-05-04,1354.000000,1354.949951,1324.099976,1329.400024,1145.509644,4887060,0.000000,0.000000
2021-05-05,1341.099976,1343.900024,1327.800049,1341.500000,1155.936035,3939788,0.000000,0.000000
2021-05-06,1345.000000,1364.699951,1337.400024,1361.599976,1173.255493,4810090,0.000000,0.000000
2021-05-07,1365.300049,1373.050049,1348.500000,1352.550049,1165.457397,4991435,0.000000,0.000000
2021-05-10,1349.849976,1352.900024,1335.050049,1339.550049,1154.255615,7195348,0.000000,0.000000
2021-05-11,1336.900024,1341.000000,1325.099976,1330.650024,1146.586792,6420988,0.000000,0.000000
2021-05-12,1330.000000,1330.000000,1314.500000,1327.000000,1143.441650,5241898,0.000000,0.000000
2021-05-14,1326.849976,1326.849976,1311.300049,1316.400024,1134.307983,4824609,0.000000,0.000000
2021-05-17,1320.300049,1334.949951,1320.300049,1329.400024,1145.509644,5017129,0.000000,0.000000
2021-05-18,1338.000000,1344.599976,1329.500000,1340.000000,1154.643433,5620150,0.000000,0.000000
2021-05-19,1342.000000,1357.449951,1333.250000,1337.000000,1152.058228,4435878,0.000000,0.000000
2021-05-20,1348.400024,1349.099976,1335.000000,1339.300049,1154.040161,4490092,0.000000,0.000000
2021-05-21,1347.500000,1357.500000,1346.349976,1354.500000,1167.137695,4969733,0.000000,0.000000
2021-05-24,1356.650024,1363.000000,1345.099976,1348.050049,1161.579956,4225371,0.000000,0.000000
2021-05-25,1358.000000,1368.000000,1354.449951,1361.599976,1173.255493,4099340,0.000000,0.000000
2021-05-26,1367.900024,1400.000000,1362.050049,1397.250000,1203.974365,6850024,0.000000,0.000000
2021-05-27,1404.199951,1416.250000,1391.699951,1402.250000,1208.282715,15365391,0.000000,0.000000
2021-05-28,1409.750000,1414.000000,1396.099976,1405.050049,1210.695435,4261312,0.000000,0.000000
2021-05-31,1401.500000,1401.500000,1383.000000,1393.750000,1213.917847,4429904,15.000000,0.000000
2021-06-01,1400.000000,1401.000000,1378.650024,1387.199951,1208.213013,4791325,0.000000,0.000000
2021-06-02,1380.750000,1391.949951,1365.000000,1378.650024,1200.766235,9272276,0.000000,0.000000
2021-06-03,1388.099976,1399.000000,1377.050049,1389.650024,1210.347046,5115645,0.000000,0.000000
2021-06-04,1393.949951,1396.900024,1377.650024,1385.650024,1206.863159,4194328,0.000000,0.000000
2021-06-07,1391.000000,1392.000000,1377.300049,1389.650024,1210.347046,5154576,0.000000,0.000000
2021-06-08,1396.000000,1421.750000,1395.550049,1412.949951,1230.640381,7360630,0.000000,0.000000
2021-06-09,1413.400024,1425.000000,1404.599976,1415.300049,1232.687378,5394317,0.000000,0.000000
2021-06-10,1424.000000,1429.000000,1419.000000,1424.300049,1240.526123,3496575,0.000000,0.000000
2021-06-11,1430.099976,1451.599976,1429.449951,1446.900024,1260.210083,6140828,0.000000,0.000000
2021-06-14,1471.000000,1477.000000,1453.449951,1461.800049,1273.187500,7132294,0.000000,0.000000
2021-06-15,1464.000000,1476.000000,1463.000000,1473.900024,1283.726440,5403104,0.000000,0.000000
2021-06-16,1472.699951,1489.449951,1467.500000,1480.599976,1289.561768,7661710,0.000000,0.000000
2021-06-17,1475.099976,1502.650024,1475.099976,1495.300049,1302.365234,7677951,0.000000,0.000000
2021-06-18,1509.000000,1515.800049,1487.400024,1503.300049,1309.333252,13533974,0.000000,0.000000
2021-06-21,1493.000000,1505.800049,1484.199951,1500.300049,1306.720093,5454052,0.000000,0.000000
2021-06-22,1509.699951,1521.449951,1502.099976,1511.849976,1316.779907,6427862,0.000000,0.000000
2021-06-23,1525.000000,1525.000000,1498.650024,1503.150024,1309.202393,5529809,0.000000,0.000000
2021-06-24,1517.000000,1568.750000,1511.199951,1559.199951,1358.020142,10785137,0.000000,0.000000
2021-06-25,1572.000000,1578.000000,1543.000000,1574.199951,1371.084961,9780240,0.000000,0.000000
2021-06-28,1572.900024,1580.150024,1560.599976,1571.800049,1368.994385,5019178,0.000000,0.000000
2021-06-29,1561.000000,1573.650024,1559.199951,1563.050049,1361.373657,5913567,0.000000,0.000000
2021-06-30,1572.050049,1591.000000,1572.050049,1580.800049,1376.833374,6058722,0.000000,0.000000
2021-07-01,1576.849976,1576.849976,1559.050049,1560.400024,1359.065552,4814317,0.000000,0.000000
2021-07-02,1558.949951,1569.449951,1542.599976,1567.800049,1365.510864,5166064,0.000000,0.000000
2021-07-05,1569.150024,1585.000000,1561.050049,1578.949951,1375.221802,4058338,0.000000,0.000000
2021-07-06,1573.699951,1586.750000,1557.099976,1562.199951,1360.633179,4089574,0.000000,0.000000
2021-07-07,1566.050049,1570.550049,1544.650024,1564.599976,1362.723511,4797120,0.000000,0.000000
2021-07-08,1568.000000,1576.000000,1549.000000,1560.750000,1359.370483,3326813,0.000000,0.000000
2021-07-09,1556.000000,1569.900024,1551.000000,1562.900024,1361.242798,3436594,0.000000,0.000000
2021-07-12,1570.550049,1578.000000,1533.750000,1547.849976,1348.134888,4588982,0.000000,0.000000
2021-07-13,1556.400024,1556.400024,1536.300049,1544.949951,1345.608887,4456160,0.000000,0.000000
2021-07-14,1554.000000,1582.800049,1538.099976,1576.900024,1373.436523,5657716,0.000000,0.000000
2021-07-15,1557.900024,1596.849976,1556.000000,1580.800049,1376.833374,10021355,0.000000,0.000000
2021-07-16,1573.750000,1574.650024,1549.599976,1555.449951,1354.754150,6265593,0.000000,0.000000
2021-07-19,1544.699951,1552.900024,1537.550049,1541.699951,1342.778198,5669162,0.000000,0.000000
2021-07-20,1538.300049,1557.699951,1538.000000,1550.050049,1350.050903,5069939,0.000000,0.000000
2021-07-22,1561.400024,1592.849976,1561.400024,1590.199951,1385.020630,7854575,0.000000,0.000000
2021-07-23,1588.550049,1598.500000,1585.050049,1590.449951,1385.238037,4179719,0.000000,0.000000
2021-07-26,1594.099976,1611.650024,1594.099976,1603.900024,1396.952881,4586710,0.000000,0.000000
2021-07-27,1605.000000,1609.300049,1597.900024,1602.550049,1395.777100,5892859,0.000000,0.000000
2021-07-28,1605.099976,1607.599976,1585.500000,1605.599976,1398.433228,4686788,0.000000,0.000000
2021-07-29,1600.099976,1620.000000,1600.099976,1617.000000,1408.362549,4660873,0.000000,0.000000
2021-07-30,1610.000000,1623.400024,1606.150024,1610.500000,1402.701172,6234257,0.000000,0.000000
2021-08-02,1627.449951,1634.750000,1619.199951,1631.550049,1421.035400,5553389,0.000000,0.000000
2021-08-03,1647.000000,1658.650024,1635.599976,1655.199951,1441.633667,5513668,0.000000,0.000000
2021-08-04,1669.099976,1679.900024,1639.050049,1649.250000,1436.451294,6740391,0.000000,0.000000
2021-08-05,1649.500000,1666.000000,1647.050049,1653.550049,1440.196655,5420536,0.000000,0.000000
2021-08-06,1657.000000,1660.650024,1644.000000,1650.199951,1437.278687,3754855,0.000000,0.000000
2021-08-09,1661.000000,1667.449951,1646.400024,1663.300049,1448.688599,5018477,0.000000,0.000000
2021-08-10,1668.000000,1680.000000,1661.050049,1677.250000,1460.838867,6846517,0.000000,0.000000
2021-08-11,1674.800049,1684.000000,1668.000000,1677.550049,1461.099976,4899639,0.000000,0.000000
2021-08-12,1679.150024,1696.500000,1674.000000,1689.599976,1471.595215,5659579,0.000000,0.000000
2021-08-13,1697.000000,1722.500000,1691.300049,1712.199951,1491.279175,5612790,0.000000,0.000000
2021-08-16,1707.699951,1719.949951,1690.099976,1704.400024,1484.485718,4564109,0.000000,0.000000
2021-08-17,1703.900024,1748.900024,1686.550049,1741.650024,1516.929443,9510390,0.000000,0.000000
2021-08-18,1729.000000,1755.500000,1727.000000,1733.449951,1509.787231,6686090,0.000000,0.000000
2021-08-20,1716.099976,1745.000000,1716.099976,1732.949951,1509.351685,6206972,0.000000,0.000000
2021-08-23,1735.750000,1753.150024,1732.000000,1738.750000,1514.403442,6189051,0.000000,0.000000
2021-08-24,1750.000000,1757.000000,1712.699951,1720.849976,1498.812988,7602939,0.000000,0.000000
2021-08-25,1718.000000,1746.900024,1718.000000,1735.550049,1511.616455,6153253,0.000000,0.000000
2021-08-26,1734.000000,1746.000000,1720.000000,1727.699951,1504.779175,5302248,0.000000,0.000000
2021-08-27,1725.000000,1727.699951,1705.199951,1708.800049,1488.317871,6698514,0.000000,0.000000
2021-08-30,1703.050049,1718.650024,1690.400024,1698.050049,1478.955078,6559667,0.000000,0.000000
2021-08-31,1700.150024,1715.000000,1685.849976,1706.449951,1486.271118,12255438,0.000000,0.000000
2021-09-01,1709.500000,1709.500000,1673.150024,1677.750000,1461.273926,7801974,0.000000,0.000000
2021-09-02,1677.349976,1694.300049,1662.650024,1689.099976,1471.159546,6830050,0.000000,0.000000
2021-09-03,1696.050049,1705.949951,1684.400024,1700.650024,1481.219238,5339139,0.000000,0.000000
2021-09-06,1705.150024,1732.000000,1699.349976,1730.400024,1507.130859,4876026,0.000000,0.000000
2021-09-07,1730.000000,1734.900024,1704.000000,1706.650024,1486.445312,3520341,0.000000,0.000000
2021-09-08,1700.849976,1700.849976,1682.949951,1693.250000,1474.774292,4584896,0.000000,0.000000
2021-09-09,1685.900024,1694.900024,1682.150024,1691.599976,1473.337158,3331674,0.000000,0.000000
2021-09-13,1683.000000,1701.500000,1675.199951,1691.900024,1473.598389,4662374,0.000000,0.000000
2021-09-14,1695.949951,1695.949951,1678.599976,1686.150024,1468.590332,4945167,0.000000,0.000000
2021-09-15,1693.250000,1715.099976,1690.199951,1711.449951,1490.625854,4062344,0.000000,0.000000
2021-09-16,1715.199951,1719.250000,1691.449951,1702.250000,1482.612793,3246568,0.000000,0.000000
2021-09-17,1697.000000,1718.000000,1684.449951,1691.300049,1473.075806,7454864,0.000000,0.000000
2021-09-20,1685.000000,1707.699951,1677.949951,1687.849976,1470.071045,5660743,0.000000,0.000000
2021-09-21,1700.000000,1726.750000,1684.650024,1718.449951,1496.722534,4672222,0.000000,0.000000
2021-09-22,1717.000000,1738.900024,1713.050049,1716.900024,1495.372681,4553892,0.000000,0.000000
2021-09-23,1732.000000,1745.000000,1721.099976,1742.550049,1517.713257,3826090,0.000000,0.000000
2021-09-24,1758.000000,1788.000000,1752.449951,1763.849976,1536.264771,8280446,0.000000,0.000000
2021-09-27,1768.750000,1769.000000,1718.099976,1721.150024,1499.074341,5045337,0.000000,0.000000
2021-09-28,1710.000000,1710.000000,1675.000000,1687.099976,1469.417725,6557197,0.000000,0.000000
2021-09-29,1659.250000,1701.400024,1655.000000,1692.250000,1473.903198,7792548,0.000000,0.000000
2021-09-30,1703.000000,1703.000000,1670.099976,1675.199951,1459.053223,6914031,0.000000,0.000000
2021-10-01,1665.099976,1678.949951,1661.250000,1665.150024,1450.299805,5733906,0.000000,0.000000
2021-10-04,1672.500000,1688.000000,1665.400024,1678.750000,1462.145264,2947154,0.000000,0.000000
2021-10-05,1671.000000,1702.949951,1663.000000,1692.800049,1474.382568,4373310,0.000000,0.000000
2021-10-06,1702.099976,1709.000000,1670.000000,1673.550049,1457.616089,4271698,0.000000,0.000000
2021-10-07,1687.000000,1704.199951,1676.650024,1691.000000,1472.814331,5476108,0.000000,0.000000
2021-10-08,1705.250000,1731.500000,1698.400024,1723.849976,1501.425903,4738376,0.000000,0.000000
2021-10-11,1682.000000,1730.000000,1663.699951,1690.949951,1472.770752,8840633,0.000000,0.000000
2021-10-12,1677.000000,1689.000000,1662.000000,1685.150024,1467.719360,7439300,0.000000,0.000000
2021-10-13,1695.949951,1713.650024,1680.050049,1709.199951,1488.666016,7104171,0.000000,0.000000
2021-10-14,1754.000000,1783.599976,1698.199951,1715.750000,1494.371216,19655776,0.000000,0.000000
2021-10-18,1740.000000,1799.000000,1740.000000,1792.150024,1560.913330,13438109,0.000000,0.000000
2021-10-19,1814.000000,1834.500000,1782.300049,1822.150024,1587.042480,10324260,0.000000,0.000000
2021-10-20,1829.400024,1848.000000,1794.050049,1802.349976,1569.797241,5876115,0.000000,0.000000
2021-10-21,1814.000000,1814.000000,1746.849976,1753.650024,1527.380981,8779629,0.000000,0.000000
2021-10-22,1749.900024,1763.199951,1707.000000,1719.800049,1497.898682,7369809,0.000000,0.000000
2021-10-25,1722.050049,1729.750000,1687.199951,1707.550049,1487.229370,5905209,0.000000,0.000000
2021-10-26,1710.050049,1726.599976,1695.900024,1703.699951,1497.026367,5871709,15.000000,0.000000
2021-10-27,1709.099976,1734.150024,1701.150024,1728.949951,1519.213501,5090259,0.000000,0.000000
2021-10-28,1719.349976,1724.750000,1692.050049,1703.900024,1497.202271,5329972,0.000000,0.000000
2021-10-29,1699.000000,1712.599976,1661.050049,1667.750000,1465.437744,5875091,0.000000,0.000000
2021-11-01,1677.500000,1707.199951,1676.000000,1700.050049,1493.819336,3636806,0.000000,0.000000
2021-11-02,1695.000000,1706.449951,1686.349976,1697.900024,1491.930176,3471772,0.000000,0.000000
2021-11-03,1709.000000,1717.449951,1699.000000,1702.500000,1495.972046,3530713,0.000000,0.000000
2021-11-04,1715.000000,1717.000000,1705.000000,1708.699951,1501.419922,483407,0.000000,0.000000
2021-11-08,1730.000000,1741.000000,1703.000000,1737.500000,1526.726196,5245903,0.000000,0.000000
2021-11-09,1734.750000,1750.000000,1726.000000,1742.500000,1531.119995,4016134,0.000000,0.000000
2021-11-10,1726.000000,1750.949951,1721.949951,1740.150024,1529.054932,4780368,0.000000,0.000000
2021-11-11,1732.949951,1739.750000,1709.000000,1733.300049,1523.035767,4731349,0.000000,0.000000
2021-11-12,1743.000000,1782.849976,1738.050049,1780.199951,1564.246704,5069009,0.000000,0.000000
2021-11-15,1782.099976,1800.000000,1775.500000,1787.150024,1570.353271,4354074,0.000000,0.000000
2021-11-16,1790.000000,1808.949951,1777.000000,1792.300049,1574.878540,6034233,0.000000,0.000000
2021-11-17,1792.550049,1802.000000,1780.699951,1787.449951,1570.616943,4732492,0.000000,0.000000
2021-11-18,1781.599976,1789.449951,1759.000000,1779.400024,1563.543579,4326924,0.000000,0.000000
2021-11-22,1784.000000,1785.400024,1751.150024,1759.400024,1545.969727,6621839,0.000000,0.000000
2021-11-23,1735.099976,1747.250000,1710.000000,1736.900024,1526.199097,8436160,0.000000,0.000000
2021-11-24,1740.000000,1740.500000,1688.000000,1696.000000,1490.260742,7333061,0.000000,0.000000
2021-11-25,1700.000000,1726.199951,1696.949951,1722.400024,1513.457886,4476260,0.000000,0.000000
2021-11-26,1702.550049,1718.349976,1684.000000,1691.650024,1486.438354,4494181,0.000000,0.000000
2021-11-29,1691.000000,1712.000000,1669.150024,1696.349976,1490.568237,3942776,0.000000,0.000000
2021-11-30,1704.550049,1729.900024,1700.050049,1712.650024,1504.890747,14808963,0.000000,0.000000
2021-12-01,1715.000000,1741.900024,1713.000000,1714.900024,1506.867920,5193264,0.000000,0.000000
2021-12-02,1715.000000,1750.500000,1711.349976,1748.250000,1536.172363,5559574,0.000000,0.000000
2021-12-03,1771.099976,1786.650024,1732.550049,1735.550049,1525.012939,6754012,0.000000,0.000000
2021-12-06,1730.000000,1733.949951,1691.500000,1695.300049,1489.645630,3991449,0.000000,0.000000
2021-12-07,1701.099976,1724.900024,1694.000000,1711.650024,1504.012085,4202122,0.000000,0.000000
2021-12-08,1733.000000,1759.800049,1732.599976,1753.349976,1540.653564,3029169,0.000000,0.000000
2021-12-09,1759.000000,1769.400024,1742.000000,1763.449951,1549.528442,2082171,0.000000,0.000000
2021-12-10,1760.000000,1763.750000,1746.000000,1759.250000,1545.837769,1823469,0.000000,0.000000
2021-12-13,1767.050049,1771.349976,1738.800049,1744.650024,1533.009033,4040584,0.000000,0.000000
2021-12-14,1730.900024,1763.000000,1710.349976,1752.150024,1539.599121,4768144,0.000000,0.000000
2021-12-15,1745.000000,1747.949951,1721.199951,1734.199951,1523.826538,3053149,0.000000,0.000000
2021-12-16,1762.650024,1777.599976,1758.000000,1771.599976,1556.689697,4481031,0.000000,0.000000
2021-12-17,1820.000000,1842.000000,1806.750000,1820.849976,1599.965088,18887243,0.000000,0.000000
2021-12-20,1801.699951,1829.650024,1787.300049,1798.900024,1580.677979,5773891,0.000000,0.000000
2021-12-21,1801.000000,1838.000000,1801.000000,1811.599976,1591.837280,5353584,0.000000,0.000000
2021-12-22,1825.000000,1829.150024,1812.349976,1824.699951,1603.348145,4156428,0.000000,0.000000
2021-12-23,1831.250000,1861.599976,1827.000000,1857.599976,1632.257080,4112933,0.000000,0.000000
2021-12-24,1872.949951,1875.750000,1854.000000,1863.500000,1637.441406,3780347,0.000000,0.000000
2021-12-27,1860.000000,1874.500000,1845.050049,1866.150024,1639.769775,2647733,0.000000,0.000000
2021-12-28,1880.699951,1895.900024,1878.400024,1888.000000,1658.969482,3340933,0.000000,0.000000
2021-12-29,1883.500000,1893.800049,1876.400024,1885.550049,1656.816406,3236635,0.000000,0.000000
2021-12-30,1884.500000,1909.800049,1874.349976,1892.849976,1663.231079,4584738,0.000000,0.000000
2021-12-31,1890.000000,1898.349976,1871.650024,1887.750000,1658.749634,4619420,0.000000,0.000000
2022-01-03,1887.750000,1914.050049,1887.750000,1898.449951,1668.151611,3329616,0.000000,0.000000
2022-01-04,1898.449951,1906.650024,1878.000000,1899.150024,1668.766846,3921999,0.000000,0.000000
2022-01-05,1900.000000,1902.900024,1840.000000,1844.650024,1620.878052,6995719,0.000000,0.000000
2022-01-06,1828.000000,1828.000000,1800.000000,1817.800049,1597.285400,6449205,0.000000,0.000000
2022-01-07,1815.449951,1836.000000,1806.800049,1814.300049,1594.209961,4834389,0.000000,0.000000
2022-01-10,1815.000000,1869.900024,1813.000000,1850.750000,1626.238037,7857560,0.000000,0.000000
2022-01-11,1855.000000,1870.000000,1850.150024,1855.599976,1630.499634,5142287,0.000000,0.000000
2022-01-12,1868.900024,1889.000000,1860.000000,1877.449951,1649.699097,5362535,0.000000,0.000000
2022-01-13,1905.000000,1912.500000,1866.349976,1896.800049,1666.701904,14277630,0.000000,0.000000
2022-01-14,1882.000000,1933.000000,1881.000000,1929.349976,1695.303345,7688506,0.000000,0.000000
2022-01-17,1938.550049,1953.900024,1930.500000,1939.500000,1704.222046,5262464,0.000000,0.000000
2022-01-18,1922.099976,1945.000000,1911.449951,1920.750000,1687.746704,3690315,0.000000,0.000000
2022-01-19,1916.000000,1916.000000,1862.849976,1867.050049,1640.560791,5747770,0.000000,0.000000
2022-01-20,1844.000000,1848.000000,1815.500000,1823.699951,1602.469604,5533463,0.000000,0.000000
2022-01-21,1795.000000,1808.000000,1776.000000,1785.699951,1569.079102,8252758,0.000000,0.000000
2022-01-24,1765.000000,1768.650024,1728.000000,1736.800049,1526.111206,7116712,0.000000,0.000000
2022-01-25,1726.599976,1740.000000,1700.500000,1722.150024,1513.238403,9137653,0.000000,0.000000
2022-01-27,1702.000000,1709.699951,1665.000000,1678.599976,1474.971558,11231734,0.000000,0.000000
2022-01-28,1681.000000,1727.550049,1679.500000,1686.199951,1481.649414,10998502,0.000000,0.000000
2022-01-31,1718.000000,1749.500000,1715.349976,1736.199951,1525.583984,8788872,0.000000,0.000000
2022-02-01,1766.099976,1780.000000,1734.699951,1772.050049,1557.085205,5119935,0.000000,0.000000
2022-02-02,1789.000000,1792.800049,1772.000000,1787.099976,1570.309326,4253717,0.000000,0.000000
2022-02-03,1779.000000,1779.000000,1734.000000,1738.550049,1527.649048,3832922,0.000000,0.000000
2022-02-04,1732.000000,1753.949951,1710.150024,1741.099976,1529.889648,4700077,0.000000,0.000000
2022-02-07,1722.199951,1732.000000,1695.400024,1715.000000,1506.955688,4310209,0.000000,0.000000
2022-02-08,1710.000000,1725.000000,1696.000000,1717.300049,1508.976929,6053401,0.000000,0.000000
2022-02-09,1735.000000,1743.000000,1725.000000,1737.300049,1526.550537,3867244,0.000000,0.000000
2022-02-10,1755.650024,1773.900024,1748.750000,1769.599976,1554.932251,4334630,0.000000,0.000000
2022-02-11,1740.000000,1745.949951,1713.000000,1721.349976,1512.535400,7551371,0.000000,0.000000
2022-02-14,1690.000000,1718.550049,1678.250000,1682.199951,1478.134521,7459637,0.000000,0.000000
2022-02-15,1699.000000,1746.750000,1690.449951,1738.250000,1527.385620,4669915,0.000000,0.000000
2022-02-16,1738.250000,1755.449951,1726.849976,1733.300049,1523.035767,5350642,0.000000,0.000000
2022-02-17,1744.000000,1749.000000,1720.300049,1724.800049,1515.567017,3937950,0.000000,0.000000
2022-02-18,1710.000000,1722.500000,1703.500000,1706.949951,1499.882202,5602215,0.000000,0.000000
2022-02-21,1701.000000,1737.300049,1691.500000,1730.699951,1520.751221,5120890,0.000000,0.000000
2022-02-22,1699.900024,1751.000000,1691.050049,1734.349976,1523.958496,8878515,0.000000,0.000000
2022-02-23,1750.000000,1758.250000,1733.400024,1742.849976,1531.427246,5478811,0.000000,0.000000
2022-02-24,1690.099976,1714.949951,1670.500000,1678.150024,1474.575928,13592379,0.000000,0.000000
2022-02-25,1715.000000,1728.150024,1677.000000,1694.599976,1489.030640,9737281,0.000000,0.000000
2022-02-28,1682.199951,1728.050049,1665.000000,1715.599976,1507.483032,15076542,0.000000,0.000000
2022-03-02,1710.000000,1714.400024,1691.000000,1702.800049,1496.235718,6771489,0.000000,0.000000
2022-03-03,1720.199951,1733.900024,1705.550049,1720.849976,1512.096191,7344147,0.000000,0.000000
2022-03-04,1695.250000,1736.000000,1681.000000,1723.300049,1514.249023,9074499,0.000000,0.000000
2022-03-07,1697.000000,1751.000000,1696.000000,1739.849976,1528.791138,9742588,0.000000,0.000000
2022-03-08,1718.449951,1800.000000,1718.449951,1778.199951,1562.489014,10984500,0.000000,0.000000
2022-03-09,1791.000000,1831.599976,1791.000000,1813.349976,1593.374878,10193515,0.000000,0.000000
2022-03-10,1844.750000,1844.750000,1810.199951,1825.900024,1604.402710,6547182,0.000000,0.000000
2022-03-11,1814.000000,1831.400024,1811.000000,1822.000000,1600.975586,4758657,0.000000,0.000000
2022-03-14,1831.550049,1895.000000,1831.550049,1890.699951,1661.341797,10289724,0.000000,0.000000
2022-03-15,1888.349976,1888.349976,1830.000000,1839.300049,1616.176880,7140443,0.000000,0.000000
2022-03-16,1865.000000,1893.949951,1849.000000,1889.400024,1660.199707,5233979,0.000000,0.000000
2022-03-17,1923.300049,1923.300049,1833.050049,1854.599976,1629.621094,17731459,0.000000,0.000000
2022-03-21,1861.000000,1886.900024,1841.099976,1853.050049,1628.259155,8362085,0.000000,0.000000
2022-03-22,1850.000000,1890.000000,1839.000000,1887.400024,1658.442139,5709382,0.000000,0.000000
2022-03-23,1897.000000,1900.000000,1857.000000,1872.400024,1645.261841,6192824,0.000000,0.000000
2022-03-24,1856.150024,1894.599976,1856.150024,1886.699951,1657.826904,3784303,0.000000,0.000000
2022-03-25,1892.000000,1894.000000,1858.000000,1876.550049,1648.908447,3438588,0.000000,0.000000
2022-03-28,1866.000000,1880.900024,1852.650024,1873.900024,1646.579834,4008555,0.000000,0.000000
2022-03-29,1873.900024,1889.400024,1860.550049,1886.000000,1657.212036,3917785,0.000000,0.000000
2022-03-30,1910.000000,1919.000000,1895.000000,1903.949951,1672.984253,7795839,0.000000,0.000000
2022-03-31,1900.000000,1913.000000,1894.199951,1906.849976,1675.532593,5399145,0.000000,0.000000
2022-04-01,1886.849976,1910.300049,1878.300049,1903.550049,1672.633057,6171518,0.000000,0.000000
2022-04-04,1889.750000,1893.000000,1873.000000,1882.949951,1654.532104,7364074,0.000000,0.000000
2022-04-05,1883.800049,1889.599976,1857.150024,1861.099976,1635.332642,5472024,0.000000,0.000000
2022-04-06,1855.000000,1857.500000,1822.150024,1828.849976,1606.994751,5407453,0.000000,0.000000
2022-04-07,1821.050049,1828.150024,1807.550049,1811.000000,1591.309814,5797544,0.000000,0.000000
2022-04-08,1823.000000,1838.000000,1808.000000,1814.599976,1594.473511,5131446,0.000000,0.000000
2022-04-11,1814.000000,1814.000000,1762.550049,1766.550049,1552.252319,8248407,0.000000,0.000000
2022-04-12,1757.500000,1757.500000,1727.750000,1742.449951,1531.075928,6456184,0.000000,0.000000
2022-04-13,1754.949951,1757.500000,1732.000000,1748.550049,1536.435791,6257693,0.000000,0.000000
2022-04-18,1605.500000,1650.000000,1590.000000,1621.400024,1424.710449,30523965,0.000000,0.000000
2022-04-19,1636.650024,1636.650024,1550.000000,1562.000000,1372.515869,17044923,0.000000,0.000000
2022-04-20,1575.000000,1596.300049,1563.000000,1587.699951,1395.098267,10678747,0.000000,0.000000
2022-04-21,1595.000000,1627.199951,1589.250000,1618.800049,1422.425537,7766514,0.000000,0.000000
2022-04-22,1604.349976,1610.699951,1582.400024,1585.449951,1393.121460,8134245,0.000000,0.000000
2022-04-25,1572.800049,1572.800049,1554.099976,1561.099976,1371.725098,7000570,0.000000,0.000000
2022-04-26,1577.199951,1592.000000,1566.550049,1581.000000,1389.211060,5345435,0.000000,0.000000
2022-04-27,1572.750000,1572.750000,1550.349976,1552.800049,1364.432007,8819356,0.000000,0.000000
2022-04-28,1570.000000,1601.800049,1557.449951,1582.599976,1390.617065,9245177,0.000000,0.000000
2022-04-29,1590.000000,1597.300049,1560.800049,1567.550049,1377.392822,9831395,0.000000,0.000000
2022-05-02,1550.900024,1552.750000,1531.000000,1541.000000,1354.063354,7072627,0.000000,0.000000
2022-05-04,1547.250000,1570.000000,1530.150024,1535.550049,1349.274658,6220959,0.000000,0.000000
2022-05-05,1560.050049,1589.400024,1557.449951,1585.150024,1392.857666,6144870,0.000000,0.000000
2022-05-06,1550.000000,1561.849976,1535.050049,1542.849976,1355.688965,6171472,0.000000,0.000000
2022-05-09,1540.000000,1586.800049,1522.150024,1570.349976,1379.853027,6832202,0.000000,0.000000
2022-05-10,1558.000000,1569.150024,1546.050049,1553.000000,1364.607788,6212545,0.000000,0.000000
2022-05-11,1549.949951,1549.949951,1511.599976,1526.750000,1341.542114,7846080,0.000000,0.000000
2022-05-12,1514.000000,1527.500000,1504.300049,1508.800049,1325.769775,7034979,0.000000,0.000000
2022-05-13,1519.300049,1529.250000,1498.099976,1504.400024,1321.903320,6723761,0.000000,0.000000
2022-05-16,1510.000000,1511.849976,1478.650024,1489.099976,1308.459229,6145331,0.000000,0.000000
2022-05-17,1494.900024,1525.000000,1480.900024,1518.449951,1334.249023,6516378,0.000000,0.000000
2022-05-18,1522.000000,1549.699951,1505.300049,1509.199951,1326.121094,6594126,0.000000,0.000000
2022-05-19,1481.000000,1484.699951,1417.650024,1427.150024,1254.024536,16561140,0.000000,0.000000
2022-05-20,1453.000000,1466.750000,1446.699951,1455.150024,1278.627808,10488908,0.000000,0.000000
2022-05-23,1455.099976,1488.000000,1450.050049,1468.400024,1290.270630,5887569,0.000000,0.000000
2022-05-24,1468.599976,1469.550049,1435.250000,1441.000000,1266.194214,5693167,0.000000,0.000000
2022-05-25,1435.000000,1442.500000,1399.250000,1410.449951,1239.350342,9630092,0.000000,0.000000
2022-05-26,1418.000000,1430.000000,1407.050049,1423.949951,1251.212646,13040065,0.000000,0.000000
2022-05-27,1443.949951,1467.000000,1437.400024,1461.349976,1284.075684,8284860,0.000000,0.000000
2022-05-30,1487.000000,1530.000000,1485.000000,1526.800049,1341.586060,10904213,0.000000,0.000000
2022-05-31,1510.699951,1518.000000,1488.150024,1503.599976,1335.192505,16033857,16.000000,0.000000
2022-06-01,1513.000000,1514.750000,1472.099976,1478.550049,1312.948120,8738508,0.000000,0.000000
2022-06-02,1484.000000,1513.849976,1475.599976,1508.000000,1339.099731,7205840,0.000000,0.000000
2022-06-03,1524.900024,1555.000000,1518.000000,1521.699951,1351.265137,9395707,0.000000,0.000000
2022-06-06,1516.000000,1536.599976,1493.000000,1530.050049,1358.680054,6624883,0.000000,0.000000
2022-06-07,1519.849976,1519.849976,1502.599976,1506.699951,1337.945190,4904592,0.000000,0.000000
2022-06-08,1520.199951,1520.199951,1492.000000,1500.000000,1331.995728,4697608,0.000000,0.000000
2022-06-09,1485.000000,1516.949951,1481.500000,1515.000000,1345.315552,4361061,0.000000,0.000000
2022-06-10,1486.099976,1493.949951,1473.599976,1476.800049,1311.394043,6516436,0.000000,0.000000
2022-06-13,1443.599976,1443.599976,1411.699951,1424.500000,1264.952026,6987685,0.000000,0.000000
2022-06-14,1410.000000,1448.900024,1403.150024,1440.550049,1279.204468,6090247,0.000000,0.000000
2022-06-15,1440.199951,1446.400024,1418.849976,1422.199951,1262.909302,4651958,0.000000,0.000000
2022-06-16,1438.000000,1443.750000,1392.000000,1397.199951,1240.709595,6641772,0.000000,0.000000
2022-06-17,1391.050049,1396.949951,1367.150024,1387.300049,1231.918457,9692047,0.000000,0.000000
2022-06-20,1390.050049,1422.349976,1382.000000,1414.150024,1255.761108,4595194,0.000000,0.000000
2022-06-21,1424.000000,1456.000000,1422.750000,1449.900024,1287.507080,6270787,0.000000,0.000000
2022-06-22,1436.050049,1459.599976,1435.000000,1437.250000,1276.273926,6253366,0.000000,0.000000
2022-06-23,1439.800049,1458.000000,1433.000000,1452.449951,1289.771362,6254281,0.000000,0.000000
2022-06-24,1458.000000,1467.500000,1428.900024,1441.099976,1279.692627,6114340,0.000000,0.000000
2022-06-27,1468.050049,1484.000000,1465.150024,1474.599976,1309.440552,4511097,0.000000,0.000000
2022-06-28,1469.000000,1488.250000,1453.000000,1480.150024,1314.369019,4412178,0.000000,0.000000
2022-06-29,1464.699951,1477.000000,1457.000000,1463.250000,1299.361938,5060038,0.000000,0.000000
2022-06-30,1465.050049,1482.000000,1455.000000,1461.900024,1298.162964,9165177,0.000000,0.000000
2022-07-01,1454.000000,1485.000000,1442.349976,1479.400024,1313.702881,4651635,0.000000,0.000000
2022-07-04,1480.250000,1492.250000,1462.000000,1488.000000,1321.339600,4800224,0.000000,0.000000
2022-07-05,1498.800049,1509.949951,1472.000000,1475.949951,1310.639160,7379669,0.000000,0.000000
2022-07-06,1482.199951,1500.000000,1470.000000,1491.650024,1324.581177,5209162,0.000000,0.000000
2022-07-07,1503.050049,1513.949951,1495.699951,1498.699951,1330.841431,3323472,0.000000,0.000000
2022-07-08,1515.000000,1516.949951,1499.949951,1514.449951,1344.827271,3652582,0.000000,0.000000
2022-07-11,1495.000000,1499.900024,1466.400024,1473.150024,1308.152954,4702638,0.000000,0.000000
2022-07-12,1461.800049,1468.599976,1436.000000,1438.599976,1277.472534,4710356,0.000000,0.000000
2022-07-13,1450.000000,1460.000000,1438.599976,1444.449951,1282.667480,5264025,0.000000,0.000000
2022-07-14,1451.000000,1452.949951,1414.000000,1428.849976,1268.814453,6157606,0.000000,0.000000
2022-07-15,1446.000000,1446.000000,1410.650024,1430.349976,1270.146606,5620018,0.000000,0.000000
2022-07-18,1450.000000,1493.599976,1448.050049,1489.900024,1323.026978,5835171,0.000000,0.000000
2022-07-19,1471.550049,1486.849976,1470.099976,1484.150024,1317.921021,3418540,0.000000,0.000000
2022-07-20,1501.250000,1525.800049,1500.000000,1515.300049,1345.582153,5079392,0.000000,0.000000
2022-07-21,1517.000000,1535.449951,1503.099976,1532.900024,1361.210815,5008061,0.000000,0.000000
2022-07-22,1534.000000,1540.000000,1492.150024,1506.300049,1337.590088,7020642,0.000000,0.000000
2022-07-25,1480.099976,1517.150024,1480.099976,1503.599976,1335.192505,7859626,0.000000,0.000000
2022-07-26,1496.650024,1496.650024,1445.000000,1451.150024,1288.616943,7268273,0.000000,0.000000
2022-07-27,1451.000000,1473.000000,1445.000000,1471.050049,1306.288208,4517285,0.000000,0.000000
2022-07-28,1496.400024,1524.449951,1489.849976,1517.400024,1347.446777,6636841,0.000000,0.000000
2022-07-29,1532.800049,1555.699951,1528.000000,1549.699951,1376.129028,7009465,0.000000,0.000000
2022-08-01,1564.000000,1564.000000,1537.900024,1551.050049,1377.328003,2983249,0.000000,0.000000
2022-08-02,1546.550049,1547.000000,1528.349976,1543.599976,1370.712402,4374635,0.000000,0.000000
2022-08-03,1549.000000,1570.000000,1539.900024,1566.099976,1390.692261,6011955,0.000000,0.000000
2022-08-04,1587.500000,1603.849976,1574.949951,1599.900024,1420.706665,7402209,0.000000,0.000000
2022-08-05,1608.400024,1625.699951,1602.300049,1616.650024,1435.580444,5361971,0.000000,0.000000
2022-08-08,1617.000000,1622.000000,1596.000000,1619.400024,1438.022583,3763409,0.000000,0.000000
2022-08-10,1621.199951,1621.199951,1588.099976,1602.449951,1422.970947,4423829,0.000000,0.000000
2022-08-11,1630.000000,1631.349976,1616.000000,1619.949951,1438.510986,3462090,0.000000,0.000000
2022-08-12,1613.300049,1614.000000,1590.150024,1594.099976,1415.556152,3562286,0.000000,0.000000
2022-08-16,1609.000000,1609.000000,1591.099976,1596.449951,1417.642944,3004430,0.000000,0.000000
2022-08-17,1596.449951,1612.000000,1585.000000,1606.250000,1426.345459,4067324,0.000000,0.000000
2022-08-18,1594.099976,1598.199951,1574.000000,1582.949951,1405.655029,4635706,0.000000,0.000000
2022-08-19,1585.300049,1604.900024,1585.099976,1597.099976,1418.220093,4739884,0.000000,0.000000
2022-08-22,1586.000000,1599.000000,1574.000000,1575.650024,1399.172852,3950555,0.000000,0.000000
2022-08-23,1548.000000,1554.500000,1533.000000,1542.400024,1369.646851,5551574,0.000000,0.000000
2022-08-24,1535.000000,1546.000000,1531.000000,1537.500000,1365.295532,2888426,0.000000,0.000000
2022-08-25,1548.000000,1548.699951,1513.750000,1518.150024,1348.112793,4331088,0.000000,0.000000
2022-08-26,1535.150024,1544.949951,1517.449951,1521.550049,1351.132202,3079136,0.000000,0.000000
2022-08-29,1468.550049,1468.550049,1450.000000,1461.750000,1298.029785,8079050,0.000000,0.000000
2022-08-30,1473.099976,1496.099976,1466.000000,1492.949951,1325.735352,6725875,0.000000,0.000000
2022-09-01,1460.050049,1468.099976,1451.050049,1464.199951,1300.205444,8140604,0.000000,0.000000
2022-09-02,1478.000000,1478.000000,1448.000000,1453.000000,1290.259766,5175653,0.000000,0.000000
2022-09-05,1451.000000,1467.000000,1446.349976,1461.300049,1297.630249,3669352,0.000000,0.000000
2022-09-06,1461.300049,1470.000000,1445.449951,1455.099976,1292.124634,3428442,0.000000,0.000000
2022-09-07,1440.000000,1465.750000,1438.050049,1457.650024,1294.389038,3600574,0.000000,0.000000
2022-09-08,1475.000000,1481.099976,1463.599976,1475.900024,1310.594849,4061475,0.000000,0.000000
2022-09-09,1488.000000,1520.000000,1480.000000,1511.650024,1342.340820,4816910,0.000000,0.000000
2022-09-12,1525.800049,1545.900024,1521.150024,1536.199951,1364.141113,5494819,0.000000,0.000000
2022-09-13,1551.900024,1553.000000,1541.300049,1544.949951,1371.911011,4947158,0.000000,0.000000
2022-09-14,1497.000000,1498.949951,1472.000000,1475.400024,1310.151123,14332197,0.000000,0.000000
2022-09-15,1475.000000,1475.199951,1429.050049,1432.800049,1272.322266,12784100,0.000000,0.000000
2022-09-16,1425.000000,1425.000000,1368.349976,1377.050049,1222.816528,20464045,0.000000,0.000000
2022-09-19,1392.000000,1406.000000,1380.599976,1390.300049,1234.582520,6595241,0.000000,0.000000
2022-09-20,1407.949951,1413.550049,1385.099976,1388.550049,1233.028442,7219797,0.000000,0.000000
2022-09-21,1379.900024,1388.800049,1368.400024,1377.250000,1222.993774,7917054,0.000000,0.000000
2022-09-22,1366.349976,1383.949951,1360.000000,1367.949951,1214.735596,9168498,0.000000,0.000000
2022-09-23,1367.500000,1394.800049,1362.000000,1365.449951,1212.515625,10426200,0.000000,0.000000
2022-09-26,1360.000000,1399.449951,1355.000000,1380.250000,1225.658203,9414587,0.000000,0.000000
2022-09-27,1393.449951,1406.500000,1378.000000,1393.550049,1237.468384,8561254,0.000000,0.000000
2022-09-28,1379.000000,1405.849976,1377.000000,1394.699951,1238.489380,7022098,0.000000,0.000000
2022-09-29,1404.900024,1409.849976,1393.000000,1398.650024,1241.997192,6119965,0.000000,0.000000
2022-09-30,1388.949951,1419.300049,1376.000000,1413.449951,1255.139648,8120130,0.000000,0.000000
2022-10-03,1412.000000,1412.000000,1386.000000,1393.750000,1237.645996,4943169,0.000000,0.000000
2022-10-04,1419.699951,1432.250000,1414.000000,1429.400024,1269.303101,6631341,0.000000,0.000000
2022-10-06,1445.000000,1459.800049,1444.099976,1455.150024,1292.168945,6180672,0.000000,0.000000
2022-10-07,1446.349976,1457.849976,1440.150024,1451.199951,1288.661377,3994466,0.000000,0.000000
2022-10-10,1426.349976,1465.000000,1426.349976,1462.650024,1298.829102,5274677,0.000000,0.000000
2022-10-11,1462.650024,1479.650024,1420.099976,1423.800049,1264.330200,12824774,0.000000,0.000000
2022-10-12,1437.000000,1441.099976,1413.550049,1428.699951,1268.681519,5481467,0.000000,0.000000
2022-10-13,1431.000000,1437.949951,1415.000000,1419.900024,1260.866943,4821514,0.000000,0.000000
2022-10-14,1485.000000,1494.000000,1467.250000,1474.250000,1309.129883,14990688,0.000000,0.000000
2022-10-17,1476.900024,1495.000000,1475.500000,1489.949951,1323.071289,4286396,0.000000,0.000000
2022-10-18,1510.000000,1510.949951,1497.250000,1503.699951,1335.281250,4692004,0.000000,0.000000
2022-10-19,1504.000000,1504.949951,1481.300049,1485.449951,1319.075195,3553171,0.000000,0.000000
2022-10-20,1475.000000,1504.000000,1474.199951,1500.900024,1332.794922,4583939,0.000000,0.000000
2022-10-21,1500.300049,1506.000000,1491.349976,1500.500000,1332.439819,3594485,0.000000,0.000000
2022-10-24,1518.500000,1521.800049,1511.000000,1517.849976,1347.846436,982837,0.000000,0.000000
2022-10-25,1528.099976,1532.900024,1521.050049,1526.300049,1355.350098,3914341,0.000000,0.000000
2022-10-27,1530.800049,1534.900024,1512.500000,1523.949951,1368.052368,6760137,16.500000,0.000000
2022-10-28,1526.000000,1527.949951,1507.000000,1513.250000,1358.447144,3053981,0.000000,0.000000
2022-10-31,1530.250000,1546.400024,1530.250000,1537.650024,1380.351074,4542336,0.000000,0.000000
2022-11-01,1553.050049,1575.000000,1547.099976,1573.000000,1412.084595,4542692,0.000000,0.000000
2022-11-02,1572.000000,1572.750000,1545.000000,1553.300049,1394.400024,2938906,0.000000,0.000000
2022-11-03,1538.750000,1543.900024,1521.650024,1530.750000,1374.156860,3174027,0.000000,0.000000
2022-11-04,1520.449951,1520.449951,1501.150024,1514.000000,1359.120361,4509682,0.000000,0.000000
2022-11-07,1521.400024,1527.900024,1491.099976,1507.449951,1353.240479,4898592,0.000000,0.000000
2022-11-09,1529.000000,1529.000000,1501.099976,1511.199951,1356.606567,3334755,0.000000,0.000000
2022-11-10,1485.000000,1512.000000,1485.000000,1501.949951,1348.302734,3435763,0.000000,0.000000
2022-11-11,1546.650024,1573.500000,1546.650024,1570.099976,1409.481323,7214098,0.000000,0.000000
2022-11-14,1575.150024,1591.400024,1568.449951,1585.300049,1423.126465,4908813,0.000000,0.000000
2022-11-15,1577.849976,1597.849976,1572.750000,1594.000000,1430.936401,3497614,0.000000,0.000000
2022-11-16,1597.150024,1609.000000,1593.500000,1602.800049,1438.836304,4497697,0.000000,0.000000
2022-11-17,1597.199951,1602.800049,1582.949951,1587.400024,1425.011719,3469515,0.000000,0.000000
2022-11-18,1591.699951,1598.000000,1575.500000,1593.400024,1430.397949,3126064,0.000000,0.000000
2022-11-21,1582.099976,1587.849976,1564.050049,1568.199951,1407.775757,3071764,0.000000,0.000000
2022-11-22,1569.000000,1588.000000,1562.000000,1585.050049,1422.901978,3399329,0.000000,0.000000
2022-11-23,1588.900024,1592.000000,1579.300049,1583.150024,1421.196411,3245067,0.000000,0.000000
2022-11-24,1589.000000,1636.000000,1584.750000,1629.800049,1463.074219,5282215,0.000000,0.000000
2022-11-25,1631.400024,1644.000000,1613.800049,1635.650024,1468.325806,4563255,0.000000,0.000000
2022-11-28,1628.000000,1653.500000,1620.000000,1623.400024,1457.329102,3825766,0.000000,0.000000
2022-11-29,1621.199951,1638.750000,1615.050049,1629.050049,1462.401001,3131710,0.000000,0.000000
2022-11-30,1619.949951,1645.750000,1613.150024,1634.949951,1467.697388,11868134,0.000000,0.000000
2022-12-01,1656.199951,1672.599976,1652.300049,1657.099976,1487.581421,5407928,0.000000,0.000000
2022-12-02,1656.000000,1661.800049,1633.949951,1637.900024,1470.345581,4283343,0.000000,0.000000
2022-12-05,1638.000000,1644.849976,1623.300049,1639.750000,1472.006348,3824966,0.000000,0.000000
2022-12-06,1625.000000,1626.000000,1607.550049,1612.900024,1447.902954,4822398,0.000000,0.000000
2022-12-07,1608.000000,1623.800049,1596.699951,1605.500000,1441.260010,4898087,0.000000,0.000000
2022-12-08,1605.500000,1623.900024,1598.500000,1620.150024,1454.411377,4206837,0.000000,0.000000
2022-12-09,1628.000000,1628.000000,1561.099976,1569.300049,1408.763428,8880658,0.000000,0.000000
2022-12-12,1550.000000,1565.949951,1530.050049,1547.199951,1388.923950,8037679,0.000000,0.000000
2022-12-13,1547.199951,1577.500000,1541.150024,1572.150024,1411.321655,6135067,0.000000,0.000000
2022-12-14,1582.000000,1588.500000,1573.000000,1579.400024,1417.829834,4976020,0.000000,0.000000
2022-12-15,1569.300049,1570.000000,1535.250000,1540.500000,1382.909424,6443866,0.000000,0.000000
2022-12-16,1525.000000,1549.500000,1512.050049,1522.199951,1366.481567,9630453,0.000000,0.000000
2022-12-19,1507.949951,1516.900024,1495.050049,1507.349976,1353.150635,6222740,0.000000,0.000000
2022-12-20,1501.000000,1516.000000,1482.449951,1507.300049,1353.105835,7396259,0.000000,0.000000
2022-12-21,1515.000000,1521.000000,1502.349976,1509.550049,1355.125488,6236361,0.000000,0.000000
2022-12-22,1521.500000,1529.949951,1511.750000,1522.050049,1366.346924,6302640,0.000000,0.000000
2022-12-23,1508.699951,1509.900024,1493.000000,1497.099976,1343.949097,6283822,0.000000,0.000000
2022-12-26,1500.500000,1509.900024,1496.349976,1502.400024,1348.707031,4115459,0.000000,0.000000
2022-12-27,1509.949951,1521.449951,1497.500000,1514.849976,1359.883545,4860076,0.000000,0.000000
2022-12-28,1505.099976,1524.949951,1498.500000,1510.150024,1355.664307,5029860,0.000000,0.000000
2022-12-29,1504.000000,1521.300049,1501.000000,1517.550049,1362.307251,4624745,0.000000,0.000000
2022-12-30,1528.000000,1530.400024,1504.050049,1508.199951,1353.913574,5060544,0.000000,0.000000
2023-01-02,1514.000000,1526.500000,1504.050049,1524.000000,1368.097290,3801140,0.000000,0.000000
2023-01-03,1519.849976,1532.650024,1515.099976,1522.550049,1366.795654,4551130,0.000000,0.000000
2023-01-04,1521.000000,1521.000000,1491.099976,1494.800049,1341.884399,7059590,0.000000,0.000000
2023-01-05,1505.900024,1505.900024,1469.250000,1475.199951,1324.289429,9868404,0.000000,0.000000
2023-01-06,1470.000000,1475.000000,1446.500000,1448.500000,1300.320923,6443714,0.000000,0.000000
2023-01-09,1448.199951,1489.349976,1448.199951,1484.449951,1332.593018,11498717,0.000000,0.000000
2023-01-10,1482.000000,1483.900024,1454.050049,1469.750000,1319.397217,7158624,0.000000,0.000000
2023-01-11,1470.000000,1494.000000,1464.000000,1471.250000,1320.743530,6173092,0.000000,0.000000
2023-01-12,1481.949951,1485.000000,1455.000000,1480.599976,1329.137085,6591385,0.000000,0.000000
2023-01-13,1483.500000,1519.400024,1468.000000,1503.650024,1349.829102,11610426,0.000000,0.000000
2023-01-16,1510.000000,1528.000000,1502.300049,1525.500000,1369.443848,6073063,0.000000,0.000000
2023-01-17,1527.000000,1542.199951,1524.000000,1539.500000,1382.011719,5922644,0.000000,0.000000
2023-01-18,1544.750000,1551.849976,1539.599976,1545.400024,1387.308350,5843098,0.000000,0.000000
2023-01-19,1539.900024,1549.550049,1526.150024,1538.900024,1381.473022,6165284,0.000000,0.000000
2023-01-20,1538.000000,1545.000000,1524.000000,1525.550049,1369.488892,6496429,0.000000,0.000000
2023-01-23,1535.000000,1553.300049,1528.099976,1548.000000,1389.642212,4855020,0.000000,0.000000
2023-01-24,1560.000000,1568.800049,1549.750000,1551.900024,1393.143188,5200802,0.000000,0.000000
2023-01-25,1547.000000,1556.000000,1538.750000,1543.000000,1385.153687,4158617,0.000000,0.000000
2023-01-27,1546.000000,1550.949951,1507.400024,1519.150024,1363.743530,6209955,0.000000,0.000000
2023-01-30,1528.800049,1544.000000,1520.000000,1538.800049,1381.383301,6964719,0.000000,0.000000
2023-01-31,1548.900024,1548.900024,1513.000000,1533.750000,1376.849976,9448126,0.000000,0.000000
2023-02-01,1542.199951,1555.050049,1528.050049,1551.099976,1392.424927,6194199,0.000000,0.000000
2023-02-02,1552.000000,1586.949951,1552.000000,1583.750000,1421.734985,6916834,0.000000,0.000000
2023-02-03,1597.500000,1604.650024,1573.000000,1599.400024,1435.783936,7040194,0.000000,0.000000
2023-02-06,1598.000000,1598.000000,1561.599976,1569.849976,1409.257080,4570612,0.000000,0.000000
2023-02-07,1569.000000,1576.050049,1555.099976,1562.400024,1402.569214,4336238,0.000000,0.000000
2023-02-08,1565.500000,1603.000000,1565.500000,1590.500000,1427.794434,7983338,0.000000,0.000000
2023-02-09,1596.199951,1619.750000,1586.050049,1617.000000,1451.583618,6904911,0.000000,0.000000
2023-02-10,1612.949951,1616.300049,1596.449951,1608.550049,1443.998169,4786762,0.000000,0.000000
2023-02-13,1597.000000,1597.000000,1566.000000,1567.449951,1407.102417,4001199,0.000000,0.000000
2023-02-14,1584.699951,1596.000000,1578.150024,1593.250000,1430.263306,5043736,0.000000,0.000000
2023-02-15,1584.000000,1599.000000,1576.000000,1597.050049,1433.674438,3465747,0.000000,0.000000
2023-02-16,1600.000000,1614.449951,1597.849976,1601.800049,1437.938599,4290289,0.000000,0.000000
2023-02-17,1594.000000,1595.000000,1575.500000,1583.800049,1421.779907,2857734,0.000000,0.000000
2023-02-20,1584.949951,1603.000000,1582.500000,1592.449951,1429.545044,2417716,0.000000,0.000000
2023-02-21,1598.699951,1601.650024,1576.000000,1579.500000,1417.919800,2723288,0.000000,0.000000
2023-02-22,1563.000000,1575.000000,1555.300049,1561.800049,1402.030518,3656244,0.000000,0.000000
2023-02-23,1569.849976,1569.849976,1548.150024,1550.699951,1392.065918,4766854,0.000000,0.000000
2023-02-24,1560.000000,1569.000000,1545.000000,1550.650024,1392.021240,2790986,0.000000,0.000000
2023-02-27,1540.000000,1540.000000,1502.000000,1509.300049,1354.901123,4920268,0.000000,0.000000
2023-02-28,1515.599976,1524.000000,1481.300049,1487.550049,1335.376221,9679811,0.000000,0.000000
2023-03-01,1492.400024,1500.849976,1481.500000,1496.050049,1343.006714,5125043,0.000000,0.000000
2023-03-02,1485.000000,1488.599976,1467.300049,1472.150024,1321.551636,4644499,0.000000,0.000000
2023-03-03,1486.750000,1489.800049,1473.000000,1479.300049,1327.970093,4615015,0.000000,0.000000
2023-03-06,1494.550049,1520.400024,1493.150024,1507.449951,1353.240479,6561742,0.000000,0.000000
2023-03-08,1490.550049,1496.000000,1481.099976,1492.699951,1339.999268,4137080,0.000000,0.000000
2023-03-09,1495.000000,1498.349976,1474.599976,1480.400024,1328.957520,5104656,0.000000,0.000000
2023-03-10,1460.000000,1474.300049,1457.650024,1471.550049,1321.012939,3699580,0.000000,0.000000
2023-03-13,1464.199951,1478.300049,1428.000000,1435.099976,1288.291870,8798403,0.000000,0.000000
2023-03-14,1441.000000,1448.349976,1411.000000,1420.000000,1274.736328,7402784,0.000000,0.000000
2023-03-15,1438.000000,1442.849976,1416.849976,1419.650024,1274.422119,7556182,0.000000,0.000000
2023-03-16,1417.800049,1417.800049,1398.699951,1404.099976,1260.462891,7323117,0.000000,0.000000
2023-03-17,1430.000000,1442.900024,1411.400024,1420.699951,1275.364624,9090018,0.000000,0.000000
2023-03-20,1419.699951,1419.699951,1384.849976,1403.650024,1260.058838,8221829,0.000000,0.000000
2023-03-21,1399.000000,1405.000000,1390.000000,1390.699951,1248.433594,8536755,0.000000,0.000000
2023-03-22,1403.000000,1407.250000,1382.150024,1389.250000,1247.132080,8356487,0.000000,0.000000
2023-03-23,1383.949951,1383.949951,1370.000000,1374.550049,1233.935791,7607718,0.000000,0.000000
2023-03-24,1388.000000,1398.949951,1377.500000,1380.650024,1239.411865,7559127,0.000000,0.000000
2023-03-27,1386.250000,1395.750000,1374.099976,1388.949951,1246.862549,4170193,0.000000,0.000000
2023-03-28,1392.099976,1398.000000,1375.849976,1377.599976,1236.673828,6633366,0.000000,0.000000
2023-03-29,1379.000000,1389.900024,1364.550049,1383.550049,1242.015137,8813966,0.000000,0.000000
2023-03-31,1404.000000,1429.949951,1393.900024,1427.949951,1281.873047,8711975,0.000000,0.000000
2023-04-03,1435.000000,1435.000000,1405.150024,1410.849976,1266.522339,5242764,0.000000,0.000000
2023-04-05,1400.000000,1427.500000,1400.000000,1423.550049,1277.923462,7506334,0.000000,0.000000
2023-04-06,1416.000000,1428.400024,1410.349976,1421.900024,1276.442017,6948465,0.000000,0.000000
2023-04-10,1423.949951,1434.000000,1415.000000,1427.599976,1281.558838,4993788,0.000000,0.000000
2023-04-11,1428.900024,1433.349976,1389.000000,1406.150024,1262.303467,6942255,0.000000,0.000000
2023-04-12,1413.050049,1431.500000,1400.000000,1428.300049,1282.187256,5831169,0.000000,0.000000
2023-04-13,1409.750000,1411.050049,1383.000000,1389.199951,1247.087036,11267238,0.000000,0.000000
2023-04-17,1250.300049,1261.150024,1185.300049,1258.300049,1129.578003,53171705,0.000000,0.000000
2023-04-18,1269.949951,1269.949951,1253.099976,1259.349976,1130.520508,12430884,0.000000,0.000000
2023-04-19,1254.349976,1254.349976,1229.400024,1232.199951,1106.147949,11307230,0.000000,0.000000
2023-04-20,1230.699951,1237.849976,1221.400024,1223.400024,1098.248291,8621249,0.000000,0.000000
2023-04-21,1228.099976,1233.250000,1220.000000,1227.349976,1101.794067,8691352,0.000000,0.000000
2023-04-24,1228.000000,1230.000000,1218.000000,1226.300049,1100.851685,8313774,0.000000,0.000000
2023-04-25,1225.949951,1235.500000,1215.000000,1224.900024,1099.594849,6808576,0.000000,0.000000
2023-04-26,1228.000000,1233.000000,1220.550049,1227.550049,1101.973755,5680192,0.000000,0.000000
2023-04-27,1230.000000,1247.800049,1225.400024,1246.250000,1118.760742,8020704,0.000000,0.000000
2023-04-28,1255.699951,1259.000000,1244.949951,1252.750000,1124.595947,10118277,0.000000,0.000000
2023-05-02,1254.550049,1279.750000,1254.550049,1277.449951,1146.768799,8886401,0.000000,0.000000
2023-05-03,1266.000000,1272.500000,1262.099976,1269.150024,1139.317993,5549783,0.000000,0.000000
2023-05-04,1268.949951,1275.800049,1262.500000,1273.550049,1143.268066,4505401,0.000000,0.000000
2023-05-05,1279.000000,1279.000000,1254.250000,1259.099976,1130.296143,5373791,0.000000,0.000000
2023-05-08,1262.449951,1270.300049,1255.199951,1265.599976,1136.131226,5260842,0.000000,0.000000
2023-05-09,1266.000000,1272.000000,1260.699951,1270.699951,1140.709473,4969897,0.000000,0.000000
2023-05-10,1276.400024,1276.400024,1259.150024,1263.250000,1134.021729,6515734,0.000000,0.000000
2023-05-11,1270.250000,1275.900024,1253.050049,1256.099976,1127.603027,6888461,0.000000,0.000000
2023-05-12,1253.349976,1256.000000,1239.050049,1245.199951,1117.818115,8292212,0.000000,0.000000
2023-05-15,1249.900024,1268.900024,1245.650024,1258.349976,1129.622803,5534710,0.000000,0.000000
2023-05-16,1265.000000,1273.949951,1262.750000,1264.300049,1134.964233,5236469,0.000000,0.000000
2023-05-17,1260.599976,1260.949951,1242.449951,1246.900024,1119.344238,10465667,0.000000,0.000000
2023-05-18,1258.599976,1259.650024,1242.449951,1246.000000,1118.536377,6948732,0.000000,0.000000
2023-05-19,1256.050049,1273.300049,1252.800049,1268.900024,1139.093628,11094136,0.000000,0.000000
2023-05-22,1272.949951,1295.599976,1270.250000,1292.800049,1160.548950,7625947,0.000000,0.000000
2023-05-23,1299.199951,1314.150024,1297.050049,1300.050049,1167.057129,7436031,0.000000,0.000000
2023-05-24,1296.300049,1305.000000,1291.300049,1298.650024,1165.800415,4824077,0.000000,0.000000
2023-05-25,1294.500000,1307.000000,1289.250000,1304.349976,1170.917358,4334121,0.000000,0.000000
2023-05-26,1306.000000,1323.449951,1306.000000,1317.449951,1182.677002,5521606,0.000000,0.000000
2023-05-29,1332.699951,1332.699951,1309.849976,1314.400024,1179.939209,4419365,0.000000,0.000000
2023-05-30,1315.000000,1326.400024,1309.150024,1323.849976,1188.422241,6274719,0.000000,0.000000
2023-05-31,1319.849976,1331.099976,1314.150024,1318.300049,1183.440063,17800782,0.000000,0.000000
2023-06-01,1322.550049,1329.500000,1318.099976,1319.500000,1184.517334,4277841,0.000000,0.000000
2023-06-02,1309.000000,1312.900024,1296.050049,1299.000000,1181.788086,10909311,17.500000,0.000000
2023-06-05,1304.000000,1309.449951,1297.300049,1304.500000,1186.791992,5002553,0.000000,0.000000
2023-06-06,1288.599976,1288.599976,1273.000000,1279.000000,1163.592773,10008100,0.000000,0.000000
2023-06-07,1290.500000,1294.000000,1282.500000,1288.949951,1172.644775,5397578,0.000000,0.000000
2023-06-08,1286.199951,1292.000000,1281.099976,1282.800049,1167.049927,5034942,0.000000,0.000000
2023-06-09,1282.500000,1282.500000,1264.000000,1265.949951,1151.720215,5339073,0.000000,0.000000
2023-06-12,1273.500000,1295.699951,1273.000000,1291.949951,1175.374268,4785588,0.000000,0.000000
2023-06-13,1299.900024,1306.500000,1297.050049,1304.849976,1187.110107,4846587,0.000000,0.000000
2023-06-14,1306.349976,1306.699951,1293.199951,1300.400024,1183.061890,3457981,0.000000,0.000000
2023-06-15,1293.949951,1293.949951,1282.650024,1286.800049,1170.688965,6161155,0.000000,0.000000
2023-06-16,1287.000000,1301.500000,1281.050049,1291.650024,1175.101318,8536287,0.000000,0.000000
2023-06-19,1294.000000,1299.500000,1287.050049,1294.000000,1177.239258,4451787,0.000000,0.000000
2023-06-20,1294.000000,1305.000000,1291.099976,1303.400024,1185.791138,4009180,0.000000,0.000000
2023-06-21,1299.949951,1303.800049,1295.000000,1299.349976,1182.106445,4041529,0.000000,0.000000
2023-06-22,1289.400024,1289.400024,1273.500000,1281.550049,1165.912598,6676607,0.000000,0.000000
2023-06-23,1276.449951,1279.349976,1263.349976,1265.000000,1150.856079,7239467,0.000000,0.000000
2023-06-26,1270.250000,1274.000000,1262.250000,1270.349976,1155.723145,3403244,0.000000,0.000000
2023-06-27,1280.000000,1282.000000,1274.199951,1279.150024,1163.729248,3240024,0.000000,0.000000
2023-06-28,1290.000000,1296.699951,1281.400024,1293.349976,1176.647705,5662358,0.000000,0.000000
2023-06-30,1308.199951,1338.900024,1304.449951,1335.500000,1214.994507,12821692,0.000000,0.000000
2023-07-03,1330.000000,1346.000000,1328.449951,1333.699951,1213.356934,7732412,0.000000,0.000000
2023-07-04,1344.300049,1346.000000,1331.400024,1345.150024,1223.773926,5797775,0.000000,0.000000
2023-07-05,1357.849976,1357.949951,1341.000000,1347.300049,1225.729980,5414936,0.000000,0.000000
2023-07-06,1342.550049,1347.449951,1337.150024,1343.900024,1222.636475,5963897,0.000000,0.000000
2023-07-07,1334.000000,1345.800049,1325.349976,1330.199951,1210.172852,6295647,0.000000,0.000000
2023-07-10,1336.550049,1341.900024,1319.300049,1329.150024,1209.217529,3940315,0.000000,0.000000
2023-07-11,1333.449951,1350.900024,1327.000000,1348.599976,1226.912476,6126128,0.000000,0.000000
2023-07-12,1351.000000,1351.900024,1327.000000,1333.300049,1212.993286,8102770,0.000000,0.000000
2023-07-13,1334.900024,1376.800049,1330.849976,1365.099976,1241.923706,9977644,0.000000,0.000000
2023-07-14,1380.650024,1430.000000,1380.650024,1425.949951,1297.283081,12833381,0.000000,0.000000
2023-07-17,1425.949951,1458.949951,1414.300049,1422.949951,1294.553833,11569884,0.000000,0.000000
2023-07-18,1434.000000,1477.949951,1429.000000,1475.199951,1342.089111,16743977,0.000000,0.000000
2023-07-19,1486.000000,1498.800049,1460.699951,1474.949951,1341.861694,13687062,0.000000,0.000000
2023-07-20,1471.000000,1471.000000,1440.699951,1449.500000,1318.708130,8347221,0.000000,0.000000
2023-07-21,1320.199951,1350.000000,1305.000000,1331.599976,1211.446533,45548305,0.000000,0.000000
2023-07-24,1341.000000,1349.900024,1334.250000,1336.599976,1215.995239,8859789,0.000000,0.000000
2023-07-25,1337.000000,1342.849976,1324.250000,1334.599976,1214.175903,6801982,0.000000,0.000000
2023-07-26,1343.000000,1350.000000,1339.400024,1348.849976,1227.139893,5528885,0.000000,0.000000
2023-07-27,1358.599976,1363.800049,1347.050049,1353.150024,1231.052124,9191861,0.000000,0.000000
2023-07-28,1353.849976,1363.849976,1336.000000,1340.500000,1219.543457,6122735,0.000000,0.000000
2023-07-31,1348.750000,1357.500000,1333.250000,1355.699951,1233.371826,7902180,0.000000,0.000000
2023-08-01,1362.000000,1369.000000,1357.000000,1365.199951,1242.014648,6064652,0.000000,0.000000
2023-08-02,1369.300049,1371.949951,1348.449951,1356.849976,1234.418213,7419145,0.000000,0.000000
2023-08-03,1350.000000,1366.550049,1349.000000,1364.300049,1241.195801,6503741,0.000000,0.000000
2023-08-04,1368.900024,1385.900024,1362.000000,1378.349976,1253.978271,5712345,0.000000,0.000000
2023-08-07,1387.900024,1395.000000,1377.000000,1393.000000,1267.306274,3729093,0.000000,0.000000
2023-08-08,1392.849976,1393.550049,1384.400024,1390.199951,1264.758789,4161877,0.000000,0.000000
2023-08-09,1384.000000,1396.000000,1382.500000,1394.400024,1268.580078,4090828,0.000000,0.000000
2023-08-10,1391.599976,1395.800049,1385.599976,1389.099976,1263.758179,3873025,0.000000,0.000000
2023-08-11,1392.000000,1396.849976,1367.050049,1371.849976,1248.064697,5783517,0.000000,0.000000
2023-08-14,1371.849976,1395.000000,1365.599976,1393.550049,1267.806763,4304135,0.000000,0.000000
2023-08-16,1410.800049,1419.949951,1405.400024,1418.500000,1290.505371,7735313,0.000000,0.000000
2023-08-17,1420.000000,1420.000000,1406.000000,1411.550049,1284.182495,5618346,0.000000,0.000000
2023-08-18,1403.699951,1408.699951,1386.150024,1388.800049,1263.485229,5134103,0.000000,0.000000
2023-08-21,1389.750000,1407.000000,1387.150024,1405.400024,1278.587402,3032722,0.000000,0.000000
2023-08-22,1404.699951,1406.050049,1396.650024,1403.750000,1277.086182,2890714,0.000000,0.000000
2023-08-23,1416.000000,1416.599976,1405.650024,1407.949951,1280.907104,2559125,0.000000,0.000000
2023-08-24,1421.500000,1425.050049,1414.449951,1423.599976,1295.145142,5171963,0.000000,0.000000
2023-08-25,1413.000000,1422.500000,1411.400024,1420.099976,1291.960938,4307172,0.000000,0.000000
2023-08-28,1420.099976,1424.800049,1411.400024,1415.650024,1287.912476,3133464,0.000000,0.000000
2023-08-29,1424.000000,1424.400024,1415.300049,1417.650024,1289.732056,3074444,0.000000,0.000000
2023-08-30,1427.000000,1436.650024,1424.000000,1435.150024,1305.653076,3070887,0.000000,0.000000
2023-08-31,1435.150024,1444.900024,1428.650024,1435.449951,1305.925781,9792735,0.000000,0.000000
2023-09-01,1430.949951,1446.000000,1428.199951,1443.849976,1313.567993,3582133,0.000000,0.000000
2023-09-04,1443.000000,1470.000000,1434.699951,1465.099976,1332.900635,4609014,0.000000,0.000000
2023-09-05,1465.000000,1480.050049,1456.500000,1478.900024,1345.455200,5496840,0.000000,0.000000
2023-09-06,1481.900024,1482.900024,1463.300049,1477.449951,1344.136108,5075786,0.000000,0.000000
2023-09-07,1470.599976,1473.400024,1462.050049,1466.199951,1333.901123,4411743,0.000000,0.000000
2023-09-08,1463.500000,1474.750000,1460.199951,1469.599976,1336.994385,3125838,0.000000,0.000000
2023-09-11,1469.599976,1478.050049,1464.500000,1476.449951,1343.226318,4182226,0.000000,0.000000
2023-09-12,1482.500000,1504.000000,1477.099976,1501.099976,1365.652100,6793161,0.000000,0.000000
2023-09-13,1505.000000,1505.000000,1488.650024,1498.349976,1363.150269,4804686,0.000000,0.000000
2023-09-14,1505.000000,1512.550049,1499.150024,1506.949951,1370.974243,6444213,0.000000,0.000000
2023-09-15,1518.000000,1518.400024,1509.000000,1511.599976,1375.204834,8657816,0.000000,0.000000
2023-09-18,1504.900024,1504.900024,1488.000000,1491.800049,1357.191284,3991916,0.000000,0.000000
2023-09-20,1476.199951,1495.099976,1476.199951,1490.250000,1355.781128,4169337,0.000000,0.000000
2023-09-21,1486.550049,1504.550049,1476.000000,1501.750000,1366.243652,6779195,0.000000,0.000000
2023-09-22,1491.900024,1506.949951,1485.199951,1496.150024,1361.148682,5455613,0.000000,0.000000
2023-09-25,1489.849976,1489.849976,1471.550049,1474.150024,1341.133911,4217863,0.000000,0.000000
2023-09-26,1479.150024,1479.900024,1459.000000,1460.650024,1328.852051,3996528,0.000000,0.000000
2023-09-27,1456.000000,1469.599976,1450.050049,1467.000000,1334.628906,3863586,0.000000,0.000000
2023-09-28,1467.900024,1472.599976,1435.000000,1439.449951,1309.565063,5814602,0.000000,0.000000
2023-09-29,1432.099976,1446.800049,1416.000000,1435.449951,1305.925781,6068968,0.000000,0.000000
2023-10-03,1436.050049,1437.000000,1420.300049,1434.000000,1304.606689,4181867,0.000000,0.000000
2023-10-04,1425.000000,1449.949951,1418.199951,1444.349976,1314.022705,4510406,0.000000,0.000000
2023-10-05,1452.000000,1475.650024,1450.199951,1463.449951,1331.399414,7384621,0.000000,0.000000
2023-10-06,1469.500000,1484.500000,1463.300049,1478.699951,1345.273438,3598672,0.000000,0.000000
2023-10-09,1464.900024,1491.000000,1462.199951,1475.449951,1342.316528,3567552,0.000000,0.000000
2023-10-10,1483.900024,1497.000000,1469.099976,1495.150024,1360.239136,5688951,0.000000,0.000000
2023-10-11,1497.000000,1518.250000,1481.449951,1494.400024,1359.556763,7220129,0.000000,0.000000
2023-10-12,1491.900024,1504.400024,1452.000000,1465.500000,1333.264282,11081662,0.000000,0.000000
2023-10-13,1405.000000,1438.000000,1400.000000,1431.150024,1302.013916,17973439,0.000000,0.000000
2023-10-16,1432.099976,1443.599976,1430.000000,1434.150024,1304.743164,4850745,0.000000,0.000000
2023-10-17,1440.250000,1453.349976,1438.050049,1442.449951,1312.294312,3923764,0.000000,0.000000
2023-10-18,1442.000000,1454.000000,1438.349976,1440.550049,1310.565674,4264837,0.000000,0.000000
2023-10-19,1426.099976,1439.650024,1426.099976,1433.650024,1304.288330,6795691,0.000000,0.000000
2023-10-20,1430.000000,1438.500000,1425.250000,1427.250000,1298.465698,3928622,0.000000,0.000000
2023-10-23,1425.599976,1432.349976,1405.250000,1408.650024,1281.544189,2636516,0.000000,0.000000
2023-10-25,1399.000000,1402.550049,1361.300049,1370.050049,1262.560181,6940777,18.000000,0.000000
2023-10-26,1355.050049,1374.000000,1353.099976,1359.449951,1252.791992,6357656,0.000000,0.000000
2023-10-27,1363.650024,1385.000000,1363.650024,1380.349976,1272.052124,4634358,0.000000,0.000000
2023-10-30,1380.349976,1380.349976,1363.099976,1377.050049,1269.011230,2667696,0.000000,0.000000
2023-10-31,1379.949951,1381.150024,1363.000000,1368.400024,1261.039795,3451595,0.000000,0.000000
2023-11-01,1373.050049,1377.449951,1351.650024,1354.150024,1247.907715,3090672,0.000000,0.000000
2023-11-02,1370.000000,1376.300049,1361.650024,1370.150024,1262.652344,3758060,0.000000,0.000000
2023-11-03,1380.050049,1392.000000,1377.750000,1389.050049,1280.069580,3349045,0.000000,0.000000
2023-11-06,1393.900024,1407.250000,1390.800049,1403.300049,1293.201538,2736381,0.000000,0.000000
2023-11-07,1400.000000,1405.900024,1394.849976,1404.300049,1294.123169,2272209,0.000000,0.000000
2023-11-08,1405.000000,1405.000000,1386.449951,1391.000000,1281.866577,3550635,0.000000,0.000000
2023-11-09,1395.900024,1397.500000,1370.050049,1374.800049,1266.937622,5498051,0.000000,0.000000
2023-11-10,1369.949951,1373.150024,1361.000000,1368.849976,1261.454346,2943649,0.000000,0.000000
2023-11-13,1379.849976,1382.449951,1370.849976,1373.550049,1265.785645,3462092,0.000000,0.000000
2023-11-15,1399.000000,1414.000000,1393.000000,1410.500000,1299.836792,8551860,0.000000,0.000000
2023-11-16,1416.099976,1453.400024,1410.599976,1444.900024,1331.537720,6673907,0.000000,0.000000
2023-11-17,1441.050049,1451.000000,1435.050049,1437.550049,1324.764526,4901251,0.000000,0.000000
2023-11-20,1442.000000,1452.000000,1433.650024,1436.599976,1323.889038,3584210,0.000000,0.000000
2023-11-21,1442.000000,1450.000000,1436.750000,1439.000000,1326.100708,3793135,0.000000,0.000000
2023-11-22,1436.199951,1458.949951,1436.199951,1457.800049,1343.425659,3108786,0.000000,0.000000
2023-11-23,1467.900024,1467.900024,1447.699951,1449.250000,1335.546631,3186928,0.000000,0.000000
2023-11-24,1445.550049,1452.650024,1433.849976,1437.400024,1324.626221,2973195,0.000000,0.000000
2023-11-28,1444.000000,1445.000000,1427.050049,1442.699951,1329.510376,3755373,0.000000,0.000000
2023-11-29,1451.099976,1460.699951,1449.800049,1459.599976,1345.084595,3875778,0.000000,0.000000
2023-11-30,1453.250000,1460.650024,1449.550049,1455.150024,1340.983643,10120867,0.000000,0.000000
2023-12-01,1459.900024,1459.900024,1446.150024,1452.300049,1338.357422,3489187,0.000000,0.000000
2023-12-04,1460.449951,1471.900024,1449.300049,1464.349976,1349.461670,5511948,0.000000,0.000000
2023-12-05,1465.800049,1466.900024,1442.000000,1453.949951,1339.877808,5123039,0.000000,0.000000
2023-12-06,1456.750000,1477.000000,1451.050049,1474.300049,1358.631348,5269178,0.000000,0.000000
2023-12-07,1472.849976,1472.849976,1461.800049,1465.900024,1350.890259,4424453,0.000000,0.000000
2023-12-08,1470.400024,1494.699951,1466.250000,1491.150024,1374.159302,6323433,0.000000,0.000000
2023-12-11,1490.000000,1498.000000,1482.000000,1488.500000,1371.717041,3862018,0.000000,0.000000
2023-12-12,1477.500000,1490.000000,1467.650024,1476.050049,1360.243896,6103494,0.000000,0.000000
2023-12-13,1476.000000,1476.050049,1433.150024,1449.000000,1335.316162,8549258,0.000000,0.000000
2023-12-14,1463.400024,1511.000000,1461.349976,1501.449951,1383.650879,12489858,0.000000,0.000000
2023-12-15,1523.050049,1588.550049,1521.000000,1578.400024,1454.563843,18395389,0.000000,0.000000
2023-12-18,1567.949951,1593.000000,1560.300049,1564.349976,1441.616089,6467243,0.000000,0.000000
2023-12-19,1570.099976,1573.949951,1543.250000,1558.300049,1436.040894,4221721,0.000000,0.000000
2023-12-20,1565.050049,1583.500000,1530.000000,1536.400024,1415.859131,6592367,0.000000,0.000000
2023-12-21,1521.250000,1546.650024,1521.250000,1536.000000,1415.490356,5319038,0.000000,0.000000
2023-12-22,1534.949951,1566.000000,1523.000000,1562.900024,1440.279907,6741060,0.000000,0.000000
2023-12-26,1535.000000,1548.000000,1523.000000,1543.949951,1422.816528,6878067,0.000000,0.000000
2023-12-27,1544.000000,1570.000000,1544.000000,1567.099976,1444.150391,4225849,0.000000,0.000000
2023-12-28,1568.949951,1568.949951,1555.000000,1562.650024,1440.049561,5702253,0.000000,0.000000
2023-12-29,1541.050049,1559.449951,1540.000000,1542.900024,1421.848999,4388990,0.000000,0.000000
2024-01-01,1539.000000,1557.000000,1535.250000,1551.349976,1429.636108,2808451,0.000000,0.000000
2024-01-02,1546.000000,1549.150024,1523.000000,1534.400024,1414.015991,5396313,0.000000,0.000000
2024-01-03,1519.949951,1519.949951,1488.000000,1490.000000,1373.099365,7550363,0.000000,0.000000
2024-01-04,1504.949951,1519.750000,1492.900024,1512.699951,1394.018311,7056038,0.000000,0.000000
2024-01-05,1506.750000,1539.699951,1506.250000,1532.550049,1412.311035,8895403,0.000000,0.000000
2024-01-08,1528.949951,1536.000000,1513.250000,1522.800049,1403.326172,4440136,0.000000,0.000000
2024-01-09,1541.900024,1553.000000,1525.849976,1529.300049,1409.316162,4412074,0.000000,0.000000
2024-01-10,1524.949951,1535.449951,1505.000000,1519.900024,1400.653442,4096845,0.000000,0.000000
2024-01-11,1524.900024,1525.000000,1486.599976,1494.199951,1376.969849,11296088,0.000000,0.000000
2024-01-12,1562.000000,1618.000000,1555.400024,1612.750000,1486.218872,26754401,0.000000,0.000000
2024-01-15,1644.949951,1664.949951,1636.000000,1652.099976,1522.481567,13228305,0.000000,0.000000
2024-01-16,1644.800049,1648.500000,1625.000000,1631.550049,1503.543823,6500917,0.000000,0.000000
2024-01-17,1620.250000,1647.500000,1620.250000,1640.199951,1511.515137,9209876,0.000000,0.000000
2024-01-18,1642.650024,1649.000000,1628.250000,1642.599976,1513.726929,6375464,0.000000,0.000000
2024-01-19,1651.599976,1665.500000,1644.150024,1659.199951,1529.024414,4522736,0.000000,0.000000
2024-01-23,1650.099976,1674.699951,1637.699951,1642.150024,1513.312134,9401255,0.000000,0.000000
2024-01-24,1659.900024,1680.000000,1645.000000,1675.400024,1543.953613,8999681,0.000000,0.000000
2024-01-25,1672.949951,1680.550049,1658.000000,1669.099976,1538.147705,8865304,0.000000,0.000000
2024-01-29,1665.150024,1679.349976,1647.599976,1656.599976,1526.628540,4253785,0.000000,0.000000
2024-01-30,1662.449951,1690.000000,1648.250000,1651.449951,1521.882446,4995943,0.000000,0.000000
2024-01-31,1648.250000,1667.250000,1638.099976,1660.900024,1530.591187,6763779,0.000000,0.000000
2024-02-01,1659.550049,1677.000000,1650.349976,1657.050049,1527.043213,5760011,0.000000,0.000000
2024-02-02,1666.050049,1718.500000,1665.000000,1693.349976,1560.495117,7858483,0.000000,0.000000
2024-02-05,1694.750000,1700.750000,1681.849976,1687.199951,1554.827759,3634135,0.000000,0.000000
2024-02-06,1686.750000,1733.000000,1673.949951,1729.449951,1593.762939,7694265,0.000000,0.000000
2024-02-07,1729.000000,1729.000000,1686.849976,1693.750000,1560.863770,4613877,0.000000,0.000000
2024-02-08,1698.000000,1706.349976,1682.800049,1692.099976,1559.343140,5919715,0.000000,0.000000
2024-02-09,1684.699951,1692.900024,1659.800049,1669.349976,1538.378052,4600004,0.000000,0.000000
2024-02-12,1670.349976,1692.949951,1670.349976,1680.099976,1548.284912,3555808,0.000000,0.000000
2024-02-13,1683.000000,1689.099976,1663.500000,1684.550049,1552.385742,2696481,0.000000,0.000000
2024-02-14,1660.199951,1669.449951,1635.500000,1666.199951,1535.475098,3768579,0.000000,0.000000
2024-02-15,1677.000000,1687.750000,1661.599976,1676.349976,1544.828857,4834391,0.000000,0.000000
2024-02-16,1689.000000,1709.000000,1687.949951,1701.650024,1568.143921,4880654,0.000000,0.000000
2024-02-19,1705.000000,1711.500000,1687.699951,1699.750000,1566.393188,3690993,0.000000,0.000000
2024-02-20,1685.000000,1694.250000,1668.750000,1685.250000,1553.030640,3706389,0.000000,0.000000
2024-02-21,1674.000000,1674.000000,1645.300049,1655.550049,1525.661011,4300508,0.000000,0.000000
2024-02-22,1665.000000,1684.599976,1644.400024,1681.349976,1549.436646,5841277,0.000000,0.000000
2024-02-23,1697.000000,1698.449951,1671.900024,1676.849976,1545.289795,5373072,0.000000,0.000000
2024-02-26,1674.949951,1674.949951,1645.000000,1660.150024,1529.899902,2782438,0.000000,0.000000
2024-02-27,1661.000000,1671.099976,1652.800049,1663.599976,1533.079224,5159088,0.000000,0.000000
2024-02-28,1670.000000,1687.800049,1662.050049,1671.250000,1540.129150,3188916,0.000000,0.000000
2024-02-29,1665.000000,1682.250000,1653.300049,1673.900024,1542.571167,7814722,0.000000,0.000000
2024-03-01,1669.000000,1671.949951,1651.000000,1654.699951,1524.877441,6387291,0.000000,0.000000
2024-03-04,1657.849976,1664.449951,1633.650024,1637.199951,1508.750488,4445156,0.000000,0.000000
2024-03-05,1634.000000,1637.349976,1602.000000,1606.500000,1480.459106,4596579,0.000000,0.000000
2024-03-06,1602.800049,1620.150024,1576.000000,1617.550049,1490.642334,6420684,0.000000,0.000000
2024-03-07,1616.599976,1628.449951,1604.199951,1616.449951,1489.628540,6348359,0.000000,0.000000
2024-03-11,1608.150024,1613.800049,1588.000000,1600.599976,1475.021973,6752895,0.000000,0.000000
2024-03-12,1600.000000,1625.000000,1597.650024,1612.949951,1486.402954,4614222,0.000000,0.000000
2024-03-13,1612.900024,1624.500000,1598.550049,1611.400024,1484.974731,5688997,0.000000,0.000000
2024-03-14,1614.400024,1657.750000,1608.000000,1653.300049,1523.587402,8803799,0.000000,0.000000
2024-03-15,1641.099976,1645.800049,1618.349976,1634.000000,1505.801636,11809997,0.000000,0.000000
2024-03-18,1630.000000,1632.650024,1598.849976,1602.650024,1476.911255,4958904,0.000000,0.000000
2024-03-19,1592.349976,1599.000000,1558.000000,1561.449951,1438.943604,6870411,0.000000,0.000000
2024-03-20,1563.000000,1574.949951,1552.349976,1554.949951,1432.953491,4759059,0.000000,0.000000
2024-03-21,1564.000000,1576.949951,1543.400024,1554.699951,1432.723145,11062497,0.000000,0.000000
2024-03-22,1521.000000,1528.900024,1498.199951,1508.849976,1390.470581,14673890,0.000000,0.000000
2024-03-26,1492.000000,1507.449951,1487.900024,1492.650024,1375.541504,8351081,0.000000,0.000000
2024-03-27,1496.000000,1499.000000,1481.550049,1483.849976,1367.431763,6857402,0.000000,0.000000
2024-03-28,1487.150024,1511.800049,1487.150024,1498.050049,1380.517944,12499530,0.000000,0.000000
2024-04-01,1525.000000,1529.949951,1492.800049,1495.449951,1378.121704,6580002,0.000000,0.000000
2024-04-02,1484.849976,1493.150024,1480.849976,1482.849976,1366.510498,7279400,0.000000,0.000000
2024-04-03,1479.000000,1495.099976,1475.000000,1480.650024,1364.482910,8736248,0.000000,0.000000
2024-04-04,1490.550049,1495.650024,1468.000000,1486.699951,1370.058350,11186915,0.000000,0.000000
2024-04-05,1480.050049,1486.699951,1476.050049,1479.099976,1363.054443,5072482,0.000000,0.000000
2024-04-08,1483.000000,1490.949951,1474.099976,1476.699951,1360.842896,6610887,0.000000,0.000000
2024-04-09,1490.000000,1513.800049,1487.300049,1494.849976,1377.568848,9423230,0.000000,0.000000
2024-04-10,1500.349976,1509.849976,1484.550049,1506.800049,1388.581299,6744595,0.000000,0.000000
2024-04-12,1504.000000,1506.800049,1479.500000,1484.750000,1368.261108,12275616,0.000000,0.000000
2024-04-15,1480.000000,1491.949951,1461.050049,1468.150024,1352.963623,8531224,0.000000,0.000000
2024-04-16,1451.000000,1455.150024,1413.050049,1414.449951,1303.476807,16173541,0.000000,0.000000
2024-04-18,1421.099976,1444.699951,1407.500000,1419.250000,1307.900146,22107945,0.000000,0.000000
2024-04-19,1385.000000,1426.849976,1378.750000,1411.250000,1300.527832,20603621,0.000000,0.000000
2024-04-22,1419.900024,1436.849976,1413.050049,1432.750000,1320.341064,5859087,0.000000,0.000000
2024-04-23,1443.000000,1446.849976,1433.000000,1442.400024,1329.234009,4856174,0.000000,0.000000
2024-04-24,1444.300049,1444.300049,1427.050049,1430.750000,1318.497925,4268213,0.000000,0.000000
2024-04-25,1420.000000,1444.900024,1420.000000,1438.449951,1325.593750,9089398,0.000000,0.000000
2024-04-26,1439.699951,1445.400024,1427.000000,1430.250000,1318.037231,8062444,0.000000,0.000000
2024-04-29,1429.949951,1439.800049,1428.250000,1434.750000,1322.184204,5055957,0.000000,0.000000
2024-04-30,1434.699951,1436.550049,1417.550049,1420.550049,1309.098267,6936588,0.000000,0.000000
2024-05-02,1413.000000,1424.000000,1411.849976,1414.449951,1303.476807,10076354,0.000000,0.000000
2024-05-03,1422.099976,1424.800049,1403.199951,1416.300049,1305.181763,8842345,0.000000,0.000000
2024-05-06,1420.000000,1445.699951,1417.099976,1425.900024,1314.028564,6445422,0.000000,0.000000
2024-05-07,1424.949951,1443.349976,1415.599976,1440.949951,1327.897827,6080661,0.000000,0.000000
2024-05-08,1435.250000,1439.750000,1425.599976,1427.300049,1315.318726,6234983,0.000000,0.000000
2024-05-09,1427.550049,1449.949951,1424.849976,1439.550049,1326.607422,6088406,0.000000,0.000000
2024-05-10,1435.050049,1435.949951,1413.000000,1424.900024,1313.107056,8777481,0.000000,0.000000
2024-05-13,1425.000000,1425.000000,1411.199951,1423.449951,1311.770752,3735954,0.000000,0.000000
2024-05-14,1426.400024,1433.750000,1418.050049,1424.699951,1312.922607,3463230,0.000000,0.000000
2024-05-15,1426.000000,1431.800049,1418.550049,1419.949951,1308.545166,4327544,0.000000,0.000000
2024-05-16,1433.949951,1455.750000,1427.000000,1453.349976,1339.324829,9249145,0.000000,0.000000
2024-05-17,1457.000000,1457.000000,1439.250000,1444.300049,1330.984863,7542860,0.000000,0.000000
2024-05-21,1430.000000,1444.699951,1428.400024,1434.150024,1321.631348,6752663,0.000000,0.000000
2024-05-22,1428.750000,1459.949951,1428.000000,1454.800049,1340.661011,7173285,0.000000,0.000000
2024-05-23,1454.699951,1478.150024,1450.000000,1472.400024,1356.880249,8641428,0.000000,0.000000
2024-05-24,1468.250000,1475.500000,1460.000000,1465.099976,1350.152954,5277938,0.000000,0.000000
2024-05-27,1471.849976,1479.599976,1460.250000,1471.349976,1355.912598,5821844,0.000000,0.000000
2024-05-28,1475.500000,1476.000000,1460.300049,1467.050049,1351.950073,6186922,0.000000,0.000000
2024-05-29,1465.400024,1465.500000,1450.000000,1450.949951,1337.113159,7401634,0.000000,0.000000
2024-05-30,1442.800049,1449.849976,1421.550049,1427.449951,1315.456787,9663150,0.000000,0.000000
2024-05-31,1409.800049,1436.750000,1400.000000,1406.900024,1322.459717,37113815,28.000000,0.000000
2024-06-03,1440.000000,1440.000000,1404.000000,1405.900024,1321.519775,10589244,0.000000,0.000000
2024-06-04,1409.000000,1415.000000,1358.349976,1393.650024,1310.005005,13736134,0.000000,0.000000
2024-06-05,1400.150024,1438.000000,1400.150024,1430.099976,1344.267212,9233424,0.000000,0.000000
2024-06-06,1444.949951,1474.300049,1437.500000,1472.250000,1383.887573,12660930,0.000000,0.000000
2024-06-07,1481.000000,1539.699951,1477.250000,1533.599976,1441.555298,24075302,0.000000,0.000000
2024-06-10,1525.300049,1529.800049,1497.300049,1499.750000,1409.737061,6810606,0.000000,0.000000
2024-06-11,1500.050049,1506.449951,1493.949951,1495.750000,1405.977051,4853054,0.000000,0.000000
2024-06-12,1507.000000,1508.750000,1482.750000,1485.199951,1396.060303,9564320,0.000000,0.000000
2024-06-13,1495.000000,1505.000000,1489.349976,1493.949951,1404.285156,7307565,0.000000,0.000000
2024-06-14,1503.699951,1503.699951,1486.050049,1488.900024,1399.538208,4237727,0.000000,0.000000
2024-06-18,1497.000000,1507.000000,1495.400024,1498.199951,1408.279907,5420939,0.000000,0.000000
2024-06-19,1505.000000,1515.650024,1496.699951,1511.349976,1420.640747,5493456,0.000000,0.000000
2024-06-20,1516.300049,1517.500000,1499.099976,1515.400024,1424.447632,7927010,0.000000,0.000000
2024-06-21,1545.000000,1557.750000,1523.699951,1532.699951,1440.709473,17301941,0.000000,0.000000
2024-06-24,1524.550049,1529.099976,1515.400024,1527.150024,1435.492432,5564989,0.000000,0.000000
2024-06-25,1526.000000,1543.900024,1520.349976,1541.949951,1449.404175,4551525,0.000000,0.000000
2024-06-26,1541.000000,1548.849976,1535.000000,1540.699951,1448.229126,4851004,0.000000,0.000000
2024-06-27,1538.449951,1578.400024,1532.050049,1573.349976,1478.919556,14757754,0.000000,0.000000
2024-06-28,1572.550049,1588.500000,1564.250000,1566.750000,1472.715698,8197544,0.000000,0.000000
2024-07-01,1559.500000,1599.900024,1559.500000,1590.800049,1495.322388,6801771,0.000000,0.000000
2024-07-02,1596.199951,1633.800049,1586.500000,1621.050049,1523.756836,10493173,0.000000,0.000000
2024-07-03,1625.000000,1636.000000,1606.000000,1627.400024,1529.725708,7269965,0.000000,0.000000
2024-07-04,1628.199951,1660.000000,1628.000000,1650.650024,1551.580322,8008311,0.000000,0.000000
2024-07-05,1651.449951,1665.849976,1633.349976,1647.449951,1548.572266,7065022,0.000000,0.000000
2024-07-08,1643.099976,1666.000000,1640.000000,1661.650024,1561.920044,5880533,0.000000,0.000000
2024-07-09,1659.900024,1666.750000,1651.000000,1657.150024,1557.690063,5191182,0.000000,0.000000
2024-07-10,1657.000000,1674.000000,1637.550049,1648.250000,1549.324219,9852770,0.000000,0.000000
2024-07-11,1656.000000,1665.000000,1642.050049,1652.699951,1553.507080,8857679,0.000000,0.000000
2024-07-12,1680.000000,1719.750000,1666.650024,1711.750000,1609.012939,17078316,0.000000,0.000000
2024-07-15,1726.199951,1728.000000,1702.650024,1707.050049,1604.595215,6942230,0.000000,0.000000
2024-07-16,1718.599976,1737.900024,1700.000000,1726.050049,1622.454956,6886281,0.000000,0.000000
2024-07-18,1719.000000,1765.400024,1719.000000,1758.050049,1652.534180,11248896,0.000000,0.000000
2024-07-19,1844.000000,1844.000000,1786.449951,1792.949951,1685.339478,29819116,0.000000,0.000000
2024-07-22,1800.150024,1823.000000,1792.949951,1810.849976,1702.165039,8462126,0.000000,0.000000
2024-07-23,1810.000000,1839.949951,1783.250000,1836.900024,1726.651733,7113056,0.000000,0.000000
2024-07-24,1837.500000,1842.349976,1819.599976,1833.949951,1723.878784,6002845,0.000000,0.000000
2024-07-25,1820.000000,1830.900024,1812.000000,1824.849976,1715.324951,5815599,0.000000,0.000000
2024-07-26,1825.349976,1883.000000,1825.349976,1878.900024,1766.130981,11369047,0.000000,0.000000
2024-07-29,1893.599976,1903.000000,1864.000000,1871.099976,1758.799072,4635931,0.000000,0.000000
2024-07-30,1871.099976,1879.949951,1860.000000,1877.150024,1764.485962,2721265,0.000000,0.000000
2024-07-31,1877.000000,1885.150024,1865.050049,1868.250000,1756.120117,5004209,0.000000,0.000000
2024-08-01,1856.099976,1867.900024,1845.099976,1852.599976,1741.409424,7475014,0.000000,0.000000
2024-08-02,1843.000000,1859.500000,1816.150024,1821.199951,1711.894043,7400938,0.000000,0.000000
2024-08-05,1784.949951,1797.500000,1718.550049,1751.900024,1646.753418,10736703,0.000000,0.000000
2024-08-06,1760.199951,1796.949951,1744.849976,1751.099976,1646.001343,7690163,0.000000,0.000000
2024-08-07,1796.000000,1797.900024,1762.099976,1791.650024,1684.117676,5094329,0.000000,0.000000
2024-08-08,1779.949951,1779.949951,1727.099976,1743.150024,1638.528442,6227910,0.000000,0.000000
2024-08-09,1771.250000,1780.750000,1756.000000,1770.750000,1664.471924,4258524,0.000000,0.000000
2024-08-12,1773.050049,1803.500000,1768.099976,1797.400024,1689.522583,4315329,0.000000,0.000000
2024-08-13,1810.000000,1810.000000,1789.050049,1797.449951,1689.569336,4176918,0.000000,0.000000
2024-08-14,1802.000000,1825.000000,1797.449951,1823.250000,1713.821045,7450718,0.000000,0.000000
2024-08-16,1850.000000,1861.849976,1829.500000,1858.949951,1747.378174,7335657,0.000000,0.000000
2024-08-19,1860.000000,1867.550049,1849.199951,1864.800049,1752.877319,2585989,0.000000,0.000000
2024-08-20,1880.000000,1885.699951,1868.199951,1872.199951,1759.833130,3870333,0.000000,0.000000
2024-08-21,1875.099976,1879.000000,1867.099976,1872.699951,1760.302856,1966902,0.000000,0.000000
2024-08-22,1884.000000,1893.650024,1869.699951,1880.250000,1767.399902,4300287,0.000000,0.000000
2024-08-23,1878.199951,1882.599976,1857.000000,1862.099976,1750.339233,5015935,0.000000,0.000000
2024-08-26,1870.000000,1888.750000,1864.000000,1876.150024,1763.546021,3728589,0.000000,0.000000
2024-08-27,1876.150024,1902.750000,1873.900024,1900.099976,1786.058472,3830679,0.000000,0.000000
2024-08-28,1906.900024,1951.000000,1897.400024,1939.099976,1822.717896,6514531,0.000000,0.000000
2024-08-29,1933.000000,1950.500000,1920.900024,1933.349976,1817.312866,7228284,0.000000,0.000000
2024-08-30,1938.000000,1950.000000,1928.000000,1943.699951,1827.041748,13466759,0.000000,0.000000
2024-09-02,1943.349976,1975.750000,1942.800049,1964.500000,1846.593384,5573739,0.000000,0.000000
2024-09-03,1967.000000,1967.000000,1936.449951,1941.250000,1824.738892,4694322,0.000000,0.000000
2024-09-04,1921.099976,1927.199951,1900.050049,1922.449951,1807.067017,4778310,0.000000,0.000000
2024-09-05,1926.250000,1940.000000,1909.599976,1933.150024,1817.124878,4081810,0.000000,0.000000
2024-09-06,1922.000000,1936.500000,1896.849976,1901.849976,1787.703491,5848106,0.000000,0.000000
2024-09-09,1890.000000,1920.849976,1889.000000,1894.650024,1780.935669,4772612,0.000000,0.000000
2024-09-10,1904.900024,1935.000000,1896.000000,1912.300049,1797.526367,6909600,0.000000,0.000000
2024-09-11,1914.699951,1926.000000,1905.000000,1910.150024,1795.505249,5312946,0.000000,0.000000
2024-09-12,1925.000000,1956.400024,1910.800049,1950.449951,1833.386597,8555092,0.000000,0.000000
2024-09-13,1950.449951,1958.599976,1935.650024,1944.099976,1827.417725,3843127,0.000000,0.000000
2024-09-16,1945.750000,1952.000000,1933.050049,1950.250000,1833.198730,1570181,0.000000,0.000000
2024-09-17,1947.750000,1958.449951,1942.150024,1952.550049,1835.360596,2793127,0.000000,0.000000
2024-09-18,1938.750000,1938.750000,1881.300049,1892.150024,1778.585693,6385468,0.000000,0.000000
2024-09-19,1910.599976,1924.900024,1878.800049,1894.199951,1780.512573,7976570,0.000000,0.000000
2024-09-20,1905.000000,1915.000000,1867.400024,1905.750000,1791.369507,15242974,0.000000,0.000000
2024-09-23,1909.000000,1918.900024,1878.449951,1896.449951,1782.627563,3636672,0.000000,0.000000
2024-09-24,1888.000000,1910.900024,1871.400024,1898.599976,1784.648560,7277616,0.000000,0.000000
2024-09-25,1886.349976,1901.599976,1876.800049,1895.300049,1781.546631,4268341,0.000000,0.000000
2024-09-26,1897.800049,1917.949951,1893.000000,1900.250000,1786.199585,8952803,0.000000,0.000000
2024-09-27,1932.099976,1974.599976,1903.300049,1906.750000,1792.309448,14908931,0.000000,0.000000
2024-09-30,1880.000000,1901.250000,1870.500000,1875.599976,1763.029053,6986955,0.000000,0.000000
2024-10-01,1875.000000,1908.949951,1875.000000,1904.349976,1790.053467,4029072,0.000000,0.000000
2024-10-03,1889.500000,1911.849976,1881.000000,1893.400024,1779.760620,7503887,0.000000,0.000000
2024-10-04,1889.550049,1954.099976,1886.000000,1918.150024,1803.025269,10001483,0.000000,0.000000
2024-10-07,1923.199951,1942.000000,1916.050049,1934.300049,1818.205933,6112575,0.000000,0.000000
2024-10-08,1937.900024,1957.949951,1906.349976,1948.550049,1831.600586,5637391,0.000000,0.000000
2024-10-09,1952.550049,1977.000000,1945.099976,1952.750000,1835.548462,4857163,0.000000,0.000000
2024-10-10,1957.900024,1964.000000,1914.099976,1919.000000,1803.824219,4782119,0.000000,0.000000
2024-10-11,1918.000000,1947.000000,1910.099976,1935.099976,1818.957886,4709431,0.000000,0.000000
2024-10-14,1932.150024,1969.500000,1931.099976,1958.900024,1841.329468,3751378,0.000000,0.000000
2024-10-15,1960.000000,1991.449951,1951.750000,1959.300049,1841.705566,5353705,0.000000,0.000000
2024-10-16,1955.000000,1959.550049,1916.349976,1920.099976,1804.858276,3111512,0.000000,0.000000
2024-10-17,1935.199951,1978.000000,1930.150024,1968.099976,1849.977295,8162822,0.000000,0.000000
2024-10-18,1893.800049,1936.849976,1869.250000,1879.599976,1766.788940,10526196,0.000000,0.000000
2024-10-21,1891.099976,1898.800049,1838.000000,1852.750000,1741.550537,4654601,0.000000,0.000000
2024-10-22,1858.199951,1877.800049,1846.949951,1851.599976,1740.469360,4125240,0.000000,0.000000
2024-10-23,1845.250000,1886.000000,1844.000000,1873.400024,1760.961182,4311910,0.000000,0.000000
2024-10-24,1861.400024,1884.000000,1860.000000,1863.349976,1751.514160,2906475,0.000000,0.000000
2024-10-25,1863.449951,1876.349976,1846.400024,1862.050049,1750.292358,4689120,0.000000,0.000000
2024-10-28,1859.699951,1881.900024,1857.000000,1865.349976,1753.394287,7018940,0.000000,0.000000
2024-10-29,1846.000000,1851.599976,1829.000000,1839.300049,1748.593262,4621252,21.000000,0.000000
2024-10-30,1832.000000,1839.000000,1796.349976,1802.099976,1713.227783,5919715,0.000000,0.000000
2024-10-31,1787.900024,1787.900024,1746.500000,1757.250000,1670.589722,7395236,0.000000,0.000000
2024-11-01,1764.500000,1766.000000,1752.050049,1760.849976,1674.011963,371966,0.000000,0.000000
2024-11-04,1724.500000,1767.000000,1718.000000,1763.650024,1676.673950,7336722,0.000000,0.000000
2024-11-05,1760.000000,1768.449951,1745.000000,1754.199951,1667.689941,3160880,0.000000,0.000000
2024-11-06,1764.000000,1827.199951,1762.650024,1823.699951,1733.762573,10421494,0.000000,0.000000
2024-11-07,1812.949951,1825.699951,1787.000000,1803.050049,1714.130981,4550965,0.000000,0.000000
2024-11-08,1818.000000,1840.599976,1813.150024,1829.949951,1739.704346,4210960,0.000000,0.000000
2024-11-11,1829.000000,1868.000000,1822.550049,1860.099976,1768.367432,3804234,0.000000,0.000000
2024-11-12,1871.099976,1881.000000,1861.000000,1868.800049,1776.638306,5012450,0.000000,0.000000
2024-11-13,1861.099976,1873.199951,1856.300049,1868.400024,1776.258179,4257495,0.000000,0.000000
2024-11-14,1865.599976,1876.000000,1856.000000,1864.550049,1772.598022,4311431,0.000000,0.000000
2024-11-18,1849.199951,1849.199951,1795.000000,1811.449951,1722.116699,4839244,0.000000,0.000000
2024-11-19,1825.500000,1859.699951,1820.550049,1824.750000,1734.760742,4669769,0.000000,0.000000
2024-11-21,1842.000000,1867.000000,1820.599976,1834.050049,1743.602173,5436504,0.000000,0.000000
2024-11-22,1854.099976,1914.050049,1834.000000,1902.250000,1808.438721,6301486,0.000000,0.000000
2024-11-25,1916.000000,1919.300049,1882.000000,1889.699951,1796.507690,12764638,0.000000,0.000000
2024-11-26,1904.949951,1938.599976,1897.300049,1924.150024,1829.258667,6850495,0.000000,0.000000
2024-11-27,1930.099976,1941.400024,1911.750000,1924.500000,1829.591553,4447143,0.000000,0.000000
2024-11-28,1914.900024,1914.900024,1851.650024,1856.650024,1765.087524,8468790,0.000000,0.000000
2024-11-29,1851.099976,1877.000000,1845.000000,1857.849976,1766.228394,5244346,0.000000,0.000000
2024-12-02,1859.000000,1882.800049,1835.199951,1879.800049,1787.096069,2868263,0.000000,0.000000
2024-12-03,1887.000000,1899.750000,1871.150024,1892.099976,1798.789307,4715792,0.000000,0.000000
2024-12-04,1884.000000,1913.949951,1875.000000,1889.250000,1796.079834,4705573,0.000000,0.000000
2024-12-05,1900.000000,1949.900024,1888.949951,1934.849976,1839.431030,9050038,0.000000,0.000000
2024-12-06,1932.800049,1937.949951,1912.400024,1922.400024,1827.595093,3573331,0.000000,0.000000
2024-12-09,1924.199951,1930.199951,1897.199951,1923.650024,1828.783447,4274645,0.000000,0.000000
2024-12-10,1939.000000,1965.599976,1932.000000,1948.550049,1852.455444,6174921,0.000000,0.000000
2024-12-11,1955.000000,1978.000000,1952.000000,1974.150024,1876.792969,5025612,0.000000,0.000000
2024-12-12,1975.199951,1998.800049,1970.550049,1987.000000,1889.009277,6462130,0.000000,0.000000
2024-12-13,1969.750000,2006.449951,1953.800049,1999.699951,1901.082886,5362693,0.000000,0.000000
2024-12-16,1995.449951,1999.599976,1977.599976,1980.050049,1882.402100,3119221,0.000000,0.000000
2024-12-17,1968.000000,1982.000000,1958.000000,1976.599976,1879.122192,5811050,0.000000,0.000000
2024-12-18,1966.800049,1984.949951,1961.599976,1979.150024,1881.546387,3064095,0.000000,0.000000
2024-12-19,1934.000000,1959.750000,1920.000000,1946.199951,1850.221313,5323592,0.000000,0.000000
2024-12-20,1975.150024,1979.949951,1911.250000,1922.150024,1827.357422,11056720,0.000000,0.000000
2024-12-23,1930.050049,1940.000000,1909.000000,1924.300049,1829.401367,2781793,0.000000,0.000000
2024-12-24,1927.050049,1942.000000,1840.000000,1909.050049,1814.903442,2360544,0.000000,0.000000
2024-12-26,1909.050049,1919.750000,1902.300049,1907.400024,1813.334839,3623321,0.000000,0.000000
2024-12-27,1909.400024,1924.150024,1903.900024,1916.750000,1822.223755,3937500,0.000000,0.000000
2024-12-30,1915.699951,1916.000000,1886.500000,1906.000000,1812.003784,7789055,0.000000,0.000000
2024-12-31,1892.300049,1897.000000,1845.050049,1880.000000,1787.286011,3613063,0.000000,0.000000
2025-01-01,1874.000000,1892.949951,1874.000000,1882.500000,1789.662842,1838368,0.000000,0.000000
2025-01-02,1887.000000,1962.650024,1885.300049,1957.849976,1861.296875,7083645,0.000000,0.000000
2025-01-03,1952.949951,1952.949951,1922.000000,1938.750000,1843.138794,6218003,0.000000,0.000000
2025-01-06,1952.000000,1973.000000,1928.000000,1937.849976,1842.283203,7164403,0.000000,0.000000
2025-01-07,1945.000000,1958.550049,1923.650024,1930.849976,1835.628296,4294832,0.000000,0.000000
2025-01-08,1930.000000,1938.599976,1888.750000,1933.150024,1837.814941,5482050,0.000000,0.000000
2025-01-09,1934.050049,1951.849976,1910.550049,1917.300049,1822.746704,6833503,0.000000,0.000000
2025-01-10,1937.000000,1977.800049,1932.250000,1966.949951,1869.947998,8036913,0.000000,0.000000
2025-01-13,1956.000000,1982.800049,1949.000000,1962.199951,1865.432251,5804152,0.000000,0.000000
2025-01-14,1968.849976,1971.800049,1931.099976,1940.050049,1844.374756,5792162,0.000000,0.000000
2025-01-15,1947.000000,1958.050049,1937.099976,1949.650024,1853.501221,2985439,0.000000,0.000000
2025-01-16,1965.949951,1966.949951,1916.849976,1928.449951,1833.346680,7533579,0.000000,0.000000
2025-01-17,1851.000000,1858.000000,1812.000000,1815.449951,1725.919312,16409953,0.000000,0.000000
2025-01-20,1822.949951,1827.949951,1793.150024,1813.300049,1723.875610,4333011,0.000000,0.000000
2025-01-21,1819.050049,1831.650024,1793.050049,1800.699951,1711.896729,7169109,0.000000,0.000000
2025-01-22,1807.400024,1865.800049,1805.150024,1856.449951,1764.897461,8373913,0.000000,0.000000
2025-01-23,1858.000000,1879.550049,1852.699951,1865.449951,1773.453491,5907471,0.000000,0.000000
2025-01-24,1865.500000,1894.900024,1864.250000,1875.449951,1782.960449,4887027,0.000000,0.000000
2025-01-27,1848.750000,1863.000000,1812.000000,1822.000000,1732.146484,7652371,0.000000,0.000000
2025-01-28,1830.000000,1863.500000,1824.900024,1829.750000,1739.514160,6999495,0.000000,0.000000
2025-01-29,1845.000000,1888.650024,1840.500000,1881.250000,1788.474365,5145155,0.000000,0.000000
2025-01-30,1873.150024,1887.199951,1844.000000,1859.949951,1768.224731,7336056,0.000000,0.000000
2025-01-31,1871.000000,1897.449951,1871.000000,1879.800049,1787.096069,5820470,0.000000,0.000000
2025-02-01,1880.300049,1890.599976,1846.000000,1851.349976,1760.048950,1701402,0.000000,0.000000
2025-02-03,1836.000000,1876.550049,1832.400024,1863.300049,1771.409668,4823228,0.000000,0.000000
2025-02-04,1889.000000,1911.199951,1875.000000,1898.800049,1805.159058,7334787,0.000000,0.000000
2025-02-05,1906.000000,1919.699951,1894.300049,1897.050049,1803.495239,4996744,0.000000,0.000000
2025-02-06,1917.000000,1924.000000,1900.000000,1915.650024,1821.177979,4765255,0.000000,0.000000
2025-02-07,1919.300049,1923.699951,1889.449951,1903.650024,1809.769653,4126260,0.000000,0.000000
2025-02-10,1905.000000,1905.000000,1878.599976,1880.300049,1787.571289,3828734,0.000000,0.000000
2025-02-11,1883.099976,1903.000000,1870.000000,1875.650024,1783.150635,4411601,0.000000,0.000000
2025-02-12,1885.000000,1894.599976,1847.000000,1863.150024,1771.267212,5633947,0.000000,0.000000
2025-02-13,1868.500000,1873.500000,1835.650024,1843.250000,1752.348511,5237744,0.000000,0.000000
2025-02-14,1854.000000,1859.300049,1828.349976,1856.400024,1764.849976,5292961,0.000000,0.000000
2025-02-17,1838.550049,1852.750000,1822.150024,1842.300049,1751.445190,4428956,0.000000,0.000000
2025-02-18,1842.300049,1861.650024,1837.599976,1851.949951,1760.619385,4365260,0.000000,0.000000
2025-02-19,1847.400024,1849.199951,1805.900024,1810.800049,1721.498779,4611411,0.000000,0.000000
2025-02-20,1805.550049,1831.000000,1805.550049,1825.150024,1735.141113,2218020,0.000000,0.000000
2025-02-21,1821.800049,1829.849976,1806.199951,1815.000000,1725.491577,3379879,0.000000,0.000000
2025-02-24,1800.050049,1808.000000,1750.250000,1764.099976,1677.101685,7594720,0.000000,0.000000
2025-02-25,1745.150024,1778.449951,1745.150024,1767.699951,1680.524292,5092963,0.000000,0.000000
2025-02-27,1755.199951,1775.849976,1751.099976,1764.300049,1677.291992,5757079,0.000000,0.000000
2025-02-28,1755.050049,1755.099976,1682.449951,1687.699951,1604.469482,12182167,0.000000,0.000000
2025-03-03,1692.300049,1728.599976,1692.300049,1708.599976,1624.338867,7504969,0.000000,0.000000
2025-03-04,1695.000000,1699.000000,1670.000000,1688.300049,1605.040039,6759673,0.000000,0.000000
2025-03-05,1692.449951,1732.949951,1692.449951,1711.500000,1627.095825,8180782,0.000000,0.000000
2025-03-06,1715.000000,1722.300049,1691.099976,1715.849976,1631.231323,10610547,0.000000,0.000000
2025-03-07,1703.099976,1705.000000,1675.500000,1686.000000,1602.853271,8019331,0.000000,0.000000
2025-03-10,1686.000000,1719.000000,1676.199951,1701.449951,1617.541382,7558981,0.000000,0.000000
2025-03-11,1680.000000,1680.000000,1637.050049,1661.599976,1579.656494,12671234,0.000000,0.000000
2025-03-12,1636.900024,1636.900024,1563.800049,1590.849976,1512.395752,14870008,0.000000,0.000000
2025-03-13,1599.250000,1606.050049,1570.300049,1579.849976,1501.938232,7822888,0.000000,0.000000
2025-03-17,1545.150024,1594.000000,1545.150024,1590.050049,1511.635376,7526032,0.000000,0.000000
2025-03-18,1590.050049,1590.050049,1590.050049,1590.050049,1511.635376,0,0.000000,0.000000
2025-03-19,1603.000000,1603.000000,1572.800049,1586.550049,1508.307861,7387068,0.000000,0.000000
2025-03-20,1592.000000,1631.900024,1592.000000,1615.550049,1535.877808,7186750,0.000000,0.000000
2025-03-21,1577.949951,1603.900024,1563.650024,1592.550049,1514.011963,10074677,0.000000,0.000000
2025-03-24,1597.949951,1607.099976,1572.699951,1592.750000,1514.202148,8857726,0.000000,0.000000
2025-03-25,1605.000000,1636.150024,1605.000000,1628.449951,1548.141357,9890140,0.000000,0.000000
2025-03-26,1626.000000,1637.750000,1595.000000,1599.449951,1520.571655,6651302,0.000000,0.000000
2025-03-27,1595.550049,1619.949951,1586.000000,1603.550049,1524.469482,9426573,0.000000,0.000000
2025-03-28,1590.000000,1598.449951,1560.000000,1570.650024,1493.192017,6799047,0.000000,0.000000
2025-04-01,1539.250000,1547.400024,1517.849976,1526.500000,1451.219238,12680733,0.000000,0.000000
2025-04-02,1535.199951,1555.650024,1535.199951,1550.150024,1473.703003,6193478,0.000000,0.000000
2025-04-03,1534.650024,1534.650024,1485.050049,1496.500000,1422.698608,10459504,0.000000,0.000000
2025-04-04,1460.500000,1472.000000,1448.000000,1451.650024,1380.060547,9590254,0.000000,0.000000
2025-04-07,1352.000000,1405.900024,1307.000000,1396.750000,1327.868042,21715252,0.000000,0.000000
2025-04-08,1431.000000,1456.500000,1415.000000,1428.800049,1358.337524,12805001,0.000000,0.000000
2025-04-09,1405.050049,1409.449951,1381.900024,1403.699951,1334.475220,8546854,0.000000,0.000000
2025-04-11,1411.250000,1438.800049,1397.050049,1409.449951,1339.941772,12567440,0.000000,0.000000
2025-04-15,1445.599976,1447.699951,1409.000000,1426.000000,1355.675537,10178530,0.000000,0.000000
2025-04-16,1425.000000,1427.500000,1396.800049,1413.099976,1343.411743,12022740,0.000000,0.000000
2025-04-17,1398.000000,1429.800049,1378.300049,1419.500000,1349.495972,14264227,0.000000,0.000000
2025-04-21,1410.000000,1471.800049,1410.000000,1451.000000,1379.442627,15648970,0.000000,0.000000
2025-04-22,1440.000000,1440.000000,1419.300049,1422.800049,1352.633423,9399738,0.000000,0.000000
2025-04-23,1446.000000,1487.800049,1439.599976,1474.900024,1402.163940,11136642,0.000000,0.000000
2025-04-24,1469.900024,1482.900024,1461.500000,1471.400024,1398.836548,7114292,0.000000,0.000000
2025-04-25,1475.500000,1501.699951,1463.500000,1480.199951,1407.202515,8329979,0.000000,0.000000
2025-04-28,1480.199951,1489.599976,1465.300049,1482.099976,1409.008789,5886253,0.000000,0.000000
2025-04-29,1482.000000,1509.800049,1474.099976,1497.500000,1423.649536,8056743,0.000000,0.000000
2025-04-30,1496.800049,1508.800049,1482.599976,1500.099976,1426.121216,7704183,0.000000,0.000000
2025-05-02,1499.699951,1523.199951,1496.199951,1506.900024,1432.585938,7402310,0.000000,0.000000
2025-05-05,1515.000000,1523.000000,1502.800049,1508.599976,1434.202026,4282493,0.000000,0.000000
2025-05-06,1506.000000,1515.599976,1499.099976,1511.500000,1436.958862,4270530,0.000000,0.000000
2025-05-07,1500.000000,1518.800049,1496.599976,1508.300049,1433.916870,5691799,0.000000,0.000000
2025-05-08,1508.000000,1516.500000,1501.199951,1511.400024,1436.864014,8424409,0.000000,0.000000
2025-05-09,1500.699951,1511.400024,1494.099976,1507.599976,1433.251343,4478653,0.000000,0.000000
2025-05-12,1537.000000,1632.000000,1532.000000,1626.900024,1546.667969,11372857,0.000000,0.000000
2025-05-13,1609.000000,1612.199951,1564.599976,1568.599976,1491.243042,12846210,0.000000,0.000000
2025-05-14,1574.000000,1595.000000,1569.500000,1592.400024,1513.869385,4870057,0.000000,0.000000
2025-05-15,1589.800049,1618.599976,1571.000000,1613.000000,1533.453369,11151167,0.000000,0.000000
2025-05-16,1612.599976,1612.599976,1581.500000,1589.900024,1511.492676,4576751,0.000000,0.000000
2025-05-19,1576.500000,1585.000000,1555.699951,1559.800049,1482.877075,8855798,0.000000,0.000000
2025-05-20,1570.000000,1583.500000,1558.000000,1560.599976,1483.637573,7143998,0.000000,0.000000
2025-05-21,1567.900024,1571.000000,1552.099976,1568.500000,1491.147949,4157309,0.000000,0.000000
2025-05-22,1555.500000,1560.800049,1540.000000,1547.500000,1471.183472,6158990,0.000000,0.000000
2025-05-23,1550.000000,1587.199951,1550.000000,1564.800049,1487.630493,5038421,0.000000,0.000000
2025-05-26,1566.599976,1583.800049,1562.699951,1580.500000,1502.556152,3170102,0.000000,0.000000
2025-05-27,1579.900024,1582.900024,1556.400024,1570.099976,1492.669189,7775714,0.000000,0.000000
2025-05-28,1581.000000,1587.699951,1570.000000,1571.800049,1494.285278,3623370,0.000000,0.000000
2025-05-29,1589.000000,1608.900024,1576.599976,1585.599976,1507.404785,8609500,0.000000,0.000000
2025-05-30,1571.000000,1572.000000,1555.099976,1562.699951,1506.536987,13148092,22.000000,0.000000
2025-06-02,1560.000000,1560.000000,1539.000000,1553.800049,1497.956909,4374509,0.000000,0.000000
2025-06-03,1559.000000,1567.300049,1535.599976,1543.000000,1487.545044,6853403,0.000000,0.000000
2025-06-04,1543.000000,1557.300049,1541.400024,1551.199951,1495.450317,4548307,0.000000,0.000000
2025-06-05,1547.900024,1567.699951,1541.599976,1554.300049,1498.438965,6948539,0.000000,0.000000
2025-06-06,1554.699951,1568.900024,1543.099976,1563.800049,1507.597534,3960020,0.000000,0.000000
2025-06-09,1578.000000,1588.000000,1571.000000,1572.900024,1516.370483,2903202,0.000000,0.000000
2025-06-10,1584.000000,1607.500000,1577.500000,1596.000000,1538.640259,8591925,0.000000,0.000000
2025-06-11,1590.099976,1634.599976,1590.099976,1631.099976,1572.478760,10597410,0.000000,0.000000
2025-06-12,1617.000000,1628.000000,1598.099976,1608.599976,1550.787354,10483574,0.000000,0.000000
2025-06-13,1576.000000,1609.000000,1570.199951,1602.000000,1544.424561,6968315,0.000000,0.000000
2025-06-16,1600.000000,1634.800049,1597.099976,1623.800049,1565.441162,5591842,0.000000,0.000000
2025-06-17,1620.699951,1647.400024,1615.599976,1639.900024,1580.962524,7622083,0.000000,0.000000
2025-06-18,1621.000000,1644.699951,1621.000000,1632.900024,1574.214111,5629707,0.000000,0.000000
2025-06-19,1623.900024,1630.000000,1611.500000,1618.400024,1560.235229,5147760,0.000000,0.000000
2025-06-20,1619.000000,1630.699951,1608.900024,1622.900024,1564.573486,9202821,0.000000,0.000000
2025-06-23,1601.000000,1601.000000,1575.400024,1584.000000,1527.071533,7943676,0.000000,0.000000
2025-06-24,1601.000000,1609.000000,1576.599976,1581.599976,1524.757690,8083992,0.000000,0.000000
2025-06-25,1590.000000,1619.900024,1585.099976,1614.900024,1556.860962,7813533,0.000000,0.000000
2025-06-26,1608.800049,1624.000000,1606.599976,1616.000000,1557.921387,6519233,0.000000,0.000000
2025-06-27,1619.000000,1629.599976,1602.400024,1608.000000,1550.208984,8912268,0.000000,0.000000
2025-06-30,1615.000000,1615.000000,1594.099976,1601.800049,1544.231812,6294505,0.000000,0.000000
2025-07-01,1609.000000,1617.699951,1600.500000,1606.800049,1549.052246,4178937,0.000000,0.000000
2025-07-02,1618.000000,1649.000000,1603.400024,1610.500000,1552.619141,8653641,0.000000,0.000000
2025-07-03,1618.500000,1632.400024,1615.000000,1618.699951,1560.524414,5259695,0.000000,0.000000
2025-07-04,1625.000000,1643.400024,1612.300049,1640.699951,1581.733643,4411273,0.000000,0.000000
2025-07-07,1640.000000,1644.000000,1623.000000,1627.000000,1568.526245,3294523,0.000000,0.000000
2025-07-08,1628.000000,1646.199951,1621.500000,1638.699951,1579.805542,4590681,0.000000,0.000000
2025-07-09,1637.800049,1638.000000,1623.599976,1633.699951,1574.985352,4580828,0.000000,0.000000
2025-07-10,1638.900024,1638.900024,1607.099976,1615.800049,1557.728760,5330179,0.000000,0.000000
2025-07-11,1579.099976,1607.099976,1563.000000,1594.900024,1537.579712,11391755,0.000000,0.000000
2025-07-14,1591.800049,1591.800049,1559.800049,1570.300049,1513.863892,9173426,0.000000,0.000000
2025-07-15,1565.099976,1603.599976,1564.000000,1585.599976,1528.614014,7614807,0.000000,0.000000
2025-07-16,1579.000000,1612.000000,1578.500000,1607.900024,1550.112671,6223491,0.000000,0.000000
2025-07-17,1598.000000,1610.000000,1580.099976,1583.500000,1526.589600,7374814,0.000000,0.000000
2025-07-18,1592.099976,1599.300049,1580.000000,1586.099976,1529.095947,5161833,0.000000,0.000000
2025-07-21,1580.000000,1589.000000,1566.800049,1584.300049,1527.360840,3682661,0.000000,0.000000
2025-07-22,1565.000000,1585.800049,1565.000000,1570.900024,1514.442383,8473741,0.000000,0.000000
2025-07-23,1576.300049,1591.900024,1550.000000,1574.500000,1517.912964,8035026,0.000000,0.000000
2025-07-24,1580.000000,1582.000000,1548.199951,1552.500000,1496.703613,14169664,0.000000,0.000000
2025-07-25,1543.400024,1549.500000,1511.300049,1515.699951,1461.226196,10851259,0.000000,0.000000
2025-07-28,1513.900024,1519.300049,1482.500000,1516.000000,1461.515381,6439855,0.000000,0.000000
2025-07-29,1512.900024,1517.199951,1496.099976,1513.699951,1459.297974,7070448,0.000000,0.000000
2025-07-30,1519.900024,1521.699951,1506.000000,1519.000000,1464.407715,5719051,0.000000,0.000000
2025-07-31,1509.699951,1527.099976,1497.000000,1509.000000,1454.767090,6851407,0.000000,0.000000
2025-08-01,1493.900024,1498.699951,1465.500000,1469.599976,1416.782959,8702978,0.000000,0.000000
2025-08-04,1461.500000,1482.800049,1451.000000,1480.500000,1427.291260,8610216,0.000000,0.000000
2025-08-05,1478.699951,1478.699951,1455.000000,1460.300049,1407.817261,10213323,0.000000,0.000000
2025-08-06,1452.000000,1456.099976,1430.300049,1436.699951,1385.065430,10566934,0.000000,0.000000
2025-08-07,1430.000000,1442.000000,1414.199951,1436.900024,1385.258179,9892020,0.000000,0.000000
2025-08-08,1425.000000,1433.199951,1417.099976,1423.099976,1371.954224,10048009,0.000000,0.000000
2025-08-11,1419.900024,1433.400024,1414.000000,1428.199951,1376.870850,6625368,0.000000,0.000000
2025-08-12,1428.199951,1441.000000,1421.000000,1424.099976,1372.918335,9899184,0.000000,0.000000
2025-08-13,1425.000000,1434.000000,1422.400024,1426.599976,1375.328491,10318063,0.000000,0.000000
2025-08-14,1426.199951,1470.000000,1426.199951,1447.699951,1395.670044,12902347,0.000000,0.000000
2025-08-18,1464.699951,1464.699951,1429.599976,1435.800049,1384.197754,7254561,0.000000,0.000000
2025-08-19,1432.699951,1449.400024,1432.699951,1440.000000,1388.246948,3986094,0.000000,0.000000
2025-08-20,1440.699951,1499.000000,1440.699951,1496.199951,1442.427002,10413061,0.000000,0.000000
2025-08-21,1508.000000,1508.000000,1484.300049,1496.400024,1442.619873,6565539,0.000000,0.000000
2025-08-22,1498.099976,1504.300049,1486.099976,1487.500000,1434.039673,5543397,0.000000,0.000000
2025-08-25,1506.699951,1539.000000,1506.699951,1532.099976,1477.036743,10694531,0.000000,0.000000
2025-08-26,1523.000000,1538.400024,1518.599976,1529.599976,1474.626587,15994798,0.000000,0.000000
2025-08-28,1529.599976,1529.599976,1498.000000,1500.099976,1446.186890,5443364,0.000000,0.000000
2025-08-29,1501.900024,1501.900024,1467.699951,1469.599976,1416.782959,8169075,0.000000,0.000000
2025-09-01,1476.699951,1503.400024,1476.199951,1499.400024,1445.512085,4546057,0.000000,0.000000
2025-09-02,1499.400024,1512.800049,1486.300049,1498.699951,1444.837158,5218763,0.000000,0.000000
2025-09-03,1500.000000,1501.900024,1473.000000,1479.099976,1425.941528,4623483,0.000000,0.000000
2025-09-04,1484.000000,1484.000000,1460.099976,1463.000000,1410.420288,5787724,0.000000,0.000000
2025-09-05,1470.000000,1472.699951,1433.000000,1444.599976,1392.681396,5466487,0.000000,0.000000
2025-09-08,1451.000000,1458.000000,1428.300049,1432.900024,1381.402100,3811567,0.000000,0.000000
2025-09-09,1481.000000,1507.199951,1472.500000,1504.300049,1450.235962,13072640,0.000000,0.000000
2025-09-10,1510.099976,1534.900024,1509.300049,1532.599976,1477.518799,7281071,0.000000,0.000000
2025-09-11,1523.900024,1527.500000,1506.500000,1509.699951,1455.441772,8003662,0.000000,0.000000
2025-09-12,1537.000000,1542.900024,1521.099976,1525.599976,1470.770386,12856963,0.000000,0.000000
2025-09-15,1525.599976,1527.500000,1501.199951,1508.400024,1454.188599,6167414,0.000000,0.000000
2025-09-16,1508.400024,1514.000000,1503.500000,1511.300049,1456.984497,8923112,0.000000,0.000000
2025-09-17,1516.900024,1526.699951,1514.000000,1522.400024,1467.685547,4795698,0.000000,0.000000
2025-09-18,1550.000000,1555.000000,1538.500000,1540.599976,1485.231323,9331945,0.000000,0.000000
2025-09-19,1544.599976,1551.300049,1520.099976,1540.199951,1484.845703,12988129,0.000000,0.000000
2025-09-22,1482.699951,1514.699951,1482.000000,1499.500000,1445.608398,15655204,0.000000,0.000000
2025-09-23,1493.000000,1513.000000,1493.000000,1497.500000,1443.680298,9832164,0.000000,0.000000
2025-09-24,1487.199951,1496.699951,1482.699951,1494.599976,1440.884521,4937004,0.000000,0.000000
2025-09-25,1489.000000,1502.699951,1476.500000,1484.800049,1431.436768,9491867,0.000000,0.000000
2025-09-26,1475.000000,1478.699951,1441.199951,1448.900024,1396.827026,8597058,0.000000,0.000000
2025-09-29,1460.000000,1465.000000,1436.500000,1441.800049,1389.982178,10513117,0.000000,0.000000
2025-09-30,1443.000000,1452.199951,1438.099976,1441.800049,1389.982178,7556305,0.000000,0.000000
2025-10-01,1446.000000,1449.500000,1427.400024,1445.800049,1393.838379,6250692,0.000000,0.000000
2025-10-03,1439.000000,1448.300049,1433.199951,1446.599976,1394.609619,6877533,0.000000,0.000000
2025-10-06,1446.599976,1478.800049,1442.300049,1476.000000,1422.953003,4630590,0.000000,0.000000
2025-10-07,1477.699951,1482.900024,1454.000000,1458.500000,1406.081909,5570320,0.000000,0.000000
2025-10-08,1457.000000,1498.000000,1455.000000,1495.000000,1441.270142,4657192,0.000000,0.000000
2025-10-09,1502.000000,1514.000000,1487.000000,1509.300049,1455.056274,7028753,0.000000,0.000000
2025-10-10,1510.000000,1521.699951,1498.800049,1514.900024,1460.454956,3738353,0.000000,0.000000
2025-10-13,1497.000000,1504.699951,1483.400024,1493.199951,1439.534790,5859355,0.000000,0.000000
2025-10-14,1499.000000,1514.400024,1486.500000,1489.900024,1436.353516,5600789,0.000000,0.000000
2025-10-15,1483.900024,1488.599976,1467.500000,1474.400024,1421.410645,6986098,0.000000,0.000000
2025-10-16,1473.900024,1474.500000,1460.500000,1471.500000,1418.614746,8005748,0.000000,0.000000
2025-10-17,1454.900024,1458.400024,1434.000000,1441.099976,1389.307373,16959378,0.000000,0.000000
2025-10-20,1453.699951,1467.000000,1450.000000,1460.900024,1408.395752,6994246,0.000000,0.000000
2025-10-21,1478.000000,1486.000000,1470.000000,1472.400024,1419.482422,1698704,0.000000,0.000000
2025-10-23,1510.000000,1546.000000,1506.000000,1528.500000,1473.566162,20358624,0.000000,0.000000
2025-10-24,1539.500000,1543.000000,1518.000000,1525.400024,1470.577637,8652257,0.000000,0.000000
2025-10-27,1510.000000,1515.300049,1498.099976,1504.500000,1472.633057,7273211,23.000000,0.000000
2025-10-28,1499.699951,1506.500000,1490.500000,1500.199951,1468.424194,8211019,0.000000,0.000000
2025-10-29,1500.199951,1520.199951,1496.900024,1510.400024,1478.408203,4884976,0.000000,0.000000
2025-10-30,1507.000000,1508.199951,1489.099976,1493.800049,1462.159790,5608867,0.000000,0.000000
2025-10-31,1490.000000,1497.099976,1480.699951,1482.300049,1450.903442,4819814,0.000000,0.000000
2025-11-03,1482.300049,1491.400024,1474.199951,1485.500000,1454.035522,5470600,0.000000,0.000000
2025-11-04,1479.699951,1481.900024,1462.900024,1467.900024,1436.808350,8691330,0.000000,0.000000
2025-11-06,1478.599976,1483.000000,1461.900024,1466.699951,1435.633667,7944752,0.000000,0.000000
2025-11-07,1470.000000,1480.900024,1449.099976,1476.800049,1445.519897,8765759,0.000000,0.000000
2025-11-10,1490.099976,1520.000000,1490.000000,1513.500000,1481.442505,9787975,0.000000,0.000000
2025-11-11,1525.000000,1533.400024,1511.099976,1530.300049,1497.886719,13692989,0.000000,0.000000
2025-11-12,1540.000000,1559.199951,1538.099976,1551.699951,1518.833374,14635417,0.000000,0.000000
2025-11-13,1557.099976,1557.500000,1530.300049,1541.800049,1509.143066,19655689,0.000000,0.000000
2025-11-14,1520.000000,1530.000000,1488.800049,1502.800049,1470.969116,9739549,0.000000,0.000000
2025-11-17,1496.000000,1510.199951,1492.500000,1507.599976,1475.667480,7910354,0.000000,0.000000
2025-11-18,1506.000000,1506.000000,1483.199951,1486.400024,1454.916504,7525119,0.000000,0.000000
2025-11-19,1490.500000,1543.000000,1490.500000,1541.099976,1508.457886,10981126,0.000000,0.000000
2025-11-20,1555.000000,1555.000000,1534.000000,1536.500000,1503.955322,7387584,0.000000,0.000000
2025-11-21,1531.000000,1551.500000,1526.300049,1545.000000,1512.275269,9186302,0.000000,0.000000
2025-11-24,1563.599976,1585.000000,1541.000000,1548.000000,1515.211792,19270381,0.000000,0.000000
2025-11-25,1549.000000,1550.599976,1525.900024,1530.599976,1498.180298,8107952,0.000000,0.000000
2025-11-26,1532.099976,1560.300049,1532.099976,1557.900024,1524.902100,7575038,0.000000,0.000000
2025-11-27,1564.000000,1574.300049,1552.199951,1566.400024,1533.222046,7552252,0.000000,0.000000
2025-11-28,1565.000000,1568.400024,1557.000000,1560.099976,1527.055420,4453221,0.000000,0.000000
2025-12-01,1562.500000,1574.000000,1556.000000,1564.000000,1530.872803,5341800,0.000000,0.000000
2025-12-02,1567.000000,1579.900024,1556.099976,1561.000000,1527.936401,6335969,0.000000,0.000000
2025-12-03,1555.099976,1586.000000,1554.099976,1578.699951,1545.261475,12895312,0.000000,0.000000
2025-12-04,1568.000000,1599.000000,1568.000000,1597.599976,1563.761108,12609619,0.000000,0.000000
2025-12-05,1610.000000,1631.800049,1600.000000,1616.199951,1581.967163,10344725,0.000000,0.000000
2025-12-08,1617.099976,1630.000000,1600.199951,1610.800049,1576.681641,7550413,0.000000,0.000000
2025-12-09,1601.199951,1606.900024,1582.400024,1599.000000,1565.131470,6957599,0.000000,0.000000
2025-12-10,1608.000000,1608.000000,1582.800049,1584.800049,1551.232300,5116140,0.000000,0.000000
2025-12-11,1598.000000,1607.400024,1580.500000,1598.000000,1564.152710,5159319,0.000000,0.000000
2025-12-12,1601.400024,1601.800049,1582.599976,1598.199951,1564.348389,4633912,0.000000,0.000000
2025-12-15,1585.000000,1610.800049,1585.000000,1606.800049,1572.766357,4190558,0.000000,0.000000
2025-12-16,1600.000000,1603.000000,1585.599976,1592.900024,1559.160767,5499258,0.000000,0.000000
2025-12-17,1587.199951,1606.900024,1586.000000,1602.000000,1568.067993,4817628,0.000000,0.000000
2025-12-18,1610.500000,1630.000000,1606.699951,1626.800049,1592.342773,6577293,0.000000,0.000000
2025-12-19,1650.000000,1654.900024,1629.800049,1638.699951,1603.990601,13149023,0.000000,0.000000
2025-12-22,1664.000000,1693.199951,1664.000000,1689.599976,1653.812500,23098923,0.000000,0.000000
2025-12-23,1679.000000,1679.000000,1656.400024,1668.300049,1632.963745,6593060,0.000000,0.000000
2025-12-24,1661.000000,1667.599976,1652.500000,1663.400024,1628.167480,4271167,0.000000,0.000000
2025-12-26,1663.400024,1668.800049,1651.699951,1656.099976,1621.022095,2006491,0.000000,0.000000
2025-12-29,1658.000000,1673.099976,1637.099976,1644.699951,1609.863525,4062817,0.000000,0.000000
2025-12-30,1647.000000,1647.900024,1616.800049,1621.599976,1587.252808,9395937,0.000000,0.000000
2025-12-31,1621.000000,1628.599976,1609.199951,1615.400024,1581.184204,6538656,0.000000,0.000000
2026-01-01,1615.400024,1639.599976,1614.099976,1629.800049,1595.279175,3658165,0.000000,0.000000
2026-01-02,1635.900024,1643.500000,1627.500000,1640.400024,1605.654663,2524526,0.000000,0.000000
2026-01-05,1637.000000,1637.000000,1583.099976,1606.400024,1572.374756,5917885,0.000000,0.000000
2026-01-06,1600.099976,1619.900024,1599.000000,1612.199951,1578.051880,4466729,0.000000,0.000000
2026-01-07,1615.000000,1642.000000,1615.000000,1639.000000,1604.284302,4508079,0.000000,0.000000
2026-01-08,1638.900024,1644.300049,1608.599976,1613.300049,1579.128662,3942131,0.000000,0.000000
2026-01-09,1610.000000,1631.300049,1607.000000,1614.099976,1579.911621,6816681,0.000000,0.000000
2026-01-12,1610.099976,1613.300049,1592.599976,1595.900024,1562.097168,6985362,0.000000,0.000000
2026-01-13,1618.000000,1618.000000,1586.400024,1599.000000,1565.131470,8080618,0.000000,0.000000
2026-01-14,1588.000000,1617.000000,1583.099976,1599.800049,1565.914551,7557157,0.000000,0.000000
2026-01-15,1599.800049,1599.800049,1599.800049,1599.800049,1565.914551,0,0.000000,0.000000
2026-01-16,1663.699951,1694.000000,1653.400024,1689.800049,1654.008301,19335957,0.000000,0.000000
2026-01-19,1685.000000,1685.000000,1666.500000,1681.199951,1645.590332,5104958,0.000000,0.000000
2026-01-20,1673.000000,1680.199951,1652.900024,1658.900024,1623.762817,6406503,0.000000,0.000000
2026-01-21,1651.000000,1657.000000,1631.199951,1654.400024,1619.358154,6224582,0.000000,0.000000
2026-01-22,1666.000000,1671.199951,1653.800049,1663.500000,1628.265381,6228892,0.000000,0.000000
2026-01-23,1667.199951,1675.699951,1662.199951,1670.800049,1635.410767,5869137,0.000000,0.000000
2026-01-27,1685.800049,1689.400024,1661.099976,1682.699951,1647.058594,10673087,0.000000,0.000000
2026-01-28,1680.000000,1688.800049,1650.000000,1666.500000,1631.201782,8588664,0.000000,0.000000
2026-01-29,1658.000000,1666.500000,1642.099976,1659.500000,1624.350098,4749582,0.000000,0.000000
2026-01-30,1655.000000,1655.000000,1618.099976,1641.000000,1606.241943,9207926,0.000000,0.000000
2026-02-02,1662.000000,1662.000000,1618.000000,1629.400024,1594.887573,6784887,0.000000,0.000000
2026-02-03,1727.199951,1728.000000,1653.000000,1656.000000,1620.924194,8805868,0.000000,0.000000
2026-02-04,1574.000000,1584.900024,1510.099976,1535.800049,1503.270142,28828622,0.000000,0.000000
2026-02-05,1534.000000,1551.000000,1515.699951,1520.199951,1488.000488,10628127,0.000000,0.000000
2026-02-06,1522.099976,1525.000000,1480.000000,1507.099976,1475.177979,13900866,0.000000,0.000000
2026-02-09,1522.099976,1528.000000,1493.000000,1497.199951,1465.487671,8294615,0.000000,0.000000
2026-02-10,1500.000000,1515.900024,1491.000000,1497.800049,1466.075073,8657000,0.000000,0.000000
2026-02-11,1501.199951,1505.900024,1469.000000,1471.900024,1440.723633,7934411,0.000000,0.000000
2026-02-12,1428.900024,1435.699951,1380.500000,1386.000000,1356.643066,26048896,0.000000,0.000000
2026-02-13,1293.900024,1377.300049,1281.500000,1369.099976,1340.100952,45785709,0.000000,0.000000
2026-02-16,1373.699951,1376.000000,1338.300049,1365.599976,1336.675171,14621891,0.000000,0.000000
2026-02-17,1370.000000,1431.000000,1367.000000,1391.199951,1361.732910,25347684,0.000000,0.000000
2026-02-18,1390.900024,1401.000000,1345.300049,1373.699951,1344.603516,20241373,0.000000,0.000000
2026-02-19,1385.000000,1402.000000,1363.199951,1370.500000,1341.471436,14574228,0.000000,0.000000
2026-02-20,1359.199951,1365.000000,1338.199951,1353.199951,1324.537720,12633552,0.000000,0.000000
2026-02-23,1352.000000,1352.000000,1318.000000,1327.500000,1299.382202,12887826,0.000000,0.000000
2026-02-24,1301.000000,1303.599976,1264.099976,1275.500000,1248.483521,27839061,0.000000,0.000000
2026-02-25,1286.199951,1323.599976,1286.199951,1290.099976,1262.774292,16669618,0.000000,0.000000
2026-02-26,1305.500000,1314.000000,1286.300049,1289.099976,1261.795532,11493914,0.000000,0.000000
2026-02-27,1326.300049,1335.000000,1294.199951,1300.099976,1272.562500,23141724,0.000000,0.000000
2026-03-02,1291.000000,1298.800049,1273.000000,1288.900024,1261.599731,9700361,0.000000,0.000000
2026-03-04,1292.000000,1317.000000,1292.000000,1307.400024,1279.707886,15154950,0.000000,0.000000
2026-03-05,1320.000000,1320.000000,1290.099976,1305.800049,1278.141846,10362147,0.000000,0.000000
2026-03-06,1303.000000,1327.199951,1303.000000,1308.400024,1280.686768,8724291,0.000000,0.000000
2026-03-09,1290.000000,1318.000000,1282.500000,1315.000000,1287.146973,10068514,0.000000,0.000000
2026-03-10,1320.000000,1321.000000,1284.099976,1295.599976,1268.157837,9600171,0.000000,0.000000
2026-03-11,1288.000000,1299.500000,1271.300049,1276.300049,1249.266724,7868891,0.000000,0.000000
2026-03-12,1272.500000,1278.599976,1258.000000,1265.800049,1238.989136,7599940,0.000000,0.000000
2026-03-13,1251.000000,1269.599976,1242.599976,1248.300049,1221.859741,7366098,0.000000,0.000000
2026-03-16,1240.199951,1254.300049,1224.199951,1249.800049,1223.328003,12314450,0.000000,0.000000
2026-03-17,1245.000000,1245.000000,1215.099976,1232.900024,1206.785889,11223276,0.000000,0.000000
2026-03-18,1238.000000,1290.800049,1234.900024,1267.099976,1240.261475,12365381,0.000000,0.000000
2026-03-19,1244.199951,1255.000000,1215.099976,1220.800049,1194.942261,9156461,0.000000,0.000000
2026-03-20,1242.000000,1264.800049,1229.199951,1255.900024,1229.298706,27299975,0.000000,0.000000
2026-03-23,1238.199951,1261.099976,1227.400024,1256.800049,1230.179688,12420293,0.000000,0.000000
2026-03-24,1269.000000,1297.000000,1251.000000,1278.300049,1251.224365,13613495,0.000000,0.000000
2026-03-25,1270.000000,1290.599976,1257.099976,1279.099976,1252.007324,10824030,0.000000,0.000000
2026-03-27,1285.199951,1294.800049,1263.199951,1269.699951,1242.806396,13092541,0.000000,0.000000
2026-03-30,1250.000000,1265.500000,1243.000000,1250.599976,1224.110962,14108486,0.000000,0.000000
2026-04-01,1290.000000,1303.000000,1269.500000,1275.699951,1248.679321,8137156,0.000000,0.000000
2026-04-02,1260.000000,1305.400024,1259.800049,1300.800049,1273.247803,12873492,0.000000,0.000000
2026-04-06,1301.400024,1320.000000,1299.000000,1306.199951,1278.533325,10208682,0.000000,0.000000
2026-04-07,1302.000000,1345.099976,1293.500000,1339.400024,1311.030151,15355792,0.000000,0.000000
2026-04-08,1349.000000,1376.900024,1331.000000,1346.199951,1317.686035,16030133,0.000000,0.000000
2026-04-09,1329.900024,1337.500000,1314.000000,1331.599976,1303.395264,14894607,0.000000,0.000000
2026-04-10,1318.000000,1318.900024,1283.300049,1292.500000,1265.123535,19233369,0.000000,0.000000
2026-04-13,1272.000000,1289.000000,1265.699951,1276.800049,1249.756104,10366082,0.000000,0.000000
2026-04-15,1306.300049,1322.500000,1300.500000,1305.300049,1277.652466,12098912,0.000000,0.000000
2026-04-16,1322.099976,1331.000000,1309.000000,1319.199951,1291.257935,18527029,0.000000,0.000000
2026-04-17,1313.000000,1328.300049,1306.099976,1318.699951,1290.768555,12064048,0.000000,0.000000
2026-04-20,1320.000000,1324.900024,1308.099976,1312.599976,1284.797729,7172300,0.000000,0.000000
2026-04-21,1310.000000,1325.000000,1299.300049,1313.199951,1285.385010,10057440,0.000000,0.000000
2026-04-22,1295.000000,1297.699951,1255.900024,1268.599976,1241.729736,20088378,0.000000,0.000000
2026-04-23,1254.000000,1265.699951,1226.000000,1240.599976,1214.322754,14792854,0.000000,0.000000
2026-04-24,1200.000000,1223.900024,1152.199951,1154.599976,1130.144287,42078914,0.000000,0.000000
2026-04-27,1154.599976,1179.900024,1154.500000,1170.300049,1145.511841,19579883,0.000000,0.000000
2026-04-28,1162.699951,1169.400024,1149.800049,1152.099976,1127.697266,12720276,0.000000,0.000000
2026-04-29,1158.500000,1178.199951,1156.800049,1167.500000,1142.771118,8303109,0.000000,0.000000
2026-04-30,1167.500000,1189.800049,1159.599976,1181.800049,1156.768311,12205669,0.000000,0.000000
2026-05-01,1181.800049,1181.800049,1181.800049,1181.800049,1156.768311,0,0.000000,0.000000
2026-05-04,1195.000000,1195.000000,1165.199951,1168.400024,1143.652100,7735811,0.000000,0.000000
2026-05-05,1169.500000,1185.199951,1160.099976,1178.099976,1153.146606,8164108,0.000000,0.000000
2026-05-06,1187.000000,1191.500000,1164.099976,1167.199951,1142.477417,9856963,0.000000,0.000000
2026-05-07,1173.000000,1175.400024,1159.199951,1162.699951,1138.072754,12013987,0.000000,0.000000
2026-05-08,1161.000000,1183.500000,1158.800049,1179.199951,1154.223267,7582770,0.000000,0.000000
2026-05-11,1176.000000,1187.000000,1172.099976,1177.000000,1152.069946,7336288,0.000000,0.000000
2026-05-12,1162.000000,1162.000000,1123.000000,1140.300049,1116.147339,16891948,0.000000,0.000000
2026-05-13,1136.599976,1142.599976,1121.000000,1123.099976,1099.311523,6664111,0.000000,0.000000
2026-05-14,1119.800049,1121.900024,1089.000000,1095.000000,1071.806763,16914842,0.000000,0.000000
2026-05-15,1102.000000,1133.199951,1101.599976,1119.000000,1095.298462,17482450,0.000000,0.000000
2026-05-18,1119.000000,1146.099976,1118.000000,1142.500000,1118.300659,12096377,0.000000,0.000000
2026-05-19,1162.000000,1198.400024,1162.000000,1196.900024,1171.548462,32175705,0.000000,0.000000
2026-05-20,1187.000000,1206.900024,1184.900024,1193.699951,1168.416138,15121010,0.000000,0.000000
2026-05-21,1196.099976,1201.800049,1177.000000,1181.199951,1156.180908,10021033,0.000000,0.000000
2026-05-22,1182.500000,1191.800049,1172.500000,1174.500000,1149.622803,8803066,0.000000,0.000000
2026-05-25,1183.000000,1185.000000,1166.099976,1168.500000,1143.750000,5856136,0.000000,0.000000
2026-05-26,1166.300049,1180.699951,1162.900024,1167.699951,1142.966797,8005767,0.000000,0.000000
2026-05-27,1161.000000,1167.300049,1155.000000,1159.900024,1135.332153,6371871,0.000000,0.000000
2026-05-28,1159.900024,1159.900024,1159.900024,1159.900024,1135.332153,0,0.000000,0.000000
2026-05-29,1182.000000,1210.000000,1153.599976,1160.900024,1136.310913,69085430,0.000000,0.000000
2026-06-01,1175.000000,1217.000000,1173.699951,1202.500000,1177.029785,19439331,0.000000,0.000000
2026-06-02,1232.500000,1278.900024,1232.500000,1270.800049,1243.883179,36032600,0.000000,0.000000
2026-06-03,1242.099976,1249.900024,1216.000000,1222.599976,1196.703979,18534303,0.000000,0.000000
2026-06-04,1208.000000,1215.199951,1196.199951,1201.300049,1175.855225,12755957,0.000000,0.000000
2026-06-05,1220.000000,1223.800049,1194.300049,1197.500000,1172.135742,8692290,0.000000,0.000000
2026-06-08,1177.500000,1200.699951,1176.500000,1187.599976,1162.445312,8631711,0.000000,0.000000
2026-06-09,1193.599976,1193.599976,1167.300049,1180.300049,1155.300049,10984054,0.000000,0.000000
2026-06-10,1160.099976,1171.400024,1143.300049,1145.300049,1145.300049,8887626,25.000000,0.000000
2026-06-11,1129.699951,1133.699951,1109.000000,1114.599976,1114.599976,9372176,0.000000,0.000000
2026-06-12,1120.000000,1123.300049,1111.500000,1116.400024,1116.400024,8075333,0.000000,0.000000
2026-06-15,1130.000000,1151.000000,1123.000000,1134.900024,1134.900024,7856192,0.000000,0.000000
2026-06-16,1136.900024,1153.800049,1123.199951,1143.599976,1143.599976,10456090,0.000000,0.000000
2026-06-17,1149.000000,1162.500000,1148.000000,1157.699951,1157.699951,5995119,0.000000,0.000000
2026-06-18,1142.900024,1142.900024,1125.300049,1127.500000,1127.500000,16781447,0.000000,0.000000
2026-06-19,1062.300049,1066.000000,1030.000000,1051.400024,1051.400024,45665442,0.000000,0.000000
2026-06-22,1055.000000,1080.300049,1055.000000,1065.400024,1065.400024,10178505,0.000000,0.000000
2026-06-23,1053.800049,1055.300049,1026.000000,1029.300049,1029.300049,19323064,0.000000,0.000000
2026-06-24,1040.900024,1065.500000,1037.699951,1056.599976,1056.599976,12346266,0.000000,0.000000
2026-06-25,1065.000000,1068.000000,1039.099976,1041.199951,1041.199951,15866779,0.000000,0.000000
2026-06-26,1041.199951,1041.199951,1041.199951,1041.199951,1041.199951,0,0.000000,0.000000
2026-06-29,1037.099976,1046.599976,1029.099976,1036.699951,1036.699951,15080892,0.000000,0.000000
2026-06-30,1030.000000,1030.400024,996.000000,1000.400024,1000.400024,24128263,0.000000,0.000000
2026-07-01,1006.000000,1014.000000,982.400024,985.299988,985.299988,13037982,0.000000,0.000000
2026-07-02,1006.400024,1045.000000,1006.000000,1040.900024,1040.900024,18741111,0.000000,0.000000
2026-07-03,1063.000000,1068.699951,1042.000000,1047.199951,1047.199951,11653534,0.000000,0.000000
2026-07-06,1050.099976,1053.000000,1033.000000,1042.199951,1042.199951,5559747,0.000000,0.000000
2026-07-07,1040.599976,1087.500000,1040.599976,1071.800049,1071.800049,18866296,0.000000,0.000000
2026-07-08,1071.900024,1079.699951,1064.400024,1069.300049,1069.300049,13022221,0.000000,0.000000
2026-07-09,1062.699951,1062.699951,1040.400024,1050.800049,1050.800049,9003333,0.000000,0.000000
2026-07-10,1075.000000,1091.300049,1064.699951,1068.000000,1068.000000,9747266,0.000000,0.000000
2026-07-13,1057.099976,1114.900024,1057.099976,1102.599976,1102.599976,20994760,0.000000,0.000000
2026-07-14,1107.800049,1113.500000,1090.000000,1092.900024,1092.900024,14819413,0.000000,0.000000
2026-07-15,1079.000000,1088.099976,1073.000000,1076.300049,1076.300049,8501933,0.000000,0.000000
2026-07-16,1082.500000,1097.300049,1077.900024,1082.400024,1082.400024,8592146,0.000000,0.000000
2026-07-17,1105.000000,1116.800049,1092.000000,1096.500000,1096.500000,12547728,0.000000,0.000000
2026-07-20,1102.000000,1103.800049,1083.199951,1087.099976,1087.099976,6372645,0.000000,0.000000
2026-07-21,1080.000000,1094.500000,1067.199951,1073.500000,1073.500000,9485229,0.000000,0.000000
2026-07-22,1064.000000,1069.300049,1046.199951,1052.099976,1052.099976,7517203,0.000000,0.000000
2026-07-23,1046.900024,1058.500000,1032.000000,1047.400024,1047.400024,13794578,0.000000,0.000000
2026-07-24,1028.000000,1043.400024,1013.900024,1040.900024,1040.900024,29036900,0.000000,0.000000
2026-07-27,1065.000000,1082.000000,1057.400024,1079.199951,1079.199951,15956349,0.000000,0.000000
2026-07-28,1097.000000,1118.500000,1097.000000,1105.699951,1105.699951,28100895,0.000000,0.000000
2026-07-29,1147.000000,1164.500000,1128.400024,1155.599976,1155.599976,34400369,0.000000,0.000000
2026-07-30,1168.000000,1187.699951,1151.300049,1155.099976,1155.099976,22630218,0.000000,0.000000
2026-07-31,1118.900024,1139.300049,1107.199951,1130.099976,1130.099976,14367075,0.000000,0.000000
2026-08-03,1145.099976,1180.000000,1138.099976,1180.000000,1180.000000,8582270,0.000000,0.000000
2026-08-04,1168.000000,1175.699951,1153.300049,1167.500000,1167.500000,9243589,0.000000,0.000000
2026-08-05,1174.699951,1177.500000,1162.300049,1174.000000,1174.000000,9964155,0.000000,0.000000
2026-08-06,1174.099976,1185.800049,1163.000000,1165.000000,1165.000000,8521064,0.000000,0.000000
2026-08-07,1160.000000,1183.000000,1155.599976,1175.099976,1175.099976,7581410,0.000000,0.000000
2026-08-10,1178.099976,1195.000000,1175.199951,1183.000000,1183.000000,9377001,0.000000,0.000000
2026-08-11,1188.000000,1193.500000,1182.000000,1190.699951,1190.699951,10160091,0.000000,0.000000
2026-08-12,1185.599976,1190.400024,1163.300049,1176.099976,1176.099976,7529777,0.000000,0.000000
2026-08-13,1170.000000,1175.000000,1157.000000,1175.000000,1175.000000,6234215,0.000000,0.000000
2026-08-14,1170.400024,1174.099976,1158.900024,1169.199951,1169.199951,5844763,0.000000,0.000000
2026-08-17,1163.900024,1166.500000,1129.699951,1139.900024,1139.900024,5817153,0.000000,0.000000
2026-08-18,1124.500000,1131.900024,1112.500000,1115.000000,1115.000000,8851110,0.000000,0.000000
2026-08-19,1125.599976,1134.699951,1113.800049,1119.800049,1119.800049,8408573,0.000000,0.000000
2026-08-20,1143.000000,1144.699951,1125.699951,1130.000000,1130.000000,8559841,0.000000,0.000000
2026-08-21,1133.000000,1133.500000,1118.000000,1121.000000,1121.000000,6094967,0.000000,0.000000
2026-08-24,1126.500000,1144.500000,1122.000000,1130.000000,1130.000000,8565354,0.000000,0.000000
2026-08-25,1132.000000,1144.000000,1119.900024,1144.000000,1144.000000,8121237,0.000000,0.000000
2026-08-26,1142.000000,1142.000000,1118.300049,1120.000000,1120.000000,6323984,0.000000,0.000000
2026-08-27,1120.000000,1130.699951,1107.199951,1110.800049,1110.800049,6933998,0.000000,0.000000
2026-08-28,1123.599976,1145.000000,1123.300049,1144.000000,1144.000000,9621969,0.000000,0.000000
2026-08-31,1138.599976,1143.900024,1111.099976,1133.800049,1133.800049,8808120,0.000000,0.000000
2026-09-01,1128.000000,1156.000000,1125.599976,1156.000000,1156.000000,13516123,0.000000,0.000000
2026-09-02,1137.699951,1147.800049,1118.599976,1140.000000,1140.000000,8564358,0.000000,0.000000
2026-09-03,1144.000000,1144.000000,1122.500000,1130.300049,1130.300049,5786250,0.000000,0.000000
2026-09-04,1133.000000,1146.699951,1125.400024,1130.000000,1130.000000,5881388,0.000000,0.000000
